This is pdfTeX, Version 3.141592653-2.6-1.40.29 (TeX Live 2026) (preloaded format=pdflatex 2026.3.22)  8 AUG 2026 03:39
entering extended mode
 restricted \write18 enabled.
 file:line:error style messages enabled.
 %&-line parsing enabled.
**/Users/alebeierbach/Documents/GitHub/Proyecto-Integrador-PI/Informe/main.tex
(/Users/alebeierbach/Documents/GitHub/Proyecto-Integrador-PI/Informe/main.tex
LaTeX2e <2025-11-01>
L3 programming layer <2026-01-19>
(/usr/local/texlive/2026/texmf-dist/tex/latex/base/report.cls
Document Class: report 2025/01/22 v1.4n Standard LaTeX document class
(/usr/local/texlive/2026/texmf-dist/tex/latex/base/size11.clo
File: size11.clo 2025/01/22 v1.4n Standard LaTeX file (size option)
)
\c@part=\count275
\c@chapter=\count276
\c@section=\count277
\c@subsection=\count278
\c@subsubsection=\count279
\c@paragraph=\count280
\c@subparagraph=\count281
\c@figure=\count282
\c@table=\count283
\abovecaptionskip=\skip49
\belowcaptionskip=\skip50
\bibindent=\dimen148
) (./preambulo.tex (/usr/local/texlive/2026/texmf-dist/tex/latex/base/inputenc.sty
Package: inputenc 2024/02/08 v1.3d Input encoding file
\inpenc@prehook=\toks17
\inpenc@posthook=\toks18
) (/usr/local/texlive/2026/texmf-dist/tex/latex/base/fontenc.sty
Package: fontenc 2025/07/18 v2.1d Standard LaTeX package
) (/usr/local/texlive/2026/texmf-dist/tex/generic/babel/babel.sty
Package: babel 2026/03/08 v26.4 The multilingual framework for LuaLaTeX, pdfLaTeX and XeLaTeX
\babel@savecnt=\count284
LaTeX Encoding Info:    Redeclaring text command \ij (encoding OT1) on input line 2078.
LaTeX Encoding Info:    Redeclaring text command \IJ (encoding OT1) on input line 2080.
LaTeX Encoding Info:    Redeclaring text command \ij (encoding T1) on input line 2082.
LaTeX Encoding Info:    Redeclaring text command \IJ (encoding T1) on input line 2083.
LaTeX Encoding Info:    Ignoring declaration for text command \ij (encoding ?) on input line 2084.
LaTeX Encoding Info:    Ignoring declaration for text command \IJ (encoding ?) on input line 2086.
LaTeX Encoding Info:    Ignoring declaration for text command \SS (encoding ?) on input line 2111.
\U@D=\dimen149
\l@unhyphenated=\language91
 (/usr/local/texlive/2026/texmf-dist/tex/generic/babel/txtbabel.def)
\bbl@readstream=\read2
\bbl@dirlevel=\count285
 (/usr/local/texlive/2026/texmf-dist/tex/generic/babel/locale/es/babel-spanish.tex)
Package babel Info: Importing font and identification data for spanish
(babel)             from babel-es.ini. Reported on input line 4330.
 (/usr/local/texlive/2026/texmf-dist/tex/generic/babel-spanish/spanish.ldf
Language: spanish.ldf 2021/05/27 v5.0q Spanish support from the babel system
\es@quottoks=\toks19
\es@quotdepth=\count286
Package babel Info: Making " an active character on input line 570.
Package babel Info: Making < an active character on input line 722.
Package babel Info: Making > an active character on input line 722.
))
LaTeX Encoding Info:    Redeclaring text command \guillemotleft (encoding OT1) on input line 5.
LaTeX Encoding Info:    Redeclaring text command \guillemotright (encoding OT1) on input line 5.
 (/usr/local/texlive/2026/texmf-dist/tex/latex/newtx/newtxtext.sty
Package: newtxtext 2024/04/01 v1.744(Michael Sharpe) latex and unicode latex support for TeXGyreTermesX
 `newtxtext' v1.744, 2024/04/01 Text macros taking advantage of TeXGyre Termes and its extensions (msharpe) (/usr/local/texlive/2026/texmf-dist/tex/latex/xpatch/xpatch.sty (/usr/local/texlive/2026/texmf-dist/tex/latex/l3kernel/expl3.sty
Package: expl3 2026-01-19 L3 programming layer (loader) 
 (/usr/local/texlive/2026/texmf-dist/tex/latex/l3backend/l3backend-pdftex.def
File: l3backend-pdftex.def 2025-10-09 L3 backend support: PDF output (pdfTeX)
\l__color_backend_stack_int=\count287
))
Package: xpatch 2020/03/25 v0.3a Extending etoolbox patching commands
 (/usr/local/texlive/2026/texmf-dist/tex/latex/l3packages/xparse/xparse.sty
Package: xparse 2025-10-09 L3 Experimental document command parser
) (/usr/local/texlive/2026/texmf-dist/tex/latex/etoolbox/etoolbox.sty
Package: etoolbox 2025/10/02 v2.5m e-TeX tools for LaTeX (JAW)
\etb@tempcnta=\count288
)) (/usr/local/texlive/2026/texmf-dist/tex/latex/xcolor/xcolor.sty
Package: xcolor 2024/09/29 v3.02 LaTeX color extensions (UK)
 (/usr/local/texlive/2026/texmf-dist/tex/latex/graphics-cfg/color.cfg
File: color.cfg 2016/01/02 v1.6 sample color configuration
)
Package xcolor Info: Driver file: pdftex.def on input line 274.
 (/usr/local/texlive/2026/texmf-dist/tex/latex/graphics-def/pdftex.def
File: pdftex.def 2025/09/29 v1.2d Graphics/color driver for pdftex
) (/usr/local/texlive/2026/texmf-dist/tex/latex/graphics/mathcolor.ltx)
Package xcolor Info: Model `cmy' substituted by `cmy0' on input line 1349.
Package xcolor Info: Model `hsb' substituted by `rgb' on input line 1353.
Package xcolor Info: Model `RGB' extended on input line 1365.
Package xcolor Info: Model `HTML' substituted by `rgb' on input line 1367.
Package xcolor Info: Model `Hsb' substituted by `hsb' on input line 1368.
Package xcolor Info: Model `tHsb' substituted by `hsb' on input line 1369.
Package xcolor Info: Model `HSB' substituted by `hsb' on input line 1370.
Package xcolor Info: Model `Gray' substituted by `gray' on input line 1371.
Package xcolor Info: Model `wave' substituted by `hsb' on input line 1372.
) (/usr/local/texlive/2026/texmf-dist/tex/generic/iftex/iftex.sty
Package: iftex 2024/12/12 v1.0g TeX engine tests
) (/usr/local/texlive/2026/texmf-dist/tex/latex/xkeyval/xkeyval.sty
Package: xkeyval 2025/11/04 v2.10 package option processing (HA)
 (/usr/local/texlive/2026/texmf-dist/tex/generic/xkeyval/xkeyval.tex (/usr/local/texlive/2026/texmf-dist/tex/generic/xkeyval/xkvutils.tex
\XKV@toks=\toks20
\XKV@tempa@toks=\toks21
\XKV@tempb@toks=\toks22
 (/usr/local/texlive/2026/texmf-dist/tex/generic/xkeyval/keyval.tex))
\XKV@depth=\count289
File: xkeyval.tex 2014/12/03 v2.7a key=value parser (HA)
)) (/usr/local/texlive/2026/texmf-dist/tex/latex/base/textcomp.sty
Package: textcomp 2024/04/24 v2.1b Standard LaTeX package
) (/usr/local/texlive/2026/texmf-dist/tex/generic/xstring/xstring.sty (/usr/local/texlive/2026/texmf-dist/tex/generic/xstring/xstring.tex
\xs_counta=\count290
\xs_countb=\count291
)
Package: xstring 2023/08/22 v1.86 String manipulations (CT)
) (/usr/local/texlive/2026/texmf-dist/tex/latex/base/ifthen.sty
Package: ifthen 2024/03/16 v1.1e Standard LaTeX ifthen package (DPC)
) (/usr/local/texlive/2026/texmf-dist/tex/latex/carlisle/scalefnt.sty)
LaTeX Font Info:    Setting ntxLF sub-encoding to TS1/0 on input line 24.
LaTeX Font Info:    Setting ntxTLF sub-encoding to TS1/0 on input line 24.
LaTeX Font Info:    Setting ntxOsF sub-encoding to TS1/0 on input line 24.
LaTeX Font Info:    Setting ntxTOsF sub-encoding to TS1/0 on input line 24.
 (/usr/local/texlive/2026/texmf-dist/tex/generic/kastrup/binhex.tex)
\ntx@tmpcnta=\count292
\ntx@cnt=\count293
 (/usr/local/texlive/2026/texmf-dist/tex/latex/fontaxes/fontaxes.sty
Package: fontaxes 2026-01-02 v2.0.2 Font selection axes (deprecated)
Applying: [2024-11-01] Use figureversions if present on input line 74.
 (/usr/local/texlive/2026/texmf-dist/tex/latex/figureversions/figureversions.sty
Package: figureversions 2025-04-29 v1.0.1 Figure versions
)
Already applied: [0000-00-00] Fall back to v1 on input line 76.
)
\tx@sixem=\dimen150
\tx@y=\dimen151
\tx@x=\dimen152
\tx@tmpdima=\dimen153
\tx@tmpdimb=\dimen154
\tx@tmpdimc=\dimen155
\tx@tmpdimd=\dimen156
\tx@tmpdime=\dimen157
\tx@tmpdimf=\dimen158
\tx@dimA=\dimen159
\tx@dimAA=\dimen160
\tx@dimB=\dimen161
\tx@dimBB=\dimen162
\tx@dimC=\dimen163
LaTeX Info: Redefining \oldstylenums on input line 902.
) (/usr/local/texlive/2026/texmf-dist/tex/latex/newtx/newtxmath.sty
Package: newtxmath 2024/09/22 v1.754
 `newtxmath' v1.754, 2024/09/22 Math macros based originally on txfonts (msharpe) (/usr/local/texlive/2026/texmf-dist/tex/latex/amsmath/amsmath.sty
Package: amsmath 2025/07/09 v2.17z AMS math features
\@mathmargin=\skip51

For additional information on amsmath, use the `?' option.
(/usr/local/texlive/2026/texmf-dist/tex/latex/amsmath/amstext.sty
Package: amstext 2024/11/17 v2.01 AMS text
 (/usr/local/texlive/2026/texmf-dist/tex/latex/amsmath/amsgen.sty
File: amsgen.sty 1999/11/30 v2.0 generic functions
\@emptytoks=\toks23
\ex@=\dimen164
)) (/usr/local/texlive/2026/texmf-dist/tex/latex/amsmath/amsbsy.sty
Package: amsbsy 1999/11/29 v1.2d Bold Symbols
\pmbraise@=\dimen165
) (/usr/local/texlive/2026/texmf-dist/tex/latex/amsmath/amsopn.sty
Package: amsopn 2022/04/08 v2.04 operator names
)
\inf@bad=\count294
LaTeX Info: Redefining \frac on input line 233.
\uproot@=\count295
\leftroot@=\count296
LaTeX Info: Redefining \overline on input line 398.
LaTeX Info: Redefining \colon on input line 409.
\classnum@=\count297
\DOTSCASE@=\count298
LaTeX Info: Redefining \ldots on input line 495.
LaTeX Info: Redefining \dots on input line 498.
LaTeX Info: Redefining \cdots on input line 619.
\Mathstrutbox@=\box53
\strutbox@=\box54
LaTeX Info: Redefining \big on input line 721.
LaTeX Info: Redefining \Big on input line 722.
LaTeX Info: Redefining \bigg on input line 723.
LaTeX Info: Redefining \Bigg on input line 724.
\big@size=\dimen166
LaTeX Font Info:    Redeclaring font encoding OML on input line 742.
LaTeX Font Info:    Redeclaring font encoding OMS on input line 743.
\macc@depth=\count299
LaTeX Info: Redefining \bmod on input line 904.
LaTeX Info: Redefining \pmod on input line 909.
LaTeX Info: Redefining \smash on input line 939.
LaTeX Info: Redefining \relbar on input line 969.
LaTeX Info: Redefining \Relbar on input line 970.
\c@MaxMatrixCols=\count300
\dotsspace@=\muskip17
\c@parentequation=\count301
\dspbrk@lvl=\count302
\tag@help=\toks24
\row@=\count303
\column@=\count304
\maxfields@=\count305
\andhelp@=\toks25
\eqnshift@=\dimen167
\alignsep@=\dimen168
\tagshift@=\dimen169
\tagwidth@=\dimen170
\totwidth@=\dimen171
\lineht@=\dimen172
\@envbody=\toks26
\multlinegap=\skip52
\multlinetaggap=\skip53
\mathdisplay@stack=\toks27
LaTeX Info: Redefining \[ on input line 2950.
LaTeX Info: Redefining \] on input line 2951.
) (/usr/local/texlive/2026/texmf-dist/tex/latex/oberdiek/centernot.sty
Package: centernot 2016/05/16 v1.4 Centers the not symbol horizontally (HO)
)
\tx@cntz=\count306
 (/usr/local/texlive/2026/texmf-dist/tex/generic/kastrup/binhex.tex)
\tx@Isdigit=\count307
\tx@IsAlNum=\count308
\tx@tA=\toks28
\tx@tB=\toks29
\tx@su=\read3

amsthm NOT loaded
LaTeX Font Info:    Redeclaring symbol font `operators' on input line 402.
LaTeX Font Info:    Overwriting symbol font `operators' in version `normal'
(Font)                  OT1/cmr/m/n --> OT1/minntx/m/n on input line 402.
LaTeX Font Info:    Overwriting symbol font `operators' in version `bold'
(Font)                  OT1/cmr/bx/n --> OT1/minntx/m/n on input line 402.
LaTeX Font Info:    Overwriting symbol font `operators' in version `bold'
(Font)                  OT1/minntx/m/n --> OT1/minntx/b/n on input line 403.
LaTeX Font Info:    Redeclaring math alphabet \mathsf on input line 410.
LaTeX Font Info:    Overwriting math alphabet `\mathsf' in version `normal'
(Font)                  OT1/cmss/m/n --> OT1/qhv/m/n on input line 410.
LaTeX Font Info:    Overwriting math alphabet `\mathsf' in version `bold'
(Font)                  OT1/cmss/bx/n --> OT1/qhv/m/n on input line 410.
LaTeX Font Info:    Overwriting math alphabet `\mathsf' in version `bold'
(Font)                  OT1/qhv/m/n --> OT1/qhv/b/n on input line 412.
LaTeX Font Info:    Redeclaring math alphabet \mathit on input line 419.
LaTeX Font Info:    Overwriting math alphabet `\mathit' in version `normal'
(Font)                  OT1/cmr/m/it --> OT1/minntx/m/it on input line 419.
LaTeX Font Info:    Overwriting math alphabet `\mathit' in version `bold'
(Font)                  OT1/cmr/bx/it --> OT1/minntx/m/it on input line 419.
LaTeX Font Info:    Redeclaring math alphabet \mathtt on input line 420.
LaTeX Font Info:    Overwriting math alphabet `\mathtt' in version `normal'
(Font)                  OT1/cmtt/m/n --> T1/ntxtt/m/n on input line 420.
LaTeX Font Info:    Overwriting math alphabet `\mathtt' in version `bold'
(Font)                  OT1/cmtt/m/n --> T1/ntxtt/m/n on input line 420.
LaTeX Font Info:    Redeclaring math alphabet \mathbf on input line 422.
LaTeX Font Info:    Overwriting math alphabet `\mathbf' in version `normal'
(Font)                  OT1/cmr/bx/n --> OT1/minntx/b/n on input line 422.
LaTeX Font Info:    Overwriting math alphabet `\mathbf' in version `bold'
(Font)                  OT1/cmr/bx/n --> OT1/minntx/b/n on input line 422.
LaTeX Font Info:    Overwriting math alphabet `\mathit' in version `bold'
(Font)                  OT1/minntx/m/it --> OT1/minntx/b/it on input line 423.
LaTeX Font Info:    Overwriting math alphabet `\mathtt' in version `bold'
(Font)                  T1/ntxtt/m/n --> T1/ntxtt/b/n on input line 426.
LaTeX Font Info:    Redeclaring symbol font `letters' on input line 534.
LaTeX Font Info:    Overwriting symbol font `letters' in version `normal'
(Font)                  OML/cmm/m/it --> OML/ntxmi/m/it on input line 534.
LaTeX Font Info:    Overwriting symbol font `letters' in version `bold'
(Font)                  OML/cmm/b/it --> OML/ntxmi/m/it on input line 534.
LaTeX Font Info:    Overwriting symbol font `letters' in version `bold'
(Font)                  OML/ntxmi/m/it --> OML/ntxmi/b/it on input line 535.
\symlettersA=\mathgroup4
LaTeX Font Info:    Overwriting symbol font `lettersA' in version `bold'
(Font)                  U/ntxmia/m/it --> U/ntxmia/b/it on input line 582.
Now handling font encoding LMS ...
... no UTF-8 mapping file for font encoding LMS
LaTeX Font Info:    Redeclaring symbol font `symbols' on input line 604.
LaTeX Font Info:    Encoding `OMS' has changed to `LMS' for symbol font
(Font)              `symbols' in the math version `normal' on input line 604.
LaTeX Font Info:    Overwriting symbol font `symbols' in version `normal'
(Font)                  OMS/cmsy/m/n --> LMS/ntxsy/m/n on input line 604.
LaTeX Font Info:    Encoding `OMS' has changed to `LMS' for symbol font
(Font)              `symbols' in the math version `bold' on input line 604.
LaTeX Font Info:    Overwriting symbol font `symbols' in version `bold'
(Font)                  OMS/cmsy/b/n --> LMS/ntxsy/m/n on input line 604.
LaTeX Font Info:    Overwriting symbol font `symbols' in version `bold'
(Font)                  LMS/ntxsy/m/n --> LMS/ntxsy/b/n on input line 605.
\symAMSm=\mathgroup5
LaTeX Font Info:    Overwriting symbol font `AMSm' in version `bold'
(Font)                  U/ntxsym/m/n --> U/ntxsym/b/n on input line 630.
\symsymbolsC=\mathgroup6
LaTeX Font Info:    Overwriting symbol font `symbolsC' in version `bold'
(Font)                  U/ntxsyc/m/n --> U/ntxsyc/b/n on input line 651.
Now handling font encoding LMX ...
... no UTF-8 mapping file for font encoding LMX
LaTeX Font Info:    Redeclaring symbol font `largesymbols' on input line 664.
LaTeX Font Info:    Encoding `OMX' has changed to `LMX' for symbol font
(Font)              `largesymbols' in the math version `normal' on input line 664.
LaTeX Font Info:    Overwriting symbol font `largesymbols' in version `normal'
(Font)                  OMX/cmex/m/n --> LMX/ntxexx/m/n on input line 664.
LaTeX Font Info:    Encoding `OMX' has changed to `LMX' for symbol font
(Font)              `largesymbols' in the math version `bold' on input line 664.
LaTeX Font Info:    Overwriting symbol font `largesymbols' in version `bold'
(Font)                  OMX/cmex/m/n --> LMX/ntxexx/m/n on input line 664.
LaTeX Font Info:    Overwriting symbol font `largesymbols' in version `bold'
(Font)                  LMX/ntxexx/m/n --> LMX/ntxexx/b/n on input line 665.
\symlargesymbolsTXA=\mathgroup7
LaTeX Font Info:    Overwriting symbol font `largesymbolsTXA' in version `bold'
(Font)                  U/ntxexa/m/n --> U/ntxexa/b/n on input line 679.
\tx@sbptoks=\toks30
LaTeX Font Info:    Redeclaring math delimiter \lfloor on input line 902.
LaTeX Font Info:    Redeclaring math delimiter \rfloor on input line 903.
LaTeX Font Info:    Redeclaring math delimiter \lceil on input line 904.
LaTeX Font Info:    Redeclaring math delimiter \rceil on input line 905.
LaTeX Font Info:    Redeclaring math delimiter \lbrace on input line 910.
LaTeX Font Info:    Redeclaring math delimiter \rbrace on input line 911.
LaTeX Font Info:    Redeclaring math delimiter \langle on input line 913.
LaTeX Font Info:    Redeclaring math delimiter \rangle on input line 915.
LaTeX Font Info:    Redeclaring math delimiter \arrowvert on input line 919.
LaTeX Font Info:    Redeclaring math delimiter \vert on input line 920.
LaTeX Font Info:    Redeclaring math symbol \hbar on input line 966.
LaTeX Font Info:    Redeclaring math accent \dot on input line 991.
LaTeX Font Info:    Redeclaring math accent \ddot on input line 992.
LaTeX Font Info:    Redeclaring math accent \vec on input line 2057.
LaTeX Info: Redefining \Bbbk on input line 2847.
LaTeX Info: Redefining \not on input line 2995.
) (/usr/local/texlive/2026/texmf-dist/tex/latex/pgf/frontendlayer/tikz.sty (/usr/local/texlive/2026/texmf-dist/tex/latex/pgf/basiclayer/pgf.sty (/usr/local/texlive/2026/texmf-dist/tex/latex/pgf/utilities/pgfrcs.sty (/usr/local/texlive/2026/texmf-dist/tex/generic/pgf/utilities/pgfutil-common.tex
\pgfutil@everybye=\toks31
\pgfutil@tempdima=\dimen173
\pgfutil@tempdimb=\dimen174
) (/usr/local/texlive/2026/texmf-dist/tex/generic/pgf/utilities/pgfutil-latex.def
\pgfutil@abb=\box55
) (/usr/local/texlive/2026/texmf-dist/tex/generic/pgf/utilities/pgfrcs.code.tex (/usr/local/texlive/2026/texmf-dist/tex/generic/pgf/pgf.revision.tex)
Package: pgfrcs 2025-08-29 v3.1.11a (3.1.11a)
))
Package: pgf 2025-08-29 v3.1.11a (3.1.11a)
 (/usr/local/texlive/2026/texmf-dist/tex/latex/pgf/basiclayer/pgfcore.sty (/usr/local/texlive/2026/texmf-dist/tex/latex/graphics/graphicx.sty
Package: graphicx 2024/12/31 v1.2e Enhanced LaTeX Graphics (DPC,SPQR)
 (/usr/local/texlive/2026/texmf-dist/tex/latex/graphics/graphics.sty
Package: graphics 2024/08/06 v1.4g Standard LaTeX Graphics (DPC,SPQR)
 (/usr/local/texlive/2026/texmf-dist/tex/latex/graphics/trig.sty
Package: trig 2023/12/02 v1.11 sin cos tan (DPC)
) (/usr/local/texlive/2026/texmf-dist/tex/latex/graphics-cfg/graphics.cfg
File: graphics.cfg 2016/06/04 v1.11 sample graphics configuration
)
Package graphics Info: Driver file: pdftex.def on input line 106.
)
\Gin@req@height=\dimen175
\Gin@req@width=\dimen176
) (/usr/local/texlive/2026/texmf-dist/tex/latex/pgf/systemlayer/pgfsys.sty (/usr/local/texlive/2026/texmf-dist/tex/generic/pgf/systemlayer/pgfsys.code.tex
Package: pgfsys 2025-08-29 v3.1.11a (3.1.11a)
 (/usr/local/texlive/2026/texmf-dist/tex/generic/pgf/utilities/pgfkeys.code.tex
\pgfkeys@pathtoks=\toks32
\pgfkeys@temptoks=\toks33
 (/usr/local/texlive/2026/texmf-dist/tex/generic/pgf/utilities/pgfkeyslibraryfiltered.code.tex
\pgfkeys@tmptoks=\toks34
))
\pgf@x=\dimen177
\pgf@y=\dimen178
\pgf@xa=\dimen179
\pgf@ya=\dimen180
\pgf@xb=\dimen181
\pgf@yb=\dimen182
\pgf@xc=\dimen183
\pgf@yc=\dimen184
\pgf@xd=\dimen185
\pgf@yd=\dimen186
\w@pgf@writea=\write3
\r@pgf@reada=\read4
\c@pgf@counta=\count309
\c@pgf@countb=\count310
\c@pgf@countc=\count311
\c@pgf@countd=\count312
\t@pgf@toka=\toks35
\t@pgf@tokb=\toks36
\t@pgf@tokc=\toks37
\pgf@sys@id@count=\count313
 (/usr/local/texlive/2026/texmf-dist/tex/generic/pgf/systemlayer/pgf.cfg
File: pgf.cfg 2025-08-29 v3.1.11a (3.1.11a)
)
Driver file for pgf: pgfsys-pdftex.def
 (/usr/local/texlive/2026/texmf-dist/tex/generic/pgf/systemlayer/pgfsys-pdftex.def
File: pgfsys-pdftex.def 2025-08-29 v3.1.11a (3.1.11a)
 (/usr/local/texlive/2026/texmf-dist/tex/generic/pgf/systemlayer/pgfsys-common-pdf.def
File: pgfsys-common-pdf.def 2025-08-29 v3.1.11a (3.1.11a)
))) (/usr/local/texlive/2026/texmf-dist/tex/generic/pgf/systemlayer/pgfsyssoftpath.code.tex
File: pgfsyssoftpath.code.tex 2025-08-29 v3.1.11a (3.1.11a)
\pgfsyssoftpath@smallbuffer@items=\count314
\pgfsyssoftpath@bigbuffer@items=\count315
) (/usr/local/texlive/2026/texmf-dist/tex/generic/pgf/systemlayer/pgfsysprotocol.code.tex
File: pgfsysprotocol.code.tex 2025-08-29 v3.1.11a (3.1.11a)
)) (/usr/local/texlive/2026/texmf-dist/tex/generic/pgf/basiclayer/pgfcore.code.tex
Package: pgfcore 2025-08-29 v3.1.11a (3.1.11a)
 (/usr/local/texlive/2026/texmf-dist/tex/generic/pgf/math/pgfmath.code.tex (/usr/local/texlive/2026/texmf-dist/tex/generic/pgf/math/pgfmathutil.code.tex) (/usr/local/texlive/2026/texmf-dist/tex/generic/pgf/math/pgfmathparser.code.tex
\pgfmath@dimen=\dimen187
\pgfmath@count=\count316
\pgfmath@box=\box56
\pgfmath@toks=\toks38
\pgfmath@stack@operand=\toks39
\pgfmath@stack@operation=\toks40
) (/usr/local/texlive/2026/texmf-dist/tex/generic/pgf/math/pgfmathfunctions.code.tex) (/usr/local/texlive/2026/texmf-dist/tex/generic/pgf/math/pgfmathfunctions.basic.code.tex) (/usr/local/texlive/2026/texmf-dist/tex/generic/pgf/math/pgfmathfunctions.trigonometric.code.tex) (/usr/local/texlive/2026/texmf-dist/tex/generic/pgf/math/pgfmathfunctions.random.code.tex) (/usr/local/texlive/2026/texmf-dist/tex/generic/pgf/math/pgfmathfunctions.comparison.code.tex) (/usr/local/texlive/2026/texmf-dist/tex/generic/pgf/math/pgfmathfunctions.base.code.tex) (/usr/local/texlive/2026/texmf-dist/tex/generic/pgf/math/pgfmathfunctions.round.code.tex) (/usr/local/texlive/2026/texmf-dist/tex/generic/pgf/math/pgfmathfunctions.misc.code.tex) (/usr/local/texlive/2026/texmf-dist/tex/generic/pgf/math/pgfmathfunctions.integerarithmetics.code.tex) (/usr/local/texlive/2026/texmf-dist/tex/generic/pgf/math/pgfmathcalc.code.tex) (/usr/local/texlive/2026/texmf-dist/tex/generic/pgf/math/pgfmathfloat.code.tex
\c@pgfmathroundto@lastzeros=\count317
)) (/usr/local/texlive/2026/texmf-dist/tex/generic/pgf/math/pgfint.code.tex) (/usr/local/texlive/2026/texmf-dist/tex/generic/pgf/basiclayer/pgfcorepoints.code.tex
File: pgfcorepoints.code.tex 2025-08-29 v3.1.11a (3.1.11a)
\pgf@picminx=\dimen188
\pgf@picmaxx=\dimen189
\pgf@picminy=\dimen190
\pgf@picmaxy=\dimen191
\pgf@pathminx=\dimen192
\pgf@pathmaxx=\dimen193
\pgf@pathminy=\dimen194
\pgf@pathmaxy=\dimen195
\pgf@xx=\dimen196
\pgf@xy=\dimen197
\pgf@yx=\dimen198
\pgf@yy=\dimen199
\pgf@zx=\dimen256
\pgf@zy=\dimen257
) (/usr/local/texlive/2026/texmf-dist/tex/generic/pgf/basiclayer/pgfcorepathconstruct.code.tex
File: pgfcorepathconstruct.code.tex 2025-08-29 v3.1.11a (3.1.11a)
\pgf@path@lastx=\dimen258
\pgf@path@lasty=\dimen259
) (/usr/local/texlive/2026/texmf-dist/tex/generic/pgf/basiclayer/pgfcorepathusage.code.tex
File: pgfcorepathusage.code.tex 2025-08-29 v3.1.11a (3.1.11a)
\pgf@shorten@end@additional=\dimen260
\pgf@shorten@start@additional=\dimen261
) (/usr/local/texlive/2026/texmf-dist/tex/generic/pgf/basiclayer/pgfcorescopes.code.tex
File: pgfcorescopes.code.tex 2025-08-29 v3.1.11a (3.1.11a)
\pgfpic=\box57
\pgf@hbox=\box58
\pgf@layerbox@main=\box59
\pgf@picture@serial@count=\count318
) (/usr/local/texlive/2026/texmf-dist/tex/generic/pgf/basiclayer/pgfcoregraphicstate.code.tex
File: pgfcoregraphicstate.code.tex 2025-08-29 v3.1.11a (3.1.11a)
\pgflinewidth=\dimen262
) (/usr/local/texlive/2026/texmf-dist/tex/generic/pgf/basiclayer/pgfcoretransformations.code.tex
File: pgfcoretransformations.code.tex 2025-08-29 v3.1.11a (3.1.11a)
\pgf@pt@x=\dimen263
\pgf@pt@y=\dimen264
\pgf@pt@temp=\dimen265
) (/usr/local/texlive/2026/texmf-dist/tex/generic/pgf/basiclayer/pgfcorequick.code.tex
File: pgfcorequick.code.tex 2025-08-29 v3.1.11a (3.1.11a)
) (/usr/local/texlive/2026/texmf-dist/tex/generic/pgf/basiclayer/pgfcoreobjects.code.tex
File: pgfcoreobjects.code.tex 2025-08-29 v3.1.11a (3.1.11a)
) (/usr/local/texlive/2026/texmf-dist/tex/generic/pgf/basiclayer/pgfcorepathprocessing.code.tex
File: pgfcorepathprocessing.code.tex 2025-08-29 v3.1.11a (3.1.11a)
) (/usr/local/texlive/2026/texmf-dist/tex/generic/pgf/basiclayer/pgfcorearrows.code.tex
File: pgfcorearrows.code.tex 2025-08-29 v3.1.11a (3.1.11a)
\pgfarrowsep=\dimen266
) (/usr/local/texlive/2026/texmf-dist/tex/generic/pgf/basiclayer/pgfcoreshade.code.tex
File: pgfcoreshade.code.tex 2025-08-29 v3.1.11a (3.1.11a)
\pgf@max=\dimen267
\pgf@sys@shading@range@num=\count319
\pgf@shadingcount=\count320
) (/usr/local/texlive/2026/texmf-dist/tex/generic/pgf/basiclayer/pgfcoreimage.code.tex
File: pgfcoreimage.code.tex 2025-08-29 v3.1.11a (3.1.11a)
) (/usr/local/texlive/2026/texmf-dist/tex/generic/pgf/basiclayer/pgfcoreexternal.code.tex
File: pgfcoreexternal.code.tex 2025-08-29 v3.1.11a (3.1.11a)
\pgfexternal@startupbox=\box60
) (/usr/local/texlive/2026/texmf-dist/tex/generic/pgf/basiclayer/pgfcorelayers.code.tex
File: pgfcorelayers.code.tex 2025-08-29 v3.1.11a (3.1.11a)
) (/usr/local/texlive/2026/texmf-dist/tex/generic/pgf/basiclayer/pgfcoretransparency.code.tex
File: pgfcoretransparency.code.tex 2025-08-29 v3.1.11a (3.1.11a)
) (/usr/local/texlive/2026/texmf-dist/tex/generic/pgf/basiclayer/pgfcorepatterns.code.tex
File: pgfcorepatterns.code.tex 2025-08-29 v3.1.11a (3.1.11a)
) (/usr/local/texlive/2026/texmf-dist/tex/generic/pgf/basiclayer/pgfcorerdf.code.tex
File: pgfcorerdf.code.tex 2025-08-29 v3.1.11a (3.1.11a)
))) (/usr/local/texlive/2026/texmf-dist/tex/generic/pgf/modules/pgfmoduleshapes.code.tex
File: pgfmoduleshapes.code.tex 2025-08-29 v3.1.11a (3.1.11a)
\pgfnodeparttextbox=\box61
) (/usr/local/texlive/2026/texmf-dist/tex/generic/pgf/modules/pgfmoduleplot.code.tex
File: pgfmoduleplot.code.tex 2025-08-29 v3.1.11a (3.1.11a)
) (/usr/local/texlive/2026/texmf-dist/tex/latex/pgf/compatibility/pgfcomp-version-0-65.sty
Package: pgfcomp-version-0-65 2025-08-29 v3.1.11a (3.1.11a)
\pgf@nodesepstart=\dimen268
\pgf@nodesepend=\dimen269
) (/usr/local/texlive/2026/texmf-dist/tex/latex/pgf/compatibility/pgfcomp-version-1-18.sty
Package: pgfcomp-version-1-18 2025-08-29 v3.1.11a (3.1.11a)
)) (/usr/local/texlive/2026/texmf-dist/tex/latex/pgf/utilities/pgffor.sty (/usr/local/texlive/2026/texmf-dist/tex/latex/pgf/utilities/pgfkeys.sty (/usr/local/texlive/2026/texmf-dist/tex/generic/pgf/utilities/pgfkeys.code.tex)) (/usr/local/texlive/2026/texmf-dist/tex/latex/pgf/math/pgfmath.sty (/usr/local/texlive/2026/texmf-dist/tex/generic/pgf/math/pgfmath.code.tex)) (/usr/local/texlive/2026/texmf-dist/tex/generic/pgf/utilities/pgffor.code.tex
Package: pgffor 2025-08-29 v3.1.11a (3.1.11a)
\pgffor@iter=\dimen270
\pgffor@skip=\dimen271
\pgffor@stack=\toks41
\pgffor@toks=\toks42
)) (/usr/local/texlive/2026/texmf-dist/tex/generic/pgf/frontendlayer/tikz/tikz.code.tex
Package: tikz 2025-08-29 v3.1.11a (3.1.11a)
 (/usr/local/texlive/2026/texmf-dist/tex/generic/pgf/libraries/pgflibraryplothandlers.code.tex
File: pgflibraryplothandlers.code.tex 2025-08-29 v3.1.11a (3.1.11a)
\pgf@plot@mark@count=\count321
\pgfplotmarksize=\dimen272
)
\tikz@lastx=\dimen273
\tikz@lasty=\dimen274
\tikz@lastxsaved=\dimen275
\tikz@lastysaved=\dimen276
\tikz@lastmovetox=\dimen277
\tikz@lastmovetoy=\dimen278
\tikzleveldistance=\dimen279
\tikzsiblingdistance=\dimen280
\tikz@figbox=\box62
\tikz@figbox@bg=\box63
\tikz@tempbox=\box64
\tikz@tempbox@bg=\box65
\tikztreelevel=\count322
\tikznumberofchildren=\count323
\tikznumberofcurrentchild=\count324
\tikz@fig@count=\count325
 (/usr/local/texlive/2026/texmf-dist/tex/generic/pgf/modules/pgfmodulematrix.code.tex
File: pgfmodulematrix.code.tex 2025-08-29 v3.1.11a (3.1.11a)
\pgfmatrixcurrentrow=\count326
\pgfmatrixcurrentcolumn=\count327
\pgf@matrix@numberofcolumns=\count328
)
\tikz@expandcount=\count329
 (/usr/local/texlive/2026/texmf-dist/tex/generic/pgf/frontendlayer/tikz/libraries/tikzlibrarytopaths.code.tex
File: tikzlibrarytopaths.code.tex 2025-08-29 v3.1.11a (3.1.11a)
))) (/usr/local/texlive/2026/texmf-dist/tex/generic/pgf/frontendlayer/tikz/libraries/tikzlibraryshapes.geometric.code.tex
File: tikzlibraryshapes.geometric.code.tex 2025-08-29 v3.1.11a (3.1.11a)
 (/usr/local/texlive/2026/texmf-dist/tex/generic/pgf/libraries/shapes/pgflibraryshapes.geometric.code.tex
File: pgflibraryshapes.geometric.code.tex 2025-08-29 v3.1.11a (3.1.11a)
)) (/usr/local/texlive/2026/texmf-dist/tex/generic/pgf/frontendlayer/tikz/libraries/tikzlibraryarrows.code.tex
File: tikzlibraryarrows.code.tex 2025-08-29 v3.1.11a (3.1.11a)
 (/usr/local/texlive/2026/texmf-dist/tex/generic/pgf/libraries/pgflibraryarrows.code.tex
File: pgflibraryarrows.code.tex 2025-08-29 v3.1.11a (3.1.11a)
\arrowsize=\dimen281
)) (/usr/local/texlive/2026/texmf-dist/tex/generic/pgf/frontendlayer/tikz/libraries/tikzlibrarypositioning.code.tex
File: tikzlibrarypositioning.code.tex 2025-08-29 v3.1.11a (3.1.11a)
) (/usr/local/texlive/2026/texmf-dist/tex/latex/geometry/geometry.sty
Package: geometry 2026/03/07 v6.0 Page Geometry
 (/usr/local/texlive/2026/texmf-dist/tex/generic/iftex/ifvtex.sty
Package: ifvtex 2019/10/25 v1.7 ifvtex legacy package. Use iftex instead.
)
\Gm@cnth=\count330
\Gm@cntv=\count331
\c@Gm@tempcnt=\count332
\Gm@bindingoffset=\dimen282
\Gm@wd@mp=\dimen283
\Gm@odd@mp=\dimen284
\Gm@even@mp=\dimen285
\Gm@layoutwidth=\dimen286
\Gm@layoutheight=\dimen287
\Gm@layouthoffset=\dimen288
\Gm@layoutvoffset=\dimen289
\Gm@dimlist=\toks43
) (/usr/local/texlive/2026/texmf-dist/tex/latex/setspace/setspace.sty
Package: setspace 2022/12/04 v6.7b set line spacing
) (/usr/local/texlive/2026/texmf-dist/tex/latex/ragged2e/ragged2e.sty
Package: ragged2e 2023/06/22 v3.6 ragged2e Package
\CenteringLeftskip=\skip54
\RaggedLeftLeftskip=\skip55
\RaggedRightLeftskip=\skip56
\CenteringRightskip=\skip57
\RaggedLeftRightskip=\skip58
\RaggedRightRightskip=\skip59
\CenteringParfillskip=\skip60
\RaggedLeftParfillskip=\skip61
\RaggedRightParfillskip=\skip62
\JustifyingParfillskip=\skip63
\CenteringParindent=\skip64
\RaggedLeftParindent=\skip65
\RaggedRightParindent=\skip66
\JustifyingParindent=\skip67
) (/usr/local/texlive/2026/texmf-dist/tex/latex/amsfonts/amssymb.sty
Package: amssymb 2013/01/14 v3.01 AMS font symbols
 (/usr/local/texlive/2026/texmf-dist/tex/latex/amsfonts/amsfonts.sty
Package: amsfonts 2013/01/14 v3.01 Basic AMSFonts support
\symAMSa=\mathgroup8
\symAMSb=\mathgroup9
LaTeX Font Info:    Redeclaring math delimiter \ulcorner on input line 74.
LaTeX Font Info:    Redeclaring math delimiter \urcorner on input line 75.
LaTeX Font Info:    Redeclaring math delimiter \llcorner on input line 76.
LaTeX Font Info:    Redeclaring math delimiter \lrcorner on input line 77.
LaTeX Font Info:    Redeclaring math symbol \square on input line 141.
LaTeX Font Info:    Redeclaring math symbol \lozenge on input line 142.
)
LaTeX Font Info:    Redeclaring math symbol \boxdot on input line 44.
LaTeX Font Info:    Redeclaring math symbol \boxplus on input line 45.
LaTeX Font Info:    Redeclaring math symbol \boxtimes on input line 46.
LaTeX Font Info:    Redeclaring math symbol \blacksquare on input line 48.
LaTeX Font Info:    Redeclaring math symbol \centerdot on input line 49.
LaTeX Font Info:    Redeclaring math symbol \blacklozenge on input line 51.
LaTeX Font Info:    Redeclaring math symbol \circlearrowright on input line 52.
LaTeX Font Info:    Redeclaring math symbol \circlearrowleft on input line 53.
LaTeX Font Info:    Redeclaring math symbol \leftrightharpoons on input line 56.
LaTeX Font Info:    Redeclaring math symbol \boxminus on input line 57.
LaTeX Font Info:    Redeclaring math symbol \Vdash on input line 58.
LaTeX Font Info:    Redeclaring math symbol \Vvdash on input line 59.
LaTeX Font Info:    Redeclaring math symbol \vDash on input line 60.
LaTeX Font Info:    Redeclaring math symbol \twoheadrightarrow on input line 61.
LaTeX Font Info:    Redeclaring math symbol \twoheadleftarrow on input line 62.
LaTeX Font Info:    Redeclaring math symbol \leftleftarrows on input line 63.
LaTeX Font Info:    Redeclaring math symbol \rightrightarrows on input line 64.
LaTeX Font Info:    Redeclaring math symbol \upuparrows on input line 65.
LaTeX Font Info:    Redeclaring math symbol \downdownarrows on input line 66.
LaTeX Font Info:    Redeclaring math symbol \upharpoonright on input line 67.
LaTeX Font Info:    Redeclaring math symbol \downharpoonright on input line 69.
LaTeX Font Info:    Redeclaring math symbol \upharpoonleft on input line 70.
LaTeX Font Info:    Redeclaring math symbol \downharpoonleft on input line 71.
LaTeX Font Info:    Redeclaring math symbol \rightarrowtail on input line 72.
LaTeX Font Info:    Redeclaring math symbol \leftarrowtail on input line 73.
LaTeX Font Info:    Redeclaring math symbol \leftrightarrows on input line 74.
LaTeX Font Info:    Redeclaring math symbol \rightleftarrows on input line 75.
LaTeX Font Info:    Redeclaring math symbol \Lsh on input line 76.
LaTeX Font Info:    Redeclaring math symbol \Rsh on input line 77.
LaTeX Font Info:    Redeclaring math symbol \leftrightsquigarrow on input line 79.
LaTeX Font Info:    Redeclaring math symbol \looparrowleft on input line 80.
LaTeX Font Info:    Redeclaring math symbol \looparrowright on input line 81.
LaTeX Font Info:    Redeclaring math symbol \circeq on input line 82.
LaTeX Font Info:    Redeclaring math symbol \succsim on input line 83.
LaTeX Font Info:    Redeclaring math symbol \gtrsim on input line 84.
LaTeX Font Info:    Redeclaring math symbol \gtrapprox on input line 85.
LaTeX Font Info:    Redeclaring math symbol \multimap on input line 86.
LaTeX Font Info:    Redeclaring math symbol \therefore on input line 87.
LaTeX Font Info:    Redeclaring math symbol \because on input line 88.
LaTeX Font Info:    Redeclaring math symbol \doteqdot on input line 89.
LaTeX Font Info:    Redeclaring math symbol \triangleq on input line 91.
LaTeX Font Info:    Redeclaring math symbol \precsim on input line 92.
LaTeX Font Info:    Redeclaring math symbol \lesssim on input line 93.
LaTeX Font Info:    Redeclaring math symbol \lessapprox on input line 94.
LaTeX Font Info:    Redeclaring math symbol \eqslantless on input line 95.
LaTeX Font Info:    Redeclaring math symbol \eqslantgtr on input line 96.
LaTeX Font Info:    Redeclaring math symbol \curlyeqprec on input line 97.
LaTeX Font Info:    Redeclaring math symbol \curlyeqsucc on input line 98.
LaTeX Font Info:    Redeclaring math symbol \preccurlyeq on input line 99.
LaTeX Font Info:    Redeclaring math symbol \leqq on input line 100.
LaTeX Font Info:    Redeclaring math symbol \leqslant on input line 101.
LaTeX Font Info:    Redeclaring math symbol \lessgtr on input line 102.
LaTeX Font Info:    Redeclaring math symbol \backprime on input line 103.
LaTeX Font Info:    Redeclaring math symbol \risingdotseq on input line 104.
LaTeX Font Info:    Redeclaring math symbol \fallingdotseq on input line 105.
LaTeX Font Info:    Redeclaring math symbol \succcurlyeq on input line 106.
LaTeX Font Info:    Redeclaring math symbol \geqq on input line 107.
LaTeX Font Info:    Redeclaring math symbol \geqslant on input line 108.
LaTeX Font Info:    Redeclaring math symbol \gtrless on input line 109.
LaTeX Font Info:    Redeclaring math symbol \bigstar on input line 117.
LaTeX Font Info:    Redeclaring math symbol \between on input line 118.
LaTeX Font Info:    Redeclaring math symbol \blacktriangledown on input line 119.
LaTeX Font Info:    Redeclaring math symbol \blacktriangleright on input line 120.
LaTeX Font Info:    Redeclaring math symbol \blacktriangleleft on input line 121.
LaTeX Font Info:    Redeclaring math symbol \vartriangle on input line 122.
LaTeX Font Info:    Redeclaring math symbol \blacktriangle on input line 123.
LaTeX Font Info:    Redeclaring math symbol \triangledown on input line 124.
LaTeX Font Info:    Redeclaring math symbol \eqcirc on input line 125.
LaTeX Font Info:    Redeclaring math symbol \lesseqgtr on input line 126.
LaTeX Font Info:    Redeclaring math symbol \gtreqless on input line 127.
LaTeX Font Info:    Redeclaring math symbol \lesseqqgtr on input line 128.
LaTeX Font Info:    Redeclaring math symbol \gtreqqless on input line 129.
LaTeX Font Info:    Redeclaring math symbol \Rrightarrow on input line 130.
LaTeX Font Info:    Redeclaring math symbol \Lleftarrow on input line 131.
LaTeX Font Info:    Redeclaring math symbol \veebar on input line 132.
LaTeX Font Info:    Redeclaring math symbol \barwedge on input line 133.
LaTeX Font Info:    Redeclaring math symbol \doublebarwedge on input line 134.
LaTeX Font Info:    Redeclaring math symbol \measuredangle on input line 137.
LaTeX Font Info:    Redeclaring math symbol \sphericalangle on input line 138.
LaTeX Font Info:    Redeclaring math symbol \varpropto on input line 139.
LaTeX Font Info:    Redeclaring math symbol \smallsmile on input line 140.
LaTeX Font Info:    Redeclaring math symbol \smallfrown on input line 141.
LaTeX Font Info:    Redeclaring math symbol \Subset on input line 142.
LaTeX Font Info:    Redeclaring math symbol \Supset on input line 143.
LaTeX Font Info:    Redeclaring math symbol \Cup on input line 144.
LaTeX Font Info:    Redeclaring math symbol \Cap on input line 146.
LaTeX Font Info:    Redeclaring math symbol \curlywedge on input line 148.
LaTeX Font Info:    Redeclaring math symbol \curlyvee on input line 149.
LaTeX Font Info:    Redeclaring math symbol \leftthreetimes on input line 150.
LaTeX Font Info:    Redeclaring math symbol \rightthreetimes on input line 151.
LaTeX Font Info:    Redeclaring math symbol \subseteqq on input line 152.
LaTeX Font Info:    Redeclaring math symbol \supseteqq on input line 153.
LaTeX Font Info:    Redeclaring math symbol \bumpeq on input line 154.
LaTeX Font Info:    Redeclaring math symbol \Bumpeq on input line 155.
LaTeX Font Info:    Redeclaring math symbol \lll on input line 156.
LaTeX Font Info:    Redeclaring math symbol \ggg on input line 158.
LaTeX Font Info:    Redeclaring math symbol \circledS on input line 160.
LaTeX Font Info:    Redeclaring math symbol \pitchfork on input line 161.
LaTeX Font Info:    Redeclaring math symbol \dotplus on input line 162.
LaTeX Font Info:    Redeclaring math symbol \backsim on input line 163.
LaTeX Font Info:    Redeclaring math symbol \backsimeq on input line 164.
LaTeX Font Info:    Redeclaring math symbol \complement on input line 165.
LaTeX Font Info:    Redeclaring math symbol \intercal on input line 166.
LaTeX Font Info:    Redeclaring math symbol \circledcirc on input line 167.
LaTeX Font Info:    Redeclaring math symbol \circledast on input line 168.
LaTeX Font Info:    Redeclaring math symbol \circleddash on input line 169.
LaTeX Font Info:    Redeclaring math symbol \lvertneqq on input line 171.
LaTeX Font Info:    Redeclaring math symbol \gvertneqq on input line 172.
LaTeX Font Info:    Redeclaring math symbol \nleq on input line 173.
LaTeX Font Info:    Redeclaring math symbol \ngeq on input line 174.
LaTeX Font Info:    Redeclaring math symbol \nless on input line 175.
LaTeX Font Info:    Redeclaring math symbol \ngtr on input line 176.
LaTeX Font Info:    Redeclaring math symbol \nprec on input line 177.
LaTeX Font Info:    Redeclaring math symbol \nsucc on input line 178.
LaTeX Font Info:    Redeclaring math symbol \lneqq on input line 179.
LaTeX Font Info:    Redeclaring math symbol \gneqq on input line 180.
LaTeX Font Info:    Redeclaring math symbol \nleqslant on input line 181.
LaTeX Font Info:    Redeclaring math symbol \ngeqslant on input line 182.
LaTeX Font Info:    Redeclaring math symbol \lneq on input line 183.
LaTeX Font Info:    Redeclaring math symbol \gneq on input line 184.
LaTeX Font Info:    Redeclaring math symbol \npreceq on input line 185.
LaTeX Font Info:    Redeclaring math symbol \nsucceq on input line 186.
LaTeX Font Info:    Redeclaring math symbol \precnsim on input line 187.
LaTeX Font Info:    Redeclaring math symbol \succnsim on input line 188.
LaTeX Font Info:    Redeclaring math symbol \lnsim on input line 189.
LaTeX Font Info:    Redeclaring math symbol \gnsim on input line 190.
LaTeX Font Info:    Redeclaring math symbol \nleqq on input line 191.
LaTeX Font Info:    Redeclaring math symbol \ngeqq on input line 192.
LaTeX Font Info:    Redeclaring math symbol \precneqq on input line 193.
LaTeX Font Info:    Redeclaring math symbol \succneqq on input line 194.
LaTeX Font Info:    Redeclaring math symbol \precnapprox on input line 195.
LaTeX Font Info:    Redeclaring math symbol \succnapprox on input line 196.
LaTeX Font Info:    Redeclaring math symbol \lnapprox on input line 197.
LaTeX Font Info:    Redeclaring math symbol \gnapprox on input line 198.
LaTeX Font Info:    Redeclaring math symbol \nsim on input line 199.
LaTeX Font Info:    Redeclaring math symbol \ncong on input line 200.
LaTeX Font Info:    Redeclaring math symbol \diagup on input line 201.
LaTeX Font Info:    Redeclaring math symbol \diagdown on input line 202.
LaTeX Font Info:    Redeclaring math symbol \varsubsetneq on input line 203.
LaTeX Font Info:    Redeclaring math symbol \varsupsetneq on input line 204.
LaTeX Font Info:    Redeclaring math symbol \nsubseteqq on input line 205.
LaTeX Font Info:    Redeclaring math symbol \nsupseteqq on input line 206.
LaTeX Font Info:    Redeclaring math symbol \subsetneqq on input line 207.
LaTeX Font Info:    Redeclaring math symbol \supsetneqq on input line 208.
LaTeX Font Info:    Redeclaring math symbol \varsubsetneqq on input line 209.
LaTeX Font Info:    Redeclaring math symbol \varsupsetneqq on input line 210.
LaTeX Font Info:    Redeclaring math symbol \subsetneq on input line 211.
LaTeX Font Info:    Redeclaring math symbol \supsetneq on input line 212.
LaTeX Font Info:    Redeclaring math symbol \nsubseteq on input line 213.
LaTeX Font Info:    Redeclaring math symbol \nsupseteq on input line 214.
LaTeX Font Info:    Redeclaring math symbol \nparallel on input line 215.
LaTeX Font Info:    Redeclaring math symbol \nmid on input line 216.
LaTeX Font Info:    Redeclaring math symbol \nshortmid on input line 217.
LaTeX Font Info:    Redeclaring math symbol \nshortparallel on input line 218.
LaTeX Font Info:    Redeclaring math symbol \nvdash on input line 219.
LaTeX Font Info:    Redeclaring math symbol \nVdash on input line 220.
LaTeX Font Info:    Redeclaring math symbol \nvDash on input line 221.
LaTeX Font Info:    Redeclaring math symbol \nVDash on input line 222.
LaTeX Font Info:    Redeclaring math symbol \ntrianglerighteq on input line 223.
LaTeX Font Info:    Redeclaring math symbol \ntrianglelefteq on input line 224.
LaTeX Font Info:    Redeclaring math symbol \ntriangleleft on input line 225.
LaTeX Font Info:    Redeclaring math symbol \ntriangleright on input line 226.
LaTeX Font Info:    Redeclaring math symbol \nleftarrow on input line 227.
LaTeX Font Info:    Redeclaring math symbol \nrightarrow on input line 228.
LaTeX Font Info:    Redeclaring math symbol \nLeftarrow on input line 229.
LaTeX Font Info:    Redeclaring math symbol \nRightarrow on input line 230.
LaTeX Font Info:    Redeclaring math symbol \nLeftrightarrow on input line 231.
LaTeX Font Info:    Redeclaring math symbol \nleftrightarrow on input line 232.
LaTeX Font Info:    Redeclaring math symbol \divideontimes on input line 233.
LaTeX Font Info:    Redeclaring math symbol \varnothing on input line 234.
LaTeX Font Info:    Redeclaring math symbol \nexists on input line 235.
LaTeX Font Info:    Redeclaring math symbol \Finv on input line 236.
LaTeX Font Info:    Redeclaring math symbol \Game on input line 237.
LaTeX Font Info:    Redeclaring math symbol \eth on input line 240.
LaTeX Font Info:    Redeclaring math symbol \eqsim on input line 241.
LaTeX Font Info:    Redeclaring math symbol \beth on input line 242.
LaTeX Font Info:    Redeclaring math symbol \gimel on input line 243.
LaTeX Font Info:    Redeclaring math symbol \daleth on input line 244.
LaTeX Font Info:    Redeclaring math symbol \lessdot on input line 245.
LaTeX Font Info:    Redeclaring math symbol \gtrdot on input line 246.
LaTeX Font Info:    Redeclaring math symbol \ltimes on input line 247.
LaTeX Font Info:    Redeclaring math symbol \rtimes on input line 248.
LaTeX Font Info:    Redeclaring math symbol \shortmid on input line 249.
LaTeX Font Info:    Redeclaring math symbol \shortparallel on input line 250.
LaTeX Font Info:    Redeclaring math symbol \smallsetminus on input line 251.
LaTeX Font Info:    Redeclaring math symbol \thicksim on input line 252.
LaTeX Font Info:    Redeclaring math symbol \thickapprox on input line 253.
LaTeX Font Info:    Redeclaring math symbol \approxeq on input line 254.
LaTeX Font Info:    Redeclaring math symbol \succapprox on input line 255.
LaTeX Font Info:    Redeclaring math symbol \precapprox on input line 256.
LaTeX Font Info:    Redeclaring math symbol \curvearrowleft on input line 257.
LaTeX Font Info:    Redeclaring math symbol \curvearrowright on input line 258.
LaTeX Font Info:    Redeclaring math symbol \digamma on input line 259.
LaTeX Font Info:    Redeclaring math symbol \varkappa on input line 260.
LaTeX Font Info:    Redeclaring math symbol \hslash on input line 262.
LaTeX Font Info:    Redeclaring math symbol \backepsilon on input line 265.
) (/usr/local/texlive/2026/texmf-dist/tex/latex/mathtools/mathtools.sty
Package: mathtools 2024/10/04 v1.31 mathematical typesetting tools
 (/usr/local/texlive/2026/texmf-dist/tex/latex/tools/calc.sty
Package: calc 2025/03/01 v4.3b Infix arithmetic (KKT,FJ)
\calc@Acount=\count333
\calc@Bcount=\count334
\calc@Adimen=\dimen290
\calc@Bdimen=\dimen291
\calc@Askip=\skip68
\calc@Bskip=\skip69
LaTeX Info: Redefining \setlength on input line 86.
LaTeX Info: Redefining \addtolength on input line 87.
\calc@Ccount=\count335
\calc@Cskip=\skip70
) (/usr/local/texlive/2026/texmf-dist/tex/latex/mathtools/mhsetup.sty
Package: mhsetup 2021/03/18 v1.4 programming setup (MH)
)
\g_MT_multlinerow_int=\count336
\l_MT_multwidth_dim=\dimen292
\origjot=\skip71
\l_MT_shortvdotswithinadjustabove_dim=\dimen293
\l_MT_shortvdotswithinadjustbelow_dim=\dimen294
\l_MT_above_intertext_sep=\dimen295
\l_MT_below_intertext_sep=\dimen296
\l_MT_above_shortintertext_sep=\dimen297
\l_MT_below_shortintertext_sep=\dimen298
\xmathstrut@box=\box66
\xmathstrut@dim=\dimen299
) (/usr/local/texlive/2026/texmf-dist/tex/latex/siunitx/siunitx.sty
Package: siunitx 2025-07-09 v3.4.14 A comprehensive (SI) units package
\l__siunitx_number_uncert_offset_int=\count337
\l__siunitx_number_exponent_fixed_int=\count338
\l__siunitx_number_min_decimal_int=\count339
\l__siunitx_number_min_integer_int=\count340
\l__siunitx_number_round_precision_int=\count341
\l__siunitx_number_lower_threshold_int=\count342
\l__siunitx_number_upper_threshold_int=\count343
\l__siunitx_number_group_first_int=\count344
\l__siunitx_number_group_size_int=\count345
\l__siunitx_number_group_minimum_int=\count346
\l__siunitx_angle_tmp_dim=\dimen300
\l__siunitx_angle_marker_box=\box67
\l__siunitx_angle_unit_box=\box68
\l__siunitx_compound_count_int=\count347
 (/usr/local/texlive/2026/texmf-dist/tex/latex/translations/translations.sty
Package: translations 2022/02/05 v1.12 internationalization of LaTeX2e packages (CN)
 (/usr/local/texlive/2026/texmf-dist/tex/generic/pdftexcmds/pdftexcmds.sty
Package: pdftexcmds 2020-06-27 v0.33 Utility functions of pdfTeX for LuaTeX (HO)
 (/usr/local/texlive/2026/texmf-dist/tex/generic/infwarerr/infwarerr.sty
Package: infwarerr 2019/12/03 v1.5 Providing info/warning/error messages (HO)
) (/usr/local/texlive/2026/texmf-dist/tex/generic/ltxcmds/ltxcmds.sty
Package: ltxcmds 2023-12-04 v1.26 LaTeX kernel commands for general use (HO)
)
Package pdftexcmds Info: \pdf@primitive is available.
Package pdftexcmds Info: \pdf@ifprimitive is available.
Package pdftexcmds Info: \pdfdraftmode found.
))
\l__siunitx_table_tmp_box=\box69
\l__siunitx_table_tmp_dim=\dimen301
\l__siunitx_table_column_width_dim=\dimen302
\l__siunitx_table_integer_box=\box70
\l__siunitx_table_decimal_box=\box71
\l__siunitx_table_uncert_box=\box72
\l__siunitx_table_before_box=\box73
\l__siunitx_table_after_box=\box74
\l__siunitx_table_before_dim=\dimen303
\l__siunitx_table_carry_dim=\dimen304
\l__siunitx_unit_tmp_int=\count348
\l__siunitx_unit_position_int=\count349
\l__siunitx_unit_total_int=\count350
 (/usr/local/texlive/2026/texmf-dist/tex/latex/tools/array.sty
Package: array 2025/09/25 v2.6n Tabular extension package (FMi)
\col@sep=\dimen305
\ar@mcellbox=\box75
\extrarowheight=\dimen306
\NC@list=\toks44
\extratabsurround=\skip72
\backup@length=\skip73
\ar@cellbox=\box76
)) (/usr/local/texlive/2026/texmf-dist/tex/latex/float/float.sty
Package: float 2001/11/08 v1.3d Float enhancements (AL)
\c@float@type=\count351
\float@exts=\toks45
\float@box=\box77
\@float@everytoks=\toks46
\@floatcapt=\box78
) (/usr/local/texlive/2026/texmf-dist/tex/latex/booktabs/booktabs.sty
Package: booktabs 2020/01/12 v1.61803398 Publication quality tables
\heavyrulewidth=\dimen307
\lightrulewidth=\dimen308
\cmidrulewidth=\dimen309
\belowrulesep=\dimen310
\belowbottomsep=\dimen311
\aboverulesep=\dimen312
\abovetopsep=\dimen313
\cmidrulesep=\dimen314
\cmidrulekern=\dimen315
\defaultaddspace=\dimen316
\@cmidla=\count352
\@cmidlb=\count353
\@aboverulesep=\dimen317
\@belowrulesep=\dimen318
\@thisruleclass=\count354
\@lastruleclass=\count355
\@thisrulewidth=\dimen319
) (/usr/local/texlive/2026/texmf-dist/tex/latex/colortbl/colortbl.sty
Package: colortbl 2024/10/29 v1.0k Color table columns (DPC)
\everycr=\toks47
\minrowclearance=\skip74
\rownum=\count356
) (/usr/local/texlive/2026/texmf-dist/tex/latex/tools/longtable.sty
Package: longtable 2025-10-13 v4.24 Multi-page Table package (DPC)
\LTleft=\skip75
\LTright=\skip76
\LTpre=\skip77
\LTpost=\skip78
\LTchunksize=\count357
\LTcapwidth=\dimen320
\LT@head=\box79
\LT@firsthead=\box80
\LT@foot=\box81
\LT@lastfoot=\box82
\LT@gbox=\box83
\LT@cols=\count358
\LT@rows=\count359
\c@LT@tables=\count360
\c@LT@chunks=\count361
\LT@p@ftn=\toks48
) (/usr/local/texlive/2026/texmf-dist/tex/latex/caption/caption.sty
Package: caption 2023/08/05 v3.6o Customizing captions (AR)
 (/usr/local/texlive/2026/texmf-dist/tex/latex/caption/caption3.sty
Package: caption3 2023/07/31 v2.4d caption3 kernel (AR)
\caption@tempdima=\dimen321
\captionmargin=\dimen322
\caption@leftmargin=\dimen323
\caption@rightmargin=\dimen324
\caption@width=\dimen325
\caption@indent=\dimen326
\caption@parindent=\dimen327
\caption@hangindent=\dimen328
Package caption Info: Standard document class detected.
)
\c@caption@flags=\count362
\c@continuedfloat=\count363
Package caption Info: float package is loaded.
Package caption Info: longtable package is loaded.
 (/usr/local/texlive/2026/texmf-dist/tex/latex/caption/ltcaption.sty
Package: ltcaption 2021/01/08 v1.4c longtable captions (AR)
)) (/usr/local/texlive/2026/texmf-dist/tex/latex/tools/tabularx.sty
Package: tabularx 2023/12/11 v2.12a `tabularx' package (DPC)
\TX@col@width=\dimen329
\TX@old@table=\dimen330
\TX@old@col=\dimen331
\TX@target=\dimen332
\TX@delta=\dimen333
\TX@cols=\count364
\TX@ftn=\toks49
) (/usr/local/texlive/2026/texmf-dist/tex/latex/hyperref/hyperref.sty
Package: hyperref 2026-01-29 v7.01p Hypertext links for LaTeX
 (/usr/local/texlive/2026/texmf-dist/tex/latex/kvsetkeys/kvsetkeys.sty
Package: kvsetkeys 2022-10-05 v1.19 Key value parser (HO)
) (/usr/local/texlive/2026/texmf-dist/tex/generic/kvdefinekeys/kvdefinekeys.sty
Package: kvdefinekeys 2019-12-19 v1.6 Define keys (HO)
) (/usr/local/texlive/2026/texmf-dist/tex/generic/pdfescape/pdfescape.sty
Package: pdfescape 2019/12/09 v1.15 Implements pdfTeX's escape features (HO)
) (/usr/local/texlive/2026/texmf-dist/tex/latex/hycolor/hycolor.sty
Package: hycolor 2020-01-27 v1.10 Color options for hyperref/bookmark (HO)
) (/usr/local/texlive/2026/texmf-dist/tex/latex/hyperref/nameref.sty
Package: nameref 2026-01-29 v2.58 Cross-referencing by name of section
 (/usr/local/texlive/2026/texmf-dist/tex/latex/refcount/refcount.sty
Package: refcount 2019/12/15 v3.6 Data extraction from label references (HO)
) (/usr/local/texlive/2026/texmf-dist/tex/generic/gettitlestring/gettitlestring.sty
Package: gettitlestring 2019/12/15 v1.6 Cleanup title references (HO)
 (/usr/local/texlive/2026/texmf-dist/tex/latex/kvoptions/kvoptions.sty
Package: kvoptions 2022-06-15 v3.15 Key value format for package options (HO)
))
\c@section@level=\count365
) (/usr/local/texlive/2026/texmf-dist/tex/generic/stringenc/stringenc.sty
Package: stringenc 2019/11/29 v1.12 Convert strings between diff. encodings (HO)
)
\@linkdim=\dimen334
\Hy@linkcounter=\count366
\Hy@pagecounter=\count367
 (/usr/local/texlive/2026/texmf-dist/tex/latex/hyperref/pd1enc.def
File: pd1enc.def 2026-01-29 v7.01p Hyperref: PDFDocEncoding definition (HO)
Now handling font encoding PD1 ...
... no UTF-8 mapping file for font encoding PD1
) (/usr/local/texlive/2026/texmf-dist/tex/generic/intcalc/intcalc.sty
Package: intcalc 2019/12/15 v1.3 Expandable calculations with integers (HO)
)
\Hy@SavedSpaceFactor=\count368
 (/usr/local/texlive/2026/texmf-dist/tex/latex/hyperref/puenc.def
File: puenc.def 2026-01-29 v7.01p Hyperref: PDF Unicode definition (HO)
Now handling font encoding PU ...
... no UTF-8 mapping file for font encoding PU
)
Package hyperref Info: Hyper figures OFF on input line 4201.
Package hyperref Info: Link nesting OFF on input line 4206.
Package hyperref Info: Hyper index ON on input line 4209.
Package hyperref Info: Plain pages OFF on input line 4216.
Package hyperref Info: Backreferencing OFF on input line 4221.
Package hyperref Info: Implicit mode ON; LaTeX internals redefined.
Package hyperref Info: Bookmarks ON on input line 4468.
\c@Hy@tempcnt=\count369
 (/usr/local/texlive/2026/texmf-dist/tex/latex/url/url.sty
\Urlmuskip=\muskip18
Package: url 2013/09/16  ver 3.4  Verb mode for urls, etc.
)
LaTeX Info: Redefining \url on input line 4807.
\XeTeXLinkMargin=\dimen335
 (/usr/local/texlive/2026/texmf-dist/tex/generic/bitset/bitset.sty
Package: bitset 2019/12/09 v1.3 Handle bit-vector datatype (HO)
 (/usr/local/texlive/2026/texmf-dist/tex/generic/bigintcalc/bigintcalc.sty
Package: bigintcalc 2019/12/15 v1.5 Expandable calculations on big integers (HO)
))
\Fld@menulength=\count370
\Field@Width=\dimen336
\Fld@charsize=\dimen337
Package hyperref Info: Hyper figures OFF on input line 6084.
Package hyperref Info: Link nesting OFF on input line 6089.
Package hyperref Info: Hyper index ON on input line 6092.
Package hyperref Info: backreferencing OFF on input line 6099.
Package hyperref Info: Link coloring OFF on input line 6104.
Package hyperref Info: Link coloring with OCG OFF on input line 6109.
Package hyperref Info: PDF/A mode OFF on input line 6114.
\Hy@abspage=\count371
\c@Item=\count372
\c@Hfootnote=\count373
)
Package hyperref Info: Driver (autodetected): hpdftex.
 (/usr/local/texlive/2026/texmf-dist/tex/latex/hyperref/hpdftex.def
File: hpdftex.def 2026-01-29 v7.01p Hyperref driver for pdfTeX
\Fld@listcount=\count374
\c@bookmark@seq@number=\count375
 (/usr/local/texlive/2026/texmf-dist/tex/latex/rerunfilecheck/rerunfilecheck.sty
Package: rerunfilecheck 2025-06-21 v1.11 Rerun checks for auxiliary files (HO)
 (/usr/local/texlive/2026/texmf-dist/tex/generic/uniquecounter/uniquecounter.sty
Package: uniquecounter 2019/12/15 v1.4 Provide unlimited unique counter (HO)
)
Package uniquecounter Info: New unique counter `rerunfilecheck' on input line 284.
)
\Hy@SectionHShift=\skip79
) (/usr/local/texlive/2026/texmf-dist/tex/latex/listings/listings.sty
\lst@mode=\count376
\lst@gtempboxa=\box84
\lst@token=\toks50
\lst@length=\count377
\lst@currlwidth=\dimen338
\lst@column=\count378
\lst@pos=\count379
\lst@lostspace=\dimen339
\lst@width=\dimen340
\lst@newlines=\count380
\lst@lineno=\count381
\lst@maxwidth=\dimen341
 (/usr/local/texlive/2026/texmf-dist/tex/latex/listings/lstpatch.sty
File: lstpatch.sty 2025/11/14 1.11b (Carsten Heinz)
) (/usr/local/texlive/2026/texmf-dist/tex/latex/listings/lstmisc.sty
File: lstmisc.sty 2025/11/14 1.11b (Carsten Heinz)
\c@lstnumber=\count382
\lst@skipnumbers=\count383
\lst@framebox=\box85
) (/usr/local/texlive/2026/texmf-dist/tex/latex/listings/listings.cfg
File: listings.cfg 2025/11/14 1.11b listings configuration
))
Package: listings 2025/11/14 1.11b (Carsten Heinz)

==> First Aid for listings.sty no longer applied!
    Expected:
        2024/09/23 1.10c (Carsten Heinz)
    but found:
        2025/11/14 1.11b (Carsten Heinz)
    so I'm assuming it got fixed.
(/usr/local/texlive/2026/texmf-dist/tex/latex/upquote/upquote.sty
Package: upquote 2012/04/19 v1.3 upright-quote and grave-accent glyphs in verbatim
) (/usr/local/texlive/2026/texmf-dist/tex/latex/fancyhdr/fancyhdr.sty
Package: fancyhdr 2025/02/07 v5.2 Extensive control of page headers and footers
\f@nch@headwidth=\skip80
\f@nch@offset@elh=\skip81
\f@nch@offset@erh=\skip82
\f@nch@offset@olh=\skip83
\f@nch@offset@orh=\skip84
\f@nch@offset@elf=\skip85
\f@nch@offset@erf=\skip86
\f@nch@offset@olf=\skip87
\f@nch@offset@orf=\skip88
\f@nch@height=\skip89
\f@nch@footalignment=\skip90
\f@nch@widthL=\skip91
\f@nch@widthC=\skip92
\f@nch@widthR=\skip93
\@temptokenb=\toks51
) (/usr/local/texlive/2026/texmf-dist/tex/latex/titlesec/titlesec.sty
Package: titlesec 2025/01/04 v2.17 Sectioning titles
\ttl@box=\box86
\beforetitleunit=\skip94
\aftertitleunit=\skip95
\ttl@plus=\dimen342
\ttl@minus=\dimen343
\ttl@toksa=\toks52
\titlewidth=\dimen344
\titlewidthlast=\dimen345
\titlewidthfirst=\dimen346
))
LaTeX Font Info:    Trying to load font information for T1+ntxtlf on input line 3.
 (/usr/local/texlive/2026/texmf-dist/tex/latex/newtx/t1ntxtlf.fd
File: t1ntxtlf.fd 2021/05/24 v1.1 font definition file for T1/ntx/tlf
)
LaTeX Font Info:    Font shape `T1/ntxtlf/m/n' will be
(Font)              scaled to size 10.95pt on input line 3.
 (./main.aux
LaTeX Info: Redefining \. on input line 11.
LaTeX Info: Redefining \% on input line 11.
Package babel Info: 'spanish' activates 'spanish' shorthands.
(babel)             Reported on input line 11.


LaTeX Warning: Label `fig:prueba2_06abr' multiply defined.


LaTeX Warning: Label `fig:prueba2_06abr' multiply defined.


LaTeX Warning: Label `fig:placeholder1' multiply defined.


LaTeX Warning: Label `fig:placeholder1' multiply defined.


LaTeX Warning: Label `fig:placeholder1' multiply defined.


LaTeX Warning: Label `fig:prueba2_06abr' multiply defined.


LaTeX Warning: Label `fig:graficos_telemetria' multiply defined.


LaTeX Warning: Label `fig:prueba2_10mar' multiply defined.


LaTeX Warning: Label `fig:prueba2_10mar' multiply defined.


LaTeX Warning: Label `fig:prueba2_10mar' multiply defined.


LaTeX Warning: Label `fig:prueba2_10mar' multiply defined.


LaTeX Warning: Label `fig:prueba2_10mar' multiply defined.


LaTeX Warning: Label `fig:prueba2_10mar' multiply defined.


LaTeX Warning: Label `fig:prueba2_10mar' multiply defined.


LaTeX Warning: Label `fig:prueba2_10mar' multiply defined.


LaTeX Warning: Label `fig:prueba2_10mar' multiply defined.


LaTeX Warning: Label `fig:prueba2_10mar' multiply defined.


LaTeX Warning: Label `fig:prueba2_10mar' multiply defined.


LaTeX Warning: Label `fig:prueba2_10mar' multiply defined.


LaTeX Warning: Label `fig:prueba2_10mar' multiply defined.


LaTeX Warning: Label `fig:prueba2_10mar' multiply defined.

)
\openout1 = `main.aux'.

LaTeX Font Info:    Checking defaults for OML/ntxmi/m/it on input line 3.
LaTeX Font Info:    Trying to load font information for OML+ntxmi on input line 3.
 (/usr/local/texlive/2026/texmf-dist/tex/latex/newtx/omlntxmi.fd
File: omlntxmi.fd 2015/08/25 Fontinst v1.933 font definitions for OML/ntxmi.
)
LaTeX Font Info:    ... okay on input line 3.
LaTeX Font Info:    Checking defaults for OMS/cmsy/m/n on input line 3.
LaTeX Font Info:    ... okay on input line 3.
LaTeX Font Info:    Checking defaults for OT1/cmr/m/n on input line 3.
LaTeX Font Info:    ... okay on input line 3.
LaTeX Font Info:    Checking defaults for T1/cmr/m/n on input line 3.
LaTeX Font Info:    ... okay on input line 3.
LaTeX Font Info:    Checking defaults for TS1/cmr/m/n on input line 3.
LaTeX Font Info:    ... okay on input line 3.
LaTeX Font Info:    Checking defaults for OMX/cmex/m/n on input line 3.
LaTeX Font Info:    ... okay on input line 3.
LaTeX Font Info:    Checking defaults for U/ntxexa/m/n on input line 3.
LaTeX Font Info:    Trying to load font information for U+ntxexa on input line 3.
 (/usr/local/texlive/2026/texmf-dist/tex/latex/newtx/untxexa.fd
File: untxexa.fd 2012/04/16 Fontinst v1.933 font definitions for U/ntxexa.
)
LaTeX Font Info:    ... okay on input line 3.
LaTeX Font Info:    Checking defaults for LMS/ntxsy/m/n on input line 3.
LaTeX Font Info:    Trying to load font information for LMS+ntxsy on input line 3.
 (/usr/local/texlive/2026/texmf-dist/tex/latex/newtx/lmsntxsy.fd
File: lmsntxsy.fd 2016/07/02 Fontinst v1.933 font definitions for LMS/ntxsy.
)
LaTeX Font Info:    ... okay on input line 3.
LaTeX Font Info:    Checking defaults for LMX/ntxexx/m/n on input line 3.
LaTeX Font Info:    Trying to load font information for LMX+ntxexx on input line 3.
 (/usr/local/texlive/2026/texmf-dist/tex/latex/newtx/lmxntxexx.fd
File: lmxntxexx.fd 2016/07/03 Fontinst v1.933 font definitions for LMX/ntxexx.
)
LaTeX Font Info:    ... okay on input line 3.
LaTeX Font Info:    Checking defaults for PD1/pdf/m/n on input line 3.
LaTeX Font Info:    ... okay on input line 3.
LaTeX Font Info:    Checking defaults for PU/pdf/m/n on input line 3.
LaTeX Font Info:    ... okay on input line 3.
LaTeX Info: Redefining \. on input line 3.
LaTeX Info: Redefining \% on input line 3.
 (/usr/local/texlive/2026/texmf-dist/tex/context/base/mkii/supp-pdf.mkii
[Loading MPS to PDF converter (version 2006.09.02).]
\scratchcounter=\count384
\scratchdimen=\dimen347
\scratchbox=\box87
\nofMPsegments=\count385
\nofMParguments=\count386
\everyMPshowfont=\toks53
\MPscratchCnt=\count387
\MPscratchDim=\dimen348
\MPnumerator=\count388
\makeMPintoPDFobject=\count389
\everyMPtoPDFconversion=\toks54
) (/usr/local/texlive/2026/texmf-dist/tex/latex/epstopdf-pkg/epstopdf-base.sty
Package: epstopdf-base 2020-01-24 v2.11 Base part for package epstopdf
Package epstopdf-base Info: Redefining graphics rule for `.eps' on input line 485.
 (/usr/local/texlive/2026/texmf-dist/tex/latex/latexconfig/epstopdf-sys.cfg
File: epstopdf-sys.cfg 2010/07/13 v1.3 Configuration of (r)epstopdf for TeX Live
))
\c@mv@tabular=\count390
\c@mv@boldtabular=\count391
LaTeX Info: Command `\dddot' is already robust on input line 3.
LaTeX Info: Command `\ddddot' is already robust on input line 3.

*geometry* driver: auto-detecting
*geometry* detected driver: pdftex
*geometry* verbose mode - [ preamble ] result:
* driver: pdftex
* paper: a4paper
* layout: <same size as paper>
* layoutoffset:(h,v)=(0.0pt,0.0pt)
* modes: 
* h-part:(L,W,R)=(72.2698pt, 452.96826pt, 72.2698pt)
* v-part:(T,H,B)=(72.2698pt, 700.50723pt, 72.2698pt)
* \paperwidth=597.50787pt
* \paperheight=845.04684pt
* \textwidth=452.96826pt
* \textheight=700.50723pt
* \oddsidemargin=-0.00018pt
* \evensidemargin=-0.00018pt
* \topmargin=-37.00018pt
* \headheight=12.0pt
* \headsep=25.0pt
* \topskip=11.0pt
* \footskip=30.0pt
* \marginparwidth=50.0pt
* \marginparsep=10.0pt
* \columnsep=10.0pt
* \skip\footins=10.0pt plus 4.0pt minus 2.0pt
* \hoffset=0.0pt
* \voffset=0.0pt
* \mag=1000
* \@twocolumnfalse
* \@twosidefalse
* \@mparswitchfalse
* \@reversemarginfalse
* (1in=72.27pt=25.4mm, 1cm=28.453pt)

(/usr/local/texlive/2026/texmf-dist/tex/latex/translations/translations-basic-dictionary-spanish.trsl
File: translations-basic-dictionary-spanish.trsl (spanish translation file `translations-basic-dictionary')
)
Package translations Info: loading dictionary `translations-basic-dictionary' for `spanish'. on input line 3.
Package caption Info: Begin \AtBeginDocument code.
Package caption Info: hyperref package is loaded.
Package caption Info: listings package is loaded.
Package caption Info: End \AtBeginDocument code.
Package hyperref Info: Link coloring OFF on input line 3.
 (./main.out) (./main.out)
\@outlinefile=\write4
\openout4 = `main.out'.

\c@lstlisting=\count392
 (./portada.tex
LaTeX Font Info:    Font shape `T1/ntxtlf/b/n' will be
(Font)              scaled to size 10.95pt on input line 11.
) [1

{/usr/local/texlive/2026/texmf-var/fonts/map/pdftex/updmap/pdftex.map}{/usr/local/texlive/2026/texmf-dist/fonts/enc/dvips/newtx/ntx-ec-tlf.enc}] (./paginas/tribunal.tex) [2

] (./paginas/director.tex
LaTeX Font Info:    Trying to load font information for OT1+minntx on input line 25.
 (/usr/local/texlive/2026/texmf-dist/tex/latex/newtx/ot1minntx.fd
File: ot1minntx.fd 2023/09/09 v1.1 font definition file for OT1/minntx
)
LaTeX Font Info:    Font shape `OT1/minntx/m/n' will be
(Font)              scaled to size 10.95pt on input line 25.
LaTeX Font Info:    Font shape `OT1/minntx/m/n' will be
(Font)              scaled to size 8.0pt on input line 25.
LaTeX Font Info:    Font shape `OT1/minntx/m/n' will be
(Font)              scaled to size 6.1pt on input line 25.
LaTeX Font Info:    Font shape `OML/ntxmi/m/it' will be
(Font)              scaled to size 10.95pt on input line 25.
LaTeX Font Info:    Font shape `OML/ntxmi/m/it' will be
(Font)              scaled to size 8.0pt on input line 25.
LaTeX Font Info:    Font shape `OML/ntxmi/m/it' will be
(Font)              scaled to size 6.1pt on input line 25.
LaTeX Font Info:    Font shape `LMS/ntxsy/m/n' will be
(Font)              scaled to size 10.95pt on input line 25.
LaTeX Font Info:    Font shape `LMS/ntxsy/m/n' will be
(Font)              scaled to size 8.0pt on input line 25.
LaTeX Font Info:    Font shape `LMS/ntxsy/m/n' will be
(Font)              scaled to size 6.1pt on input line 25.
LaTeX Font Info:    Font shape `LMX/ntxexx/m/n' will be
(Font)              scaled to size 10.95pt on input line 25.
LaTeX Font Info:    Font shape `LMX/ntxexx/m/n' will be
(Font)              scaled to size 8.0pt on input line 25.
LaTeX Font Info:    Font shape `LMX/ntxexx/m/n' will be
(Font)              scaled to size 6.1pt on input line 25.
LaTeX Font Info:    Trying to load font information for U+ntxmia on input line 25.
 (/usr/local/texlive/2026/texmf-dist/tex/latex/newtx/untxmia.fd
File: untxmia.fd 2024/04/09 Fontinst v1.933 font definitions for U/ntxmia.
)
LaTeX Font Info:    Font shape `U/ntxmia/m/it' will be
(Font)              scaled to size 10.95pt on input line 25.
LaTeX Font Info:    Font shape `U/ntxmia/m/it' will be
(Font)              scaled to size 8.0pt on input line 25.
LaTeX Font Info:    Font shape `U/ntxmia/m/it' will be
(Font)              scaled to size 6.1pt on input line 25.
LaTeX Font Info:    Trying to load font information for U+ntxsym on input line 25.
 (/usr/local/texlive/2026/texmf-dist/tex/latex/newtx/untxsym.fd
File: untxsym.fd 2023/08/16 Fontinst v1.933 font definitions for U/ntxsym.
)
LaTeX Font Info:    Font shape `U/ntxsym/m/n' will be
(Font)              scaled to size 10.95pt on input line 25.
LaTeX Font Info:    Font shape `U/ntxsym/m/n' will be
(Font)              scaled to size 8.0pt on input line 25.
LaTeX Font Info:    Font shape `U/ntxsym/m/n' will be
(Font)              scaled to size 6.1pt on input line 25.
LaTeX Font Info:    Trying to load font information for U+ntxsyc on input line 25.
 (/usr/local/texlive/2026/texmf-dist/tex/latex/newtx/untxsyc.fd
File: untxsyc.fd 2012/04/12 Fontinst v1.933 font definitions for U/ntxsyc.
)
LaTeX Font Info:    Font shape `U/ntxsyc/m/n' will be
(Font)              scaled to size 10.95pt on input line 25.
LaTeX Font Info:    Font shape `U/ntxsyc/m/n' will be
(Font)              scaled to size 8.0pt on input line 25.
LaTeX Font Info:    Font shape `U/ntxsyc/m/n' will be
(Font)              scaled to size 6.1pt on input line 25.
LaTeX Font Info:    Font shape `U/ntxexa/m/n' will be
(Font)              scaled to size 10.95pt on input line 25.
LaTeX Font Info:    Font shape `U/ntxexa/m/n' will be
(Font)              scaled to size 8.0pt on input line 25.
LaTeX Font Info:    Font shape `U/ntxexa/m/n' will be
(Font)              scaled to size 6.1pt on input line 25.
LaTeX Font Info:    Trying to load font information for U+msa on input line 25.
 (/usr/local/texlive/2026/texmf-dist/tex/latex/amsfonts/umsa.fd
File: umsa.fd 2013/01/14 v3.01 AMS symbols A
)
LaTeX Font Info:    Trying to load font information for U+msb on input line 25.
 (/usr/local/texlive/2026/texmf-dist/tex/latex/amsfonts/umsb.fd
File: umsb.fd 2013/01/14 v3.01 AMS symbols B
)) [3

] (./paginas/dedicatoria.tex
LaTeX Font Info:    Font shape `T1/ntxtlf/b/n' will be
(Font)              scaled to size 14.0pt on input line 1.
)
LaTeX Font Info:    Font shape `T1/ntxtlf/m/sc' will be
(Font)              scaled to size 10.95pt on input line 13.
 [4


{/usr/local/texlive/2026/texmf-dist/fonts/enc/dvips/newtx/ntx-ec-tlf-pc.enc}] (./paginas/agradecimientos.tex) [5


] (./paginas/resumen.tex) [6


] (./paginas/abstract.tex) [7


] (./paginas/resumo.tex) [8


] (./main.toc
LaTeX Info: Redefining \. on input line 1.
LaTeX Info: Redefining \% on input line 1.
LaTeX Font Info:    Font shape `T1/ntxtlf/b/sc' will be
(Font)              scaled to size 10.95pt on input line 2.
LaTeX Font Info:    Font shape `T1/ntxtlf/m/n' will be
(Font)              scaled to size 12.0pt on input line 21.
LaTeX Font Info:    Font shape `T1/ntxtlf/b/n' will be
(Font)              scaled to size 12.0pt on input line 21.
 [9


] [10]
LaTeX Font Info:    Font shape `T1/ntxtlf/m/it' will be
(Font)              scaled to size 10.95pt on input line 63.
 [11] [12])
\tf@toc=\write5
\openout5 = `main.toc'.

 [13] (./main.lot
LaTeX Info: Redefining \. on input line 1.
LaTeX Info: Redefining \% on input line 1.
)
\tf@lot=\write6
\openout6 = `main.lot'.

 [14


] (./main.lof
LaTeX Info: Redefining \. on input line 1.
LaTeX Info: Redefining \% on input line 1.

Overfull \hbox (1.88303pt too wide) in paragraph at lines 6--6
 [][] [][]\T1/ntxtlf/m/n/10.95 Espectros de ab-sor-ción de la clo-ro-fi-la A y la clo-ro-fi-la B en fun-ción de la lon-gi-tud de on- 
 []

[15


]
Overfull \hbox (8.95667pt too wide) in paragraph at lines 60--60
 [][] [][]\T1/ntxtlf/m/n/10.95 Series tem-po-ra-les de la te-le-me-tría del pro-to-ti-po: va-ria-bles lu-mí-ni-cas, am-bien-ta-les, de sue- 
 []

[16]
Overfull \hbox (8.95667pt too wide) in paragraph at lines 72--72
 [][] [][]\T1/ntxtlf/m/n/10.95 Series tem-po-ra-les de la te-le-me-tría del pro-to-ti-po: va-ria-bles lu-mí-ni-cas, am-bien-ta-les, de sue- 
 []

[17])
\tf@lof=\write7
\openout7 = `main.lof'.

 [18] (./paginas/lista_simbolos.tex [19


]) [20] (./capitulos/01_introduccion.tex
Cap\'{\i }tulo 1.
[1


] [2] [3] [4] [5] [6]) [7]
LaTeX Font Info:    Font shape `T1/ntxtlf/m/n' will be
(Font)              scaled to size 24.88pt on input line 36.
LaTeX Font Info:    Font shape `T1/ntxtlf/b/n' will be
(Font)              scaled to size 24.88pt on input line 36.
 [8


] (./capitulos/02_marco_teorico.tex
Cap\'{\i }tulo 2.
LaTeX Font Info:    Font shape `T1/ntxtlf/m/n' will be
(Font)              scaled to size 8.0pt on input line 17.
LaTeX Font Info:    Font shape `T1/ntxtlf/m/n' will be
(Font)              scaled to size 6.1pt on input line 22.
[9

{/usr/local/texlive/2026/texmf-dist/fonts/enc/dvips/newtx/ntx-ot1-tlf.enc}]
<Imagenes/Fotosintesis.png, id=985, 484.81125pt x 378.66469pt>
File: Imagenes/Fotosintesis.png Graphic file (type png)
<use Imagenes/Fotosintesis.png>
Package pdftex.def Info: Imagenes/Fotosintesis.png  used on input line 35.
(pdftex.def)             Requested size: 364.28812pt x 284.52939pt.
LaTeX Font Info:    Font shape `T1/ntxtlf/m/n' will be
(Font)              scaled to size 10.0pt on input line 39.
LaTeX Font Info:    Font shape `T1/ntxtlf/b/n' will be
(Font)              scaled to size 10.0pt on input line 39.
<Imagenes/Cloroplasto.png, id=989, 853.1875pt x 282.05376pt>
File: Imagenes/Cloroplasto.png Graphic file (type png)
<use Imagenes/Cloroplasto.png>
Package pdftex.def Info: Imagenes/Cloroplasto.png  used on input line 45.
(pdftex.def)             Requested size: 452.98135pt x 149.7503pt.
 [10 <./Imagenes/Fotosintesis.png>]
<Imagenes/absorcion.png, id=998, 547.04375pt x 605.26125pt>
File: Imagenes/absorcion.png Graphic file (type png)
<use Imagenes/absorcion.png>
Package pdftex.def Info: Imagenes/absorcion.png  used on input line 54.
(pdftex.def)             Requested size: 257.16068pt x 284.52823pt.
 [11 <./Imagenes/Cloroplasto.png> <./Imagenes/absorcion.png>] [12] [13]
LaTeX Font Info:    Trying to load font information for TS1+ntxtlf on input line 110.
 (/usr/local/texlive/2026/texmf-dist/tex/latex/newtx/ts1ntxtlf.fd
File: ts1ntxtlf.fd 2015/01/18 v1.0 fd file for TS1/ntxtlf
)
LaTeX Info: Symbol \textmu not provided by
            font family ntxtlf in TS1 encoding.
            Default family used instead on input line 110.
 [14{/usr/local/texlive/2026/texmf-dist/fonts/enc/dvips/cm-super/cm-super-ts1.enc}]
LaTeX Info: Symbol \textmu not provided by
            font family ntxtlf in TS1 encoding.
            Default family used instead on input line 136.

Underfull \hbox (badness 10000) in paragraph at lines 163--163
[]|\T1/ntxtlf/m/n/10 Muy al-ta; en-tre $\OT1/minntx/m/n/10 70$$%$ \T1/ntxtlf/m/n/10 y $\OT1/minntx/m/n/10 95$$%$ \T1/ntxtlf/m/n/10 me-nos
 []


Underfull \hbox (badness 10000) in paragraph at lines 163--163
\T1/ntxtlf/m/n/10 con-su-mo de agua que el cul-ti-vo tra-di-
 []


Underfull \hbox (badness 10000) in paragraph at lines 163--163
[]|\T1/ntxtlf/m/n/10 Menor efi-cien-cia hí-dri-ca re-la-ti-va, aun-
 []


Underfull \hbox (badness 10000) in paragraph at lines 163--163
\T1/ntxtlf/m/n/10 que muy su-pe-rior a la del cul-ti-vo a
 []


Underfull \hbox (badness 10000) in paragraph at lines 163--163
[]|\T1/ntxtlf/m/n/10 Preciso, me-dian-te mo-ni-to-reo con-ti-nuo
 []


Underfull \hbox (badness 10000) in paragraph at lines 163--163
\T1/ntxtlf/m/n/10 de con-duc-ti-vi-dad eléc-tri-ca (EC) y pH
 []


Underfull \hbox (badness 10000) in paragraph at lines 163--163
[]|\T1/ntxtlf/m/n/10 Gestionado en gran me-di-da por el
 []


Underfull \hbox (badness 10000) in paragraph at lines 163--163
\T1/ntxtlf/m/n/10 pro-pio me-dio, sin mo-ni-to-reo con-ti-nuo
 []


Underfull \hbox (badness 10000) in paragraph at lines 163--163
[]|\T1/ntxtlf/m/n/10 Sensores de EC y pH, de cos-to con-
 []


Underfull \hbox (badness 10000) in paragraph at lines 163--163
\T1/ntxtlf/m/n/10 si-de-ra-ble-men-te ma-yor al res-to de la
 []


Underfull \hbox (badness 10000) in paragraph at lines 163--163
[]|\T1/ntxtlf/m/n/10 No re-quie-re sen-so-res de EC/pH; ins-
 []


Underfull \hbox (badness 10000) in paragraph at lines 163--163
\T1/ntxtlf/m/n/10 tru-men-ta-ción li-mi-ta-da a va-ria-bles
 []


Underfull \hbox (badness 10000) in paragraph at lines 163--163
[]|\T1/ntxtlf/m/n/10 Baja: cual-quier des-vío en la so-lu-ción
 []


Underfull \hbox (badness 10000) in paragraph at lines 163--163
\T1/ntxtlf/m/n/10 afec-ta di-rec-ta-men-te y sin amor-ti-gua-
 []


Underfull \hbox (badness 10000) in paragraph at lines 163--163
[]|\T1/ntxtlf/m/n/10 Mayor: la ri-zos-fe-ra apor-ta cier-ta ca-
 []


Underfull \hbox (badness 10000) in paragraph at lines 163--163
\T1/ntxtlf/m/n/10 pa-ci-dad de amor-ti-gua-ción (\T1/ntxtlf/m/it/10 buf-fe-ring\T1/ntxtlf/m/n/10 )
 []


Underfull \hbox (badness 10000) in paragraph at lines 163--163
[]|\T1/ntxtlf/m/n/10 Fallas del sis-te-ma de bom-
 []


Underfull \hbox (badness 10000) in paragraph at lines 163--163
\T1/ntxtlf/m/n/10 beo/dosificación com-pro-me-ten rá-
 []


Underfull \hbox (badness 10000) in paragraph at lines 163--163
[]|\T1/ntxtlf/m/n/10 Encharcamiento o sus-tra-to mal dre-na-
 []

LaTeX Font Info:    Font shape `T1/ntxtlf/m/n' will be
(Font)              scaled to size 9.0pt on input line 168.
LaTeX Font Info:    Font shape `T1/ntxtlf/b/n' will be
(Font)              scaled to size 9.0pt on input line 168.
[15]
Underfull \hbox (badness 10000) in paragraph at lines 185--185
[]|\T1/ntxtlf/m/n/10 Rúcula (\T1/ntxtlf/m/it/10 Eru-ca
 []


Underfull \hbox (badness 10000) in paragraph at lines 185--185
[]|\T1/ntxtlf/m/n/10 Ideal $\OT1/minntx/m/n/10 24$$[]$\T1/ntxtlf/m/n/10 ;
 []


Underfull \hbox (badness 10000) in paragraph at lines 185--185
\T1/ntxtlf/m/n/10 tem-pe-ra-tu-ras
 []


Underfull \hbox (badness 10000) in paragraph at lines 185--185
\T1/ntxtlf/m/n/10 ma-yo-res in-du-
 []


Underfull \hbox (badness 10000) in paragraph at lines 185--185
\T1/ntxtlf/m/n/10 cen es-pi-ga-do y
 []


Underfull \hbox (badness 10000) in paragraph at lines 185--185
[]|$\OT1/minntx/m/n/10 12$$h$ [] $14$$h$\T1/ntxtlf/m/n/10 ;
 []


Underfull \hbox (badness 10000) in paragraph at lines 185--185
\T1/ntxtlf/m/n/10 no ex-ce-der
 []


Underfull \hbox (badness 10000) in paragraph at lines 185--185
\T1/ntxtlf/m/n/10 pa-ra evi-tar
 []

LaTeX Info: Symbol \textmu not provided by
            font family ntxtlf in TS1 encoding.
            Default family used instead on input line 185.
LaTeX Font Info:    Font shape `T1/ntxtlf/m/n' will be
(Font)              scaled to size 7.3pt on input line 185.
LaTeX Font Info:    Font shape `T1/ntxtlf/m/n' will be
(Font)              scaled to size 5.5pt on input line 185.

Underfull \hbox (badness 1577) in paragraph at lines 185--185
[]|$\LMS/ntxsy/m/n/10 ^^Y \OT1/minntx/m/n/10 230 [] m[] s[]$ \T1/ntxtlf/m/n/10 de
 []


Underfull \hbox (badness 10000) in paragraph at lines 185--186
[]|\T1/ntxtlf/m/n/10 Sustrato siem-pre hú-
 []


Underfull \hbox (badness 10000) in paragraph at lines 185--186
\T1/ntxtlf/m/n/10 me-do, sin en-char-car;
 []


Underfull \hbox (badness 10000) in paragraph at lines 185--186
\T1/ntxtlf/m/n/10 ideal en ma-ce-tas de
 []


Underfull \hbox (badness 10000) in paragraph at lines 187--187
[]|\T1/ntxtlf/m/n/10 Espinaca (var.
 []


Underfull \hbox (badness 10000) in paragraph at lines 187--187
\T1/ntxtlf/m/n/10 Mons-truo-sa de
 []


Underfull \hbox (badness 10000) in paragraph at lines 187--187
[]|\T1/ntxtlf/m/n/10 Favorecida por
 []


Underfull \hbox (badness 10000) in paragraph at lines 187--187
\T1/ntxtlf/m/n/10 tem-pe-ra-tu-ras
 []


Underfull \hbox (badness 10000) in paragraph at lines 187--187
\T1/ntxtlf/m/n/10 ba-jas; el ca-lor
 []


Underfull \hbox (badness 10000) in paragraph at lines 187--187
\T1/ntxtlf/m/n/10 de-te-rio-ra la
 []


Underfull \hbox (badness 10000) in paragraph at lines 187--187
\T1/ntxtlf/m/n/10 ca-li-dad de ho-ja
 []


Underfull \hbox (badness 10000) in paragraph at lines 187--187
[]|$\OT1/minntx/m/n/10 9$$h$ [] $16$$h$
 []


Underfull \hbox (badness 10000) in paragraph at lines 187--187
\T1/ntxtlf/m/n/10 se-gún el ob-je-
 []


Underfull \hbox (badness 10000) in paragraph at lines 187--187
\T1/ntxtlf/m/n/10 ti-vo (ca-li-dad
 []


Underfull \hbox (badness 10000) in paragraph at lines 187--187
\T1/ntxtlf/m/n/10 vs. ren-di-
 []

LaTeX Info: Symbol \textmu not provided by
            font family ntxtlf in TS1 encoding.
            Default family used instead on input line 187.
LaTeX Info: Symbol \textmu not provided by
            font family ntxtlf in TS1 encoding.
            Default family used instead on input line 187.

Underfull \hbox (badness 10000) in paragraph at lines 187--187
[]|$\LMS/ntxsy/m/n/10 ^^Y$$\OT1/minntx/m/n/10 100$$[] m[] s[]$
 []


Underfull \hbox (badness 10000) in paragraph at lines 187--187
[] $\OT1/minntx/m/n/10 150$$[] m[] s[]$
 []


Underfull \hbox (badness 10000) in paragraph at lines 187--187
\T1/ntxtlf/m/n/10 de PPFD en dis-tin-tos
 []


Underfull \hbox (badness 10000) in paragraph at lines 187--187
\T1/ntxtlf/m/n/10 cul-ti-va-res [[]]; DLI
 []


Underfull \hbox (badness 10000) in paragraph at lines 187--187
\T1/ntxtlf/m/n/10 óp-ti-mo de re-fe-ren-
 []


Underfull \hbox (badness 10000) in paragraph at lines 187--187
\T1/ntxtlf/m/n/10 cia (hi-dro-pó-ni-co) de
 []


Underfull \hbox (badness 10000) in paragraph at lines 187--187
\OT1/minntx/m/n/10 17\OML/ntxmi/m/it/10 :\OT1/minntx/m/n/10 3$$[] m[] d[]$ \T1/ntxtlf/m/n/10 [[]],
 []


Underfull \hbox (badness 10000) in paragraph at lines 187--187
\T1/ntxtlf/m/n/10 mo-de-ra-da-men-te in-fe-rior
 []


Underfull \hbox (badness 10000) in paragraph at lines 187--188
[]|\T1/ntxtlf/m/n/10 Requiere bue-na ven-ti-
 []


Underfull \hbox (badness 10000) in paragraph at lines 187--188
\T1/ntxtlf/m/n/10 la-ción y sus-tra-to muy
 []


Underfull \hbox (badness 10000) in paragraph at lines 187--188
\T1/ntxtlf/m/n/10 bien dre-na-do; el en-
 []


Underfull \hbox (badness 10000) in paragraph at lines 187--188
\T1/ntxtlf/m/n/10 char-ca-mien-to fa-vo-re-ce
 []


Underfull \hbox (badness 10000) in paragraph at lines 187--188
\T1/ntxtlf/m/n/10 hon-gos en la ba-se del
 []

[16]
LaTeX Info: Symbol \textmu not provided by
            font family ntxtlf in TS1 encoding.
            Default family used instead on input line 198.
 [17]
LaTeX Font Info:    Font shape `OT1/minntx/m/n' will be
(Font)              scaled to size 9.0pt on input line 208.
LaTeX Font Info:    Font shape `OT1/minntx/m/n' will be
(Font)              scaled to size 6.6pt on input line 208.
LaTeX Font Info:    Font shape `OML/ntxmi/m/it' will be
(Font)              scaled to size 9.0pt on input line 208.
LaTeX Font Info:    Font shape `OML/ntxmi/m/it' will be
(Font)              scaled to size 6.6pt on input line 208.
LaTeX Font Info:    Font shape `LMS/ntxsy/m/n' will be
(Font)              scaled to size 9.0pt on input line 208.
LaTeX Font Info:    Font shape `LMS/ntxsy/m/n' will be
(Font)              scaled to size 6.6pt on input line 208.
LaTeX Font Info:    Font shape `LMX/ntxexx/m/n' will be
(Font)              scaled to size 9.0pt on input line 208.
LaTeX Font Info:    Font shape `LMX/ntxexx/m/n' will be
(Font)              scaled to size 6.6pt on input line 208.
LaTeX Font Info:    Font shape `U/ntxmia/m/it' will be
(Font)              scaled to size 9.0pt on input line 208.
LaTeX Font Info:    Font shape `U/ntxmia/m/it' will be
(Font)              scaled to size 6.6pt on input line 208.
LaTeX Font Info:    Font shape `U/ntxsym/m/n' will be
(Font)              scaled to size 9.0pt on input line 208.
LaTeX Font Info:    Font shape `U/ntxsym/m/n' will be
(Font)              scaled to size 6.6pt on input line 208.
LaTeX Font Info:    Font shape `U/ntxsyc/m/n' will be
(Font)              scaled to size 9.0pt on input line 208.
LaTeX Font Info:    Font shape `U/ntxsyc/m/n' will be
(Font)              scaled to size 6.6pt on input line 208.
LaTeX Font Info:    Font shape `U/ntxexa/m/n' will be
(Font)              scaled to size 9.0pt on input line 208.
LaTeX Font Info:    Font shape `U/ntxexa/m/n' will be
(Font)              scaled to size 6.6pt on input line 208.
 [18]
Cap\'{\i }tulo 3.
[19

] [20] [21] [22] [23] [24] [25]
Cap\'{\i }tulo 4.
[26

]
Overfull \hbox (31.78734pt too wide) in paragraph at lines 359--360
[]\T1/ntxtlf/b/n/10.95 Capa de pro-ce-sa-mien-to y de-ci-sión lo-cal: \T1/ntxtlf/m/n/10.95 eje-cu-ta la ló-gi-ca de con-trol --filtrado, his-té-re-sis, redundancia-- 
 []

[27] [28] [29]) [30] [31] [32


] (./capitulos/03_marco_metodologico.tex
Cap\'{\i }tulo 5.
<Imagenes/Gantt2.jpeg, id=1245, 1284.8pt x 697.60625pt>
File: Imagenes/Gantt2.jpeg Graphic file (type jpg)
<use Imagenes/Gantt2.jpeg>
Package pdftex.def Info: Imagenes/Gantt2.jpeg  used on input line 23.
(pdftex.def)             Requested size: 452.96826pt x 245.94348pt.
[33

] [34 <./Imagenes/Gantt2.jpeg>] [35]
Cap\'{\i }tulo 6.
LaTeX Font Info:    Font shape `T1/ntxtlf/b/it' will be
(Font)              scaled to size 12.0pt on input line 75.
LaTeX Font Info:    Font shape `TS1/ntxtlf/m/n' will be
(Font)              scaled to size 10.95pt on input line 78.
[36

{/usr/local/texlive/2026/texmf-dist/fonts/enc/dvips/tex-gyre/q-ts1.enc}] [37]
<Imagenes/raspberrypi4sf.png, id=1281, 602.25pt x 602.25pt>
File: Imagenes/raspberrypi4sf.png Graphic file (type png)
<use Imagenes/raspberrypi4sf.png>
Package pdftex.def Info: Imagenes/raspberrypi4sf.png  used on input line 121.
(pdftex.def)             Requested size: 284.53705pt x 284.53705pt.
 [38] [39 <./Imagenes/raspberrypi4sf.png>]
LaTeX Font Info:    Font shape `T1/ntxtlf/b/it' will be
(Font)              scaled to size 10.95pt on input line 149.
<Imagenes/dht22.jpeg, id=1294, 602.25pt x 602.25pt>
File: Imagenes/dht22.jpeg Graphic file (type jpg)
<use Imagenes/dht22.jpeg>
Package pdftex.def Info: Imagenes/dht22.jpeg  used on input line 155.
(pdftex.def)             Requested size: 284.53705pt x 284.53705pt.
 [40]
<Imagenes/bh1750 Background Removed.png, id=1302, 1204.5pt x 1204.5pt>
File: Imagenes/bh1750 Background Removed.png Graphic file (type png)
<use Imagenes/bh1750 Background Removed.png>
Package pdftex.def Info: Imagenes/bh1750 Background Removed.png  used on input line 169.
(pdftex.def)             Requested size: 217.42282pt x 217.40715pt.
<Imagenes/Respuesta_Espectral.png, id=1304, 345.54094pt x 338.01282pt>
File: Imagenes/Respuesta_Espectral.png Graphic file (type png)
<use Imagenes/Respuesta_Espectral.png>
Package pdftex.def Info: Imagenes/Respuesta_Espectral.png  used on input line 176.
(pdftex.def)             Requested size: 217.42282pt x 212.6913pt.

Underfull \hbox (badness 10000) in paragraph at lines 177--177
[]\T1/ntxtlf/b/n/10.95 Figura 6.4: |\T1/ntxtlf/m/n/10.95 Res-pues-ta es-pec-tral del sen-sor
 []

[41 <./Imagenes/dht22.jpeg>] [42 <./Imagenes/bh1750 Background Removed.png> <./Imagenes/Respuesta_Espectral.png>]
<Imagenes/soilcapacitivesensor.jpg, id=1324, 1003.75pt x 1003.75pt>
File: Imagenes/soilcapacitivesensor.jpg Graphic file (type jpg)
<use Imagenes/soilcapacitivesensor.jpg>
Package pdftex.def Info: Imagenes/soilcapacitivesensor.jpg  used on input line 191.
(pdftex.def)             Requested size: 284.52481pt x 284.52481pt.
LaTeX Font Info:    Trying to load font information for T1+ntxtt on input line 198.
 (/usr/local/texlive/2026/texmf-dist/tex/latex/newtx/t1ntxtt.fd
File: t1ntxtt.fd 2012/04/20 v3.1
)
LaTeX Font Info:    Font shape `T1/ntxtt/m/n' will be
(Font)              scaled to size 10.95pt on input line 198.
 [43 <./Imagenes/soilcapacitivesensor.jpg>]
<Imagenes/imagen14.png, id=1333, 425.59pt x 555.07375pt>
File: Imagenes/imagen14.png Graphic file (type png)
<use Imagenes/imagen14.png>
Package pdftex.def Info: Imagenes/imagen14.png  used on input line 215.
(pdftex.def)             Requested size: 226.48413pt x 295.39038pt.
 [44] [45 <./Imagenes/imagen14.png>]
<Imagenes/prototipo 2026-04-20 at 11.49.18â€¯AM.png, id=1344, 369.38pt x 531.9875pt>
File: Imagenes/prototipo 2026-04-20 at 11.49.18â€¯AM.png Graphic file (type png)
<use Imagenes/prototipo 2026-04-20 at 11.49.18â€¯AM.png>
Package pdftex.def Info: Imagenes/prototipo 2026-04-20 at 11.49.18â€¯AM.png  used on input line 236.
(pdftex.def)             Requested size: 217.42282pt x 313.13933pt.
<Imagenes/prototipo 2026-04-20 at 11.49.25â€¯AM.png, id=1345, 344.28625pt x 447.6725pt>
File: Imagenes/prototipo 2026-04-20 at 11.49.25â€¯AM.png Graphic file (type png)
<use Imagenes/prototipo 2026-04-20 at 11.49.25â€¯AM.png>
Package pdftex.def Info: Imagenes/prototipo 2026-04-20 at 11.49.25â€¯AM.png  used on input line 241.
(pdftex.def)             Requested size: 217.42282pt x 282.71143pt.
 [46]
<Imagenes/prototipo 2026-04-20 at 11.49.04â€¯AM.png, id=1350, 707.64375pt x 501.875pt>
File: Imagenes/prototipo 2026-04-20 at 11.49.04â€¯AM.png Graphic file (type png)
<use Imagenes/prototipo 2026-04-20 at 11.49.04â€¯AM.png>
Package pdftex.def Info: Imagenes/prototipo 2026-04-20 at 11.49.04â€¯AM.png  used on input line 249.
(pdftex.def)             Requested size: 271.7837pt x 192.7515pt.
 [47 <./Imagenes/prototipo 2026-04-20 at 11.49.18â€¯AM.png> <./Imagenes/prototipo 2026-04-20 at 11.49.25â€¯AM.png> <./Imagenes/prototipo 2026-04-20 at 11.49.04â€¯AM.png>]
<Imagenes/maceta1.jpeg, id=1359, 1284.8pt x 963.6pt>
File: Imagenes/maceta1.jpeg Graphic file (type jpg)
<use Imagenes/maceta1.jpeg>
Package pdftex.def Info: Imagenes/maceta1.jpeg  used on input line 260.
(pdftex.def)             Requested size: 379.3656pt x 284.5242pt.
<Imagenes/prototipofinal.jpeg, id=1360, 1130.2225pt x 1606.0pt>
File: Imagenes/prototipofinal.jpeg Graphic file (type jpg)
<use Imagenes/prototipofinal.jpeg>
Package pdftex.def Info: Imagenes/prototipofinal.jpeg  used on input line 268.
(pdftex.def)             Requested size: 200.22356pt x 284.50949pt.
 [48 <./Imagenes/maceta1.jpeg>]
<Imagenes/imagen3.jpeg, id=1365, 722.7pt x 1284.8pt>
File: Imagenes/imagen3.jpeg Graphic file (type jpg)
<use Imagenes/imagen3.jpeg>
Package pdftex.def Info: Imagenes/imagen3.jpeg  used on input line 284.
(pdftex.def)             Requested size: 160.0421pt x 284.5193pt.
<Imagenes/imagen4.jpeg, id=1366, 722.7pt x 1284.8pt>
File: Imagenes/imagen4.jpeg Graphic file (type jpg)
<use Imagenes/imagen4.jpeg>
Package pdftex.def Info: Imagenes/imagen4.jpeg  used on input line 289.
(pdftex.def)             Requested size: 160.0421pt x 284.5193pt.
 [49 <./Imagenes/prototipofinal.jpeg>]
<Imagenes/imagen6.jpeg, id=1372, 963.6pt x 1284.8pt>
File: Imagenes/imagen6.jpeg Graphic file (type jpg)
<use Imagenes/imagen6.jpeg>
Package pdftex.def Info: Imagenes/imagen6.jpeg  used on input line 303.
(pdftex.def)             Requested size: 213.38947pt x 284.5193pt.
<Imagenes/imagen7.jpeg, id=1373, 722.7pt x 1284.8pt>
File: Imagenes/imagen7.jpeg Graphic file (type jpg)
<use Imagenes/imagen7.jpeg>
Package pdftex.def Info: Imagenes/imagen7.jpeg  used on input line 308.
(pdftex.def)             Requested size: 160.0421pt x 284.5193pt.
 [50 <./Imagenes/imagen3.jpeg> <./Imagenes/imagen4.jpeg>]
<Imagenes/imagen16.jpeg, id=1378, 722.7pt x 1284.8pt>
File: Imagenes/imagen16.jpeg Graphic file (type jpg)
<use Imagenes/imagen16.jpeg>
Package pdftex.def Info: Imagenes/imagen16.jpeg  used on input line 320.
(pdftex.def)             Requested size: 160.0421pt x 284.5193pt.
<Imagenes/imagen17.jpeg, id=1379, 722.7pt x 1284.8pt>
File: Imagenes/imagen17.jpeg Graphic file (type jpg)
<use Imagenes/imagen17.jpeg>
Package pdftex.def Info: Imagenes/imagen17.jpeg  used on input line 325.
(pdftex.def)             Requested size: 160.0421pt x 284.5193pt.
 [51 <./Imagenes/imagen6.jpeg> <./Imagenes/imagen7.jpeg>]
<Imagenes/desague1.jpeg, id=1384, 903.375pt x 1606.0pt>
File: Imagenes/desague1.jpeg Graphic file (type jpg)
<use Imagenes/desague1.jpeg>
Package pdftex.def Info: Imagenes/desague1.jpeg  used on input line 339.
(pdftex.def)             Requested size: 160.03659pt x 284.50949pt.
 [52 <./Imagenes/imagen16.jpeg> <./Imagenes/imagen17.jpeg>] [53 <./Imagenes/desague1.jpeg>]
<Imagenes/imagen16.png, id=1395, 445.665pt x 424.58624pt>
File: Imagenes/imagen16.png Graphic file (type png)
<use Imagenes/imagen16.png>
Package pdftex.def Info: Imagenes/imagen16.png  used on input line 372.
(pdftex.def)             Requested size: 140.41922pt x 133.77776pt.
<Imagenes/imagen17.png, id=1396, 375.4025pt x 524.96124pt>
File: Imagenes/imagen17.png Graphic file (type png)
<use Imagenes/imagen17.png>
Package pdftex.def Info: Imagenes/imagen17.png  used on input line 377.
(pdftex.def)             Requested size: 140.42044pt x 196.36334pt.
<Imagenes/imagen18.png, id=1397, 456.70625pt x 572.1375pt>
File: Imagenes/imagen18.png Graphic file (type png)
<use Imagenes/imagen18.png>
Package pdftex.def Info: Imagenes/imagen18.png  used on input line 382.
(pdftex.def)             Requested size: 140.41368pt x 175.90286pt.
 [54]
<Imagenes/imagen3.png, id=1402, 722.7pt x 1284.8pt>
File: Imagenes/imagen3.png Graphic file (type png)
<use Imagenes/imagen3.png>
Package pdftex.def Info: Imagenes/imagen3.png  used on input line 395.
(pdftex.def)             Requested size: 140.41315pt x 249.62338pt.
<Imagenes/imagen9.png, id=1403, 722.7pt x 1284.8pt>
File: Imagenes/imagen9.png Graphic file (type png)
<use Imagenes/imagen9.png>
Package pdftex.def Info: Imagenes/imagen9.png  used on input line 400.
(pdftex.def)             Requested size: 140.41315pt x 249.62338pt.
<Imagenes/imagen10.png, id=1404, 722.7pt x 1284.8pt>
File: Imagenes/imagen10.png Graphic file (type png)
<use Imagenes/imagen10.png>
Package pdftex.def Info: Imagenes/imagen10.png  used on input line 405.
(pdftex.def)             Requested size: 140.41315pt x 249.62338pt.
<Imagenes/imagen1.png, id=1405, 208.78pt x 435.6275pt>
File: Imagenes/imagen1.png Graphic file (type png)
<use Imagenes/imagen1.png>
Package pdftex.def Info: Imagenes/imagen1.png  used on input line 420.
(pdftex.def)             Requested size: 136.36163pt x 284.52382pt.
<Imagenes/imagen8.png, id=1406, 705.63625pt x 1606.0pt>
File: Imagenes/imagen8.png Graphic file (type png)
<use Imagenes/imagen8.png>
Package pdftex.def Info: Imagenes/imagen8.png  used on input line 425.
(pdftex.def)             Requested size: 125.00635pt x 284.50949pt.
 [55 <./Imagenes/imagen16.png> <./Imagenes/imagen17.png> <./Imagenes/imagen18.png> <./Imagenes/imagen3.png> <./Imagenes/imagen9.png> <./Imagenes/imagen10.png>]
<Imagenes/imagen15.png, id=1414, 253.94875pt x 282.05376pt>
File: Imagenes/imagen15.png Graphic file (type png)
<use Imagenes/imagen15.png>
Package pdftex.def Info: Imagenes/imagen15.png  used on input line 439.
(pdftex.def)             Requested size: 217.43066pt x 241.49416pt.
<Imagenes/imagen1.jpeg, id=1415, 722.7pt x 1284.8pt>
File: Imagenes/imagen1.jpeg Graphic file (type jpg)
<use Imagenes/imagen1.jpeg>
Package pdftex.def Info: Imagenes/imagen1.jpeg  used on input line 444.
(pdftex.def)             Requested size: 160.0421pt x 284.5193pt.
 [56 <./Imagenes/imagen1.png> <./Imagenes/imagen8.png>]
<Imagenes/imagen2.png, id=1421, 297.11pt x 228.855pt>
File: Imagenes/imagen2.png Graphic file (type png)
<use Imagenes/imagen2.png>
Package pdftex.def Info: Imagenes/imagen2.png  used on input line 458.
(pdftex.def)             Requested size: 217.43251pt x 167.4818pt.
<Imagenes/imagen7.png, id=1422, 292.09125pt x 237.88875pt>
File: Imagenes/imagen7.png Graphic file (type png)
<use Imagenes/imagen7.png>
Package pdftex.def Info: Imagenes/imagen7.png  used on input line 463.
(pdftex.def)             Requested size: 217.42772pt x 177.0803pt.
 [57 <./Imagenes/imagen15.png> <./Imagenes/imagen1.jpeg> <./Imagenes/imagen2.png> <./Imagenes/imagen7.png>]
<Imagenes/imagen11.png, id=1430, 457.71pt x 434.62375pt>
File: Imagenes/imagen11.png Graphic file (type png)
<use Imagenes/imagen11.png>
Package pdftex.def Info: Imagenes/imagen11.png  used on input line 477.
(pdftex.def)             Requested size: 140.415pt x 133.33264pt.
<Imagenes/imagen13.png, id=1431, 903.375pt x 1606.0pt>
File: Imagenes/imagen13.png Graphic file (type png)
<use Imagenes/imagen13.png>
Package pdftex.def Info: Imagenes/imagen13.png  used on input line 482.
(pdftex.def)             Requested size: 140.40764pt x 249.61359pt.
File: Imagenes/imagen17.jpeg Graphic file (type jpg)
<use Imagenes/imagen17.jpeg>
Package pdftex.def Info: Imagenes/imagen17.jpeg  used on input line 487.
(pdftex.def)             Requested size: 140.41315pt x 249.62338pt.
<Imagenes/soporteventilador1.png, id=1432, 294.09875pt x 367.3725pt>
File: Imagenes/soporteventilador1.png Graphic file (type png)
<use Imagenes/soporteventilador1.png>
Package pdftex.def Info: Imagenes/soporteventilador1.png  used on input line 503.
(pdftex.def)             Requested size: 217.42323pt x 271.59352pt.
<Imagenes/soporteventilador2.jpeg, id=1433, 788.9475pt x 872.25874pt>
File: Imagenes/soporteventilador2.jpeg Graphic file (type jpg)
<use Imagenes/soporteventilador2.jpeg>
Package pdftex.def Info: Imagenes/soporteventilador2.jpeg  used on input line 508.
(pdftex.def)             Requested size: 217.4247pt x 240.38431pt.
 [58 <./Imagenes/imagen11.png> <./Imagenes/imagen13.png>]
<Imagenes/soportedht1.jpeg, id=1439, 1552.80125pt x 1606.0pt>
File: Imagenes/soportedht1.jpeg Graphic file (type jpg)
<use Imagenes/soportedht1.jpeg>
Package pdftex.def Info: Imagenes/soportedht1.jpeg  used on input line 522.
(pdftex.def)             Requested size: 217.42282pt x 224.86298pt.
 [59 <./Imagenes/soporteventilador1.png> <./Imagenes/soporteventilador2.jpeg>]
<Imagenes/soportebh17501.png, id=1446, 265.99374pt x 349.305pt>
File: Imagenes/soportebh17501.png Graphic file (type png)
<use Imagenes/soportebh17501.png>
Package pdftex.def Info: Imagenes/soportebh17501.png  used on input line 536.
(pdftex.def)             Requested size: 216.67947pt x 284.54514pt.
<Imagenes/soportebh17502.jpeg, id=1447, 903.375pt x 1606.0pt>
File: Imagenes/soportebh17502.jpeg Graphic file (type jpg)
<use Imagenes/soportebh17502.jpeg>
Package pdftex.def Info: Imagenes/soportebh17502.jpeg  used on input line 541.
(pdftex.def)             Requested size: 160.03659pt x 284.50949pt.
 [60 <./Imagenes/soportedht1.jpeg>]
<Imagenes/soportehigrometro1.jpeg, id=1452, 1204.5pt x 1606.0pt>
File: Imagenes/soportehigrometro1.jpeg Graphic file (type jpg)
<use Imagenes/soportehigrometro1.jpeg>
Package pdftex.def Info: Imagenes/soportehigrometro1.jpeg  used on input line 556.
(pdftex.def)             Requested size: 217.42282pt x 289.8762pt.
<Imagenes/soportehigrometro2.jpeg, id=1453, 1204.5pt x 1606.0pt>
File: Imagenes/soportehigrometro2.jpeg Graphic file (type jpg)
<use Imagenes/soportehigrometro2.jpeg>
Package pdftex.def Info: Imagenes/soportehigrometro2.jpeg  used on input line 561.
(pdftex.def)             Requested size: 217.42282pt x 289.8762pt.
 [61 <./Imagenes/soportebh17501.png> <./Imagenes/soportebh17502.jpeg>]
<Imagenes/Imperm_Sensor1.jpeg, id=1459, 1204.5pt x 1606.0pt>
File: Imagenes/Imperm_Sensor1.jpeg Graphic file (type jpg)
<use Imagenes/Imperm_Sensor1.jpeg>
Package pdftex.def Info: Imagenes/Imperm_Sensor1.jpeg  used on input line 574.
(pdftex.def)             Requested size: 217.42282pt x 289.8762pt.
<Imagenes/Imperm_Sensor2.jpeg, id=1460, 1204.5pt x 1606.0pt>
File: Imagenes/Imperm_Sensor2.jpeg Graphic file (type jpg)
<use Imagenes/Imperm_Sensor2.jpeg>
Package pdftex.def Info: Imagenes/Imperm_Sensor2.jpeg  used on input line 579.
(pdftex.def)             Requested size: 217.42282pt x 289.8762pt.
 [62 <./Imagenes/soportehigrometro1.jpeg> <./Imagenes/soportehigrometro2.jpeg>] [63 <./Imagenes/Imperm_Sensor1.jpeg> <./Imagenes/Imperm_Sensor2.jpeg>]
Cap\'{\i }tulo 7.
<Imagenes/modulocentral1.jpeg, id=1469, 903.375pt x 1606.0pt>
File: Imagenes/modulocentral1.jpeg Graphic file (type jpg)
<use Imagenes/modulocentral1.jpeg>
Package pdftex.def Info: Imagenes/modulocentral1.jpeg  used on input line 604.
(pdftex.def)             Requested size: 160.03659pt x 284.50949pt.
<Imagenes/modulocentral2.jpeg, id=1470, 1204.5pt x 1606.0pt>
File: Imagenes/modulocentral2.jpeg Graphic file (type jpg)
<use Imagenes/modulocentral2.jpeg>
Package pdftex.def Info: Imagenes/modulocentral2.jpeg  used on input line 609.
(pdftex.def)             Requested size: 213.38211pt x 284.50949pt.
[64

]
<Imagenes/luz.jpeg, id=1476, 776.9025pt x 770.88pt>
File: Imagenes/luz.jpeg Graphic file (type jpg)
<use Imagenes/luz.jpeg>
Package pdftex.def Info: Imagenes/luz.jpeg  used on input line 625.
(pdftex.def)             Requested size: 286.75pt x 284.52715pt.
 [65 <./Imagenes/modulocentral1.jpeg> <./Imagenes/modulocentral2.jpeg>]
<Imagenes/bomba.jpeg, id=1482, 879.285pt x 817.0525pt>
File: Imagenes/bomba.jpeg Graphic file (type jpg)
<use Imagenes/bomba.jpeg>
Package pdftex.def Info: Imagenes/bomba.jpeg  used on input line 636.
(pdftex.def)             Requested size: 306.19801pt x 284.52647pt.
 [66 <./Imagenes/luz.jpeg>]
<Imagenes/valvulasolenoide.jpg, id=1487, 1541.76pt x 1541.76pt>
File: Imagenes/valvulasolenoide.jpg Graphic file (type jpg)
<use Imagenes/valvulasolenoide.jpg>
Package pdftex.def Info: Imagenes/valvulasolenoide.jpg  used on input line 647.
(pdftex.def)             Requested size: 284.51537pt x 284.51537pt.
 [67 <./Imagenes/bomba.jpeg>] [68 <./Imagenes/valvulasolenoide.jpg>]
<Imagenes/regador1.jpeg, id=1496, 1606.0pt x 1276.77pt>
File: Imagenes/regador1.jpeg Graphic file (type jpg)
<use Imagenes/regador1.jpeg>
Package pdftex.def Info: Imagenes/regador1.jpeg  used on input line 662.
(pdftex.def)             Requested size: 217.41328pt x 172.84355pt.
<Imagenes/regador2.jpeg, id=1497, 1606.0pt x 1193.45876pt>
File: Imagenes/regador2.jpeg Graphic file (type jpg)
<use Imagenes/regador2.jpeg>
Package pdftex.def Info: Imagenes/regador2.jpeg  used on input line 667.
(pdftex.def)             Requested size: 217.41328pt x 161.56525pt.
File: Imagenes/soporteventilador2.jpeg Graphic file (type jpg)
<use Imagenes/soporteventilador2.jpeg>
Package pdftex.def Info: Imagenes/soporteventilador2.jpeg  used on input line 677.
(pdftex.def)             Requested size: 257.34389pt x 284.51888pt.
 [69 <./Imagenes/regador1.jpeg> <./Imagenes/regador2.jpeg>] [70]

LaTeX Warning: Command \textdegree invalid in math mode on input line 701.


LaTeX Warning: Command \textdegree invalid in math mode on input line 701.

Missing character: There is no ° in font ntx-Regular-tlf-ot1!

LaTeX Warning: Command \textdegree invalid in math mode on input line 710.


LaTeX Warning: Command \textdegree invalid in math mode on input line 710.

Missing character: There is no ° in font ntx-Regular-tlf-ot1!

LaTeX Warning: Command \textdegree invalid in math mode on input line 710.


LaTeX Warning: Command \textdegree invalid in math mode on input line 710.

Missing character: There is no ° in font ntx-Regular-tlf-ot1!

LaTeX Warning: Command \textdegree invalid in math mode on input line 710.


LaTeX Warning: Command \textdegree invalid in math mode on input line 710.

Missing character: There is no ° in font ntx-Regular-tlf-ot1!

LaTeX Warning: Command \textdegree invalid in math mode on input line 710.


LaTeX Warning: Command \textdegree invalid in math mode on input line 710.

Missing character: There is no ° in font ntx-Regular-tlf-ot1!
[71]
LaTeX Info: Symbol \textmu not provided by
            font family ntxtlf in TS1 encoding.
            Default family used instead on input line 723.

Overfull \hbox (13.84883pt too wide) in paragraph at lines 725--726
[]\T1/ntxtlf/m/n/10.95 Por otro la-do, la con-ver-sión in-ver-sa pa-ra un re-que-ri-mien-to de cul-ti-vo de $[][] \U/ntxmia/m/it/10.95 = \OT1/minntx/m/n/10.95 17\OML/ntxmi/m/it/10.95 :\OT1/minntx/m/n/10.95 3 [] m[] d[]$ 
 []

[72]
Overfull \hbox (14.54256pt too wide) in paragraph at lines 745--746
[]\T1/ntxtlf/m/n/10.95 Se in-te-gra el in-cre-men-to de DLI del ci-clo y se acu-mu-la al to-tal del día: $\U/ntxmia/m/it/10.95 ^^A\OML/ntxmi/m/it/10.95 DLI \U/ntxmia/m/it/10.95 = \OT1/minntx/m/n/10.95 0[]0036 \LMS/ntxsy/m/n/10.95 ^^A \OML/ntxmi/m/it/10.95 PPFD[] \LMS/ntxsy/m/n/10.95 ^^A 
 []


Overfull \hbox (23.69177pt too wide) in paragraph at lines 747--748
[]\T1/ntxtlf/m/n/10.95 Dentro de la ven-ta-na ho-ra-ria, se cal-cu-la el DLI fal-tan-te pa-ra al-can-zar el ob-je-ti-vo dia-rio ($\OML/ntxmi/m/it/10.95 DLI[] \U/ntxmia/m/it/10.95 = 
 []


Overfull \hbox (39.76935pt too wide) in paragraph at lines 749--750
[]\T1/ntxtlf/m/n/10.95 El fo-co se en-cien-de úni-ca-men-te si ese apor-te po-ten-cial no su-pera al DLI que to-da-vía fal-ta ($\OML/ntxmi/m/it/10.95 DLI[] \LMS/ntxsy/m/n/10.95 ^^T 
 []

[73]
<Imagenes/luminaria.jpeg, id=1542, 903.375pt x 1606.0pt>
File: Imagenes/luminaria.jpeg Graphic file (type jpg)
<use Imagenes/luminaria.jpeg>
Package pdftex.def Info: Imagenes/luminaria.jpeg  used on input line 759.
(pdftex.def)             Requested size: 160.03659pt x 284.50949pt.
 [74 <./Imagenes/luminaria.jpeg>]
<Imagenes/valvsolenoide.jpeg, id=1550, 1204.5pt x 1606.0pt>
File: Imagenes/valvsolenoide.jpeg Graphic file (type jpg)
<use Imagenes/valvsolenoide.jpeg>
Package pdftex.def Info: Imagenes/valvsolenoide.jpeg  used on input line 774.
(pdftex.def)             Requested size: 128.02927pt x 170.70569pt.
File: Imagenes/bomba.jpeg Graphic file (type jpg)
<use Imagenes/bomba.jpeg>
Package pdftex.def Info: Imagenes/bomba.jpeg  used on input line 779.
(pdftex.def)             Requested size: 183.71613pt x 170.71338pt.
<Imagenes/sistemariego.jpeg, id=1551, 1284.8pt x 722.7pt>
File: Imagenes/sistemariego.jpeg Graphic file (type jpg)
<use Imagenes/sistemariego.jpeg>
Package pdftex.def Info: Imagenes/sistemariego.jpeg  used on input line 788.
(pdftex.def)             Requested size: 452.96068pt x 254.79037pt.
 [75 <./Imagenes/valvsolenoide.jpeg>]
<Imagenes/batea.jpeg, id=1556, 1606.0pt x 1204.5pt>
File: Imagenes/batea.jpeg Graphic file (type jpg)
<use Imagenes/batea.jpeg>
Package pdftex.def Info: Imagenes/batea.jpeg  used on input line 799.
(pdftex.def)             Requested size: 217.42282pt x 163.05997pt.
<Imagenes/bateaymaceta.jpeg, id=1557, 1606.0pt x 1204.5pt>
File: Imagenes/bateaymaceta.jpeg Graphic file (type jpg)
<use Imagenes/bateaymaceta.jpeg>
Package pdftex.def Info: Imagenes/bateaymaceta.jpeg  used on input line 804.
(pdftex.def)             Requested size: 217.42282pt x 163.05997pt.
 [76 <./Imagenes/sistemariego.jpeg>] [77 <./Imagenes/batea.jpeg> <./Imagenes/bateaymaceta.jpeg>] [78]
Overfull \hbox (4.01584pt too wide) in paragraph at lines 876--877
[]\T1/ntxtlf/m/n/10.95 El um-bral de dis-pa-ro del rie-go se fi-jó en $\OML/ntxmi/m/it/10.95 raw[] \U/ntxmia/m/it/10.95 = \OT1/minntx/m/n/10.95 150$\T1/ntxtlf/m/n/10.95 , equi-va-len-te, se-gún la Ecua-ción []7.11[], 
 []

[79]
File: Imagenes/soporteventilador2.jpeg Graphic file (type jpg)
<use Imagenes/soporteventilador2.jpeg>
Package pdftex.def Info: Imagenes/soporteventilador2.jpeg  used on input line 906.
(pdftex.def)             Requested size: 257.34389pt x 284.51888pt.
 [80] [81]
<Imagenes/RaspberryPi4Schematic.png, id=1605, 1048.91875pt x 401.5pt>
File: Imagenes/RaspberryPi4Schematic.png Graphic file (type png)
<use Imagenes/RaspberryPi4Schematic.png>
Package pdftex.def Info: Imagenes/RaspberryPi4Schematic.png  used on input line 920.
(pdftex.def)             Requested size: 452.96289pt x 173.38292pt.
<Imagenes/placaperforada.jpeg, id=1606, 1606.0pt x 1199.48125pt>
File: Imagenes/placaperforada.jpeg Graphic file (type jpg)
<use Imagenes/placaperforada.jpeg>
Package pdftex.def Info: Imagenes/placaperforada.jpeg  used on input line 927.
(pdftex.def)             Requested size: 380.93886pt x 284.5137pt.
<Imagenes/ProtoCables1.png, id=1607, 746.79pt x 1120.185pt>
File: Imagenes/ProtoCables1.png Graphic file (type png)
<use Imagenes/ProtoCables1.png>
Package pdftex.def Info: Imagenes/ProtoCables1.png  used on input line 938.
(pdftex.def)             Requested size: 189.68254pt x 284.52383pt.
<Imagenes/protocables2.jpeg, id=1608, 747.79375pt x 1284.8pt>
File: Imagenes/protocables2.jpeg Graphic file (type jpg)
<use Imagenes/protocables2.jpeg>
Package pdftex.def Info: Imagenes/protocables2.jpeg  used on input line 943.
(pdftex.def)             Requested size: 165.59912pt x 284.5193pt.
 [82 <./Imagenes/RaspberryPi4Schematic.png> <./Imagenes/placaperforada.jpeg>] [83 <./Imagenes/ProtoCables1.png> <./Imagenes/protocables2.jpeg>]
Cap\'{\i }tulo 8.
[84

] [85]) [86] [87


] (./secciones/resultados.tex
<Imagenes/Plantaciones/PHOTO-2026-01-28-15-14-25 2.jpg, id=1639, 903.375pt x 1606.0pt>
File: Imagenes/Plantaciones/PHOTO-2026-01-28-15-14-25 2.jpg Graphic file (type jpg)
<use Imagenes/Plantaciones/PHOTO-2026-01-28-15-14-25 2.jpg>
Package pdftex.def Info: Imagenes/Plantaciones/PHOTO-2026-01-28-15-14-25 2.jpg  used on input line 15.
(pdftex.def)             Requested size: 226.48413pt x 402.62628pt.
<Imagenes/Plantaciones/PHOTO-2026-02-05-12-14-55.jpg, id=1640, 903.375pt x 1606.0pt>
File: Imagenes/Plantaciones/PHOTO-2026-02-05-12-14-55.jpg Graphic file (type jpg)
<use Imagenes/Plantaciones/PHOTO-2026-02-05-12-14-55.jpg>
Package pdftex.def Info: Imagenes/Plantaciones/PHOTO-2026-02-05-12-14-55.jpg  used on input line 24.
(pdftex.def)             Requested size: 160.03659pt x 284.50949pt.
<Imagenes/Plantaciones/PHOTO-2026-02-05-12-57-14.jpg, id=1641, 1204.5pt x 1606.0pt>
File: Imagenes/Plantaciones/PHOTO-2026-02-05-12-57-14.jpg Graphic file (type jpg)
<use Imagenes/Plantaciones/PHOTO-2026-02-05-12-57-14.jpg>
Package pdftex.def Info: Imagenes/Plantaciones/PHOTO-2026-02-05-12-57-14.jpg  used on input line 29.
(pdftex.def)             Requested size: 213.38211pt x 284.50949pt.
 [88

] [89 <./Imagenes/Plantaciones/PHOTO-2026-01-28-15-14-25 2.jpg>]
<Imagenes/Plantaciones/PHOTO-2026-02-17-11-02-15.jpg, id=1651, 903.375pt x 1606.0pt>
File: Imagenes/Plantaciones/PHOTO-2026-02-17-11-02-15.jpg Graphic file (type jpg)
<use Imagenes/Plantaciones/PHOTO-2026-02-17-11-02-15.jpg>
Package pdftex.def Info: Imagenes/Plantaciones/PHOTO-2026-02-17-11-02-15.jpg  used on input line 39.
(pdftex.def)             Requested size: 160.03659pt x 284.50949pt.
<Imagenes/Plantaciones/PHOTO-2026-02-17-11-02-20.jpg, id=1652, 903.375pt x 1606.0pt>
File: Imagenes/Plantaciones/PHOTO-2026-02-17-11-02-20.jpg Graphic file (type jpg)
<use Imagenes/Plantaciones/PHOTO-2026-02-17-11-02-20.jpg>
Package pdftex.def Info: Imagenes/Plantaciones/PHOTO-2026-02-17-11-02-20.jpg  used on input line 44.
(pdftex.def)             Requested size: 160.03659pt x 284.50949pt.
 [90 <./Imagenes/Plantaciones/PHOTO-2026-02-05-12-14-55.jpg> <./Imagenes/Plantaciones/PHOTO-2026-02-05-12-57-14.jpg>]
<Imagenes/Plantaciones/PHOTO-2026-02-19-15-40-45.jpg, id=1657, 903.375pt x 1606.0pt>
File: Imagenes/Plantaciones/PHOTO-2026-02-19-15-40-45.jpg Graphic file (type jpg)
<use Imagenes/Plantaciones/PHOTO-2026-02-19-15-40-45.jpg>
Package pdftex.def Info: Imagenes/Plantaciones/PHOTO-2026-02-19-15-40-45.jpg  used on input line 52.
(pdftex.def)             Requested size: 226.48413pt x 402.62628pt.
<Imagenes/Plantaciones/PHOTO-2026-02-23-18-32-17.jpg, id=1658, 903.375pt x 1606.0pt>
File: Imagenes/Plantaciones/PHOTO-2026-02-23-18-32-17.jpg Graphic file (type jpg)
<use Imagenes/Plantaciones/PHOTO-2026-02-23-18-32-17.jpg>
Package pdftex.def Info: Imagenes/Plantaciones/PHOTO-2026-02-23-18-32-17.jpg  used on input line 62.
(pdftex.def)             Requested size: 140.40764pt x 249.61359pt.
<Imagenes/Plantaciones/PHOTO-2026-02-23-18-36-37.jpg, id=1659, 903.375pt x 1606.0pt>
File: Imagenes/Plantaciones/PHOTO-2026-02-23-18-36-37.jpg Graphic file (type jpg)
<use Imagenes/Plantaciones/PHOTO-2026-02-23-18-36-37.jpg>
Package pdftex.def Info: Imagenes/Plantaciones/PHOTO-2026-02-23-18-36-37.jpg  used on input line 67.
(pdftex.def)             Requested size: 140.40764pt x 249.61359pt.
<Imagenes/Plantaciones/PHOTO-2026-02-23-18-36-45.jpg, id=1660, 903.375pt x 1606.0pt>
File: Imagenes/Plantaciones/PHOTO-2026-02-23-18-36-45.jpg Graphic file (type jpg)
<use Imagenes/Plantaciones/PHOTO-2026-02-23-18-36-45.jpg>
Package pdftex.def Info: Imagenes/Plantaciones/PHOTO-2026-02-23-18-36-45.jpg  used on input line 72.
(pdftex.def)             Requested size: 140.40764pt x 249.61359pt.
<Imagenes/Plantaciones/Cosecha23-022.JPG, id=1661, 4047.12pt x 3035.34pt>
File: Imagenes/Plantaciones/Cosecha23-022.JPG Graphic file (type jpg)
<use Imagenes/Plantaciones/Cosecha23-022.JPG>
Package pdftex.def Info: Imagenes/Plantaciones/Cosecha23-022.JPG  used on input line 81.
(pdftex.def)             Requested size: 226.48413pt x 169.83893pt.
 [91 <./Imagenes/Plantaciones/PHOTO-2026-02-17-11-02-15.jpg> <./Imagenes/Plantaciones/PHOTO-2026-02-17-11-02-20.jpg> <./Imagenes/Plantaciones/PHOTO-2026-02-23-18-32-17.jpg> <./Imagenes/Plantaciones/PHOTO-2026-02-23-18-36-37.jpg> <./Imagenes/Plantaciones/PHOTO-2026-02-23-18-36-45.jpg>] [92 <./Imagenes/Plantaciones/PHOTO-2026-02-19-15-40-45.jpg>]
<Imagenes/GraficoPrimerMedicion.png, id=1670, 1040.688pt x 516.0078pt>
File: Imagenes/GraficoPrimerMedicion.png Graphic file (type png)
<use Imagenes/GraficoPrimerMedicion.png>
Package pdftex.def Info: Imagenes/GraficoPrimerMedicion.png  used on input line 91.
(pdftex.def)             Requested size: 452.96826pt x 224.59543pt.

Underfull \hbox (badness 10000) in paragraph at lines 92--92
[]\T1/ntxtlf/b/n/10.95 Figura 8.7: |\T1/ntxtlf/m/n/10.95 Se-ries tem-po-ra-les de la te-le-me-tría del pro-to-ti-po: va-ria-bles lu-mí-ni-cas, am-bien-ta-les, de sue-lo
 []

[93 <./Imagenes/Plantaciones/Cosecha23-022.JPG>] [94 <./Imagenes/GraficoPrimerMedicion.png>]
<Imagenes/Plantaciones/PHOTO-2026-02-26-20-17-45.jpg, id=1680, 903.375pt x 1606.0pt>
File: Imagenes/Plantaciones/PHOTO-2026-02-26-20-17-45.jpg Graphic file (type jpg)
<use Imagenes/Plantaciones/PHOTO-2026-02-26-20-17-45.jpg>
Package pdftex.def Info: Imagenes/Plantaciones/PHOTO-2026-02-26-20-17-45.jpg  used on input line 103.
(pdftex.def)             Requested size: 112.0256pt x 199.15665pt.
<Imagenes/Plantaciones/PHOTO-2026-02-28-20-01-16.jpg, id=1681, 903.375pt x 1606.0pt>
File: Imagenes/Plantaciones/PHOTO-2026-02-28-20-01-16.jpg Graphic file (type jpg)
<use Imagenes/Plantaciones/PHOTO-2026-02-28-20-01-16.jpg>
Package pdftex.def Info: Imagenes/Plantaciones/PHOTO-2026-02-28-20-01-16.jpg  used on input line 111.
(pdftex.def)             Requested size: 112.0256pt x 199.15665pt.
 [95 <./Imagenes/Plantaciones/PHOTO-2026-02-26-20-17-45.jpg>]
<Imagenes/Plantaciones/PHOTO-2026-03-04-08-08-46.jpg, id=1687, 722.7pt x 1284.8pt>
File: Imagenes/Plantaciones/PHOTO-2026-03-04-08-08-46.jpg Graphic file (type jpg)
<use Imagenes/Plantaciones/PHOTO-2026-03-04-08-08-46.jpg>
Package pdftex.def Info: Imagenes/Plantaciones/PHOTO-2026-03-04-08-08-46.jpg  used on input line 119.
(pdftex.def)             Requested size: 112.02837pt x 199.16154pt.
<Imagenes/Plantaciones/PHOTO-2026-03-09-11-18-40.jpg, id=1688, 903.375pt x 1606.0pt>
File: Imagenes/Plantaciones/PHOTO-2026-03-09-11-18-40.jpg Graphic file (type jpg)
<use Imagenes/Plantaciones/PHOTO-2026-03-09-11-18-40.jpg>
Package pdftex.def Info: Imagenes/Plantaciones/PHOTO-2026-03-09-11-18-40.jpg  used on input line 127.
(pdftex.def)             Requested size: 112.0256pt x 199.15665pt.
 [96 <./Imagenes/Plantaciones/PHOTO-2026-02-28-20-01-16.jpg> <./Imagenes/Plantaciones/PHOTO-2026-03-04-08-08-46.jpg>]
<Imagenes/Plantaciones/PHOTO-2026-03-10-10-13-06.jpg, id=1693, 903.375pt x 1606.0pt>
File: Imagenes/Plantaciones/PHOTO-2026-03-10-10-13-06.jpg Graphic file (type jpg)
<use Imagenes/Plantaciones/PHOTO-2026-03-10-10-13-06.jpg>
Package pdftex.def Info: Imagenes/Plantaciones/PHOTO-2026-03-10-10-13-06.jpg  used on input line 137.
(pdftex.def)             Requested size: 112.0256pt x 199.15665pt.
<Imagenes/Plantaciones/PHOTO-2026-03-14-17-08-35.jpg, id=1694, 903.375pt x 1606.0pt>
File: Imagenes/Plantaciones/PHOTO-2026-03-14-17-08-35.jpg Graphic file (type jpg)
<use Imagenes/Plantaciones/PHOTO-2026-03-14-17-08-35.jpg>
Package pdftex.def Info: Imagenes/Plantaciones/PHOTO-2026-03-14-17-08-35.jpg  used on input line 147.
(pdftex.def)             Requested size: 112.0256pt x 199.15665pt.
 [97 <./Imagenes/Plantaciones/PHOTO-2026-03-09-11-18-40.jpg> <./Imagenes/Plantaciones/PHOTO-2026-03-10-10-13-06.jpg>]
<Imagenes/Plantaciones/PHOTO-2026-03-17-08-46-41.jpg, id=1700, 903.375pt x 1606.0pt>
File: Imagenes/Plantaciones/PHOTO-2026-03-17-08-46-41.jpg Graphic file (type jpg)
<use Imagenes/Plantaciones/PHOTO-2026-03-17-08-46-41.jpg>
Package pdftex.def Info: Imagenes/Plantaciones/PHOTO-2026-03-17-08-46-41.jpg  used on input line 155.
(pdftex.def)             Requested size: 112.0256pt x 199.15665pt.
<Imagenes/Plantaciones/PHOTO-2026-03-23-09-53-17.jpg, id=1701, 903.375pt x 1606.0pt>
File: Imagenes/Plantaciones/PHOTO-2026-03-23-09-53-17.jpg Graphic file (type jpg)
<use Imagenes/Plantaciones/PHOTO-2026-03-23-09-53-17.jpg>
Package pdftex.def Info: Imagenes/Plantaciones/PHOTO-2026-03-23-09-53-17.jpg  used on input line 163.
(pdftex.def)             Requested size: 112.0256pt x 199.15665pt.
 [98 <./Imagenes/Plantaciones/PHOTO-2026-03-14-17-08-35.jpg> <./Imagenes/Plantaciones/PHOTO-2026-03-17-08-46-41.jpg>]
<Imagenes/Plantaciones/PHOTO-2026-03-26-09-30-48.jpg, id=1706, 903.375pt x 1606.0pt>
File: Imagenes/Plantaciones/PHOTO-2026-03-26-09-30-48.jpg Graphic file (type jpg)
<use Imagenes/Plantaciones/PHOTO-2026-03-26-09-30-48.jpg>
Package pdftex.def Info: Imagenes/Plantaciones/PHOTO-2026-03-26-09-30-48.jpg  used on input line 171.
(pdftex.def)             Requested size: 112.0256pt x 199.15665pt.
<Imagenes/Plantaciones/PHOTO-2026-03-30-07-52-15.jpg, id=1707, 903.375pt x 1606.0pt>
File: Imagenes/Plantaciones/PHOTO-2026-03-30-07-52-15.jpg Graphic file (type jpg)
<use Imagenes/Plantaciones/PHOTO-2026-03-30-07-52-15.jpg>
Package pdftex.def Info: Imagenes/Plantaciones/PHOTO-2026-03-30-07-52-15.jpg  used on input line 179.
(pdftex.def)             Requested size: 112.0256pt x 199.15665pt.
 [99 <./Imagenes/Plantaciones/PHOTO-2026-03-23-09-53-17.jpg> <./Imagenes/Plantaciones/PHOTO-2026-03-26-09-30-48.jpg>]
<Imagenes/Plantaciones/PHOTO-2026-04-06-08-23-04.jpg, id=1712, 903.375pt x 1606.0pt>
File: Imagenes/Plantaciones/PHOTO-2026-04-06-08-23-04.jpg Graphic file (type jpg)
<use Imagenes/Plantaciones/PHOTO-2026-04-06-08-23-04.jpg>
Package pdftex.def Info: Imagenes/Plantaciones/PHOTO-2026-04-06-08-23-04.jpg  used on input line 188.
(pdftex.def)             Requested size: 112.0256pt x 199.15665pt.
 [100 <./Imagenes/Plantaciones/PHOTO-2026-03-30-07-52-15.jpg>]
<Imagenes/GraficosSegundaMedicion.png, id=1717, 1606.0pt x 1329.96875pt>
File: Imagenes/GraficosSegundaMedicion.png Graphic file (type png)
<use Imagenes/GraficosSegundaMedicion.png>
Package pdftex.def Info: Imagenes/GraficosSegundaMedicion.png  used on input line 197.
(pdftex.def)             Requested size: 452.96826pt x 375.10806pt.

Underfull \hbox (badness 10000) in paragraph at lines 198--198
[]\T1/ntxtlf/b/n/10.95 Figura 8.19: |\T1/ntxtlf/m/n/10.95 Se-ries tem-po-ra-les de la te-le-me-tría del pro-to-ti-po: va-ria-bles lu-mí-ni-cas, am-bien-ta-les, de
 []

[101 <./Imagenes/Plantaciones/PHOTO-2026-04-06-08-23-04.jpg>] [102 <./Imagenes/GraficosSegundaMedicion.png>]
<Imagenes/Plantaciones/ Image 2026-04-25 at 12.35.26.jpeg, id=1727, 1284.8pt x 722.7pt>
File: Imagenes/Plantaciones/ Image 2026-04-25 at 12.35.26.jpeg Graphic file (type jpg)
<use Imagenes/Plantaciones/ Image 2026-04-25 at 12.35.26.jpeg>
Package pdftex.def Info: Imagenes/Plantaciones/ Image 2026-04-25 at 12.35.26.jpeg  used on input line 214.
(pdftex.def)             Requested size: 217.41328pt x 122.29497pt.
<Imagenes/Plantaciones/ Image 2026-04-25 at 12.35.26 (1).jpeg, id=1728, 1284.8pt x 722.7pt>
File: Imagenes/Plantaciones/ Image 2026-04-25 at 12.35.26 (1).jpeg Graphic file (type jpg)
<use Imagenes/Plantaciones/ Image 2026-04-25 at 12.35.26 (1).jpeg>
Package pdftex.def Info: Imagenes/Plantaciones/ Image 2026-04-25 at 12.35.26 (1).jpeg  used on input line 219.
(pdftex.def)             Requested size: 217.41328pt x 122.29497pt.
<Imagenes/Plantaciones/ Image 2026-04-30 at 19.00.55.jpeg, id=1729, 3854.4pt x 2168.1pt>
File: Imagenes/Plantaciones/ Image 2026-04-30 at 19.00.55.jpeg Graphic file (type jpg)
<use Imagenes/Plantaciones/ Image 2026-04-30 at 19.00.55.jpeg>
Package pdftex.def Info: Imagenes/Plantaciones/ Image 2026-04-30 at 19.00.55.jpeg  used on input line 229.
(pdftex.def)             Requested size: 217.37407pt x 122.27292pt.
<Imagenes/Plantaciones/ Image 2026-04-30 at 19.00.54.jpeg, id=1730, 3854.4pt x 2168.1pt>
File: Imagenes/Plantaciones/ Image 2026-04-30 at 19.00.54.jpeg Graphic file (type jpg)
<use Imagenes/Plantaciones/ Image 2026-04-30 at 19.00.54.jpeg>
Package pdftex.def Info: Imagenes/Plantaciones/ Image 2026-04-30 at 19.00.54.jpeg  used on input line 234.
(pdftex.def)             Requested size: 217.37407pt x 122.27292pt.
 [103 <./Imagenes/Plantaciones/ Image 2026-04-25 at 12.35.26.jpeg> <./Imagenes/Plantaciones/ Image 2026-04-25 at 12.35.26 (1).jpeg>]
<Imagenes/Plantaciones/ Image 2026-05-15 at 15.17.28.jpeg, id=1735, 903.375pt x 1606.0pt>
File: Imagenes/Plantaciones/ Image 2026-05-15 at 15.17.28.jpeg Graphic file (type jpg)
<use Imagenes/Plantaciones/ Image 2026-05-15 at 15.17.28.jpeg>
Package pdftex.def Info: Imagenes/Plantaciones/ Image 2026-05-15 at 15.17.28.jpeg  used on input line 244.
(pdftex.def)             Requested size: 160.03659pt x 284.50949pt.
<Imagenes/Plantaciones/ Image 2026-05-15 at 15.17.39.jpeg, id=1736, 903.375pt x 1606.0pt>
File: Imagenes/Plantaciones/ Image 2026-05-15 at 15.17.39.jpeg Graphic file (type jpg)
<use Imagenes/Plantaciones/ Image 2026-05-15 at 15.17.39.jpeg>
Package pdftex.def Info: Imagenes/Plantaciones/ Image 2026-05-15 at 15.17.39.jpeg  used on input line 249.
(pdftex.def)             Requested size: 160.03659pt x 284.50949pt.
<Imagenes/Plantaciones/cosecha0.png, id=1737, 2310.6325pt x 1144.275pt>
File: Imagenes/Plantaciones/cosecha0.png Graphic file (type png)
<use Imagenes/Plantaciones/cosecha0.png>
Package pdftex.def Info: Imagenes/Plantaciones/cosecha0.png  used on input line 259.
(pdftex.def)             Requested size: 217.39693pt x 107.65964pt.
<Imagenes/Plantaciones/ Image 2026-05-26 at 18.50.34.jpeg, id=1738, 1606.0pt x 1204.5pt>
File: Imagenes/Plantaciones/ Image 2026-05-26 at 18.50.34.jpeg Graphic file (type jpg)
<use Imagenes/Plantaciones/ Image 2026-05-26 at 18.50.34.jpeg>
Package pdftex.def Info: Imagenes/Plantaciones/ Image 2026-05-26 at 18.50.34.jpeg  used on input line 264.
(pdftex.def)             Requested size: 217.41328pt x 163.05997pt.
 [104 <./Imagenes/Plantaciones/ Image 2026-04-30 at 19.00.55.jpeg> <./Imagenes/Plantaciones/ Image 2026-04-30 at 19.00.54.jpeg> <./Imagenes/Plantaciones/ Image 2026-05-15 at 15.17.28.jpeg> <./Imagenes/Plantaciones/ Image 2026-05-15 at 15.17.39.jpeg>]
<Imagenes/Plantaciones/cosecha1.jpeg, id=1743, 964.60374pt x 466.74374pt>
File: Imagenes/Plantaciones/cosecha1.jpeg Graphic file (type jpg)
<use Imagenes/Plantaciones/cosecha1.jpeg>
Package pdftex.def Info: Imagenes/Plantaciones/cosecha1.jpeg  used on input line 274.
(pdftex.def)             Requested size: 217.42387pt x 105.2051pt.
<Imagenes/Plantaciones/ Image 2026-06-02 at 17.15.58.jpeg, id=1744, 1606.0pt x 903.375pt>
File: Imagenes/Plantaciones/ Image 2026-06-02 at 17.15.58.jpeg Graphic file (type jpg)
<use Imagenes/Plantaciones/ Image 2026-06-02 at 17.15.58.jpeg>
Package pdftex.def Info: Imagenes/Plantaciones/ Image 2026-06-02 at 17.15.58.jpeg  used on input line 279.
(pdftex.def)             Requested size: 217.41328pt x 122.29497pt.
<Imagenes/Plantaciones/ultimacosecha.png, id=1745, 2416.02625pt x 1516.66624pt>
File: Imagenes/Plantaciones/ultimacosecha.png Graphic file (type png)
<use Imagenes/Plantaciones/ultimacosecha.png>
Package pdftex.def Info: Imagenes/Plantaciones/ultimacosecha.png  used on input line 289.
(pdftex.def)             Requested size: 217.39612pt x 136.47093pt.
<Imagenes/Plantaciones/ Image 2026-06-09 at 17.31.13.jpeg, id=1746, 1606.0pt x 903.375pt>
File: Imagenes/Plantaciones/ Image 2026-06-09 at 17.31.13.jpeg Graphic file (type jpg)
<use Imagenes/Plantaciones/ Image 2026-06-09 at 17.31.13.jpeg>
Package pdftex.def Info: Imagenes/Plantaciones/ Image 2026-06-09 at 17.31.13.jpeg  used on input line 294.
(pdftex.def)             Requested size: 217.41328pt x 122.29497pt.
 [105 <./Imagenes/Plantaciones/cosecha0.png> <./Imagenes/Plantaciones/ Image 2026-05-26 at 18.50.34.jpeg> <./Imagenes/Plantaciones/cosecha1.jpeg> <./Imagenes/Plantaciones/ Image 2026-06-02 at 17.15.58.jpeg> <./Imagenes/Plantaciones/ultimacosecha.png> <./Imagenes/Plantaciones/ Image 2026-06-09 at 17.31.13.jpeg>]
<Imagenes/humedad_final_maceta1.png, id=1753, 722.7pt x 289.08pt>
File: Imagenes/humedad_final_maceta1.png Graphic file (type png)
<use Imagenes/humedad_final_maceta1.png>
Package pdftex.def Info: Imagenes/humedad_final_maceta1.png  used on input line 304.
(pdftex.def)             Requested size: 452.96826pt x 181.18622pt.
<Imagenes/humedad_final_maceta2.png, id=1754, 722.7pt x 289.08pt>
File: Imagenes/humedad_final_maceta2.png Graphic file (type png)
<use Imagenes/humedad_final_maceta2.png>
Package pdftex.def Info: Imagenes/humedad_final_maceta2.png  used on input line 312.
(pdftex.def)             Requested size: 452.96826pt x 181.18622pt.
<Imagenes/lux_dli_maceta1_final.png, id=1755, 722.7pt x 289.08pt>
File: Imagenes/lux_dli_maceta1_final.png Graphic file (type png)
<use Imagenes/lux_dli_maceta1_final.png>
Package pdftex.def Info: Imagenes/lux_dli_maceta1_final.png  used on input line 320.
(pdftex.def)             Requested size: 452.96826pt x 181.18622pt.
 [106 <./Imagenes/humedad_final_maceta1.png> <./Imagenes/humedad_final_maceta2.png>]
<Imagenes/lux_dli_maceta2_final.png, id=1762, 722.7pt x 289.08pt>
File: Imagenes/lux_dli_maceta2_final.png Graphic file (type png)
<use Imagenes/lux_dli_maceta2_final.png>
Package pdftex.def Info: Imagenes/lux_dli_maceta2_final.png  used on input line 328.
(pdftex.def)             Requested size: 452.96826pt x 181.18622pt.
<Imagenes/actuadores_final_maceta1.png, id=1763, 722.7pt x 216.81pt>
File: Imagenes/actuadores_final_maceta1.png Graphic file (type png)
<use Imagenes/actuadores_final_maceta1.png>
Package pdftex.def Info: Imagenes/actuadores_final_maceta1.png  used on input line 336.
(pdftex.def)             Requested size: 452.96826pt x 135.88966pt.
 [107 <./Imagenes/lux_dli_maceta1_final.png> <./Imagenes/lux_dli_maceta2_final.png>]
<Imagenes/actuadores_final_maceta2.png, id=1771, 722.7pt x 216.81pt>
File: Imagenes/actuadores_final_maceta2.png Graphic file (type png)
<use Imagenes/actuadores_final_maceta2.png>
Package pdftex.def Info: Imagenes/actuadores_final_maceta2.png  used on input line 344.
(pdftex.def)             Requested size: 452.96826pt x 135.88966pt.
<Imagenes/temphum_final_maceta1.png, id=1772, 722.7pt x 289.08pt>
File: Imagenes/temphum_final_maceta1.png Graphic file (type png)
<use Imagenes/temphum_final_maceta1.png>
Package pdftex.def Info: Imagenes/temphum_final_maceta1.png  used on input line 352.
(pdftex.def)             Requested size: 452.96826pt x 181.18622pt.
<Imagenes/humedad_final_julio_maceta1.png, id=1773, 722.7pt x 289.08pt>
File: Imagenes/humedad_final_julio_maceta1.png Graphic file (type png)
<use Imagenes/humedad_final_julio_maceta1.png>
Package pdftex.def Info: Imagenes/humedad_final_julio_maceta1.png  used on input line 361.
(pdftex.def)             Requested size: 452.96826pt x 181.18622pt.
 [108 <./Imagenes/actuadores_final_maceta1.png> <./Imagenes/actuadores_final_maceta2.png> <./Imagenes/temphum_final_maceta1.png>]
<Imagenes/humedad_final_julio_maceta2.png, id=1781, 722.7pt x 289.08pt>
File: Imagenes/humedad_final_julio_maceta2.png Graphic file (type png)
<use Imagenes/humedad_final_julio_maceta2.png>
Package pdftex.def Info: Imagenes/humedad_final_julio_maceta2.png  used on input line 369.
(pdftex.def)             Requested size: 452.96826pt x 181.18622pt.
<Imagenes/lux_dli_maceta1.png, id=1782, 722.7pt x 289.08pt>
File: Imagenes/lux_dli_maceta1.png Graphic file (type png)
<use Imagenes/lux_dli_maceta1.png>
Package pdftex.def Info: Imagenes/lux_dli_maceta1.png  used on input line 377.
(pdftex.def)             Requested size: 452.96826pt x 181.18622pt.
 [109 <./Imagenes/humedad_final_julio_maceta1.png> <./Imagenes/humedad_final_julio_maceta2.png>]
<Imagenes/lux_dli_maceta2.png, id=1789, 722.7pt x 289.08pt>
File: Imagenes/lux_dli_maceta2.png Graphic file (type png)
<use Imagenes/lux_dli_maceta2.png>
Package pdftex.def Info: Imagenes/lux_dli_maceta2.png  used on input line 385.
(pdftex.def)             Requested size: 452.96826pt x 181.18622pt.
<Imagenes/actuadores_final_julio_maceta1.png, id=1790, 722.7pt x 216.81pt>
File: Imagenes/actuadores_final_julio_maceta1.png Graphic file (type png)
<use Imagenes/actuadores_final_julio_maceta1.png>
Package pdftex.def Info: Imagenes/actuadores_final_julio_maceta1.png  used on input line 393.
(pdftex.def)             Requested size: 452.96826pt x 135.88966pt.
 [110 <./Imagenes/lux_dli_maceta1.png> <./Imagenes/lux_dli_maceta2.png>]
<Imagenes/actuadores_final_julio_maceta2.png, id=1797, 722.7pt x 216.81pt>
File: Imagenes/actuadores_final_julio_maceta2.png Graphic file (type png)
<use Imagenes/actuadores_final_julio_maceta2.png>
Package pdftex.def Info: Imagenes/actuadores_final_julio_maceta2.png  used on input line 401.
(pdftex.def)             Requested size: 452.96826pt x 135.88966pt.
<Imagenes/temphum_final_julio_maceta2.png, id=1798, 722.7pt x 289.08pt>
File: Imagenes/temphum_final_julio_maceta2.png Graphic file (type png)
<use Imagenes/temphum_final_julio_maceta2.png>
Package pdftex.def Info: Imagenes/temphum_final_julio_maceta2.png  used on input line 409.
(pdftex.def)             Requested size: 452.96826pt x 181.18622pt.
 [111 <./Imagenes/actuadores_final_julio_maceta1.png> <./Imagenes/actuadores_final_julio_maceta2.png> <./Imagenes/temphum_final_julio_maceta2.png>] [112] [113]
<Imagenes/consumo.png, id=1815, 1606.0pt x 1204.5pt>
File: Imagenes/consumo.png Graphic file (type png)
<use Imagenes/consumo.png>
Package pdftex.def Info: Imagenes/consumo.png  used on input line 433.
(pdftex.def)             Requested size: 379.3705pt x 284.52788pt.
 [114

 <./Imagenes/consumo.png>]) [115] (./secciones/conclusiones.tex

Package hyperref Warning: The anchor of a bookmark and its parent's must not
(hyperref)                be the same. Added a new anchor on input line 5.

[116


]) [117] [118] (./secciones/bibliografia.tex) (./secciones/referencias.tex [119


]
Underfull \hbox (badness 10000) in paragraph at lines 24--25
[]\T1/ntxtlf/m/n/10.95 J. Gonzalez-Velasco. (2021). \T1/ntxtlf/m/it/10.95 Ca-pi-tu-lo IV Ener-gía a par-tir de bio-ma-sa In- 
 []


Underfull \hbox (badness 10000) in paragraph at lines 24--25
\T1/ntxtlf/m/it/10.95 tro-duc-ción\T1/ntxtlf/m/n/10.95 . Dis-po-ni-ble en: []$\T1/ntxtt/m/n/10.95 https : / / www . researchgate . net / figure / 
 []

[120

]
Underfull \hbox (badness 5475) in paragraph at lines 30--31
[]\T1/ntxtlf/m/n/10.95 de Ocam-po, A. L. P. (2017). De-ve-lop-ment of Da-ta Ac-qui-si-tion Mo-del for Daily 
 []


Underfull \hbox (badness 5954) in paragraph at lines 30--31
\T1/ntxtlf/m/n/10.95 Light In-te-gral Mea-su-re-ment. \T1/ntxtlf/m/it/10.95 Asia Pa-ci-fic Higher Edu-ca-tion Re-search Jour-nal\T1/ntxtlf/m/n/10.95 . 
 []


Underfull \hbox (badness 10000) in paragraph at lines 36--37
[]\T1/ntxtlf/m/n/10.95 Plataforma Tie-rra. (203). \T1/ntxtlf/m/it/10.95 La agri-cul-tu-ra ur-ba-na co-mo so-lu-ción sos-te-ni-ble\T1/ntxtlf/m/n/10.95 . 
 []


Underfull \hbox (badness 1406) in paragraph at lines 39--40
[]\T1/ntxtlf/m/n/10.95 DryGair Ener-gies LTD. (s.f.). \T1/ntxtlf/m/it/10.95 ¾Qué es la agri-cul-tu-ra en am-bien-te con-tro-la-do (CEA)?\T1/ntxtlf/m/n/10.95 . 
 []


Underfull \hbox (badness 5302) in paragraph at lines 42--43
[]\T1/ntxtlf/m/n/10.95 CINTEL. (2025). \T1/ntxtlf/m/it/10.95 Agri-cul-tu-ra de pre-ci-sión: Mo-ni-to-reo in-te-li-gen-te con sen-so-res\T1/ntxtlf/m/n/10.95 . 
 []


Underfull \hbox (badness 10000) in paragraph at lines 45--46
[]\T1/ntxtlf/m/n/10.95 C. A. Cabrera-Verdesoto, D. M. Salvatierra-Pilozo y G. E. Navarro- 
 []


Underfull \hbox (badness 10000) in paragraph at lines 45--46
\T1/ntxtlf/m/n/10.95 Saltos. (2024). \T1/ntxtlf/m/it/10.95 Ten-den-cias en la apli-ca-ción de la in-te-li-gen-cia ar-ti-fi- 
 []


Underfull \hbox (badness 10000) in paragraph at lines 45--46
\T1/ntxtlf/m/it/10.95 cial en la agri-cul-tu-ra de pre-ci-sión me-dian-te una re-vi-sión sis-te-má-ti-ca\T1/ntxtlf/m/n/10.95 . 
 []


Underfull \hbox (badness 10000) in paragraph at lines 51--52
[]\T1/ntxtlf/m/n/10.95 AgroTech Cam-pus. (2025). \T1/ntxtlf/m/it/10.95 Agri-cul-tu-ra e In-ter-net de las Co-sas\T1/ntxtlf/m/n/10.95 . 
 []

[121]
Underfull \hbox (badness 1275) in paragraph at lines 66--67
[]\T1/ntxtlf/m/n/10.95 WeatherSpark. (s.f.). \T1/ntxtlf/m/it/10.95 Da-tos his-tó-ri-cos me-teo-ro-ló-gi-cos de 2026 en Cór-do-ba, Ar-gen-ti-na\T1/ntxtlf/m/n/10.95 . 
 []


Underfull \hbox (badness 10000) in paragraph at lines 81--82
[]\T1/ntxtlf/m/n/10.95 NiuBoL. (s.f.). \T1/ntxtlf/m/it/10.95 Sen-sor de hu-me-dad del sue-lo ca-pa-ci-ti-vo vs. re-sis-ti-vo\T1/ntxtlf/m/n/10.95 . 
 []


Underfull \hbox (badness 10000) in paragraph at lines 84--85
[]\T1/ntxtlf/m/n/10.95 J. Go-do-ya, S. Fin-gerhutha. (2014). \T1/ntxtlf/m/it/10.95 Téc-ni-cas de pro-ce-sa-mien-to di-gi-tal de se- 
 []


Underfull \hbox (badness 10000) in paragraph at lines 84--85
\T1/ntxtlf/m/it/10.95 ña-les pa-ra re-duc-ción de rui-do de se-ña-les de múl-ti-ples sen-so-res asín-cro-nos\T1/ntxtlf/m/n/10.95 . 
 []

[122]
Underfull \hbox (badness 10000) in paragraph at lines 87--88
[]\T1/ntxtlf/m/n/10.95 GEYA. (2022). \T1/ntxtlf/m/it/10.95 Re-lé de es-ta-do só-li-do vs. re-lé me-cá-ni-co: ¾qué es di-fe-ren-te?\T1/ntxtlf/m/n/10.95 . 
 []


Underfull \hbox (badness 2512) in paragraph at lines 90--91
[]\T1/ntxtlf/m/n/10.95 Robots Ar-gen-ti-na. (2020). \T1/ntxtlf/m/it/10.95 Mó-du-los de re-lé y Ar-duino: Do-mó-ti-ca (1)\T1/ntxtlf/m/n/10.95 . https://robots- 
 []


Underfull \hbox (badness 2261) in paragraph at lines 96--97
[]\T1/ntxtlf/m/n/10.95 MFG Ro-bots. (s.f.). \T1/ntxtlf/m/it/10.95 To-le-ran-cia a fa-llas y su im-pac-to en la con-fia-bi-li-dad del sis-te-ma\T1/ntxtlf/m/n/10.95 . 
 []


Underfull \hbox (badness 2617) in paragraph at lines 105--106
[]\T1/ntxtlf/m/n/10.95 D. L. Par-nas. (1972). \T1/ntxtlf/m/it/10.95 On the cri-te-ria to be used in de-com-po-sing sys-tems in-to mo-du- 
 []


Underfull \hbox (badness 10000) in paragraph at lines 114--115
[]\T1/ntxtlf/m/n/10.95 MathWorks. (s.f.). \T1/ntxtlf/m/it/10.95 ThingS-peak API Re-fe-ren-ce\T1/ntxtlf/m/n/10.95 . 
 []


Underfull \hbox (badness 2478) in paragraph at lines 117--118
[]\T1/ntxtlf/m/n/10.95 C. Agui-rre. (2021). \T1/ntxtlf/m/it/10.95 Me-di-ción de lu-xes con Mó-du-lo BH1750: Sen-sor de Luz Di-gi-tal\T1/ntxtlf/m/n/10.95 . 
 []

[123]
Underfull \hbox (badness 7631) in paragraph at lines 126--127
[]\T1/ntxtlf/m/n/10.95 Khan Aca-demy. (s.f.). \T1/ntxtlf/m/it/10.95 Luz y pig-men-tos fo-to-sin-té-ti-cos\T1/ntxtlf/m/n/10.95 . Dis-po-ni-ble en: []$\T1/ntxtt/m/n/10.95 https : 
 []


Underfull \hbox (badness 3579) in paragraph at lines 126--127
\T1/ntxtt/m/n/10.95 / / es . khanacademy . org / science / biology / photosynthesis-[]in-[]plants / 
 []


Underfull \hbox (badness 10000) in paragraph at lines 126--127
\T1/ntxtt/m/n/10.95 the-[]light-[]dependent-[]reactions-[]of-[]photosynthesis / a / 
 []


Underfull \hbox (badness 4013) in paragraph at lines 129--130
[]\T1/ntxtlf/m/n/10.95 Waveform Ligh-ting. (s.f.). \T1/ntxtlf/m/it/10.95 Con-vert Lux to PPFD\T1/ntxtlf/m/n/10.95 . Dis-po-ni-ble en: []$\T1/ntxtt/m/n/10.95 https : / / www . 
 []


Underfull \hbox (badness 10000) in paragraph at lines 132--133
[]\T1/ntxtlf/m/n/10.95 V.J. Ra-mi-rez, A. Beier-bach. (2026). \T1/ntxtlf/m/it/10.95 PROTOTIPO-DE-MONITOREO-Y- 
 []


Underfull \hbox (badness 10000) in paragraph at lines 132--133
\T1/ntxtlf/m/it/10.95 CONTROL-DE-CULTIVOS-PARA-GRANJAS-INTELIGENTES-URBANAS- 
 []


Underfull \hbox (badness 10000) in paragraph at lines 132--133
\T1/ntxtlf/m/it/10.95 Proyecto-Final-\T1/ntxtlf/m/n/10.95 . Dis-po-ni-ble en: []$\T1/ntxtt/m/n/10.95 https : / / github . com / alebeierbach / 
 []


Overfull \hbox (123.3791pt too wide) in paragraph at lines 132--133
\T1/ntxtt/m/n/10.95 PROTOTIPO-[]DE-[]MONITOREO-[]Y-[]CONTROL-[]DE-[]CULTIVOS-[]PARA-[]GRANJAS-[]INTELIGENTES-[]URBANAS-[]Proyecto-[]Final-[] / 
 []


Underfull \hbox (badness 1389) in paragraph at lines 138--139
[]\T1/ntxtlf/m/n/10.95 eMakers. (2026). \T1/ntxtlf/m/it/10.95 Fo-to-gra-fía de pro-duc-to: Rasp-berry Pi 4 Mo-de-lo B de 8GB\T1/ntxtlf/m/n/10.95 . Dis-po-ni- 
 []


Underfull \hbox (badness 1325) in paragraph at lines 138--139
\T1/ntxtlf/m/n/10.95 ble en: []$\T1/ntxtt/m/n/10.95 https : / / www . emakers . com . ar / tienda / raspberry-[]pi / computadoras / 
 []


Underfull \hbox (badness 1354) in paragraph at lines 141--142
[]\T1/ntxtlf/m/n/10.95 Electrónica Men-do-za. (2026). \T1/ntxtlf/m/it/10.95 Fo-to-gra-fía de pro-duc-to: Mó-du-lo sen-sor de hu-me-dad re- 
 []


Underfull \hbox (badness 1577) in paragraph at lines 141--142
\T1/ntxtlf/m/it/10.95 la-ti-va y tem-pe-ra-tu-ra DHT22\T1/ntxtlf/m/n/10.95 . Dis-po-ni-ble en: []$\T1/ntxtt/m/n/10.95 https : / / www . electronicamendoza . 
 []


Underfull \hbox (badness 10000) in paragraph at lines 141--142
\T1/ntxtt/m/n/10.95 com . ar / content / images / thumbs / 68dd446f57c66f0001e67b7c _ 
 []


Underfull \hbox (badness 7486) in paragraph at lines 144--145
[]\T1/ntxtlf/m/n/10.95 Saisac Me-ca-tró-ni-ca. (s.f.). \T1/ntxtlf/m/it/10.95 SEN-SOR DE HU-ME-DAD DE SUE-LO CA-PA-CI-TI- 
 []


Underfull \hbox (badness 10000) in paragraph at lines 144--145
\T1/ntxtlf/m/it/10.95 VO V2.0\T1/ntxtlf/m/n/10.95 . Dis-po-ni-ble en: []$\T1/ntxtt/m/n/10.95 https : / / mecatronica . saisac . pe / producto / 
 []

[124]) (./anexos/anexo_1.tex [125]
Ap\'{e}ndice A.

Package hyperref Warning: The anchor of a bookmark and its parent's must not
(hyperref)                be the same. Added a new anchor on input line 5.

) [126

] (./anexos/anexo_2.tex
Ap\'{e}ndice B.

Package hyperref Warning: The anchor of a bookmark and its parent's must not
(hyperref)                be the same. Added a new anchor on input line 5.

) [127


] (./anexos/anexo_pi.tex
Ap\'{e}ndice C.

Package hyperref Warning: The anchor of a bookmark and its parent's must not
(hyperref)                be the same. Added a new anchor on input line 5.

[128


] [129]
<Imagenes/SAT1.jpg, id=1948, 1630.09pt x 828.09375pt>
File: Imagenes/SAT1.jpg Graphic file (type jpg)
<use Imagenes/SAT1.jpg>
Package pdftex.def Info: Imagenes/SAT1.jpg  used on input line 44.
(pdftex.def)             Requested size: 452.96472pt x 230.1083pt.
 [130 <./Imagenes/SAT1.jpg>]
<Imagenes/SAT2.jpg, id=1953, 1272.755pt x 280.04625pt>
File: Imagenes/SAT2.jpg Graphic file (type jpg)
<use Imagenes/SAT2.jpg>
Package pdftex.def Info: Imagenes/SAT2.jpg  used on input line 83.
(pdftex.def)             Requested size: 452.9673pt x 99.66708pt.
 [131]
<Imagenes/SAT3.jpg, id=1959, 1082.0425pt x 364.36125pt>
File: Imagenes/SAT3.jpg Graphic file (type jpg)
<use Imagenes/SAT3.jpg>
Package pdftex.def Info: Imagenes/SAT3.jpg  used on input line 97.
(pdftex.def)             Requested size: 452.9688pt x 152.5303pt.
 [132 <./Imagenes/SAT2.jpg>]
<Imagenes/SAT4.jpg, id=1964, 1456.44125pt x 257.96375pt>
File: Imagenes/SAT4.jpg Graphic file (type jpg)
<use Imagenes/SAT4.jpg>
Package pdftex.def Info: Imagenes/SAT4.jpg  used on input line 105.
(pdftex.def)             Requested size: 452.95888pt x 80.2277pt.
 [133 <./Imagenes/SAT3.jpg> <./Imagenes/SAT4.jpg>]
Overfull \hbox (107.79028pt too wide) in paragraph at lines 116--117
[][]$\T1/ntxtt/m/n/10.95 https : / / extension . umd . edu / resource / 6-[]pasos-[]basicos-[]para-[]empezar-[]o-[]plantar-[]un-[]huerto-[]vegetal/$[]  
 []


Overfull \hbox (21.05928pt too wide) in paragraph at lines 118--119
[][]$\T1/ntxtt/m/n/10.95 https : / / blog . oxfamintermon . org / como-[]hacer-[]un-[]huerto-[]en-[]casa-[]con-[]poco-[]espacio/$[]  
 []

) [134] (./main.aux
LaTeX Info: Redefining \. on input line 11.
LaTeX Info: Redefining \% on input line 11.
)
 ***********
LaTeX2e <2025-11-01>
L3 programming layer <2020/03/25>
 ***********


LaTeX Font Warning: Size substitutions with differences
(Font)              up to 0.5pt have occurred.


LaTeX Warning: There were multiply-defined labels.

Package rerunfilecheck Info: File `main.out' has not changed.
(rerunfilecheck)             Checksum: 9D58D16285D3CDB15566094E5EED68B8;27928.
 ) 
Here is how much of TeX's memory you used:
 37129 strings out of 467525
 735032 string characters out of 5418982
 1057045 words of memory out of 5000000
 64907 multiletter control sequences out of 15000+600000
 754912 words of font info for 214 fonts, out of 8000000 for 9000
 1141 hyphenation exceptions out of 8191
 107i,16n,120p,2783b,1438s stack positions out of 10000i,1000n,20000p,200000b,200000s
</usr/local/texlive/2026/texmf-dist/fonts/type1/public/newtx/NewTXMI.pfb></usr/local/texlive/2026/texmf-dist/fonts/type1/public/newtx/NewTXMI7.pfb></usr/local/texlive/2026/texmf-dist/fonts/type1/public/tex-gyre/qtmr.pfb></usr/local/texlive/2026/texmf-dist/fonts/type1/public/cm-super/sfrm1000.pfb></usr/local/texlive/2026/texmf-dist/fonts/type1/public/cm-super/sfrm1095.pfb></usr/local/texlive/2026/texmf-dist/fonts/type1/public/txfonts/t1xtt.pfb></usr/local/texlive/2026/texmf-dist/fonts/type1/public/newtx/txexs.pfb></usr/local/texlive/2026/texmf-dist/fonts/type1/public/newtx/txmiaX.pfb></usr/local/texlive/2026/texmf-dist/fonts/type1/public/newtx/txsys.pfb></usr/local/texlive/2026/texmf-dist/fonts/type1/public/newtx/ztmb.pfb></usr/local/texlive/2026/texmf-dist/fonts/type1/public/newtx/ztmbi.pfb></usr/local/texlive/2026/texmf-dist/fonts/type1/public/newtx/ztmr.pfb></usr/local/texlive/2026/texmf-dist/fonts/type1/public/newtx/ztmri.pfb>
Output written on main.pdf (154 pages, 60556830 bytes).
PDF statistics:
 2151 PDF objects out of 2487 (max. 8388607)
 1785 compressed objects within 18 object streams
 477 named destinations out of 1000 (max. 500000)
 1588 words of extra memory for PDF output out of 10000 (max. 10000000)

