fecha,hora,maceta,humedad_raw_1,humedad_raw_2,humedad_pct_1,humedad_pct_2,humedad_pct_promedio,lux,dli_acumulado,temperatura_c,humedad_ambiente_pct,luz_encendida,ventilador_encendido,riego_pendiente,alertas
2026-05-28,17:57:17,maceta1,156,142,49,56,52,426.6666666666667,,,0,0,1,Lectura invalida de DHT
2026-05-28,17:57:17,maceta2,104,107,76,75,75,,,,1,0,0,
2026-05-28,17:58:12,maceta1,155,142,50,56,53,428.75,17.6,77.3,0,0,1,
2026-05-28,17:58:12,maceta2,104,107,76,75,75,,,,1,0,0,
2026-05-28,17:58:39,maceta1,156,142,49,56,52,427.08333333333337,17.6,77.8,0,0,1,
2026-05-28,17:58:39,maceta2,104,107,76,75,75,33.333333333333336,,,1,0,0,Lectura invalida de DHT
2026-05-28,17:59:35,maceta1,128,136,64,60,62,427.08333333333337,,,0,0,1,Lectura invalida de DHT
2026-05-28,17:59:35,maceta2,106,108,75,74,74,43.333333333333336,,,1,0,0,Lectura invalida de DHT
2026-05-28,18:00:31,maceta1,128,128,64,64,64,428.75,17.5,76.1,0,0,1,
2026-05-28,18:00:31,maceta2,105,107,76,75,75,42.5,0.1,2.0,1,0,0,
2026-05-28,18:01:26,maceta1,155,141,50,57,53,382.9166666666667,,,0,0,1,Lectura invalida de DHT
2026-05-28,18:01:26,maceta2,103,106,77,75,76,44.583333333333336,0.3,2.0,1,0,0,
2026-05-28,18:02:21,maceta1,155,141,50,57,53,428.33333333333337,17.5,74.6,0,0,1,
2026-05-28,18:02:21,maceta2,105,106,76,75,75,47.91666666666667,,,1,0,0,Lectura invalida de DHT
2026-05-28,18:03:17,maceta1,155,142,50,56,53,209.58333333333334,17.5,74.1,0,0,1,
2026-05-28,18:03:17,maceta2,119,114,68,71,69,47.91666666666667,0.5,2.0,1,0,0,
2026-05-28,18:04:12,maceta1,128,128,64,64,64,310.0,,,0,0,1,Lectura invalida de DHT
2026-05-28,18:04:12,maceta2,103,106,77,75,76,47.91666666666667,0.7,2.0,1,0,0,
2026-05-28,18:05:08,maceta1,128,128,64,64,64,261.25,,,0,0,1,Lectura invalida de DHT
2026-05-28,18:05:08,maceta2,104,106,76,75,75,47.5,0.8,2.0,1,0,0,
2026-05-28,18:06:03,maceta1,155,142,50,56,53,368.33333333333337,17.7,73.4,0,0,1,
2026-05-28,18:06:03,maceta2,113,128,72,64,68,80.83333333333334,0.9,2.0,1,0,0,
2026-05-28,18:07:00,maceta1,155,142,50,56,53,418.33333333333337,,,0,0,1,Lectura invalida de DHT
2026-05-28,18:07:00,maceta2,104,106,76,75,75,33.75,1.0,2.0,1,0,0,
2026-05-28,18:07:55,maceta1,155,142,50,56,53,431.25,17.8,75.1,0,0,1,
2026-05-28,18:07:55,maceta2,106,108,75,74,74,42.91666666666667,1.2,2.0,1,0,0,
2026-05-28,18:08:51,maceta1,128,128,64,64,64,432.9166666666667,17.8,74.2,0,0,1,
2026-05-28,18:08:51,maceta2,103,105,77,76,76,38.333333333333336,1.3,2.0,1,0,0,
2026-05-28,18:09:49,maceta1,128,128,64,64,64,432.9166666666667,17.9,73.4,0,0,1,
2026-05-28,18:09:49,maceta2,105,107,76,75,75,38.75,1.4,2.0,1,0,0,
2026-05-28,18:10:44,maceta1,128,128,64,64,64,432.5,17.9,75.0,0,0,1,
2026-05-28,18:10:44,maceta2,105,107,76,75,75,30.833333333333336,1.5,2.0,1,0,0,
2026-05-28,18:11:42,maceta1,128,128,64,64,64,432.5,,,0,0,1,Lectura invalida de DHT
2026-05-28,18:11:42,maceta2,108,110,74,73,73,27.083333333333336,1.5,2.0,1,0,0,
2026-05-28,18:12:37,maceta1,128,128,64,64,64,432.08333333333337,17.9,74.7,0,0,1,
2026-05-28,18:12:37,maceta2,107,110,75,73,74,32.083333333333336,0.0,2.0,1,0,0,
2026-05-28,18:13:33,maceta1,157,143,48,56,52,432.08333333333337,18.0,74.0,0,0,1,
2026-05-28,18:13:33,maceta2,106,109,75,74,74,55.833333333333336,0.1,2.0,1,0,0,
2026-05-28,18:14:29,maceta1,158,145,48,55,51,426.6666666666667,17.9,73.3,0,0,1,
2026-05-28,18:14:29,maceta2,110,111,73,73,73,16.666666666666668,0.2,2.0,1,0,0,
2026-05-28,18:15:24,maceta1,157,142,48,56,52,417.9166666666667,17.9,73.8,0,0,1,
2026-05-28,18:15:24,maceta2,106,108,75,74,74,34.583333333333336,0.2,2.0,1,0,0,
2026-05-28,18:16:20,maceta1,128,128,64,64,64,431.6666666666667,17.8,72.8,0,0,1,
2026-05-28,18:16:20,maceta2,107,110,75,73,74,53.333333333333336,0.4,2.0,1,0,0,
2026-05-28,18:17:15,maceta1,128,128,64,64,64,430.83333333333337,,,0,0,1,Lectura invalida de DHT
2026-05-28,18:17:15,maceta2,108,109,74,74,74,53.333333333333336,0.4,2.0,1,0,0,
2026-05-28,18:17:52,maceta1,155,142,50,56,53,428.33333333333337,,,1,0,1,Lectura invalida de DHT
2026-05-28,18:17:52,maceta2,107,110,75,73,74,45.833333333333336,0.6,2.0,1,0,0,
2026-05-28,18:18:47,maceta1,155,141,50,57,53,496.6666666666667,17.9,74.6,1,0,1,
2026-05-28,18:18:47,maceta2,110,110,73,73,73,50.41666666666667,0.4,2.0,1,0,0,
2026-05-28,18:19:42,maceta1,144,128,55,64,59,358.33333333333337,17.9,73.6,1,0,1,
2026-05-28,18:19:42,maceta2,107,111,75,73,74,53.333333333333336,0.4,2.0,1,0,0,
2026-05-28,18:20:36,maceta1,138,128,58,64,61,497.08333333333337,18.0,74.3,1,0,1,
2026-05-28,18:20:36,maceta2,110,111,73,73,73,47.91666666666667,0.4,2.0,1,0,0,
2026-05-28,18:21:31,maceta1,156,142,49,56,52,501.25,18.1,73.4,1,0,1,
2026-05-28,18:21:31,maceta2,111,114,73,71,72,32.083333333333336,0.4,2.0,1,0,0,
2026-05-28,18:22:26,maceta1,156,142,49,56,52,498.75,18.2,73.4,1,0,1,
2026-05-28,18:22:26,maceta2,110,112,73,72,72,42.083333333333336,0.9,2.0,1,0,0,
2026-05-28,18:23:20,maceta1,145,128,55,64,59,423.75,18.3,73.3,1,0,1,
2026-05-28,18:23:20,maceta2,112,248,72,1,36,21.666666666666668,0.5,2.0,1,0,0,Discrepancia alta entre sensores de humedad: 72% vs 1%
2026-05-28,18:24:15,maceta1,156,142,49,56,52,411.6666666666667,18.3,73.7,1,0,1,
2026-05-28,18:24:15,maceta2,110,112,73,72,72,20.833333333333336,,,1,0,0,Lectura invalida de DHT
2026-05-28,18:24:56,maceta1,157,144,48,55,51,348.33333333333337,18.4,72.8,1,0,1,
2026-05-28,18:24:56,maceta2,109,111,74,73,73,18.75,19.7,59.7,1,0,0,
2026-05-28,18:55:21,maceta1,128,128,64,64,64,133.33333333333334,19.4,70.0,1,0,1,
2026-05-28,18:55:21,maceta2,104,109,76,74,75,2.916666666666667,19.5,60.2,1,0,0,
2026-05-28,19:25:45,maceta1,128,119,64,68,66,131.25,19.3,69.3,1,0,1,
2026-05-28,19:25:45,maceta2,105,111,76,73,74,2.916666666666667,18.3,66.1,1,0,0,
2026-05-28,19:56:10,maceta1,87,83,85,87,86,137.91666666666669,19.4,68.4,1,0,0,
2026-05-28,19:56:10,maceta2,109,128,74,64,69,2.916666666666667,,,1,0,0,Lectura invalida de DHT
2026-05-28,20:26:12,maceta1,128,128,64,64,64,136.66666666666669,,,1,0,1,Lectura invalida de DHT
2026-05-28,20:26:12,maceta2,103,108,77,74,75,2.916666666666667,18.0,66.7,1,0,0,
2026-05-28,20:56:37,maceta1,86,83,86,87,86,139.16666666666669,19.4,68.1,1,0,0,
2026-05-28,20:56:37,maceta2,103,109,77,74,75,2.916666666666667,18.0,66.7,1,0,0,
2026-05-28,21:26:39,maceta1,128,128,64,64,64,133.75,19.4,69.3,1,0,1,
2026-05-28,21:26:39,maceta2,104,109,76,74,75,2.916666666666667,18.0,66.8,1,0,0,
2026-05-28,21:57:04,maceta1,87,84,85,87,86,131.66666666666669,19.4,67.8,1,0,0,
2026-05-28,21:57:04,maceta2,104,109,76,74,75,2.916666666666667,18.0,66.6,1,0,0,
2026-05-28,22:27:06,maceta1,128,128,64,64,64,137.08333333333334,19.4,70.0,1,0,1,
2026-05-28,22:27:06,maceta2,104,109,76,74,75,2.916666666666667,18.0,66.6,1,0,0,
2026-05-28,22:57:30,maceta1,128,128,64,64,64,130.41666666666669,,,1,0,1,Lectura invalida de DHT
2026-05-28,22:57:30,maceta2,103,108,77,74,75,2.916666666666667,18.0,66.6,1,0,0,
2026-05-28,23:27:55,maceta1,86,83,86,87,86,134.16666666666669,19.4,68.7,1,0,0,
2026-05-28,23:27:55,maceta2,101,107,78,75,76,2.916666666666667,18.0,66.5,1,0,0,
2026-05-28,23:57:57,maceta1,128,128,64,64,64,138.75,,,1,0,1,Lectura invalida de DHT
2026-05-28,23:57:57,maceta2,103,108,77,74,75,2.916666666666667,18.0,66.6,1,0,0,
2026-05-29,00:28:22,maceta1,87,83,85,87,86,132.5,19.4,67.5,0,0,0,
2026-05-29,00:28:22,maceta2,103,108,77,74,75,2.5,18.0,66.5,0,0,0,
2026-05-29,00:58:24,maceta1,128,128,64,64,64,0.0,,,0,0,1,Lectura invalida de DHT
2026-05-29,00:58:24,maceta2,101,107,78,75,76,0.0,18.0,66.3,0,0,0,
2026-05-29,01:28:49,maceta1,128,128,64,64,64,0.0,,,0,0,1,Lectura invalida de DHT
2026-05-29,01:28:49,maceta2,101,107,78,75,76,0.0,16.0,71.5,0,0,0,
2026-05-29,01:59:13,maceta1,88,86,85,86,85,0.0,17.0,75.6,0,0,0,
2026-05-29,01:59:13,maceta2,100,111,78,73,75,0.0,15.6,72.1,0,0,0,
2026-05-29,02:29:16,maceta1,128,112,64,72,68,0.0,16.9,76.3,0,0,1,
2026-05-29,02:29:16,maceta2,102,107,77,75,76,0.0,15.5,72.6,0,0,0,
2026-05-29,02:59:40,maceta1,88,86,85,86,85,0.0,16.9,76.7,0,0,0,
2026-05-29,02:59:40,maceta2,101,105,78,76,77,0.0,15.5,72.9,0,0,0,
2026-05-29,03:29:42,maceta1,128,128,64,64,64,0.0,16.8,77.5,0,0,1,
2026-05-29,03:29:42,maceta2,100,107,78,75,76,0.0,15.4,72.8,0,0,0,
2026-05-29,04:00:07,maceta1,128,94,64,82,73,0.0,16.8,76.6,0,0,0,
2026-05-29,04:00:07,maceta2,100,105,78,76,77,0.0,15.4,73.0,0,0,0,
2026-05-29,04:30:09,maceta1,88,103,85,77,81,0.0,16.7,76.6,0,0,0,
2026-05-29,04:30:09,maceta2,100,105,78,76,77,0.0,15.4,72.9,0,0,0,
2026-05-29,05:00:11,maceta1,128,128,64,64,64,0.0,16.7,76.5,0,0,1,
2026-05-29,05:00:11,maceta2,101,107,78,75,76,0.0,15.4,73.0,0,0,0,
2026-05-29,05:30:36,maceta1,89,86,84,86,85,0.0,16.7,76.6,0,0,0,
2026-05-29,05:30:36,maceta2,101,107,78,75,76,0.0,15.3,73.0,0,0,0,
2026-05-29,06:00:38,maceta1,128,128,64,64,64,0.0,16.6,77.3,0,0,1,
2026-05-29,06:00:38,maceta2,101,107,78,75,76,0.0,15.3,73.0,0,0,0,
2026-05-29,06:31:03,maceta1,88,86,85,86,85,0.0,16.6,77.7,0,0,0,
2026-05-29,06:31:03,maceta2,100,106,78,75,76,0.0,15.3,73.4,0,0,0,
2026-05-29,07:01:05,maceta1,128,128,64,64,64,0.0,16.6,77.5,0,0,1,
2026-05-29,07:01:05,maceta2,101,106,78,75,76,0.0,15.3,73.1,0,0,0,
2026-05-29,07:31:30,maceta1,128,128,64,64,64,0.0,16.6,77.0,0,0,1,
2026-05-29,07:31:30,maceta2,99,107,79,75,77,0.0,15.2,73.4,0,0,0,
2026-05-29,08:01:54,maceta1,88,86,85,86,85,0.0,16.5,78.0,0,0,0,
2026-05-29,08:01:54,maceta2,98,103,80,77,78,0.0,15.2,73.4,0,0,0,
2026-05-29,08:31:56,maceta1,128,128,64,64,64,0.0,16.5,76.4,0,0,1,
2026-05-29,08:31:56,maceta2,99,105,79,76,77,0.0,15.2,73.3,0,0,0,
2026-05-29,09:02:21,maceta1,87,85,85,86,85,8.333333333333334,16.5,77.0,0,0,0,
2026-05-29,09:02:21,maceta2,98,104,80,76,78,3.3333333333333335,15.1,73.2,0,0,0,
2026-05-29,09:32:23,maceta1,128,128,64,64,64,5.416666666666667,16.5,76.3,0,0,1,
2026-05-29,09:32:23,maceta2,100,105,78,76,77,3.3333333333333335,15.1,73.2,0,0,0,
2026-05-29,10:02:48,maceta1,128,128,64,64,64,7.083333333333334,,,0,0,1,Lectura invalida de DHT
2026-05-29,10:02:48,maceta2,100,105,78,76,77,4.166666666666667,15.1,73.3,0,0,0,
2026-05-29,10:33:13,maceta1,87,85,85,86,85,7.5,16.5,75.6,0,0,0,
2026-05-29,10:33:13,maceta2,99,128,79,64,71,4.166666666666667,15.2,73.6,0,0,0,
2026-05-29,11:03:15,maceta1,128,128,64,64,64,9.583333333333334,16.5,76.9,0,0,1,
2026-05-29,11:03:15,maceta2,99,104,79,76,77,5.416666666666667,15.2,73.8,0,0,0,
2026-05-29,11:33:39,maceta1,87,86,85,86,85,12.5,16.5,76.6,0,0,0,
2026-05-29,11:33:39,maceta2,99,106,79,75,77,7.083333333333334,15.2,73.9,0,0,0,
2026-05-29,12:03:42,maceta1,128,128,64,64,64,15.416666666666668,,,0,0,1,Lectura invalida de DHT
2026-05-29,12:03:42,maceta2,101,106,78,75,76,8.333333333333334,15.2,73.8,0,0,0,
2026-05-29,12:34:06,maceta1,128,87,64,85,74,15.833333333333334,16.6,76.9,0,0,0,
2026-05-29,12:34:06,maceta2,101,106,78,75,76,9.583333333333334,15.3,74.0,0,0,0,
2026-05-29,13:04:08,maceta1,88,128,85,64,74,25.416666666666668,16.7,77.3,0,0,0,
2026-05-29,13:04:08,maceta2,99,107,79,75,77,15.416666666666668,15.3,74.3,0,0,0,
2026-05-29,13:34:11,maceta1,128,128,64,64,64,46.66666666666667,,,0,0,1,Lectura invalida de DHT
2026-05-29,13:34:11,maceta2,100,106,78,75,76,22.5,15.4,74.6,0,0,0,
2026-05-29,14:04:35,maceta1,89,86,84,86,85,44.583333333333336,16.9,75.9,0,0,0,
2026-05-29,14:04:35,maceta2,102,108,77,74,75,22.083333333333336,15.5,75.0,0,0,0,
2026-05-29,14:34:37,maceta1,128,128,64,64,64,21.666666666666668,,,0,0,1,Lectura invalida de DHT
2026-05-29,14:34:37,maceta2,101,107,78,75,76,18.75,15.6,75.1,0,0,0,
2026-05-29,15:05:02,maceta1,89,87,84,85,84,15.0,17.0,75.7,0,0,0,
2026-05-29,15:05:02,maceta2,102,108,77,74,75,20.833333333333336,15.6,74.8,0,0,0,
2026-05-29,15:35:04,maceta1,128,128,64,64,64,11.666666666666668,17.1,79.1,0,0,1,
2026-05-29,15:35:04,maceta2,102,108,77,74,75,24.583333333333336,15.6,75.3,0,0,0,
2026-05-29,16:05:29,maceta1,128,128,64,64,64,13.75,17.1,78.4,0,0,1,
2026-05-29,16:05:29,maceta2,102,108,77,74,75,30.0,15.6,75.7,0,0,0,
2026-05-29,16:35:54,maceta1,89,87,84,85,84,12.083333333333334,17.1,81.9,0,0,0,
2026-05-29,16:35:54,maceta2,102,110,77,73,75,29.583333333333336,15.8,75.8,0,0,0,
2026-05-29,17:05:56,maceta1,128,128,64,64,64,7.916666666666667,17.1,81.5,1,0,1,
2026-05-29,17:05:56,maceta2,103,109,77,74,75,11.25,15.8,74.5,0,0,0,
2026-05-29,17:36:20,maceta1,87,85,85,86,85,132.91666666666669,19.2,73.4,1,0,0,
2026-05-29,17:36:20,maceta2,100,105,78,76,77,2.0833333333333335,15.8,74.4,0,0,0,
2026-05-29,18:06:23,maceta1,128,128,64,64,64,563.75,19.7,71.5,1,0,1,
2026-05-29,18:06:23,maceta2,99,104,79,76,77,56.25,16.0,76.2,1,0,0,
2026-05-29,18:36:47,maceta1,128,120,64,68,66,137.08333333333334,19.9,69.1,1,0,1,
2026-05-29,18:36:47,maceta2,100,105,78,76,77,2.916666666666667,16.2,75.2,1,0,0,
2026-05-29,19:07:12,maceta1,128,128,64,64,64,135.41666666666669,19.9,69.0,1,0,1,
2026-05-29,19:07:12,maceta2,102,106,77,75,76,2.916666666666667,18.5,70.8,1,0,0,
2026-05-29,19:37:37,maceta1,128,128,64,64,64,138.75,20.0,69.4,1,0,1,
2026-05-29,19:37:37,maceta2,101,107,78,75,76,3.3333333333333335,18.8,69.1,1,0,0,
2026-05-29,20:08:01,maceta1,88,86,85,86,85,132.08333333333334,20.0,69.0,1,0,0,
2026-05-29,20:08:01,maceta2,100,107,78,75,76,3.3333333333333335,18.8,67.8,1,0,0,
2026-05-29,20:38:03,maceta1,128,128,64,64,64,132.08333333333334,20.1,69.1,1,0,1,
2026-05-29,20:38:03,maceta2,101,105,78,76,77,3.3333333333333335,18.7,67.7,1,0,0,
2026-05-29,21:08:28,maceta1,88,87,85,85,85,139.58333333333334,20.0,69.2,1,0,0,
2026-05-29,21:08:28,maceta2,102,107,77,75,76,2.916666666666667,18.7,67.5,1,0,0,
2026-05-29,21:38:30,maceta1,128,128,64,64,64,136.66666666666669,20.0,68.3,1,0,1,
2026-05-29,21:38:30,maceta2,102,107,77,75,76,2.916666666666667,18.7,67.5,1,0,0,
2026-05-29,22:08:55,maceta1,128,128,64,64,64,133.75,19.9,68.0,1,0,1,
2026-05-29,22:08:55,maceta2,101,106,78,75,76,2.5,18.6,66.9,1,0,0,
2026-05-29,22:39:19,maceta1,88,87,85,85,85,130.0,19.9,67.9,1,0,0,
2026-05-29,22:39:19,maceta2,101,107,78,75,76,2.5,18.6,67.2,1,0,0,
2026-05-29,23:09:22,maceta1,128,128,64,64,64,133.75,19.9,67.4,1,0,1,
2026-05-29,23:09:22,maceta2,101,106,78,75,76,2.5,18.6,67.1,1,0,0,
2026-05-29,23:39:46,maceta1,88,86,85,86,85,137.5,19.8,67.1,1,0,0,
2026-05-29,23:39:46,maceta2,100,106,78,75,76,2.5,18.6,66.4,1,0,0,
2026-05-30,00:09:48,maceta1,128,128,64,64,64,135.0,19.8,67.2,0,0,1,
2026-05-30,00:09:48,maceta2,99,105,79,76,77,2.0833333333333335,18.6,66.4,0,0,0,
2026-05-30,00:40:13,maceta1,128,128,64,64,64,0.0,18.2,74.0,0,0,1,
2026-05-30,00:40:13,maceta2,99,103,79,77,78,0.0,18.5,65.8,0,0,0,
2026-05-30,01:10:38,maceta1,120,128,68,64,66,0.0,,,0,0,1,Lectura invalida de DHT
2026-05-30,01:10:38,maceta2,99,104,79,76,77,0.0,16.5,71.2,0,0,0,
2026-05-30,01:41:02,maceta1,128,128,64,64,64,0.0,,,0,0,1,Lectura invalida de DHT
2026-05-30,01:41:02,maceta2,99,104,79,76,77,0.0,16.1,72.3,0,0,0,
2026-05-30,02:11:27,maceta1,89,87,84,85,84,0.0,17.3,75.4,0,0,0,
2026-05-30,02:11:27,maceta2,100,104,78,76,77,0.0,16.0,73.2,0,0,0,
2026-05-30,02:41:29,maceta1,128,128,64,64,64,0.0,,,0,0,1,Lectura invalida de DHT
2026-05-30,02:41:29,maceta2,98,104,80,76,78,0.0,15.9,73.3,0,0,0,
2026-05-30,03:11:54,maceta1,89,88,84,85,84,0.0,17.2,75.0,0,0,0,
2026-05-30,03:11:54,maceta2,100,105,78,76,77,0.0,15.8,72.7,0,0,0,
2026-05-30,03:41:56,maceta1,128,128,64,64,64,0.0,17.1,75.2,0,0,1,
2026-05-30,03:41:56,maceta2,98,103,80,77,78,0.0,15.7,72.7,0,0,0,
2026-05-30,04:12:21,maceta1,128,128,64,64,64,0.0,17.0,74.8,0,0,1,
2026-05-30,04:12:21,maceta2,99,105,79,76,77,0.0,15.6,72.6,0,0,0,
2026-05-30,04:42:45,maceta1,89,87,84,85,84,0.0,16.9,75.3,0,0,0,
2026-05-30,04:42:45,maceta2,99,104,79,76,77,0.0,15.5,72.3,0,0,0,
2026-05-30,05:12:48,maceta1,128,128,64,64,64,0.0,16.9,74.9,0,0,1,
2026-05-30,05:12:48,maceta2,99,104,79,76,77,0.0,15.5,72.2,0,0,0,
2026-05-30,05:43:12,maceta1,89,87,84,85,84,0.0,16.8,74.0,0,0,0,
2026-05-30,05:43:12,maceta2,99,105,79,76,77,0.0,15.4,71.9,0,0,0,
2026-05-30,06:13:14,maceta1,128,128,64,64,64,0.0,16.7,75.8,0,0,1,
2026-05-30,06:13:14,maceta2,99,103,79,77,78,0.0,15.4,72.4,0,0,0,
2026-05-30,06:43:39,maceta1,128,128,64,64,64,0.0,16.7,75.4,0,0,1,
2026-05-30,06:43:39,maceta2,97,102,80,77,78,0.0,15.4,72.9,0,0,0,
2026-05-30,07:14:04,maceta1,88,86,85,86,85,0.0,16.7,75.3,0,0,0,
2026-05-30,07:14:04,maceta2,97,117,80,70,75,0.0,15.3,72.9,0,0,0,
2026-05-30,07:44:06,maceta1,128,128,64,64,64,0.0,,,0,0,1,Lectura invalida de DHT
2026-05-30,07:44:06,maceta2,98,102,80,77,78,0.0,15.3,73.0,0,0,0,
2026-05-30,08:14:31,maceta1,88,86,85,86,85,0.0,16.7,75.0,0,0,0,
2026-05-30,08:14:31,maceta2,97,104,80,76,78,0.0,15.3,73.0,0,0,0,
2026-05-30,08:44:33,maceta1,128,128,64,64,64,0.4166666666666667,16.6,74.7,0,0,1,
2026-05-30,08:44:33,maceta2,98,102,80,77,78,0.8333333333333334,15.3,73.0,0,0,0,
2026-05-30,09:14:57,maceta1,128,87,64,85,74,1.6666666666666667,16.6,75.6,0,0,0,
2026-05-30,09:14:57,maceta2,98,104,80,76,78,2.0833333333333335,15.3,72.7,0,0,0,
2026-05-30,09:45:00,maceta1,89,119,84,68,76,3.75,16.6,74.5,0,0,0,
2026-05-30,09:45:00,maceta2,97,104,80,76,78,3.3333333333333335,15.2,72.9,0,0,0,
2026-05-30,10:15:02,maceta1,128,128,64,64,64,4.166666666666667,,,0,0,1,Lectura invalida de DHT
2026-05-30,10:15:02,maceta2,97,102,80,77,78,3.75,15.2,73.0,0,0,0,
2026-05-30,10:45:26,maceta1,88,87,85,85,85,4.583333333333334,16.6,74.7,0,0,0,
2026-05-30,10:45:26,maceta2,98,103,80,77,78,4.166666666666667,15.2,73.0,0,0,0,
2026-05-30,11:15:28,maceta1,128,128,64,64,64,10.0,16.6,74.4,0,0,1,
2026-05-30,11:15:28,maceta2,97,104,80,76,78,9.166666666666668,15.2,73.7,0,0,0,
2026-05-30,11:45:53,maceta1,89,88,84,85,84,9.583333333333334,16.6,74.5,0,0,0,
2026-05-30,11:45:53,maceta2,99,105,79,76,77,8.75,15.2,74.4,0,0,0,
2026-05-30,12:15:55,maceta1,128,128,64,64,64,10.0,16.6,74.7,0,0,1,
2026-05-30,12:15:55,maceta2,98,103,80,77,78,9.166666666666668,15.2,73.9,0,0,0,
2026-05-30,12:46:20,maceta1,128,128,64,64,64,15.0,16.6,76.0,0,0,1,
2026-05-30,12:46:20,maceta2,99,104,79,76,77,13.333333333333334,15.2,74.5,0,0,0,
2026-05-30,13:16:45,maceta1,89,87,84,85,84,23.333333333333336,16.7,74.5,0,0,0,
2026-05-30,13:16:45,maceta2,99,104,79,76,77,24.166666666666668,15.3,74.4,0,0,0,
2026-05-30,13:46:47,maceta1,128,128,64,64,64,29.583333333333336,16.8,74.4,0,0,1,
2026-05-30,13:46:47,maceta2,98,104,80,76,78,30.416666666666668,15.3,74.4,0,0,0,
2026-05-30,14:17:11,maceta1,89,87,84,85,84,28.333333333333336,16.9,73.9,0,0,0,
2026-05-30,14:17:11,maceta2,98,103,80,77,78,30.0,15.4,74.3,0,0,0,
2026-05-30,14:47:14,maceta1,128,128,64,64,64,24.166666666666668,16.9,76.1,0,0,1,
2026-05-30,14:47:14,maceta2,97,101,80,78,79,29.583333333333336,15.5,74.2,0,0,0,
2026-05-30,15:17:38,maceta1,128,128,64,64,64,14.166666666666668,16.9,77.8,0,0,1,
2026-05-30,15:17:38,maceta2,98,103,80,77,78,25.416666666666668,15.6,74.3,0,0,0,
2026-05-30,15:48:03,maceta1,128,128,64,64,64,17.083333333333336,17.0,79.6,0,0,1,
2026-05-30,15:48:03,maceta2,98,102,80,77,78,32.91666666666667,15.6,73.9,0,0,0,
2026-05-30,16:18:28,maceta1,128,128,64,64,64,18.333333333333336,,,0,0,1,Lectura invalida de DHT
2026-05-30,16:18:28,maceta2,99,104,79,76,77,69.16666666666667,15.6,74.2,0,0,0,
2026-05-30,16:48:52,maceta1,88,86,85,86,85,10.833333333333334,17.0,80.8,0,0,0,
2026-05-30,16:48:52,maceta2,98,102,80,77,78,47.083333333333336,15.7,73.8,0,0,0,
2026-05-30,17:18:54,maceta1,128,128,64,64,64,4.166666666666667,17.0,80.8,1,0,1,
2026-05-30,17:18:54,maceta2,98,103,80,77,78,38.333333333333336,15.7,72.8,0,0,0,
2026-05-30,17:49:19,maceta1,88,87,85,85,85,126.25,18.9,69.3,1,0,0,
2026-05-30,17:49:19,maceta2,97,102,80,77,78,14.583333333333334,15.8,72.9,1,0,0,
2026-05-30,18:19:21,maceta1,128,128,64,64,64,131.25,19.4,68.1,1,0,1,
2026-05-30,18:19:21,maceta2,99,104,79,76,77,2.916666666666667,15.8,73.0,1,0,0,
2026-05-30,18:49:46,maceta1,128,128,64,64,64,129.16666666666669,,,1,0,1,Lectura invalida de DHT
2026-05-30,18:49:46,maceta2,100,104,78,76,77,2.5,17.8,67.9,1,0,0,
2026-05-30,19:20:11,maceta1,88,86,85,86,85,133.33333333333334,19.5,66.7,1,0,0,
2026-05-30,19:20:11,maceta2,99,104,79,76,77,2.5,18.0,67.3,1,0,0,
2026-05-30,19:50:13,maceta1,128,128,64,64,64,134.58333333333334,19.5,65.7,1,0,1,
2026-05-30,19:50:13,maceta2,99,104,79,76,77,2.5,18.2,67.3,1,0,0,
2026-05-30,20:20:37,maceta1,88,87,85,85,85,128.75,19.6,66.2,1,0,0,
2026-05-30,20:20:37,maceta2,99,103,79,77,78,2.5,18.3,67.5,1,0,0,
2026-05-30,20:50:40,maceta1,128,128,64,64,64,136.25,19.6,67.7,1,0,1,
2026-05-30,20:50:40,maceta2,99,105,79,76,77,2.5,18.4,67.3,1,0,0,
2026-05-30,21:21:04,maceta1,128,128,64,64,64,128.75,,,1,0,1,Lectura invalida de DHT
2026-05-30,21:21:04,maceta2,100,105,78,76,77,2.5,18.3,67.2,1,0,0,
2026-05-30,21:51:29,maceta1,88,86,85,86,85,132.91666666666669,19.6,67.5,1,0,0,
2026-05-30,21:51:29,maceta2,99,128,79,64,71,2.5,18.2,66.8,1,0,0,
2026-05-30,22:21:31,maceta1,128,128,64,64,64,135.41666666666669,19.6,65.7,1,0,1,
2026-05-30,22:21:31,maceta2,100,105,78,76,77,2.5,18.1,66.0,1,0,0,
2026-05-30,22:51:56,maceta1,88,87,85,85,85,133.33333333333334,19.6,66.1,1,0,0,
2026-05-30,22:51:56,maceta2,100,105,78,76,77,2.5,18.1,65.9,1,0,0,
2026-05-30,23:21:58,maceta1,128,128,64,64,64,134.16666666666669,19.7,65.9,1,0,1,
2026-05-30,23:21:58,maceta2,100,105,78,76,77,2.5,18.2,65.1,1,0,0,
2026-05-30,23:52:23,maceta1,128,87,64,85,74,133.75,,,1,0,0,Lectura invalida de DHT
2026-05-30,23:52:23,maceta2,99,105,79,76,77,2.5,18.2,65.6,1,0,0,
2026-05-31,00:22:25,maceta1,89,119,84,68,76,136.25,,,0,0,0,Lectura invalida de DHT
2026-05-31,00:22:25,maceta2,99,105,79,76,77,2.0833333333333335,18.3,65.5,0,0,0,
2026-05-31,00:52:27,maceta1,128,128,64,64,64,0.0,,,0,0,1,Lectura invalida de DHT
2026-05-31,00:52:27,maceta2,97,102,80,77,78,0.0,18.4,65.9,0,0,0,
2026-05-31,01:22:52,maceta1,89,87,84,85,84,0.0,17.5,74.2,0,0,0,
2026-05-31,01:22:52,maceta2,99,103,79,77,78,0.0,16.4,69.8,0,0,0,
2026-05-31,01:52:54,maceta1,128,128,64,64,64,0.0,17.4,74.8,0,0,1,
2026-05-31,01:52:54,maceta2,99,104,79,76,77,0.0,16.1,70.4,0,0,0,
2026-05-31,02:23:18,maceta1,88,88,85,85,85,0.0,17.3,75.3,0,0,0,
2026-05-31,02:23:18,maceta2,99,105,79,76,77,0.0,16.0,70.8,0,0,0,
2026-05-31,02:53:20,maceta1,128,128,64,64,64,0.0,,,0,0,1,Lectura invalida de DHT
2026-05-31,02:53:20,maceta2,98,104,80,76,78,0.0,16.0,71.2,0,0,0,
2026-05-31,03:23:45,maceta1,128,128,64,64,64,0.0,17.2,74.7,0,0,1,
2026-05-31,03:23:45,maceta2,99,105,79,76,77,0.0,15.9,71.4,0,0,0,
2026-05-31,03:54:10,maceta1,88,87,85,85,85,0.0,17.2,76.1,0,0,0,
2026-05-31,03:54:10,maceta2,99,103,79,77,78,0.0,15.8,71.2,0,0,0,
2026-05-31,04:24:12,maceta1,128,128,64,64,64,0.0,17.1,74.6,0,0,1,
2026-05-31,04:24:12,maceta2,99,105,79,76,77,0.0,15.8,71.4,0,0,0,
2026-05-31,04:54:37,maceta1,89,88,84,85,84,0.0,17.0,75.9,0,0,0,
2026-05-31,04:54:37,maceta2,99,105,79,76,77,0.0,15.8,71.6,0,0,0,
2026-05-31,05:24:39,maceta1,128,128,64,64,64,0.0,17.0,76.8,0,0,1,
2026-05-31,05:24:39,maceta2,99,105,79,76,77,0.0,15.7,71.5,0,0,0,
2026-05-31,05:55:03,maceta1,128,128,64,64,64,0.0,17.0,75.9,0,0,1,
2026-05-31,05:55:03,maceta2,99,104,79,76,77,0.0,15.6,71.9,0,0,0,
2026-05-31,06:25:28,maceta1,89,87,84,85,84,0.0,16.9,75.8,0,0,0,
2026-05-31,06:25:28,maceta2,98,128,80,64,72,0.0,15.6,71.9,0,0,0,
2026-05-31,06:55:30,maceta1,128,128,64,64,64,0.0,16.9,75.8,0,0,1,
2026-05-31,06:55:30,maceta2,99,104,79,76,77,0.0,15.6,71.8,0,0,0,
2026-05-31,07:25:55,maceta1,89,87,84,85,84,0.0,16.9,76.0,0,0,0,
2026-05-31,07:25:55,maceta2,98,103,80,77,78,0.0,15.6,70.8,0,0,0,
2026-05-31,07:55:57,maceta1,128,128,64,64,64,0.0,16.8,76.2,0,0,1,
2026-05-31,07:55:57,maceta2,97,103,80,77,78,0.0,15.5,71.6,0,0,0,
2026-05-31,08:26:22,maceta1,105,87,76,85,80,0.8333333333333334,16.7,76.0,0,0,0,
2026-05-31,08:26:22,maceta2,98,103,80,77,78,2.0833333333333335,15.5,71.8,0,0,0,
2026-05-31,08:56:24,maceta1,88,128,85,64,74,9.166666666666668,16.8,75.1,0,0,0,
2026-05-31,08:56:24,maceta2,98,104,80,76,78,9.583333333333334,15.4,71.4,0,0,0,
2026-05-31,09:26:26,maceta1,128,128,64,64,64,16.25,,,0,0,1,Lectura invalida de DHT
2026-05-31,09:26:26,maceta2,99,103,79,77,78,14.583333333333334,15.4,71.2,0,0,0,
2026-05-31,09:56:51,maceta1,89,88,84,85,84,22.083333333333336,16.8,75.3,0,0,0,
2026-05-31,09:56:51,maceta2,99,103,79,77,78,17.083333333333336,15.4,72.6,0,0,0,
2026-05-31,10:26:53,maceta1,128,128,64,64,64,28.333333333333336,16.9,74.8,0,0,1,
2026-05-31,10:26:53,maceta2,99,104,79,76,77,19.583333333333336,15.5,74.0,0,0,0,
2026-05-31,10:57:18,maceta1,89,87,84,85,84,24.583333333333336,17.0,75.1,0,0,0,
2026-05-31,10:57:18,maceta2,97,104,80,76,78,16.666666666666668,15.6,74.1,0,0,0,
2026-05-31,11:27:20,maceta1,128,128,64,64,64,39.16666666666667,,,0,0,1,Lectura invalida de DHT
2026-05-31,11:27:20,maceta2,99,105,79,76,77,22.5,15.6,72.8,0,0,0,
2026-05-31,11:57:44,maceta1,128,128,64,64,64,48.75,17.2,80.4,0,0,1,
2026-05-31,11:57:44,maceta2,100,105,78,76,77,27.916666666666668,15.8,73.5,0,0,0,
2026-05-31,12:28:09,maceta1,89,88,84,85,84,22.916666666666668,17.3,81.0,0,0,0,
2026-05-31,12:28:09,maceta2,99,108,79,74,76,17.916666666666668,,,0,0,0,Lectura invalida de DHT
2026-05-31,12:58:11,maceta1,128,128,64,64,64,10.416666666666668,17.3,80.9,0,0,1,
2026-05-31,12:58:11,maceta2,99,105,79,76,77,13.75,16.0,75.5,0,0,0,
2026-05-31,13:28:36,maceta1,89,88,84,85,84,12.5,17.3,81.9,0,0,0,
2026-05-31,13:28:36,maceta2,98,105,80,76,78,17.083333333333336,16.0,75.3,0,0,0,
2026-05-31,13:58:38,maceta1,128,128,64,64,64,20.0,17.3,82.0,0,0,1,
2026-05-31,13:58:38,maceta2,99,104,79,76,77,22.916666666666668,16.0,75.2,0,0,0,
2026-05-31,14:29:03,maceta1,128,104,64,76,70,17.083333333333336,17.4,82.7,0,0,0,
2026-05-31,14:29:03,maceta2,101,106,78,75,76,24.166666666666668,16.0,74.9,0,0,0,
2026-05-31,14:59:05,maceta1,90,96,84,81,82,25.833333333333336,17.4,82.3,0,0,0,
2026-05-31,14:59:05,maceta2,100,106,78,75,76,35.833333333333336,16.1,74.8,0,0,0,
2026-05-31,15:29:07,maceta1,128,128,64,64,64,19.583333333333336,,,0,0,1,Lectura invalida de DHT
2026-05-31,15:29:07,maceta2,100,105,78,76,77,33.333333333333336,16.2,74.8,0,0,0,
2026-05-31,15:59:32,maceta1,89,87,84,85,84,20.0,17.6,81.8,0,0,0,
2026-05-31,15:59:32,maceta2,99,106,79,75,77,41.25,16.2,74.7,0,0,0,
2026-05-31,16:29:34,maceta1,128,128,64,64,64,8.75,17.6,82.7,0,0,1,
2026-05-31,16:29:34,maceta2,99,106,79,75,77,40.41666666666667,16.3,73.8,0,0,0,
2026-05-31,16:59:58,maceta1,89,88,84,85,84,10.0,17.6,81.7,1,0,0,
2026-05-31,16:59:58,maceta2,100,105,78,76,77,36.25,16.3,73.1,0,0,0,
2026-05-31,17:30:01,maceta1,128,128,64,64,64,131.25,,,1,0,1,Lectura invalida de DHT
2026-05-31,17:30:01,maceta2,101,107,78,75,76,27.5,16.3,72.5,0,0,0,
2026-05-31,18:00:25,maceta1,128,128,64,64,64,127.08333333333334,,,1,0,1,Lectura invalida de DHT
2026-05-31,18:00:25,maceta2,99,107,79,75,77,14.166666666666668,16.4,72.6,1,0,0,
2026-05-31,18:30:50,maceta1,88,87,85,85,85,134.16666666666669,20.0,67.3,1,0,0,
2026-05-31,18:30:50,maceta2,101,108,78,74,76,2.916666666666667,16.4,71.9,1,0,0,
2026-05-31,19:00:52,maceta1,128,128,64,64,64,129.16666666666669,20.2,67.8,1,0,1,
2026-05-31,19:00:52,maceta2,101,105,78,76,77,2.5,18.2,68.1,1,0,0,
2026-05-31,19:31:17,maceta1,89,87,84,85,84,129.58333333333334,20.3,68.0,1,0,0,
2026-05-31,19:31:17,maceta2,102,108,77,74,75,2.0833333333333335,18.4,67.2,1,0,0,
2026-05-31,20:01:19,maceta1,128,128,64,64,64,134.16666666666669,20.3,66.7,1,0,1,
2026-05-31,20:01:19,maceta2,102,108,77,74,75,2.0833333333333335,18.5,67.2,1,0,0,
2026-05-31,20:31:44,maceta1,128,128,64,64,64,130.0,20.4,67.4,1,0,1,
2026-05-31,20:31:44,maceta2,102,107,77,75,76,2.5,18.5,67.3,1,0,0,
2026-05-31,21:02:08,maceta1,88,87,85,85,85,131.66666666666669,20.4,67.2,1,0,0,
2026-05-31,21:02:08,maceta2,101,123,78,66,72,2.5,,,1,0,0,Lectura invalida de DHT
2026-05-31,21:32:10,maceta1,128,128,64,64,64,129.16666666666669,20.5,69.0,1,0,1,
2026-05-31,21:32:10,maceta2,102,107,77,75,76,2.5,18.7,67.7,1,0,0,
2026-05-31,22:02:35,maceta1,89,88,84,85,84,134.58333333333334,20.4,68.3,1,0,0,
2026-05-31,22:02:35,maceta2,103,108,77,74,75,2.5,18.8,67.5,1,0,0,
2026-05-31,22:32:37,maceta1,128,128,64,64,64,133.33333333333334,20.5,69.3,1,0,1,
2026-05-31,22:32:37,maceta2,103,110,77,73,75,2.0833333333333335,18.8,68.0,1,0,0,
2026-05-31,23:03:02,maceta1,128,88,64,85,74,130.83333333333334,20.5,68.8,1,0,0,
2026-05-31,23:03:02,maceta2,103,109,77,74,75,2.0833333333333335,18.9,68.9,1,0,0,
2026-05-31,23:33:04,maceta1,90,128,84,64,74,131.25,20.6,70.5,1,0,0,
2026-05-31,23:33:04,maceta2,103,109,77,74,75,2.5,19.0,67.8,1,0,0,
2026-06-01,00:03:06,maceta1,128,128,64,64,64,132.08333333333334,20.6,68.5,0,0,1,
2026-06-01,00:03:06,maceta2,104,109,76,74,75,2.0833333333333335,,,0,0,0,Lectura invalida de DHT
2026-06-01,00:33:31,maceta1,90,88,84,85,84,0.0,19.0,74.4,0,0,0,
2026-06-01,00:33:31,maceta2,101,106,78,75,76,0.0,19.1,67.6,0,0,0,
2026-06-01,01:03:33,maceta1,128,128,64,64,64,0.0,18.5,77.0,0,0,1,
2026-06-01,01:03:33,maceta2,100,107,78,75,76,0.0,17.4,72.0,0,0,0,
2026-06-01,01:33:58,maceta1,89,89,84,84,84,0.0,18.4,76.9,0,0,0,
2026-06-01,01:33:58,maceta2,100,107,78,75,76,0.0,17.0,73.3,0,0,0,
2026-06-01,02:04:00,maceta1,128,128,64,64,64,0.0,18.4,77.2,0,0,1,
2026-06-01,02:04:00,maceta2,99,106,79,75,77,0.0,17.0,73.7,0,0,0,
2026-06-01,02:34:25,maceta1,128,128,64,64,64,0.0,18.4,76.7,0,0,1,
2026-06-01,02:34:25,maceta2,99,107,79,75,77,0.0,16.9,73.9,0,0,0,
2026-06-01,03:04:49,maceta1,90,88,84,85,84,0.0,18.3,78.2,0,0,0,
2026-06-01,03:04:49,maceta2,101,105,78,76,77,0.0,,,0,0,0,Lectura invalida de DHT
2026-06-01,03:34:51,maceta1,128,128,64,64,64,0.0,18.3,78.1,0,0,1,
2026-06-01,03:34:51,maceta2,101,106,78,75,76,0.0,16.9,73.2,0,0,0,
2026-06-01,04:05:16,maceta1,90,88,84,85,84,0.0,18.2,76.7,0,0,0,
2026-06-01,04:05:16,maceta2,99,104,79,76,77,0.0,16.8,73.0,0,0,0,
2026-06-01,04:35:18,maceta1,128,128,64,64,64,0.0,,,0,0,1,Lectura invalida de DHT
2026-06-01,04:35:18,maceta2,100,105,78,76,77,0.0,16.8,73.0,0,0,0,
2026-06-01,05:05:43,maceta1,128,128,64,64,64,0.0,18.2,79.2,0,0,1,
2026-06-01,05:05:43,maceta2,99,105,79,76,77,0.0,16.8,73.2,0,0,0,
2026-06-01,05:36:07,maceta1,90,88,84,85,84,0.0,18.1,77.4,0,0,0,
2026-06-01,05:36:07,maceta2,101,128,78,64,71,0.0,16.7,73.1,0,0,0,
2026-06-01,06:06:10,maceta1,128,128,64,64,64,0.0,18.1,78.3,0,0,1,
2026-06-01,06:06:10,maceta2,99,105,79,76,77,0.0,16.7,73.2,0,0,0,
2026-06-01,06:36:34,maceta1,90,89,84,84,84,0.0,18.1,78.1,0,0,0,
2026-06-01,06:36:34,maceta2,102,107,77,75,76,0.0,16.7,73.2,0,0,0,
2026-06-01,07:06:36,maceta1,128,128,64,64,64,0.0,18.1,79.1,0,0,1,
2026-06-01,07:06:36,maceta2,100,105,78,76,77,0.0,16.7,73.5,0,0,0,
2026-06-01,07:37:01,maceta1,105,89,76,84,80,0.0,18.0,79.0,0,0,0,
2026-06-01,07:37:01,maceta2,101,107,78,75,76,0.0,16.6,73.4,0,0,0,
2026-06-01,08:07:03,maceta1,128,128,64,64,64,0.0,,,0,0,1,Lectura invalida de DHT
2026-06-01,08:07:03,maceta2,99,107,79,75,77,0.0,16.6,73.8,0,0,0,
2026-06-01,08:37:28,maceta1,128,128,64,64,64,0.0,17.9,78.6,0,0,1,
2026-06-01,08:37:28,maceta2,100,107,78,75,76,0.0,16.6,73.6,0,0,0,
2026-06-01,09:07:53,maceta1,89,87,84,85,84,4.583333333333334,18.0,80.3,0,0,0,
2026-06-01,09:07:53,maceta2,101,106,78,75,76,3.3333333333333335,16.6,74.0,0,0,0,
2026-06-01,09:37:55,maceta1,128,128,64,64,64,4.166666666666667,18.0,79.8,0,0,1,
2026-06-01,09:37:55,maceta2,101,107,78,75,76,3.75,16.6,74.7,0,0,0,
2026-06-01,10:08:19,maceta1,90,88,84,85,84,4.166666666666667,18.0,79.0,0,0,0,
2026-06-01,10:08:19,maceta2,100,107,78,75,76,3.75,16.6,74.3,0,0,0,
2026-06-01,10:38:22,maceta1,128,128,64,64,64,5.833333333333334,18.0,78.4,0,0,1,
2026-06-01,10:38:22,maceta2,101,107,78,75,76,5.0,16.6,75.0,0,0,0,
2026-06-01,11:08:46,maceta1,128,128,64,64,64,4.583333333333334,18.0,78.4,0,0,1,
2026-06-01,11:08:46,maceta2,100,105,78,76,77,5.0,16.6,75.2,0,0,0,
2026-06-01,11:39:11,maceta1,120,128,68,64,66,3.3333333333333335,18.1,79.6,0,0,1,
2026-06-01,11:39:11,maceta2,100,107,78,75,76,3.3333333333333335,16.6,75.3,0,0,0,
2026-06-01,12:09:36,maceta1,128,128,64,64,64,4.583333333333334,18.1,79.6,0,0,1,
2026-06-01,12:09:36,maceta2,99,106,79,75,77,4.583333333333334,16.7,75.2,0,0,0,
2026-06-01,12:40:00,maceta1,90,88,84,85,84,7.5,18.1,81.3,0,0,0,
2026-06-01,12:40:00,maceta2,102,108,77,74,75,6.25,16.7,75.4,0,0,0,
2026-06-01,13:10:02,maceta1,128,128,64,64,64,15.0,,,0,0,1,Lectura invalida de DHT
2026-06-01,13:10:02,maceta2,103,108,77,74,75,10.416666666666668,16.7,75.5,0,0,0,
2026-06-01,13:40:27,maceta1,90,88,84,85,84,15.416666666666668,18.2,78.4,0,0,0,
2026-06-01,13:40:27,maceta2,101,107,78,75,76,11.666666666666668,16.7,76.0,0,0,0,
2026-06-01,14:10:29,maceta1,128,128,64,64,64,15.833333333333334,18.2,78.1,0,0,1,
2026-06-01,14:10:29,maceta2,102,109,77,74,75,11.666666666666668,16.8,75.5,0,0,0,
2026-06-01,14:40:54,maceta1,128,128,64,64,64,7.916666666666667,18.3,77.7,0,0,1,
2026-06-01,14:40:54,maceta2,101,109,78,74,76,7.5,16.8,75.4,0,0,0,
2026-06-01,15:11:19,maceta1,90,89,84,84,84,10.0,18.2,77.7,0,0,0,
2026-06-01,15:11:19,maceta2,103,108,77,74,75,8.333333333333334,16.9,75.7,0,0,0,
2026-06-01,15:41:21,maceta1,128,128,64,64,64,1.6666666666666667,,,0,0,1,Lectura invalida de DHT
2026-06-01,15:41:21,maceta2,102,108,77,74,75,3.75,16.9,76.0,0,0,0,
2026-06-01,16:11:45,maceta1,89,87,84,85,84,2.916666666666667,18.2,77.5,0,0,0,
2026-06-01,16:11:45,maceta2,101,108,78,74,76,2.916666666666667,16.9,75.9,0,0,0,
2026-06-01,16:41:48,maceta1,128,128,64,64,64,1.25,18.2,80.1,0,0,1,
2026-06-01,16:41:48,maceta2,100,108,78,74,76,1.25,16.9,75.8,0,0,0,
2026-06-01,17:12:12,maceta1,128,128,64,64,64,0.4166666666666667,18.1,79.5,1,0,1,
2026-06-01,17:12:12,maceta2,103,110,77,73,75,0.8333333333333334,16.9,75.8,0,0,0,
2026-06-01,17:42:37,maceta1,89,88,84,85,84,127.91666666666667,19.9,75.3,1,0,0,
2026-06-01,17:42:37,maceta2,101,117,78,70,74,0.0,,,0,0,0,Lectura invalida de DHT
2026-06-01,18:12:39,maceta1,128,128,64,64,64,129.58333333333334,20.2,73.4,1,0,1,
2026-06-01,18:12:39,maceta2,101,107,78,75,76,0.0,16.8,76.7,1,0,0,
2026-06-01,18:43:04,maceta1,89,88,84,85,84,136.25,20.2,72.4,1,0,0,
2026-06-01,18:43:04,maceta2,103,109,77,74,75,2.0833333333333335,16.7,76.7,1,0,0,
2026-06-01,19:13:06,maceta1,128,128,64,64,64,137.91666666666669,20.3,71.4,1,0,1,
2026-06-01,19:13:06,maceta2,102,108,77,74,75,2.0833333333333335,18.1,74.7,1,0,0,
2026-06-01,19:43:30,maceta1,128,96,64,81,72,137.5,20.4,70.5,1,0,0,
2026-06-01,19:43:30,maceta2,103,109,77,74,75,2.0833333333333335,18.3,73.8,1,0,0,
2026-06-01,20:13:33,maceta1,89,112,84,72,78,132.08333333333334,20.4,69.9,1,0,0,
2026-06-01,20:13:33,maceta2,103,108,77,74,75,2.5,18.4,72.8,1,0,0,
2026-06-01,20:43:35,maceta1,128,128,64,64,64,130.83333333333334,,,1,0,1,Lectura invalida de DHT
2026-06-01,20:43:35,maceta2,104,109,76,74,75,2.0833333333333335,18.6,73.0,1,0,0,
2026-06-01,21:13:59,maceta1,89,87,84,85,84,136.66666666666669,20.4,69.7,1,0,0,
2026-06-01,21:13:59,maceta2,102,107,77,75,76,2.5,18.6,72.7,1,0,0,
2026-06-01,21:44:02,maceta1,128,128,64,64,64,135.41666666666669,20.4,70.0,1,0,1,
2026-06-01,21:44:02,maceta2,104,110,76,73,74,2.0833333333333335,18.7,72.3,1,0,0,
2026-06-01,22:14:26,maceta1,90,88,84,85,84,131.66666666666669,20.5,69.9,1,0,0,
2026-06-01,22:14:26,maceta2,104,109,76,74,75,2.0833333333333335,18.7,72.7,1,0,0,
2026-06-01,22:44:28,maceta1,128,128,64,64,64,134.16666666666669,20.5,69.4,1,0,1,
2026-06-01,22:44:28,maceta2,105,111,76,73,74,2.0833333333333335,18.7,71.9,1,0,0,
2026-06-01,23:14:53,maceta1,128,128,64,64,64,130.41666666666669,20.5,69.2,1,0,1,
2026-06-01,23:14:53,maceta2,102,108,77,74,75,2.5,18.7,72.3,1,0,0,
2026-06-01,23:45:18,maceta1,90,88,84,85,84,135.0,20.5,69.1,1,0,0,
2026-06-01,23:45:18,maceta2,105,110,76,73,74,2.5,18.7,72.2,1,0,0,
2026-06-02,00:15:20,maceta1,128,128,64,64,64,132.5,20.5,69.7,0,0,1,
2026-06-02,00:15:20,maceta2,104,111,76,73,74,2.0833333333333335,18.6,70.5,0,0,0,
2026-06-02,00:45:45,maceta1,90,88,84,85,84,0.0,18.8,76.5,0,0,0,
2026-06-02,00:45:45,maceta2,102,107,77,75,76,0.0,18.6,71.5,0,0,0,
2026-06-02,01:15:47,maceta1,128,128,64,64,64,0.0,18.4,77.2,0,0,1,
2026-06-02,01:15:47,maceta2,99,106,79,75,77,0.0,17.2,73.6,0,0,0,
2026-06-02,01:46:11,maceta1,128,128,64,64,64,0.0,18.2,77.7,0,0,1,
2026-06-02,01:46:11,maceta2,101,108,78,74,76,0.0,16.8,75.0,0,0,0,
2026-06-02,02:16:36,maceta1,89,88,84,85,84,0.0,18.1,77.6,0,0,0,
2026-06-02,02:16:36,maceta2,100,128,78,64,71,0.0,16.7,75.0,0,0,0,
2026-06-02,02:46:38,maceta1,128,128,64,64,64,0.0,18.1,76.2,0,0,1,
2026-06-02,02:46:38,maceta2,101,106,78,75,76,0.0,16.6,75.4,0,0,0,
2026-06-02,03:17:03,maceta1,90,89,84,84,84,0.0,18.0,76.4,0,0,0,
2026-06-02,03:17:03,maceta2,102,108,77,74,75,0.0,16.5,74.6,0,0,0,
2026-06-02,03:47:05,maceta1,128,128,64,64,64,0.0,17.9,76.8,0,0,1,
2026-06-02,03:47:05,maceta2,100,107,78,75,76,0.0,16.5,74.8,0,0,0,
2026-06-02,04:17:30,maceta1,120,88,68,85,76,0.0,17.8,76.3,0,0,0,
2026-06-02,04:17:30,maceta2,100,108,78,74,76,0.0,16.4,74.7,0,0,0,
2026-06-02,04:47:32,maceta1,89,128,84,64,74,0.0,17.7,75.0,0,0,0,
2026-06-02,04:47:32,maceta2,100,106,78,75,76,0.0,16.4,73.6,0,0,0,
2026-06-02,05:17:34,maceta1,128,128,64,64,64,0.0,17.7,75.5,0,0,1,
2026-06-02,05:17:34,maceta2,101,108,78,74,76,0.0,16.3,74.3,0,0,0,
2026-06-02,05:47:59,maceta1,90,88,84,85,84,0.0,17.5,74.9,0,0,0,
2026-06-02,05:47:59,maceta2,101,107,78,75,76,0.0,16.2,72.9,0,0,0,
2026-06-02,06:18:01,maceta1,128,128,64,64,64,0.0,17.4,74.4,0,0,1,
2026-06-02,06:18:01,maceta2,99,106,79,75,77,0.0,16.2,73.0,0,0,0,
2026-06-02,06:48:26,maceta1,89,88,84,85,84,0.0,17.4,75.0,0,0,0,
2026-06-02,06:48:26,maceta2,101,107,78,75,76,0.0,16.1,72.8,0,0,0,
2026-06-02,07:18:28,maceta1,128,128,64,64,64,0.0,,,0,0,1,Lectura invalida de DHT
2026-06-02,07:18:28,maceta2,98,105,80,76,78,0.0,16.0,72.6,0,0,0,
2026-06-02,07:48:52,maceta1,128,128,64,64,64,0.0,,,0,0,1,Lectura invalida de DHT
2026-06-02,07:48:52,maceta2,100,105,78,76,77,0.0,16.0,73.0,0,0,0,
2026-06-02,08:19:17,maceta1,89,88,84,85,84,0.0,17.2,74.5,0,0,0,
2026-06-02,08:19:17,maceta2,100,107,78,75,76,0.0,15.9,71.8,0,0,0,
2026-06-02,08:49:19,maceta1,128,128,64,64,64,0.0,17.2,73.2,0,0,1,
2026-06-02,08:49:19,maceta2,99,107,79,75,77,0.4166666666666667,15.9,72.2,0,0,0,
2026-06-02,09:19:44,maceta1,90,88,84,85,84,6.666666666666667,17.1,73.5,0,0,0,
2026-06-02,09:19:44,maceta2,101,106,78,75,76,5.416666666666667,15.8,72.1,0,0,0,
2026-06-02,09:49:46,maceta1,128,128,64,64,64,6.666666666666667,17.1,74.4,0,0,1,
2026-06-02,09:49:46,maceta2,101,108,78,74,76,5.416666666666667,15.8,72.0,0,0,0,
2026-06-02,10:20:11,maceta1,128,120,64,68,66,4.583333333333334,17.1,73.8,0,0,1,
2026-06-02,10:20:11,maceta2,100,106,78,75,76,5.0,15.8,72.4,0,0,0,
2026-06-02,10:50:35,maceta1,90,88,84,85,84,8.333333333333334,17.1,73.7,0,0,0,
2026-06-02,10:50:35,maceta2,122,128,67,64,65,6.25,,,0,0,0,Lectura invalida de DHT
2026-06-02,11:20:37,maceta1,128,128,64,64,64,4.583333333333334,17.0,74.4,0,0,1,
2026-06-02,11:20:37,maceta2,101,106,78,75,76,4.583333333333334,15.7,72.9,0,0,0,
2026-06-02,11:51:02,maceta1,90,88,84,85,84,5.833333333333334,17.1,74.5,0,0,0,
2026-06-02,11:51:02,maceta2,100,105,78,76,77,5.0,15.7,73.5,0,0,0,
2026-06-02,12:21:04,maceta1,128,128,64,64,64,11.25,17.0,74.1,0,0,1,
2026-06-02,12:21:04,maceta2,101,107,78,75,76,10.0,15.7,73.4,0,0,0,
2026-06-02,12:51:29,maceta1,89,88,84,85,84,17.5,17.1,74.1,0,0,0,
2026-06-02,12:51:29,maceta2,100,107,78,75,76,12.916666666666668,15.7,73.8,0,0,0,
2026-06-02,13:21:31,maceta1,120,128,68,64,66,20.416666666666668,17.0,74.9,0,0,1,
2026-06-02,13:21:31,maceta2,102,107,77,75,76,15.416666666666668,15.7,73.8,0,0,0,
2026-06-02,13:51:56,maceta1,128,128,64,64,64,22.5,17.1,73.4,0,0,1,
2026-06-02,13:51:56,maceta2,103,108,77,74,75,17.083333333333336,15.7,74.5,0,0,0,
2026-06-02,14:22:20,maceta1,90,88,84,85,84,18.333333333333336,17.2,72.5,0,0,0,
2026-06-02,14:22:20,maceta2,101,106,78,75,76,15.0,15.8,74.0,0,0,0,
2026-06-02,14:52:23,maceta1,128,128,64,64,64,18.75,17.2,73.1,0,0,1,
2026-06-02,14:52:23,maceta2,100,107,78,75,76,15.416666666666668,15.8,73.5,0,0,0,
2026-06-02,15:22:47,maceta1,90,88,84,85,84,17.5,17.2,72.6,0,0,0,
2026-06-02,15:22:47,maceta2,101,107,78,75,76,15.416666666666668,15.9,73.6,0,0,0,
2026-06-02,15:52:49,maceta1,128,128,64,64,64,10.833333333333334,,,0,0,1,Lectura invalida de DHT
2026-06-02,15:52:49,maceta2,101,107,78,75,76,8.75,16.0,73.2,0,0,0,
2026-06-02,16:23:14,maceta1,128,128,64,64,64,10.416666666666668,17.3,71.4,0,0,1,
2026-06-02,16:23:14,maceta2,100,106,78,75,76,8.333333333333334,16.0,72.9,0,0,0,
2026-06-02,16:53:39,maceta1,90,88,84,85,84,8.75,17.3,74.7,1,0,0,
2026-06-02,16:53:39,maceta2,101,107,78,75,76,10.416666666666668,16.0,72.3,0,0,0,
2026-06-02,17:23:41,maceta1,128,119,64,68,66,342.5,,,1,0,1,Lectura invalida de DHT
2026-06-02,17:23:41,maceta2,91,93,83,82,82,26.25,16.0,72.6,0,0,0,
2026-06-02,17:58:10,maceta1,99,85,79,86,82,822.5,20.5,67.9,0,0,0,
2026-06-02,17:58:10,maceta2,92,94,83,82,82,22.916666666666668,,,1,0,0,Lectura invalida de DHT
2026-06-02,18:28:12,maceta1,128,128,64,64,64,0.4166666666666667,18.9,73.8,1,0,1,
2026-06-02,18:28:12,maceta2,85,81,86,88,87,3.3333333333333335,16.7,70.2,1,0,0,
2026-06-02,18:58:37,maceta1,128,128,64,64,64,128.33333333333334,19.9,70.3,1,0,1,
2026-06-02,18:58:37,maceta2,86,82,86,88,87,3.3333333333333335,18.5,66.9,1,0,0,
2026-06-02,19:29:01,maceta1,71,71,94,94,94,132.08333333333334,20.1,68.5,1,0,0,
2026-06-02,19:29:01,maceta2,85,100,86,78,82,2.916666666666667,,,1,0,0,Lectura invalida de DHT
2026-06-02,19:59:04,maceta1,128,128,64,64,64,130.83333333333334,20.1,69.3,1,0,1,
2026-06-02,19:59:04,maceta2,86,81,86,88,87,2.916666666666667,,,1,0,0,Lectura invalida de DHT
2026-06-02,20:29:28,maceta1,71,72,94,93,93,135.0,20.1,68.0,1,0,0,
2026-06-02,20:29:28,maceta2,86,82,86,88,87,2.916666666666667,18.5,65.0,1,0,0,
2026-06-02,20:59:30,maceta1,128,128,64,64,64,133.33333333333334,,,1,0,1,Lectura invalida de DHT
2026-06-02,20:59:30,maceta2,86,82,86,88,87,2.916666666666667,18.4,65.9,1,0,0,
2026-06-02,21:29:55,maceta1,128,72,64,93,78,132.08333333333334,20.0,68.0,1,0,0,
2026-06-02,21:29:55,maceta2,86,82,86,88,87,2.916666666666667,18.3,65.4,1,0,0,
2026-06-02,21:59:57,maceta1,70,117,94,70,82,127.5,20.0,67.7,1,0,0,
2026-06-02,21:59:57,maceta2,86,82,86,88,87,2.916666666666667,18.2,65.4,1,0,0,
2026-06-02,22:29:59,maceta1,116,128,70,64,67,132.5,19.9,66.0,1,0,1,
2026-06-02,22:29:59,maceta2,86,81,86,88,87,2.916666666666667,18.1,65.7,1,0,0,
2026-06-02,23:00:24,maceta1,71,72,94,93,93,128.33333333333334,20.0,66.5,1,0,0,
2026-06-02,23:00:24,maceta2,86,82,86,88,87,2.916666666666667,18.1,65.4,1,0,0,
2026-06-02,23:30:26,maceta1,128,128,64,64,64,132.5,20.0,66.3,1,0,1,
2026-06-02,23:30:26,maceta2,87,82,85,88,86,2.916666666666667,18.0,65.4,1,0,0,
2026-06-03,00:00:51,maceta1,71,73,94,93,93,132.08333333333334,19.9,67.3,0,0,0,
2026-06-03,00:00:51,maceta2,86,83,86,87,86,2.916666666666667,18.0,64.7,0,0,0,
2026-06-03,00:30:53,maceta1,128,117,64,70,67,0.0,,,0,0,1,Lectura invalida de DHT
2026-06-03,00:30:53,maceta2,87,83,85,87,86,0.0,18.0,64.0,0,0,0,
2026-06-03,01:01:18,maceta1,128,128,64,64,64,0.0,17.7,71.8,0,0,1,
2026-06-03,01:01:18,maceta2,87,84,85,87,86,0.0,16.5,68.8,0,0,0,
2026-06-03,01:31:42,maceta1,72,74,93,92,92,0.0,17.5,72.0,0,0,0,
2026-06-03,01:31:42,maceta2,87,83,85,87,86,0.0,16.2,70.5,0,0,0,
2026-06-03,02:01:44,maceta1,117,128,70,64,67,0.0,,,0,0,1,Lectura invalida de DHT
2026-06-03,02:01:44,maceta2,87,83,85,87,86,0.0,16.0,70.6,0,0,0,
2026-06-03,02:32:09,maceta1,72,74,93,92,92,0.0,17.4,71.3,0,0,0,
2026-06-03,02:32:09,maceta2,87,83,85,87,86,0.0,16.0,70.5,0,0,0,
2026-06-03,03:02:11,maceta1,128,128,64,64,64,0.0,17.3,71.9,0,0,1,
2026-06-03,03:02:11,maceta2,87,84,85,87,86,0.0,15.9,70.3,0,0,0,
2026-06-03,03:32:36,maceta1,128,128,64,64,64,0.0,,,0,0,1,Lectura invalida de DHT
2026-06-03,03:32:36,maceta2,88,84,85,87,86,0.0,15.8,70.5,0,0,0,
2026-06-03,04:03:01,maceta1,72,74,93,92,92,0.0,17.2,71.7,0,0,0,
2026-06-03,04:03:01,maceta2,87,128,85,64,74,0.0,,,0,0,0,Lectura invalida de DHT
2026-06-03,04:33:03,maceta1,128,128,64,64,64,0.0,,,0,0,1,Lectura invalida de DHT
2026-06-03,04:33:03,maceta2,87,84,85,87,86,0.0,,,0,0,0,Lectura invalida de DHT
2026-06-03,05:03:27,maceta1,72,74,93,92,92,0.0,17.1,71.8,0,0,0,
2026-06-03,05:03:27,maceta2,87,83,85,87,86,0.0,15.8,70.2,0,0,0,
2026-06-03,05:33:30,maceta1,128,128,64,64,64,0.0,,,0,0,1,Lectura invalida de DHT
2026-06-03,05:33:30,maceta2,87,83,85,87,86,0.0,15.8,69.7,0,0,0,
2026-06-03,06:03:54,maceta1,117,75,70,92,81,0.0,17.1,71.1,0,0,0,
2026-06-03,06:03:54,maceta2,87,83,85,87,86,0.0,15.7,70.2,0,0,0,
2026-06-03,06:33:56,maceta1,117,128,70,64,67,0.0,,,0,0,1,Lectura invalida de DHT
2026-06-03,06:33:56,maceta2,87,83,85,87,86,0.0,15.7,70.8,0,0,0,
2026-06-03,07:04:21,maceta1,128,128,64,64,64,0.0,17.1,70.8,0,0,1,
2026-06-03,07:04:21,maceta2,87,84,85,87,86,0.0,15.7,70.4,0,0,0,
2026-06-03,07:34:46,maceta1,72,74,93,92,92,0.0,,,0,0,0,Lectura invalida de DHT
2026-06-03,07:34:46,maceta2,87,83,85,87,86,0.0,15.6,69.9,0,0,0,
2026-06-03,08:04:48,maceta1,128,128,64,64,64,0.0,,,0,0,1,Lectura invalida de DHT
2026-06-03,08:04:48,maceta2,87,83,85,87,86,0.0,15.6,70.2,0,0,0,
2026-06-03,08:35:13,maceta1,72,74,93,92,92,0.0,16.9,71.6,0,0,0,
2026-06-03,08:35:13,maceta2,87,83,85,87,86,0.0,,,0,0,0,Lectura invalida de DHT
2026-06-03,09:05:15,maceta1,128,128,64,64,64,1.6666666666666667,,,0,0,1,Lectura invalida de DHT
2026-06-03,09:05:15,maceta2,87,83,85,87,86,0.0,,,0,0,0,Lectura invalida de DHT
2026-06-03,09:35:39,maceta1,128,128,64,64,64,10.0,16.8,71.9,0,0,1,
2026-06-03,09:35:39,maceta2,88,84,85,87,86,1.6666666666666667,15.5,70.9,0,0,0,
2026-06-03,10:06:04,maceta1,72,74,93,92,92,15.833333333333334,16.9,72.5,0,0,0,
2026-06-03,10:06:04,maceta2,86,119,86,68,77,2.916666666666667,15.5,70.3,0,0,0,
2026-06-03,10:36:06,maceta1,128,128,64,64,64,9.166666666666668,16.9,72.4,0,0,1,
2026-06-03,10:36:06,maceta2,86,83,86,87,86,1.6666666666666667,15.5,71.1,0,0,0,
2026-06-03,11:06:31,maceta1,72,74,93,92,92,19.166666666666668,16.9,73.9,0,0,0,
2026-06-03,11:06:31,maceta2,87,83,85,87,86,3.3333333333333335,15.5,70.6,0,0,0,
2026-06-03,11:36:33,maceta1,128,128,64,64,64,12.083333333333334,16.9,75.0,0,0,1,
2026-06-03,11:36:33,maceta2,87,84,85,87,86,2.5,15.6,71.0,0,0,0,
2026-06-03,12:06:58,maceta1,117,75,70,92,81,9.166666666666668,16.9,75.0,0,0,0,
2026-06-03,12:06:58,maceta2,88,84,85,87,86,1.6666666666666667,15.6,71.9,0,0,0,
2026-06-03,12:37:00,maceta1,72,117,93,70,81,9.583333333333334,16.9,74.7,0,0,0,
2026-06-03,12:37:00,maceta2,87,84,85,87,86,1.6666666666666667,15.6,72.1,0,0,0,
2026-06-03,13:07:02,maceta1,128,128,64,64,64,5.416666666666667,16.9,75.6,0,0,1,
2026-06-03,13:07:02,maceta2,88,85,85,86,85,0.8333333333333334,15.6,72.1,0,0,0,
2026-06-03,13:37:27,maceta1,73,75,93,92,92,4.166666666666667,16.9,76.7,0,0,0,
2026-06-03,13:37:27,maceta2,88,84,85,87,86,0.4166666666666667,15.6,71.8,0,0,0,
2026-06-03,14:07:29,maceta1,128,128,64,64,64,13.333333333333334,16.9,74.8,0,0,1,
2026-06-03,14:07:29,maceta2,87,84,85,87,86,2.0833333333333335,15.6,72.9,0,0,0,
2026-06-03,14:37:53,maceta1,72,74,93,92,92,11.25,16.9,76.2,0,0,0,
2026-06-03,14:37:53,maceta2,87,84,85,87,86,1.6666666666666667,15.6,73.2,0,0,0,
2026-06-03,15:07:56,maceta1,128,128,64,64,64,13.75,16.9,76.1,0,0,1,
2026-06-03,15:07:56,maceta2,87,83,85,87,86,2.0833333333333335,15.6,73.9,0,0,0,
2026-06-03,15:38:20,maceta1,117,128,70,64,67,14.166666666666668,16.9,76.7,0,0,1,
2026-06-03,15:38:20,maceta2,88,85,85,86,85,2.0833333333333335,15.6,73.6,0,0,0,
2026-06-03,16:08:45,maceta1,72,75,93,92,92,5.833333333333334,16.9,77.3,0,0,0,
2026-06-03,16:08:45,maceta2,88,84,85,87,86,0.8333333333333334,,,0,0,0,Lectura invalida de DHT
2026-06-03,16:38:47,maceta1,128,128,64,64,64,4.166666666666667,16.9,76.8,0,0,1,
2026-06-03,16:38:47,maceta2,87,84,85,87,86,0.4166666666666667,15.6,74.6,0,0,0,
2026-06-03,17:09:12,maceta1,72,75,93,92,92,8.333333333333334,,,1,0,0,Lectura invalida de DHT
2026-06-03,17:09:12,maceta2,87,83,85,87,86,1.25,15.6,74.6,0,0,0,
2026-06-03,17:39:14,maceta1,128,128,64,64,64,128.75,18.8,73.9,1,0,1,
2026-06-03,17:39:14,maceta2,86,83,86,87,86,0.4166666666666667,15.6,74.9,0,0,0,
2026-06-03,18:09:39,maceta1,128,128,64,64,64,128.33333333333334,19.1,74.6,1,0,1,
2026-06-03,18:09:39,maceta2,88,85,85,86,85,0.0,,,1,0,0,Lectura invalida de DHT
2026-06-03,18:40:03,maceta1,71,73,94,93,93,135.0,19.3,71.7,1,0,0,
2026-06-03,18:40:03,maceta2,94,128,82,64,73,3.3333333333333335,15.6,75.7,1,0,0,
2026-06-03,19:10:05,maceta1,128,128,64,64,64,130.41666666666669,19.4,72.5,1,0,1,
2026-06-03,19:10:05,maceta2,87,83,85,87,86,3.3333333333333335,17.0,71.2,1,0,0,
2026-06-03,19:40:30,maceta1,71,73,94,93,93,130.83333333333334,19.5,71.4,1,0,0,
2026-06-03,19:40:30,maceta2,86,82,86,88,87,3.3333333333333335,17.2,70.4,1,0,0,
2026-06-03,20:10:32,maceta1,128,128,64,64,64,130.0,,,1,0,1,Lectura invalida de DHT
2026-06-03,20:10:32,maceta2,87,82,85,88,86,3.3333333333333335,17.4,70.1,1,0,0,
2026-06-03,20:40:57,maceta1,71,73,94,93,93,136.66666666666669,19.6,72.9,1,0,0,
2026-06-03,20:40:57,maceta2,87,82,85,88,86,3.3333333333333335,17.5,70.1,1,0,0,
2026-06-03,21:10:59,maceta1,71,128,94,64,79,130.83333333333334,,,1,0,0,Lectura invalida de DHT
2026-06-03,21:10:59,maceta2,86,83,86,87,86,3.3333333333333335,17.5,70.1,1,0,0,
2026-06-03,21:41:01,maceta1,128,128,64,64,64,134.16666666666669,,,1,0,1,Lectura invalida de DHT
2026-06-03,21:41:01,maceta2,87,85,85,86,85,3.3333333333333335,17.5,70.3,1,0,0,
2026-06-03,22:11:26,maceta1,71,73,94,93,93,132.08333333333334,19.6,72.7,1,0,0,
2026-06-03,22:11:26,maceta2,86,83,86,87,86,3.3333333333333335,17.5,70.5,1,0,0,
2026-06-03,22:41:28,maceta1,128,128,64,64,64,132.91666666666669,19.7,72.5,1,0,1,
2026-06-03,22:41:28,maceta2,86,82,86,88,87,2.916666666666667,17.4,70.4,1,0,0,
2026-06-03,23:11:53,maceta1,71,73,94,93,93,130.0,19.7,73.2,1,0,0,
2026-06-03,23:11:53,maceta2,87,82,85,88,86,2.916666666666667,,,1,0,0,Lectura invalida de DHT
2026-06-03,23:41:55,maceta1,128,128,64,64,64,132.91666666666669,19.7,72.3,1,0,1,
2026-06-03,23:41:55,maceta2,86,82,86,88,87,2.916666666666667,17.4,70.5,1,0,0,
2026-06-04,00:12:20,maceta1,128,128,64,64,64,129.16666666666669,,,0,0,1,Lectura invalida de DHT
2026-06-04,00:12:20,maceta2,89,86,84,86,85,2.5,17.3,70.4,0,0,0,
2026-06-04,00:42:44,maceta1,73,75,93,92,92,0.0,18.0,77.1,0,0,0,
2026-06-04,00:42:44,maceta2,88,102,85,77,81,0.0,17.2,71.0,0,0,0,
2026-06-04,01:12:46,maceta1,128,128,64,64,64,0.0,,,0,0,1,Lectura invalida de DHT
2026-06-04,01:12:46,maceta2,87,83,85,87,86,0.0,16.2,75.0,0,0,0,
2026-06-04,01:43:11,maceta1,72,75,93,92,92,0.0,17.3,78.9,0,0,0,
2026-06-04,01:43:11,maceta2,87,83,85,87,86,0.0,16.0,75.9,0,0,0,
2026-06-04,02:13:13,maceta1,128,128,64,64,64,0.0,17.3,78.6,0,0,1,
2026-06-04,02:13:13,maceta2,87,84,85,87,86,0.0,15.8,75.8,0,0,0,
2026-06-04,02:43:38,maceta1,128,96,64,81,72,0.0,17.2,79.4,0,0,0,
2026-06-04,02:43:38,maceta2,87,84,85,87,86,0.0,15.8,75.8,0,0,0,
2026-06-04,03:13:40,maceta1,73,106,93,75,84,0.0,17.2,79.5,0,0,0,
2026-06-04,03:13:40,maceta2,87,84,85,87,86,0.0,15.8,76.2,0,0,0,
2026-06-04,03:43:42,maceta1,128,128,64,64,64,0.0,,,0,0,1,Lectura invalida de DHT
2026-06-04,03:43:42,maceta2,87,84,85,87,86,0.0,15.8,76.7,0,0,0,
2026-06-04,04:14:07,maceta1,72,74,93,92,92,0.0,17.1,79.6,0,0,0,
2026-06-04,04:14:07,maceta2,87,83,85,87,86,0.0,15.8,76.8,0,0,0,
2026-06-04,04:44:09,maceta1,128,117,64,70,67,0.0,,,0,0,1,Lectura invalida de DHT
2026-06-04,04:44:09,maceta2,87,83,85,87,86,0.0,15.7,76.9,0,0,0,
2026-06-04,05:14:34,maceta1,72,75,93,92,92,0.0,17.0,80.2,0,0,0,
2026-06-04,05:14:34,maceta2,87,84,85,87,86,0.0,15.7,77.1,0,0,0,
2026-06-04,05:44:36,maceta1,128,128,64,64,64,0.0,17.1,80.5,0,0,1,
2026-06-04,05:44:36,maceta2,88,84,85,87,86,0.0,15.7,76.9,0,0,0,
2026-06-04,06:15:00,maceta1,128,128,64,64,64,0.0,,,0,0,1,Lectura invalida de DHT
2026-06-04,06:15:00,maceta2,87,85,85,86,85,0.0,15.7,77.5,0,0,0,
2026-06-04,06:45:25,maceta1,72,74,93,92,92,0.0,17.0,79.8,0,0,0,
2026-06-04,06:45:25,maceta2,87,83,85,87,86,0.0,15.6,77.1,0,0,0,
2026-06-04,07:15:27,maceta1,128,128,64,64,64,0.0,17.0,80.5,0,0,1,
2026-06-04,07:15:27,maceta2,87,83,85,87,86,0.0,15.6,77.4,0,0,0,
2026-06-04,07:45:52,maceta1,72,74,93,92,92,0.0,17.0,80.8,0,0,0,
2026-06-04,07:45:52,maceta2,87,83,85,87,86,0.0,15.6,77.6,0,0,0,
2026-06-04,08:15:54,maceta1,128,128,64,64,64,0.0,,,0,0,1,Lectura invalida de DHT
2026-06-04,08:15:54,maceta2,87,84,85,87,86,0.0,15.6,77.5,0,0,0,
2026-06-04,08:46:19,maceta1,128,128,64,64,64,0.8333333333333334,,,0,0,1,Lectura invalida de DHT
2026-06-04,08:46:19,maceta2,88,84,85,87,86,0.0,15.6,78.0,0,0,0,
2026-06-04,09:16:43,maceta1,72,74,93,92,92,2.916666666666667,17.0,81.2,0,0,0,
2026-06-04,09:16:43,maceta2,87,110,85,73,79,0.0,15.6,78.2,0,0,0,
2026-06-04,09:46:46,maceta1,128,128,64,64,64,10.416666666666668,,,0,0,1,Lectura invalida de DHT
2026-06-04,09:46:46,maceta2,88,84,85,87,86,1.25,15.6,78.3,0,0,0,
2026-06-04,10:17:10,maceta1,72,74,93,92,92,5.0,17.0,82.2,0,0,0,
2026-06-04,10:17:10,maceta2,87,84,85,87,86,0.4166666666666667,15.6,78.4,0,0,0,
2026-06-04,10:47:12,maceta1,128,128,64,64,64,21.25,17.0,82.3,0,0,1,
2026-06-04,10:47:12,maceta2,88,84,85,87,86,3.3333333333333335,15.7,78.4,0,0,0,
2026-06-04,11:17:37,maceta1,128,75,64,92,78,22.5,17.0,82.3,0,0,0,
2026-06-04,11:17:37,maceta2,88,84,85,87,86,3.3333333333333335,15.7,78.6,0,0,0,
2026-06-04,11:47:39,maceta1,72,128,93,64,78,12.5,17.0,82.8,0,0,0,
2026-06-04,11:47:39,maceta2,87,84,85,87,86,1.6666666666666667,15.7,78.7,0,0,0,
2026-06-04,12:17:41,maceta1,117,128,70,64,67,18.75,17.0,82.7,0,0,1,
2026-06-04,12:17:41,maceta2,88,84,85,87,86,2.916666666666667,15.7,78.4,0,0,0,
2026-06-04,12:48:06,maceta1,72,74,93,92,92,37.083333333333336,17.1,83.0,0,0,0,
2026-06-04,12:48:06,maceta2,87,84,85,87,86,6.25,15.8,78.5,0,0,0,
2026-06-04,13:18:08,maceta1,128,128,64,64,64,17.083333333333336,17.1,84.8,0,0,1,
2026-06-04,13:18:08,maceta2,88,84,85,87,86,3.3333333333333335,15.8,79.2,0,0,0,
2026-06-04,13:48:33,maceta1,73,74,93,92,92,24.583333333333336,17.2,85.2,0,0,0,
2026-06-04,13:48:33,maceta2,88,84,85,87,86,4.166666666666667,15.9,79.3,0,0,0,
2026-06-04,14:18:35,maceta1,128,117,64,70,67,32.083333333333336,,,0,0,1,Lectura invalida de DHT
2026-06-04,14:18:35,maceta2,87,84,85,87,86,6.666666666666667,16.0,79.4,0,0,0,
2026-06-04,14:49:00,maceta1,128,128,64,64,64,34.16666666666667,17.4,86.7,0,0,1,
2026-06-04,14:49:00,maceta2,88,86,85,86,85,8.333333333333334,16.0,79.6,0,0,0,
2026-06-04,15:19:24,maceta1,72,74,93,92,92,37.5,17.4,87.6,0,0,0,
2026-06-04,15:19:24,maceta2,87,84,85,87,86,7.5,16.1,79.1,0,0,0,
2026-06-04,15:49:26,maceta1,128,128,64,64,64,24.583333333333336,,,0,0,1,Lectura invalida de DHT
2026-06-04,15:49:26,maceta2,88,85,85,86,85,5.416666666666667,16.1,79.6,0,0,0,
2026-06-04,16:19:51,maceta1,72,74,93,92,92,14.583333333333334,17.5,89.8,0,0,0,
2026-06-04,16:19:51,maceta2,87,84,85,87,86,2.916666666666667,16.2,79.5,0,0,0,
2026-06-04,16:49:53,maceta1,128,128,64,64,64,8.75,,,0,0,1,Lectura invalida de DHT
2026-06-04,16:49:53,maceta2,87,85,85,86,85,1.6666666666666667,16.3,79.8,0,0,0,
2026-06-04,17:20:18,maceta1,128,117,64,70,67,4.583333333333334,17.5,89.9,1,0,1,
2026-06-04,17:20:18,maceta2,88,85,85,86,85,0.8333333333333334,16.3,79.8,0,0,0,
2026-06-04,17:50:43,maceta1,71,74,94,92,93,128.75,19.4,80.4,1,0,0,
2026-06-04,17:50:43,maceta2,95,128,81,64,72,0.4166666666666667,16.4,79.9,1,0,0,
2026-06-04,18:20:45,maceta1,128,128,64,64,64,817.9166666666667,20.0,79.1,1,0,1,
2026-06-04,18:20:45,maceta2,87,83,85,87,86,45.0,16.4,79.8,1,0,0,
2026-06-04,19:24:50,maceta1,73,75,,,,675.4166666666667,4.9622222417593e-06,18.7,83.0,1,0,0,Fallo en ambos sensores de humedad de suelo
2026-06-04,19:24:50,maceta2,86,83,,,,,0.0,,,1,0,0,Fallo en ambos sensores de humedad de suelo
2026-06-04,19:26:01,maceta1,73,75,,,,675.4166666666667,4.899351530273755e-06,18.7,83.1,1,0,0,Fallo en ambos sensores de humedad de suelo
2026-06-04,19:26:01,maceta2,87,84,,,,,0.0,,,1,0,0,Fallo en ambos sensores de humedad de suelo
2026-06-04,19:27:57,maceta1,106,128,,,,675.4166666666667,4.886863185763359e-06,,,1,0,0,Fallo en ambos sensores de humedad de suelo | Lectura invalida de DHT
2026-06-04,19:27:57,maceta2,86,83,,,,,0.0,,,1,0,0,Fallo en ambos sensores de humedad de suelo
2026-06-04,19:28:20,maceta1,71,72,,,,831.25,0.013275884987487196,18.8,83.0,1,0,0,Fallo en ambos sensores de humedad de suelo
2026-06-04,19:28:20,maceta2,119,128,,,,,0.01292622135257721,,,1,0,0,Fallo en ambos sensores de humedad de suelo
2026-06-04,19:28:42,maceta1,71,72,88,,88,829.5833333333334,0.02654510027216827,18.9,82.7,1,0,0,"Fallo sensor de humedad 2, se usa sensor 1"
2026-06-04,19:28:42,maceta2,86,83,80,,80,,0.025851379450261593,,,1,0,0,"Fallo sensor de humedad 2, se usa sensor 1"
2026-06-04,19:29:05,maceta1,71,73,94,93,93,828.75,0.0401096932815962,18.9,82.0,1,0,0,
2026-06-04,19:29:05,maceta2,86,82,80,88,84,,0.03906460058426857,,,1,0,0,
2026-06-04,19:29:28,maceta1,71,73,94,93,93,833.75,0.05335561277503242,18.9,82.2,1,0,0,
2026-06-04,19:29:28,maceta2,86,82,86,88,87,,0.05196538684539795,,,1,0,0,
2026-06-04,19:29:50,maceta1,71,73,94,93,93,826.25,0.06657225821985338,,,1,0,0,Lectura invalida de DHT
2026-06-04,19:29:50,maceta2,86,83,86,88,87,,0.06484067959448099,,,1,0,0,
2026-06-04,19:30:13,maceta1,106,128,,,,675.8333333333334,9.393639239569506e-06,19.0,81.9,1,0,0,Fallo en ambos sensores de humedad de suelo
2026-06-04,19:30:13,maceta2,87,83,,,,17.5,2.432385006546974e-07,18.3,74.2,1,0,0,Fallo en ambos sensores de humedad de suelo
2026-06-04,19:30:36,maceta1,71,73,,,,826.6666666666667,0.013461552082868512,19.0,81.5,1,0,0,Fallo en ambos sensores de humedad de suelo
2026-06-04,19:30:36,maceta2,86,82,,,,22.5,0.0131142566513291,,,1,0,0,Fallo en ambos sensores de humedad de suelo | Lectura invalida de DHT
2026-06-04,19:30:59,maceta1,70,72,88,,88,822.9166666666667,0.026923552090501384,,,1,0,0,"Fallo sensor de humedad 2, se usa sensor 1 | Lectura invalida de DHT"
2026-06-04,19:30:59,maceta2,86,83,86,88,87,22.5,0.026239402752349077,,,1,0,0,Lectura invalida de DHT
2026-06-04,19:31:04,maceta1,73,76,,,,675.8333333333334,9.401806981265545e-06,19.0,81.3,1,0,0,Fallo en ambos sensores de humedad de suelo
2026-06-04,19:31:04,maceta2,87,83,,,,17.5,2.434499958157539e-07,,,1,0,0,Fallo en ambos sensores de humedad de suelo | Lectura invalida de DHT
2026-06-04,20:01:07,maceta1,71,72,,,,134.58333333333334,1.0438636515052824,20.2,77.0,1,0,0,Fallo en ambos sensores de humedad de suelo
2026-06-04,20:01:07,maceta2,87,84,,,,4.166666666666667,1.0395050237624652,,,1,0,0,Fallo en ambos sensores de humedad de suelo | Lectura invalida de DHT
2026-06-04,20:31:10,maceta1,128,128,,,,132.08333333333334,2.087784435290209,20.3,77.1,1,0,0,Fallo en ambos sensores de humedad de suelo
2026-06-04,20:31:10,maceta2,86,83,85,87,86,4.583333333333334,2.079172999922518,18.3,74.5,1,0,0,
2026-06-04,21:01:13,maceta1,71,72,93,92,92,130.41666666666669,3.1315379127832497,20.2,75.6,1,0,0,
2026-06-04,21:01:13,maceta2,87,83,85,87,86,4.583333333333334,3.1187297112315293,18.5,73.7,1,0,0,
2026-06-04,21:31:16,maceta1,128,128,93,92,92,130.0,4.175212187781358,,,1,0,0,Lectura invalida de DHT
2026-06-04,21:31:16,maceta2,88,84,85,87,86,4.583333333333334,4.158221378341052,18.5,73.3,1,0,0,
2026-06-04,22:01:18,maceta1,71,72,94,93,93,128.75,5.218858326567846,20.3,75.8,0,0,0,
2026-06-04,22:01:18,maceta2,88,85,85,87,86,4.166666666666667,5.197712646705828,18.5,73.2,1,0,0,
2026-06-04,22:31:21,maceta1,128,128,94,93,93,0.0,5.218858326567846,19.0,79.6,0,0,0,
2026-06-04,22:31:21,maceta2,88,85,85,87,86,4.166666666666667,6.237212673420403,,,1,0,0,Lectura invalida de DHT
2026-06-04,23:01:24,maceta1,71,74,94,93,93,0.0,5.218858326567846,18.7,81.0,0,0,0,
2026-06-04,23:01:24,maceta2,88,84,85,87,86,4.166666666666667,7.276716096818993,18.4,73.0,1,0,0,
2026-06-04,23:31:27,maceta1,128,128,94,93,93,0.0,5.218858326567846,,,0,0,0,Lectura invalida de DHT
2026-06-04,23:31:27,maceta2,88,83,85,87,86,3.75,8.316202314689063,18.2,73.5,1,0,0,
2026-06-05,00:01:29,maceta1,71,73,94,93,93,0.0,0.0,18.5,82.0,0,0,0,
2026-06-05,00:01:29,maceta2,87,84,85,87,86,4.166666666666667,1.0395008823814436,18.1,73.3,0,0,0,
2026-06-05,00:31:32,maceta1,128,128,94,93,93,0.0,0.0,18.3,83.5,0,0,0,
2026-06-05,00:31:32,maceta2,88,84,85,87,86,0.0,1.0395008823814436,18.1,73.6,0,0,0,
2026-06-05,01:01:35,maceta1,73,74,93,92,92,0.0,0.0,18.2,83.7,0,0,0,
2026-06-05,01:01:35,maceta2,88,85,85,87,86,0.0,1.0395008823814436,17.2,77.1,0,0,0,
2026-06-05,01:31:37,maceta1,128,128,93,92,92,0.0,0.0,18.1,83.7,0,0,0,
2026-06-05,01:31:37,maceta2,88,85,85,87,86,0.0,1.0395008823814436,16.9,77.9,0,0,0,
2026-06-05,02:01:40,maceta1,128,74,93,92,92,0.0,0.0,18.2,83.7,0,0,0,
2026-06-05,02:01:40,maceta2,88,86,85,86,85,0.0,1.0395008823814436,16.8,78.6,0,0,0,
2026-06-05,02:31:43,maceta1,128,128,93,92,92,0.0,0.0,,,0,0,0,Lectura invalida de DHT
2026-06-05,02:31:43,maceta2,88,85,85,86,85,0.0,1.0395008823814436,16.8,79.3,0,0,0,
2026-06-05,03:01:46,maceta1,72,74,93,92,92,0.0,0.0,18.1,84.0,0,0,0,
2026-06-05,03:01:46,maceta2,88,85,85,86,85,0.0,1.0395008823814436,16.7,79.3,0,0,0,
2026-06-05,03:31:48,maceta1,128,128,93,92,92,0.0,0.0,18.0,83.7,0,0,0,
2026-06-05,03:31:48,maceta2,88,85,85,86,85,0.0,1.0395008823814436,16.7,79.4,0,0,0,
2026-06-05,04:01:51,maceta1,117,74,85,92,88,0.0,0.0,17.9,83.3,0,0,0,
2026-06-05,04:01:51,maceta2,88,85,85,86,85,0.0,1.0395008823814436,16.7,79.0,0,0,0,
2026-06-05,04:31:54,maceta1,128,128,85,92,88,0.0,0.0,17.9,84.1,0,0,0,
2026-06-05,04:31:54,maceta2,87,84,85,87,86,0.0,1.0395008823814436,16.6,78.4,0,0,0,
2026-06-05,05:01:56,maceta1,73,74,85,92,88,0.0,0.0,17.8,83.4,0,0,0,
2026-06-05,05:01:56,maceta2,88,84,85,87,86,0.0,1.0395008823814436,16.6,78.3,0,0,0,
2026-06-05,05:31:59,maceta1,128,128,85,92,88,0.0,0.0,17.8,83.2,0,0,0,
2026-06-05,05:31:59,maceta2,88,84,85,87,86,0.0,1.0395008823814436,,,0,0,0,Lectura invalida de DHT
2026-06-05,06:02:02,maceta1,95,74,81,92,86,0.0,0.0,17.8,83.3,0,0,0,
2026-06-05,06:02:02,maceta2,89,85,85,87,86,0.0,1.0395008823814436,16.5,78.1,0,0,0,
2026-06-05,06:32:05,maceta1,128,128,81,92,86,0.0,0.0,17.8,82.2,0,0,0,
2026-06-05,06:32:05,maceta2,88,84,85,87,86,0.0,1.0395008823814436,16.5,77.9,0,0,0,
2026-06-05,07:02:07,maceta1,128,95,81,88,84,0.0,0.0,17.8,82.6,0,0,0,
2026-06-05,07:02:07,maceta2,88,86,85,86,85,0.0,1.0395008823814436,16.5,78.0,0,0,0,
2026-06-05,07:32:10,maceta1,117,128,81,88,84,0.0,0.0,17.7,82.2,0,0,0,
2026-06-05,07:32:10,maceta2,88,85,85,86,85,0.0,1.0395008823814436,16.5,77.9,0,0,0,
2026-06-05,08:02:13,maceta1,117,128,73,88,80,0.0,0.0,,,0,0,0,Lectura invalida de DHT
2026-06-05,08:02:13,maceta2,89,87,85,86,85,0.0,1.0395008823814436,,,0,0,0,Lectura invalida de DHT
2026-06-05,08:32:15,maceta1,72,117,77,81,79,2.916666666666667,9.727352881913384e-05,,,0,0,0,Lectura invalida de DHT
2026-06-05,08:32:15,maceta2,88,85,85,86,85,0.0,1.0395008823814436,16.4,77.4,0,0,0,
2026-06-05,09:02:18,maceta1,128,128,77,81,79,8.75,0.0003890899268618722,,,0,0,0,Lectura invalida de DHT
2026-06-05,09:02:18,maceta2,88,86,85,86,85,0.0,1.0395008823814436,16.4,78.0,0,0,0,
2026-06-05,09:32:21,maceta1,72,74,85,81,83,37.083333333333336,0.0016258540575668212,17.7,81.6,0,0,0,
2026-06-05,09:32:21,maceta2,88,85,85,86,85,1.25,1.0395425710600066,16.4,77.2,0,0,0,
2026-06-05,10:02:25,maceta1,106,74,87,85,86,50.833333333333336,0.0033221300185038646,17.7,82.7,0,0,0,
2026-06-05,10:02:25,maceta2,89,85,85,86,85,2.0833333333333335,1.0396120905666024,16.4,77.6,0,0,0,
2026-06-05,10:32:27,maceta1,128,128,87,85,86,55.41666666666667,0.005170353321133306,,,0,0,0,Lectura invalida de DHT
2026-06-05,10:32:27,maceta2,89,85,84,86,85,2.0833333333333335,1.0396815726456485,16.4,78.0,0,0,0,
2026-06-05,11:02:30,maceta1,128,117,87,85,86,62.91666666666667,0.007268709796676735,18.0,83.4,0,0,0,
2026-06-05,11:02:30,maceta2,89,86,84,86,85,2.5,1.0397649510486502,16.5,77.7,0,0,0,
2026-06-05,11:32:33,maceta1,106,128,81,85,83,68.33333333333334,0.009547676640625297,18.1,83.1,0,0,0,
2026-06-05,11:32:33,maceta2,88,85,84,86,85,2.5,1.0398483278844044,16.6,78.1,0,0,0,
2026-06-05,12:02:41,maceta1,73,74,81,85,83,74.58333333333334,0.012042149274187931,18.2,85.3,0,0,0,
2026-06-05,12:02:41,maceta2,88,85,85,86,85,2.916666666666667,1.0399458770935381,16.7,78.5,0,0,0,
2026-06-05,12:32:49,maceta1,73,74,87,85,86,80.83333333333334,0.014746091347616959,18.3,88.5,0,0,0,
2026-06-05,12:32:49,maceta2,95,128,84,86,85,3.3333333333333335,1.0400573798594528,,,0,0,0,Lectura invalida de DHT
2026-06-05,13:03:07,maceta1,72,74,93,92,92,73.75,0.017226341941759933,18.4,88.1,0,0,0,
2026-06-05,13:03:07,maceta2,88,84,84,87,85,3.75,1.0401834942964432,16.9,78.8,0,0,0,
2026-06-05,13:33:10,maceta1,128,128,93,92,92,84.16666666666667,0.020033394189014384,18.5,87.0,0,0,0,
2026-06-05,13:33:10,maceta2,88,86,84,86,85,5.0,1.040350249875488,17.0,78.9,0,0,0,
2026-06-05,14:03:18,maceta1,128,128,93,92,92,77.08333333333334,0.022611903099056183,,,0,0,0,Lectura invalida de DHT
2026-06-05,14:03:18,maceta2,89,85,85,86,85,2.916666666666667,1.0404478150774896,17.0,78.5,0,0,0,
2026-06-05,14:33:23,maceta1,73,74,93,92,92,61.25,0.02465696960877046,18.6,88.5,1,0,0,
2026-06-05,14:33:23,maceta2,88,85,85,86,85,2.5,1.040531287179927,17.2,78.6,0,0,0,
2026-06-05,15:03:25,maceta1,128,128,93,92,92,169.16666666666669,1.0696801765769506,20.4,80.9,1,0,0,
2026-06-05,15:03:25,maceta2,88,85,85,86,85,4.583333333333334,1.0406841462109708,17.2,78.5,0,0,0,
2026-06-05,15:33:30,maceta1,72,74,93,92,92,145.0,2.114937032870591,20.7,78.9,1,0,0,
2026-06-05,15:33:30,maceta2,88,85,85,86,85,2.5,1.0407676068759086,17.2,78.9,0,0,0,
2026-06-05,16:03:33,maceta1,128,128,93,92,92,140.83333333333334,3.1589861554381136,,,1,0,0,Lectura invalida de DHT
2026-06-05,16:03:33,maceta2,88,88,85,86,85,1.6666666666666667,1.0408231904268626,17.3,78.8,0,0,0,
2026-06-05,16:33:59,maceta1,72,74,93,92,92,135.83333333333334,4.216281501469445,20.9,76.9,1,0,0,
2026-06-05,16:33:59,maceta2,88,85,85,86,85,1.6666666666666667,1.0408794881777592,17.4,78.5,0,0,0,
2026-06-05,17:04:10,maceta1,128,128,93,92,92,141.25,5.26565294734683,21.0,76.5,1,0,0,
2026-06-05,17:04:10,maceta2,88,85,85,86,85,2.0833333333333335,1.040949320877271,17.4,78.5,0,0,0,
2026-06-05,17:34:13,maceta1,72,74,93,92,92,135.83333333333334,6.309542990529707,21.1,76.6,1,0,0,
2026-06-05,17:34:13,maceta2,88,86,85,86,85,1.6666666666666667,1.0410049048366965,17.5,78.6,0,0,0,
2026-06-05,18:04:21,maceta1,73,74,93,92,92,127.08333333333334,7.356275341396019,21.2,76.0,1,0,0,
2026-06-05,18:04:21,maceta2,87,84,85,86,85,1.25,1.0410467180031473,17.5,78.5,1,0,0,
2026-06-05,18:34:24,maceta1,128,128,93,92,92,135.0,8.400274794406972,21.3,76.1,1,0,0,
2026-06-05,18:34:24,maceta2,87,84,85,87,86,5.416666666666667,2.0807239501449866,17.5,78.7,1,0,0,
2026-06-05,19:04:33,maceta1,128,128,93,92,92,132.91666666666669,9.447765879528157,,,1,0,0,Lectura invalida de DHT
2026-06-05,19:04:33,maceta2,87,84,85,87,86,5.833333333333334,3.123961741511149,18.9,74.8,1,0,0,
2026-06-05,19:34:36,maceta1,71,74,93,92,92,133.75,10.491592979989443,21.5,75.1,1,0,0,
2026-06-05,19:34:36,maceta2,88,85,85,87,86,5.416666666666667,4.163508850292157,19.1,74.0,1,0,0,
2026-06-05,20:04:39,maceta1,128,128,93,92,92,133.33333333333334,11.535450422789786,,,1,0,0,Lectura invalida de DHT
2026-06-05,20:04:39,maceta2,87,85,85,87,86,5.416666666666667,5.203100016685384,19.2,73.7,1,0,0,
2026-06-05,20:34:47,maceta1,128,128,93,92,92,130.0,12.582437730832075,21.5,75.3,1,0,0,
2026-06-05,20:34:47,maceta2,88,85,85,86,85,5.416666666666667,6.245919319230385,19.3,73.4,1,0,0,
2026-06-05,21:04:50,maceta1,72,73,93,92,92,129.16666666666669,13.626139706873643,21.6,75.3,1,0,0,
2026-06-05,21:04:50,maceta2,88,85,85,86,85,5.416666666666667,7.285494050771511,19.3,73.2,1,0,0,
2026-06-05,21:34:53,maceta1,128,128,93,92,92,133.33333333333334,14.669944981761915,,,1,0,0,Lectura invalida de DHT
2026-06-05,21:34:53,maceta2,88,84,85,87,86,5.416666666666667,8.325033262464476,19.3,73.0,1,0,0,
2026-06-05,22:04:56,maceta1,72,74,93,92,92,129.16666666666669,15.713633901688274,,,0,0,0,Lectura invalida de DHT
2026-06-05,22:04:56,maceta2,89,85,85,87,86,3.75,9.364539404430692,19.3,72.6,1,0,0,
2026-06-05,22:34:59,maceta1,128,128,93,92,92,0.0,15.713633901688274,20.2,78.8,0,0,0,
2026-06-05,22:34:59,maceta2,89,85,84,87,85,3.75,10.40471988316168,19.3,72.6,1,0,0,
2026-06-05,23:05:02,maceta1,72,74,93,92,92,0.0,15.713633901688274,19.8,81.1,0,0,0,
2026-06-05,23:05:02,maceta2,89,85,84,86,85,3.3333333333333335,11.444205708226274,19.3,72.2,1,0,0,
2026-06-05,23:35:05,maceta1,128,128,93,92,92,0.0,15.713633901688274,,,0,0,0,Lectura invalida de DHT
2026-06-05,23:35:05,maceta2,89,85,84,86,85,3.3333333333333335,12.483682388595716,19.3,72.1,1,0,0,
2026-06-06,00:05:08,maceta1,72,74,93,92,92,0.0,0.0,19.7,80.2,0,0,0,
2026-06-06,00:05:08,maceta2,89,85,84,86,85,3.3333333333333335,1.0394738868787767,19.3,72.1,0,0,0,
2026-06-06,00:35:10,maceta1,128,128,93,92,92,0.0,0.0,19.5,80.0,0,0,0,
2026-06-06,00:35:10,maceta2,88,85,84,86,85,0.0,1.0394738868787767,19.3,72.1,0,0,0,
2026-06-06,01:05:13,maceta1,74,75,93,92,92,0.0,0.0,19.3,80.6,0,0,0,
2026-06-06,01:05:13,maceta2,90,86,84,86,85,0.0,1.0394738868787767,18.3,75.3,0,0,0,
2026-06-06,01:35:16,maceta1,128,128,93,92,92,0.0,0.0,,,0,0,0,Lectura invalida de DHT
2026-06-06,01:35:16,maceta2,88,86,84,86,85,0.0,1.0394738868787767,18.0,76.8,0,0,0,
2026-06-06,02:05:19,maceta1,73,76,93,92,92,0.0,0.0,19.3,81.2,0,0,0,
2026-06-06,02:05:19,maceta2,89,85,84,86,85,0.0,1.0394738868787767,17.9,76.5,0,0,0,
2026-06-06,02:35:21,maceta1,128,128,93,92,92,0.0,0.0,19.2,81.9,0,0,0,
2026-06-06,02:35:21,maceta2,89,85,84,86,85,0.0,1.0394738868787767,17.8,76.2,0,0,0,
2026-06-06,03:05:24,maceta1,74,75,92,91,91,0.0,0.0,19.2,80.4,0,0,0,
2026-06-06,03:05:24,maceta2,89,86,84,86,85,0.0,1.0394738868787767,17.8,76.5,0,0,0,
2026-06-06,03:35:27,maceta1,128,128,92,91,91,0.0,0.0,19.2,80.3,0,0,0,
2026-06-06,03:35:27,maceta2,89,85,84,86,85,0.0,1.0394738868787767,17.8,77.1,0,0,0,
2026-06-06,04:05:29,maceta1,73,76,92,91,91,0.0,0.0,19.1,80.6,0,0,0,
2026-06-06,04:05:29,maceta2,89,86,84,86,85,0.0,1.0394738868787767,17.7,76.7,0,0,0,
2026-06-06,04:35:32,maceta1,128,128,92,91,91,0.0,0.0,19.1,80.8,0,0,0,
2026-06-06,04:35:32,maceta2,89,86,84,86,85,0.0,1.0394738868787767,17.7,77.4,0,0,0,
2026-06-06,05:05:35,maceta1,75,75,92,91,91,0.0,0.0,19.0,80.9,0,0,0,
2026-06-06,05:05:35,maceta2,88,86,84,86,85,0.0,1.0394738868787767,17.6,77.3,0,0,0,
2026-06-06,05:35:38,maceta1,128,128,92,91,91,0.0,0.0,19.0,79.6,0,0,0,
2026-06-06,05:35:38,maceta2,89,85,84,86,85,0.0,1.0394738868787767,17.6,76.7,0,0,0,
2026-06-06,06:05:40,maceta1,74,76,92,91,91,0.0,0.0,,,0,0,0,Lectura invalida de DHT
2026-06-06,06:05:40,maceta2,89,86,84,86,85,0.0,1.0394738868787767,17.5,76.5,0,0,0,
2026-06-06,06:35:43,maceta1,128,128,92,91,91,0.0,0.0,18.9,79.5,0,0,0,
2026-06-06,06:35:43,maceta2,88,85,84,86,85,0.0,1.0394738868787767,17.5,76.4,0,0,0,
2026-06-06,07:05:46,maceta1,74,75,92,91,91,0.0,0.0,18.9,79.9,0,0,0,
2026-06-06,07:05:46,maceta2,89,85,84,86,85,0.0,1.0394738868787767,17.5,76.3,0,0,0,
2026-06-06,07:35:49,maceta1,128,128,92,91,91,0.0,0.0,18.9,80.9,0,0,0,
2026-06-06,07:35:49,maceta2,88,85,85,86,85,0.0,1.0394738868787767,17.5,76.0,0,0,0,
2026-06-06,08:05:51,maceta1,84,76,90,91,90,0.0,0.0,18.9,80.7,0,0,0,
2026-06-06,08:05:51,maceta2,90,86,84,86,85,0.0,1.0394738868787767,17.5,76.4,0,0,0,
2026-06-06,08:35:54,maceta1,128,128,90,91,90,0.0,0.0,18.9,80.3,0,0,0,
2026-06-06,08:35:54,maceta2,89,86,84,86,85,0.0,1.0394738868787767,17.5,76.1,0,0,0,
2026-06-06,09:05:57,maceta1,128,75,90,91,90,0.8333333333333334,2.779301407625278e-05,18.8,80.4,0,0,0,
2026-06-06,09:05:57,maceta2,90,86,84,86,85,0.0,1.0394738868787767,17.4,75.8,0,0,0,
2026-06-06,09:36:00,maceta1,128,128,90,91,90,6.666666666666667,0.00025012945928464333,,,0,0,0,Lectura invalida de DHT
2026-06-06,09:36:00,maceta2,89,86,84,86,85,0.0,1.0394738868787767,17.4,76.2,0,0,0,
2026-06-06,10:06:02,maceta1,128,117,90,84,87,8.333333333333334,0.0005280535449782014,18.8,79.7,0,0,0,
2026-06-06,10:06:02,maceta2,90,88,84,85,84,0.0,1.0394738868787767,17.4,76.2,0,0,0,
2026-06-06,10:36:05,maceta1,106,128,85,84,84,12.916666666666668,0.0009588320093402267,18.8,79.1,0,0,0,
2026-06-06,10:36:05,maceta2,89,86,84,85,84,0.0,1.0394738868787767,17.4,76.1,0,0,0,
2026-06-06,11:06:08,maceta1,128,128,85,84,84,9.583333333333334,0.0012784491877497236,18.8,81.1,0,0,0,
2026-06-06,11:06:08,maceta2,89,86,84,85,84,0.0,1.0394738868787767,17.4,76.1,0,0,0,
2026-06-06,11:36:11,maceta1,128,117,85,77,81,13.75,0.0017372012544831137,18.8,80.5,0,0,0,
2026-06-06,11:36:11,maceta2,89,86,84,86,85,0.4166666666666667,1.0394877884565565,17.3,76.0,0,0,0,
2026-06-06,12:06:28,maceta1,73,75,85,77,81,17.916666666666668,0.002339322005979816,18.8,81.4,0,0,0,
2026-06-06,12:06:28,maceta2,89,87,84,86,85,0.4166666666666667,1.0395017912647309,17.3,75.7,0,0,0,
2026-06-06,12:36:45,maceta1,95,75,83,84,83,22.5,0.0030955716442395247,18.8,80.2,0,0,0,
2026-06-06,12:36:45,maceta2,89,86,84,86,85,0.8333333333333334,1.0395298005105924,17.3,75.9,0,0,0,
2026-06-06,13:07:03,maceta1,128,128,83,84,83,23.75,0.0038943546776094534,18.8,80.9,0,0,0,
2026-06-06,13:07:03,maceta2,89,86,84,86,85,0.8333333333333334,1.0395578279854474,,,0,0,0,Lectura invalida de DHT
2026-06-06,13:37:17,maceta1,73,75,89,92,90,68.33333333333334,0.006187863512862374,18.8,80.1,0,0,0,
2026-06-06,13:37:17,maceta2,88,86,84,86,85,4.166666666666667,1.039697676085158,,,0,0,0,Lectura invalida de DHT
2026-06-06,14:07:20,maceta1,128,128,89,92,90,18.75,0.006813260866384108,18.9,79.2,0,0,0,
2026-06-06,14:07:20,maceta2,88,86,85,86,85,0.8333333333333334,1.0397254715230924,17.4,76.0,0,0,0,
2026-06-06,14:37:23,maceta1,73,75,89,92,90,30.416666666666668,0.007827670884633858,18.9,79.8,1,0,0,
2026-06-06,14:37:23,maceta2,88,85,85,86,85,1.6666666666666667,1.0397810556336813,17.5,76.4,0,0,0,
2026-06-06,15:07:25,maceta1,128,128,89,92,90,160.0,1.0525256615354213,20.5,76.0,1,0,0,
2026-06-06,15:07:25,maceta2,88,85,85,86,85,1.6666666666666667,1.0398366396984573,17.5,76.1,0,0,0,
2026-06-06,15:37:28,maceta1,72,74,93,92,92,153.33333333333334,2.097012804605483,20.8,73.2,1,0,0,
2026-06-06,15:37:28,maceta2,89,85,85,86,85,1.6666666666666667,1.0398922243746287,17.5,76.4,0,0,0,
2026-06-06,16:07:31,maceta1,128,128,93,92,92,148.75,3.14135998601403,21.0,74.5,1,0,0,
2026-06-06,16:07:31,maceta2,88,85,85,86,85,0.8333333333333334,1.0399200170559144,17.5,76.7,0,0,0,
2026-06-06,16:37:34,maceta1,73,75,93,92,92,140.83333333333334,4.185488181592267,21.0,74.8,1,0,0,
2026-06-06,16:37:34,maceta2,89,85,84,86,85,0.4166666666666667,1.039933913996084,17.5,76.6,0,0,0,
2026-06-06,17:07:36,maceta1,128,128,93,92,92,131.25,5.2292316754809995,21.0,73.7,1,0,0,
2026-06-06,17:07:36,maceta2,88,86,85,86,85,0.0,1.039933913996084,17.6,76.9,0,0,0,
2026-06-06,17:37:39,maceta1,73,74,93,92,92,126.66666666666667,6.2728098552454865,21.1,74.6,1,0,0,
2026-06-06,17:37:39,maceta2,88,85,85,86,85,0.0,1.039933913996084,17.5,76.6,0,0,0,
2026-06-06,18:07:42,maceta1,117,128,85,92,88,129.16666666666669,7.316482026479337,21.1,74.6,1,0,0,
2026-06-06,18:07:42,maceta2,88,85,85,86,85,0.0,1.039933913996084,17.5,76.6,1,0,0,
2026-06-06,18:37:45,maceta1,71,74,85,92,88,132.08333333333334,8.360261640224762,21.1,73.7,1,0,0,
2026-06-06,18:37:45,maceta2,88,84,85,87,86,4.166666666666667,2.0794473990416953,17.5,76.9,1,0,0,
2026-06-06,19:07:47,maceta1,128,128,85,92,88,132.91666666666669,9.404065851253483,21.3,73.8,1,0,0,
2026-06-06,19:07:47,maceta2,88,85,85,87,86,3.75,3.1189438060027275,18.8,74.8,1,0,0,
2026-06-06,19:37:50,maceta1,70,73,86,92,89,132.91666666666669,10.447875002828148,21.3,74.9,1,0,0,
2026-06-06,19:37:50,maceta2,88,85,85,87,86,3.75,4.158445133119955,19.0,74.2,1,0,0,
2026-06-06,20:07:53,maceta1,128,128,86,92,89,127.91666666666667,11.491507135858274,,,1,0,0,Lectura invalida de DHT
2026-06-06,20:07:53,maceta2,88,85,85,86,85,3.75,5.197936236914504,19.0,74.0,1,0,0,
2026-06-06,20:37:56,maceta1,72,73,94,92,93,132.5,12.535296865021369,21.3,74.8,1,0,0,
2026-06-06,20:37:56,maceta2,88,85,85,86,85,3.75,6.237432060561592,19.0,73.5,1,0,0,
2026-06-06,21:07:58,maceta1,128,117,94,85,89,134.58333333333334,13.579163188770845,,,1,0,0,Lectura invalida de DHT
2026-06-06,21:07:58,maceta2,88,85,85,86,85,3.75,7.276934968386745,19.1,73.3,1,0,0,
2026-06-06,21:38:01,maceta1,71,73,94,85,89,130.0,14.622890630319663,21.3,74.7,1,0,0,
2026-06-06,21:38:01,maceta2,87,84,85,87,86,3.75,8.3164517961475,19.1,73.4,1,0,0,
2026-06-06,22:08:04,maceta1,128,128,94,85,89,127.5,15.666494215489255,21.3,74.7,0,0,0,
2026-06-06,22:08:04,maceta2,89,86,85,86,85,3.3333333333333335,9.355914410219142,19.1,72.9,1,0,0,
2026-06-06,22:38:07,maceta1,72,74,93,85,89,0.0,15.666494215489255,19.9,79.5,0,0,0,
2026-06-06,22:38:07,maceta2,88,86,85,86,85,3.3333333333333335,10.395396943721384,19.1,73.3,1,0,0,
2026-06-06,23:08:09,maceta1,128,128,93,85,89,0.0,15.666494215489255,19.6,81.8,0,0,0,
2026-06-06,23:08:09,maceta2,88,85,85,86,85,3.3333333333333335,11.43487104121176,19.1,72.8,1,0,0,
2026-06-06,23:38:12,maceta1,72,74,93,92,92,0.0,15.666494215489255,19.5,81.1,0,0,0,
2026-06-06,23:38:12,maceta2,89,86,85,86,85,3.3333333333333335,12.474345325393097,19.1,72.9,1,0,0,
2026-06-07,00:08:15,maceta1,128,128,93,92,92,0.0,0.0,,,0,0,0,Lectura invalida de DHT
2026-06-07,00:08:15,maceta2,90,86,84,86,85,3.3333333333333335,1.0394556208592114,19.0,72.9,0,0,0,
2026-06-07,00:38:17,maceta1,74,75,93,92,92,0.0,0.0,19.2,81.3,0,0,0,
2026-06-07,00:38:17,maceta2,89,87,84,86,85,0.0,1.0394556208592114,19.0,73.2,0,0,0,
2026-06-07,01:08:20,maceta1,128,128,93,92,92,0.0,0.0,,,0,0,0,Lectura invalida de DHT
2026-06-07,01:08:20,maceta2,89,86,84,86,85,0.0,1.0394556208592114,18.0,76.8,0,0,0,
2026-06-07,01:38:23,maceta1,73,75,93,92,92,0.0,0.0,19.0,81.4,0,0,0,
2026-06-07,01:38:23,maceta2,89,86,84,86,85,0.0,1.0394556208592114,17.7,77.6,0,0,0,
2026-06-07,02:08:26,maceta1,128,128,93,92,92,0.0,0.0,,,0,0,0,Lectura invalida de DHT
2026-06-07,02:08:26,maceta2,89,86,84,86,85,0.0,1.0394556208592114,17.6,77.9,0,0,0,
2026-06-07,02:38:29,maceta1,73,75,92,92,92,0.0,0.0,18.9,81.5,0,0,0,
2026-06-07,02:38:29,maceta2,89,86,84,86,85,0.0,1.0394556208592114,17.5,78.7,0,0,0,
2026-06-07,03:08:31,maceta1,128,128,92,92,92,0.0,0.0,19.0,80.9,0,0,0,
2026-06-07,03:08:31,maceta2,89,86,84,86,85,0.0,1.0394556208592114,17.5,78.4,0,0,0,
2026-06-07,03:38:34,maceta1,117,75,85,92,88,0.0,0.0,18.9,82.1,0,0,0,
2026-06-07,03:38:34,maceta2,90,86,84,86,85,0.0,1.0394556208592114,17.5,78.6,0,0,0,
2026-06-07,04:08:37,maceta1,128,128,85,92,88,0.0,0.0,18.9,81.7,0,0,0,
2026-06-07,04:08:37,maceta2,89,87,84,86,85,0.0,1.0394556208592114,17.5,78.6,0,0,0,
2026-06-07,04:38:40,maceta1,128,85,85,90,87,0.0,0.0,18.9,81.7,0,0,0,
2026-06-07,04:38:40,maceta2,90,89,84,85,84,0.0,1.0394556208592114,17.5,78.6,0,0,0,
2026-06-07,05:08:42,maceta1,128,128,85,90,87,0.0,0.0,,,0,0,0,Lectura invalida de DHT
2026-06-07,05:08:42,maceta2,89,87,84,85,84,0.0,1.0394556208592114,17.4,78.2,0,0,0,
2026-06-07,05:38:45,maceta1,128,128,85,90,87,0.0,0.0,18.7,82.9,0,0,0,
2026-06-07,05:38:45,maceta2,90,89,84,85,84,0.0,1.0394556208592114,17.4,78.1,0,0,0,
2026-06-07,06:08:48,maceta1,95,128,81,90,85,0.0,0.0,18.8,81.4,0,0,0,
2026-06-07,06:08:48,maceta2,89,87,84,85,84,0.0,1.0394556208592114,17.4,78.1,0,0,0,
2026-06-07,06:38:51,maceta1,106,128,75,90,82,0.0,0.0,18.7,81.6,0,0,0,
2026-06-07,06:38:51,maceta2,90,89,84,85,84,0.0,1.0394556208592114,17.3,77.7,0,0,0,
2026-06-07,07:08:53,maceta1,73,96,83,86,84,0.0,0.0,18.7,82.2,0,0,0,
2026-06-07,07:08:53,maceta2,88,86,84,85,84,0.0,1.0394556208592114,17.3,77.5,0,0,0,
2026-06-07,07:38:56,maceta1,128,128,83,86,84,0.0,0.0,18.7,81.7,0,0,0,
2026-06-07,07:38:56,maceta2,90,88,84,85,84,0.0,1.0394556208592114,17.2,77.7,0,0,0,
2026-06-07,08:08:59,maceta1,73,75,87,86,86,0.0,0.0,18.6,81.7,0,0,0,
2026-06-07,08:08:59,maceta2,89,86,84,85,84,0.0,1.0394556208592114,17.2,77.2,0,0,0,
2026-06-07,08:39:02,maceta1,128,128,87,86,86,0.0,0.0,18.6,81.8,0,0,0,
2026-06-07,08:39:02,maceta2,89,88,84,85,84,0.0,1.0394556208592114,17.2,77.6,0,0,0,
2026-06-07,09:09:05,maceta1,73,75,93,88,90,0.8333333333333334,2.779848254203796e-05,18.6,81.9,0,0,0,
2026-06-07,09:09:05,maceta2,88,85,84,86,85,0.0,1.0394556208592114,,,0,0,0,Lectura invalida de DHT
2026-06-07,09:39:07,maceta1,128,128,93,88,90,3.3333333333333335,0.00013896737544695536,18.5,81.8,0,0,0,
2026-06-07,09:39:07,maceta2,88,88,85,85,85,0.0,1.0394556208592114,17.1,76.9,0,0,0,
2026-06-07,10:09:10,maceta1,73,75,93,92,92,3.3333333333333335,0.00025013480194131533,,,0,0,0,Lectura invalida de DHT
2026-06-07,10:09:10,maceta2,88,87,85,85,85,0.0,1.0394556208592114,17.1,76.9,0,0,0,
2026-06-07,10:39:13,maceta1,128,128,93,92,92,12.5,0.0006670166664503017,18.5,82.7,0,0,0,
2026-06-07,10:39:13,maceta2,88,87,85,85,85,0.0,1.0394556208592114,17.0,76.9,0,0,0,
2026-06-07,11:09:16,maceta1,72,75,93,92,92,9.166666666666668,0.0009727343545030553,18.5,81.9,0,0,0,
2026-06-07,11:09:16,maceta2,96,128,83,85,84,0.0,1.0394556208592114,17.0,76.7,0,0,0,
2026-06-07,11:39:18,maceta1,128,128,93,92,92,19.583333333333336,0.0016258548757377266,18.5,81.5,0,0,0,
2026-06-07,11:39:18,maceta2,88,86,83,85,84,0.4166666666666667,1.0394695170405142,17.0,76.7,0,0,0,
2026-06-07,12:09:21,maceta1,72,74,93,92,92,15.0,0.0021261186649295686,18.5,81.5,0,0,0,
2026-06-07,12:09:21,maceta2,87,119,84,80,82,0.4166666666666667,1.0394834132568807,17.0,76.8,0,0,0,
2026-06-07,12:39:24,maceta1,117,128,85,92,88,12.5,0.00254299167216897,18.4,82.2,0,0,0,
2026-06-07,12:39:24,maceta2,88,85,85,80,82,0.4166666666666667,1.0394973090237887,17.0,76.9,0,0,0,
2026-06-07,13:09:27,maceta1,72,74,85,92,88,8.333333333333334,0.002820917153495351,18.4,81.3,0,0,0,
2026-06-07,13:09:27,maceta2,88,85,85,80,82,0.0,1.0394973090237887,17.0,77.1,0,0,0,
2026-06-07,13:39:29,maceta1,128,128,85,92,88,10.416666666666668,0.0031683145917992287,18.3,81.6,0,0,0,
2026-06-07,13:39:29,maceta2,88,86,85,86,85,0.0,1.0394973090237887,16.9,76.9,0,0,0,
2026-06-07,14:09:32,maceta1,72,74,85,92,88,25.0,0.004002086957494467,18.3,80.8,0,0,0,
2026-06-07,14:09:32,maceta2,88,86,85,86,85,0.4166666666666667,1.0395112052298836,16.9,76.5,0,0,0,
2026-06-07,14:39:35,maceta1,128,128,85,92,88,55.0,0.005836374825265853,,,1,0,0,Lectura invalida de DHT
2026-06-07,14:39:35,maceta2,87,85,85,86,85,2.916666666666667,1.0396084780713564,16.8,76.6,0,0,0,
2026-06-07,15:09:37,maceta1,71,74,93,92,92,133.75,1.049653207667201,19.8,75.9,1,0,0,
2026-06-07,15:09:37,maceta2,87,85,85,86,85,0.0,1.0396084780713564,16.8,76.5,0,0,0,
2026-06-07,15:39:40,maceta1,128,128,93,92,92,140.83333333333334,2.0937121146835436,20.1,75.1,1,0,0,
2026-06-07,15:39:40,maceta2,87,84,85,87,86,0.4166666666666667,1.039622374089322,16.8,77.0,0,0,0,
2026-06-07,16:09:43,maceta1,71,74,94,92,93,141.25,3.137779259618627,20.1,74.6,1,0,0,
2026-06-07,16:09:43,maceta2,87,85,85,87,86,0.4166666666666667,1.0396362700319817,16.7,76.8,0,0,0,
2026-06-07,16:39:46,maceta1,128,128,94,92,93,138.75,4.181769992156077,,,1,0,0,Lectura invalida de DHT
2026-06-07,16:39:46,maceta2,87,85,85,87,86,0.0,1.0396362700319817,16.7,76.6,0,0,0,
2026-06-07,17:09:48,maceta1,71,74,94,92,93,142.91666666666669,5.225956589697832,20.3,75.1,1,0,0,
2026-06-07,17:09:48,maceta2,87,87,85,86,85,0.0,1.0396362700319817,16.7,76.9,0,0,0,
2026-06-07,17:39:51,maceta1,128,128,94,92,93,128.33333333333334,6.269591705889635,20.3,75.7,1,0,0,
2026-06-07,17:39:51,maceta2,88,87,85,86,85,0.0,1.0396362700319817,16.7,76.8,0,0,0,
2026-06-07,18:09:54,maceta1,71,74,94,92,93,129.16666666666669,7.313290874263932,20.3,74.8,1,0,0,
2026-06-07,18:09:54,maceta2,86,84,85,86,85,0.0,1.0396362700319817,16.7,76.4,1,0,0,
2026-06-07,18:39:57,maceta1,128,128,94,92,93,131.25,8.357033520868411,20.3,74.1,1,0,0,
2026-06-07,18:39:57,maceta2,87,84,85,86,85,3.75,2.0791267214992475,16.6,76.4,1,0,0,
2026-06-07,19:09:59,maceta1,71,72,94,92,93,127.91666666666667,9.400705082511998,,,1,0,0,Lectura invalida de DHT
2026-06-07,19:09:59,maceta2,87,85,85,87,86,3.75,3.1186570974584136,17.8,74.6,1,0,0,
2026-06-07,19:40:02,maceta1,128,128,94,92,93,127.91666666666667,10.444377990307942,20.4,74.2,1,0,0,
2026-06-07,19:40:02,maceta2,87,84,85,87,86,3.75,4.158188814228538,18.0,73.6,1,0,0,
2026-06-07,20:10:05,maceta1,70,72,94,93,93,129.58333333333334,11.488084936279737,20.4,73.7,1,0,0,
2026-06-07,20:10:05,maceta2,87,85,85,87,86,3.75,5.197699069362297,18.1,73.3,1,0,0,
2026-06-07,20:40:08,maceta1,128,128,94,93,93,128.33333333333334,12.53172762569732,20.3,73.4,1,0,0,
2026-06-07,20:40:08,maceta2,87,84,85,87,86,3.75,6.23718684676887,18.1,72.4,1,0,0,
2026-06-07,21:10:11,maceta1,70,73,94,93,93,127.5,13.575343351196926,20.3,73.3,1,0,0,
2026-06-07,21:10:11,maceta2,87,84,85,87,86,3.75,7.276675449036074,18.1,72.7,1,0,0,
2026-06-07,21:40:13,maceta1,128,117,94,85,89,129.58333333333334,14.619059024366717,,,1,0,0,Lectura invalida de DHT
2026-06-07,21:40:13,maceta2,87,84,85,87,86,3.75,8.316194396276224,18.0,72.2,1,0,0,
2026-06-07,22:10:16,maceta1,71,72,94,85,89,132.08333333333334,15.662839712775476,20.2,72.4,0,0,0,
2026-06-07,22:10:16,maceta2,88,84,85,87,86,3.75,9.355695055393817,18.0,72.0,1,0,0,
2026-06-07,22:40:19,maceta1,117,128,86,85,85,0.0,15.662839712775476,18.9,76.3,0,0,0,
2026-06-07,22:40:19,maceta2,87,85,85,87,86,3.75,10.395181752920344,18.0,71.7,1,0,0,
2026-06-07,23:10:22,maceta1,71,73,86,85,85,0.0,15.662839712775476,18.5,77.2,0,0,0,
2026-06-07,23:10:22,maceta2,88,84,85,87,86,3.75,11.43468417806455,17.9,72.1,1,0,0,
2026-06-07,23:40:24,maceta1,128,128,86,85,85,0.0,15.662839712775476,,,0,0,0,Lectura invalida de DHT
2026-06-07,23:40:24,maceta2,87,85,85,87,86,3.3333333333333335,12.474155020973333,17.9,72.0,1,0,0,
2026-06-08,00:10:27,maceta1,71,73,86,93,89,0.0,0.0,18.3,77.9,0,0,0,
2026-06-08,00:10:27,maceta2,88,85,85,87,86,3.3333333333333335,1.0394857957824317,17.8,71.8,0,0,0,
2026-06-08,00:40:30,maceta1,128,128,86,93,89,0.0,0.0,18.1,79.1,0,0,0,
2026-06-08,00:40:30,maceta2,88,85,85,86,85,0.0,1.0394857957824317,17.8,71.9,0,0,0,
2026-06-08,01:10:32,maceta1,71,74,94,92,93,0.0,0.0,17.7,78.7,0,0,0,
2026-06-08,01:10:32,maceta2,88,86,85,86,85,0.0,1.0394857957824317,16.7,76.2,0,0,0,
2026-06-08,01:40:35,maceta1,128,128,94,92,93,0.0,0.0,,,0,0,0,Lectura invalida de DHT
2026-06-08,01:40:35,maceta2,87,85,85,86,85,0.0,1.0394857957824317,16.4,75.9,0,0,0,
2026-06-08,02:10:38,maceta1,105,74,88,92,90,0.0,0.0,17.6,79.3,0,0,0,
2026-06-08,02:10:38,maceta2,88,86,85,86,85,0.0,1.0394857957824317,16.2,75.5,0,0,0,
2026-06-08,02:40:41,maceta1,116,128,80,92,86,0.0,0.0,17.5,80.0,0,0,0,
2026-06-08,02:40:41,maceta2,88,86,85,86,85,0.0,1.0394857957824317,16.1,75.2,0,0,0,
2026-06-08,03:10:43,maceta1,71,74,80,92,86,0.0,0.0,17.4,78.1,0,0,0,
2026-06-08,03:10:43,maceta2,87,85,85,86,85,0.0,1.0394857957824317,16.0,74.6,0,0,0,
2026-06-08,03:40:46,maceta1,128,128,80,92,86,0.0,0.0,17.4,78.5,0,0,0,
2026-06-08,03:40:46,maceta2,88,85,85,86,85,0.0,1.0394857957824317,16.0,74.8,0,0,0,
2026-06-08,04:10:49,maceta1,71,74,86,92,89,0.0,0.0,17.3,78.0,0,0,0,
2026-06-08,04:10:49,maceta2,88,86,85,86,85,0.0,1.0394857957824317,15.9,74.7,0,0,0,
2026-06-08,04:40:52,maceta1,128,128,86,92,89,0.0,0.0,,,0,0,0,Lectura invalida de DHT
2026-06-08,04:40:52,maceta2,88,86,85,86,85,0.0,1.0394857957824317,15.8,74.2,0,0,0,
2026-06-08,05:10:54,maceta1,128,74,86,92,89,0.0,0.0,17.2,78.9,0,0,0,
2026-06-08,05:10:54,maceta2,88,86,85,86,85,0.0,1.0394857957824317,15.8,74.6,0,0,0,
2026-06-08,05:40:57,maceta1,128,128,86,92,89,0.0,0.0,,,0,0,0,Lectura invalida de DHT
2026-06-08,05:40:57,maceta2,87,84,85,86,85,0.0,1.0394857957824317,15.8,74.5,0,0,0,
2026-06-08,06:11:00,maceta1,128,117,86,85,85,0.0,0.0,17.1,77.4,0,0,0,
2026-06-08,06:11:00,maceta2,89,86,85,86,85,0.0,1.0394857957824317,15.7,74.4,0,0,0,
2026-06-08,06:41:03,maceta1,105,128,88,85,86,0.0,0.0,,,0,0,0,Lectura invalida de DHT
2026-06-08,06:41:03,maceta2,88,86,85,86,85,0.0,1.0394857957824317,15.6,74.4,0,0,0,
2026-06-08,07:11:05,maceta1,105,128,82,85,83,0.0,0.0,,,0,0,0,Lectura invalida de DHT
2026-06-08,07:11:05,maceta2,88,86,85,86,85,0.0,1.0394857957824317,15.6,74.0,0,0,0,
2026-06-08,07:41:08,maceta1,71,128,82,85,83,0.0,0.0,,,0,0,0,Lectura invalida de DHT
2026-06-08,07:41:08,maceta2,87,85,85,86,85,0.0,1.0394857957824317,15.6,74.5,0,0,0,
2026-06-08,08:11:11,maceta1,128,128,82,85,83,0.0,0.0,,,0,0,0,Lectura invalida de DHT
2026-06-08,08:11:11,maceta2,88,86,85,86,85,0.0,1.0394857957824317,15.5,74.0,0,0,0,
2026-06-08,08:41:14,maceta1,71,95,88,81,84,2.916666666666667,9.727322797884544e-05,16.8,78.3,0,0,0,
2026-06-08,08:41:14,maceta2,88,85,85,86,85,0.0,1.0394857957824317,15.4,74.2,0,0,0,
2026-06-08,09:11:16,maceta1,128,128,88,81,84,18.75,0.0007226558840479454,,,0,0,0,Lectura invalida de DHT
2026-06-08,09:11:16,maceta2,87,86,85,86,85,0.8333333333333334,1.039513590567146,15.4,73.8,0,0,0,
2026-06-08,09:41:19,maceta1,71,74,94,81,87,11.25,0.0010978589375718435,,,0,0,0,Lectura invalida de DHT
2026-06-08,09:41:19,maceta2,88,85,85,86,85,0.4166666666666667,1.0395274869765359,15.3,73.8,0,0,0,
2026-06-08,10:11:23,maceta1,128,74,94,88,91,22.083333333333336,0.0018347792630937698,16.8,76.7,0,0,0,
2026-06-08,10:11:23,maceta2,89,87,85,86,85,0.8333333333333334,1.0395552952907066,15.3,74.0,0,0,0,
2026-06-08,10:41:26,maceta1,128,128,94,88,91,16.666666666666668,0.0023906225809720164,16.8,77.4,0,0,0,
2026-06-08,10:41:26,maceta2,87,85,85,86,85,0.4166666666666667,1.0395691913736536,15.3,73.7,0,0,0,
2026-06-08,11:11:29,maceta1,128,117,94,85,89,34.16666666666667,0.0035301946786844736,,,0,0,0,Lectura invalida de DHT
2026-06-08,11:11:29,maceta2,88,86,85,86,85,1.6666666666666667,1.0396247802564689,15.3,74.0,0,0,0,
2026-06-08,11:41:31,maceta1,128,128,94,85,89,38.333333333333336,0.0048086374680219104,,,0,0,0,Lectura invalida de DHT
2026-06-08,11:41:31,maceta2,88,86,85,86,85,1.6666666666666667,1.0396803647255706,15.4,74.6,0,0,0,
2026-06-08,12:11:34,maceta1,71,74,94,85,89,55.0,0.00664320712210993,16.9,79.2,0,0,0,
2026-06-08,12:11:34,maceta2,88,86,85,86,85,2.916666666666667,1.039777652510257,15.4,74.3,0,0,0,
2026-06-08,12:41:38,maceta1,128,128,94,85,89,17.5,0.007227201545049052,16.9,77.3,0,0,0,
2026-06-08,12:41:38,maceta2,88,86,85,86,85,0.8333333333333334,1.0398054617684922,15.5,74.5,0,0,0,
2026-06-08,13:11:41,maceta1,71,73,94,85,89,53.333333333333336,0.009006142595317861,17.0,77.8,0,0,0,
2026-06-08,13:11:41,maceta2,88,86,85,86,85,2.5,1.0398888496302237,15.5,73.6,0,0,0,
2026-06-08,13:41:44,maceta1,128,128,94,85,89,27.083333333333336,0.009909391451858382,16.9,76.1,0,0,0,
2026-06-08,13:41:44,maceta2,88,86,85,86,85,0.8333333333333334,1.0399166419027326,15.5,73.4,0,0,0,
2026-06-08,14:11:47,maceta1,71,74,94,92,93,38.333333333333336,0.011187843834203185,16.9,76.6,0,0,0,
2026-06-08,14:11:47,maceta2,87,86,85,86,85,2.0833333333333335,1.0399861230104688,15.5,73.9,0,0,0,
2026-06-08,14:41:49,maceta1,128,128,94,92,93,24.583333333333336,0.012007726206670503,17.0,75.3,1,0,0,
2026-06-08,14:41:49,maceta2,87,86,85,86,85,1.6666666666666667,1.0400417082560598,15.6,73.5,0,0,0,
2026-06-08,15:11:52,maceta1,71,74,94,92,93,142.5,1.0561656583625751,18.8,70.0,1,0,0,
2026-06-08,15:11:52,maceta2,88,86,85,86,85,0.8333333333333334,1.040069501448297,15.6,73.2,0,0,0,
2026-06-08,15:41:55,maceta1,128,128,94,92,93,157.5,2.1009192654734177,,,1,0,0,Lectura invalida de DHT
2026-06-08,15:41:55,maceta2,87,85,85,86,85,2.5,1.0401528886391762,15.6,73.4,0,0,0,
2026-06-08,16:11:58,maceta1,70,73,94,92,93,160.0,3.1456435736981767,19.1,69.5,1,0,0,
2026-06-08,16:11:58,maceta2,87,84,85,86,85,7.916666666666667,1.0404169195980473,15.6,74.0,0,0,0,
2026-06-08,16:42:02,maceta1,128,128,94,92,93,142.5,4.19032478673039,19.2,67.1,1,0,0,
2026-06-08,16:42:02,maceta2,87,86,85,86,85,0.8333333333333334,1.0404447267188728,15.6,73.6,0,0,0,
2026-06-08,17:12:05,maceta1,71,74,94,92,93,133.33333333333334,5.234312134804778,19.2,68.2,1,0,0,
2026-06-08,17:12:05,maceta2,88,85,85,86,85,0.4166666666666667,1.040458625114097,15.6,73.8,0,0,0,
2026-06-08,17:42:07,maceta1,128,128,94,92,93,129.16666666666669,6.277967217240317,19.2,67.8,1,0,0,
2026-06-08,17:42:07,maceta2,87,84,85,86,85,0.0,1.040458625114097,15.6,73.8,0,0,0,
2026-06-08,18:12:10,maceta1,71,74,94,92,93,127.91666666666667,7.3215894543322095,19.2,69.3,1,0,0,
2026-06-08,18:12:10,maceta2,87,86,85,86,85,0.0,1.040458625114097,15.6,73.4,1,0,0,
2026-06-08,18:42:35,maceta1,128,128,94,92,93,133.75,8.378244076111521,19.2,69.1,1,0,0,
2026-06-08,18:42:35,maceta2,87,85,85,86,85,4.166666666666667,2.0927384581475357,15.5,73.1,1,0,0,
2026-06-08,19:12:47,maceta1,128,116,94,85,89,130.0,9.427498921232875,,,1,0,0,Lectura invalida de DHT
2026-06-08,19:12:47,maceta2,87,88,85,86,85,4.166666666666667,3.1377743607922914,16.8,71.3,1,0,0,
2026-06-08,19:42:50,maceta1,70,72,94,85,89,131.66666666666669,10.471295597934333,19.2,67.8,1,0,0,
2026-06-08,19:42:50,maceta2,88,86,85,86,85,4.166666666666667,4.177318678853133,17.0,69.7,1,0,0,
2026-06-08,20:12:53,maceta1,128,128,94,85,89,130.83333333333334,11.515049476925146,,,1,0,0,Lectura invalida de DHT
2026-06-08,20:12:53,maceta2,87,87,85,85,85,4.166666666666667,5.21684805312656,17.0,69.2,1,0,0,
2026-06-08,20:42:56,maceta1,70,71,94,86,90,132.91666666666669,12.55885316199673,19.3,68.5,1,0,0,
2026-06-08,20:42:56,maceta2,111,128,81,85,83,4.166666666666667,6.256357832436242,17.0,69.2,1,0,0,
2026-06-08,21:12:58,maceta1,128,128,94,86,90,132.5,13.602631076607999,,,1,0,0,Lectura invalida de DHT
2026-06-08,21:12:58,maceta2,86,85,81,86,83,4.166666666666667,7.2958557861108595,17.0,68.8,1,0,0,
2026-06-08,21:43:01,maceta1,70,71,94,94,94,131.25,14.646363380767811,19.2,67.6,1,0,0,
2026-06-08,21:43:01,maceta2,87,128,81,86,83,3.75,8.335335937268455,,,1,0,0,Lectura invalida de DHT
2026-06-08,22:13:04,maceta1,116,128,86,94,90,130.41666666666669,15.69006985980726,19.2,68.6,0,0,0,
2026-06-08,22:13:04,maceta2,88,86,85,86,85,3.75,9.374818047195099,17.0,69.2,1,0,0,
2026-06-08,22:43:07,maceta1,70,73,86,93,89,0.0,15.69006985980726,17.6,73.2,0,0,0,
2026-06-08,22:43:07,maceta2,87,86,85,86,85,3.75,10.414316694065178,17.0,69.0,1,0,0,
2026-06-08,23:13:09,maceta1,128,128,86,93,89,0.0,15.69006985980726,17.3,75.4,0,0,0,
2026-06-08,23:13:09,maceta2,87,85,85,86,85,3.75,11.453786344746923,16.9,68.8,1,0,0,
2026-06-08,23:43:12,maceta1,70,72,86,93,89,0.0,15.69006985980726,17.1,76.7,0,0,0,
2026-06-08,23:43:12,maceta2,88,86,85,86,85,3.75,12.493272863691125,16.8,69.1,1,0,0,
2026-06-09,00:13:15,maceta1,128,128,86,93,89,0.0,0.0,,,0,0,0,Lectura invalida de DHT
2026-06-09,00:13:15,maceta2,87,85,85,86,85,3.75,1.0394817633477014,16.8,69.0,0,0,0,
2026-06-09,00:43:18,maceta1,71,74,94,93,93,0.0,0.0,16.8,74.2,0,0,0,
2026-06-09,00:43:18,maceta2,87,86,85,86,85,0.0,1.0394817633477014,,,0,0,0,Lectura invalida de DHT
2026-06-09,01:13:20,maceta1,128,128,94,93,93,0.0,0.0,16.7,74.6,0,0,0,
2026-06-09,01:13:20,maceta2,88,86,85,86,85,0.0,1.0394817633477014,15.6,72.8,0,0,0,
2026-06-09,01:43:23,maceta1,71,74,94,92,93,0.0,0.0,16.6,75.7,0,0,0,
2026-06-09,01:43:23,maceta2,88,87,85,86,85,0.0,1.0394817633477014,15.3,71.7,0,0,0,
2026-06-09,02:13:26,maceta1,128,128,94,92,93,0.0,0.0,16.5,75.5,0,0,0,
2026-06-09,02:13:26,maceta2,88,86,85,86,85,0.0,1.0394817633477014,15.1,71.9,0,0,0,
2026-06-09,02:43:29,maceta1,71,74,94,92,93,0.0,0.0,16.5,74.6,0,0,0,
2026-06-09,02:43:29,maceta2,87,86,85,86,85,0.0,1.0394817633477014,15.0,71.7,0,0,0,
2026-06-09,03:13:31,maceta1,128,128,94,92,93,0.0,0.0,16.4,74.7,0,0,0,
2026-06-09,03:13:31,maceta2,88,86,85,86,85,0.0,1.0394817633477014,15.0,71.7,0,0,0,
2026-06-09,03:43:34,maceta1,71,74,94,92,93,0.0,0.0,16.3,74.3,0,0,0,
2026-06-09,03:43:34,maceta2,88,86,85,86,85,0.0,1.0394817633477014,14.9,72.1,0,0,0,
2026-06-09,04:13:37,maceta1,128,128,94,92,93,0.0,0.0,,,0,0,0,Lectura invalida de DHT
2026-06-09,04:13:37,maceta2,88,86,85,86,85,0.0,1.0394817633477014,14.8,71.2,0,0,0,
2026-06-09,04:43:40,maceta1,71,74,94,92,93,0.0,0.0,16.2,73.7,0,0,0,
2026-06-09,04:43:40,maceta2,88,85,85,86,85,0.0,1.0394817633477014,14.8,72.1,0,0,0,
2026-06-09,05:13:42,maceta1,128,128,94,92,93,0.0,0.0,16.1,74.1,0,0,0,
2026-06-09,05:13:42,maceta2,88,86,85,86,85,0.0,1.0394817633477014,14.7,72.1,0,0,0,
2026-06-09,05:43:45,maceta1,71,74,94,92,93,0.0,0.0,16.1,75.2,0,0,0,
2026-06-09,05:43:45,maceta2,88,87,85,86,85,0.0,1.0394817633477014,14.5,72.4,0,0,0,
2026-06-09,06:13:48,maceta1,116,128,86,92,89,0.0,0.0,,,0,0,0,Lectura invalida de DHT
2026-06-09,06:13:48,maceta2,88,86,85,86,85,0.0,1.0394817633477014,14.5,71.9,0,0,0,
2026-06-09,06:43:51,maceta1,71,74,86,92,89,0.0,0.0,16.0,74.8,0,0,0,
2026-06-09,06:43:51,maceta2,87,86,85,86,85,0.0,1.0394817633477014,14.4,71.8,0,0,0,
2026-06-09,07:13:53,maceta1,128,128,86,92,89,0.0,0.0,15.9,74.6,0,0,0,
2026-06-09,07:13:53,maceta2,87,86,85,86,85,0.0,1.0394817633477014,14.4,71.9,0,0,0,
2026-06-09,07:43:56,maceta1,71,74,86,92,89,0.0,0.0,15.9,74.5,0,0,0,
2026-06-09,07:43:56,maceta2,88,86,85,86,85,0.0,1.0394817633477014,14.3,72.4,0,0,0,
2026-06-09,08:13:59,maceta1,128,128,86,92,89,0.0,0.0,15.8,74.6,0,0,0,
2026-06-09,08:13:59,maceta2,87,86,85,86,85,0.0,1.0394817633477014,14.3,72.1,0,0,0,
2026-06-09,08:44:01,maceta1,71,74,94,92,93,1.25,4.1687994423657645e-05,15.7,74.9,0,0,0,
2026-06-09,08:44:01,maceta2,87,85,85,86,85,0.0,1.0394817633477014,14.2,72.0,0,0,0,
2026-06-09,09:14:04,maceta1,128,128,94,92,93,1.6666666666666667,9.727105393245815e-05,15.7,74.6,0,0,0,
2026-06-09,09:14:04,maceta2,87,86,85,86,85,0.0,1.0394817633477014,14.2,72.3,0,0,0,
2026-06-09,09:44:07,maceta1,71,74,94,92,93,10.416666666666668,0.00044467910788565876,15.7,74.2,0,0,0,
2026-06-09,09:44:07,maceta2,87,86,85,86,85,0.0,1.0394817633477014,14.1,71.7,0,0,0,
2026-06-09,10:14:10,maceta1,128,128,94,92,93,11.25,0.0008198691442683338,,,0,0,0,Lectura invalida de DHT
2026-06-09,10:14:10,maceta2,88,86,85,86,85,0.4166666666666667,1.039495659274975,14.1,71.8,0,0,0,
2026-06-09,10:44:12,maceta1,70,74,94,92,93,23.333333333333336,0.0015980712549760936,15.7,75.9,0,0,0,
2026-06-09,10:44:12,maceta2,87,87,85,86,85,0.8333333333333334,1.0395234522075,14.1,72.0,0,0,0,
2026-06-09,11:14:15,maceta1,128,128,94,92,93,17.916666666666668,0.002195603446236302,,,0,0,0,Lectura invalida de DHT
2026-06-09,11:14:15,maceta2,88,86,85,86,85,0.8333333333333334,1.0395512444024424,14.1,72.6,0,0,0,
2026-06-09,11:44:18,maceta1,116,74,86,92,89,31.666666666666668,0.0032517143797956404,15.7,73.8,0,0,0,
2026-06-09,11:44:18,maceta2,88,86,85,86,85,1.6666666666666667,1.0396068291884193,14.2,71.5,0,0,0,
2026-06-09,12:14:21,maceta1,128,128,86,92,89,31.25,0.004293975489214808,15.8,74.1,0,0,0,
2026-06-09,12:14:21,maceta2,88,86,85,86,85,1.25,1.039648519632796,14.2,72.8,0,0,0,
2026-06-09,12:44:23,maceta1,128,74,86,92,89,21.666666666666668,0.005016581370249142,15.7,74.1,0,0,0,
2026-06-09,12:44:23,maceta2,88,87,85,86,85,0.8333333333333334,1.0396763121666819,,,0,0,0,Lectura invalida de DHT
2026-06-09,13:14:27,maceta1,128,128,86,92,89,18.75,0.005642040961156537,15.8,75.3,0,0,0,
2026-06-09,13:14:27,maceta2,87,86,85,86,85,0.8333333333333334,1.0397041103707223,14.3,72.5,0,0,0,
2026-06-09,13:44:30,maceta1,71,74,86,92,89,17.083333333333336,0.006211909184083144,15.7,74.7,0,0,0,
2026-06-09,13:44:30,maceta2,87,86,85,86,85,0.4166666666666667,1.0397180095956717,14.3,72.8,0,0,0,
2026-06-09,14:14:33,maceta1,128,128,86,92,89,26.666666666666668,0.007101276597556274,15.7,74.7,0,0,0,
2026-06-09,14:14:33,maceta2,88,86,85,86,85,1.25,1.0397596986931783,14.3,72.7,0,0,0,
2026-06-09,14:44:35,maceta1,105,74,80,92,86,26.666666666666668,0.007990639011598428,15.8,77.0,1,0,0,
2026-06-09,14:44:35,maceta2,87,85,85,86,85,1.25,1.0398013875563366,14.2,72.9,0,0,0,
2026-06-09,15:14:38,maceta1,128,128,80,92,86,160.0,1.052675992451864,,,1,0,0,Lectura invalida de DHT
2026-06-09,15:14:38,maceta2,86,85,85,86,85,1.25,1.0398430751006382,14.3,72.5,0,0,0,
2026-06-09,15:44:41,maceta1,128,74,80,92,86,141.25,2.0968354482484575,18.0,68.6,1,0,0,
2026-06-09,15:44:41,maceta2,87,85,85,86,85,0.4166666666666667,1.039856972271903,14.3,73.1,0,0,0,
2026-06-09,16:14:44,maceta1,128,128,80,92,86,133.33333333333334,3.1406654272996977,18.1,70.6,1,0,0,
2026-06-09,16:14:44,maceta2,87,85,85,86,85,0.0,1.039856972271903,14.4,73.0,0,0,0,
2026-06-09,16:44:46,maceta1,128,85,80,90,85,136.66666666666669,4.184679351158099,18.1,70.5,1,0,0,
2026-06-09,16:44:46,maceta2,88,86,85,86,85,0.0,1.039856972271903,14.4,72.8,0,0,0,
2026-06-09,17:14:49,maceta1,128,128,80,90,85,810.8333333333334,5.251146801495331,18.6,70.0,1,0,0,
2026-06-09,17:14:49,maceta2,87,85,85,86,85,18.333333333333336,1.0404684336115426,14.3,72.5,0,0,0,
2026-06-09,17:35:59,maceta1,128,106,,,,676.6666666666667,9.353654050429662e-06,18.9,67.6,1,0,0,Fallo en ambos sensores de humedad de suelo
2026-06-09,17:35:59,maceta2,101,191,,,,28.333333333333336,3.91655465165774e-07,14.6,72.1,1,0,0,Fallo en ambos sensores de humedad de suelo
2026-06-09,17:37:02,maceta1,69,71,,,,811.6666666666667,0.03717796974201321,,,1,0,0,Fallo en ambos sensores de humedad de suelo | Lectura invalida de DHT
2026-06-09,17:37:02,maceta2,101,192,,,,36.25,0.03626768533567647,14.8,73.3,1,0,0,Fallo en ambos sensores de humedad de suelo
2026-06-09,17:37:54,maceta1,128,128,,,,810.4166666666667,0.06803536198187117,,,1,0,0,Fallo en ambos sensores de humedad de suelo | Lectura invalida de DHT
2026-06-09,17:37:54,maceta2,103,193,78,30,54,38.75,0.06638038918277465,14.9,74.2,1,0,0,
2026-06-09,17:38:38,maceta1,128,128,,,,782.0833333333334,0.09402658678308551,18.9,69.2,1,0,0,Fallo en ambos sensores de humedad de suelo
2026-06-09,17:38:38,maceta2,102,193,77,30,53,30.416666666666668,0.09176007709515356,15.0,74.4,1,0,0,
2026-06-09,17:39:22,maceta1,69,71,,88,88,808.75,0.12017389856382865,,,1,0,0,"Fallo sensor de humedad 1, se usa sensor 2 | Lectura invalida de DHT"
2026-06-09,17:39:22,maceta2,101,194,77,29,53,49.16666666666667,0.11728621850388639,15.0,74.1,1,0,0,
2026-06-09,17:39:55,maceta1,69,71,95,94,94,810.4166666666667,0.13953126429928847,18.9,69.7,1,0,0,
2026-06-09,17:39:55,maceta2,103,194,77,29,53,48.333333333333336,0.13618223018403683,15.0,73.2,1,0,0,
2026-06-09,17:40:28,maceta1,69,71,95,94,94,814.1666666666667,0.15922216219864743,18.9,69.9,1,0,0,
2026-06-09,17:40:28,maceta2,103,194,77,29,53,48.333333333333336,0.15540157077686126,15.1,73.3,1,0,0,
2026-06-09,17:41:11,maceta1,128,128,95,94,94,807.9166666666667,0.18475592572430677,,,1,0,0,Lectura invalida de DHT
2026-06-09,17:41:11,maceta2,102,194,77,29,53,48.333333333333336,0.18032872392074203,15.2,73.6,1,0,0,
2026-06-09,17:41:44,maceta1,128,128,95,94,94,812.9166666666667,0.2041322481980332,,,1,0,0,Lectura invalida de DHT
2026-06-09,17:41:44,maceta2,102,195,77,29,53,49.583333333333336,0.19924251922362557,15.3,74.2,1,0,0,
2026-06-09,17:42:17,maceta1,128,128,95,94,94,807.0833333333334,0.22373355726487162,19.0,69.2,1,0,0,
2026-06-09,17:42:17,maceta2,101,194,78,29,53,45.833333333333336,0.2183771224008313,15.3,73.8,1,0,0,
2026-06-09,17:42:59,maceta1,69,71,95,94,94,812.9166666666667,0.24850327066084804,18.9,68.0,1,0,0,
2026-06-09,17:42:59,maceta2,105,194,77,29,53,45.0,0.24255201417897373,15.4,72.9,1,0,0,
2026-06-09,17:43:36,maceta1,128,128,95,94,94,806.6666666666667,0.2706189601170613,19.0,67.9,1,0,0,
2026-06-09,17:43:36,maceta2,100,194,77,29,53,30.0,0.2641304594686368,15.5,73.0,1,0,0,
2026-06-09,17:44:14,maceta1,80,94,93,90,91,807.0833333333334,0.29316128800117497,19.0,68.3,1,0,0,
2026-06-09,17:44:14,maceta2,101,196,77,29,53,19.583333333333336,0.28611754801923556,15.5,72.2,1,0,0,
2026-06-09,17:44:47,maceta1,92,82,89,88,88,811.6666666666667,0.3125420566017026,,,1,0,0,Lectura invalida de DHT
2026-06-09,17:44:47,maceta2,102,196,78,28,53,19.583333333333336,0.3050182400429609,15.6,72.5,1,0,0,
2026-06-09,17:45:20,maceta1,104,116,83,80,81,807.0833333333334,0.332281059638701,19.0,69.8,1,0,0,
2026-06-09,17:45:20,maceta2,101,196,78,28,53,19.166666666666668,0.3242707951043833,15.6,71.6,1,0,0,
2026-06-09,17:45:57,maceta1,104,128,78,80,79,810.0,0.35362332168467814,19.0,68.1,1,0,0,
2026-06-09,17:45:57,maceta2,101,196,78,28,53,20.0,0.3450857558752001,15.6,70.9,1,0,0,
2026-06-09,17:46:29,maceta1,93,128,78,80,79,805.4166666666667,0.37303611562379635,,,1,0,0,Lectura invalida de DHT
2026-06-09,17:46:29,maceta2,101,198,78,28,53,18.75,0.36402087501237096,15.7,71.3,1,0,0,
2026-06-09,17:47:05,maceta1,116,128,76,80,78,800.4166666666667,0.3941642313383433,,,1,0,0,Lectura invalida de DHT
2026-06-09,17:47:05,maceta2,99,198,78,27,52,22.916666666666668,0.3846350859783595,15.8,70.7,1,0,0,Discrepancia alta entre sensores de humedad: 78% vs 27%
2026-06-09,17:47:39,maceta1,116,128,74,80,77,798.75,0.41401491983392325,19.0,68.8,1,0,0,
2026-06-09,17:47:39,maceta2,99,198,79,27,53,15.833333333333334,0.40399955178186586,15.8,70.8,1,0,0,Discrepancia alta entre sensores de humedad: 79% vs 27%
2026-06-09,17:48:11,maceta1,70,72,78,84,81,420.4166666666667,0.4331695784463578,19.1,69.7,1,0,0,
2026-06-09,17:48:11,maceta2,108,198,77,27,52,33.75,0.4229197192757263,15.8,71.1,1,0,0,
2026-06-09,17:48:44,maceta1,70,72,86,85,85,318.33333333333337,0.452222477266696,,,1,0,0,Lectura invalida de DHT
2026-06-09,17:48:44,maceta2,101,198,77,27,52,18.75,0.4417913172351315,15.9,70.4,1,0,0,
2026-06-09,17:49:17,maceta1,70,72,94,93,93,811.6666666666667,0.47170017157217575,19.1,67.6,1,0,0,
2026-06-09,17:49:17,maceta2,103,199,76,27,51,37.91666666666667,0.46079770132505504,16.0,70.5,1,0,0,
2026-06-09,17:49:50,maceta1,105,128,88,93,90,807.5,0.4911233421063553,19.1,68.4,1,0,0,
2026-06-09,17:49:50,maceta2,104,199,77,27,52,35.41666666666667,0.47975183222724876,16.0,69.8,1,0,0,
2026-06-09,17:50:23,maceta1,104,128,82,93,87,810.8333333333334,0.5105212267429778,19.1,69.2,1,0,0,
2026-06-09,17:50:23,maceta2,102,199,77,26,51,31.666666666666668,0.4986770396131975,16.0,70.2,1,0,0,Discrepancia alta entre sensores de humedad: 77% vs 26%
2026-06-09,17:51:01,maceta1,70,72,82,93,87,752.5,0.5330553871733076,19.2,70.1,1,0,0,
2026-06-09,17:51:01,maceta2,102,200,77,26,51,40.833333333333336,0.5207087522096449,16.0,70.8,1,0,0,Discrepancia alta entre sensores de humedad: 77% vs 26%
2026-06-09,17:51:34,maceta1,104,128,82,93,87,804.5833333333334,0.5524048055142676,19.2,68.2,1,0,0,
2026-06-09,17:51:34,maceta2,107,200,77,26,51,40.41666666666667,0.539595660831204,16.1,70.6,1,0,0,Discrepancia alta entre sensores de humedad: 77% vs 26%
2026-06-09,17:52:08,maceta1,105,128,82,93,87,757.5,0.5727749489017658,19.2,67.3,1,0,0,
2026-06-09,17:52:08,maceta2,101,200,77,26,51,40.41666666666667,0.5595082225081173,16.1,71.1,1,0,0,Discrepancia alta entre sensores de humedad: 77% vs 26%
2026-06-09,17:52:44,maceta1,70,72,82,93,87,757.9166666666667,0.5942376421539322,19.2,68.2,1,0,0,
2026-06-09,17:52:44,maceta2,101,200,77,26,51,40.833333333333336,0.5804887980098496,16.2,69.8,1,0,0,Discrepancia alta entre sensores de humedad: 77% vs 26%
2026-06-09,17:53:18,maceta1,104,128,82,93,87,804.5833333333334,0.6138339956714082,,,1,0,0,Lectura invalida de DHT
2026-06-09,17:53:18,maceta2,104,200,77,26,51,30.416666666666668,0.599610609596311,16.2,70.3,1,0,0,Discrepancia alta entre sensores de humedad: 77% vs 26%
2026-06-09,17:53:50,maceta1,104,128,82,93,87,814.5833333333334,0.6332104000411126,19.2,66.4,1,0,0,
2026-06-09,17:53:50,maceta2,102,201,77,26,51,41.25,0.6185184499280629,16.2,70.3,1,0,0,Discrepancia alta entre sensores de humedad: 77% vs 26%
2026-06-09,17:54:25,maceta1,69,71,82,93,87,779.1666666666667,0.6534232348509509,19.2,66.8,1,0,0,
2026-06-09,17:54:25,maceta2,102,201,77,25,51,41.66666666666667,0.638264625867447,16.2,69.7,1,0,0,Discrepancia alta entre sensores de humedad: 77% vs 25%
2026-06-09,17:54:59,maceta1,105,128,82,93,87,807.0833333333334,0.6736056908677415,,,1,0,0,Lectura invalida de DHT
2026-06-09,17:54:59,maceta2,104,201,77,25,51,41.66666666666667,0.6579639086939849,16.3,69.2,1,0,0,Discrepancia alta entre sensores de humedad: 77% vs 25%
2026-06-09,17:55:38,maceta1,71,72,88,93,90,804.5833333333334,0.6968760458494304,19.2,67.7,1,0,0,
2026-06-09,17:55:38,maceta2,107,201,76,25,50,41.25,0.680678638269633,16.3,69.6,1,0,0,Discrepancia alta entre sensores de humedad: 76% vs 25%
2026-06-09,17:56:17,maceta1,71,73,88,93,90,805.4166666666667,0.719768571577025,,,1,0,0,Lectura invalida de DHT
2026-06-09,17:56:17,maceta2,111,201,75,25,50,41.66666666666667,0.70302427589719,16.4,70.5,1,0,0,
2026-06-09,17:56:50,maceta1,70,72,94,93,93,807.9166666666667,0.739376742546846,,,1,0,0,Lectura invalida de DHT
2026-06-09,17:56:50,maceta2,123,173,71,30,50,41.66666666666667,0.7221625233794093,,,1,0,0,Lectura invalida de DHT
2026-06-09,17:57:24,maceta1,70,73,94,93,93,806.6666666666667,0.7595095760571702,19.2,68.3,1,0,0,
2026-06-09,17:57:24,maceta2,123,172,68,35,51,41.66666666666667,0.7418136277733097,16.4,69.9,1,0,0,
2026-06-09,17:57:57,maceta1,70,72,94,93,93,803.75,0.7788576499155041,19.2,68.1,1,0,0,
2026-06-09,17:57:57,maceta2,104,143,70,45,57,32.91666666666667,0.7606951771879403,,,1,0,0,Lectura invalida de DHT
2026-06-09,17:58:29,maceta1,70,73,94,93,93,806.6666666666667,0.7982126367309932,19.2,67.7,1,0,0,
2026-06-09,17:58:29,maceta2,108,202,72,40,56,41.25,0.7795867946000251,16.4,70.1,1,0,0,
2026-06-09,17:59:05,maceta1,70,72,94,93,93,805.4166666666667,0.8194838295286261,,,1,0,0,Lectura invalida de DHT
2026-06-09,17:59:05,maceta2,104,203,76,35,55,29.583333333333336,0.8003417923683497,16.4,69.3,1,0,0,
2026-06-09,17:59:38,maceta1,70,74,94,93,93,800.4166666666667,0.8390081337136136,19.2,66.5,1,0,0,
2026-06-09,17:59:38,maceta2,109,203,75,24,49,30.833333333333336,0.8193960372147114,,,1,0,0,Discrepancia alta entre sensores de humedad: 75% vs 24% | Lectura invalida de DHT
2026-06-09,18:00:11,maceta1,168,178,77,74,75,802.5,0.8584014146011023,19.2,67.3,1,0,0,
2026-06-09,18:00:11,maceta2,112,203,74,24,49,28.75,0.8383199159118686,,,1,0,0,Lectura invalida de DHT | Tierra seca (Raw: 155.7 >= 155). Riego activado.
2026-06-09,18:01:51,maceta1,193,198,55,52,53,804.5833333333334,0.9177286616874805,19.2,67.7,1,0,0,
2026-06-09,18:01:51,maceta2,184,204,,,,14.583333333333334,0.896181121892136,,,1,0,0,Fallo en ambos sensores de humedad de suelo | Lectura invalida de DHT
2026-06-09,18:03:25,maceta1,196,202,,,,672.5,9.339281491339207e-06,19.2,68.2,1,0,0,Fallo en ambos sensores de humedad de suelo
2026-06-09,18:03:25,maceta2,186,207,,,,19.166666666666668,2.661753089229266e-07,16.5,69.7,1,0,0,Fallo en ambos sensores de humedad de suelo
2026-06-09,18:03:47,maceta1,196,201,,,,808.3333333333334,0.013454225898543894,19.2,68.0,1,0,0,Fallo en ambos sensores de humedad de suelo
2026-06-09,18:03:47,maceta2,186,207,,,,20.0,0.01311365476024697,16.5,69.1,1,0,0,Fallo en ambos sensores de humedad de suelo
2026-06-09,18:07:40,maceta1,82,128,,,,664.1666666666667,9.23800123701493e-06,19.0,67.2,1,0,0,Fallo en ambos sensores de humedad de suelo
2026-06-09,18:07:40,maceta2,187,208,,,,19.583333333333336,2.723877403636774e-07,16.6,69.2,1,0,0,Fallo en ambos sensores de humedad de suelo
2026-06-09,18:08:03,maceta1,79,75,,,,813.75,0.01343865423885847,19.0,68.2,1,0,0,Fallo en ambos sensores de humedad de suelo
2026-06-09,18:08:03,maceta2,128,128,,,,20.833333333333336,0.013096703347437429,,,1,0,0,Fallo en ambos sensores de humedad de suelo | Lectura invalida de DHT
2026-06-09,18:08:26,maceta1,79,76,89,,89,819.1666666666667,0.02688755855402574,19.0,68.5,1,0,0,"Fallo sensor de humedad 2, se usa sensor 1"
2026-06-09,18:08:26,maceta2,187,176,,,,24.166666666666668,0.026211319631403336,,,1,0,0,Fallo en ambos sensores de humedad de suelo | Lectura invalida de DHT
2026-06-09,18:08:50,maceta1,80,76,89,91,90,814.1666666666667,0.0411455181743977,,,1,0,0,Lectura invalida de DHT
2026-06-09,18:08:50,maceta2,187,209,33,27,30,20.416666666666668,0.040115383123385306,16.6,68.3,1,0,0,Tierra seca (Raw: 192.3 >= 155). Riego activado.
2026-06-09,18:09:54,maceta1,110,107,84,86,85,810.0,0.07941404625038717,,,1,0,0,Lectura invalida de DHT
2026-06-09,18:09:54,maceta2,187,209,,,,21.25,0.07743991028967573,16.6,69.1,1,0,0,Fallo en ambos sensores de humedad de suelo
2026-06-09,18:10:18,maceta1,109,87,79,84,81,808.3333333333334,0.09327632008016917,18.9,70.4,1,0,0,
2026-06-09,18:10:18,maceta2,188,209,,,,22.916666666666668,0.09096165950767769,16.5,69.8,1,0,0,Fallo en ambos sensores de humedad de suelo
2026-06-09,18:12:13,maceta1,81,79,,,,670.0,9.476398887634276e-06,18.9,69.6,1,0,0,Fallo en ambos sensores de humedad de suelo
2026-06-09,18:12:13,maceta2,80,84,,,,11.666666666666668,1.6501192092895509e-07,,,1,0,0,Fallo en ambos sensores de humedad de suelo | Lectura invalida de DHT
2026-06-09,18:12:36,maceta1,79,76,,,,820.0,0.01347620026762962,18.9,70.1,1,0,0,Fallo en ambos sensores de humedad de suelo
2026-06-09,18:12:36,maceta2,79,82,,,,24.583333333333336,0.013131991214036793,16.6,69.6,1,0,0,Fallo en ambos sensores de humedad de suelo
2026-06-09,18:12:59,maceta1,118,77,82,90,86,813.75,0.02692763164827704,18.8,69.6,1,0,0,
2026-06-09,18:12:59,maceta2,79,82,89,88,88,20.833333333333336,0.02624989144653067,,,1,0,0,Lectura invalida de DHT
2026-06-09,18:13:27,maceta1,89,128,81,90,85,808.3333333333334,0.043690842898796795,,,1,0,0,Lectura invalida de DHT
2026-06-09,18:13:27,maceta2,79,83,90,88,89,21.666666666666668,0.0426006616445373,16.6,69.0,1,0,0,
2026-06-09,18:13:55,maceta1,79,77,81,91,86,752.5,0.060094349317698775,18.8,71.1,1,0,0,
2026-06-09,18:13:55,maceta2,89,128,88,88,88,20.0,0.05862770940205797,,,1,0,0,Lectura invalida de DHT
2026-06-09,18:14:24,maceta1,79,77,88,91,89,366.25,0.07710809283876299,18.8,69.9,1,0,0,
2026-06-09,18:14:24,maceta2,79,83,88,88,88,18.75,0.07545394683908715,16.6,68.7,1,0,0,
2026-06-09,18:15:11,maceta1,118,77,83,91,87,800.0,0.10499945661817668,,,1,0,0,Lectura invalida de DHT
2026-06-09,18:15:11,maceta2,79,82,88,88,88,18.333333333333336,0.10266325707482371,16.6,68.6,1,0,0,
2026-06-09,18:15:36,maceta1,78,76,83,91,87,779.5833333333334,0.11932695205796513,18.8,68.6,1,0,0,
2026-06-09,18:15:36,maceta2,79,82,90,88,89,19.166666666666668,0.11664969586976393,16.6,68.8,1,0,0,
2026-06-09,18:16:04,maceta1,80,78,83,91,87,470.4166666666667,0.13600495889376762,,,1,0,0,Lectura invalida de DHT
2026-06-09,18:16:04,maceta2,79,81,90,88,89,20.0,0.13309024465613706,,,1,0,0,Lectura invalida de DHT
2026-06-09,18:16:27,maceta1,79,77,90,91,90,528.3333333333334,0.14935658160731377,18.9,68.7,1,0,0,
2026-06-09,18:16:27,maceta2,78,81,90,88,89,22.083333333333336,0.14622859577252653,,,1,0,0,Lectura invalida de DHT
2026-06-09,18:16:50,maceta1,80,77,89,90,89,428.33333333333337,0.16265680233131927,,,1,0,0,Lectura invalida de DHT
2026-06-09,18:16:50,maceta2,80,83,90,88,89,17.916666666666668,0.159356037779378,16.6,68.4,1,0,0,
2026-06-09,18:17:12,maceta1,118,128,82,90,86,802.5,0.1761028681593315,,,1,0,0,Lectura invalida de DHT
2026-06-09,18:17:12,maceta2,80,83,89,88,88,21.25,0.172473495385457,,,1,0,0,Lectura invalida de DHT
2026-06-09,18:17:41,maceta1,79,77,82,91,86,810.4166666666667,0.1928305590527769,18.9,68.4,1,0,0,
2026-06-09,18:17:41,maceta2,80,83,89,87,88,20.416666666666668,0.18878790216777455,,,1,0,0,Lectura invalida de DHT
2026-06-09,18:18:03,maceta1,80,78,82,90,86,811.6666666666667,0.2063055837468354,,,1,0,0,Lectura invalida de DHT
2026-06-09,18:18:03,maceta2,82,85,89,87,88,19.583333333333336,0.20192914011370203,,,1,0,0,Lectura invalida de DHT
2026-06-09,18:18:26,maceta1,79,77,89,90,89,802.9166666666667,0.21984413074384454,,,1,0,0,Lectura invalida de DHT
2026-06-09,18:18:26,maceta2,82,87,88,86,87,15.416666666666668,0.21513417614281277,,,1,0,0,Lectura invalida de DHT
2026-06-09,18:18:58,maceta1,80,78,89,90,89,804.1666666666667,0.238883649729866,18.9,69.6,1,0,0,
2026-06-09,18:18:58,maceta2,82,84,88,86,87,15.833333333333334,0.23370419427916012,,,1,0,0,Lectura invalida de DHT
2026-06-09,18:19:21,maceta1,79,77,89,90,89,808.75,0.2523786552901374,,,1,0,0,Lectura invalida de DHT
2026-06-09,18:19:21,maceta2,79,83,88,87,87,21.25,0.2468668221297597,,,1,0,0,Lectura invalida de DHT
2026-06-09,18:19:44,maceta1,80,78,89,90,89,810.4166666666667,0.26592801251221765,,,1,0,0,Lectura invalida de DHT
2026-06-09,18:19:44,maceta2,82,85,88,87,87,21.666666666666668,0.26008195069154255,,,1,0,0,Lectura invalida de DHT
2026-06-09,18:20:12,maceta1,80,78,89,90,89,803.3333333333334,0.2824385149308378,,,1,0,0,Lectura invalida de DHT
2026-06-09,18:20:12,maceta2,79,82,89,87,88,22.083333333333336,0.2761889636818698,16.7,70.1,1,0,0,
2026-06-09,18:20:35,maceta1,79,77,89,90,89,802.9166666666667,0.29606667964187855,19.0,70.6,1,0,0,
2026-06-09,18:20:35,maceta2,79,82,89,87,88,21.666666666666668,0.28948407419989436,16.7,70.0,1,0,0,
2026-06-09,18:20:58,maceta1,79,78,89,90,89,810.4166666666667,0.3096141632170128,19.0,69.4,1,0,0,
2026-06-09,18:20:58,maceta2,79,82,90,88,89,22.083333333333336,0.3026975518687934,16.7,70.7,1,0,0,
2026-06-09,18:21:40,maceta1,80,78,89,90,89,806.6666666666667,0.33455290779426483,19.0,69.7,1,0,0,
2026-06-09,18:21:40,maceta2,79,82,90,88,89,22.083333333333336,0.3270242981334131,16.7,70.7,1,0,0,
2026-06-09,18:22:03,maceta1,81,79,89,90,89,809.1666666666667,0.3482093447495621,,,1,0,0,Lectura invalida de DHT
2026-06-09,18:22:03,maceta2,81,86,89,87,88,22.5,0.3403447416833254,,,1,0,0,Lectura invalida de DHT
2026-06-09,18:22:27,maceta1,80,78,89,90,89,806.6666666666667,0.36207110454666314,,,1,0,0,Lectura invalida de DHT
2026-06-09,18:22:27,maceta2,79,82,89,87,88,22.5,0.3538665137021273,16.7,70.3,1,0,0,
2026-06-09,18:22:50,maceta1,79,78,89,90,89,805.0,0.37560381242319163,19.0,69.9,1,0,0,
2026-06-09,18:22:50,maceta2,79,82,89,87,88,22.083333333333336,0.36706781628224777,16.7,70.6,1,0,0,
2026-06-09,18:23:17,maceta1,79,78,89,90,89,803.75,0.3918751409943877,19.0,71.2,1,0,0,
2026-06-09,18:23:17,maceta2,80,82,89,88,88,22.5,0.3829415056219669,16.8,70.5,1,0,0,
2026-06-09,18:23:40,maceta1,81,79,89,90,89,803.75,0.4054707566558085,,,1,0,0,Lectura invalida de DHT
2026-06-09,18:23:40,maceta2,82,86,89,87,88,22.5,0.3962048712068553,,,1,0,0,Lectura invalida de DHT
2026-06-09,18:24:03,maceta1,80,78,89,90,89,808.75,0.4190648690949911,19.0,69.6,1,0,0,
2026-06-09,18:24:03,maceta2,79,81,89,87,88,21.666666666666668,0.40946434211809174,16.8,70.3,1,0,0,
2026-06-09,18:24:26,maceta1,79,78,89,90,89,804.5833333333334,0.4325705744739792,,,1,0,0,Lectura invalida de DHT
2026-06-09,18:24:26,maceta2,79,84,89,87,88,21.666666666666668,0.422639299159769,,,1,0,0,Lectura invalida de DHT
2026-06-09,18:24:53,maceta1,80,78,89,90,89,800.0,0.44878727273301094,19.0,70.1,1,0,0,
2026-06-09,18:24:53,maceta2,81,85,89,87,88,17.083333333333336,0.43845880120355085,,,1,0,0,Lectura invalida de DHT
2026-06-09,18:25:22,maceta1,80,77,89,90,89,800.0,0.4657238523280403,,,1,0,0,Lectura invalida de DHT
2026-06-09,18:25:22,maceta2,81,86,89,86,87,16.666666666666668,0.45498033173125185,,,1,0,0,Lectura invalida de DHT
2026-06-09,18:25:46,maceta1,80,78,89,90,89,802.9166666666667,0.4798676490854735,,,1,0,0,Lectura invalida de DHT
2026-06-09,18:25:46,maceta2,80,82,89,87,88,16.666666666666668,0.4687762607397278,16.8,69.0,1,0,0,
2026-06-09,18:26:09,maceta1,81,78,89,90,89,801.6666666666667,0.49332297653049123,,,1,0,0,Lectura invalida de DHT
2026-06-09,18:26:09,maceta2,81,83,89,87,88,16.666666666666668,0.48190116659884646,16.8,69.1,1,0,0,
