fecha,hora,maceta,humedad_raw_1,humedad_raw_2,humedad_pct_1,humedad_pct_2,humedad_pct_promedio,lux,lux_foco,temperatura_c,humedad_ambiente_pct,luz_encendida,ventilador_encendido,riego_pendiente,alertas
2026-04-02,18:13:18,maceta1,89,58,46,67,56,8.333333333333334,,25.9,77.7,1,0,1,Discrepancia alta entre sensores de humedad: 46% vs 67%
2026-04-02,18:14:51,maceta1,120,128,26,21,23,9.166666666666668,,,,1,0,1,Lectura invalida de DHT
2026-04-02,19:15:01,maceta1,128,128,21,21,21,0.0,3705.8333333333335,26.3,75.4,1,0,1,
2026-04-02,20:15:13,maceta1,21,19,91,92,91,26.25,71.25,,,1,0,0,Lectura invalida de DHT
2026-04-02,21:15:18,maceta1,10,7,98,100,99,13.75,64.16666666666667,27.2,69.0,1,0,0,
2026-04-02,22:15:24,maceta1,11,8,98,100,99,12.5,62.91666666666667,,,1,0,0,Lectura invalida de DHT
2026-04-02,23:15:30,maceta1,23,19,90,92,91,0.0,48.75,25.6,77.5,1,0,0,
2026-04-03,00:15:36,maceta1,24,20,89,92,90,0.0,50.833333333333336,25.4,74.0,1,0,0,
2026-04-03,01:15:42,maceta1,25,22,88,90,89,0.0,937.5,,,1,0,0,Lectura invalida de DHT
2026-04-03,02:15:47,maceta1,25,22,88,90,89,0.0,720.8333333333334,25.6,87.4,1,0,0,
2026-04-03,03:15:53,maceta1,26,23,88,90,89,0.0,679.1666666666667,,,1,0,0,Lectura invalida de DHT
2026-04-03,04:15:59,maceta1,31,28,84,86,85,0.0,1564.1666666666667,25.7,85.5,1,0,0,
2026-04-03,05:16:04,maceta1,31,28,84,86,85,0.0,632.5,25.8,84.5,1,0,0,
2026-04-03,06:16:10,maceta1,31,28,84,86,85,0.0,1165.0,,,0,0,0,Lectura invalida de DHT
2026-04-03,07:16:16,maceta1,32,28,84,86,85,1.25,,25.7,84.5,0,0,0,
2026-04-03,08:16:20,maceta1,32,29,84,86,85,0.0,,24.5,90.0,0,0,0,
2026-04-03,09:16:23,maceta1,128,128,21,21,21,0.0,,24.8,86.0,0,0,1,
2026-04-03,10:16:33,maceta1,32,28,84,86,85,0.0,,25.1,84.7,0,0,0,
2026-04-03,11:16:37,maceta1,32,29,84,86,85,0.0,,25.4,84.4,0,0,0,
2026-04-03,12:16:41,maceta1,128,128,21,21,21,14.583333333333334,,25.7,84.5,0,0,1,
2026-04-03,13:16:50,maceta1,32,29,84,86,85,8.333333333333334,,25.9,79.9,0,0,0,
2026-04-03,14:16:54,maceta1,32,29,84,86,85,5.833333333333334,,26.0,80.9,0,0,0,
2026-04-03,15:16:58,maceta1,128,128,21,21,21,1.6666666666666667,,25.9,82.1,0,0,1,
2026-04-03,16:17:08,maceta1,32,28,84,86,85,1.25,,25.4,76.2,0,0,0,
2026-04-03,17:17:11,maceta1,31,28,84,86,85,1.25,,24.1,76.4,0,0,0,
2026-04-03,18:17:15,maceta1,128,128,21,21,21,1.6666666666666667,,23.3,68.6,1,0,1,
2026-04-03,19:17:25,maceta1,29,26,86,88,87,0.0,495.83333333333337,25.4,84.7,1,0,0,
2026-04-03,20:17:30,maceta1,29,25,86,88,87,0.0,677.9166666666667,27.0,90.5,1,0,0,
2026-04-03,21:17:36,maceta1,29,26,86,88,87,0.0,622.5,27.2,84.0,1,0,0,
2026-04-03,22:17:42,maceta1,27,24,87,89,88,1.25,515.4166666666667,26.9,83.9,1,0,0,
2026-04-03,23:17:49,maceta1,27,24,87,89,88,1.25,367.9166666666667,27.0,85.9,1,0,0,
2026-04-04,00:17:54,maceta1,28,25,86,88,87,0.0,313.75,26.9,86.6,1,0,0,
2026-04-04,01:18:00,maceta1,28,26,86,88,87,0.0,308.75,,,1,0,0,Lectura invalida de DHT
2026-04-04,02:18:06,maceta1,29,26,86,88,87,0.0,0.0,26.4,88.5,1,0,0,
2026-04-04,03:18:12,maceta1,29,26,86,88,87,0.0,0.0,,,1,0,0,Lectura invalida de DHT
2026-04-04,04:18:17,maceta1,28,25,86,88,87,0.0,0.0,25.7,93.5,1,0,0,
2026-04-04,05:18:23,maceta1,29,26,86,88,87,0.0,0.0,,,1,0,0,Lectura invalida de DHT
2026-04-04,06:18:29,maceta1,28,26,86,88,87,0.0,0.0,,,0,0,0,Lectura invalida de DHT
2026-04-04,07:18:34,maceta1,31,28,84,86,85,0.0,,25.4,98.6,0,0,0,
2026-04-04,08:18:38,maceta1,31,28,84,86,85,0.0,,24.9,91.8,0,0,0,
2026-04-04,09:18:42,maceta1,128,128,21,21,21,0.0,,24.5,90.5,0,0,1,
2026-04-04,10:18:52,maceta1,31,29,84,86,85,0.0,,,,0,0,0,Lectura invalida de DHT
2026-04-04,11:18:55,maceta1,31,29,84,86,85,2.5,,,,0,0,0,Lectura invalida de DHT
2026-04-04,12:18:59,maceta1,128,128,21,21,21,0.4166666666666667,,,,0,0,1,Lectura invalida de DHT
2026-04-04,13:19:09,maceta1,31,30,84,85,84,0.0,,22.7,77.4,0,0,0,
2026-04-04,14:19:12,maceta1,32,30,84,85,84,0.4166666666666667,,22.5,81.1,0,0,0,
2026-04-04,15:19:16,maceta1,128,128,21,21,21,0.0,,,,0,0,1,Lectura invalida de DHT
2026-04-04,16:19:26,maceta1,32,31,84,84,84,1.25,,22.0,73.0,0,0,0,
2026-04-04,16:57:28,maceta1,33,31,83,84,83,0.0,,21.9,71.4,1,0,0,
2026-04-04,17:57:32,maceta1,24,23,89,90,89,0.0,1007.5,21.5,65.6,1,0,0,
2026-04-04,18:57:38,maceta1,23,22,90,90,90,0.0,2506.666666666667,22.6,73.7,1,0,0,
2026-04-04,19:57:44,maceta1,24,23,89,90,89,0.0,2618.75,22.2,74.7,1,0,0,
2026-04-04,20:57:49,maceta1,24,24,89,89,89,1.25,2575.416666666667,21.7,73.0,1,0,0,
2026-04-04,21:57:55,maceta1,24,23,89,90,89,1.25,1809.5833333333335,,,1,0,0,Lectura invalida de DHT
2026-04-04,22:58:01,maceta1,25,24,88,89,88,1.25,328.75,22.0,60.7,0,0,0,
2026-04-04,23:58:07,maceta1,24,23,89,90,89,1.25,,22.4,77.3,0,0,0,
2026-04-05,00:58:10,maceta1,27,25,87,88,87,1.25,,21.5,65.6,0,0,0,
2026-04-05,01:58:19,maceta1,28,26,86,88,87,0.0,,,,0,0,0,Lectura invalida de DHT
2026-04-05,02:58:23,maceta1,29,27,86,87,86,0.0,,22.0,65.0,0,0,0,
2026-04-05,03:58:27,maceta1,128,128,21,21,21,0.0,,,,0,0,1,Lectura invalida de DHT
2026-04-05,04:58:36,maceta1,29,27,86,87,86,0.0,,22.0,70.1,0,0,0,
2026-04-05,05:58:40,maceta1,29,28,86,86,86,0.0,,21.7,67.6,0,0,0,
2026-04-05,06:58:44,maceta1,128,128,21,21,21,0.0,,21.5,67.6,0,0,1,
2026-04-05,07:58:54,maceta1,29,28,86,86,86,0.0,,21.5,68.2,0,0,0,
2026-04-05,08:58:57,maceta1,25,24,88,89,88,0.0,,21.3,68.1,0,0,0,
2026-04-05,09:59:01,maceta1,128,128,21,21,21,0.0,,21.1,70.7,0,0,1,
2026-04-05,10:59:11,maceta1,30,29,85,86,85,0.8333333333333334,,21.0,68.0,1,0,0,
2026-04-05,11:59:15,maceta1,28,27,86,87,86,2.5,2707.5,20.6,65.2,1,0,0,
2026-04-05,12:59:20,maceta1,27,26,87,88,87,0.8333333333333334,2744.166666666667,21.5,68.7,1,0,0,
2026-04-05,13:59:26,maceta1,28,27,86,87,86,0.4166666666666667,1565.8333333333335,21.7,68.5,1,0,0,
2026-04-05,14:59:32,maceta1,29,28,86,86,86,0.0,841.6666666666667,21.7,66.1,1,0,0,
2026-04-05,15:59:38,maceta1,29,28,86,86,86,0.0,366.6666666666667,21.7,67.6,1,0,0,
2026-04-05,16:59:43,maceta1,29,29,86,86,86,1.6666666666666667,359.1666666666667,21.5,67.8,1,0,0,
2026-04-05,17:59:49,maceta1,30,29,85,86,85,0.0,247.5,21.7,68.3,1,0,0,
2026-04-05,18:59:55,maceta1,30,30,85,85,85,0.0,263.75,21.7,70.5,1,0,0,
2026-04-05,20:00:00,maceta1,30,30,85,85,85,0.0,279.58333333333337,21.3,72.5,1,0,0,
2026-04-05,21:00:06,maceta1,31,30,84,85,84,2.0833333333333335,302.9166666666667,21.3,72.4,1,0,0,
2026-04-05,22:00:12,maceta1,31,31,84,84,84,1.6666666666666667,303.75,21.4,70.6,0,0,0,
2026-04-05,23:00:18,maceta1,35,34,82,82,82,0.0,,21.3,62.3,0,0,0,
2026-04-06,00:00:22,maceta1,128,128,21,21,21,0.0,,21.2,70.5,0,0,1,
2026-04-06,01:00:32,maceta1,35,34,82,82,82,0.0,,21.7,73.4,0,0,0,
2026-04-06,02:00:35,maceta1,36,35,81,82,81,0.0,,21.8,74.8,0,0,0,
2026-04-06,03:00:39,maceta1,128,128,21,21,21,0.0,,21.9,74.4,0,0,1,
2026-04-06,04:00:49,maceta1,36,35,81,82,81,0.0,,21.9,70.8,0,0,0,
2026-04-06,05:00:53,maceta1,36,35,81,82,81,0.0,,21.8,67.4,0,0,0,
2026-04-06,06:00:56,maceta1,128,128,21,21,21,0.0,,,,0,0,1,Lectura invalida de DHT
2026-04-06,07:01:06,maceta1,35,35,82,82,82,0.0,,21.8,72.1,0,0,0,
2026-04-06,08:01:10,maceta1,37,36,80,81,80,1.25,,21.8,73.0,0,0,0,
2026-04-09,14:41:19,maceta1,,,,,,147.5,,21.0,55.4,1,0,0,"Fallo en ambos sensores de humedad de suelo | Sin humedad de suelo valida, no se habilita riego automatico"
2026-04-09,14:42:20,maceta1,,,,,,125.83333333333334,,,,0,0,0,"Fallo en ambos sensores de humedad de suelo | Lectura invalida de DHT | Sin humedad de suelo valida, no se habilita riego automatico"
2026-04-09,14:43:19,maceta1,,,,,,141.66666666666669,,20.9,55.5,1,0,0,"Fallo en ambos sensores de humedad de suelo | Sin humedad de suelo valida, no se habilita riego automatico"
2026-04-09,14:43:51,maceta1,,,,,,303.75,,21.0,55.6,1,0,0,"Fallo en ambos sensores de humedad de suelo | Sin humedad de suelo valida, no se habilita riego automatico"
2026-04-09,14:44:13,maceta1,,,,,,346.6666666666667,,21.0,59.2,1,0,0,"Fallo en ambos sensores de humedad de suelo | Sin humedad de suelo valida, no se habilita riego automatico"
2026-04-09,14:44:21,maceta1,,,,,,340.0,21658.75,21.2,59.6,1,0,0,"Fallo en ambos sensores de humedad de suelo | Sin humedad de suelo valida, no se habilita riego automatico"
2026-04-09,14:44:31,maceta1,,,,,,351.6666666666667,21812.083333333336,21.4,58.7,1,0,0,"Fallo en ambos sensores de humedad de suelo | Sin humedad de suelo valida, no se habilita riego automatico"
2026-04-10,14:35:35,maceta1,118,99,27,40,33,0.8333333333333334,,22.1,69.1,1,0,1,
2026-04-10,14:36:34,maceta1,84,72,50,57,53,1.25,,21.9,73.9,1,0,1,
2026-04-10,14:37:14,maceta1,82,128,51,21,36,0.0,4.583333333333334,22.0,65.7,1,0,1,Discrepancia alta entre sensores de humedad: 51% vs 21%
2026-04-10,14:37:56,maceta1,191,76,0,55,27,3.3333333333333335,3.3333333333333335,22.2,67.3,1,0,1,Discrepancia alta entre sensores de humedad: 0% vs 55%
2026-04-10,14:38:37,maceta1,128,128,21,21,21,6.666666666666667,0.0,22.3,60.5,1,0,1,
2026-04-10,14:39:19,maceta1,92,87,44,48,46,1.25,1.25,22.4,62.2,1,0,1,
2026-04-10,14:40:01,maceta1,128,128,21,21,21,27.5,3.3333333333333335,22.6,62.4,1,0,1,
2026-04-10,14:40:43,maceta1,128,128,21,21,21,28.75,3840.416666666667,,,1,0,1,Lectura invalida de DHT
2026-04-10,14:41:24,maceta1,99,89,40,46,43,0.0,4693.75,22.9,62.6,1,0,1,
2026-04-10,14:42:06,maceta1,128,128,21,21,21,0.0,13.333333333333334,23.0,64.2,1,0,1,
2026-04-11,13:11:43,maceta1,69,75,59,55,57,10.416666666666668,,21.5,70.2,1,0,1,
2026-04-11,13:11:43,maceta2,,,,,,,,,,0,0,0,"Fallo en ambos sensores de humedad de suelo | No hay lectura valida de lux, se mantiene el ultimo estado de luz | Sin humedad de suelo valida, no se habilita riego automatico"
2026-04-11,13:12:46,maceta1,71,76,58,55,56,16.666666666666668,,21.4,73.1,1,0,1,
2026-04-11,13:12:46,maceta2,,,,,,,,,,1,0,0,"Fallo en ambos sensores de humedad de suelo | Sin humedad de suelo valida, no se habilita riego automatico"
2026-04-11,13:13:26,maceta1,73,78,57,53,55,1.6666666666666667,4.166666666666667,,,1,0,1,Lectura invalida de DHT
2026-04-11,13:13:26,maceta2,,,,,,,,,,1,0,0,"Fallo en ambos sensores de humedad de suelo | Sin humedad de suelo valida, no se habilita riego automatico"
2026-04-11,13:14:08,maceta1,106,128,35,21,28,1.6666666666666667,0.0,21.7,68.9,1,0,1,
2026-04-11,13:14:08,maceta2,,,,,,,,,,1,0,0,"Fallo en ambos sensores de humedad de suelo | Sin humedad de suelo valida, no se habilita riego automatico"
2026-04-11,13:34:09,maceta1,31,36,84,81,82,20.0,,21.9,65.6,1,0,0,
2026-04-11,13:34:09,maceta2,,,,,,,,,,1,0,0,"Fallo en ambos sensores de humedad de suelo | Sin humedad de suelo valida, no se habilita riego automatico"
2026-04-11,14:34:12,maceta1,128,128,21,21,21,8.75,0.4166666666666667,22.1,58.2,1,0,1,
2026-04-11,14:34:12,maceta2,,,,,,,,,,1,0,0,"Fallo en ambos sensores de humedad de suelo | Sin humedad de suelo valida, no se habilita riego automatico"
2026-04-11,15:34:24,maceta1,33,128,83,21,52,3.3333333333333335,0.0,25.0,53.1,1,0,1,Discrepancia alta entre sensores de humedad: 83% vs 21%
2026-04-11,15:34:24,maceta2,,,,,,,,,,1,0,0,"Fallo en ambos sensores de humedad de suelo | Sin humedad de suelo valida, no se habilita riego automatico"
2026-04-11,16:34:36,maceta1,128,93,21,44,32,0.0,0.0,25.4,53.8,1,0,1,Discrepancia alta entre sensores de humedad: 21% vs 44%
2026-04-11,16:34:36,maceta2,,,,,,,,,,1,0,0,"Fallo en ambos sensores de humedad de suelo | Sin humedad de suelo valida, no se habilita riego automatico"
2026-04-11,17:34:48,maceta1,128,128,21,21,21,2.0833333333333335,0.0,,,1,0,1,Lectura invalida de DHT
2026-04-11,17:34:48,maceta2,,,,,,,,,,1,0,0,"Fallo en ambos sensores de humedad de suelo | Sin humedad de suelo valida, no se habilita riego automatico"
2026-04-11,18:34:59,maceta1,34,40,82,78,80,0.0,0.0,25.6,54.7,1,0,0,
2026-04-11,18:34:59,maceta2,,,,,,,,,,1,0,0,"Fallo en ambos sensores de humedad de suelo | Sin humedad de suelo valida, no se habilita riego automatico"
2026-04-11,19:35:05,maceta1,109,,33,,33,0.0,0.4166666666666667,25.6,55.0,1,0,1,"Fallo sensor de humedad 2, se usa sensor 1"
2026-04-11,19:35:05,maceta2,,,,,,,,,,1,0,0,"Fallo en ambos sensores de humedad de suelo | Sin humedad de suelo valida, no se habilita riego automatico"
2026-04-11,20:35:16,maceta1,128,128,21,21,21,0.0,0.4166666666666667,25.6,58.7,1,0,1,
2026-04-11,20:35:16,maceta2,,,,,,,,,,1,0,0,"Fallo en ambos sensores de humedad de suelo | Sin humedad de suelo valida, no se habilita riego automatico"
2026-04-11,21:35:28,maceta1,72,41,57,78,67,0.0,2.0833333333333335,25.6,58.8,1,0,1,Discrepancia alta entre sensores de humedad: 57% vs 78%
2026-04-11,21:35:28,maceta2,,,,,,,,,,1,0,0,"Fallo en ambos sensores de humedad de suelo | Sin humedad de suelo valida, no se habilita riego automatico"
2026-04-11,22:35:40,maceta1,128,128,21,21,21,0.0,2.0833333333333335,,,0,0,1,Lectura invalida de DHT
2026-04-11,22:35:40,maceta2,,,,,,,,,,0,0,0,"Fallo en ambos sensores de humedad de suelo | Sin humedad de suelo valida, no se habilita riego automatico"
2026-04-11,23:35:52,maceta1,35,42,82,77,79,0.0,,25.6,60.8,0,0,0,
2026-04-11,23:35:52,maceta2,,,,,,,,,,0,0,0,"Fallo en ambos sensores de humedad de suelo | Sin humedad de suelo valida, no se habilita riego automatico"
2026-04-12,00:35:55,maceta1,128,128,21,21,21,0.0,,21.8,77.0,0,0,1,
2026-04-12,00:35:55,maceta2,,,,,,,,,,0,0,0,"Fallo en ambos sensores de humedad de suelo | Sin humedad de suelo valida, no se habilita riego automatico"
2026-04-12,01:36:05,maceta1,36,42,81,77,79,0.0,,21.3,79.4,0,0,0,
2026-04-12,01:36:05,maceta2,,,,,,,,,,0,0,0,"Fallo en ambos sensores de humedad de suelo | Sin humedad de suelo valida, no se habilita riego automatico"
2026-04-12,02:36:09,maceta1,36,42,81,77,79,0.0,,21.1,74.4,0,0,0,
2026-04-12,02:36:09,maceta2,,,,,,,,,,0,0,0,"Fallo en ambos sensores de humedad de suelo | Sin humedad de suelo valida, no se habilita riego automatico"
2026-04-12,03:36:12,maceta1,110,128,32,21,26,0.0,,20.8,75.7,0,0,1,
2026-04-12,03:36:12,maceta2,,,,,,,,,,0,0,0,"Fallo en ambos sensores de humedad de suelo | Sin humedad de suelo valida, no se habilita riego automatico"
2026-04-12,04:36:22,maceta1,36,43,81,76,78,0.0,,20.5,77.1,0,0,0,
2026-04-12,04:36:22,maceta2,,,,,,,,,,0,0,0,"Fallo en ambos sensores de humedad de suelo | Sin humedad de suelo valida, no se habilita riego automatico"
2026-04-12,05:36:26,maceta1,128,43,21,76,48,0.0,,20.1,75.4,0,0,1,Discrepancia alta entre sensores de humedad: 21% vs 76%
2026-04-12,05:36:26,maceta2,,,,,,,,,,0,0,0,"Fallo en ambos sensores de humedad de suelo | Sin humedad de suelo valida, no se habilita riego automatico"
2026-04-12,06:36:35,maceta1,36,43,81,76,78,0.0,,19.7,73.4,0,0,0,
2026-04-12,06:36:35,maceta2,,,,,,,,,,0,0,0,"Fallo en ambos sensores de humedad de suelo | Sin humedad de suelo valida, no se habilita riego automatico"
2026-04-12,07:36:39,maceta1,36,43,81,76,78,0.0,,19.7,78.5,0,0,0,
2026-04-12,07:36:39,maceta2,,,,,,,,,,0,0,0,"Fallo en ambos sensores de humedad de suelo | Sin humedad de suelo valida, no se habilita riego automatico"
2026-04-12,08:36:43,maceta1,128,77,21,54,37,0.0,,19.6,78.9,0,0,1,Discrepancia alta entre sensores de humedad: 21% vs 54%
2026-04-12,08:36:43,maceta2,,,,,,,,,,0,0,0,"Fallo en ambos sensores de humedad de suelo | Sin humedad de suelo valida, no se habilita riego automatico"
2026-04-12,09:36:52,maceta1,37,43,80,76,78,0.4166666666666667,,19.6,80.6,0,0,0,
2026-04-12,09:36:52,maceta2,,,,,,,,,,0,0,0,"Fallo en ambos sensores de humedad de suelo | Sin humedad de suelo valida, no se habilita riego automatico"
2026-04-12,10:36:56,maceta1,37,43,80,76,78,2.0833333333333335,,19.6,81.0,1,0,0,
2026-04-12,10:36:56,maceta2,,,,,,,,,,1,0,0,"Fallo en ambos sensores de humedad de suelo | Sin humedad de suelo valida, no se habilita riego automatico"
2026-04-12,11:37:00,maceta1,128,128,21,21,21,1.6666666666666667,1.6666666666666667,19.8,81.1,1,0,1,
2026-04-12,11:37:00,maceta2,,,,,,,,,,1,0,0,"Fallo en ambos sensores de humedad de suelo | Sin humedad de suelo valida, no se habilita riego automatico"
2026-04-12,12:37:11,maceta1,128,128,21,21,21,5.833333333333334,0.0,24.2,68.5,1,0,1,
2026-04-12,12:37:11,maceta2,,,,,,,,,,1,0,0,"Fallo en ambos sensores de humedad de suelo | Sin humedad de suelo valida, no se habilita riego automatico"
2026-04-12,13:37:23,maceta1,128,60,21,65,43,0.4166666666666667,6.666666666666667,25.3,59.6,1,0,1,Discrepancia alta entre sensores de humedad: 21% vs 65%
2026-04-12,13:37:23,maceta2,,,,,,,,,,1,0,0,"Fallo en ambos sensores de humedad de suelo | Sin humedad de suelo valida, no se habilita riego automatico"
2026-04-12,14:37:35,maceta1,128,128,21,21,21,5.0,3.75,26.0,56.0,1,0,1,
2026-04-12,14:37:35,maceta2,,,,,,,,,,1,0,0,"Fallo en ambos sensores de humedad de suelo | Sin humedad de suelo valida, no se habilita riego automatico"
2026-04-12,15:37:46,maceta1,73,42,57,77,67,1.6666666666666667,0.0,26.5,58.8,1,0,1,Discrepancia alta entre sensores de humedad: 57% vs 77%
2026-04-12,15:37:46,maceta2,,,,,,,,,,1,0,0,"Fallo en ambos sensores de humedad de suelo | Sin humedad de suelo valida, no se habilita riego automatico"
2026-04-12,16:37:58,maceta1,128,110,21,32,26,0.0,3.75,,,1,0,1,Lectura invalida de DHT
2026-04-12,16:37:58,maceta2,,,,,,,,,,1,0,0,"Fallo en ambos sensores de humedad de suelo | Sin humedad de suelo valida, no se habilita riego automatico"
2026-04-12,17:38:10,maceta1,35,42,82,77,79,0.4166666666666667,0.0,26.7,47.6,1,0,0,
2026-04-12,17:38:10,maceta2,,,,,,,,,,1,0,0,"Fallo en ambos sensores de humedad de suelo | Sin humedad de suelo valida, no se habilita riego automatico"
2026-04-12,18:38:16,maceta1,35,42,82,77,79,0.4166666666666667,0.4166666666666667,26.6,52.7,1,0,0,
2026-04-12,18:38:16,maceta2,,,,,,,,,,1,0,0,"Fallo en ambos sensores de humedad de suelo | Sin humedad de suelo valida, no se habilita riego automatico"
2026-04-12,19:38:21,maceta1,35,42,82,77,79,0.0,0.0,26.7,48.2,1,0,0,
2026-04-12,19:38:21,maceta2,,,,,,,,,,1,0,0,"Fallo en ambos sensores de humedad de suelo | Sin humedad de suelo valida, no se habilita riego automatico"
2026-04-12,20:38:27,maceta1,35,42,82,77,79,0.0,0.0,26.3,53.0,1,0,0,
2026-04-12,20:38:27,maceta2,,,,,,,,,,1,0,0,"Fallo en ambos sensores de humedad de suelo | Sin humedad de suelo valida, no se habilita riego automatico"
2026-04-12,21:38:33,maceta1,34,42,82,77,79,0.0,2.0833333333333335,26.4,55.5,1,0,0,
2026-04-12,21:38:33,maceta2,,,,,,,,,,1,0,0,"Fallo en ambos sensores de humedad de suelo | Sin humedad de suelo valida, no se habilita riego automatico"
2026-04-12,22:38:38,maceta1,35,42,82,77,79,0.0,2.0833333333333335,26.2,55.3,0,0,0,
2026-04-12,22:38:38,maceta2,,,,,,,,,,0,0,0,"Fallo en ambos sensores de humedad de suelo | Sin humedad de suelo valida, no se habilita riego automatico"
2026-04-12,23:38:44,maceta1,36,85,81,49,65,0.0,,26.4,58.1,0,0,1,Discrepancia alta entre sensores de humedad: 81% vs 49%
2026-04-12,23:38:44,maceta2,,,,,,,,,,0,0,0,"Fallo en ambos sensores de humedad de suelo | Sin humedad de suelo valida, no se habilita riego automatico"
2026-04-13,00:38:54,maceta1,36,43,81,76,78,0.0,,22.4,70.2,0,0,0,
2026-04-13,00:38:54,maceta2,,,,,,,,,,0,0,0,"Fallo en ambos sensores de humedad de suelo | Sin humedad de suelo valida, no se habilita riego automatico"
2026-04-13,01:38:58,maceta1,36,43,81,76,78,0.0,,22.0,76.3,0,0,0,
2026-04-13,01:38:58,maceta2,,,,,,,,,,0,0,0,"Fallo en ambos sensores de humedad de suelo | Sin humedad de suelo valida, no se habilita riego automatico"
2026-04-13,02:39:01,maceta1,128,43,21,76,48,0.0,,21.8,76.2,0,0,1,Discrepancia alta entre sensores de humedad: 21% vs 76%
2026-04-13,02:39:01,maceta2,,,,,,,,,,0,0,0,"Fallo en ambos sensores de humedad de suelo | Sin humedad de suelo valida, no se habilita riego automatico"
2026-04-13,03:39:11,maceta1,36,43,81,76,78,0.0,,21.6,75.7,0,0,0,
2026-04-13,03:39:11,maceta2,,,,,,,,,,0,0,0,"Fallo en ambos sensores de humedad de suelo | Sin humedad de suelo valida, no se habilita riego automatico"
2026-04-13,04:39:15,maceta1,36,43,81,76,78,0.0,,21.3,74.9,0,0,0,
2026-04-13,04:39:15,maceta2,,,,,,,,,,0,0,0,"Fallo en ambos sensores de humedad de suelo | Sin humedad de suelo valida, no se habilita riego automatico"
2026-04-13,05:39:18,maceta1,128,94,21,43,32,0.0,,21.1,75.6,0,0,1,Discrepancia alta entre sensores de humedad: 21% vs 43%
2026-04-13,05:39:18,maceta2,,,,,,,,,,0,0,0,"Fallo en ambos sensores de humedad de suelo | Sin humedad de suelo valida, no se habilita riego automatico"
2026-04-13,06:39:28,maceta1,36,43,81,76,78,0.0,,21.0,77.0,0,0,0,
2026-04-13,06:39:28,maceta2,,,,,,,,,,0,0,0,"Fallo en ambos sensores de humedad de suelo | Sin humedad de suelo valida, no se habilita riego automatico"
2026-04-13,07:39:31,maceta1,36,44,81,76,78,0.0,,20.8,77.3,0,0,0,
2026-04-13,07:39:31,maceta2,,,,,,,,,,0,0,0,"Fallo en ambos sensores de humedad de suelo | Sin humedad de suelo valida, no se habilita riego automatico"
2026-04-13,08:39:36,maceta1,73,44,57,76,66,0.0,,20.7,78.6,0,0,1,Discrepancia alta entre sensores de humedad: 57% vs 76%
2026-04-13,08:39:36,maceta2,,,,,,,,,,0,0,0,"Fallo en ambos sensores de humedad de suelo | Sin humedad de suelo valida, no se habilita riego automatico"
2026-04-13,09:39:46,maceta1,36,44,81,76,78,0.0,,20.9,79.1,0,0,0,
2026-04-13,09:39:46,maceta2,,,,,,,,,,0,0,0,"Fallo en ambos sensores de humedad de suelo | Sin humedad de suelo valida, no se habilita riego automatico"
2026-04-13,10:39:49,maceta1,36,43,81,76,78,1.6666666666666667,,21.1,82.0,1,0,0,
2026-04-13,10:39:49,maceta2,,,,,,,,,,1,0,0,"Fallo en ambos sensores de humedad de suelo | Sin humedad de suelo valida, no se habilita riego automatico"
2026-04-13,11:39:53,maceta1,128,60,21,65,43,3.75,0.0,21.4,91.3,1,0,1,Discrepancia alta entre sensores de humedad: 21% vs 65%
2026-04-13,11:39:53,maceta2,,,,,,,,,,1,0,0,"Fallo en ambos sensores de humedad de suelo | Sin humedad de suelo valida, no se habilita riego automatico"
2026-04-13,12:40:05,maceta1,128,128,21,21,21,0.0,0.0,25.8,60.4,1,0,1,
2026-04-13,12:40:05,maceta2,,,,,,,,,,1,0,0,"Fallo en ambos sensores de humedad de suelo | Sin humedad de suelo valida, no se habilita riego automatico"
2026-04-13,13:40:16,maceta1,35,43,82,76,79,0.0,1.25,26.2,55.4,1,0,0,
2026-04-13,13:40:16,maceta2,,,,,,,,,,1,0,0,"Fallo en ambos sensores de humedad de suelo | Sin humedad de suelo valida, no se habilita riego automatico"
2026-04-13,14:40:22,maceta1,72,43,57,76,66,2.5,0.0,26.6,53.6,1,0,1,Discrepancia alta entre sensores de humedad: 57% vs 76%
2026-04-13,14:40:22,maceta2,,,,,,,,,,1,0,0,"Fallo en ambos sensores de humedad de suelo | Sin humedad de suelo valida, no se habilita riego automatico"
2026-04-13,15:34:29,maceta1,36,44,81,76,78,13.333333333333334,,26.4,52.3,1,0,0,
2026-04-13,15:34:29,maceta2,,,,,,,,,,1,0,0,"Fallo en ambos sensores de humedad de suelo | Sin humedad de suelo valida, no se habilita riego automatico"
2026-04-13,16:34:45,maceta1,251,201,0,0,0,190.83333333333334,,,,1,0,1,Lectura invalida de DHT
2026-04-13,16:34:45,maceta2,,,,,,,,,,1,0,0,"Fallo en ambos sensores de humedad de suelo | Sin humedad de suelo valida, no se habilita riego automatico"
2026-04-13,16:41:26,maceta1,251,250,0,0,0,191.66666666666669,,22.5,79.4,1,0,1,
2026-04-13,16:41:26,maceta2,,,,,,,,,,1,0,0,"Fallo en ambos sensores de humedad de suelo | Sin humedad de suelo valida, no se habilita riego automatico"
2026-04-13,16:44:26,maceta1,251,250,0,0,0,125.41666666666667,,22.6,79.5,1,0,1,
2026-04-13,16:44:26,maceta2,,,,,,,,,,1,0,0,"Fallo en ambos sensores de humedad de suelo | Sin humedad de suelo valida, no se habilita riego automatico"
2026-04-13,16:49:52,maceta1,250,250,0,0,0,127.5,,22.7,79.3,1,0,1,
2026-04-13,16:49:52,maceta2,,,,,,,,,,1,0,0,"Fallo en ambos sensores de humedad de suelo | Sin humedad de suelo valida, no se habilita riego automatico"
2026-04-13,17:00:41,maceta1,128,128,21,21,21,89.16666666666667,,,,1,0,1,Lectura invalida de DHT
2026-04-13,17:00:41,maceta2,,,,,,,,,,1,0,0,"Fallo en ambos sensores de humedad de suelo | Sin humedad de suelo valida, no se habilita riego automatico"
2026-04-13,17:01:16,maceta1,128,128,21,21,21,107.91666666666667,,23.4,74.9,1,0,1,
2026-04-13,17:01:16,maceta2,,,,,,,,,,1,0,0,"Fallo en ambos sensores de humedad de suelo | Sin humedad de suelo valida, no se habilita riego automatico"
2026-04-13,17:02:42,maceta1,250,250,0,0,0,165.0,,23.3,73.8,1,0,1,
2026-04-13,17:36:45,maceta1,128,128,21,21,21,254.58333333333334,,22.2,83.9,1,0,1,
2026-04-13,17:36:45,maceta2,,,,,,,,,,1,0,0,"Fallo en ambos sensores de humedad de suelo | Sin humedad de suelo valida, no se habilita riego automatico"
2026-04-13,18:36:59,maceta1,110,40,32,78,55,0.0,6133.333333333334,21.8,97.7,1,0,1,Discrepancia alta entre sensores de humedad: 32% vs 78%
2026-04-13,18:36:59,maceta2,,,,,,,,,,1,0,0,"Fallo en ambos sensores de humedad de suelo | Sin humedad de suelo valida, no se habilita riego automatico"
2026-04-13,19:37:13,maceta1,128,128,21,21,21,0.0,6024.583333333334,24.5,70.2,1,0,1,
2026-04-13,19:37:13,maceta2,,,,,,,,,,1,0,0,"Fallo en ambos sensores de humedad de suelo | Sin humedad de suelo valida, no se habilita riego automatico"
2026-04-13,20:37:29,maceta1,110,128,32,21,26,0.0,5901.25,,,1,0,1,Lectura invalida de DHT
2026-04-13,20:37:29,maceta2,,,,,,,,,,1,0,0,"Fallo en ambos sensores de humedad de suelo | Sin humedad de suelo valida, no se habilita riego automatico"
2026-04-13,21:37:45,maceta1,128,128,21,21,21,0.0,5860.0,,,1,0,1,Lectura invalida de DHT
2026-04-13,21:37:45,maceta2,,,,,,,,,,1,0,0,"Fallo en ambos sensores de humedad de suelo | Sin humedad de suelo valida, no se habilita riego automatico"
2026-04-13,22:38:00,maceta1,39,43,79,76,77,0.0,6152.5,24.8,62.9,1,0,0,
2026-04-13,22:38:00,maceta2,,,,,,,,,,1,0,0,"Fallo en ambos sensores de humedad de suelo | Sin humedad de suelo valida, no se habilita riego automatico"
2026-04-13,23:38:10,maceta1,128,128,21,21,21,0.0,6207.916666666667,,,1,0,1,Lectura invalida de DHT
2026-04-13,23:38:10,maceta2,,,,,,,,,,1,0,0,"Fallo en ambos sensores de humedad de suelo | Sin humedad de suelo valida, no se habilita riego automatico"
2026-04-14,00:38:26,maceta1,128,128,21,21,21,0.0,5884.166666666667,,,1,0,1,Lectura invalida de DHT
2026-04-14,00:38:26,maceta2,,,,,,,,,,1,0,0,"Fallo en ambos sensores de humedad de suelo | Sin humedad de suelo valida, no se habilita riego automatico"
2026-04-14,01:38:42,maceta1,40,61,78,65,71,0.0,6100.833333333334,24.4,62.7,1,0,0,
2026-04-14,01:38:42,maceta2,,,,,,,,,,1,0,0,"Fallo en ambos sensores de humedad de suelo | Sin humedad de suelo valida, no se habilita riego automatico"
2026-04-14,02:38:51,maceta1,128,128,21,21,21,0.0,6060.416666666667,,,1,0,1,Lectura invalida de DHT
2026-04-14,02:38:51,maceta2,,,,,,,,,,1,0,0,"Fallo en ambos sensores de humedad de suelo | Sin humedad de suelo valida, no se habilita riego automatico"
2026-04-14,03:39:07,maceta1,93,128,44,21,32,0.0,6084.166666666667,24.2,63.9,1,0,1,Discrepancia alta entre sensores de humedad: 44% vs 21%
2026-04-14,03:39:07,maceta2,,,,,,,,,,1,0,0,"Fallo en ambos sensores de humedad de suelo | Sin humedad de suelo valida, no se habilita riego automatico"
2026-04-14,04:39:23,maceta1,110,95,32,42,37,0.0,6001.666666666667,24.2,65.0,1,0,1,
2026-04-14,04:39:23,maceta2,,,,,,,,,,1,0,0,"Fallo en ambos sensores de humedad de suelo | Sin humedad de suelo valida, no se habilita riego automatico"
2026-04-14,05:39:38,maceta1,40,45,78,75,76,0.0,5994.166666666667,,,1,0,0,Lectura invalida de DHT
2026-04-14,05:39:38,maceta2,,,,,,,,,,1,0,0,"Fallo en ambos sensores de humedad de suelo | Sin humedad de suelo valida, no se habilita riego automatico"
2026-04-14,06:39:48,maceta1,128,128,21,21,21,0.0,6263.333333333334,,,0,0,1,Lectura invalida de DHT
2026-04-14,06:39:48,maceta2,,,,,,,,,,0,0,0,"Fallo en ambos sensores de humedad de suelo | Sin humedad de suelo valida, no se habilita riego automatico"
2026-04-14,07:40:04,maceta1,128,128,21,21,21,2.0833333333333335,,24.3,66.2,0,0,1,
2026-04-14,07:40:04,maceta2,,,,,,,,,,0,0,0,"Fallo en ambos sensores de humedad de suelo | Sin humedad de suelo valida, no se habilita riego automatico"
2026-04-14,08:40:16,maceta1,41,46,78,75,76,16.25,,21.1,82.2,0,0,0,
2026-04-14,08:40:16,maceta2,,,,,,,,,,0,0,0,"Fallo en ambos sensores de humedad de suelo | Sin humedad de suelo valida, no se habilita riego automatico"
2026-04-14,09:40:23,maceta1,41,,78,,78,22.083333333333336,,20.9,87.3,0,0,0,"Fallo sensor de humedad 2, se usa sensor 1"
2026-04-14,09:40:23,maceta2,,,,,,,,,,0,0,0,"Fallo en ambos sensores de humedad de suelo | Sin humedad de suelo valida, no se habilita riego automatico"
2026-04-14,10:40:29,maceta1,41,46,78,75,76,43.75,,20.8,85.4,0,0,0,
2026-04-14,10:40:29,maceta2,,,,,,,,,,0,0,0,"Fallo en ambos sensores de humedad de suelo | Sin humedad de suelo valida, no se habilita riego automatico"
2026-04-14,11:40:36,maceta1,41,46,78,75,76,96.66666666666667,,20.9,84.1,0,0,0,
2026-04-14,11:40:36,maceta2,,,,,,,,,,0,0,0,"Fallo en ambos sensores de humedad de suelo | Sin humedad de suelo valida, no se habilita riego automatico"
2026-04-14,12:40:43,maceta1,41,111,78,32,55,177.91666666666669,,,,0,0,1,Discrepancia alta entre sensores de humedad: 78% vs 32% | Lectura invalida de DHT
2026-04-14,12:40:43,maceta2,,,,,,,,,,0,0,0,"Fallo en ambos sensores de humedad de suelo | Sin humedad de suelo valida, no se habilita riego automatico"
2026-04-14,13:40:55,maceta1,42,46,77,75,76,33.333333333333336,,21.3,91.1,0,0,0,
2026-04-14,13:40:55,maceta2,,,,,,,,,,0,0,0,"Fallo en ambos sensores de humedad de suelo | Sin humedad de suelo valida, no se habilita riego automatico"
2026-04-14,14:41:02,maceta1,42,46,77,75,76,101.25,,21.6,94.3,0,0,0,
2026-04-14,14:41:02,maceta2,,,,,,,,,,0,0,0,"Fallo en ambos sensores de humedad de suelo | Sin humedad de suelo valida, no se habilita riego automatico"
2026-04-14,15:41:08,maceta1,42,46,77,75,76,47.5,,21.6,85.1,0,0,0,
2026-04-14,15:41:08,maceta2,,,,,,,,,,0,0,0,"Fallo en ambos sensores de humedad de suelo | Sin humedad de suelo valida, no se habilita riego automatico"
2026-04-14,16:41:15,maceta1,42,46,77,75,76,380.0,,21.6,82.5,0,0,0,
2026-04-14,16:41:15,maceta2,,,,,,,,,,0,0,0,"Fallo en ambos sensores de humedad de suelo | Sin humedad de suelo valida, no se habilita riego automatico"
2026-04-15,16:58:36,maceta1,41,46,78,75,76,392.9166666666667,,22.2,71.2,0,0,0,
2026-04-15,16:58:36,maceta2,,,,,,,,,,0,0,0,"Fallo en ambos sensores de humedad de suelo | Sin humedad de suelo valida, no se habilita riego automatico"
2026-04-15,16:59:37,maceta1,130,250,19,0,9,392.5,,22.2,81.6,0,0,1,
2026-04-15,16:59:37,maceta2,,,,,,,,,,0,0,0,"Fallo en ambos sensores de humedad de suelo | Sin humedad de suelo valida, no se habilita riego automatico"
2026-04-15,17:02:34,maceta1,120,250,26,0,13,394.58333333333337,,,,1,0,1,Lectura invalida de DHT
2026-04-15,17:02:34,maceta2,,,,,,,,,,1,0,0,"Fallo en ambos sensores de humedad de suelo | Sin humedad de suelo valida, no se habilita riego automatico"
2026-04-15,17:03:06,maceta1,122,250,25,0,12,395.0,,22.2,77.5,1,0,1,
2026-04-15,17:03:06,maceta2,,,,,,,,,,1,0,0,"Fallo en ambos sensores de humedad de suelo | Sin humedad de suelo valida, no se habilita riego automatico"
2026-04-15,17:03:39,maceta1,124,251,23,0,11,396.6666666666667,,22.3,83.0,1,0,1,
2026-04-15,17:03:39,maceta2,,,,,,,,,,1,0,0,"Fallo en ambos sensores de humedad de suelo | Sin humedad de suelo valida, no se habilita riego automatico"
2026-04-15,17:06:36,maceta1,127,250,21,0,10,392.5,,22.4,80.0,1,0,1,
2026-04-15,17:06:36,maceta2,,,,,,,,,,1,0,0,"Fallo en ambos sensores de humedad de suelo | Sin humedad de suelo valida, no se habilita riego automatico"
2026-04-15,17:08:03,maceta1,130,250,19,0,9,389.58333333333337,,22.4,83.9,1,0,1,
2026-04-15,17:08:03,maceta2,,,,,,,,,,1,0,0,"Fallo en ambos sensores de humedad de suelo | Sin humedad de suelo valida, no se habilita riego automatico"
2026-04-15,17:08:25,maceta1,132,250,18,0,9,383.75,,22.4,68.9,1,0,1,
2026-04-15,17:08:25,maceta2,,,,,,,,,,1,0,0,"Fallo en ambos sensores de humedad de suelo | Sin humedad de suelo valida, no se habilita riego automatico"
2026-04-15,17:09:03,maceta1,132,250,18,0,9,390.0,,22.5,78.3,1,0,1,
2026-04-15,17:09:03,maceta2,,,,,,,,,,1,0,0,"Fallo en ambos sensores de humedad de suelo | Sin humedad de suelo valida, no se habilita riego automatico"
2026-04-15,17:08:13,maceta1,134,225,17,0,8,391.25,,22.6,68.4,1,0,1,
2026-04-15,17:08:13,maceta2,,,,,,,,,,1,0,0,"Fallo en ambos sensores de humedad de suelo | Sin humedad de suelo valida, no se habilita riego automatico"
2026-04-15,17:08:40,maceta1,135,250,16,0,8,389.58333333333337,,22.6,68.3,1,0,1,
2026-04-15,17:08:40,maceta2,,,,,,,,,,1,0,0,"Fallo en ambos sensores de humedad de suelo | Sin humedad de suelo valida, no se habilita riego automatico"
2026-04-15,17:09:13,maceta1,128,128,21,21,21,391.25,,,,1,0,1,Lectura invalida de DHT
2026-04-15,17:09:13,maceta2,,,,,,,,,,1,0,0,"Fallo en ambos sensores de humedad de suelo | Sin humedad de suelo valida, no se habilita riego automatico"
2026-04-15,17:09:39,maceta1,136,225,15,0,7,391.25,,,,1,0,1,Lectura invalida de DHT
2026-04-15,17:09:39,maceta2,,,,,,,,,,1,0,0,"Fallo en ambos sensores de humedad de suelo | Sin humedad de suelo valida, no se habilita riego automatico"
2026-04-15,17:10:09,maceta1,136,225,15,0,7,391.25,,22.8,79.0,1,0,1,
2026-04-15,17:10:09,maceta2,,,,,,,,,,1,0,0,"Fallo en ambos sensores de humedad de suelo | Sin humedad de suelo valida, no se habilita riego automatico"
2026-04-15,17:10:57,maceta1,128,128,21,21,21,391.25,,,,1,0,1,Lectura invalida de DHT
2026-04-15,17:10:57,maceta2,,,,,,,,,,1,0,0,"Fallo en ambos sensores de humedad de suelo | Sin humedad de suelo valida, no se habilita riego automatico"
2026-04-15,17:12:02,maceta1,128,128,21,21,21,389.58333333333337,,22.9,68.1,1,0,1,
2026-04-15,17:12:02,maceta2,,,,,,,,,,1,0,0,"Fallo en ambos sensores de humedad de suelo | Sin humedad de suelo valida, no se habilita riego automatico"
2026-04-15,17:12:51,maceta1,128,128,21,21,21,390.0,,23.1,69.6,1,0,1,
2026-04-15,17:12:51,maceta2,,,,,,,,,,1,0,0,"Fallo en ambos sensores de humedad de suelo | Sin humedad de suelo valida, no se habilita riego automatico"
2026-04-15,17:20:32,maceta1,128,128,21,21,21,400.83333333333337,,23.2,64.4,1,0,1,
2026-04-15,17:20:32,maceta2,,,,,,,,,,1,0,0,"Fallo en ambos sensores de humedad de suelo | Sin humedad de suelo valida, no se habilita riego automatico"
2026-04-15,17:21:09,maceta1,142,,11,,11,400.83333333333337,,23.3,68.6,1,0,1,"Fallo sensor de humedad 2, se usa sensor 1"
2026-04-15,17:21:09,maceta2,,,,,,,,,,1,0,0,"Fallo en ambos sensores de humedad de suelo | Sin humedad de suelo valida, no se habilita riego automatico"
2026-04-15,17:26:04,maceta1,141,250,12,0,6,393.75,,23.3,67.8,1,0,1,
2026-04-15,17:26:04,maceta2,,,,,,,,,,1,0,0,"Fallo en ambos sensores de humedad de suelo | Sin humedad de suelo valida, no se habilita riego automatico"
2026-04-15,17:45:46,maceta1,141,250,12,0,6,380.4166666666667,,22.5,74.7,1,0,1,
2026-04-15,17:45:46,maceta2,,,,,,,,,,1,0,0,"Fallo en ambos sensores de humedad de suelo | Sin humedad de suelo valida, no se habilita riego automatico"
2026-04-15,17:46:25,maceta1,142,250,11,0,5,378.33333333333337,,22.5,71.4,1,0,1,
2026-04-15,17:46:25,maceta2,,,,,,,,,,1,0,0,"Fallo en ambos sensores de humedad de suelo | Sin humedad de suelo valida, no se habilita riego automatico"
2026-04-15,17:54:25,maceta1,142,250,11,0,5,379.58333333333337,,23.0,66.7,1,0,1,
2026-04-15,17:54:25,maceta2,,,,,,,,,,1,0,0,"Fallo en ambos sensores de humedad de suelo | Sin humedad de suelo valida, no se habilita riego automatico"
2026-04-15,18:26:56,maceta1,142,250,11,0,5,350.0,,23.0,67.5,1,0,1,
2026-04-15,18:26:56,maceta2,,,,,,,,,,1,0,0,"Fallo en ambos sensores de humedad de suelo | Sin humedad de suelo valida, no se habilita riego automatico"
2026-04-15,19:27:11,maceta1,250,227,0,0,0,0.0,0.8333333333333334,22.3,72.9,1,0,1,
2026-04-15,19:27:11,maceta2,,,,,,,,,,1,0,0,"Fallo en ambos sensores de humedad de suelo | Sin humedad de suelo valida, no se habilita riego automatico"
2026-04-15,20:27:25,maceta1,128,128,21,21,21,0.0,0.8333333333333334,,,1,0,1,Lectura invalida de DHT
2026-04-15,20:27:25,maceta2,,,,,,,,,,1,0,0,"Fallo en ambos sensores de humedad de suelo | Sin humedad de suelo valida, no se habilita riego automatico"
2026-04-15,21:27:41,maceta1,128,128,21,21,21,0.0,0.8333333333333334,22.1,71.8,1,0,1,
2026-04-15,21:27:41,maceta2,,,,,,,,,,1,0,0,"Fallo en ambos sensores de humedad de suelo | Sin humedad de suelo valida, no se habilita riego automatico"
2026-04-15,22:27:56,maceta1,128,128,21,21,21,0.0,0.8333333333333334,22.0,74.6,1,0,1,
2026-04-15,22:27:56,maceta2,,,,,,,,,,1,0,0,"Fallo en ambos sensores de humedad de suelo | Sin humedad de suelo valida, no se habilita riego automatico"
2026-04-15,23:28:12,maceta1,152,128,5,21,13,0.0,0.8333333333333334,21.9,74.4,1,0,1,
2026-04-15,23:28:12,maceta2,,,,,,,,,,1,0,0,"Fallo en ambos sensores de humedad de suelo | Sin humedad de suelo valida, no se habilita riego automatico"
2026-04-16,00:28:28,maceta1,250,250,0,0,0,0.0,0.8333333333333334,,,1,0,1,Lectura invalida de DHT
2026-04-16,00:28:28,maceta2,,,,,,,,,,1,0,0,"Fallo en ambos sensores de humedad de suelo | Sin humedad de suelo valida, no se habilita riego automatico"
2026-04-16,01:28:44,maceta1,250,250,0,0,0,0.0,0.8333333333333334,21.7,74.0,1,0,1,
2026-04-16,01:28:44,maceta2,,,,,,,,,,1,0,0,"Fallo en ambos sensores de humedad de suelo | Sin humedad de suelo valida, no se habilita riego automatico"
2026-04-16,02:28:59,maceta1,250,250,0,0,0,0.0,0.8333333333333334,21.4,73.8,1,0,1,
2026-04-16,02:28:59,maceta2,,,,,,,,,,1,0,0,"Fallo en ambos sensores de humedad de suelo | Sin humedad de suelo valida, no se habilita riego automatico"
2026-04-16,03:29:15,maceta1,128,128,21,21,21,0.0,0.8333333333333334,21.0,73.0,1,0,1,
2026-04-16,03:29:15,maceta2,,,,,,,,,,1,0,0,"Fallo en ambos sensores de humedad de suelo | Sin humedad de suelo valida, no se habilita riego automatico"
2026-04-16,04:29:31,maceta1,128,128,21,21,21,0.0,0.8333333333333334,20.8,72.3,1,0,1,
2026-04-16,04:29:31,maceta2,,,,,,,,,,1,0,0,"Fallo en ambos sensores de humedad de suelo | Sin humedad de suelo valida, no se habilita riego automatico"
2026-04-16,05:29:47,maceta1,128,128,21,21,21,0.0,1.25,,,1,0,1,Lectura invalida de DHT
2026-04-16,05:29:47,maceta2,,,,,,,,,,1,0,0,"Fallo en ambos sensores de humedad de suelo | Sin humedad de suelo valida, no se habilita riego automatico"
2026-04-16,06:30:02,maceta1,128,128,21,21,21,0.0,0.8333333333333334,20.5,72.7,0,0,1,
2026-04-16,06:30:02,maceta2,,,,,,,,,,0,0,0,"Fallo en ambos sensores de humedad de suelo | Sin humedad de suelo valida, no se habilita riego automatico"
2026-04-16,07:30:18,maceta1,250,250,0,0,0,4.166666666666667,,,,0,0,1,Lectura invalida de DHT
2026-04-16,07:30:18,maceta2,,,,,,,,,,0,0,0,"Fallo en ambos sensores de humedad de suelo | Sin humedad de suelo valida, no se habilita riego automatico"
2026-04-16,08:30:31,maceta1,177,251,0,0,0,29.166666666666668,,20.1,73.3,0,0,1,
2026-04-16,08:30:31,maceta2,,,,,,,,,,0,0,0,"Fallo en ambos sensores de humedad de suelo | Sin humedad de suelo valida, no se habilita riego automatico"
2026-04-16,09:30:43,maceta1,128,128,21,21,21,47.5,,,,0,0,1,Lectura invalida de DHT
2026-04-16,09:30:43,maceta2,,,,,,,,,,0,0,0,"Fallo en ambos sensores de humedad de suelo | Sin humedad de suelo valida, no se habilita riego automatico"
2026-04-16,10:30:56,maceta1,250,250,0,0,0,59.16666666666667,,20.7,70.8,0,0,1,
2026-04-16,10:30:56,maceta2,,,,,,,,,,0,0,0,"Fallo en ambos sensores de humedad de suelo | Sin humedad de suelo valida, no se habilita riego automatico"
2026-04-16,11:31:09,maceta1,128,128,21,21,21,80.41666666666667,,,,0,0,1,Lectura invalida de DHT
2026-04-16,11:31:09,maceta2,,,,,,,,,,0,0,0,"Fallo en ambos sensores de humedad de suelo | Sin humedad de suelo valida, no se habilita riego automatico"
2026-04-16,12:31:21,maceta1,250,250,0,0,0,90.83333333333334,,21.7,69.1,0,0,1,
2026-04-16,12:31:21,maceta2,,,,,,,,,,0,0,0,"Fallo en ambos sensores de humedad de suelo | Sin humedad de suelo valida, no se habilita riego automatico"
2026-04-16,13:31:34,maceta1,152,250,5,0,2,117.08333333333334,,22.2,66.1,0,0,1,
2026-04-16,13:31:34,maceta2,,,,,,,,,,0,0,0,"Fallo en ambos sensores de humedad de suelo | Sin humedad de suelo valida, no se habilita riego automatico"
2026-04-16,14:31:47,maceta1,128,128,21,21,21,62.5,,22.8,64.7,0,0,1,
2026-04-16,14:31:47,maceta2,,,,,,,,,,0,0,0,"Fallo en ambos sensores de humedad de suelo | Sin humedad de suelo valida, no se habilita riego automatico"
2026-04-16,17:39:35,maceta1,249,250,0,0,0,135.41666666666669,,,,0,0,1,Lectura invalida de DHT
2026-04-16,17:39:35,maceta2,,,,,,,,,,0,0,0,"Fallo en ambos sensores de humedad de suelo | Sin humedad de suelo valida, no se habilita riego automatico"
2026-04-16,17:47:48,maceta1,250,250,0,0,0,266.6666666666667,,23.4,60.3,0,0,1,
2026-04-16,17:47:48,maceta2,,,,,,,,,,0,0,0,"Fallo en ambos sensores de humedad de suelo | Sin humedad de suelo valida, no se habilita riego automatico"
2026-04-16,17:48:26,maceta1,128,128,21,21,21,268.33333333333337,,23.5,56.4,0,0,1,
2026-04-16,17:48:26,maceta2,,,,,,,,,,0,0,0,"Fallo en ambos sensores de humedad de suelo | Sin humedad de suelo valida, no se habilita riego automatico"
2026-04-16,17:49:53,maceta1,250,250,0,0,0,272.08333333333337,,23.5,57.5,0,0,1,
2026-04-16,17:49:53,maceta2,,,,,,,,,,0,0,0,"Fallo en ambos sensores de humedad de suelo | Sin humedad de suelo valida, no se habilita riego automatico"
2026-04-16,18:11:53,maceta1,128,128,21,21,21,375.83333333333337,,,,1,0,1,Lectura invalida de DHT
2026-04-16,18:11:53,maceta2,,,,,,,,,,1,0,0,"Fallo en ambos sensores de humedad de suelo | Sin humedad de suelo valida, no se habilita riego automatico"
2026-04-16,19:12:18,maceta1,251,250,0,0,0,0.8333333333333334,1.6666666666666667,23.4,58.9,1,0,1,
2026-04-16,19:12:18,maceta2,,,,,,,,,,1,0,0,"Fallo en ambos sensores de humedad de suelo | Sin humedad de suelo valida, no se habilita riego automatico"
2026-04-16,20:12:42,maceta1,128,128,21,21,21,0.8333333333333334,1.6666666666666667,23.9,60.5,1,0,1,
2026-04-16,20:12:42,maceta2,,,,,,,,,,1,0,0,"Fallo en ambos sensores de humedad de suelo | Sin humedad de suelo valida, no se habilita riego automatico"
2026-04-16,21:12:54,maceta1,250,250,0,0,0,0.8333333333333334,1.6666666666666667,23.6,61.6,1,0,1,
2026-04-16,21:12:54,maceta2,,,,,,,,,,1,0,0,"Fallo en ambos sensores de humedad de suelo | Sin humedad de suelo valida, no se habilita riego automatico"
2026-04-16,22:13:05,maceta1,128,128,21,21,21,0.4166666666666667,1.6666666666666667,23.5,65.1,1,0,1,
2026-04-16,22:13:05,maceta2,,,,,,,,,,1,0,0,"Fallo en ambos sensores de humedad de suelo | Sin humedad de suelo valida, no se habilita riego automatico"
2026-04-16,23:13:17,maceta1,250,250,0,0,0,0.8333333333333334,1.6666666666666667,23.6,64.8,1,0,1,
2026-04-16,23:13:17,maceta2,,,,,,,,,,1,0,0,"Fallo en ambos sensores de humedad de suelo | Sin humedad de suelo valida, no se habilita riego automatico"
2026-04-17,00:13:29,maceta1,128,128,21,21,21,0.8333333333333334,1.6666666666666667,23.3,64.3,1,0,1,
2026-04-17,00:13:29,maceta2,,,,,,,,,,1,0,0,"Fallo en ambos sensores de humedad de suelo | Sin humedad de suelo valida, no se habilita riego automatico"
2026-04-17,01:13:40,maceta1,250,128,0,21,10,0.8333333333333334,1.6666666666666667,,,1,0,1,Lectura invalida de DHT
2026-04-17,01:13:40,maceta2,,,,,,,,,,1,0,0,"Fallo en ambos sensores de humedad de suelo | Sin humedad de suelo valida, no se habilita riego automatico"
2026-04-17,02:13:52,maceta1,128,128,21,21,21,0.8333333333333334,1.6666666666666667,22.3,66.7,1,0,1,
2026-04-17,02:13:52,maceta2,,,,,,,,,,1,0,0,"Fallo en ambos sensores de humedad de suelo | Sin humedad de suelo valida, no se habilita riego automatico"
2026-04-17,03:14:04,maceta1,152,128,5,21,13,0.8333333333333334,1.6666666666666667,,,1,0,1,Lectura invalida de DHT
2026-04-17,03:14:04,maceta2,,,,,,,,,,1,0,0,"Fallo en ambos sensores de humedad de suelo | Sin humedad de suelo valida, no se habilita riego automatico"
2026-04-17,04:14:15,maceta1,128,201,21,0,10,0.8333333333333334,1.6666666666666667,21.8,67.3,1,0,1,
2026-04-17,04:14:15,maceta2,,,,,,,,,,1,0,0,"Fallo en ambos sensores de humedad de suelo | Sin humedad de suelo valida, no se habilita riego automatico"
2026-04-17,05:14:27,maceta1,128,128,21,21,21,0.8333333333333334,1.6666666666666667,21.5,67.6,1,0,1,
2026-04-17,05:14:27,maceta2,,,,,,,,,,1,0,0,"Fallo en ambos sensores de humedad de suelo | Sin humedad de suelo valida, no se habilita riego automatico"
2026-04-17,06:14:39,maceta1,250,250,0,0,0,0.8333333333333334,1.6666666666666667,21.2,67.9,0,0,1,
2026-04-17,06:14:39,maceta2,,,,,,,,,,0,0,0,"Fallo en ambos sensores de humedad de suelo | Sin humedad de suelo valida, no se habilita riego automatico"
2026-04-17,07:14:50,maceta1,128,128,21,21,21,0.0,,20.9,68.1,0,0,1,
2026-04-17,07:14:50,maceta2,,,,,,,,,,0,0,0,"Fallo en ambos sensores de humedad de suelo | Sin humedad de suelo valida, no se habilita riego automatico"
2026-04-17,08:15:00,maceta1,128,128,21,21,21,4.583333333333334,,,,0,0,1,Lectura invalida de DHT
2026-04-17,08:15:00,maceta2,,,,,,,,,,0,0,0,"Fallo en ambos sensores de humedad de suelo | Sin humedad de suelo valida, no se habilita riego automatico"
2026-04-17,09:15:10,maceta1,250,250,0,0,0,10.0,,20.5,69.4,0,0,1,
2026-04-17,09:15:10,maceta2,,,,,,,,,,0,0,0,"Fallo en ambos sensores de humedad de suelo | Sin humedad de suelo valida, no se habilita riego automatico"
2026-04-17,10:15:20,maceta1,128,128,21,21,21,16.25,,20.7,69.5,0,0,1,
2026-04-17,10:15:20,maceta2,,,,,,,,,,0,0,0,"Fallo en ambos sensores de humedad de suelo | Sin humedad de suelo valida, no se habilita riego automatico"
2026-04-17,11:15:29,maceta1,128,128,21,21,21,28.333333333333336,,21.1,70.4,0,0,1,
2026-04-17,11:15:29,maceta2,,,,,,,,,,0,0,0,"Fallo en ambos sensores de humedad de suelo | Sin humedad de suelo valida, no se habilita riego automatico"
2026-04-17,12:15:39,maceta1,250,250,0,0,0,44.16666666666667,,21.7,71.5,0,0,1,
2026-04-17,12:15:39,maceta2,,,,,,,,,,0,0,0,"Fallo en ambos sensores de humedad de suelo | Sin humedad de suelo valida, no se habilita riego automatico"
2026-04-17,13:15:50,maceta1,128,128,21,21,21,50.0,,,,0,0,1,Lectura invalida de DHT
2026-04-17,13:15:50,maceta2,,,,,,,,,,0,0,0,"Fallo en ambos sensores de humedad de suelo | Sin humedad de suelo valida, no se habilita riego automatico"
2026-04-17,14:16:21,maceta1,128,128,21,21,21,64.58333333333334,,22.9,71.2,0,0,1,
2026-04-17,14:16:21,maceta2,,,,,,,,,,0,0,0,"Fallo en ambos sensores de humedad de suelo | Sin humedad de suelo valida, no se habilita riego automatico"
2026-04-17,15:16:34,maceta1,128,128,21,21,21,45.833333333333336,,23.6,67.7,0,0,1,
2026-04-17,15:16:34,maceta2,,,,,,,,,,0,0,0,"Fallo en ambos sensores de humedad de suelo | Sin humedad de suelo valida, no se habilita riego automatico"
2026-04-17,16:06:04,maceta1,250,128,0,21,10,183.33333333333334,,,,0,0,1,Lectura invalida de DHT
2026-04-17,16:06:04,maceta2,,,,,,,,,,0,0,0,"Fallo en ambos sensores de humedad de suelo | Sin humedad de suelo valida, no se habilita riego automatico"
2026-04-17,16:06:53,maceta1,250,250,0,0,0,180.83333333333334,,24.5,63.9,0,0,1,
2026-04-17,16:06:53,maceta2,,,,,,,,,,0,0,0,"Fallo en ambos sensores de humedad de suelo | Sin humedad de suelo valida, no se habilita riego automatico"
2026-04-17,16:10:48,maceta1,250,250,0,0,0,167.5,,24.5,63.4,0,0,1,
2026-04-17,16:10:48,maceta2,,,,,,,,,,0,0,0,"Fallo en ambos sensores de humedad de suelo | Sin humedad de suelo valida, no se habilita riego automatico"
2026-04-17,16:10:50,maceta1,250,250,0,0,0,162.5,,24.5,63.0,0,0,1,
2026-04-17,16:10:50,maceta2,,,,,,,,,,0,0,0,"Fallo en ambos sensores de humedad de suelo | Sin humedad de suelo valida, no se habilita riego automatico"
2026-04-17,17:37:05,maceta1,23,249,90,0,45,182.08333333333334,,24.6,74.3,0,0,1,Discrepancia alta entre sensores de humedad: 90% vs 0%
2026-04-17,17:37:05,maceta2,,,,,,,,,,0,0,0,"Fallo en ambos sensores de humedad de suelo | Sin humedad de suelo valida, no se habilita riego automatico"
2026-04-17,17:41:26,maceta1,152,128,5,21,13,214.58333333333334,,24.9,73.9,0,0,1,
2026-04-17,17:41:26,maceta2,108,255,34,0,17,,,,,0,0,1,
2026-04-17,17:43:10,maceta1,128,128,21,21,21,216.25,,25.0,75.2,0,0,1,
2026-04-17,17:43:10,maceta2,109,255,33,0,16,,,,,0,0,1,
2026-04-17,18:16:59,maceta1,128,128,21,21,21,210.0,,25.0,72.6,1,0,0,
2026-04-17,18:16:59,maceta2,111,255,32,0,16,,,,,1,0,1,
2026-04-17,18:25:41,maceta1,63,249,63,0,31,206.66666666666669,,24.8,76.0,0,0,1,Discrepancia alta entre sensores de humedad: 63% vs 0%
2026-04-17,18:25:41,maceta2,107,255,34,0,17,,,,,0,0,0,
2026-04-17,18:26:09,maceta1,0,250,100,0,50,199.58333333333334,,24.8,75.5,0,0,1,Discrepancia alta entre sensores de humedad: 100% vs 0%
2026-04-17,18:26:09,maceta2,106,255,35,0,17,,,,,0,0,0,
2026-04-17,18:28:31,maceta1,0,250,100,0,50,192.5,,24.8,79.5,0,0,1,Discrepancia alta entre sensores de humedad: 100% vs 0%
2026-04-17,18:28:31,maceta2,109,255,33,0,16,,,,,0,0,0,
2026-04-17,18:30:06,maceta1,12,152,97,5,51,182.08333333333334,,24.8,78.6,0,0,1,Discrepancia alta entre sensores de humedad: 97% vs 5%
2026-04-17,18:30:06,maceta2,110,255,32,0,16,,,,,0,0,0,
2026-04-17,18:46:57,maceta1,251,251,0,0,0,168.75,,24.7,77.4,1,0,0,
2026-04-17,18:46:57,maceta2,112,255,31,0,15,,,,,1,0,1,
2026-04-17,19:47:29,maceta1,251,251,0,0,0,0.0,2.5,,,1,0,0,Lectura invalida de DHT
2026-04-17,19:47:29,maceta2,114,255,30,0,15,,,,,1,0,1,
2026-04-17,20:48:02,maceta1,128,128,21,21,21,0.0,1.6666666666666667,24.9,74.2,1,0,0,
2026-04-17,20:48:02,maceta2,114,255,30,0,15,,,,,1,0,1,
2026-04-17,21:48:37,maceta1,251,250,0,0,0,0.0,2.0833333333333335,24.8,73.2,1,0,0,
2026-04-17,21:48:37,maceta2,115,255,29,0,14,,,,,1,0,1,
2026-04-17,22:49:11,maceta1,128,128,21,21,21,0.0,1.6666666666666667,,,1,0,0,Lectura invalida de DHT
2026-04-17,22:49:11,maceta2,115,255,29,0,14,,,,,1,0,1,
2026-04-17,23:49:45,maceta1,251,251,0,0,0,0.0,2.0833333333333335,24.7,71.7,1,0,0,
2026-04-17,23:49:45,maceta2,114,255,30,0,15,,,,,1,0,1,
2026-04-18,00:50:19,maceta1,128,128,21,21,21,0.0,1.6666666666666667,24.6,69.9,1,0,0,
2026-04-18,00:50:19,maceta2,114,255,30,0,15,,,,,1,0,1,
2026-04-18,01:50:53,maceta1,226,251,0,0,0,0.0,1.6666666666666667,24.6,68.3,1,0,0,
2026-04-18,01:50:53,maceta2,113,255,30,0,15,,,,,1,0,1,
2026-04-18,02:51:27,maceta1,128,128,21,21,21,0.0,2.0833333333333335,,,1,0,0,Lectura invalida de DHT
2026-04-18,02:51:27,maceta2,113,255,30,0,15,,,,,1,0,1,
2026-04-18,03:52:02,maceta1,128,128,21,21,21,0.0,2.0833333333333335,,,1,0,0,Lectura invalida de DHT
2026-04-18,03:52:02,maceta2,112,255,31,0,15,,,,,1,0,1,
2026-04-18,04:52:36,maceta1,251,251,0,0,0,0.0,2.0833333333333335,,,1,0,0,Lectura invalida de DHT
2026-04-18,04:52:36,maceta2,112,255,31,0,15,,,,,1,0,1,
2026-04-18,05:53:10,maceta1,128,128,21,21,21,0.0,2.0833333333333335,24.3,66.1,1,0,0,
2026-04-18,05:53:10,maceta2,112,255,31,0,15,,,,,1,0,1,
2026-04-18,06:53:44,maceta1,251,251,0,0,0,0.8333333333333334,2.916666666666667,24.2,66.1,0,0,0,
2026-04-18,06:53:44,maceta2,111,255,32,0,16,,,,,0,0,1,
2026-04-18,07:54:18,maceta1,128,128,21,21,21,4.166666666666667,,,,0,0,0,Lectura invalida de DHT
2026-04-18,07:54:18,maceta2,111,255,32,0,16,,,,,0,0,1,
2026-04-18,08:54:49,maceta1,226,251,0,0,0,7.5,,23.5,69.4,0,0,0,
2026-04-18,08:54:49,maceta2,111,255,32,0,16,,,,,0,0,1,
2026-04-18,09:55:20,maceta1,251,251,0,0,0,12.5,,23.5,69.6,0,0,0,
2026-04-18,09:55:20,maceta2,111,255,32,0,16,,,,,0,0,1,
2026-04-18,10:55:52,maceta1,251,226,0,0,0,26.25,,23.5,70.2,0,0,0,
2026-04-18,10:55:52,maceta2,110,255,32,0,16,,,,,0,0,1,
2026-04-18,11:56:23,maceta1,128,128,21,21,21,58.75,,23.6,71.0,0,0,0,
2026-04-18,11:56:23,maceta2,255,255,0,0,0,,,,,0,0,1,
2026-04-18,12:56:54,maceta1,128,128,21,21,21,26.666666666666668,,,,0,0,0,Lectura invalida de DHT
2026-04-18,12:56:54,maceta2,114,112,30,31,30,,,,,0,0,1,
2026-04-18,13:57:25,maceta1,34,30,82,85,83,37.5,,24.1,86.0,0,0,0,
2026-04-18,13:57:25,maceta2,115,115,29,29,29,,,,,0,0,1,
2026-04-18,14:57:56,maceta1,35,31,82,84,83,36.25,,24.2,90.3,0,0,0,
2026-04-18,14:57:56,maceta2,115,115,29,29,29,,,,,0,0,1,
2026-04-18,15:58:27,maceta1,35,69,82,59,70,10.833333333333334,,24.4,86.0,0,0,0,
2026-04-18,15:58:27,maceta2,114,115,30,29,29,,,,,0,0,1,
2026-04-18,16:58:58,maceta1,128,128,21,21,21,2.5,,24.3,84.0,0,0,0,
2026-04-18,16:58:58,maceta2,114,115,30,29,29,,,,,0,0,1,
2026-04-18,17:59:29,maceta1,128,128,21,21,21,0.0,,24.3,89.7,0,0,0,
2026-04-18,17:59:29,maceta2,112,115,31,29,30,,,,,0,0,1,
2026-04-18,19:00:00,maceta1,36,31,81,84,82,0.0,,24.2,87.0,1,0,0,
2026-04-18,19:00:00,maceta2,113,115,30,29,29,,,,,1,0,1,
2026-04-18,20:00:32,maceta1,37,33,80,83,81,0.0,1754.5833333333335,24.1,90.7,1,0,0,
2026-04-18,20:00:32,maceta2,113,115,30,29,29,,,,,1,0,1,
2026-04-18,21:01:06,maceta1,128,128,21,21,21,0.0,1773.75,25.6,77.9,1,0,0,
2026-04-18,21:01:06,maceta2,113,115,30,29,29,,,,,1,0,1,
2026-04-18,22:01:40,maceta1,37,33,80,83,81,0.0,1755.4166666666667,25.8,75.3,1,0,0,
2026-04-18,22:01:40,maceta2,112,117,31,28,29,,,,,1,0,1,
2026-04-18,23:02:14,maceta1,128,128,21,21,21,0.0,1757.0833333333335,25.7,75.8,1,0,0,
2026-04-18,23:02:14,maceta2,111,115,32,29,30,,,,,1,0,1,
2026-04-19,00:02:48,maceta1,37,33,80,83,81,0.0,1816.6666666666667,25.7,74.5,1,0,0,
2026-04-19,00:02:48,maceta2,112,115,31,29,30,,,,,1,0,1,
2026-04-19,01:03:22,maceta1,128,128,21,21,21,0.0,1813.3333333333335,25.8,73.3,1,0,0,
2026-04-19,01:03:22,maceta2,112,115,31,29,30,,,,,1,0,1,
2026-04-19,02:03:57,maceta1,37,33,80,83,81,0.0,1803.3333333333335,25.8,76.7,1,0,0,
2026-04-19,02:03:57,maceta2,111,115,32,29,30,,,,,1,0,1,
2026-04-19,03:04:31,maceta1,128,128,21,21,21,0.0,1782.0833333333335,,,1,0,0,Lectura invalida de DHT
2026-04-19,03:04:31,maceta2,111,115,32,29,30,,,,,1,0,1,
2026-04-19,04:05:05,maceta1,128,128,21,21,21,0.0,1809.1666666666667,25.5,74.1,1,0,0,
2026-04-19,04:05:05,maceta2,111,115,32,29,30,,,,,1,0,1,
2026-04-19,05:05:39,maceta1,38,52,80,71,75,0.0,1740.4166666666667,,,1,0,0,Lectura invalida de DHT
2026-04-19,05:05:39,maceta2,111,115,32,29,30,,,,,1,0,1,
2026-04-19,06:06:13,maceta1,128,128,21,21,21,0.0,1771.25,25.4,72.4,0,0,0,
2026-04-19,06:06:13,maceta2,111,114,32,30,31,,,,,0,0,1,
2026-04-19,07:06:47,maceta1,41,36,78,81,79,0.0,,25.2,74.1,0,0,0,
2026-04-19,07:06:47,maceta2,110,128,32,21,26,,,,,0,0,1,
2026-04-19,08:07:19,maceta1,128,128,21,21,21,7.5,,,,0,0,0,Lectura invalida de DHT
2026-04-19,08:07:19,maceta2,110,114,32,30,31,,,,,0,0,1,
2026-04-19,09:07:50,maceta1,128,128,21,21,21,5.0,,,,0,0,0,Lectura invalida de DHT
2026-04-19,09:07:50,maceta2,110,114,32,30,31,,,,,0,0,1,
2026-04-19,10:08:21,maceta1,128,128,21,21,21,5.416666666666667,,23.3,85.7,0,0,0,
2026-04-19,10:08:21,maceta2,110,114,32,30,31,,,,,0,0,1,
2026-04-19,11:08:52,maceta1,40,35,78,82,80,0.4166666666666667,,23.3,87.4,0,0,0,
2026-04-19,11:08:52,maceta2,110,115,32,29,30,,,,,0,0,1,
2026-04-19,12:09:23,maceta1,40,35,78,82,80,6.25,,23.1,86.5,0,0,0,
2026-04-19,12:09:23,maceta2,110,128,32,21,26,,,,,0,0,1,
2026-04-19,13:09:54,maceta1,128,128,21,21,21,9.583333333333334,,22.9,85.9,0,0,0,
2026-04-19,13:09:54,maceta2,110,115,32,29,30,,,,,0,0,1,
2026-04-19,14:10:25,maceta1,128,128,21,21,21,10.0,,22.5,81.9,0,0,0,
2026-04-19,14:10:25,maceta2,110,115,32,29,30,,,,,0,0,1,
2026-04-19,15:10:56,maceta1,128,128,21,21,21,4.583333333333334,,,,0,0,0,Lectura invalida de DHT
2026-04-19,15:10:56,maceta2,110,115,32,29,30,,,,,0,0,1,
2026-04-19,16:11:27,maceta1,40,34,78,82,80,3.3333333333333335,,22.1,83.5,0,0,0,
2026-04-19,16:11:27,maceta2,110,115,32,29,30,,,,,0,0,1,
2026-04-19,17:11:59,maceta1,39,34,79,82,80,0.4166666666666667,,21.9,83.2,0,0,0,
2026-04-19,17:11:59,maceta2,110,128,32,21,26,,,,,0,0,1,
2026-04-19,18:12:30,maceta1,128,128,21,21,21,0.0,,,,1,0,0,Lectura invalida de DHT
2026-04-19,18:12:30,maceta2,111,116,32,28,30,,,,,1,0,1,
2026-04-19,19:13:01,maceta1,128,128,21,21,21,0.0,1808.3333333333335,,,1,0,0,Lectura invalida de DHT
2026-04-19,19:13:01,maceta2,111,116,32,28,30,,,,,1,0,1,
2026-04-19,20:13:35,maceta1,39,35,79,82,80,0.0,1720.0,,,1,0,0,Lectura invalida de DHT
2026-04-19,20:13:35,maceta2,110,116,32,28,30,,,,,1,0,1,
2026-04-19,21:14:09,maceta1,128,128,21,21,21,0.0,1786.25,,,1,0,0,Lectura invalida de DHT
2026-04-19,21:14:09,maceta2,110,117,32,28,30,,,,,1,0,1,
2026-04-19,22:14:43,maceta1,38,34,80,82,81,0.0,1768.75,,,1,0,0,Lectura invalida de DHT
2026-04-19,22:14:43,maceta2,110,117,32,28,30,,,,,1,0,1,
2026-04-19,23:15:17,maceta1,128,128,21,21,21,0.0,1744.1666666666667,,,1,0,0,Lectura invalida de DHT
2026-04-19,23:15:17,maceta2,111,116,32,28,30,,,,,1,0,1,
2026-04-20,00:15:52,maceta1,38,34,80,82,81,0.0,1703.75,,,1,0,0,Lectura invalida de DHT
2026-04-20,00:15:52,maceta2,111,116,32,28,30,,,,,1,0,1,
2026-04-20,01:16:26,maceta1,128,128,21,21,21,0.0,1737.9166666666667,,,1,0,0,Lectura invalida de DHT
2026-04-20,01:16:26,maceta2,110,116,32,28,30,,,,,1,0,1,
2026-04-20,02:17:00,maceta1,56,34,68,82,75,0.0,1787.5,,,1,0,0,Lectura invalida de DHT
2026-04-20,02:17:00,maceta2,110,116,32,28,30,,,,,1,0,1,
2026-04-20,03:17:34,maceta1,128,128,21,21,21,0.0,1736.25,,,1,0,0,Lectura invalida de DHT
2026-04-20,03:17:34,maceta2,111,116,32,28,30,,,,,1,0,1,
2026-04-20,04:18:08,maceta1,128,128,21,21,21,0.0,1782.0833333333335,,,1,0,0,Lectura invalida de DHT
2026-04-20,04:18:08,maceta2,110,117,32,28,30,,,,,1,0,1,
2026-04-20,05:18:42,maceta1,38,71,80,58,69,0.0,1747.5,,,1,0,0,Lectura invalida de DHT
2026-04-20,05:18:42,maceta2,111,117,32,28,30,,,,,1,0,1,
2026-04-20,06:19:17,maceta1,128,128,21,21,21,0.0,1752.9166666666667,,,0,0,0,Lectura invalida de DHT
2026-04-20,06:19:17,maceta2,110,117,32,28,30,,,,,0,0,1,
2026-04-20,07:19:51,maceta1,42,37,77,80,78,0.4166666666666667,,,,0,0,0,Lectura invalida de DHT
2026-04-20,07:19:51,maceta2,110,128,32,21,26,,,,,0,0,1,
2026-04-20,08:20:22,maceta1,128,128,21,21,21,3.3333333333333335,,,,0,0,0,Lectura invalida de DHT
2026-04-20,08:20:22,maceta2,110,116,32,28,30,,,,,0,0,1,
2026-04-20,09:20:53,maceta1,128,128,21,21,21,16.25,,,,0,0,0,Lectura invalida de DHT
2026-04-20,09:20:53,maceta2,110,116,32,28,30,,,,,0,0,1,
2026-04-20,10:21:24,maceta1,128,128,21,21,21,25.416666666666668,,,,0,0,0,Lectura invalida de DHT
2026-04-20,10:21:24,maceta2,109,116,33,28,30,,,,,0,0,1,
2026-04-20,11:21:55,maceta1,44,38,76,80,78,40.833333333333336,,,,0,0,0,Lectura invalida de DHT
2026-04-20,11:21:55,maceta2,110,116,32,28,30,,,,,0,0,1,
2026-04-20,12:22:26,maceta1,44,38,76,80,78,33.333333333333336,,,,0,0,0,Lectura invalida de DHT
2026-04-20,12:22:26,maceta2,113,128,30,21,25,,,,,0,0,1,
2026-04-20,13:22:57,maceta1,128,128,21,21,21,33.75,,,,0,0,0,Lectura invalida de DHT
2026-04-20,13:22:57,maceta2,110,115,32,29,30,,,,,0,0,1,
2026-04-20,14:23:29,maceta1,128,128,21,21,21,8.333333333333334,,,,0,0,0,Lectura invalida de DHT
2026-04-20,14:23:29,maceta2,110,115,32,29,30,,,,,0,0,1,
2026-04-20,15:24:00,maceta1,128,128,21,21,21,297.08333333333337,,,,0,0,0,Lectura invalida de DHT
2026-04-20,15:24:00,maceta2,109,115,33,29,31,,,,,0,0,1,
2026-04-20,15:53:44,maceta1,145,117,9,28,18,305.83333333333337,,,,0,0,0,Lectura invalida de DHT
2026-04-20,15:53:44,maceta2,145,139,9,13,11,,,,,0,0,1,
2026-04-20,15:55:33,maceta1,147,119,8,26,17,46.66666666666667,,,,0,0,1,Lectura invalida de DHT
2026-04-20,15:55:33,maceta2,146,139,9,13,11,,,,,0,0,0,
2026-04-20,16:56:03,maceta1,34,69,82,59,70,107.91666666666667,,,,0,0,0,Lectura invalida de DHT
2026-04-20,16:56:03,maceta2,117,25,28,88,58,,,,,0,0,0,Discrepancia alta entre sensores de humedad: 28% vs 88%
2026-04-20,17:31:17,maceta1,,,,,,,,,,0,0,0,"Fallo en ambos sensores de humedad de suelo | Lectura invalida de DHT | Sin humedad de suelo valida, no se habilita riego automatico"
2026-04-20,17:31:17,maceta2,,,,,,,,,,0,0,0,Fallo en ambos sensores de humedad de suelo
2026-04-20,17:32:03,maceta1,,,,,,,,,,0,0,0,"Fallo en ambos sensores de humedad de suelo | Lectura invalida de DHT | Sin humedad de suelo valida, no se habilita riego automatico"
2026-04-20,17:32:03,maceta2,,,,,,,,,,0,0,0,Fallo en ambos sensores de humedad de suelo
2026-04-20,17:34:11,maceta1,,,,,,,,,,0,0,0,"Fallo en ambos sensores de humedad de suelo | Lectura invalida de DHT | Sin humedad de suelo valida, no se habilita riego automatico"
2026-04-20,17:34:11,maceta2,,,,,,,,,,0,0,0,Fallo en ambos sensores de humedad de suelo
2026-04-20,17:38:12,maceta1,,,,,,106.66666666666667,,,,0,0,0,"Fallo en ambos sensores de humedad de suelo | Lectura invalida de DHT | Sin humedad de suelo valida, no se habilita riego automatico"
2026-04-20,17:38:12,maceta2,,,,,,,,,,0,0,0,Fallo en ambos sensores de humedad de suelo
2026-04-20,17:41:19,maceta1,33,29,83,86,84,370.4166666666667,,,,0,0,0,Lectura invalida de DHT
2026-04-20,17:41:19,maceta2,128,128,21,21,21,,,,,0,0,0,
2026-04-20,17:42:14,maceta1,53,70,70,59,64,417.9166666666667,,,,0,0,1,Lectura invalida de DHT
2026-04-20,17:42:14,maceta2,250,35,0,82,41,,,,,0,0,0,Discrepancia alta entre sensores de humedad: 0% vs 82%
2026-04-20,17:44:48,maceta1,33,29,83,86,84,416.25,,,,0,0,0,Lectura invalida de DHT
2026-04-20,17:44:48,maceta2,128,128,21,21,21,,,,,0,0,0,Lectura invalida de DHT
2026-04-20,17:54:12,maceta1,38,34,80,82,81,247.08333333333334,,,,0,0,0,Lectura invalida de DHT
2026-04-20,17:54:12,maceta2,128,128,21,21,21,,,,,0,0,0,Lectura invalida de DHT
2026-04-20,17:55:18,maceta1,38,34,80,82,81,148.75,,,,0,0,0,Lectura invalida de DHT
2026-04-20,17:55:18,maceta2,42,40,77,78,77,,,,,0,0,0,Lectura invalida de DHT
2026-04-20,17:55:59,maceta1,128,128,21,21,21,196.25,,,,0,0,1,Lectura invalida de DHT
2026-04-20,17:55:59,maceta2,45,41,75,78,76,,,,,0,0,0,Lectura invalida de DHT
2026-04-20,18:08:02,maceta1,36,32,81,84,82,287.08333333333337,,,,1,0,0,Lectura invalida de DHT
2026-04-20,18:08:02,maceta2,128,128,21,21,21,,,,,1,0,0,Lectura invalida de DHT
2026-04-20,19:08:12,maceta1,128,128,21,21,21,0.0,2425.0,,,1,0,1,Lectura invalida de DHT
2026-04-20,19:08:12,maceta2,39,34,79,82,80,,,,,1,0,0,Lectura invalida de DHT
2026-04-20,20:08:48,maceta1,36,32,81,84,82,0.0,2517.0833333333335,,,1,0,0,Lectura invalida de DHT
2026-04-20,20:08:48,maceta2,39,34,79,82,80,,,,,1,0,0,Lectura invalida de DHT
2026-04-20,21:09:01,maceta1,128,128,21,21,21,0.0,2448.75,,,1,0,1,Lectura invalida de DHT
2026-04-20,21:09:01,maceta2,40,34,78,82,80,,,,,1,0,0,Lectura invalida de DHT
2026-04-20,22:09:35,maceta1,37,33,80,83,81,0.0,2398.3333333333335,,,1,0,0,Lectura invalida de DHT
2026-04-20,22:09:35,maceta2,41,35,78,82,80,,,,,1,0,0,Lectura invalida de DHT
2026-04-20,23:09:48,maceta1,128,52,21,71,46,0.0,2470.0,,,1,0,1,Lectura invalida de DHT
2026-04-20,23:09:48,maceta2,41,90,78,46,62,,,,,1,0,0,Lectura invalida de DHT
2026-04-21,00:10:22,maceta1,73,128,57,21,39,0.0,2422.0833333333335,,,1,0,1,Lectura invalida de DHT
2026-04-21,00:10:22,maceta2,41,35,78,82,80,,,,,1,0,0,Lectura invalida de DHT
2026-04-21,01:10:56,maceta1,128,128,21,21,21,0.0,2405.416666666667,,,1,0,1,Lectura invalida de DHT
2026-04-21,01:10:56,maceta2,42,35,77,82,79,,,,,1,0,0,Lectura invalida de DHT
2026-04-21,02:11:30,maceta1,38,33,80,83,81,0.0,2413.3333333333335,,,1,0,0,Lectura invalida de DHT
2026-04-21,02:11:30,maceta2,42,35,77,82,79,,,,,1,0,0,Lectura invalida de DHT
2026-04-21,03:11:43,maceta1,128,72,21,57,39,0.0,2525.8333333333335,,,1,0,1,Lectura invalida de DHT
2026-04-21,03:11:43,maceta2,42,73,77,57,67,,,,,1,0,0,Lectura invalida de DHT
2026-04-21,04:12:17,maceta1,38,128,80,21,50,0.0,2495.416666666667,,,1,0,1,Discrepancia alta entre sensores de humedad: 80% vs 21% | Lectura invalida de DHT
2026-04-21,04:12:17,maceta2,43,36,76,81,78,,,,,1,0,0,Lectura invalida de DHT
2026-04-21,05:12:51,maceta1,128,128,21,21,21,0.0,2462.0833333333335,,,1,0,1,Lectura invalida de DHT
2026-04-21,05:12:51,maceta2,43,37,76,80,78,,,,,1,0,0,Lectura invalida de DHT
2026-04-21,06:13:25,maceta1,39,34,79,82,80,0.0,2578.3333333333335,,,0,0,0,Lectura invalida de DHT
2026-04-21,06:13:25,maceta2,43,37,76,80,78,,,,,0,0,0,Lectura invalida de DHT
2026-04-21,07:13:38,maceta1,128,74,21,56,38,1.25,,,,0,0,1,Lectura invalida de DHT
2026-04-21,07:13:38,maceta2,47,41,74,78,76,,,,,0,0,0,Lectura invalida de DHT
2026-04-21,08:14:12,maceta1,93,128,44,21,32,10.0,,,,0,0,1,Lectura invalida de DHT
2026-04-21,08:14:12,maceta2,48,41,73,78,75,,,,,0,0,0,Lectura invalida de DHT
2026-04-21,09:14:46,maceta1,128,128,21,21,21,23.333333333333336,,,,0,0,1,Lectura invalida de DHT
2026-04-21,09:14:46,maceta2,48,42,73,77,75,,,,,0,0,0,Lectura invalida de DHT
2026-04-21,10:15:20,maceta1,43,38,76,80,78,37.5,,,,0,0,0,Lectura invalida de DHT
2026-04-21,10:15:20,maceta2,48,42,73,77,75,,,,,0,0,0,Lectura invalida de DHT
2026-04-21,11:15:30,maceta1,128,128,21,21,21,41.66666666666667,,,,0,0,1,Lectura invalida de DHT
2026-04-21,11:15:30,maceta2,48,42,73,77,75,,,,,0,0,0,Lectura invalida de DHT
2026-04-21,12:16:04,maceta1,43,39,76,79,77,45.833333333333336,,,,0,0,0,Lectura invalida de DHT
2026-04-21,12:16:04,maceta2,96,128,42,21,31,,,,,0,0,0,Lectura invalida de DHT
2026-04-21,13:16:14,maceta1,128,128,21,21,21,44.583333333333336,,,,0,0,1,Lectura invalida de DHT
2026-04-21,13:16:14,maceta2,48,42,73,77,75,,,,,0,0,0,Lectura invalida de DHT
2026-04-21,14:16:48,maceta1,128,75,21,55,38,29.166666666666668,,,,0,0,1,Lectura invalida de DHT
2026-04-21,14:16:48,maceta2,48,42,73,77,75,,,,,0,0,0,Lectura invalida de DHT
2026-04-21,15:17:22,maceta1,60,128,65,21,43,21.666666666666668,,,,0,0,1,Lectura invalida de DHT
2026-04-21,15:17:22,maceta2,48,42,73,77,75,,,,,0,0,0,Lectura invalida de DHT
2026-04-21,16:17:56,maceta1,128,128,21,21,21,275.0,,,,0,0,1,Lectura invalida de DHT
2026-04-21,16:17:56,maceta2,49,43,73,76,74,,,,,0,0,0,Lectura invalida de DHT
2026-04-21,17:49:12,maceta1,45,39,75,79,77,,,21.3,53.4,0,0,0,
2026-04-21,17:49:12,maceta2,128,128,21,21,21,,,,,0,0,0,Lectura invalida de DHT
2026-04-21,17:49:37,maceta1,48,43,73,76,74,,,20.1,59.8,0,0,0,
2026-04-21,17:49:37,maceta2,128,128,21,21,21,,,,,0,0,0,Lectura invalida de DHT
2026-04-21,17:51:11,maceta1,43,37,76,80,78,,,20.1,60.6,0,0,0,
2026-04-21,17:51:11,maceta2,128,128,21,21,21,,,,,0,0,0,Lectura invalida de DHT
2026-04-21,17:51:50,maceta1,45,39,75,79,77,,,20.1,65.7,0,0,0,
2026-04-21,17:51:50,maceta2,97,128,41,21,31,,,,,0,0,0,Lectura invalida de DHT
2026-04-21,17:52:30,maceta1,45,75,75,55,65,,,20.1,63.2,0,0,1,
2026-04-21,17:52:30,maceta2,52,46,71,75,73,,,,,0,0,0,Lectura invalida de DHT
2026-04-21,18:01:38,maceta1,45,39,75,79,77,,,20.1,63.3,0,0,0,"No hay lectura valida de lux, se mantiene el ultimo estado de luz"
2026-04-21,18:01:38,maceta2,128,128,21,21,21,,,,,1,0,0,Lectura invalida de DHT
2026-04-21,18:02:15,maceta1,46,41,75,78,76,,,19.8,62.5,0,0,0,"No hay lectura valida de lux, se mantiene el ultimo estado de luz"
2026-04-21,18:02:15,maceta2,128,128,21,21,21,,,,,1,0,0,Lectura invalida de DHT
2026-04-21,18:07:50,maceta1,46,40,75,78,76,,,19.7,62.1,0,0,0,"No hay lectura valida de lux, se mantiene el ultimo estado de luz"
2026-04-21,18:07:50,maceta2,128,128,21,21,21,,,,,1,0,0,Lectura invalida de DHT
2026-04-21,18:11:53,maceta1,51,46,71,75,73,,,19.8,66.2,0,0,0,"No hay lectura valida de lux, se mantiene el ultimo estado de luz"
2026-04-21,18:11:53,maceta2,128,128,21,21,21,,,,,1,0,0,Lectura invalida de DHT
2026-04-21,18:25:48,maceta1,46,40,75,78,76,,,19.8,65.2,0,0,0,"No hay lectura valida de lux, se mantiene el ultimo estado de luz"
2026-04-21,18:25:48,maceta2,53,47,70,74,72,,,,,1,0,0,Lectura invalida de DHT
2026-04-21,19:38:22,maceta1,128,128,21,21,21,,,19.7,67.4,0,0,1,"No hay lectura valida de lux, se mantiene el ultimo estado de luz"
2026-04-21,19:38:22,maceta2,51,44,71,76,73,,,,,1,0,0,Lectura invalida de DHT
2026-04-21,19:58:42,maceta1,36,51,81,71,76,519.1666666666667,,19.8,62.3,1,0,0,
2026-04-21,19:58:42,maceta2,112,128,31,21,26,,,,,1,0,0,
2026-04-21,20:53:56,maceta1,128,55,21,69,45,563.3333333333334,,19.5,67.2,1,0,1,
2026-04-21,20:53:56,maceta2,250,114,0,30,15,82.5,,,,1,0,0,Lectura invalida de DHT
2026-04-21,20:56:32,maceta1,128,128,21,21,21,434.1666666666667,,19.5,75.5,1,0,1,
2026-04-21,20:56:32,maceta2,250,50,0,72,36,155.41666666666669,,,,1,0,0,Discrepancia alta entre sensores de humedad: 0% vs 72% | Lectura invalida de DHT
2026-04-21,20:57:35,maceta1,59,55,66,69,67,433.33333333333337,,19.7,73.2,1,0,1,
2026-04-21,20:57:35,maceta2,250,52,0,71,35,157.08333333333334,,,,1,0,0,Discrepancia alta entre sensores de humedad: 0% vs 71% | Lectura invalida de DHT
2026-04-21,21:00:40,maceta1,27,55,87,69,78,352.08333333333337,,19.8,69.2,1,0,0,
2026-04-21,21:00:40,maceta2,250,35,0,82,41,156.25,,,,1,0,0,Discrepancia alta entre sensores de humedad: 0% vs 82% | Lectura invalida de DHT
2026-04-21,22:00:47,maceta1,29,54,86,69,77,0.0,6382.5,20.0,67.5,1,0,0,
2026-04-21,22:00:47,maceta2,128,128,21,21,21,0.4166666666666667,2.916666666666667,,,1,0,0,Lectura invalida de DHT
2026-04-21,23:00:58,maceta1,128,128,21,21,21,0.0,6110.0,20.9,57.3,1,0,1,
2026-04-21,23:00:58,maceta2,42,39,77,79,78,0.4166666666666667,2.916666666666667,,,1,0,0,Lectura invalida de DHT
2026-04-22,00:01:32,maceta1,30,53,85,70,77,0.0,6173.333333333334,20.8,56.8,1,0,0,
2026-04-22,00:01:32,maceta2,93,128,44,21,32,0.4166666666666667,2.916666666666667,,,1,0,0,Lectura invalida de DHT
2026-04-22,01:01:42,maceta1,108,113,34,30,32,0.0,6227.916666666667,,,1,0,1,Lectura invalida de DHT
2026-04-22,01:01:42,maceta2,41,39,78,79,78,0.4166666666666667,2.916666666666667,,,1,0,0,Lectura invalida de DHT
2026-04-22,02:02:16,maceta1,128,128,21,21,21,0.0,6102.083333333334,,,1,0,1,Lectura invalida de DHT
2026-04-22,02:02:16,maceta2,42,39,77,79,78,0.4166666666666667,2.916666666666667,,,1,0,0,Lectura invalida de DHT
2026-04-22,03:02:49,maceta1,30,52,85,71,78,0.0,6331.666666666667,20.5,60.1,1,0,0,
2026-04-22,03:02:49,maceta2,42,39,77,79,78,0.4166666666666667,2.916666666666667,,,1,0,0,Lectura invalida de DHT
2026-04-22,04:03:00,maceta1,128,128,21,21,21,0.0,6362.083333333334,20.3,60.2,1,0,1,
2026-04-22,04:03:00,maceta2,41,39,78,79,78,0.4166666666666667,3.3333333333333335,,,1,0,0,Lectura invalida de DHT
2026-04-22,05:03:33,maceta1,30,52,85,71,78,0.0,6264.166666666667,20.3,61.2,1,0,0,
2026-04-22,05:03:33,maceta2,128,128,21,21,21,0.4166666666666667,3.3333333333333335,,,1,0,0,Lectura invalida de DHT
2026-04-22,06:03:44,maceta1,128,128,21,21,21,0.0,6384.166666666667,,,1,0,1,Lectura invalida de DHT
2026-04-22,06:03:44,maceta2,41,39,78,79,78,0.4166666666666667,2.916666666666667,,,1,0,0,Lectura invalida de DHT
2026-04-22,07:04:17,maceta1,128,128,21,21,21,0.0,6249.583333333334,19.9,61.6,1,0,1,
2026-04-22,07:04:17,maceta2,41,39,78,79,78,0.4166666666666667,2.916666666666667,,,1,0,0,Lectura invalida de DHT
2026-04-22,08:04:51,maceta1,30,52,85,71,78,2.0833333333333335,6188.75,20.0,62.5,0,0,0,
2026-04-22,08:04:51,maceta2,41,38,78,80,79,0.0,2.0833333333333335,,,0,0,0,Lectura invalida de DHT
2026-04-22,09:05:02,maceta1,128,128,21,21,21,15.833333333333334,,20.2,63.2,0,0,1,
2026-04-22,09:05:02,maceta2,47,44,74,76,75,1.25,,,,0,0,0,Lectura invalida de DHT
2026-04-22,10:05:31,maceta1,128,128,21,21,21,37.083333333333336,,18.2,73.8,0,0,1,
2026-04-22,10:05:31,maceta2,47,45,74,75,74,3.3333333333333335,,,,0,0,0,Lectura invalida de DHT
2026-04-22,11:06:00,maceta1,128,128,21,21,21,47.083333333333336,,18.1,77.2,0,0,1,
2026-04-22,11:06:00,maceta2,47,45,74,75,74,4.583333333333334,,,,0,0,0,Lectura invalida de DHT
2026-04-22,12:06:29,maceta1,128,128,21,21,21,64.16666666666667,,,,0,0,1,Lectura invalida de DHT
2026-04-22,12:06:29,maceta2,47,45,74,75,74,5.833333333333334,,,,0,0,0,Lectura invalida de DHT
2026-04-22,13:07:00,maceta1,37,55,80,69,74,69.58333333333334,,18.3,84.3,0,0,0,
2026-04-22,13:07:00,maceta2,48,45,73,75,74,7.083333333333334,,,,0,0,0,Lectura invalida de DHT
2026-04-22,14:07:07,maceta1,37,55,80,69,74,55.833333333333336,,18.3,70.2,0,0,0,
2026-04-22,14:07:07,maceta2,48,45,73,75,74,5.416666666666667,,,,0,0,0,Lectura invalida de DHT
2026-04-22,15:07:13,maceta1,37,55,80,69,74,25.0,,18.2,72.3,0,0,0,
2026-04-22,15:07:13,maceta2,96,128,42,21,31,2.0833333333333335,,,,0,0,0,Lectura invalida de DHT
2026-04-22,16:07:20,maceta1,37,55,80,69,74,20.0,,18.2,69.9,0,0,0,
2026-04-22,16:07:20,maceta2,128,128,21,21,21,1.6666666666666667,,,,0,0,0,Lectura invalida de DHT
2026-04-22,17:07:27,maceta1,37,56,80,68,74,4.583333333333334,,18.1,76.9,0,0,0,
2026-04-22,17:07:27,maceta2,128,128,21,21,21,0.0,,,,0,0,0,Lectura invalida de DHT
2026-04-22,18:07:35,maceta1,128,128,21,21,21,3.75,,17.9,82.8,0,0,1,
2026-04-22,18:07:35,maceta2,48,46,73,75,74,0.0,,,,0,0,0,Lectura invalida de DHT
2026-04-22,19:08:05,maceta1,128,128,21,21,21,0.0,,17.7,83.0,0,0,1,
2026-04-22,19:08:05,maceta2,49,46,73,75,74,0.0,,,,0,0,0,Lectura invalida de DHT
2026-04-22,20:08:35,maceta1,128,128,21,21,21,0.0,,17.4,81.1,1,0,1,
2026-04-22,20:08:35,maceta2,49,47,73,74,73,0.8333333333333334,,,,1,0,0,Lectura invalida de DHT
2026-04-22,21:09:04,maceta1,128,128,21,21,21,0.0,6191.666666666667,17.3,82.9,1,0,1,
2026-04-22,21:09:04,maceta2,43,40,76,78,77,0.4166666666666667,2.916666666666667,,,1,0,0,Lectura invalida de DHT
2026-04-22,22:09:38,maceta1,30,51,85,71,78,0.0,6296.25,,,1,0,0,Lectura invalida de DHT
2026-04-22,22:09:38,maceta2,43,40,76,78,77,0.4166666666666667,2.916666666666667,,,1,0,0,Lectura invalida de DHT
2026-04-22,23:09:49,maceta1,128,128,21,21,21,0.0,6177.5,,,1,0,1,Lectura invalida de DHT
2026-04-22,23:09:49,maceta2,42,39,77,79,78,0.4166666666666667,2.916666666666667,,,1,0,0,Lectura invalida de DHT
2026-04-23,00:10:22,maceta1,30,50,85,72,78,0.0,6193.75,19.5,73.0,1,0,0,
2026-04-23,00:10:22,maceta2,111,128,32,21,26,0.4166666666666667,2.916666666666667,,,1,0,0,Lectura invalida de DHT
2026-04-23,01:10:33,maceta1,128,128,21,21,21,0.0,6326.666666666667,,,1,0,1,Lectura invalida de DHT
2026-04-23,01:10:33,maceta2,41,38,78,80,79,0.4166666666666667,2.916666666666667,,,1,0,0,Lectura invalida de DHT
2026-04-23,02:11:06,maceta1,128,128,21,21,21,0.0,6348.75,19.2,72.0,1,0,1,
2026-04-23,02:11:06,maceta2,41,39,78,79,78,0.4166666666666667,2.916666666666667,,,1,0,0,Lectura invalida de DHT
2026-04-23,03:11:39,maceta1,27,47,87,74,80,0.0,6393.333333333334,,,1,0,0,Lectura invalida de DHT
2026-04-23,03:11:39,maceta2,40,37,78,80,79,0.4166666666666667,2.916666666666667,,,1,0,0,Lectura invalida de DHT
2026-04-23,04:11:50,maceta1,128,128,21,21,21,0.0,6421.25,18.8,70.4,1,0,1,
2026-04-23,04:11:50,maceta2,40,37,78,80,79,0.4166666666666667,2.916666666666667,,,1,0,0,Lectura invalida de DHT
2026-04-23,05:12:23,maceta1,29,48,86,73,79,0.0,6429.583333333334,18.6,68.2,1,0,0,
2026-04-23,05:12:23,maceta2,128,128,21,21,21,0.4166666666666667,2.916666666666667,,,1,0,0,Lectura invalida de DHT
2026-04-23,06:12:34,maceta1,128,128,21,21,21,0.0,6475.416666666667,,,1,0,1,Lectura invalida de DHT
2026-04-23,06:12:34,maceta2,43,39,76,79,77,0.4166666666666667,3.3333333333333335,,,1,0,0,Lectura invalida de DHT
2026-04-23,07:13:07,maceta1,128,128,21,21,21,0.0,6419.583333333334,18.1,67.7,1,0,1,
2026-04-23,07:13:07,maceta2,43,39,76,79,77,0.4166666666666667,2.916666666666667,,,1,0,0,Lectura invalida de DHT
2026-04-23,08:13:41,maceta1,30,49,85,73,79,5.416666666666667,6336.666666666667,18.0,67.3,0,0,0,
2026-04-23,08:13:41,maceta2,43,39,76,79,77,0.4166666666666667,2.916666666666667,,,0,0,0,Lectura invalida de DHT
2026-04-23,09:13:51,maceta1,128,113,21,30,25,36.25,,,,0,0,1,Lectura invalida de DHT
2026-04-23,09:13:51,maceta2,48,45,73,75,74,2.916666666666667,,,,0,0,0,Lectura invalida de DHT
2026-04-23,10:14:21,maceta1,128,98,21,40,30,59.583333333333336,,16.3,79.2,0,0,1,
2026-04-23,10:14:21,maceta2,48,46,73,75,74,5.0,,,,0,0,0,Lectura invalida de DHT
2026-04-23,11:14:50,maceta1,128,128,21,21,21,89.58333333333334,,16.7,81.8,0,0,1,
2026-04-23,11:14:50,maceta2,48,45,73,75,74,7.5,,,,0,0,0,Lectura invalida de DHT
2026-04-23,12:15:19,maceta1,128,128,21,21,21,112.91666666666667,,17.1,78.5,0,0,1,
2026-04-23,12:15:19,maceta2,48,45,73,75,74,10.416666666666668,,,,0,0,0,Lectura invalida de DHT
2026-04-23,13:15:49,maceta1,128,128,21,21,21,121.25,,17.6,66.9,0,0,1,
2026-04-23,13:15:49,maceta2,48,45,73,75,74,11.666666666666668,,,,0,0,0,Lectura invalida de DHT
2026-04-23,14:16:18,maceta1,128,128,21,21,21,112.5,,18.1,65.4,0,0,1,
2026-04-23,14:16:18,maceta2,48,46,73,75,74,13.75,,,,0,0,0,Lectura invalida de DHT
2026-04-23,15:16:47,maceta1,128,56,21,68,44,53.333333333333336,,18.7,55.1,0,0,1,
2026-04-23,15:16:47,maceta2,48,46,73,75,74,6.25,,,,0,0,0,Lectura invalida de DHT
2026-04-23,16:17:16,maceta1,38,56,80,68,74,25.0,,19.0,64.9,0,0,0,
2026-04-23,16:17:16,maceta2,48,46,73,75,74,3.75,,,,0,0,0,Lectura invalida de DHT
2026-04-23,16:57:18,maceta1,128,128,21,21,21,426.6666666666667,,19.4,59.7,0,0,1,
2026-04-23,16:57:18,maceta2,51,48,71,73,72,116.66666666666667,,,,0,0,0,Lectura invalida de DHT
2026-04-23,17:26:46,maceta1,41,60,78,65,71,447.5,,19.8,66.7,0,0,0,
2026-04-23,17:26:46,maceta2,56,250,68,0,34,250.0,,,,0,0,0,Discrepancia alta entre sensores de humedad: 68% vs 0% | Lectura invalida de DHT
2026-04-23,17:36:20,maceta1,40,60,78,65,71,437.08333333333337,,19.8,67.7,0,0,0,
2026-04-23,17:36:20,maceta2,55,250,69,0,34,218.75,,,,0,0,0,Discrepancia alta entre sensores de humedad: 69% vs 0% | Lectura invalida de DHT
2026-04-23,17:56:49,maceta1,128,128,21,21,21,427.5,,,,0,0,1,Lectura invalida de DHT
2026-04-23,17:56:49,maceta2,25,27,88,87,87,152.08333333333334,,,,0,0,0,Lectura invalida de DHT
2026-04-23,18:11:20,maceta1,29,27,86,87,86,420.83333333333337,,,,0,0,0,Lectura invalida de DHT
2026-04-23,18:11:20,maceta2,24,27,89,87,88,153.75,,,,0,0,0,Lectura invalida de DHT
2026-04-23,18:20:19,maceta1,29,26,86,88,87,393.33333333333337,,,,0,0,0,Lectura invalida de DHT
2026-04-23,18:20:19,maceta2,24,27,89,87,88,161.66666666666669,,,,0,0,0,Lectura invalida de DHT
2026-04-23,18:53:20,maceta1,30,28,85,86,85,432.08333333333337,,,,0,0,0,Lectura invalida de DHT
2026-04-23,18:53:20,maceta2,24,121,89,25,57,7.916666666666667,,,,0,0,0,Discrepancia alta entre sensores de humedad: 89% vs 25% | Lectura invalida de DHT
2026-04-23,18:54:20,maceta1,31,29,84,86,85,383.33333333333337,,,,0,0,0,Lectura invalida de DHT
2026-04-23,18:54:20,maceta2,128,128,21,21,21,83.33333333333334,,,,0,0,0,Lectura invalida de DHT
2026-04-23,18:55:06,maceta1,71,31,58,84,71,330.83333333333337,,,,0,0,0,Lectura invalida de DHT
2026-04-23,18:55:06,maceta2,67,128,61,21,41,83.33333333333334,,21.6,52.1,0,0,0,
2026-04-23,18:55:52,maceta1,71,31,58,84,71,325.0,,,,0,0,0,Lectura invalida de DHT
2026-04-23,18:55:52,maceta2,108,128,34,21,27,83.75,,21.0,52.8,0,0,0,
2026-04-23,18:56:38,maceta1,71,31,58,84,71,427.08333333333337,,,,0,0,0,Lectura invalida de DHT
2026-04-23,18:56:38,maceta2,108,128,34,21,27,84.16666666666667,,20.6,53.8,0,0,0,
2026-04-23,18:57:24,maceta1,71,31,58,84,71,388.75,,19.7,57.8,0,0,0,
2026-04-23,18:57:24,maceta2,108,128,34,21,27,83.75,,20.3,54.6,0,0,0,
2026-04-23,18:58:10,maceta1,71,32,58,84,71,437.5,,20.0,83.9,0,0,0,
2026-04-23,18:58:10,maceta2,108,128,34,21,27,83.75,,20.0,54.8,0,0,0,
2026-04-23,18:58:56,maceta1,71,32,58,84,71,345.4166666666667,,20.3,74.9,0,0,0,
2026-04-23,18:58:56,maceta2,68,128,60,21,40,83.33333333333334,,,,0,0,0,Lectura invalida de DHT
2026-04-23,18:59:42,maceta1,90,32,46,84,65,394.58333333333337,,20.4,65.0,0,0,1,
2026-04-23,18:59:42,maceta2,49,128,73,21,47,82.91666666666667,,,,0,0,0,Discrepancia alta entre sensores de humedad: 73% vs 21% | Lectura invalida de DHT
2026-04-23,19:00:50,maceta1,128,128,21,21,21,282.5,,20.4,63.4,0,0,1,
2026-04-23,19:00:50,maceta2,27,87,87,48,67,82.5,,19.5,55.9,0,0,0,
2026-04-23,19:01:57,maceta1,128,128,21,21,21,397.08333333333337,,,,0,0,1,Lectura invalida de DHT
2026-04-23,19:01:57,maceta2,22,87,90,48,69,82.5,,,,0,0,0,Lectura invalida de DHT
2026-04-23,19:04:54,maceta1,29,3,86,100,93,432.5,,20.3,68.6,1,0,0,
2026-04-23,19:04:54,maceta2,24,74,89,56,72,104.58333333333334,,,,1,0,0,Lectura invalida de DHT
2026-04-23,19:05:39,maceta1,128,128,21,21,21,438.33333333333337,7323.75,20.2,69.4,1,0,1,
2026-04-23,19:05:39,maceta2,128,128,21,21,21,150.83333333333334,17815.833333333336,,,1,0,0,Lectura invalida de DHT
2026-04-23,19:06:49,maceta1,36,33,81,83,82,439.1666666666667,7245.0,,,1,0,0,Lectura invalida de DHT
2026-04-23,19:06:49,maceta2,54,56,69,68,68,129.58333333333334,8965.0,,,1,0,0,Lectura invalida de DHT
2026-04-23,19:07:35,maceta1,39,37,79,80,79,248.33333333333334,,20.2,70.2,1,0,0,
2026-04-23,19:07:35,maceta2,128,128,21,21,21,270.0,,,,1,0,0,Lectura invalida de DHT
2026-04-23,20:07:51,maceta1,128,73,21,57,39,16.666666666666668,17.916666666666668,20.3,66.6,1,0,1,
2026-04-23,20:07:51,maceta2,128,128,21,21,21,0.8333333333333334,9.583333333333334,,,1,0,0,Lectura invalida de DHT
2026-04-23,21:08:34,maceta1,39,37,79,80,79,15.833333333333334,17.916666666666668,,,1,0,0,Lectura invalida de DHT
2026-04-23,21:08:34,maceta2,48,54,73,69,71,0.8333333333333334,9.583333333333334,,,1,0,0,Lectura invalida de DHT
2026-04-23,22:08:52,maceta1,40,38,78,80,79,15.416666666666668,16.25,,,1,0,0,Lectura invalida de DHT
2026-04-23,22:08:52,maceta2,48,54,73,69,71,0.8333333333333334,9.583333333333334,,,1,0,0,Lectura invalida de DHT
2026-04-23,23:09:11,maceta1,40,38,78,80,79,15.0,16.25,,,1,0,0,Lectura invalida de DHT
2026-04-23,23:09:11,maceta2,48,54,73,69,71,0.8333333333333334,9.166666666666668,,,1,0,0,Lectura invalida de DHT
2026-04-24,00:09:30,maceta1,110,128,32,21,26,15.416666666666668,16.666666666666668,,,1,0,1,Lectura invalida de DHT
2026-04-24,00:09:30,maceta2,48,55,73,69,71,0.8333333333333334,9.583333333333334,,,1,0,0,Lectura invalida de DHT
2026-04-24,01:10:10,maceta1,128,128,21,21,21,15.416666666666668,16.25,,,1,0,1,Lectura invalida de DHT
2026-04-24,01:10:10,maceta2,48,54,73,69,71,0.8333333333333334,9.583333333333334,,,1,0,0,Lectura invalida de DHT
2026-04-24,02:10:51,maceta1,128,110,21,32,26,15.0,16.25,,,1,0,1,Lectura invalida de DHT
2026-04-24,02:10:51,maceta2,48,54,73,69,71,0.8333333333333334,9.166666666666668,,,1,0,0,Lectura invalida de DHT
2026-04-24,03:11:31,maceta1,76,128,55,21,38,15.0,15.833333333333334,,,1,0,1,Lectura invalida de DHT
2026-04-24,03:11:31,maceta2,49,55,73,69,71,0.8333333333333334,9.166666666666668,,,1,0,0,Lectura invalida de DHT
2026-04-24,04:12:11,maceta1,110,128,32,21,26,14.583333333333334,16.25,,,1,0,1,Lectura invalida de DHT
2026-04-24,04:12:11,maceta2,48,55,73,69,71,0.8333333333333334,9.583333333333334,,,1,0,0,Lectura invalida de DHT
2026-04-24,05:12:52,maceta1,128,128,21,21,21,15.416666666666668,16.25,,,1,0,1,Lectura invalida de DHT
2026-04-24,05:12:52,maceta2,48,55,73,69,71,0.8333333333333334,10.0,,,1,0,0,Lectura invalida de DHT
2026-04-24,06:13:32,maceta1,128,128,21,21,21,15.0,16.666666666666668,,,1,0,1,Lectura invalida de DHT
2026-04-24,06:13:32,maceta2,48,55,73,69,71,0.8333333333333334,9.583333333333334,,,1,0,0,Lectura invalida de DHT
2026-04-24,07:14:12,maceta1,128,128,21,21,21,15.0,16.666666666666668,,,0,0,1,Lectura invalida de DHT
2026-04-24,07:14:12,maceta2,48,55,73,69,71,0.0,8.333333333333334,,,0,0,0,Lectura invalida de DHT
2026-04-24,08:14:53,maceta1,128,128,21,21,21,1.6666666666666667,,,,0,0,1,Lectura invalida de DHT
2026-04-24,08:14:53,maceta2,49,56,73,68,70,8.75,,,,0,0,0,Lectura invalida de DHT
2026-04-24,09:15:30,maceta1,43,41,76,78,77,6.25,,,,0,0,0,Lectura invalida de DHT
2026-04-24,09:15:30,maceta2,49,56,73,68,70,25.0,,,,0,0,0,Lectura invalida de DHT
2026-04-24,10:15:46,maceta1,43,41,76,78,77,9.583333333333334,,,,0,0,0,Lectura invalida de DHT
2026-04-24,10:15:46,maceta2,128,128,21,21,21,38.333333333333336,,,,0,0,0,Lectura invalida de DHT
2026-04-24,11:16:01,maceta1,111,41,32,78,55,12.916666666666668,,,,0,0,1,Lectura invalida de DHT
2026-04-24,11:16:01,maceta2,49,128,73,21,47,52.083333333333336,,,,0,0,0,Discrepancia alta entre sensores de humedad: 73% vs 21% | Lectura invalida de DHT
2026-04-24,12:16:39,maceta1,128,128,21,21,21,15.0,,,,0,0,1,Lectura invalida de DHT
2026-04-24,12:16:39,maceta2,49,56,73,68,70,65.83333333333334,,,,0,0,0,Lectura invalida de DHT
2026-04-24,13:17:16,maceta1,128,128,21,21,21,6.666666666666667,,,,0,0,1,Lectura invalida de DHT
2026-04-24,13:17:16,maceta2,49,56,73,68,70,34.16666666666667,,,,0,0,0,Lectura invalida de DHT
2026-04-24,14:17:53,maceta1,43,41,76,78,77,7.916666666666667,,,,0,0,0,Lectura invalida de DHT
2026-04-24,14:17:53,maceta2,49,56,73,68,70,43.333333333333336,,,,0,0,0,Lectura invalida de DHT
2026-04-24,15:18:09,maceta1,43,41,76,78,77,2.916666666666667,,,,0,0,0,Lectura invalida de DHT
2026-04-24,15:18:09,maceta2,112,128,31,21,26,13.75,,,,0,0,0,Lectura invalida de DHT
2026-04-24,16:18:25,maceta1,128,128,21,21,21,4.583333333333334,,,,0,0,1,Lectura invalida de DHT
2026-04-24,16:18:25,maceta2,49,56,73,68,70,18.75,,,,0,0,0,Lectura invalida de DHT
2026-04-24,17:19:02,maceta1,128,128,21,21,21,6.666666666666667,,,,0,0,1,Lectura invalida de DHT
2026-04-24,17:19:02,maceta2,49,56,73,68,70,20.0,,,,0,0,0,Lectura invalida de DHT
2026-04-24,18:19:39,maceta1,43,41,76,78,77,0.0,,,,0,0,0,Lectura invalida de DHT
2026-04-24,18:19:39,maceta2,49,56,73,68,70,0.4166666666666667,,,,0,0,0,Lectura invalida de DHT
2026-04-24,19:19:55,maceta1,43,41,76,78,77,0.0,,,,1,0,0,Lectura invalida de DHT
2026-04-24,19:19:55,maceta2,50,56,72,68,70,1.25,,,,1,0,0,Lectura invalida de DHT
2026-04-24,20:20:11,maceta1,42,40,77,78,77,13.75,15.833333333333334,,,1,0,0,Lectura invalida de DHT
2026-04-24,20:20:11,maceta2,49,55,73,69,71,0.8333333333333334,9.583333333333334,,,1,0,0,Lectura invalida de DHT
2026-04-24,21:20:29,maceta1,42,40,77,78,77,13.75,15.833333333333334,,,1,0,0,Lectura invalida de DHT
2026-04-24,21:20:29,maceta2,49,55,73,69,71,0.8333333333333334,9.583333333333334,,,1,0,0,Lectura invalida de DHT
2026-04-24,22:20:48,maceta1,42,40,77,78,77,13.333333333333334,15.416666666666668,,,1,0,0,Lectura invalida de DHT
2026-04-24,22:20:48,maceta2,48,55,73,69,71,0.8333333333333334,9.583333333333334,,,1,0,0,Lectura invalida de DHT
2026-04-24,23:21:07,maceta1,128,128,21,21,21,13.75,15.0,,,1,0,1,Lectura invalida de DHT
2026-04-24,23:21:07,maceta2,49,55,73,69,71,0.8333333333333334,9.583333333333334,,,1,0,0,Lectura invalida de DHT
2026-04-25,00:21:47,maceta1,128,128,21,21,21,14.166666666666668,14.583333333333334,,,1,0,1,Lectura invalida de DHT
2026-04-25,00:21:47,maceta2,49,55,73,69,71,0.8333333333333334,9.583333333333334,,,1,0,0,Lectura invalida de DHT
2026-04-25,01:22:28,maceta1,128,128,21,21,21,13.333333333333334,15.416666666666668,,,1,0,1,Lectura invalida de DHT
2026-04-25,01:22:28,maceta2,48,55,73,69,71,0.8333333333333334,9.166666666666668,,,1,0,0,Lectura invalida de DHT
2026-04-25,02:23:08,maceta1,128,128,21,21,21,13.333333333333334,15.0,,,1,0,1,Lectura invalida de DHT
2026-04-25,02:23:08,maceta2,49,55,73,69,71,0.8333333333333334,9.583333333333334,,,1,0,0,Lectura invalida de DHT
2026-04-25,03:23:48,maceta1,128,128,21,21,21,13.75,15.833333333333334,,,1,0,1,Lectura invalida de DHT
2026-04-25,03:23:48,maceta2,49,55,73,69,71,0.8333333333333334,9.583333333333334,,,1,0,0,Lectura invalida de DHT
2026-04-25,04:24:29,maceta1,128,128,21,21,21,13.75,15.416666666666668,,,1,0,1,Lectura invalida de DHT
2026-04-25,04:24:29,maceta2,49,55,73,69,71,0.8333333333333334,9.583333333333334,,,1,0,0,Lectura invalida de DHT
2026-04-25,05:25:09,maceta1,128,128,21,21,21,13.75,15.416666666666668,,,1,0,1,Lectura invalida de DHT
2026-04-25,05:25:09,maceta2,49,55,73,69,71,0.8333333333333334,10.0,,,1,0,0,Lectura invalida de DHT
2026-04-25,06:25:49,maceta1,110,128,32,21,26,13.333333333333334,14.583333333333334,,,1,0,1,Lectura invalida de DHT
2026-04-25,06:25:49,maceta2,49,55,73,69,71,0.8333333333333334,9.583333333333334,,,1,0,0,Lectura invalida de DHT
2026-04-25,07:26:30,maceta1,128,128,21,21,21,14.166666666666668,15.833333333333334,,,0,0,1,Lectura invalida de DHT
2026-04-25,07:26:30,maceta2,49,56,73,68,70,0.0,9.166666666666668,,,0,0,0,Lectura invalida de DHT
2026-04-25,08:27:10,maceta1,128,128,21,21,21,0.0,,,,0,0,1,Lectura invalida de DHT
2026-04-25,08:27:10,maceta2,49,56,73,68,70,5.0,,,,0,0,0,Lectura invalida de DHT
2026-04-25,09:27:47,maceta1,43,41,76,78,77,1.6666666666666667,,,,0,0,0,Lectura invalida de DHT
2026-04-25,09:27:47,maceta2,50,56,72,68,70,12.083333333333334,,,,0,0,0,Lectura invalida de DHT
2026-04-25,10:28:03,maceta1,43,42,76,77,76,92.91666666666667,,,,0,0,0,Lectura invalida de DHT
2026-04-25,10:28:03,maceta2,128,128,21,21,21,264.58333333333337,,,,0,0,0,Lectura invalida de DHT
2026-04-25,11:22:30,maceta1,46,41,75,78,76,135.83333333333334,,,,0,0,0,Lectura invalida de DHT
2026-04-25,11:22:30,maceta2,114,50,30,72,51,48.333333333333336,,,,0,0,0,Lectura invalida de DHT
2026-04-25,11:23:33,maceta1,49,43,73,76,74,135.83333333333334,,,,0,0,0,Lectura invalida de DHT
2026-04-25,11:23:33,maceta2,128,128,21,21,21,48.333333333333336,,,,0,0,0,Lectura invalida de DHT
2026-04-25,11:28:07,maceta1,48,42,73,77,75,136.25,,,,0,0,0,Lectura invalida de DHT
2026-04-25,11:28:07,maceta2,128,128,21,21,21,53.333333333333336,,,,0,0,0,Lectura invalida de DHT
2026-04-25,11:28:47,maceta1,128,128,21,21,21,137.08333333333334,,,,0,0,1,Lectura invalida de DHT
2026-04-25,11:28:47,maceta2,64,56,63,68,65,53.333333333333336,,,,0,0,0,Lectura invalida de DHT
2026-04-25,11:30:07,maceta1,53,79,70,53,61,137.08333333333334,,,,0,0,1,Lectura invalida de DHT
2026-04-25,11:30:07,maceta2,64,56,63,68,65,53.333333333333336,,,,0,0,0,Lectura invalida de DHT
2026-04-25,11:30:45,maceta1,54,47,69,74,71,137.08333333333334,,,,0,0,0,Lectura invalida de DHT
2026-04-25,11:30:45,maceta2,90,56,46,68,57,53.333333333333336,,,,0,0,0,Lectura invalida de DHT
2026-04-25,11:31:01,maceta1,60,53,65,70,67,137.08333333333334,,,,0,0,1,Lectura invalida de DHT
2026-04-25,11:31:01,maceta2,68,60,60,65,62,53.333333333333336,,,,0,0,0,Lectura invalida de DHT
2026-04-25,11:31:38,maceta1,55,49,69,73,71,137.08333333333334,,,,0,0,0,Lectura invalida de DHT
2026-04-25,11:31:38,maceta2,65,99,62,40,51,53.333333333333336,,,,0,0,0,Lectura invalida de DHT
2026-04-25,11:31:53,maceta1,128,128,21,21,21,137.08333333333334,,,,0,0,1,Lectura invalida de DHT
2026-04-25,11:31:53,maceta2,68,61,60,65,62,53.333333333333336,,,,0,0,0,Lectura invalida de DHT
2026-04-25,11:32:30,maceta1,128,128,21,21,21,137.08333333333334,,,,0,0,1,Lectura invalida de DHT
2026-04-25,11:32:30,maceta2,65,57,62,67,64,53.333333333333336,,,,0,0,0,Lectura invalida de DHT
2026-04-25,11:33:07,maceta1,99,49,40,73,56,137.08333333333334,,,,0,0,1,Lectura invalida de DHT
2026-04-25,11:33:07,maceta2,64,57,63,67,65,53.333333333333336,,,,0,0,0,Lectura invalida de DHT
2026-04-25,11:33:43,maceta1,55,48,69,73,71,136.66666666666669,,,,0,0,0,Lectura invalida de DHT
2026-04-25,11:33:43,maceta2,128,128,21,21,21,53.333333333333336,,,,0,0,0,Lectura invalida de DHT
2026-04-25,11:33:59,maceta1,128,128,21,21,21,137.08333333333334,,,,0,0,1,Lectura invalida de DHT
2026-04-25,11:33:59,maceta2,68,60,60,65,62,53.75,,,,0,0,0,Lectura invalida de DHT
2026-04-25,11:34:36,maceta1,55,49,69,73,71,137.08333333333334,,,,0,0,0,Lectura invalida de DHT
2026-04-25,11:34:36,maceta2,90,57,46,67,56,53.75,,,,0,0,0,Lectura invalida de DHT
2026-04-25,12:05:48,maceta1,106,128,35,21,28,77.91666666666667,,,,0,0,1,Lectura invalida de DHT
2026-04-25,12:05:48,maceta2,29,33,86,83,84,94.16666666666667,,,,0,0,0,Lectura invalida de DHT
2026-04-25,13:06:21,maceta1,128,128,21,21,21,9.583333333333334,,,,0,0,1,Lectura invalida de DHT
2026-04-25,13:06:21,maceta2,46,49,75,73,74,10.0,,,,0,0,0,Lectura invalida de DHT
2026-04-25,14:06:55,maceta1,48,43,73,76,74,7.5,,,,0,0,0,Lectura invalida de DHT
2026-04-25,14:06:55,maceta2,47,50,74,72,73,7.5,,,,0,0,0,Lectura invalida de DHT
2026-04-25,15:07:04,maceta1,48,42,73,77,75,7.083333333333334,,,,0,0,0,Lectura invalida de DHT
2026-04-25,15:07:04,maceta2,128,128,21,21,21,21.666666666666668,,,,0,0,0,Lectura invalida de DHT
2026-04-25,16:07:14,maceta1,128,128,21,21,21,2.916666666666667,,,,0,0,1,Lectura invalida de DHT
2026-04-25,16:07:14,maceta2,48,51,73,71,72,7.083333333333334,,,,0,0,0,Lectura invalida de DHT
2026-04-25,17:07:48,maceta1,48,43,73,76,74,2.0833333333333335,,,,0,0,0,Lectura invalida de DHT
2026-04-25,17:07:48,maceta2,48,128,73,21,47,7.5,,,,0,0,0,Discrepancia alta entre sensores de humedad: 73% vs 21% | Lectura invalida de DHT
2026-04-25,18:07:57,maceta1,128,128,21,21,21,0.0,,,,0,0,1,Lectura invalida de DHT
2026-04-25,18:07:57,maceta2,48,51,73,71,72,0.0,,,,0,0,0,Lectura invalida de DHT
2026-04-25,19:08:32,maceta1,128,111,21,32,26,0.0,,,,1,0,1,Lectura invalida de DHT
2026-04-25,19:08:32,maceta2,49,52,73,71,72,0.4166666666666667,,,,1,0,0,Lectura invalida de DHT
2026-04-25,20:09:06,maceta1,48,128,73,21,47,3.3333333333333335,4.583333333333334,,,1,0,1,Discrepancia alta entre sensores de humedad: 73% vs 21% | Lectura invalida de DHT
2026-04-25,20:09:06,maceta2,48,51,73,71,72,0.0,4.166666666666667,,,1,0,0,Lectura invalida de DHT
2026-04-25,21:09:43,maceta1,48,43,73,76,74,3.3333333333333335,4.583333333333334,,,1,0,0,Lectura invalida de DHT
2026-04-25,21:09:43,maceta2,128,128,21,21,21,0.0,3.75,,,1,0,0,Lectura invalida de DHT
2026-04-25,22:09:59,maceta1,48,43,73,76,74,2.916666666666667,5.0,,,1,0,0,Lectura invalida de DHT
2026-04-25,22:09:59,maceta2,128,128,21,21,21,0.0,4.166666666666667,,,1,0,0,Lectura invalida de DHT
2026-04-25,23:10:15,maceta1,128,128,21,21,21,2.916666666666667,4.583333333333334,,,1,0,1,Lectura invalida de DHT
2026-04-25,23:10:15,maceta2,49,52,73,71,72,0.0,3.75,,,1,0,0,Lectura invalida de DHT
2026-04-26,00:10:52,maceta1,128,128,21,21,21,2.916666666666667,5.0,,,1,0,1,Lectura invalida de DHT
2026-04-26,00:10:52,maceta2,49,52,73,71,72,0.0,4.166666666666667,,,1,0,0,Lectura invalida de DHT
2026-04-26,01:11:29,maceta1,48,44,73,76,74,2.916666666666667,4.583333333333334,,,1,0,0,Lectura invalida de DHT
2026-04-26,01:11:29,maceta2,49,52,73,71,72,0.0,4.166666666666667,,,1,0,0,Lectura invalida de DHT
2026-04-26,02:11:45,maceta1,48,44,73,76,74,3.3333333333333335,4.583333333333334,,,1,0,0,Lectura invalida de DHT
2026-04-26,02:11:45,maceta2,50,52,72,71,71,0.4166666666666667,4.166666666666667,,,1,0,0,Lectura invalida de DHT
2026-04-26,03:12:01,maceta1,49,44,73,76,74,2.916666666666667,5.0,,,1,0,0,Lectura invalida de DHT
2026-04-26,03:12:01,maceta2,128,128,21,21,21,0.0,3.75,,,1,0,0,Lectura invalida de DHT
2026-04-26,04:12:16,maceta1,128,111,21,32,26,3.3333333333333335,4.583333333333334,,,1,0,1,Lectura invalida de DHT
2026-04-26,04:12:16,maceta2,50,53,72,70,71,0.0,4.166666666666667,,,1,0,0,Lectura invalida de DHT
2026-04-26,05:12:54,maceta1,128,128,21,21,21,2.916666666666667,4.583333333333334,,,1,0,1,Lectura invalida de DHT
2026-04-26,05:12:54,maceta2,50,53,72,70,71,0.0,4.166666666666667,,,1,0,0,Lectura invalida de DHT
2026-04-26,06:13:31,maceta1,50,128,72,21,46,2.916666666666667,5.0,,,1,0,1,Discrepancia alta entre sensores de humedad: 72% vs 21% | Lectura invalida de DHT
2026-04-26,06:13:31,maceta2,50,53,72,70,71,0.0,3.75,,,1,0,0,Lectura invalida de DHT
2026-04-26,07:14:08,maceta1,50,45,72,75,73,2.916666666666667,4.583333333333334,,,0,0,0,Lectura invalida de DHT
2026-04-26,07:14:08,maceta2,128,128,21,21,21,0.0,3.3333333333333335,,,0,0,0,Lectura invalida de DHT
2026-04-26,08:14:24,maceta1,51,46,71,75,73,2.0833333333333335,,,,0,0,0,Lectura invalida de DHT
2026-04-26,08:14:24,maceta2,51,54,71,69,70,2.5,,,,0,0,0,Lectura invalida de DHT
2026-04-26,09:14:33,maceta1,51,46,71,75,73,5.0,,,,0,0,0,Lectura invalida de DHT
2026-04-26,09:14:33,maceta2,128,128,21,21,21,4.583333333333334,,,,0,0,0,Lectura invalida de DHT
2026-04-26,10:14:43,maceta1,128,128,21,21,21,8.333333333333334,,,,0,0,1,Lectura invalida de DHT
2026-04-26,10:14:43,maceta2,51,54,71,69,70,6.666666666666667,,,,0,0,0,Lectura invalida de DHT
2026-04-26,11:15:17,maceta1,52,46,71,75,73,11.25,,,,0,0,0,Lectura invalida de DHT
2026-04-26,11:15:17,maceta2,51,128,71,21,46,8.333333333333334,,,,0,0,0,Lectura invalida de DHT
2026-04-26,12:15:27,maceta1,128,128,21,21,21,12.916666666666668,,,,0,0,1,Lectura invalida de DHT
2026-04-26,12:15:27,maceta2,51,54,71,69,70,12.5,,,,0,0,0,Lectura invalida de DHT
2026-04-26,13:16:01,maceta1,128,111,21,32,26,13.333333333333334,,,,0,0,1,Lectura invalida de DHT
2026-04-26,13:16:01,maceta2,51,54,71,69,70,13.75,,,,0,0,0,Lectura invalida de DHT
2026-04-26,14:16:35,maceta1,67,128,61,21,41,10.833333333333334,,,,0,0,1,Lectura invalida de DHT
2026-04-26,14:16:35,maceta2,51,54,71,69,70,11.25,,,,0,0,0,Lectura invalida de DHT
2026-04-26,15:17:09,maceta1,128,128,21,21,21,8.333333333333334,,,,0,0,1,Lectura invalida de DHT
2026-04-26,15:17:09,maceta2,51,54,71,69,70,17.916666666666668,,,,0,0,0,Lectura invalida de DHT
2026-04-26,16:17:43,maceta1,52,46,71,75,73,3.3333333333333335,,,,0,0,0,Lectura invalida de DHT
2026-04-26,16:17:43,maceta2,128,128,21,21,21,8.333333333333334,,,,0,0,0,Lectura invalida de DHT
2026-04-26,17:17:53,maceta1,128,128,21,21,21,10.0,,,,0,0,1,Lectura invalida de DHT
2026-04-26,17:17:53,maceta2,51,54,71,69,70,12.083333333333334,,,,0,0,0,Lectura invalida de DHT
2026-04-26,18:18:27,maceta1,52,46,71,75,73,0.0,,,,0,0,0,Lectura invalida de DHT
2026-04-26,18:18:27,maceta2,51,128,71,21,46,0.0,,,,0,0,0,Lectura invalida de DHT
2026-04-26,19:18:37,maceta1,128,128,21,21,21,0.0,,,,1,0,1,Lectura invalida de DHT
2026-04-26,19:18:37,maceta2,52,54,71,69,70,0.4166666666666667,,,,1,0,0,Lectura invalida de DHT
2026-04-26,20:19:11,maceta1,128,111,21,32,26,2.916666666666667,4.583333333333334,,,1,0,1,Lectura invalida de DHT
2026-04-26,20:19:11,maceta2,51,54,71,69,70,0.0,4.166666666666667,,,1,0,0,Lectura invalida de DHT
2026-04-26,21:19:48,maceta1,128,128,21,21,21,2.916666666666667,5.0,,,1,0,1,Lectura invalida de DHT
2026-04-26,21:19:48,maceta2,52,55,71,69,70,0.4166666666666667,4.166666666666667,,,1,0,0,Lectura invalida de DHT
2026-04-26,22:20:26,maceta1,52,128,71,21,46,3.3333333333333335,4.583333333333334,,,1,0,1,Lectura invalida de DHT
2026-04-26,22:20:26,maceta2,52,55,71,69,70,0.0,4.166666666666667,,,1,0,0,Lectura invalida de DHT
2026-04-26,23:21:03,maceta1,52,46,71,75,73,2.916666666666667,4.583333333333334,,,1,0,0,Lectura invalida de DHT
2026-04-26,23:21:03,maceta2,128,128,21,21,21,0.0,4.166666666666667,,,1,0,0,Lectura invalida de DHT
2026-04-27,00:21:19,maceta1,52,46,71,75,73,2.916666666666667,5.0,,,1,0,0,Lectura invalida de DHT
2026-04-27,00:21:19,maceta2,128,128,21,21,21,0.0,4.166666666666667,,,1,0,0,Lectura invalida de DHT
2026-04-27,01:21:34,maceta1,128,128,21,21,21,2.916666666666667,4.583333333333334,,,1,0,1,Lectura invalida de DHT
2026-04-27,01:21:34,maceta2,52,55,71,69,70,0.0,4.166666666666667,,,1,0,0,Lectura invalida de DHT
2026-04-27,02:22:11,maceta1,128,128,21,21,21,2.916666666666667,4.583333333333334,,,1,0,1,Lectura invalida de DHT
2026-04-27,02:22:11,maceta2,53,55,70,69,69,0.0,4.166666666666667,,,1,0,0,Lectura invalida de DHT
2026-04-27,03:22:49,maceta1,53,47,70,74,72,3.3333333333333335,5.0,,,1,0,0,Lectura invalida de DHT
2026-04-27,03:22:49,maceta2,53,55,70,69,69,0.0,4.166666666666667,,,1,0,0,Lectura invalida de DHT
2026-04-27,04:23:04,maceta1,54,47,69,74,71,3.3333333333333335,5.0,,,1,0,0,Lectura invalida de DHT
2026-04-27,04:23:04,maceta2,53,55,70,69,69,0.0,4.166666666666667,,,1,0,0,Lectura invalida de DHT
2026-04-27,05:23:20,maceta1,54,47,69,74,71,3.3333333333333335,4.583333333333334,,,1,0,0,Lectura invalida de DHT
2026-04-27,05:23:20,maceta2,128,128,21,21,21,0.0,4.166666666666667,,,1,0,0,Lectura invalida de DHT
2026-04-27,06:23:36,maceta1,128,112,21,31,26,3.3333333333333335,5.0,,,1,0,1,Lectura invalida de DHT
2026-04-27,06:23:36,maceta2,53,99,70,40,55,0.0,4.166666666666667,,,1,0,0,Lectura invalida de DHT
2026-04-27,07:24:13,maceta1,128,128,21,21,21,3.3333333333333335,5.416666666666667,,,0,0,1,Lectura invalida de DHT
2026-04-27,07:24:13,maceta2,53,56,70,68,69,0.0,3.75,,,0,0,0,Lectura invalida de DHT
2026-04-27,08:24:50,maceta1,56,128,68,21,44,3.3333333333333335,,,,0,0,1,Lectura invalida de DHT
2026-04-27,08:24:50,maceta2,54,56,69,68,68,3.3333333333333335,,,,0,0,0,Lectura invalida de DHT
2026-04-27,09:25:25,maceta1,128,128,21,21,21,5.0,,,,0,0,1,Lectura invalida de DHT
2026-04-27,09:25:25,maceta2,54,56,69,68,68,4.583333333333334,,,,0,0,0,Lectura invalida de DHT
2026-04-27,10:25:59,maceta1,56,49,68,73,70,8.333333333333334,,,,0,0,0,Lectura invalida de DHT
2026-04-27,10:25:59,maceta2,128,128,21,21,21,6.25,,,,0,0,0,Lectura invalida de DHT
2026-04-27,11:26:08,maceta1,128,128,21,21,21,11.25,,,,0,0,1,Lectura invalida de DHT
2026-04-27,11:26:08,maceta2,54,56,69,68,68,8.75,,,,0,0,0,Lectura invalida de DHT
2026-04-27,12:26:43,maceta1,56,49,68,73,70,12.916666666666668,,,,0,0,0,Lectura invalida de DHT
2026-04-27,12:26:43,maceta2,53,128,70,21,45,12.5,,,,0,0,0,Lectura invalida de DHT
2026-04-27,13:26:52,maceta1,128,128,21,21,21,12.5,,,,0,0,1,Lectura invalida de DHT
2026-04-27,13:26:52,maceta2,53,56,70,68,69,13.333333333333334,,,,0,0,0,Lectura invalida de DHT
2026-04-27,14:27:26,maceta1,128,112,21,31,26,9.583333333333334,,,,0,0,1,Lectura invalida de DHT
2026-04-27,14:27:26,maceta2,53,56,70,68,69,14.583333333333334,,,,0,0,0,Lectura invalida de DHT
2026-04-27,15:28:01,maceta1,70,128,59,21,40,3.75,,,,0,0,1,Lectura invalida de DHT
2026-04-27,15:28:01,maceta2,53,56,70,68,69,7.083333333333334,,,,0,0,0,Lectura invalida de DHT
2026-04-27,16:28:35,maceta1,128,128,21,21,21,2.5,,,,0,0,1,Lectura invalida de DHT
2026-04-27,16:28:35,maceta2,53,56,70,68,69,4.583333333333334,,,,0,0,0,Lectura invalida de DHT
2026-04-27,17:29:09,maceta1,56,49,68,73,70,226.25,,,,0,0,0,Lectura invalida de DHT
2026-04-27,17:29:09,maceta2,128,128,21,21,21,111.66666666666667,,,,0,0,0,Lectura invalida de DHT
2026-04-27,18:29:19,maceta1,128,128,21,21,21,147.08333333333334,,,,0,0,1,Lectura invalida de DHT
2026-04-27,18:29:19,maceta2,53,56,70,68,69,93.75,,,,0,0,0,Lectura invalida de DHT
2026-04-27,19:29:53,maceta1,56,49,68,73,70,0.0,,,,1,0,0,Lectura invalida de DHT
2026-04-27,19:29:53,maceta2,53,128,70,21,45,0.4166666666666667,,,,1,0,0,Lectura invalida de DHT
2026-04-27,20:30:02,maceta1,128,128,21,21,21,3.3333333333333335,4.583333333333334,,,1,0,1,Lectura invalida de DHT
2026-04-27,20:30:02,maceta2,52,55,71,69,70,0.4166666666666667,4.166666666666667,,,1,0,0,Lectura invalida de DHT
2026-04-27,21:30:40,maceta1,54,47,69,74,71,3.3333333333333335,4.583333333333334,,,1,0,0,Lectura invalida de DHT
2026-04-27,21:30:40,maceta2,52,55,71,69,70,0.0,4.166666666666667,,,1,0,0,Lectura invalida de DHT
2026-04-27,22:30:55,maceta1,55,48,69,73,71,2.916666666666667,4.166666666666667,,,1,0,0,Lectura invalida de DHT
2026-04-27,22:30:55,maceta2,128,128,21,21,21,0.0,4.166666666666667,,,1,0,0,Lectura invalida de DHT
2026-04-27,23:31:11,maceta1,128,96,21,42,31,2.916666666666667,4.166666666666667,,,1,0,1,Lectura invalida de DHT
2026-04-27,23:31:11,maceta2,52,55,71,69,70,0.4166666666666667,4.166666666666667,,,1,0,0,Lectura invalida de DHT
2026-04-28,00:31:48,maceta1,128,128,21,21,21,2.916666666666667,4.583333333333334,,,1,0,1,Lectura invalida de DHT
2026-04-28,00:31:48,maceta2,52,55,71,69,70,0.0,4.166666666666667,,,1,0,0,Lectura invalida de DHT
2026-04-28,01:32:26,maceta1,55,128,69,21,45,2.916666666666667,4.583333333333334,,,1,0,1,Lectura invalida de DHT
2026-04-28,01:32:26,maceta2,53,55,70,69,69,0.0,4.166666666666667,,,1,0,0,Lectura invalida de DHT
2026-04-28,02:33:03,maceta1,56,48,68,73,70,2.916666666666667,4.166666666666667,,,1,0,0,Lectura invalida de DHT
2026-04-28,02:33:03,maceta2,128,128,21,21,21,0.4166666666666667,4.166666666666667,,,1,0,0,Lectura invalida de DHT
2026-04-28,03:33:19,maceta1,56,48,68,73,70,2.916666666666667,4.583333333333334,,,1,0,0,Lectura invalida de DHT
2026-04-28,03:33:19,maceta2,128,128,21,21,21,0.4166666666666667,4.166666666666667,,,1,0,0,Lectura invalida de DHT
2026-04-28,04:33:34,maceta1,128,128,21,21,21,2.916666666666667,4.166666666666667,,,1,0,1,Lectura invalida de DHT
2026-04-28,04:33:34,maceta2,52,56,71,68,69,0.0,4.166666666666667,,,1,0,0,Lectura invalida de DHT
2026-04-28,05:34:11,maceta1,128,128,21,21,21,2.916666666666667,4.583333333333334,,,1,0,1,Lectura invalida de DHT
2026-04-28,05:34:11,maceta2,53,56,70,68,69,0.4166666666666667,4.166666666666667,,,1,0,0,Lectura invalida de DHT
2026-04-28,06:34:49,maceta1,57,48,67,73,70,2.916666666666667,4.583333333333334,,,1,0,0,Lectura invalida de DHT
2026-04-28,06:34:49,maceta2,53,56,70,68,69,0.4166666666666667,4.166666666666667,,,1,0,0,Lectura invalida de DHT
2026-04-28,07:35:04,maceta1,57,49,67,73,70,3.3333333333333335,4.583333333333334,,,0,0,0,Lectura invalida de DHT
2026-04-28,07:35:04,maceta2,53,56,70,68,69,0.0,3.75,,,0,0,0,Lectura invalida de DHT
2026-04-28,08:35:20,maceta1,59,50,66,72,69,0.0,,,,0,0,1,Lectura invalida de DHT
2026-04-28,08:35:20,maceta2,54,56,69,68,68,0.4166666666666667,,,,0,0,0,Lectura invalida de DHT
2026-04-28,09:35:54,maceta1,128,128,21,21,21,0.8333333333333334,,,,0,0,1,Lectura invalida de DHT
2026-04-28,09:35:54,maceta2,53,56,70,68,69,2.0833333333333335,,,,0,0,0,Lectura invalida de DHT
2026-04-28,16:22:32,maceta1,4,88,100,47,73,,,,,0,0,0,Discrepancia alta entre sensores de humedad: 100% vs 47% | Lectura invalida de DHT
2026-04-28,16:22:32,maceta2,128,128,21,21,21,,,,,0,0,0,Lectura invalida de DHT
2026-04-28,17:36:05,maceta1,,,,,,102.91666666666667,,,,1,0,0,"Fallo en ambos sensores de humedad de suelo | Lectura invalida de DHT | Sin humedad de suelo valida, no se habilita riego automatico"
2026-04-28,17:36:05,maceta2,,,,,,,,,,0,0,0,"Fallo en ambos sensores de humedad de suelo | Lectura invalida de DHT | No hay lectura valida de lux, se mantiene el ultimo estado de luz"
2026-04-28,17:37:24,maceta1,,,,,,102.91666666666667,,,,1,0,0,"Fallo en ambos sensores de humedad de suelo | Lectura invalida de DHT | Sin humedad de suelo valida, no se habilita riego automatico"
2026-04-28,17:37:24,maceta2,,,,,,,,,,0,0,0,"Fallo en ambos sensores de humedad de suelo | Lectura invalida de DHT | No hay lectura valida de lux, se mantiene el ultimo estado de luz"
2026-04-28,17:38:41,maceta1,,,,,,,,,,1,0,0,"Fallo en ambos sensores de humedad de suelo | Lectura invalida de DHT | Sin humedad de suelo valida, no se habilita riego automatico"
2026-04-28,17:38:41,maceta2,,,,,,,,,,1,0,0,Fallo en ambos sensores de humedad de suelo | Lectura invalida de DHT
2026-04-28,18:38:46,maceta1,,,,,,,,,,1,0,0,"Fallo en ambos sensores de humedad de suelo | Lectura invalida de DHT | Sin humedad de suelo valida, no se habilita riego automatico"
2026-04-28,18:38:46,maceta2,,,,,,,,,,1,0,0,Fallo en ambos sensores de humedad de suelo | Lectura invalida de DHT
2026-04-28,19:38:50,maceta1,,,,,,,,,,1,0,0,"Fallo en ambos sensores de humedad de suelo | Lectura invalida de DHT | Sin humedad de suelo valida, no se habilita riego automatico"
2026-04-28,19:38:50,maceta2,,,,,,,,,,1,0,0,Fallo en ambos sensores de humedad de suelo | Lectura invalida de DHT
2026-04-28,20:38:55,maceta1,,,,,,,,,,1,0,0,"Fallo en ambos sensores de humedad de suelo | Lectura invalida de DHT | Sin humedad de suelo valida, no se habilita riego automatico"
2026-04-28,20:38:55,maceta2,,,,,,,,,,1,0,0,Fallo en ambos sensores de humedad de suelo | Lectura invalida de DHT
2026-04-28,21:39:00,maceta1,,,,,,,,,,1,0,0,"Fallo en ambos sensores de humedad de suelo | Lectura invalida de DHT | Sin humedad de suelo valida, no se habilita riego automatico"
2026-04-28,21:39:00,maceta2,,,,,,,,,,1,0,0,Fallo en ambos sensores de humedad de suelo | Lectura invalida de DHT
2026-04-28,22:39:05,maceta1,,,,,,,,,,1,0,0,"Fallo en ambos sensores de humedad de suelo | Lectura invalida de DHT | Sin humedad de suelo valida, no se habilita riego automatico"
2026-04-28,22:39:05,maceta2,,,,,,,,,,1,0,0,Fallo en ambos sensores de humedad de suelo | Lectura invalida de DHT
2026-04-28,23:39:09,maceta1,,,,,,,,,,1,0,0,"Fallo en ambos sensores de humedad de suelo | Lectura invalida de DHT | Sin humedad de suelo valida, no se habilita riego automatico"
2026-04-28,23:39:09,maceta2,,,,,,,,,,1,0,0,Fallo en ambos sensores de humedad de suelo | Lectura invalida de DHT
2026-04-29,00:39:14,maceta1,,,,,,,,,,1,0,0,"Fallo en ambos sensores de humedad de suelo | Lectura invalida de DHT | Sin humedad de suelo valida, no se habilita riego automatico"
2026-04-29,00:39:14,maceta2,,,,,,,,,,1,0,0,Fallo en ambos sensores de humedad de suelo | Lectura invalida de DHT
2026-04-29,01:39:19,maceta1,,,,,,,,,,1,0,0,"Fallo en ambos sensores de humedad de suelo | Lectura invalida de DHT | Sin humedad de suelo valida, no se habilita riego automatico"
2026-04-29,01:39:19,maceta2,,,,,,,,,,1,0,0,Fallo en ambos sensores de humedad de suelo | Lectura invalida de DHT
2026-04-29,02:39:23,maceta1,,,,,,,,,,1,0,0,"Fallo en ambos sensores de humedad de suelo | Lectura invalida de DHT | Sin humedad de suelo valida, no se habilita riego automatico"
2026-04-29,02:39:23,maceta2,,,,,,,,,,1,0,0,Fallo en ambos sensores de humedad de suelo | Lectura invalida de DHT
2026-04-29,03:39:28,maceta1,,,,,,,,,,1,0,0,"Fallo en ambos sensores de humedad de suelo | Lectura invalida de DHT | Sin humedad de suelo valida, no se habilita riego automatico"
2026-04-29,03:39:28,maceta2,,,,,,,,,,1,0,0,Fallo en ambos sensores de humedad de suelo | Lectura invalida de DHT
2026-04-29,04:39:33,maceta1,,,,,,,,,,1,0,0,"Fallo en ambos sensores de humedad de suelo | Lectura invalida de DHT | Sin humedad de suelo valida, no se habilita riego automatico"
2026-04-29,04:39:33,maceta2,,,,,,,,,,1,0,0,Fallo en ambos sensores de humedad de suelo | Lectura invalida de DHT
2026-04-29,05:39:38,maceta1,,,,,,,,,,0,0,0,"Fallo en ambos sensores de humedad de suelo | Lectura invalida de DHT | Sin humedad de suelo valida, no se habilita riego automatico"
2026-04-29,05:39:38,maceta2,,,,,,,,,,0,0,0,Fallo en ambos sensores de humedad de suelo | Lectura invalida de DHT
2026-04-29,06:39:42,maceta1,,,,,,,,,,0,0,0,"Fallo en ambos sensores de humedad de suelo | Lectura invalida de DHT | Sin humedad de suelo valida, no se habilita riego automatico"
2026-04-29,06:39:42,maceta2,,,,,,,,,,0,0,0,Fallo en ambos sensores de humedad de suelo | Lectura invalida de DHT
2026-04-29,07:39:47,maceta1,,,,,,,,,,0,0,0,"Fallo en ambos sensores de humedad de suelo | Lectura invalida de DHT | Sin humedad de suelo valida, no se habilita riego automatico"
2026-04-29,07:39:47,maceta2,,,,,,,,,,0,0,0,Fallo en ambos sensores de humedad de suelo | Lectura invalida de DHT
2026-04-29,08:39:52,maceta1,,,,,,,,,,0,0,0,"Fallo en ambos sensores de humedad de suelo | Lectura invalida de DHT | Sin humedad de suelo valida, no se habilita riego automatico"
2026-04-29,08:39:52,maceta2,,,,,,,,,,0,0,0,Fallo en ambos sensores de humedad de suelo | Lectura invalida de DHT
2026-04-29,09:39:56,maceta1,,,,,,,,,,0,0,0,"Fallo en ambos sensores de humedad de suelo | Lectura invalida de DHT | Sin humedad de suelo valida, no se habilita riego automatico"
2026-04-29,09:39:56,maceta2,,,,,,,,,,0,0,0,Fallo en ambos sensores de humedad de suelo | Lectura invalida de DHT
2026-04-29,10:40:01,maceta1,,,,,,,,,,0,0,0,"Fallo en ambos sensores de humedad de suelo | Lectura invalida de DHT | Sin humedad de suelo valida, no se habilita riego automatico"
2026-04-29,10:40:01,maceta2,,,,,,,,,,0,0,0,Fallo en ambos sensores de humedad de suelo | Lectura invalida de DHT
2026-04-29,11:40:06,maceta1,,,,,,,,,,0,0,0,"Fallo en ambos sensores de humedad de suelo | Lectura invalida de DHT | Sin humedad de suelo valida, no se habilita riego automatico"
2026-04-29,11:40:06,maceta2,,,,,,,,,,0,0,0,Fallo en ambos sensores de humedad de suelo | Lectura invalida de DHT
2026-04-29,12:40:10,maceta1,,,,,,,,,,0,0,0,"Fallo en ambos sensores de humedad de suelo | Lectura invalida de DHT | Sin humedad de suelo valida, no se habilita riego automatico"
2026-04-29,12:40:10,maceta2,,,,,,,,,,0,0,0,Fallo en ambos sensores de humedad de suelo | Lectura invalida de DHT
2026-04-29,13:40:15,maceta1,,,,,,,,,,0,0,0,"Fallo en ambos sensores de humedad de suelo | Lectura invalida de DHT | Sin humedad de suelo valida, no se habilita riego automatico"
2026-04-29,13:40:15,maceta2,,,,,,,,,,0,0,0,Fallo en ambos sensores de humedad de suelo | Lectura invalida de DHT
2026-04-29,14:40:20,maceta1,,,,,,,,,,0,0,0,"Fallo en ambos sensores de humedad de suelo | Lectura invalida de DHT | Sin humedad de suelo valida, no se habilita riego automatico"
2026-04-29,14:40:20,maceta2,,,,,,,,,,0,0,0,Fallo en ambos sensores de humedad de suelo | Lectura invalida de DHT
2026-04-29,15:40:25,maceta1,,,,,,,,,,0,0,0,"Fallo en ambos sensores de humedad de suelo | Lectura invalida de DHT | Sin humedad de suelo valida, no se habilita riego automatico"
2026-04-29,15:40:25,maceta2,,,,,,,,,,0,0,0,Fallo en ambos sensores de humedad de suelo | Lectura invalida de DHT
2026-04-29,16:40:29,maceta1,,,,,,,,,,0,0,0,"Fallo en ambos sensores de humedad de suelo | Lectura invalida de DHT | Sin humedad de suelo valida, no se habilita riego automatico"
2026-04-29,16:40:29,maceta2,,,,,,,,,,0,0,0,Fallo en ambos sensores de humedad de suelo | Lectura invalida de DHT
2026-04-29,17:40:34,maceta1,,,,,,,,,,1,0,0,"Fallo en ambos sensores de humedad de suelo | Lectura invalida de DHT | Sin humedad de suelo valida, no se habilita riego automatico"
2026-04-29,17:40:34,maceta2,,,,,,,,,,1,0,0,Fallo en ambos sensores de humedad de suelo | Lectura invalida de DHT
2026-04-29,18:40:39,maceta1,,,,,,,,,,1,0,0,"Fallo en ambos sensores de humedad de suelo | Lectura invalida de DHT | Sin humedad de suelo valida, no se habilita riego automatico"
2026-04-29,18:40:39,maceta2,,,,,,,,,,1,0,0,Fallo en ambos sensores de humedad de suelo | Lectura invalida de DHT
2026-04-29,19:40:43,maceta1,,,,,,,,,,1,0,0,"Fallo en ambos sensores de humedad de suelo | Lectura invalida de DHT | Sin humedad de suelo valida, no se habilita riego automatico"
2026-04-29,19:40:43,maceta2,,,,,,,,,,1,0,0,Fallo en ambos sensores de humedad de suelo | Lectura invalida de DHT
2026-04-29,20:40:48,maceta1,,,,,,,,,,1,0,0,"Fallo en ambos sensores de humedad de suelo | Lectura invalida de DHT | Sin humedad de suelo valida, no se habilita riego automatico"
2026-04-29,20:40:48,maceta2,,,,,,,,,,1,0,0,Fallo en ambos sensores de humedad de suelo | Lectura invalida de DHT
2026-04-29,21:40:53,maceta1,,,,,,,,,,1,0,0,"Fallo en ambos sensores de humedad de suelo | Lectura invalida de DHT | Sin humedad de suelo valida, no se habilita riego automatico"
2026-04-29,21:40:53,maceta2,,,,,,,,,,1,0,0,Fallo en ambos sensores de humedad de suelo | Lectura invalida de DHT
2026-04-29,22:40:58,maceta1,,,,,,,,,,1,0,0,"Fallo en ambos sensores de humedad de suelo | Lectura invalida de DHT | Sin humedad de suelo valida, no se habilita riego automatico"
2026-04-29,22:40:58,maceta2,,,,,,,,,,1,0,0,Fallo en ambos sensores de humedad de suelo | Lectura invalida de DHT
2026-04-29,23:41:02,maceta1,,,,,,,,,,1,0,0,"Fallo en ambos sensores de humedad de suelo | Lectura invalida de DHT | Sin humedad de suelo valida, no se habilita riego automatico"
2026-04-29,23:41:02,maceta2,,,,,,,,,,1,0,0,Fallo en ambos sensores de humedad de suelo | Lectura invalida de DHT
2026-04-30,00:41:07,maceta1,,,,,,,,,,1,0,0,"Fallo en ambos sensores de humedad de suelo | Lectura invalida de DHT | Sin humedad de suelo valida, no se habilita riego automatico"
2026-04-30,00:41:07,maceta2,,,,,,,,,,1,0,0,Fallo en ambos sensores de humedad de suelo | Lectura invalida de DHT
2026-04-30,01:41:12,maceta1,,,,,,,,,,1,0,0,"Fallo en ambos sensores de humedad de suelo | Lectura invalida de DHT | Sin humedad de suelo valida, no se habilita riego automatico"
2026-04-30,01:41:12,maceta2,,,,,,,,,,1,0,0,Fallo en ambos sensores de humedad de suelo | Lectura invalida de DHT
2026-04-30,02:41:16,maceta1,,,,,,,,,,1,0,0,"Fallo en ambos sensores de humedad de suelo | Lectura invalida de DHT | Sin humedad de suelo valida, no se habilita riego automatico"
2026-04-30,02:41:16,maceta2,,,,,,,,,,1,0,0,Fallo en ambos sensores de humedad de suelo | Lectura invalida de DHT
2026-04-30,03:41:21,maceta1,,,,,,,,,,1,0,0,"Fallo en ambos sensores de humedad de suelo | Lectura invalida de DHT | Sin humedad de suelo valida, no se habilita riego automatico"
2026-04-30,03:41:21,maceta2,,,,,,,,,,1,0,0,Fallo en ambos sensores de humedad de suelo | Lectura invalida de DHT
2026-04-30,04:41:26,maceta1,,,,,,,,,,1,0,0,"Fallo en ambos sensores de humedad de suelo | Lectura invalida de DHT | Sin humedad de suelo valida, no se habilita riego automatico"
2026-04-30,04:41:26,maceta2,,,,,,,,,,1,0,0,Fallo en ambos sensores de humedad de suelo | Lectura invalida de DHT
2026-04-30,05:41:30,maceta1,,,,,,,,,,0,0,0,"Fallo en ambos sensores de humedad de suelo | Lectura invalida de DHT | Sin humedad de suelo valida, no se habilita riego automatico"
2026-04-30,05:41:30,maceta2,,,,,,,,,,0,0,0,Fallo en ambos sensores de humedad de suelo | Lectura invalida de DHT
2026-04-30,06:41:35,maceta1,,,,,,,,,,0,0,0,"Fallo en ambos sensores de humedad de suelo | Lectura invalida de DHT | Sin humedad de suelo valida, no se habilita riego automatico"
2026-04-30,06:41:35,maceta2,,,,,,,,,,0,0,0,Fallo en ambos sensores de humedad de suelo | Lectura invalida de DHT
2026-04-30,07:41:40,maceta1,,,,,,,,,,0,0,0,"Fallo en ambos sensores de humedad de suelo | Lectura invalida de DHT | Sin humedad de suelo valida, no se habilita riego automatico"
2026-04-30,07:41:40,maceta2,,,,,,,,,,0,0,0,Fallo en ambos sensores de humedad de suelo | Lectura invalida de DHT
2026-04-30,08:41:45,maceta1,,,,,,,,,,0,0,0,"Fallo en ambos sensores de humedad de suelo | Lectura invalida de DHT | Sin humedad de suelo valida, no se habilita riego automatico"
2026-04-30,08:41:45,maceta2,,,,,,,,,,0,0,0,Fallo en ambos sensores de humedad de suelo | Lectura invalida de DHT
2026-04-30,09:41:49,maceta1,,,,,,,,,,0,0,0,"Fallo en ambos sensores de humedad de suelo | Lectura invalida de DHT | Sin humedad de suelo valida, no se habilita riego automatico"
2026-04-30,09:41:49,maceta2,,,,,,,,,,0,0,0,Fallo en ambos sensores de humedad de suelo | Lectura invalida de DHT
2026-04-30,10:41:54,maceta1,,,,,,,,,,0,0,0,"Fallo en ambos sensores de humedad de suelo | Lectura invalida de DHT | Sin humedad de suelo valida, no se habilita riego automatico"
2026-04-30,10:41:54,maceta2,,,,,,,,,,0,0,0,Fallo en ambos sensores de humedad de suelo | Lectura invalida de DHT
2026-04-30,11:41:59,maceta1,,,,,,,,,,0,0,0,"Fallo en ambos sensores de humedad de suelo | Lectura invalida de DHT | Sin humedad de suelo valida, no se habilita riego automatico"
2026-04-30,11:41:59,maceta2,,,,,,,,,,0,0,0,Fallo en ambos sensores de humedad de suelo | Lectura invalida de DHT
2026-04-30,12:42:03,maceta1,,,,,,,,,,0,0,0,"Fallo en ambos sensores de humedad de suelo | Lectura invalida de DHT | Sin humedad de suelo valida, no se habilita riego automatico"
2026-04-30,12:42:03,maceta2,,,,,,,,,,0,0,0,Fallo en ambos sensores de humedad de suelo | Lectura invalida de DHT
2026-04-30,13:42:08,maceta1,,,,,,,,,,0,0,0,"Fallo en ambos sensores de humedad de suelo | Lectura invalida de DHT | Sin humedad de suelo valida, no se habilita riego automatico"
2026-04-30,13:42:08,maceta2,,,,,,,,,,0,0,0,Fallo en ambos sensores de humedad de suelo | Lectura invalida de DHT
2026-04-30,14:42:13,maceta1,,,,,,,,,,0,0,0,"Fallo en ambos sensores de humedad de suelo | Lectura invalida de DHT | Sin humedad de suelo valida, no se habilita riego automatico"
2026-04-30,14:42:13,maceta2,,,,,,,,,,0,0,0,Fallo en ambos sensores de humedad de suelo | Lectura invalida de DHT
2026-05-11,19:18:06,maceta1,0,0,100,100,100,,,,,1,0,0,Lectura invalida de DHT
2026-05-11,19:18:06,maceta2,0,0,100,100,100,,,16.0,42.6,1,0,0,
2026-05-11,19:18:37,maceta1,0,0,100,100,100,,,,,1,0,0,Lectura invalida de DHT
2026-05-11,19:18:37,maceta2,0,0,100,100,100,,,16.4,44.1,1,0,0,
2026-05-11,19:19:22,maceta1,0,0,100,100,100,,,,,1,0,0,Lectura invalida de DHT
2026-05-11,19:19:22,maceta2,0,0,100,100,100,,,16.4,44.1,1,0,0,
2026-05-11,19:19:51,maceta1,0,0,100,100,100,,,,,1,0,0,Lectura invalida de DHT
2026-05-11,19:19:51,maceta2,0,0,100,100,100,,,16.4,44.2,1,0,0,
2026-05-11,19:20:23,maceta1,0,0,100,100,100,,,,,1,0,0,Lectura invalida de DHT
2026-05-11,19:20:23,maceta2,0,0,100,100,100,,,16.4,44.1,1,0,0,
2026-05-11,19:21:33,maceta1,0,0,100,100,100,,,,,1,0,0,Lectura invalida de DHT
2026-05-11,19:21:33,maceta2,0,0,100,100,100,,,16.4,44.1,1,0,0,
2026-05-11,19:22:08,maceta1,0,0,100,100,100,,,,,1,0,0,Lectura invalida de DHT
2026-05-11,19:22:08,maceta2,0,0,100,100,100,,,16.4,44.2,1,0,0,
2026-05-11,19:22:50,maceta1,0,0,100,100,100,,,,,1,0,0,Lectura invalida de DHT
2026-05-11,19:22:50,maceta2,0,0,100,100,100,,,16.4,44.1,1,0,0,
2026-05-11,19:23:23,maceta1,0,0,100,100,100,,,,,1,0,0,Lectura invalida de DHT
2026-05-11,19:23:23,maceta2,0,0,100,100,100,,,16.4,44.2,1,0,0,
2026-05-11,19:23:51,maceta1,0,0,100,100,100,,,,,1,0,0,Lectura invalida de DHT
2026-05-11,19:23:51,maceta2,0,0,100,100,100,,,,,1,0,0,Lectura invalida de DHT
2026-05-11,19:24:20,maceta1,0,0,100,100,100,,,,,1,0,0,Lectura invalida de DHT
2026-05-11,19:24:20,maceta2,0,0,100,100,100,,,16.4,44.2,1,0,0,
2026-05-11,19:24:53,maceta1,0,0,100,100,100,,,,,1,0,0,Lectura invalida de DHT
2026-05-11,19:24:53,maceta2,0,0,100,100,100,,,16.4,44.2,1,0,0,
2026-05-11,19:25:25,maceta1,0,0,100,100,100,,,,,1,0,0,Lectura invalida de DHT
2026-05-11,19:25:25,maceta2,0,0,100,100,100,,,16.4,44.2,1,0,0,
2026-05-11,19:25:55,maceta1,0,0,100,100,100,,,,,1,0,0,Lectura invalida de DHT
2026-05-11,19:25:55,maceta2,0,0,100,100,100,,,16.4,44.2,1,0,0,
2026-05-11,19:26:28,maceta1,0,0,100,100,100,,,,,1,0,0,Lectura invalida de DHT
2026-05-11,19:26:28,maceta2,0,0,100,100,100,,,16.4,44.2,1,0,0,
2026-05-11,19:27:10,maceta1,0,0,100,100,100,,,,,1,0,0,Lectura invalida de DHT
2026-05-11,19:27:10,maceta2,0,0,100,100,100,,,16.4,44.2,1,0,0,
2026-05-11,19:27:51,maceta1,0,0,100,100,100,,,,,1,0,0,Lectura invalida de DHT
2026-05-11,19:27:51,maceta2,0,0,100,100,100,,,16.4,44.2,1,0,0,
2026-05-11,19:28:28,maceta1,0,0,100,100,100,,,,,1,0,0,Lectura invalida de DHT
2026-05-11,19:28:28,maceta2,0,0,100,100,100,,,16.4,44.3,1,0,0,
2026-05-11,19:28:56,maceta1,0,0,100,100,100,,,,,1,0,0,Lectura invalida de DHT
2026-05-11,19:28:56,maceta2,0,0,100,100,100,,,16.4,44.3,1,0,0,
2026-05-11,19:29:43,maceta1,0,0,100,100,100,,,,,1,0,0,Lectura invalida de DHT
2026-05-11,19:29:43,maceta2,0,0,100,100,100,,,16.4,44.3,1,0,0,
2026-05-11,19:30:13,maceta1,0,0,100,100,100,,,,,1,0,0,Lectura invalida de DHT
2026-05-11,19:30:13,maceta2,0,0,100,100,100,,,,,1,0,0,Lectura invalida de DHT
2026-05-11,19:30:59,maceta1,0,0,100,100,100,,,,,1,0,0,Lectura invalida de DHT
2026-05-11,19:30:59,maceta2,0,0,100,100,100,,,,,1,0,0,Lectura invalida de DHT
2026-05-11,19:31:28,maceta1,0,0,100,100,100,,,,,1,0,0,Lectura invalida de DHT
2026-05-11,19:31:28,maceta2,0,0,100,100,100,,,16.4,44.3,1,0,0,
2026-05-11,19:31:56,maceta1,0,0,100,100,100,,,,,1,0,0,Lectura invalida de DHT
2026-05-11,19:31:56,maceta2,0,0,100,100,100,,,16.4,44.3,1,0,0,
2026-05-11,19:32:22,maceta1,0,0,100,100,100,,,,,1,0,0,Lectura invalida de DHT
2026-05-11,19:32:22,maceta2,0,0,100,100,100,,,,,1,0,0,Lectura invalida de DHT
2026-05-11,19:32:49,maceta1,0,0,100,100,100,,,,,1,0,0,Lectura invalida de DHT
2026-05-11,19:32:49,maceta2,0,0,100,100,100,,,16.4,44.3,1,0,0,
2026-05-11,19:33:16,maceta1,0,0,100,100,100,,,,,1,0,0,Lectura invalida de DHT
2026-05-11,19:33:16,maceta2,0,0,100,100,100,,,,,1,0,0,Lectura invalida de DHT
2026-05-11,19:33:43,maceta1,0,0,100,100,100,,,,,1,0,0,Lectura invalida de DHT
2026-05-11,19:33:43,maceta2,0,0,100,100,100,,,16.4,44.3,1,0,0,
2026-05-11,19:34:10,maceta1,0,0,100,100,100,,,,,1,0,0,Lectura invalida de DHT
2026-05-11,19:34:10,maceta2,0,0,100,100,100,,,,,1,0,0,Lectura invalida de DHT
2026-05-11,19:34:37,maceta1,0,0,100,100,100,,,,,1,0,0,Lectura invalida de DHT
2026-05-11,19:34:37,maceta2,0,0,100,100,100,,,,,1,0,0,Lectura invalida de DHT
2026-05-11,19:36:55,maceta1,0,0,100,100,100,,,18.8,45.6,1,0,0,
2026-05-11,19:36:55,maceta2,0,0,100,100,100,,,16.5,44.3,1,0,0,
2026-05-11,19:37:22,maceta1,0,0,100,100,100,,,18.7,48.6,1,0,0,
2026-05-11,19:37:22,maceta2,0,0,100,100,100,,,,,1,0,0,Lectura invalida de DHT
2026-05-11,19:38:03,maceta1,0,0,100,100,100,,,,,1,0,0,Lectura invalida de DHT
2026-05-11,19:38:03,maceta2,0,0,100,100,100,,,16.5,44.4,1,0,0,
2026-05-11,19:38:48,maceta1,0,0,100,100,100,,,18.7,45.9,1,0,0,
2026-05-11,19:38:48,maceta2,0,0,100,100,100,,,16.5,44.4,1,0,0,
2026-05-11,19:39:15,maceta1,0,0,100,100,100,,,,,1,0,0,Lectura invalida de DHT
2026-05-11,19:39:15,maceta2,0,0,100,100,100,,,16.5,44.4,1,0,0,
2026-05-11,19:39:50,maceta1,0,0,100,100,100,,,18.7,45.3,1,0,0,
2026-05-11,19:39:50,maceta2,0,0,100,100,100,,,,,1,0,0,Lectura invalida de DHT
2026-05-11,19:40:16,maceta1,0,0,100,100,100,,,,,1,0,0,Lectura invalida de DHT
2026-05-11,19:40:16,maceta2,0,0,100,100,100,,,16.5,44.5,1,0,0,
2026-05-11,19:40:43,maceta1,0,0,100,100,100,,,18.7,45.6,1,0,0,
2026-05-11,19:40:43,maceta2,0,0,100,100,100,,,16.5,44.4,1,0,0,
2026-05-11,19:41:11,maceta1,0,0,100,100,100,,,18.7,46.7,1,0,0,
2026-05-11,19:41:11,maceta2,0,0,100,100,100,,,16.5,44.4,1,0,0,
2026-05-11,19:41:38,maceta1,0,0,100,100,100,,,,,1,0,0,Lectura invalida de DHT
2026-05-11,19:41:38,maceta2,0,0,100,100,100,,,,,1,0,0,Lectura invalida de DHT
2026-05-11,19:42:07,maceta1,0,0,100,100,100,,,,,1,0,0,Lectura invalida de DHT
2026-05-11,19:42:07,maceta2,0,0,100,100,100,,,,,1,0,0,Lectura invalida de DHT
2026-05-11,19:42:35,maceta1,0,0,100,100,100,,,,,1,0,0,Lectura invalida de DHT
2026-05-11,19:42:35,maceta2,0,0,100,100,100,,,16.4,44.5,1,0,0,
2026-05-11,19:43:02,maceta1,0,0,100,100,100,,,,,1,0,0,Lectura invalida de DHT
2026-05-11,19:43:02,maceta2,0,0,100,100,100,,,16.4,44.5,1,0,0,
2026-05-11,19:43:29,maceta1,0,0,100,100,100,,,,,1,0,0,Lectura invalida de DHT
2026-05-11,19:43:29,maceta2,0,0,100,100,100,,,16.4,44.6,1,0,0,
2026-05-11,19:43:56,maceta1,0,0,100,100,100,,,,,1,0,0,Lectura invalida de DHT
2026-05-11,19:43:56,maceta2,0,0,100,100,100,,,16.4,44.5,1,0,0,
2026-05-11,19:44:23,maceta1,0,0,100,100,100,,,,,1,0,0,Lectura invalida de DHT
2026-05-11,19:44:23,maceta2,0,0,100,100,100,,,16.4,44.6,1,0,0,
2026-05-11,19:44:50,maceta1,0,0,100,100,100,,,,,1,0,0,Lectura invalida de DHT
2026-05-11,19:44:50,maceta2,0,0,100,100,100,,,16.4,44.6,1,0,0,
2026-05-11,19:45:16,maceta1,0,0,100,100,100,,,,,1,0,0,Lectura invalida de DHT
2026-05-11,19:45:16,maceta2,0,0,100,100,100,,,16.4,44.6,1,0,0,
2026-05-11,19:45:43,maceta1,0,0,100,100,100,,,,,1,0,0,Lectura invalida de DHT
2026-05-11,19:45:43,maceta2,0,0,100,100,100,,,,,1,0,0,Lectura invalida de DHT
2026-05-11,19:46:10,maceta1,0,0,100,100,100,,,18.8,44.9,1,0,0,
2026-05-11,19:46:10,maceta2,0,0,100,100,100,,,,,1,0,0,Lectura invalida de DHT
2026-05-11,19:46:42,maceta1,0,0,100,100,100,,,18.8,44.5,1,0,0,
2026-05-11,19:46:42,maceta2,0,0,100,100,100,,,16.4,44.6,1,0,0,
2026-05-11,19:47:08,maceta1,0,0,100,100,100,,,,,1,0,0,Lectura invalida de DHT
2026-05-11,19:47:08,maceta2,0,0,100,100,100,,,16.4,44.6,1,0,0,
2026-05-11,19:47:35,maceta1,0,0,100,100,100,,,18.8,44.3,1,0,0,
2026-05-11,19:47:35,maceta2,0,0,100,100,100,,,,,1,0,0,Lectura invalida de DHT
2026-05-11,19:48:03,maceta1,0,0,100,100,100,,,18.8,47.3,1,0,0,
2026-05-11,19:48:03,maceta2,0,0,100,100,100,,,16.4,44.6,1,0,0,
2026-05-11,19:48:30,maceta1,0,0,100,100,100,,,18.8,46.9,1,0,0,
2026-05-11,19:48:30,maceta2,0,0,100,100,100,,,16.4,44.6,1,0,0,
2026-05-11,19:48:57,maceta1,0,0,100,100,100,,,18.8,46.7,1,0,0,
2026-05-11,19:48:57,maceta2,0,0,100,100,100,,,16.4,44.6,1,0,0,
2026-05-11,19:49:24,maceta1,0,0,100,100,100,,,18.8,45.5,1,0,0,
2026-05-11,19:49:24,maceta2,0,0,100,100,100,,,,,1,0,0,Lectura invalida de DHT
2026-05-11,19:49:51,maceta1,0,0,100,100,100,,,,,1,0,0,Lectura invalida de DHT
2026-05-11,19:49:51,maceta2,0,0,100,100,100,,,16.4,44.7,1,0,0,
2026-05-11,19:50:25,maceta1,0,0,100,100,100,,,,,1,0,0,Lectura invalida de DHT
2026-05-11,19:50:25,maceta2,0,0,100,100,100,,,16.4,44.7,1,0,0,
2026-05-11,19:50:52,maceta1,0,0,100,100,100,,,,,1,0,0,Lectura invalida de DHT
2026-05-11,19:50:52,maceta2,0,0,100,100,100,,,16.4,44.7,1,0,0,
2026-05-11,19:51:27,maceta1,0,0,100,100,100,,,18.8,45.7,1,0,0,
2026-05-11,19:51:27,maceta2,0,0,100,100,100,,,,,1,0,0,Lectura invalida de DHT
2026-05-11,19:51:54,maceta1,0,0,100,100,100,,,,,1,0,0,Lectura invalida de DHT
2026-05-11,19:51:54,maceta2,0,0,100,100,100,,,16.4,44.7,1,0,0,
2026-05-11,19:52:21,maceta1,0,0,100,100,100,,,,,1,0,0,Lectura invalida de DHT
2026-05-11,19:52:21,maceta2,0,0,100,100,100,,,16.4,44.7,1,0,0,
2026-05-11,19:52:47,maceta1,0,0,100,100,100,,,,,1,0,0,Lectura invalida de DHT
2026-05-11,19:52:47,maceta2,0,0,100,100,100,,,16.4,44.7,1,0,0,
2026-05-11,19:53:22,maceta1,0,0,100,100,100,,,,,1,0,0,Lectura invalida de DHT
2026-05-11,19:53:22,maceta2,0,0,100,100,100,,,16.4,44.7,1,0,0,
2026-05-11,19:53:49,maceta1,0,0,100,100,100,,,,,1,0,0,Lectura invalida de DHT
2026-05-11,19:53:49,maceta2,0,0,100,100,100,,,16.4,44.7,1,0,0,
2026-05-11,19:54:16,maceta1,0,0,100,100,100,,,,,1,0,0,Lectura invalida de DHT
2026-05-11,19:54:16,maceta2,0,0,100,100,100,,,16.4,44.7,1,0,0,
2026-05-11,19:54:43,maceta1,0,0,100,100,100,,,,,1,0,0,Lectura invalida de DHT
2026-05-11,19:54:43,maceta2,0,0,100,100,100,,,16.4,44.7,1,0,0,
2026-05-11,19:55:10,maceta1,0,0,100,100,100,,,,,1,0,0,Lectura invalida de DHT
2026-05-11,19:55:10,maceta2,0,0,100,100,100,,,16.4,44.7,1,0,0,
2026-05-11,19:55:37,maceta1,0,0,100,100,100,,,,,1,0,0,Lectura invalida de DHT
2026-05-11,19:55:37,maceta2,0,0,100,100,100,,,16.3,44.7,1,0,0,
2026-05-11,19:56:03,maceta1,0,0,100,100,100,,,,,1,0,0,Lectura invalida de DHT
2026-05-11,19:56:03,maceta2,0,0,100,100,100,,,16.3,44.7,1,0,0,
2026-05-11,19:56:30,maceta1,0,0,100,100,100,,,,,1,0,0,Lectura invalida de DHT
2026-05-11,19:56:30,maceta2,0,0,100,100,100,,,,,1,0,0,Lectura invalida de DHT
2026-05-11,19:56:57,maceta1,0,0,100,100,100,,,,,1,0,0,Lectura invalida de DHT
2026-05-11,19:56:57,maceta2,0,0,100,100,100,,,16.3,44.7,1,0,0,
2026-05-11,19:57:24,maceta1,0,0,100,100,100,,,,,1,0,0,Lectura invalida de DHT
2026-05-11,19:57:24,maceta2,0,0,100,100,100,,,16.3,44.7,1,0,0,
2026-05-11,19:57:52,maceta1,0,0,100,100,100,,,,,1,0,0,Lectura invalida de DHT
2026-05-11,19:57:52,maceta2,0,0,100,100,100,,,,,1,0,0,Lectura invalida de DHT
2026-05-11,19:58:19,maceta1,0,0,100,100,100,,,,,1,0,0,Lectura invalida de DHT
2026-05-11,19:58:19,maceta2,0,0,100,100,100,,,16.3,44.7,1,0,0,
2026-05-11,19:58:46,maceta1,0,0,100,100,100,,,,,1,0,0,Lectura invalida de DHT
2026-05-11,19:58:46,maceta2,0,0,100,100,100,,,16.3,44.7,1,0,0,
2026-05-11,19:59:13,maceta1,0,0,100,100,100,,,,,1,0,0,Lectura invalida de DHT
2026-05-11,19:59:13,maceta2,0,0,100,100,100,,,,,1,0,0,Lectura invalida de DHT
2026-05-11,19:59:39,maceta1,0,0,100,100,100,,,,,1,0,0,Lectura invalida de DHT
2026-05-11,19:59:39,maceta2,0,0,100,100,100,,,16.3,44.7,1,0,0,
2026-05-11,20:00:06,maceta1,0,0,100,100,100,,,,,1,0,0,Lectura invalida de DHT
2026-05-11,20:00:06,maceta2,0,0,100,100,100,,,,,1,0,0,Lectura invalida de DHT
2026-05-11,20:00:33,maceta1,0,0,100,100,100,,,,,1,0,0,Lectura invalida de DHT
2026-05-11,20:00:33,maceta2,0,0,100,100,100,,,16.3,44.7,1,0,0,
2026-05-11,20:01:00,maceta1,0,0,100,100,100,,,,,1,0,0,Lectura invalida de DHT
2026-05-11,20:01:00,maceta2,0,0,100,100,100,,,16.3,44.7,1,0,0,
2026-05-11,20:01:27,maceta1,0,0,100,100,100,,,,,1,0,0,Lectura invalida de DHT
2026-05-11,20:01:27,maceta2,0,0,100,100,100,,,16.3,44.7,1,0,0,
2026-05-11,20:01:54,maceta1,0,0,100,100,100,,,,,1,0,0,Lectura invalida de DHT
2026-05-11,20:01:54,maceta2,0,0,100,100,100,,,,,1,0,0,Lectura invalida de DHT
2026-05-11,20:02:21,maceta1,0,0,100,100,100,,,,,1,0,0,Lectura invalida de DHT
2026-05-11,20:02:21,maceta2,0,0,100,100,100,,,16.3,44.7,1,0,0,
2026-05-11,20:02:48,maceta1,0,0,100,100,100,,,,,1,0,0,Lectura invalida de DHT
2026-05-11,20:02:48,maceta2,0,0,100,100,100,,,16.3,44.8,1,0,0,
2026-05-11,20:03:15,maceta1,0,0,100,100,100,,,,,1,0,0,Lectura invalida de DHT
2026-05-11,20:03:15,maceta2,0,0,100,100,100,,,16.3,44.7,1,0,0,
2026-05-11,20:03:41,maceta1,0,0,100,100,100,,,,,1,0,0,Lectura invalida de DHT
2026-05-11,20:03:41,maceta2,0,0,100,100,100,,,16.3,44.7,1,0,0,
2026-05-11,20:04:08,maceta1,0,0,100,100,100,,,,,1,0,0,Lectura invalida de DHT
2026-05-11,20:04:08,maceta2,0,0,100,100,100,,,16.3,44.7,1,0,0,
2026-05-11,20:04:35,maceta1,0,0,100,100,100,,,,,1,0,0,Lectura invalida de DHT
2026-05-11,20:04:35,maceta2,0,0,100,100,100,,,,,1,0,0,Lectura invalida de DHT
2026-05-11,20:05:02,maceta1,0,0,100,100,100,,,,,1,0,0,Lectura invalida de DHT
2026-05-11,20:05:02,maceta2,0,0,100,100,100,,,,,1,0,0,Lectura invalida de DHT
2026-05-11,20:05:29,maceta1,0,0,100,100,100,,,,,1,0,0,Lectura invalida de DHT
2026-05-11,20:05:29,maceta2,0,0,100,100,100,,,16.3,44.7,1,0,0,
2026-05-11,20:05:55,maceta1,0,0,100,100,100,,,,,1,0,0,Lectura invalida de DHT
2026-05-11,20:05:55,maceta2,0,0,100,100,100,,,16.3,44.7,1,0,0,
2026-05-11,20:06:22,maceta1,0,0,100,100,100,,,,,1,0,0,Lectura invalida de DHT
2026-05-11,20:06:22,maceta2,0,0,100,100,100,,,16.2,44.7,1,0,0,
2026-05-11,20:06:49,maceta1,0,0,100,100,100,,,,,1,0,0,Lectura invalida de DHT
2026-05-11,20:06:49,maceta2,0,0,100,100,100,,,16.2,44.7,1,0,0,
2026-05-11,20:07:16,maceta1,0,0,100,100,100,,,,,1,0,0,Lectura invalida de DHT
2026-05-11,20:07:16,maceta2,0,0,100,100,100,,,16.3,44.7,1,0,0,
2026-05-11,20:07:43,maceta1,0,0,100,100,100,,,,,1,0,0,Lectura invalida de DHT
2026-05-11,20:07:43,maceta2,0,0,100,100,100,,,,,1,0,0,Lectura invalida de DHT
2026-05-11,20:08:10,maceta1,0,0,100,100,100,,,,,1,0,0,Lectura invalida de DHT
2026-05-11,20:08:10,maceta2,0,0,100,100,100,,,16.2,44.7,1,0,0,
2026-05-11,20:08:36,maceta1,0,0,100,100,100,,,,,1,0,0,Lectura invalida de DHT
2026-05-11,20:08:36,maceta2,0,0,100,100,100,,,,,1,0,0,Lectura invalida de DHT
2026-05-11,20:09:03,maceta1,0,0,100,100,100,,,,,1,0,0,Lectura invalida de DHT
2026-05-11,20:09:03,maceta2,0,0,100,100,100,,,16.3,44.7,1,0,0,
2026-05-11,20:09:30,maceta1,0,0,100,100,100,,,,,1,0,0,Lectura invalida de DHT
2026-05-11,20:09:30,maceta2,0,0,100,100,100,,,16.2,44.7,1,0,0,
2026-05-11,20:09:57,maceta1,0,0,100,100,100,,,,,1,0,0,Lectura invalida de DHT
2026-05-11,20:09:57,maceta2,0,0,100,100,100,,,,,1,0,0,Lectura invalida de DHT
2026-05-11,20:10:24,maceta1,0,0,100,100,100,,,,,1,0,0,Lectura invalida de DHT
2026-05-11,20:10:24,maceta2,0,0,100,100,100,,,16.2,44.7,1,0,0,
2026-05-11,20:10:50,maceta1,0,0,100,100,100,,,,,1,0,0,Lectura invalida de DHT
2026-05-11,20:10:50,maceta2,0,0,100,100,100,,,16.2,44.7,1,0,0,
2026-05-11,20:11:17,maceta1,0,0,100,100,100,,,,,1,0,0,Lectura invalida de DHT
2026-05-11,20:11:17,maceta2,0,0,100,100,100,,,16.2,44.7,1,0,0,
2026-05-11,20:11:44,maceta1,0,0,100,100,100,,,,,1,0,0,Lectura invalida de DHT
2026-05-11,20:11:44,maceta2,0,0,100,100,100,,,16.2,44.7,1,0,0,
2026-05-11,20:12:11,maceta1,0,0,100,100,100,,,,,1,0,0,Lectura invalida de DHT
2026-05-11,20:12:11,maceta2,0,0,100,100,100,,,16.2,44.7,1,0,0,
2026-05-11,20:12:37,maceta1,0,0,100,100,100,,,,,1,0,0,Lectura invalida de DHT
2026-05-11,20:12:37,maceta2,0,0,100,100,100,,,16.3,44.7,1,0,0,
2026-05-11,20:13:04,maceta1,0,0,100,100,100,,,,,1,0,0,Lectura invalida de DHT
2026-05-11,20:13:04,maceta2,0,0,100,100,100,,,,,1,0,0,Lectura invalida de DHT
2026-05-11,20:13:31,maceta1,0,0,100,100,100,,,,,1,0,0,Lectura invalida de DHT
2026-05-11,20:13:31,maceta2,0,0,100,100,100,,,,,1,0,0,Lectura invalida de DHT
2026-05-11,20:13:58,maceta1,0,0,100,100,100,,,,,1,0,0,Lectura invalida de DHT
2026-05-11,20:13:58,maceta2,0,0,100,100,100,,,16.2,44.7,1,0,0,
2026-05-11,20:14:25,maceta1,0,0,100,100,100,,,,,1,0,0,Lectura invalida de DHT
2026-05-11,20:14:25,maceta2,0,0,100,100,100,,,16.2,44.7,1,0,0,
2026-05-11,20:14:51,maceta1,0,0,100,100,100,,,,,1,0,0,Lectura invalida de DHT
2026-05-11,20:14:51,maceta2,0,0,100,100,100,,,16.2,44.7,1,0,0,
2026-05-11,20:15:18,maceta1,0,0,100,100,100,,,,,1,0,0,Lectura invalida de DHT
2026-05-11,20:15:18,maceta2,0,0,100,100,100,,,,,1,0,0,Lectura invalida de DHT
2026-05-11,20:15:45,maceta1,0,0,100,100,100,,,,,1,0,0,Lectura invalida de DHT
2026-05-11,20:15:45,maceta2,0,0,100,100,100,,,16.2,44.7,1,0,0,
2026-05-11,20:16:12,maceta1,0,0,100,100,100,,,,,1,0,0,Lectura invalida de DHT
2026-05-11,20:16:12,maceta2,0,0,100,100,100,,,16.2,44.7,1,0,0,
2026-05-11,20:16:39,maceta1,0,0,100,100,100,,,,,1,0,0,Lectura invalida de DHT
2026-05-11,20:16:39,maceta2,0,0,100,100,100,,,,,1,0,0,Lectura invalida de DHT
2026-05-11,20:17:05,maceta1,0,0,100,100,100,,,,,1,0,0,Lectura invalida de DHT
2026-05-11,20:17:05,maceta2,0,0,100,100,100,,,,,1,0,0,Lectura invalida de DHT
2026-05-11,20:17:32,maceta1,0,0,100,100,100,,,,,1,0,0,Lectura invalida de DHT
2026-05-11,20:17:32,maceta2,0,0,100,100,100,,,16.2,44.7,1,0,0,
2026-05-11,20:17:59,maceta1,0,0,100,100,100,,,,,1,0,0,Lectura invalida de DHT
2026-05-11,20:17:59,maceta2,0,0,100,100,100,,,16.2,44.7,1,0,0,
2026-05-11,20:18:26,maceta1,0,0,100,100,100,,,,,1,0,0,Lectura invalida de DHT
2026-05-11,20:18:26,maceta2,0,0,100,100,100,,,16.2,44.7,1,0,0,
2026-05-11,20:18:52,maceta1,0,0,100,100,100,,,,,1,0,0,Lectura invalida de DHT
2026-05-11,20:18:52,maceta2,0,0,100,100,100,,,16.2,44.7,1,0,0,
2026-05-11,20:19:19,maceta1,0,0,100,100,100,,,,,1,0,0,Lectura invalida de DHT
2026-05-11,20:19:19,maceta2,0,0,100,100,100,,,,,1,0,0,Lectura invalida de DHT
2026-05-11,20:19:46,maceta1,0,0,100,100,100,,,,,1,0,0,Lectura invalida de DHT
2026-05-11,20:19:46,maceta2,0,0,100,100,100,,,16.2,44.7,1,0,0,
2026-05-11,20:20:14,maceta1,0,0,100,100,100,,,,,1,0,0,Lectura invalida de DHT
2026-05-11,20:20:14,maceta2,0,0,100,100,100,,,16.2,44.7,1,0,0,
2026-05-11,20:20:41,maceta1,0,0,100,100,100,,,,,1,0,0,Lectura invalida de DHT
2026-05-11,20:20:41,maceta2,0,0,100,100,100,,,16.2,44.7,1,0,0,
2026-05-11,20:21:08,maceta1,0,0,100,100,100,,,,,1,0,0,Lectura invalida de DHT
2026-05-11,20:21:08,maceta2,0,0,100,100,100,,,16.2,44.7,1,0,0,
2026-05-11,20:21:34,maceta1,0,0,100,100,100,,,,,1,0,0,Lectura invalida de DHT
2026-05-11,20:21:34,maceta2,0,0,100,100,100,,,16.2,44.7,1,0,0,
2026-05-11,20:22:01,maceta1,0,0,100,100,100,,,,,1,0,0,Lectura invalida de DHT
2026-05-11,20:22:01,maceta2,0,0,100,100,100,,,16.2,44.7,1,0,0,
2026-05-11,20:22:28,maceta1,0,0,100,100,100,,,,,1,0,0,Lectura invalida de DHT
2026-05-11,20:22:28,maceta2,0,0,100,100,100,,,16.2,44.7,1,0,0,
2026-05-11,20:22:55,maceta1,0,0,100,100,100,,,,,1,0,0,Lectura invalida de DHT
2026-05-11,20:22:55,maceta2,0,0,100,100,100,,,,,1,0,0,Lectura invalida de DHT
2026-05-11,20:23:21,maceta1,0,0,100,100,100,,,,,1,0,0,Lectura invalida de DHT
2026-05-11,20:23:21,maceta2,0,0,100,100,100,,,16.2,44.7,1,0,0,
2026-05-11,20:23:48,maceta1,0,0,100,100,100,,,,,1,0,0,Lectura invalida de DHT
2026-05-11,20:23:48,maceta2,0,0,100,100,100,,,16.2,44.7,1,0,0,
2026-05-11,20:24:15,maceta1,0,0,100,100,100,,,,,1,0,0,Lectura invalida de DHT
2026-05-11,20:24:15,maceta2,0,0,100,100,100,,,16.2,44.7,1,0,0,
2026-05-11,20:24:42,maceta1,0,0,100,100,100,,,,,1,0,0,Lectura invalida de DHT
2026-05-11,20:24:42,maceta2,0,0,100,100,100,,,16.2,44.8,1,0,0,
2026-05-11,20:25:08,maceta1,0,0,100,100,100,,,,,1,0,0,Lectura invalida de DHT
2026-05-11,20:25:08,maceta2,0,0,100,100,100,,,16.2,44.8,1,0,0,
2026-05-11,20:25:35,maceta1,0,0,100,100,100,,,,,1,0,0,Lectura invalida de DHT
2026-05-11,20:25:35,maceta2,0,0,100,100,100,,,16.2,44.7,1,0,0,
2026-05-11,20:26:18,maceta1,0,0,100,100,100,,,,,1,0,0,Lectura invalida de DHT
2026-05-11,20:26:18,maceta2,0,0,100,100,100,,,,,1,0,0,Lectura invalida de DHT
2026-05-11,20:26:44,maceta1,0,0,100,100,100,,,,,1,0,0,Lectura invalida de DHT
2026-05-11,20:26:44,maceta2,0,0,100,100,100,,,,,1,0,0,Lectura invalida de DHT
2026-05-11,20:27:11,maceta1,0,0,100,100,100,,,,,1,0,0,Lectura invalida de DHT
2026-05-11,20:27:11,maceta2,0,0,100,100,100,,,,,1,0,0,Lectura invalida de DHT
2026-05-11,20:27:38,maceta1,0,0,100,100,100,,,,,1,0,0,Lectura invalida de DHT
2026-05-11,20:27:38,maceta2,0,0,100,100,100,,,,,1,0,0,Lectura invalida de DHT
2026-05-11,20:28:05,maceta1,0,0,100,100,100,,,,,1,0,0,Lectura invalida de DHT
2026-05-11,20:28:05,maceta2,0,0,100,100,100,,,16.2,44.8,1,0,0,
2026-05-11,20:28:31,maceta1,0,0,100,100,100,,,,,1,0,0,Lectura invalida de DHT
2026-05-11,20:28:31,maceta2,0,0,100,100,100,,,,,1,0,0,Lectura invalida de DHT
2026-05-11,20:28:58,maceta1,0,0,100,100,100,,,,,1,0,0,Lectura invalida de DHT
2026-05-11,20:28:58,maceta2,0,0,100,100,100,,,,,1,0,0,Lectura invalida de DHT
2026-05-11,20:29:25,maceta1,0,0,100,100,100,,,,,1,0,0,Lectura invalida de DHT
2026-05-11,20:29:25,maceta2,0,0,100,100,100,,,16.2,44.7,1,0,0,
2026-05-11,20:29:52,maceta1,0,0,100,100,100,,,,,1,0,0,Lectura invalida de DHT
2026-05-11,20:29:52,maceta2,0,0,100,100,100,,,,,1,0,0,Lectura invalida de DHT
2026-05-11,20:30:19,maceta1,0,0,100,100,100,,,,,1,0,0,Lectura invalida de DHT
2026-05-11,20:30:19,maceta2,0,0,100,100,100,,,16.2,44.7,1,0,0,
2026-05-11,20:30:47,maceta1,0,0,100,100,100,,,,,1,0,0,Lectura invalida de DHT
2026-05-11,20:30:47,maceta2,0,0,100,100,100,,,16.2,44.8,1,0,0,
2026-05-11,20:31:13,maceta1,0,0,100,100,100,,,,,1,0,0,Lectura invalida de DHT
2026-05-11,20:31:13,maceta2,0,0,100,100,100,,,16.2,44.8,1,0,0,
2026-05-11,20:31:40,maceta1,0,0,100,100,100,,,,,1,0,0,Lectura invalida de DHT
2026-05-11,20:31:40,maceta2,0,0,100,100,100,,,,,1,0,0,Lectura invalida de DHT
2026-05-11,20:32:07,maceta1,0,0,100,100,100,,,,,1,0,0,Lectura invalida de DHT
2026-05-11,20:32:07,maceta2,0,0,100,100,100,,,,,1,0,0,Lectura invalida de DHT
2026-05-11,20:32:34,maceta1,0,0,100,100,100,,,,,1,0,0,Lectura invalida de DHT
2026-05-11,20:32:34,maceta2,0,0,100,100,100,,,16.2,44.8,1,0,0,
2026-05-11,20:33:00,maceta1,0,0,100,100,100,,,,,1,0,0,Lectura invalida de DHT
2026-05-11,20:33:00,maceta2,0,0,100,100,100,,,,,1,0,0,Lectura invalida de DHT
2026-05-11,20:33:27,maceta1,0,0,100,100,100,,,,,1,0,0,Lectura invalida de DHT
2026-05-11,20:33:27,maceta2,0,0,100,100,100,,,16.2,44.8,1,0,0,
2026-05-11,20:33:54,maceta1,0,0,100,100,100,,,,,1,0,0,Lectura invalida de DHT
2026-05-11,20:33:54,maceta2,0,0,100,100,100,,,16.2,44.8,1,0,0,
2026-05-11,20:34:21,maceta1,0,0,100,100,100,,,,,1,0,0,Lectura invalida de DHT
2026-05-11,20:34:21,maceta2,0,0,100,100,100,,,16.2,44.8,1,0,0,
2026-05-11,20:34:48,maceta1,0,0,100,100,100,,,,,1,0,0,Lectura invalida de DHT
2026-05-11,20:34:48,maceta2,0,0,100,100,100,,,16.2,44.8,1,0,0,
2026-05-11,20:35:14,maceta1,0,0,100,100,100,,,,,1,0,0,Lectura invalida de DHT
2026-05-11,20:35:14,maceta2,0,0,100,100,100,,,16.2,44.8,1,0,0,
2026-05-11,20:35:41,maceta1,0,0,100,100,100,,,,,1,0,0,Lectura invalida de DHT
2026-05-11,20:35:41,maceta2,0,0,100,100,100,,,16.2,44.8,1,0,0,
2026-05-11,20:36:08,maceta1,0,0,100,100,100,,,,,1,0,0,Lectura invalida de DHT
2026-05-11,20:36:08,maceta2,0,0,100,100,100,,,16.2,44.8,1,0,0,
2026-05-11,20:36:35,maceta1,0,0,100,100,100,,,,,1,0,0,Lectura invalida de DHT
2026-05-11,20:36:35,maceta2,0,0,100,100,100,,,16.2,44.8,1,0,0,
2026-05-11,20:37:01,maceta1,0,0,100,100,100,,,,,1,0,0,Lectura invalida de DHT
2026-05-11,20:37:01,maceta2,0,0,100,100,100,,,,,1,0,0,Lectura invalida de DHT
2026-05-11,20:37:28,maceta1,0,0,100,100,100,,,,,1,0,0,Lectura invalida de DHT
2026-05-11,20:37:28,maceta2,0,0,100,100,100,,,,,1,0,0,Lectura invalida de DHT
2026-05-11,20:38:03,maceta1,0,0,100,100,100,,,,,1,0,0,Lectura invalida de DHT
2026-05-11,20:38:03,maceta2,0,0,100,100,100,,,16.2,44.8,1,0,0,
2026-05-11,20:38:30,maceta1,0,0,100,100,100,,,,,1,0,0,Lectura invalida de DHT
2026-05-11,20:38:30,maceta2,0,0,100,100,100,,,16.2,44.8,1,0,0,
2026-05-11,20:38:57,maceta1,0,0,100,100,100,,,,,1,0,0,Lectura invalida de DHT
2026-05-11,20:38:57,maceta2,0,0,100,100,100,,,,,1,0,0,Lectura invalida de DHT
2026-05-11,20:39:23,maceta1,0,0,100,100,100,,,,,1,0,0,Lectura invalida de DHT
2026-05-11,20:39:23,maceta2,0,0,100,100,100,,,16.2,44.8,1,0,0,
2026-05-11,20:39:50,maceta1,0,0,100,100,100,,,,,1,0,0,Lectura invalida de DHT
2026-05-11,20:39:50,maceta2,0,0,100,100,100,,,16.2,44.7,1,0,0,
2026-05-11,20:40:17,maceta1,0,0,100,100,100,,,,,1,0,0,Lectura invalida de DHT
2026-05-11,20:40:17,maceta2,0,0,100,100,100,,,,,1,0,0,Lectura invalida de DHT
2026-05-11,20:40:44,maceta1,0,0,100,100,100,,,,,1,0,0,Lectura invalida de DHT
2026-05-11,20:40:44,maceta2,0,0,100,100,100,,,16.2,44.8,1,0,0,
2026-05-11,20:41:10,maceta1,0,0,100,100,100,,,,,1,0,0,Lectura invalida de DHT
2026-05-11,20:41:10,maceta2,0,0,100,100,100,,,16.2,44.8,1,0,0,
2026-05-11,20:41:37,maceta1,0,0,100,100,100,,,,,1,0,0,Lectura invalida de DHT
2026-05-11,20:41:37,maceta2,0,0,100,100,100,,,16.2,44.8,1,0,0,
2026-05-11,20:42:04,maceta1,0,0,100,100,100,,,,,1,0,0,Lectura invalida de DHT
2026-05-11,20:42:04,maceta2,0,0,100,100,100,,,16.2,44.8,1,0,0,
2026-05-11,20:42:41,maceta1,0,0,100,100,100,,,,,1,0,0,Lectura invalida de DHT
2026-05-11,20:42:41,maceta2,0,0,100,100,100,,,16.2,44.8,1,0,0,
2026-05-11,20:43:09,maceta1,0,0,100,100,100,,,,,1,0,0,Lectura invalida de DHT
2026-05-11,20:43:09,maceta2,0,0,100,100,100,,,16.2,44.8,1,0,0,
2026-05-11,20:43:36,maceta1,0,0,100,100,100,,,,,1,0,0,Lectura invalida de DHT
2026-05-11,20:43:36,maceta2,0,0,100,100,100,,,16.2,44.8,1,0,0,
2026-05-11,20:44:03,maceta1,0,0,100,100,100,,,,,1,0,0,Lectura invalida de DHT
2026-05-11,20:44:03,maceta2,0,0,100,100,100,,,16.2,44.8,1,0,0,
2026-05-11,20:44:29,maceta1,0,0,100,100,100,,,,,1,0,0,Lectura invalida de DHT
2026-05-11,20:44:29,maceta2,0,0,100,100,100,,,16.2,44.8,1,0,0,
2026-05-11,20:44:56,maceta1,0,0,100,100,100,,,,,1,0,0,Lectura invalida de DHT
2026-05-11,20:44:56,maceta2,0,0,100,100,100,,,16.2,44.8,1,0,0,
2026-05-11,20:45:23,maceta1,0,0,100,100,100,,,,,1,0,0,Lectura invalida de DHT
2026-05-11,20:45:23,maceta2,0,0,100,100,100,,,16.2,44.8,1,0,0,
2026-05-11,20:45:50,maceta1,0,0,100,100,100,,,,,1,0,0,Lectura invalida de DHT
2026-05-11,20:45:50,maceta2,0,0,100,100,100,,,16.2,44.8,1,0,0,
2026-05-11,20:46:16,maceta1,0,0,100,100,100,,,,,1,0,0,Lectura invalida de DHT
2026-05-11,20:46:16,maceta2,0,0,100,100,100,,,16.2,44.8,1,0,0,
2026-05-11,20:46:43,maceta1,0,0,100,100,100,,,,,1,0,0,Lectura invalida de DHT
2026-05-11,20:46:43,maceta2,0,0,100,100,100,,,16.2,44.8,1,0,0,
2026-05-11,20:47:10,maceta1,0,0,100,100,100,,,,,1,0,0,Lectura invalida de DHT
2026-05-11,20:47:10,maceta2,0,0,100,100,100,,,16.2,44.8,1,0,0,
2026-05-11,20:47:37,maceta1,0,0,100,100,100,,,,,1,0,0,Lectura invalida de DHT
2026-05-11,20:47:37,maceta2,0,0,100,100,100,,,16.2,44.8,1,0,0,
2026-05-11,20:48:03,maceta1,0,0,100,100,100,,,,,1,0,0,Lectura invalida de DHT
2026-05-11,20:48:03,maceta2,0,0,100,100,100,,,16.2,44.8,1,0,0,
2026-05-11,20:48:30,maceta1,0,0,100,100,100,,,,,1,0,0,Lectura invalida de DHT
2026-05-11,20:48:30,maceta2,0,0,100,100,100,,,16.2,44.8,1,0,0,
2026-05-11,20:48:57,maceta1,0,0,100,100,100,,,,,1,0,0,Lectura invalida de DHT
2026-05-11,20:48:57,maceta2,0,0,100,100,100,,,,,1,0,0,Lectura invalida de DHT
2026-05-11,20:49:24,maceta1,0,0,100,100,100,,,,,1,0,0,Lectura invalida de DHT
2026-05-11,20:49:24,maceta2,0,0,100,100,100,,,16.2,44.8,1,0,0,
2026-05-11,20:49:51,maceta1,0,0,100,100,100,,,,,1,0,0,Lectura invalida de DHT
2026-05-11,20:49:51,maceta2,0,0,100,100,100,,,16.2,44.9,1,0,0,
2026-05-11,20:50:18,maceta1,0,0,100,100,100,,,,,1,0,0,Lectura invalida de DHT
2026-05-11,20:50:18,maceta2,0,0,100,100,100,,,,,1,0,0,Lectura invalida de DHT
2026-05-11,20:50:44,maceta1,0,0,100,100,100,,,,,1,0,0,Lectura invalida de DHT
2026-05-11,20:50:44,maceta2,0,0,100,100,100,,,16.2,44.9,1,0,0,
2026-05-11,20:51:11,maceta1,0,0,100,100,100,,,,,1,0,0,Lectura invalida de DHT
2026-05-11,20:51:11,maceta2,0,0,100,100,100,,,16.2,44.8,1,0,0,
2026-05-11,20:51:54,maceta1,0,0,100,100,100,,,,,1,0,0,Lectura invalida de DHT
2026-05-11,20:51:54,maceta2,0,0,100,100,100,,,16.2,44.9,1,0,0,
2026-05-11,20:52:20,maceta1,0,0,100,100,100,,,,,1,0,0,Lectura invalida de DHT
2026-05-11,20:52:20,maceta2,0,0,100,100,100,,,16.2,44.8,1,0,0,
2026-05-11,20:53:01,maceta1,0,0,100,100,100,,,,,1,0,0,Lectura invalida de DHT
2026-05-11,20:53:01,maceta2,0,0,100,100,100,,,16.2,44.9,1,0,0,
2026-05-11,20:53:28,maceta1,0,0,100,100,100,,,,,1,0,0,Lectura invalida de DHT
2026-05-11,20:53:28,maceta2,0,0,100,100,100,,,16.2,44.9,1,0,0,
2026-05-11,20:54:04,maceta1,0,0,100,100,100,,,,,1,0,0,Lectura invalida de DHT
2026-05-11,20:54:04,maceta2,0,0,100,100,100,,,16.2,44.9,1,0,0,
2026-05-11,20:54:41,maceta1,0,0,100,100,100,,,,,1,0,0,Lectura invalida de DHT
2026-05-11,20:54:41,maceta2,0,0,100,100,100,,,16.2,44.9,1,0,0,
2026-05-11,20:55:13,maceta1,0,0,100,100,100,,,,,1,0,0,Lectura invalida de DHT
2026-05-11,20:55:13,maceta2,0,0,100,100,100,,,16.2,44.9,1,0,0,
2026-05-11,20:55:40,maceta1,0,0,100,100,100,,,,,1,0,0,Lectura invalida de DHT
2026-05-11,20:55:40,maceta2,0,0,100,100,100,,,,,1,0,0,Lectura invalida de DHT
2026-05-11,20:56:08,maceta1,0,0,100,100,100,,,,,1,0,0,Lectura invalida de DHT
2026-05-11,20:56:08,maceta2,0,0,100,100,100,,,,,1,0,0,Lectura invalida de DHT
2026-05-11,20:56:36,maceta1,0,0,100,100,100,,,,,1,0,0,Lectura invalida de DHT
2026-05-11,20:56:36,maceta2,0,0,100,100,100,,,16.2,44.9,1,0,0,
2026-05-11,20:57:02,maceta1,0,0,100,100,100,,,,,1,0,0,Lectura invalida de DHT
2026-05-11,20:57:02,maceta2,0,0,100,100,100,,,16.2,44.9,1,0,0,
2026-05-11,20:57:29,maceta1,0,0,100,100,100,,,,,1,0,0,Lectura invalida de DHT
2026-05-11,20:57:29,maceta2,0,0,100,100,100,,,16.2,44.9,1,0,0,
2026-05-11,20:58:05,maceta1,0,0,100,100,100,,,,,1,0,0,Lectura invalida de DHT
2026-05-11,20:58:05,maceta2,0,0,100,100,100,,,16.2,44.9,1,0,0,
2026-05-11,20:58:32,maceta1,0,0,100,100,100,,,,,1,0,0,Lectura invalida de DHT
2026-05-11,20:58:32,maceta2,0,0,100,100,100,,,,,1,0,0,Lectura invalida de DHT
2026-05-11,20:58:58,maceta1,0,0,100,100,100,,,,,1,0,0,Lectura invalida de DHT
2026-05-11,20:58:58,maceta2,0,0,100,100,100,,,16.2,44.9,1,0,0,
2026-05-11,20:59:26,maceta1,0,0,100,100,100,,,,,1,0,0,Lectura invalida de DHT
2026-05-11,20:59:26,maceta2,0,0,100,100,100,,,16.2,44.9,1,0,0,
2026-05-11,20:59:52,maceta1,0,0,100,100,100,,,,,1,0,0,Lectura invalida de DHT
2026-05-11,20:59:52,maceta2,0,0,100,100,100,,,,,1,0,0,Lectura invalida de DHT
2026-05-11,21:00:19,maceta1,0,0,100,100,100,,,,,1,0,0,Lectura invalida de DHT
2026-05-11,21:00:19,maceta2,0,0,100,100,100,,,16.2,44.9,1,0,0,
2026-05-11,21:00:46,maceta1,0,0,100,100,100,,,,,1,0,0,Lectura invalida de DHT
2026-05-11,21:00:46,maceta2,0,0,100,100,100,,,16.2,44.9,1,0,0,
2026-05-11,21:01:13,maceta1,0,0,100,100,100,,,,,1,0,0,Lectura invalida de DHT
2026-05-11,21:01:13,maceta2,0,0,100,100,100,,,16.2,44.9,1,0,0,
2026-05-11,21:01:40,maceta1,0,0,100,100,100,,,,,1,0,0,Lectura invalida de DHT
2026-05-11,21:01:40,maceta2,0,0,100,100,100,,,16.2,44.9,1,0,0,
2026-05-11,21:02:07,maceta1,0,0,100,100,100,,,,,1,0,0,Lectura invalida de DHT
2026-05-11,21:02:07,maceta2,0,0,100,100,100,,,16.2,44.9,1,0,0,
2026-05-11,21:02:34,maceta1,0,0,100,100,100,,,,,1,0,0,Lectura invalida de DHT
2026-05-11,21:02:34,maceta2,0,0,100,100,100,,,,,1,0,0,Lectura invalida de DHT
2026-05-11,21:03:01,maceta1,0,0,100,100,100,,,,,1,0,0,Lectura invalida de DHT
2026-05-11,21:03:01,maceta2,0,0,100,100,100,,,,,1,0,0,Lectura invalida de DHT
2026-05-11,21:03:28,maceta1,0,0,100,100,100,,,,,1,0,0,Lectura invalida de DHT
2026-05-11,21:03:28,maceta2,0,0,100,100,100,,,,,1,0,0,Lectura invalida de DHT
2026-05-11,21:03:55,maceta1,0,0,100,100,100,,,,,1,0,0,Lectura invalida de DHT
2026-05-11,21:03:55,maceta2,0,0,100,100,100,,,,,1,0,0,Lectura invalida de DHT
2026-05-11,21:04:21,maceta1,0,0,100,100,100,,,,,1,0,0,Lectura invalida de DHT
2026-05-11,21:04:21,maceta2,0,0,100,100,100,,,,,1,0,0,Lectura invalida de DHT
2026-05-11,21:04:48,maceta1,0,0,100,100,100,,,,,1,0,0,Lectura invalida de DHT
2026-05-11,21:04:48,maceta2,0,0,100,100,100,,,16.2,45.0,1,0,0,
2026-05-11,21:05:15,maceta1,0,0,100,100,100,,,,,1,0,0,Lectura invalida de DHT
2026-05-11,21:05:15,maceta2,0,0,100,100,100,,,,,1,0,0,Lectura invalida de DHT
2026-05-11,21:05:42,maceta1,0,0,100,100,100,,,,,1,0,0,Lectura invalida de DHT
2026-05-11,21:05:42,maceta2,0,0,100,100,100,,,16.2,45.0,1,0,0,
2026-05-11,21:06:08,maceta1,0,0,100,100,100,,,,,1,0,0,Lectura invalida de DHT
2026-05-11,21:06:08,maceta2,0,0,100,100,100,,,16.2,45.0,1,0,0,
2026-05-11,21:06:35,maceta1,0,0,100,100,100,,,,,1,0,0,Lectura invalida de DHT
2026-05-11,21:06:35,maceta2,0,0,100,100,100,,,,,1,0,0,Lectura invalida de DHT
2026-05-11,21:07:02,maceta1,0,0,100,100,100,,,,,1,0,0,Lectura invalida de DHT
2026-05-11,21:07:02,maceta2,0,0,100,100,100,,,16.2,45.0,1,0,0,
2026-05-11,21:07:36,maceta1,0,0,100,100,100,,,,,1,0,0,Lectura invalida de DHT
2026-05-11,21:07:36,maceta2,0,0,100,100,100,,,16.2,45.0,1,0,0,
2026-05-11,21:08:04,maceta1,0,0,100,100,100,,,,,1,0,0,Lectura invalida de DHT
2026-05-11,21:08:04,maceta2,0,0,100,100,100,,,16.1,45.0,1,0,0,
2026-05-11,21:08:40,maceta1,0,0,100,100,100,,,,,1,0,0,Lectura invalida de DHT
2026-05-11,21:08:40,maceta2,0,0,100,100,100,,,16.2,45.0,1,0,0,
2026-05-11,21:09:20,maceta1,0,0,100,100,100,,,,,1,0,0,Lectura invalida de DHT
2026-05-11,21:09:20,maceta2,0,0,100,100,100,,,16.2,45.0,1,0,0,
2026-05-11,21:10:08,maceta1,0,0,100,100,100,,,,,1,0,0,Lectura invalida de DHT
2026-05-11,21:10:08,maceta2,0,0,100,100,100,,,16.2,45.0,1,0,0,
2026-05-11,21:10:53,maceta1,0,0,100,100,100,,,,,1,0,0,Lectura invalida de DHT
2026-05-11,21:10:53,maceta2,0,0,100,100,100,,,16.2,45.1,1,0,0,
2026-05-11,21:11:35,maceta1,0,0,100,100,100,,,,,1,0,0,Lectura invalida de DHT
2026-05-11,21:11:35,maceta2,0,0,100,100,100,,,16.1,45.1,1,0,0,
2026-05-11,21:12:16,maceta1,0,0,100,100,100,,,,,1,0,0,Lectura invalida de DHT
2026-05-11,21:12:16,maceta2,0,0,100,100,100,,,16.1,45.1,1,0,0,
2026-05-11,21:12:54,maceta1,0,0,100,100,100,,,,,1,0,0,Lectura invalida de DHT
2026-05-11,21:12:54,maceta2,0,0,100,100,100,,,16.1,45.1,1,0,0,
2026-05-11,21:13:31,maceta1,0,0,100,100,100,,,,,1,0,0,Lectura invalida de DHT
2026-05-11,21:13:31,maceta2,0,0,100,100,100,,,16.1,45.1,1,0,0,
2026-05-11,21:14:05,maceta1,0,0,100,100,100,,,,,1,0,0,Lectura invalida de DHT
2026-05-11,21:14:05,maceta2,0,0,100,100,100,,,,,1,0,0,Lectura invalida de DHT
2026-05-11,21:14:47,maceta1,0,0,100,100,100,,,,,1,0,0,Lectura invalida de DHT
2026-05-11,21:14:47,maceta2,0,0,100,100,100,,,16.1,45.1,1,0,0,
2026-05-11,21:15:14,maceta1,0,0,100,100,100,,,,,1,0,0,Lectura invalida de DHT
2026-05-11,21:15:14,maceta2,0,0,100,100,100,,,,,1,0,0,Lectura invalida de DHT
2026-05-11,21:15:41,maceta1,0,0,100,100,100,,,,,1,0,0,Lectura invalida de DHT
2026-05-11,21:15:41,maceta2,0,0,100,100,100,,,,,1,0,0,Lectura invalida de DHT
2026-05-11,21:16:08,maceta1,0,0,100,100,100,,,,,1,0,0,Lectura invalida de DHT
2026-05-11,21:16:08,maceta2,0,0,100,100,100,,,16.1,45.2,1,0,0,
2026-05-11,21:16:38,maceta1,0,0,100,100,100,,,,,1,0,0,Lectura invalida de DHT
2026-05-11,21:16:38,maceta2,0,0,100,100,100,,,16.1,45.2,1,0,0,
2026-05-11,21:17:04,maceta1,0,0,100,100,100,,,,,1,0,0,Lectura invalida de DHT
2026-05-11,21:17:04,maceta2,0,0,100,100,100,,,16.1,45.1,1,0,0,
2026-05-11,21:17:32,maceta1,0,0,100,100,100,,,,,1,0,0,Lectura invalida de DHT
2026-05-11,21:17:32,maceta2,0,0,100,100,100,,,16.1,45.1,1,0,0,
2026-05-11,21:18:00,maceta1,0,0,100,100,100,,,,,1,0,0,Lectura invalida de DHT
2026-05-11,21:18:00,maceta2,0,0,100,100,100,,,16.1,45.2,1,0,0,
2026-05-11,21:18:26,maceta1,0,0,100,100,100,,,,,1,0,0,Lectura invalida de DHT
2026-05-11,21:18:26,maceta2,0,0,100,100,100,,,,,1,0,0,Lectura invalida de DHT
2026-05-11,21:18:53,maceta1,0,0,100,100,100,,,,,1,0,0,Lectura invalida de DHT
2026-05-11,21:18:53,maceta2,0,0,100,100,100,,,16.1,45.2,1,0,0,
2026-05-11,21:19:20,maceta1,0,0,100,100,100,,,,,1,0,0,Lectura invalida de DHT
2026-05-11,21:19:20,maceta2,0,0,100,100,100,,,16.1,45.2,1,0,0,
2026-05-11,21:19:47,maceta1,0,0,100,100,100,,,,,1,0,0,Lectura invalida de DHT
2026-05-11,21:19:47,maceta2,0,0,100,100,100,,,,,1,0,0,Lectura invalida de DHT
2026-05-11,21:20:14,maceta1,0,0,100,100,100,,,,,1,0,0,Lectura invalida de DHT
2026-05-11,21:20:14,maceta2,0,0,100,100,100,,,16.1,45.2,1,0,0,
2026-05-11,21:20:40,maceta1,0,0,100,100,100,,,,,1,0,0,Lectura invalida de DHT
2026-05-11,21:20:40,maceta2,0,0,100,100,100,,,16.1,45.2,1,0,0,
2026-05-11,21:21:07,maceta1,0,0,100,100,100,,,,,1,0,0,Lectura invalida de DHT
2026-05-11,21:21:07,maceta2,0,0,100,100,100,,,,,1,0,0,Lectura invalida de DHT
2026-05-11,21:21:34,maceta1,0,0,100,100,100,,,,,1,0,0,Lectura invalida de DHT
2026-05-11,21:21:34,maceta2,0,0,100,100,100,,,16.1,45.2,1,0,0,
2026-05-11,21:22:01,maceta1,0,0,100,100,100,,,,,1,0,0,Lectura invalida de DHT
2026-05-11,21:22:01,maceta2,0,0,100,100,100,,,16.1,45.2,1,0,0,
2026-05-11,21:22:28,maceta1,0,0,100,100,100,,,,,1,0,0,Lectura invalida de DHT
2026-05-11,21:22:28,maceta2,0,0,100,100,100,,,16.1,45.2,1,0,0,
2026-05-11,21:22:54,maceta1,0,0,100,100,100,,,,,1,0,0,Lectura invalida de DHT
2026-05-11,21:22:54,maceta2,0,0,100,100,100,,,16.1,45.2,1,0,0,
2026-05-11,21:23:21,maceta1,0,0,100,100,100,,,,,1,0,0,Lectura invalida de DHT
2026-05-11,21:23:21,maceta2,0,0,100,100,100,,,16.1,45.2,1,0,0,
2026-05-11,21:23:48,maceta1,0,0,100,100,100,,,,,1,0,0,Lectura invalida de DHT
2026-05-11,21:23:48,maceta2,0,0,100,100,100,,,16.1,45.2,1,0,0,
2026-05-11,21:24:30,maceta1,0,0,100,100,100,,,,,1,0,0,Lectura invalida de DHT
2026-05-11,21:24:30,maceta2,0,0,100,100,100,,,16.1,45.2,1,0,0,
2026-05-11,21:25:04,maceta1,0,0,100,100,100,,,,,1,0,0,Lectura invalida de DHT
2026-05-11,21:25:04,maceta2,0,0,100,100,100,,,,,1,0,0,Lectura invalida de DHT
2026-05-11,21:25:46,maceta1,0,0,100,100,100,,,,,1,0,0,Lectura invalida de DHT
2026-05-11,21:25:46,maceta2,0,0,100,100,100,,,16.1,45.3,1,0,0,
2026-05-11,21:26:21,maceta1,0,0,100,100,100,,,,,1,0,0,Lectura invalida de DHT
2026-05-11,21:26:21,maceta2,0,0,100,100,100,,,16.1,45.3,1,0,0,
2026-05-11,21:26:48,maceta1,0,0,100,100,100,,,,,1,0,0,Lectura invalida de DHT
2026-05-11,21:26:48,maceta2,0,0,100,100,100,,,16.1,45.3,1,0,0,
2026-05-11,21:27:14,maceta1,0,0,100,100,100,,,,,1,0,0,Lectura invalida de DHT
2026-05-11,21:27:14,maceta2,0,0,100,100,100,,,,,1,0,0,Lectura invalida de DHT
2026-05-11,21:27:41,maceta1,0,0,100,100,100,,,,,1,0,0,Lectura invalida de DHT
2026-05-11,21:27:41,maceta2,0,0,100,100,100,,,16.1,45.3,1,0,0,
2026-05-11,21:28:08,maceta1,0,0,100,100,100,,,,,1,0,0,Lectura invalida de DHT
2026-05-11,21:28:08,maceta2,0,0,100,100,100,,,16.1,45.3,1,0,0,
2026-05-11,21:28:35,maceta1,0,0,100,100,100,,,,,1,0,0,Lectura invalida de DHT
2026-05-11,21:28:35,maceta2,0,0,100,100,100,,,,,1,0,0,Lectura invalida de DHT
2026-05-11,21:29:02,maceta1,0,0,100,100,100,,,,,1,0,0,Lectura invalida de DHT
2026-05-11,21:29:02,maceta2,0,0,100,100,100,,,16.1,45.3,1,0,0,
2026-05-11,21:29:28,maceta1,0,0,100,100,100,,,,,1,0,0,Lectura invalida de DHT
2026-05-11,21:29:28,maceta2,0,0,100,100,100,,,16.1,45.3,1,0,0,
2026-05-11,21:29:55,maceta1,0,0,100,100,100,,,,,1,0,0,Lectura invalida de DHT
2026-05-11,21:29:55,maceta2,0,0,100,100,100,,,,,1,0,0,Lectura invalida de DHT
2026-05-11,21:30:24,maceta1,0,0,100,100,100,,,,,1,0,0,Lectura invalida de DHT
2026-05-11,21:30:24,maceta2,0,0,100,100,100,,,16.1,45.3,1,0,0,
2026-05-11,21:30:51,maceta1,0,0,100,100,100,,,,,1,0,0,Lectura invalida de DHT
2026-05-11,21:30:51,maceta2,0,0,100,100,100,,,16.1,45.3,1,0,0,
2026-05-11,21:31:33,maceta1,0,0,100,100,100,,,,,1,0,0,Lectura invalida de DHT
2026-05-11,21:31:33,maceta2,0,0,100,100,100,,,,,1,0,0,Lectura invalida de DHT
2026-05-11,21:32:00,maceta1,0,0,100,100,100,,,,,1,0,0,Lectura invalida de DHT
2026-05-11,21:32:00,maceta2,0,0,100,100,100,,,16.1,45.3,1,0,0,
2026-05-11,21:32:26,maceta1,0,0,100,100,100,,,,,1,0,0,Lectura invalida de DHT
2026-05-11,21:32:26,maceta2,0,0,100,100,100,,,16.1,45.3,1,0,0,
2026-05-11,21:32:53,maceta1,0,0,100,100,100,,,,,1,0,0,Lectura invalida de DHT
2026-05-11,21:32:53,maceta2,0,0,100,100,100,,,16.1,45.4,1,0,0,
2026-05-11,21:33:20,maceta1,0,0,100,100,100,,,,,1,0,0,Lectura invalida de DHT
2026-05-11,21:33:20,maceta2,0,0,100,100,100,,,16.1,45.4,1,0,0,
2026-05-11,21:33:47,maceta1,0,0,100,100,100,,,,,1,0,0,Lectura invalida de DHT
2026-05-11,21:33:47,maceta2,0,0,100,100,100,,,,,1,0,0,Lectura invalida de DHT
2026-05-11,21:34:13,maceta1,0,0,100,100,100,,,,,1,0,0,Lectura invalida de DHT
2026-05-11,21:34:13,maceta2,0,0,100,100,100,,,,,1,0,0,Lectura invalida de DHT
2026-05-11,21:34:40,maceta1,0,0,100,100,100,,,,,1,0,0,Lectura invalida de DHT
2026-05-11,21:34:40,maceta2,0,0,100,100,100,,,16.1,45.4,1,0,0,
2026-05-11,21:35:07,maceta1,0,0,100,100,100,,,,,1,0,0,Lectura invalida de DHT
2026-05-11,21:35:07,maceta2,0,0,100,100,100,,,,,1,0,0,Lectura invalida de DHT
2026-05-11,21:35:34,maceta1,0,0,100,100,100,,,,,1,0,0,Lectura invalida de DHT
2026-05-11,21:35:34,maceta2,0,0,100,100,100,,,16.1,45.4,1,0,0,
2026-05-11,21:36:01,maceta1,0,0,100,100,100,,,,,1,0,0,Lectura invalida de DHT
2026-05-11,21:36:01,maceta2,0,0,100,100,100,,,16.1,45.4,1,0,0,
2026-05-11,21:36:27,maceta1,0,0,100,100,100,,,,,1,0,0,Lectura invalida de DHT
2026-05-11,21:36:27,maceta2,0,0,100,100,100,,,16.1,45.4,1,0,0,
2026-05-11,21:36:54,maceta1,0,0,100,100,100,,,,,1,0,0,Lectura invalida de DHT
2026-05-11,21:36:54,maceta2,0,0,100,100,100,,,16.1,45.4,1,0,0,
2026-05-11,21:37:21,maceta1,0,0,100,100,100,,,,,1,0,0,Lectura invalida de DHT
2026-05-11,21:37:21,maceta2,0,0,100,100,100,,,16.1,45.4,1,0,0,
2026-05-11,21:37:48,maceta1,0,0,100,100,100,,,,,1,0,0,Lectura invalida de DHT
2026-05-11,21:37:48,maceta2,0,0,100,100,100,,,16.1,45.4,1,0,0,
2026-05-11,21:38:14,maceta1,0,0,100,100,100,,,,,1,0,0,Lectura invalida de DHT
2026-05-11,21:38:14,maceta2,0,0,100,100,100,,,16.1,45.5,1,0,0,
2026-05-11,21:38:41,maceta1,0,0,100,100,100,,,,,1,0,0,Lectura invalida de DHT
2026-05-11,21:38:41,maceta2,0,0,100,100,100,,,16.1,45.4,1,0,0,
2026-05-11,21:39:08,maceta1,0,0,100,100,100,,,,,1,0,0,Lectura invalida de DHT
2026-05-11,21:39:08,maceta2,0,0,100,100,100,,,16.1,45.4,1,0,0,
2026-05-11,21:39:35,maceta1,0,0,100,100,100,,,,,1,0,0,Lectura invalida de DHT
2026-05-11,21:39:35,maceta2,0,0,100,100,100,,,16.1,45.4,1,0,0,
2026-05-11,21:40:01,maceta1,0,0,100,100,100,,,,,1,0,0,Lectura invalida de DHT
2026-05-11,21:40:01,maceta2,0,0,100,100,100,,,16.1,45.4,1,0,0,
2026-05-11,21:40:28,maceta1,0,0,100,100,100,,,,,1,0,0,Lectura invalida de DHT
2026-05-11,21:40:28,maceta2,0,0,100,100,100,,,,,1,0,0,Lectura invalida de DHT
2026-05-11,21:40:55,maceta1,0,0,100,100,100,,,,,1,0,0,Lectura invalida de DHT
2026-05-11,21:40:55,maceta2,0,0,100,100,100,,,16.1,45.4,1,0,0,
2026-05-11,21:41:22,maceta1,0,0,100,100,100,,,,,1,0,0,Lectura invalida de DHT
2026-05-11,21:41:22,maceta2,0,0,100,100,100,,,,,1,0,0,Lectura invalida de DHT
2026-05-11,21:41:49,maceta1,0,0,100,100,100,,,,,1,0,0,Lectura invalida de DHT
2026-05-11,21:41:49,maceta2,0,0,100,100,100,,,16.1,45.5,1,0,0,
2026-05-11,21:42:15,maceta1,0,0,100,100,100,,,,,1,0,0,Lectura invalida de DHT
2026-05-11,21:42:15,maceta2,0,0,100,100,100,,,16.1,45.5,1,0,0,
2026-05-11,21:42:42,maceta1,0,0,100,100,100,,,,,1,0,0,Lectura invalida de DHT
2026-05-11,21:42:42,maceta2,0,0,100,100,100,,,16.1,45.5,1,0,0,
2026-05-11,21:43:09,maceta1,0,0,100,100,100,,,,,1,0,0,Lectura invalida de DHT
2026-05-11,21:43:09,maceta2,0,0,100,100,100,,,16.1,45.5,1,0,0,
2026-05-11,21:43:36,maceta1,0,0,100,100,100,,,,,1,0,0,Lectura invalida de DHT
2026-05-11,21:43:36,maceta2,0,0,100,100,100,,,16.1,45.5,1,0,0,
2026-05-11,21:44:02,maceta1,0,0,100,100,100,,,,,1,0,0,Lectura invalida de DHT
2026-05-11,21:44:02,maceta2,0,0,100,100,100,,,,,1,0,0,Lectura invalida de DHT
2026-05-11,21:44:29,maceta1,0,0,100,100,100,,,,,1,0,0,Lectura invalida de DHT
2026-05-11,21:44:29,maceta2,0,0,100,100,100,,,16.0,45.5,1,0,0,
2026-05-11,21:44:56,maceta1,0,0,100,100,100,,,,,1,0,0,Lectura invalida de DHT
2026-05-11,21:44:56,maceta2,0,0,100,100,100,,,16.1,45.5,1,0,0,
2026-05-11,21:45:24,maceta1,0,0,100,100,100,,,,,1,0,0,Lectura invalida de DHT
2026-05-11,21:45:24,maceta2,0,0,100,100,100,,,,,1,0,0,Lectura invalida de DHT
2026-05-11,21:45:51,maceta1,0,0,100,100,100,,,,,1,0,0,Lectura invalida de DHT
2026-05-11,21:45:51,maceta2,0,0,100,100,100,,,16.1,45.5,1,0,0,
2026-05-11,21:46:18,maceta1,0,0,100,100,100,,,,,1,0,0,Lectura invalida de DHT
2026-05-11,21:46:18,maceta2,0,0,100,100,100,,,16.1,45.5,1,0,0,
2026-05-11,21:46:45,maceta1,0,0,100,100,100,,,,,1,0,0,Lectura invalida de DHT
2026-05-11,21:46:45,maceta2,0,0,100,100,100,,,,,1,0,0,Lectura invalida de DHT
2026-05-11,21:47:12,maceta1,0,0,100,100,100,,,,,1,0,0,Lectura invalida de DHT
2026-05-11,21:47:12,maceta2,0,0,100,100,100,,,16.1,45.5,1,0,0,
2026-05-11,21:47:38,maceta1,0,0,100,100,100,,,,,1,0,0,Lectura invalida de DHT
2026-05-11,21:47:38,maceta2,0,0,100,100,100,,,16.1,45.5,1,0,0,
2026-05-11,21:48:05,maceta1,0,0,100,100,100,,,,,1,0,0,Lectura invalida de DHT
2026-05-11,21:48:05,maceta2,0,0,100,100,100,,,16.1,45.5,1,0,0,
2026-05-11,21:48:32,maceta1,0,0,100,100,100,,,,,1,0,0,Lectura invalida de DHT
2026-05-11,21:48:32,maceta2,0,0,100,100,100,,,16.1,45.5,1,0,0,
2026-05-11,21:48:59,maceta1,0,0,100,100,100,,,,,1,0,0,Lectura invalida de DHT
2026-05-11,21:48:59,maceta2,0,0,100,100,100,,,16.1,45.5,1,0,0,
2026-05-11,21:49:25,maceta1,0,0,100,100,100,,,,,1,0,0,Lectura invalida de DHT
2026-05-11,21:49:25,maceta2,0,0,100,100,100,,,16.0,45.5,1,0,0,
2026-05-11,21:49:52,maceta1,0,0,100,100,100,,,,,1,0,0,Lectura invalida de DHT
2026-05-11,21:49:52,maceta2,0,0,100,100,100,,,,,1,0,0,Lectura invalida de DHT
2026-05-11,21:50:19,maceta1,0,0,100,100,100,,,,,1,0,0,Lectura invalida de DHT
2026-05-11,21:50:19,maceta2,0,0,100,100,100,,,16.0,45.6,1,0,0,
2026-05-11,21:50:46,maceta1,0,0,100,100,100,,,,,1,0,0,Lectura invalida de DHT
2026-05-11,21:50:46,maceta2,0,0,100,100,100,,,,,1,0,0,Lectura invalida de DHT
2026-05-11,21:51:13,maceta1,0,0,100,100,100,,,,,1,0,0,Lectura invalida de DHT
2026-05-11,21:51:13,maceta2,0,0,100,100,100,,,16.0,45.6,1,0,0,
2026-05-11,21:51:39,maceta1,0,0,100,100,100,,,,,1,0,0,Lectura invalida de DHT
2026-05-11,21:51:39,maceta2,0,0,100,100,100,,,16.1,45.6,1,0,0,
2026-05-11,21:52:06,maceta1,0,0,100,100,100,,,,,1,0,0,Lectura invalida de DHT
2026-05-11,21:52:06,maceta2,0,0,100,100,100,,,,,1,0,0,Lectura invalida de DHT
2026-05-11,21:52:33,maceta1,0,0,100,100,100,,,,,1,0,0,Lectura invalida de DHT
2026-05-11,21:52:33,maceta2,0,0,100,100,100,,,,,1,0,0,Lectura invalida de DHT
2026-05-11,21:53:00,maceta1,0,0,100,100,100,,,,,1,0,0,Lectura invalida de DHT
2026-05-11,21:53:00,maceta2,0,0,100,100,100,,,16.0,45.6,1,0,0,
2026-05-11,21:53:26,maceta1,0,0,100,100,100,,,,,1,0,0,Lectura invalida de DHT
2026-05-11,21:53:26,maceta2,0,0,100,100,100,,,,,1,0,0,Lectura invalida de DHT
2026-05-11,21:53:53,maceta1,0,0,100,100,100,,,,,1,0,0,Lectura invalida de DHT
2026-05-11,21:53:53,maceta2,0,0,100,100,100,,,16.1,45.6,1,0,0,
2026-05-11,21:54:20,maceta1,0,0,100,100,100,,,,,1,0,0,Lectura invalida de DHT
2026-05-11,21:54:20,maceta2,0,0,100,100,100,,,16.0,45.6,1,0,0,
2026-05-11,21:54:47,maceta1,0,0,100,100,100,,,,,1,0,0,Lectura invalida de DHT
2026-05-11,21:54:47,maceta2,0,0,100,100,100,,,,,1,0,0,Lectura invalida de DHT
2026-05-11,21:55:13,maceta1,0,0,100,100,100,,,,,1,0,0,Lectura invalida de DHT
2026-05-11,21:55:13,maceta2,0,0,100,100,100,,,16.0,45.7,1,0,0,
2026-05-11,21:55:40,maceta1,0,0,100,100,100,,,,,1,0,0,Lectura invalida de DHT
2026-05-11,21:55:40,maceta2,0,0,100,100,100,,,16.0,45.6,1,0,0,
2026-05-11,21:56:07,maceta1,0,0,100,100,100,,,,,1,0,0,Lectura invalida de DHT
2026-05-11,21:56:07,maceta2,0,0,100,100,100,,,,,1,0,0,Lectura invalida de DHT
2026-05-11,21:56:34,maceta1,0,0,100,100,100,,,,,1,0,0,Lectura invalida de DHT
2026-05-11,21:56:34,maceta2,0,0,100,100,100,,,16.0,45.7,1,0,0,
2026-05-11,21:57:00,maceta1,0,0,100,100,100,,,,,1,0,0,Lectura invalida de DHT
2026-05-11,21:57:00,maceta2,0,0,100,100,100,,,,,1,0,0,Lectura invalida de DHT
2026-05-11,21:57:27,maceta1,0,0,100,100,100,,,,,1,0,0,Lectura invalida de DHT
2026-05-11,21:57:27,maceta2,0,0,100,100,100,,,16.0,45.6,1,0,0,
2026-05-11,21:57:54,maceta1,0,0,100,100,100,,,,,1,0,0,Lectura invalida de DHT
2026-05-11,21:57:54,maceta2,0,0,100,100,100,,,16.0,45.7,1,0,0,
2026-05-11,21:58:21,maceta1,0,0,100,100,100,,,,,1,0,0,Lectura invalida de DHT
2026-05-11,21:58:21,maceta2,0,0,100,100,100,,,16.0,45.7,1,0,0,
2026-05-11,21:58:48,maceta1,0,0,100,100,100,,,,,1,0,0,Lectura invalida de DHT
2026-05-11,21:58:48,maceta2,0,0,100,100,100,,,16.0,45.7,1,0,0,
2026-05-11,21:59:14,maceta1,0,0,100,100,100,,,,,1,0,0,Lectura invalida de DHT
2026-05-11,21:59:14,maceta2,0,0,100,100,100,,,,,1,0,0,Lectura invalida de DHT
2026-05-11,21:59:41,maceta1,0,0,100,100,100,,,,,1,0,0,Lectura invalida de DHT
2026-05-11,21:59:41,maceta2,0,0,100,100,100,,,16.0,45.7,1,0,0,
2026-05-11,22:00:08,maceta1,0,0,100,100,100,,,,,1,0,0,Lectura invalida de DHT
2026-05-11,22:00:08,maceta2,0,0,100,100,100,,,16.0,45.7,1,0,0,
2026-05-11,22:00:35,maceta1,0,0,100,100,100,,,,,1,0,0,Lectura invalida de DHT
2026-05-11,22:00:35,maceta2,0,0,100,100,100,,,16.0,45.7,1,0,0,
2026-05-11,22:01:01,maceta1,0,0,100,100,100,,,,,1,0,0,Lectura invalida de DHT
2026-05-11,22:01:01,maceta2,0,0,100,100,100,,,16.0,45.7,1,0,0,
2026-05-11,22:01:28,maceta1,0,0,100,100,100,,,,,1,0,0,Lectura invalida de DHT
2026-05-11,22:01:28,maceta2,0,0,100,100,100,,,16.0,45.7,1,0,0,
2026-05-11,22:01:55,maceta1,0,0,100,100,100,,,,,1,0,0,Lectura invalida de DHT
2026-05-11,22:01:55,maceta2,0,0,100,100,100,,,16.0,45.7,1,0,0,
2026-05-11,22:02:22,maceta1,0,0,100,100,100,,,,,1,0,0,Lectura invalida de DHT
2026-05-11,22:02:22,maceta2,0,0,100,100,100,,,16.0,45.7,1,0,0,
2026-05-11,22:02:48,maceta1,0,0,100,100,100,,,,,1,0,0,Lectura invalida de DHT
2026-05-11,22:02:48,maceta2,0,0,100,100,100,,,,,1,0,0,Lectura invalida de DHT
2026-05-11,22:03:15,maceta1,0,0,100,100,100,,,,,1,0,0,Lectura invalida de DHT
2026-05-11,22:03:15,maceta2,0,0,100,100,100,,,,,1,0,0,Lectura invalida de DHT
2026-05-11,22:03:42,maceta1,0,0,100,100,100,,,,,1,0,0,Lectura invalida de DHT
2026-05-11,22:03:42,maceta2,0,0,100,100,100,,,16.0,45.7,1,0,0,
2026-05-11,22:04:09,maceta1,0,0,100,100,100,,,,,1,0,0,Lectura invalida de DHT
2026-05-11,22:04:09,maceta2,0,0,100,100,100,,,16.0,45.7,1,0,0,
2026-05-11,22:04:35,maceta1,0,0,100,100,100,,,,,1,0,0,Lectura invalida de DHT
2026-05-11,22:04:35,maceta2,0,0,100,100,100,,,,,1,0,0,Lectura invalida de DHT
2026-05-11,22:05:02,maceta1,0,0,100,100,100,,,,,1,0,0,Lectura invalida de DHT
2026-05-11,22:05:02,maceta2,0,0,100,100,100,,,16.0,45.7,1,0,0,
2026-05-11,22:05:29,maceta1,0,0,100,100,100,,,,,1,0,0,Lectura invalida de DHT
2026-05-11,22:05:29,maceta2,0,0,100,100,100,,,16.0,45.7,1,0,0,
2026-05-11,22:05:56,maceta1,0,0,100,100,100,,,,,1,0,0,Lectura invalida de DHT
2026-05-11,22:05:56,maceta2,0,0,100,100,100,,,,,1,0,0,Lectura invalida de DHT
2026-05-11,22:06:22,maceta1,0,0,100,100,100,,,,,1,0,0,Lectura invalida de DHT
2026-05-11,22:06:22,maceta2,0,0,100,100,100,,,,,1,0,0,Lectura invalida de DHT
2026-05-11,22:06:49,maceta1,0,0,100,100,100,,,,,1,0,0,Lectura invalida de DHT
2026-05-11,22:06:49,maceta2,0,0,100,100,100,,,16.0,45.7,1,0,0,
2026-05-11,22:07:16,maceta1,0,0,100,100,100,,,,,1,0,0,Lectura invalida de DHT
2026-05-11,22:07:16,maceta2,0,0,100,100,100,,,16.0,45.7,1,0,0,
2026-05-11,22:07:43,maceta1,0,0,100,100,100,,,,,1,0,0,Lectura invalida de DHT
2026-05-11,22:07:43,maceta2,0,0,100,100,100,,,16.0,45.7,1,0,0,
2026-05-11,22:08:10,maceta1,0,0,100,100,100,,,,,1,0,0,Lectura invalida de DHT
2026-05-11,22:08:10,maceta2,0,0,100,100,100,,,16.0,45.7,1,0,0,
2026-05-11,22:08:36,maceta1,0,0,100,100,100,,,,,1,0,0,Lectura invalida de DHT
2026-05-11,22:08:36,maceta2,0,0,100,100,100,,,,,1,0,0,Lectura invalida de DHT
2026-05-11,22:09:03,maceta1,0,0,100,100,100,,,,,1,0,0,Lectura invalida de DHT
2026-05-11,22:09:03,maceta2,0,0,100,100,100,,,16.0,45.7,1,0,0,
2026-05-11,22:09:30,maceta1,0,0,100,100,100,,,,,1,0,0,Lectura invalida de DHT
2026-05-11,22:09:30,maceta2,0,0,100,100,100,,,16.0,45.8,1,0,0,
2026-05-11,22:09:56,maceta1,0,0,100,100,100,,,,,1,0,0,Lectura invalida de DHT
2026-05-11,22:09:56,maceta2,0,0,100,100,100,,,,,1,0,0,Lectura invalida de DHT
2026-05-11,22:10:23,maceta1,0,0,100,100,100,,,,,1,0,0,Lectura invalida de DHT
2026-05-11,22:10:23,maceta2,0,0,100,100,100,,,16.0,45.7,1,0,0,
2026-05-11,22:10:50,maceta1,0,0,100,100,100,,,,,1,0,0,Lectura invalida de DHT
2026-05-11,22:10:50,maceta2,0,0,100,100,100,,,16.0,45.8,1,0,0,
2026-05-11,22:11:17,maceta1,0,0,100,100,100,,,,,1,0,0,Lectura invalida de DHT
2026-05-11,22:11:17,maceta2,0,0,100,100,100,,,16.0,45.8,1,0,0,
2026-05-11,22:11:43,maceta1,0,0,100,100,100,,,,,1,0,0,Lectura invalida de DHT
2026-05-11,22:11:43,maceta2,0,0,100,100,100,,,,,1,0,0,Lectura invalida de DHT
2026-05-11,22:12:10,maceta1,0,0,100,100,100,,,,,1,0,0,Lectura invalida de DHT
2026-05-11,22:12:10,maceta2,0,0,100,100,100,,,16.0,45.8,1,0,0,
2026-05-11,22:12:37,maceta1,0,0,100,100,100,,,,,1,0,0,Lectura invalida de DHT
2026-05-11,22:12:37,maceta2,0,0,100,100,100,,,16.0,45.8,1,0,0,
2026-05-11,22:13:04,maceta1,0,0,100,100,100,,,,,1,0,0,Lectura invalida de DHT
2026-05-11,22:13:04,maceta2,0,0,100,100,100,,,16.0,45.8,1,0,0,
2026-05-11,22:13:30,maceta1,0,0,100,100,100,,,,,1,0,0,Lectura invalida de DHT
2026-05-11,22:13:30,maceta2,0,0,100,100,100,,,16.0,45.8,1,0,0,
2026-05-11,22:13:57,maceta1,0,0,100,100,100,,,,,1,0,0,Lectura invalida de DHT
2026-05-11,22:13:57,maceta2,0,0,100,100,100,,,,,1,0,0,Lectura invalida de DHT
2026-05-11,22:14:24,maceta1,0,0,100,100,100,,,,,1,0,0,Lectura invalida de DHT
2026-05-11,22:14:24,maceta2,0,0,100,100,100,,,16.0,45.8,1,0,0,
2026-05-11,22:14:51,maceta1,0,0,100,100,100,,,,,1,0,0,Lectura invalida de DHT
2026-05-11,22:14:51,maceta2,0,0,100,100,100,,,,,1,0,0,Lectura invalida de DHT
2026-05-11,22:15:17,maceta1,0,0,100,100,100,,,,,1,0,0,Lectura invalida de DHT
2026-05-11,22:15:17,maceta2,0,0,100,100,100,,,16.0,45.8,1,0,0,
2026-05-11,22:15:44,maceta1,0,0,100,100,100,,,,,1,0,0,Lectura invalida de DHT
2026-05-11,22:15:44,maceta2,0,0,100,100,100,,,,,1,0,0,Lectura invalida de DHT
2026-05-11,22:16:11,maceta1,0,0,100,100,100,,,,,1,0,0,Lectura invalida de DHT
2026-05-11,22:16:11,maceta2,0,0,100,100,100,,,16.0,45.8,1,0,0,
2026-05-11,22:16:38,maceta1,0,0,100,100,100,,,,,1,0,0,Lectura invalida de DHT
2026-05-11,22:16:38,maceta2,0,0,100,100,100,,,16.0,45.8,1,0,0,
2026-05-11,22:17:04,maceta1,0,0,100,100,100,,,,,1,0,0,Lectura invalida de DHT
2026-05-11,22:17:04,maceta2,0,0,100,100,100,,,16.0,45.8,1,0,0,
2026-05-11,22:17:31,maceta1,0,0,100,100,100,,,,,1,0,0,Lectura invalida de DHT
2026-05-11,22:17:31,maceta2,0,0,100,100,100,,,16.0,45.8,1,0,0,
2026-05-11,22:17:58,maceta1,0,0,100,100,100,,,,,1,0,0,Lectura invalida de DHT
2026-05-11,22:17:58,maceta2,0,0,100,100,100,,,,,1,0,0,Lectura invalida de DHT
2026-05-11,22:18:25,maceta1,0,0,100,100,100,,,,,1,0,0,Lectura invalida de DHT
2026-05-11,22:18:25,maceta2,0,0,100,100,100,,,16.0,45.9,1,0,0,
2026-05-11,22:18:51,maceta1,0,0,100,100,100,,,,,1,0,0,Lectura invalida de DHT
2026-05-11,22:18:51,maceta2,0,0,100,100,100,,,16.0,45.9,1,0,0,
2026-05-11,22:19:18,maceta1,0,0,100,100,100,,,,,1,0,0,Lectura invalida de DHT
2026-05-11,22:19:18,maceta2,0,0,100,100,100,,,16.0,45.8,1,0,0,
2026-05-11,22:19:45,maceta1,0,0,100,100,100,,,,,1,0,0,Lectura invalida de DHT
2026-05-11,22:19:45,maceta2,0,0,100,100,100,,,,,1,0,0,Lectura invalida de DHT
2026-05-11,22:20:12,maceta1,0,0,100,100,100,,,,,1,0,0,Lectura invalida de DHT
2026-05-11,22:20:12,maceta2,0,0,100,100,100,,,16.0,45.8,1,0,0,
2026-05-11,22:20:39,maceta1,0,0,100,100,100,,,,,1,0,0,Lectura invalida de DHT
2026-05-11,22:20:39,maceta2,0,0,100,100,100,,,16.0,45.8,1,0,0,
2026-05-11,22:21:05,maceta1,0,0,100,100,100,,,,,1,0,0,Lectura invalida de DHT
2026-05-11,22:21:05,maceta2,0,0,100,100,100,,,16.0,45.8,1,0,0,
2026-05-11,22:21:32,maceta1,0,0,100,100,100,,,,,1,0,0,Lectura invalida de DHT
2026-05-11,22:21:32,maceta2,0,0,100,100,100,,,16.0,45.9,1,0,0,
2026-05-11,22:21:59,maceta1,0,0,100,100,100,,,,,1,0,0,Lectura invalida de DHT
2026-05-11,22:21:59,maceta2,0,0,100,100,100,,,16.0,45.8,1,0,0,
2026-05-11,22:22:26,maceta1,0,0,100,100,100,,,,,1,0,0,Lectura invalida de DHT
2026-05-11,22:22:26,maceta2,0,0,100,100,100,,,,,1,0,0,Lectura invalida de DHT
2026-05-11,22:22:52,maceta1,0,0,100,100,100,,,,,1,0,0,Lectura invalida de DHT
2026-05-11,22:22:52,maceta2,0,0,100,100,100,,,16.0,45.8,1,0,0,
2026-05-11,22:23:19,maceta1,0,0,100,100,100,,,,,1,0,0,Lectura invalida de DHT
2026-05-11,22:23:19,maceta2,0,0,100,100,100,,,16.0,45.8,1,0,0,
2026-05-11,22:23:46,maceta1,0,0,100,100,100,,,,,1,0,0,Lectura invalida de DHT
2026-05-11,22:23:46,maceta2,0,0,100,100,100,,,,,1,0,0,Lectura invalida de DHT
2026-05-11,22:24:13,maceta1,0,0,100,100,100,,,,,1,0,0,Lectura invalida de DHT
2026-05-11,22:24:13,maceta2,0,0,100,100,100,,,16.0,45.9,1,0,0,
2026-05-11,22:24:40,maceta1,0,0,100,100,100,,,,,1,0,0,Lectura invalida de DHT
2026-05-11,22:24:40,maceta2,0,0,100,100,100,,,16.0,45.9,1,0,0,
2026-05-11,22:25:06,maceta1,0,0,100,100,100,,,,,1,0,0,Lectura invalida de DHT
2026-05-11,22:25:06,maceta2,0,0,100,100,100,,,16.0,45.9,1,0,0,
2026-05-11,22:25:33,maceta1,0,0,100,100,100,,,,,1,0,0,Lectura invalida de DHT
2026-05-11,22:25:33,maceta2,0,0,100,100,100,,,16.0,45.9,1,0,0,
2026-05-11,22:26:00,maceta1,0,0,100,100,100,,,,,1,0,0,Lectura invalida de DHT
2026-05-11,22:26:00,maceta2,0,0,100,100,100,,,16.0,45.9,1,0,0,
2026-05-11,22:26:27,maceta1,0,0,100,100,100,,,,,1,0,0,Lectura invalida de DHT
2026-05-11,22:26:27,maceta2,0,0,100,100,100,,,16.0,45.9,1,0,0,
2026-05-11,22:26:53,maceta1,0,0,100,100,100,,,,,1,0,0,Lectura invalida de DHT
2026-05-11,22:26:53,maceta2,0,0,100,100,100,,,16.0,45.9,1,0,0,
2026-05-11,22:27:20,maceta1,0,0,100,100,100,,,,,1,0,0,Lectura invalida de DHT
2026-05-11,22:27:20,maceta2,0,0,100,100,100,,,16.0,45.9,1,0,0,
2026-05-11,22:27:47,maceta1,0,0,100,100,100,,,,,1,0,0,Lectura invalida de DHT
2026-05-11,22:27:47,maceta2,0,0,100,100,100,,,,,1,0,0,Lectura invalida de DHT
2026-05-11,22:28:13,maceta1,0,0,100,100,100,,,,,1,0,0,Lectura invalida de DHT
2026-05-11,22:28:13,maceta2,0,0,100,100,100,,,16.0,45.9,1,0,0,
2026-05-11,22:28:40,maceta1,0,0,100,100,100,,,,,1,0,0,Lectura invalida de DHT
2026-05-11,22:28:40,maceta2,0,0,100,100,100,,,16.0,45.9,1,0,0,
2026-05-11,22:29:07,maceta1,0,0,100,100,100,,,,,1,0,0,Lectura invalida de DHT
2026-05-11,22:29:07,maceta2,0,0,100,100,100,,,,,1,0,0,Lectura invalida de DHT
2026-05-11,22:29:34,maceta1,0,0,100,100,100,,,,,1,0,0,Lectura invalida de DHT
2026-05-11,22:29:34,maceta2,0,0,100,100,100,,,16.0,46.0,1,0,0,
2026-05-11,22:30:00,maceta1,0,0,100,100,100,,,,,1,0,0,Lectura invalida de DHT
2026-05-11,22:30:00,maceta2,0,0,100,100,100,,,16.0,46.0,1,0,0,
2026-05-11,22:30:27,maceta1,0,0,100,100,100,,,,,1,0,0,Lectura invalida de DHT
2026-05-11,22:30:27,maceta2,0,0,100,100,100,,,16.0,46.0,1,0,0,
2026-05-11,22:30:54,maceta1,0,0,100,100,100,,,,,1,0,0,Lectura invalida de DHT
2026-05-11,22:30:54,maceta2,0,0,100,100,100,,,,,1,0,0,Lectura invalida de DHT
2026-05-11,22:31:21,maceta1,0,0,100,100,100,,,,,1,0,0,Lectura invalida de DHT
2026-05-11,22:31:21,maceta2,0,0,100,100,100,,,16.0,46.0,1,0,0,
2026-05-11,22:31:47,maceta1,0,0,100,100,100,,,,,1,0,0,Lectura invalida de DHT
2026-05-11,22:31:47,maceta2,0,0,100,100,100,,,16.0,46.0,1,0,0,
2026-05-11,22:32:14,maceta1,0,0,100,100,100,,,,,1,0,0,Lectura invalida de DHT
2026-05-11,22:32:14,maceta2,0,0,100,100,100,,,15.9,46.0,1,0,0,
2026-05-11,22:32:41,maceta1,0,0,100,100,100,,,,,1,0,0,Lectura invalida de DHT
2026-05-11,22:32:41,maceta2,0,0,100,100,100,,,16.0,46.0,1,0,0,
2026-05-11,22:33:08,maceta1,0,0,100,100,100,,,,,1,0,0,Lectura invalida de DHT
2026-05-11,22:33:08,maceta2,0,0,100,100,100,,,16.0,46.0,1,0,0,
2026-05-11,22:33:35,maceta1,0,0,100,100,100,,,,,1,0,0,Lectura invalida de DHT
2026-05-11,22:33:35,maceta2,0,0,100,100,100,,,,,1,0,0,Lectura invalida de DHT
2026-05-11,22:34:01,maceta1,0,0,100,100,100,,,,,1,0,0,Lectura invalida de DHT
2026-05-11,22:34:01,maceta2,0,0,100,100,100,,,16.0,46.0,1,0,0,
2026-05-11,22:34:28,maceta1,0,0,100,100,100,,,,,1,0,0,Lectura invalida de DHT
2026-05-11,22:34:28,maceta2,0,0,100,100,100,,,16.0,46.0,1,0,0,
2026-05-11,22:34:55,maceta1,0,0,100,100,100,,,,,1,0,0,Lectura invalida de DHT
2026-05-11,22:34:55,maceta2,0,0,100,100,100,,,,,1,0,0,Lectura invalida de DHT
2026-05-11,22:35:22,maceta1,0,0,100,100,100,,,,,1,0,0,Lectura invalida de DHT
2026-05-11,22:35:22,maceta2,0,0,100,100,100,,,16.0,46.0,1,0,0,
2026-05-11,22:35:48,maceta1,0,0,100,100,100,,,,,1,0,0,Lectura invalida de DHT
2026-05-11,22:35:48,maceta2,0,0,100,100,100,,,15.9,46.0,1,0,0,
2026-05-11,22:36:15,maceta1,0,0,100,100,100,,,,,1,0,0,Lectura invalida de DHT
2026-05-11,22:36:15,maceta2,0,0,100,100,100,,,,,1,0,0,Lectura invalida de DHT
2026-05-11,22:36:42,maceta1,0,0,100,100,100,,,,,1,0,0,Lectura invalida de DHT
2026-05-11,22:36:42,maceta2,0,0,100,100,100,,,15.9,46.0,1,0,0,
2026-05-11,22:37:09,maceta1,0,0,100,100,100,,,,,1,0,0,Lectura invalida de DHT
2026-05-11,22:37:09,maceta2,0,0,100,100,100,,,16.0,46.0,1,0,0,
2026-05-11,22:37:36,maceta1,0,0,100,100,100,,,,,1,0,0,Lectura invalida de DHT
2026-05-11,22:37:36,maceta2,0,0,100,100,100,,,,,1,0,0,Lectura invalida de DHT
2026-05-11,22:38:02,maceta1,0,0,100,100,100,,,,,1,0,0,Lectura invalida de DHT
2026-05-11,22:38:02,maceta2,0,0,100,100,100,,,15.9,46.0,1,0,0,
2026-05-11,22:38:29,maceta1,0,0,100,100,100,,,,,1,0,0,Lectura invalida de DHT
2026-05-11,22:38:29,maceta2,0,0,100,100,100,,,15.9,45.9,1,0,0,
2026-05-11,22:38:56,maceta1,0,0,100,100,100,,,,,1,0,0,Lectura invalida de DHT
2026-05-11,22:38:56,maceta2,0,0,100,100,100,,,15.9,46.0,1,0,0,
2026-05-11,22:39:22,maceta1,0,0,100,100,100,,,,,1,0,0,Lectura invalida de DHT
2026-05-11,22:39:22,maceta2,0,0,100,100,100,,,15.9,46.0,1,0,0,
2026-05-11,22:39:49,maceta1,0,0,100,100,100,,,,,1,0,0,Lectura invalida de DHT
2026-05-11,22:39:49,maceta2,0,0,100,100,100,,,15.9,46.0,1,0,0,
2026-05-11,22:40:16,maceta1,0,0,100,100,100,,,,,1,0,0,Lectura invalida de DHT
2026-05-11,22:40:16,maceta2,0,0,100,100,100,,,15.9,46.0,1,0,0,
2026-05-11,22:40:43,maceta1,0,0,100,100,100,,,,,1,0,0,Lectura invalida de DHT
2026-05-11,22:40:43,maceta2,0,0,100,100,100,,,16.0,46.1,1,0,0,
2026-05-11,22:41:09,maceta1,0,0,100,100,100,,,,,1,0,0,Lectura invalida de DHT
2026-05-11,22:41:09,maceta2,0,0,100,100,100,,,,,1,0,0,Lectura invalida de DHT
2026-05-11,22:41:36,maceta1,0,0,100,100,100,,,,,1,0,0,Lectura invalida de DHT
2026-05-11,22:41:36,maceta2,0,0,100,100,100,,,15.9,46.0,1,0,0,
2026-05-11,22:42:03,maceta1,0,0,100,100,100,,,,,1,0,0,Lectura invalida de DHT
2026-05-11,22:42:03,maceta2,0,0,100,100,100,,,,,1,0,0,Lectura invalida de DHT
2026-05-11,22:42:30,maceta1,0,0,100,100,100,,,,,1,0,0,Lectura invalida de DHT
2026-05-11,22:42:30,maceta2,0,0,100,100,100,,,15.9,46.0,1,0,0,
2026-05-11,22:42:56,maceta1,0,0,100,100,100,,,,,1,0,0,Lectura invalida de DHT
2026-05-11,22:42:56,maceta2,0,0,100,100,100,,,15.9,46.0,1,0,0,
2026-05-11,22:43:23,maceta1,0,0,100,100,100,,,,,1,0,0,Lectura invalida de DHT
2026-05-11,22:43:23,maceta2,0,0,100,100,100,,,,,1,0,0,Lectura invalida de DHT
2026-05-11,22:43:50,maceta1,0,0,100,100,100,,,,,1,0,0,Lectura invalida de DHT
2026-05-11,22:43:50,maceta2,0,0,100,100,100,,,,,1,0,0,Lectura invalida de DHT
2026-05-11,22:44:17,maceta1,0,0,100,100,100,,,,,1,0,0,Lectura invalida de DHT
2026-05-11,22:44:17,maceta2,0,0,100,100,100,,,,,1,0,0,Lectura invalida de DHT
2026-05-11,22:44:43,maceta1,0,0,100,100,100,,,,,1,0,0,Lectura invalida de DHT
2026-05-11,22:44:43,maceta2,0,0,100,100,100,,,15.9,46.1,1,0,0,
2026-05-11,22:45:10,maceta1,0,0,100,100,100,,,,,1,0,0,Lectura invalida de DHT
2026-05-11,22:45:10,maceta2,0,0,100,100,100,,,15.9,46.0,1,0,0,
2026-05-11,22:45:37,maceta1,0,0,100,100,100,,,,,1,0,0,Lectura invalida de DHT
2026-05-11,22:45:37,maceta2,0,0,100,100,100,,,15.9,46.1,1,0,0,
2026-05-11,22:46:04,maceta1,0,0,100,100,100,,,,,1,0,0,Lectura invalida de DHT
2026-05-11,22:46:04,maceta2,0,0,100,100,100,,,,,1,0,0,Lectura invalida de DHT
2026-05-11,22:46:31,maceta1,0,0,100,100,100,,,,,1,0,0,Lectura invalida de DHT
2026-05-11,22:46:31,maceta2,0,0,100,100,100,,,15.9,46.1,1,0,0,
2026-05-11,22:46:57,maceta1,0,0,100,100,100,,,,,1,0,0,Lectura invalida de DHT
2026-05-11,22:46:57,maceta2,0,0,100,100,100,,,15.9,46.1,1,0,0,
2026-05-11,22:47:24,maceta1,0,0,100,100,100,,,,,1,0,0,Lectura invalida de DHT
2026-05-11,22:47:24,maceta2,0,0,100,100,100,,,,,1,0,0,Lectura invalida de DHT
2026-05-11,22:47:51,maceta1,0,0,100,100,100,,,,,1,0,0,Lectura invalida de DHT
2026-05-11,22:47:51,maceta2,0,0,100,100,100,,,,,1,0,0,Lectura invalida de DHT
2026-05-11,22:48:18,maceta1,0,0,100,100,100,,,,,1,0,0,Lectura invalida de DHT
2026-05-11,22:48:18,maceta2,0,0,100,100,100,,,15.9,46.1,1,0,0,
2026-05-11,22:48:44,maceta1,0,0,100,100,100,,,,,1,0,0,Lectura invalida de DHT
2026-05-11,22:48:44,maceta2,0,0,100,100,100,,,15.9,46.0,1,0,0,
2026-05-11,22:49:13,maceta1,0,0,100,100,100,,,,,1,0,0,Lectura invalida de DHT
2026-05-11,22:49:13,maceta2,0,0,100,100,100,,,15.9,46.1,1,0,0,
2026-05-11,22:49:40,maceta1,0,0,100,100,100,,,,,1,0,0,Lectura invalida de DHT
2026-05-11,22:49:40,maceta2,0,0,100,100,100,,,,,1,0,0,Lectura invalida de DHT
2026-05-11,22:50:07,maceta1,0,0,100,100,100,,,,,1,0,0,Lectura invalida de DHT
2026-05-11,22:50:07,maceta2,0,0,100,100,100,,,15.9,46.1,1,0,0,
2026-05-11,22:50:34,maceta1,0,0,100,100,100,,,,,1,0,0,Lectura invalida de DHT
2026-05-11,22:50:34,maceta2,0,0,100,100,100,,,15.9,46.1,1,0,0,
2026-05-11,22:51:00,maceta1,0,0,100,100,100,,,,,1,0,0,Lectura invalida de DHT
2026-05-11,22:51:00,maceta2,0,0,100,100,100,,,15.9,46.0,1,0,0,
2026-05-11,22:51:27,maceta1,0,0,100,100,100,,,,,1,0,0,Lectura invalida de DHT
2026-05-11,22:51:27,maceta2,0,0,100,100,100,,,15.9,46.1,1,0,0,
2026-05-11,22:51:54,maceta1,0,0,100,100,100,,,,,1,0,0,Lectura invalida de DHT
2026-05-11,22:51:54,maceta2,0,0,100,100,100,,,15.9,46.0,1,0,0,
2026-05-11,22:52:21,maceta1,0,0,100,100,100,,,,,1,0,0,Lectura invalida de DHT
2026-05-11,22:52:21,maceta2,0,0,100,100,100,,,15.9,46.1,1,0,0,
2026-05-11,22:52:47,maceta1,0,0,100,100,100,,,,,1,0,0,Lectura invalida de DHT
2026-05-11,22:52:47,maceta2,0,0,100,100,100,,,15.9,46.0,1,0,0,
2026-05-11,22:53:14,maceta1,0,0,100,100,100,,,,,1,0,0,Lectura invalida de DHT
2026-05-11,22:53:14,maceta2,0,0,100,100,100,,,15.9,46.0,1,0,0,
2026-05-11,22:53:41,maceta1,0,0,100,100,100,,,,,1,0,0,Lectura invalida de DHT
2026-05-11,22:53:41,maceta2,0,0,100,100,100,,,15.9,46.0,1,0,0,
2026-05-11,22:54:08,maceta1,0,0,100,100,100,,,,,1,0,0,Lectura invalida de DHT
2026-05-11,22:54:08,maceta2,0,0,100,100,100,,,15.9,46.0,1,0,0,
2026-05-11,22:54:34,maceta1,0,0,100,100,100,,,,,1,0,0,Lectura invalida de DHT
2026-05-11,22:54:34,maceta2,0,0,100,100,100,,,15.9,46.0,1,0,0,
2026-05-11,22:55:01,maceta1,0,0,100,100,100,,,,,1,0,0,Lectura invalida de DHT
2026-05-11,22:55:01,maceta2,0,0,100,100,100,,,15.9,46.0,1,0,0,
2026-05-11,22:55:28,maceta1,0,0,100,100,100,,,,,1,0,0,Lectura invalida de DHT
2026-05-11,22:55:28,maceta2,0,0,100,100,100,,,15.9,46.0,1,0,0,
2026-05-11,22:55:55,maceta1,0,0,100,100,100,,,,,1,0,0,Lectura invalida de DHT
2026-05-11,22:55:55,maceta2,0,0,100,100,100,,,15.9,46.0,1,0,0,
2026-05-11,22:56:21,maceta1,0,0,100,100,100,,,,,1,0,0,Lectura invalida de DHT
2026-05-11,22:56:21,maceta2,0,0,100,100,100,,,,,1,0,0,Lectura invalida de DHT
2026-05-11,22:56:48,maceta1,0,0,100,100,100,,,,,1,0,0,Lectura invalida de DHT
2026-05-11,22:56:48,maceta2,0,0,100,100,100,,,,,1,0,0,Lectura invalida de DHT
2026-05-11,22:57:15,maceta1,0,0,100,100,100,,,,,1,0,0,Lectura invalida de DHT
2026-05-11,22:57:15,maceta2,0,0,100,100,100,,,15.9,46.0,1,0,0,
2026-05-11,22:57:42,maceta1,0,0,100,100,100,,,,,1,0,0,Lectura invalida de DHT
2026-05-11,22:57:42,maceta2,0,0,100,100,100,,,15.9,46.0,1,0,0,
2026-05-11,22:58:08,maceta1,0,0,100,100,100,,,,,1,0,0,Lectura invalida de DHT
2026-05-11,22:58:08,maceta2,0,0,100,100,100,,,,,1,0,0,Lectura invalida de DHT
2026-05-11,22:58:35,maceta1,0,0,100,100,100,,,,,1,0,0,Lectura invalida de DHT
2026-05-11,22:58:35,maceta2,0,0,100,100,100,,,15.9,46.0,1,0,0,
2026-05-11,22:59:02,maceta1,0,0,100,100,100,,,,,1,0,0,Lectura invalida de DHT
2026-05-11,22:59:02,maceta2,0,0,100,100,100,,,15.9,46.0,1,0,0,
2026-05-11,22:59:29,maceta1,0,0,100,100,100,,,,,1,0,0,Lectura invalida de DHT
2026-05-11,22:59:29,maceta2,0,0,100,100,100,,,,,1,0,0,Lectura invalida de DHT
2026-05-11,22:59:55,maceta1,0,0,100,100,100,,,,,1,0,0,Lectura invalida de DHT
2026-05-11,22:59:55,maceta2,0,0,100,100,100,,,15.9,46.0,1,0,0,
2026-05-11,23:00:22,maceta1,0,0,100,100,100,,,,,1,0,0,Lectura invalida de DHT
2026-05-11,23:00:22,maceta2,0,0,100,100,100,,,15.9,46.0,1,0,0,
2026-05-11,23:00:49,maceta1,0,0,100,100,100,,,,,1,0,0,Lectura invalida de DHT
2026-05-11,23:00:49,maceta2,0,0,100,100,100,,,15.9,46.0,1,0,0,
2026-05-11,23:01:16,maceta1,0,0,100,100,100,,,,,1,0,0,Lectura invalida de DHT
2026-05-11,23:01:16,maceta2,0,0,100,100,100,,,15.9,46.0,1,0,0,
2026-05-11,23:01:42,maceta1,0,0,100,100,100,,,,,1,0,0,Lectura invalida de DHT
2026-05-11,23:01:42,maceta2,0,0,100,100,100,,,15.9,46.0,1,0,0,
2026-05-11,23:02:09,maceta1,0,0,100,100,100,,,,,1,0,0,Lectura invalida de DHT
2026-05-11,23:02:09,maceta2,0,0,100,100,100,,,15.9,46.0,1,0,0,
2026-05-11,23:02:36,maceta1,0,0,100,100,100,,,,,1,0,0,Lectura invalida de DHT
2026-05-11,23:02:36,maceta2,0,0,100,100,100,,,15.9,46.0,1,0,0,
2026-05-11,23:03:03,maceta1,0,0,100,100,100,,,,,1,0,0,Lectura invalida de DHT
2026-05-11,23:03:03,maceta2,0,0,100,100,100,,,15.9,46.0,1,0,0,
2026-05-11,23:03:29,maceta1,0,0,100,100,100,,,,,1,0,0,Lectura invalida de DHT
2026-05-11,23:03:29,maceta2,0,0,100,100,100,,,,,1,0,0,Lectura invalida de DHT
2026-05-11,23:03:56,maceta1,0,0,100,100,100,,,,,1,0,0,Lectura invalida de DHT
2026-05-11,23:03:56,maceta2,0,0,100,100,100,,,,,1,0,0,Lectura invalida de DHT
2026-05-11,23:04:23,maceta1,0,0,100,100,100,,,,,1,0,0,Lectura invalida de DHT
2026-05-11,23:04:23,maceta2,0,0,100,100,100,,,,,1,0,0,Lectura invalida de DHT
2026-05-11,23:04:50,maceta1,0,0,100,100,100,,,,,1,0,0,Lectura invalida de DHT
2026-05-11,23:04:50,maceta2,0,0,100,100,100,,,15.8,46.0,1,0,0,
2026-05-11,23:05:16,maceta1,0,0,100,100,100,,,,,1,0,0,Lectura invalida de DHT
2026-05-11,23:05:16,maceta2,0,0,100,100,100,,,,,1,0,0,Lectura invalida de DHT
2026-05-11,23:05:43,maceta1,0,0,100,100,100,,,,,1,0,0,Lectura invalida de DHT
2026-05-11,23:05:43,maceta2,0,0,100,100,100,,,,,1,0,0,Lectura invalida de DHT
2026-05-11,23:06:10,maceta1,0,0,100,100,100,,,,,1,0,0,Lectura invalida de DHT
2026-05-11,23:06:10,maceta2,0,0,100,100,100,,,,,1,0,0,Lectura invalida de DHT
2026-05-11,23:06:37,maceta1,0,0,100,100,100,,,,,1,0,0,Lectura invalida de DHT
2026-05-11,23:06:37,maceta2,0,0,100,100,100,,,15.9,46.0,1,0,0,
2026-05-11,23:07:03,maceta1,0,0,100,100,100,,,,,1,0,0,Lectura invalida de DHT
2026-05-11,23:07:03,maceta2,0,0,100,100,100,,,15.9,46.0,1,0,0,
2026-05-11,23:07:30,maceta1,0,0,100,100,100,,,,,1,0,0,Lectura invalida de DHT
2026-05-11,23:07:30,maceta2,0,0,100,100,100,,,15.9,46.0,1,0,0,
2026-05-11,23:07:57,maceta1,0,0,100,100,100,,,,,1,0,0,Lectura invalida de DHT
2026-05-11,23:07:57,maceta2,0,0,100,100,100,,,15.9,46.0,1,0,0,
2026-05-11,23:08:24,maceta1,0,0,100,100,100,,,,,1,0,0,Lectura invalida de DHT
2026-05-11,23:08:24,maceta2,0,0,100,100,100,,,15.8,46.0,1,0,0,
2026-05-11,23:08:50,maceta1,0,0,100,100,100,,,,,1,0,0,Lectura invalida de DHT
2026-05-11,23:08:50,maceta2,0,0,100,100,100,,,15.9,46.0,1,0,0,
2026-05-11,23:09:17,maceta1,0,0,100,100,100,,,,,1,0,0,Lectura invalida de DHT
2026-05-11,23:09:17,maceta2,0,0,100,100,100,,,15.8,46.0,1,0,0,
2026-05-11,23:09:44,maceta1,0,0,100,100,100,,,,,1,0,0,Lectura invalida de DHT
2026-05-11,23:09:44,maceta2,0,0,100,100,100,,,15.8,46.0,1,0,0,
2026-05-11,23:10:11,maceta1,0,0,100,100,100,,,,,1,0,0,Lectura invalida de DHT
2026-05-11,23:10:11,maceta2,0,0,100,100,100,,,15.8,46.0,1,0,0,
2026-05-11,23:10:37,maceta1,0,0,100,100,100,,,,,1,0,0,Lectura invalida de DHT
2026-05-11,23:10:37,maceta2,0,0,100,100,100,,,15.8,46.0,1,0,0,
2026-05-11,23:11:04,maceta1,0,0,100,100,100,,,,,1,0,0,Lectura invalida de DHT
2026-05-11,23:11:04,maceta2,0,0,100,100,100,,,15.8,46.0,1,0,0,
2026-05-11,23:11:31,maceta1,0,0,100,100,100,,,,,1,0,0,Lectura invalida de DHT
2026-05-11,23:11:31,maceta2,0,0,100,100,100,,,15.8,46.0,1,0,0,
2026-05-11,23:11:58,maceta1,0,0,100,100,100,,,,,1,0,0,Lectura invalida de DHT
2026-05-11,23:11:58,maceta2,0,0,100,100,100,,,,,1,0,0,Lectura invalida de DHT
2026-05-11,23:12:24,maceta1,0,0,100,100,100,,,,,1,0,0,Lectura invalida de DHT
2026-05-11,23:12:24,maceta2,0,0,100,100,100,,,15.8,46.0,1,0,0,
2026-05-11,23:12:51,maceta1,0,0,100,100,100,,,,,1,0,0,Lectura invalida de DHT
2026-05-11,23:12:51,maceta2,0,0,100,100,100,,,15.8,46.0,1,0,0,
2026-05-11,23:13:18,maceta1,0,0,100,100,100,,,,,1,0,0,Lectura invalida de DHT
2026-05-11,23:13:18,maceta2,0,0,100,100,100,,,15.8,46.0,1,0,0,
2026-05-11,23:13:45,maceta1,0,0,100,100,100,,,,,1,0,0,Lectura invalida de DHT
2026-05-11,23:13:45,maceta2,0,0,100,100,100,,,15.8,46.0,1,0,0,
2026-05-11,23:14:11,maceta1,0,0,100,100,100,,,,,1,0,0,Lectura invalida de DHT
2026-05-11,23:14:11,maceta2,0,0,100,100,100,,,15.9,46.0,1,0,0,
2026-05-11,23:14:38,maceta1,0,0,100,100,100,,,,,1,0,0,Lectura invalida de DHT
2026-05-11,23:14:38,maceta2,0,0,100,100,100,,,15.8,46.0,1,0,0,
2026-05-11,23:15:05,maceta1,0,0,100,100,100,,,,,1,0,0,Lectura invalida de DHT
2026-05-11,23:15:05,maceta2,0,0,100,100,100,,,15.8,46.0,1,0,0,
2026-05-11,23:15:32,maceta1,0,0,100,100,100,,,,,1,0,0,Lectura invalida de DHT
2026-05-11,23:15:32,maceta2,0,0,100,100,100,,,,,1,0,0,Lectura invalida de DHT
2026-05-11,23:15:58,maceta1,0,0,100,100,100,,,,,1,0,0,Lectura invalida de DHT
2026-05-11,23:15:58,maceta2,0,0,100,100,100,,,15.8,46.0,1,0,0,
2026-05-11,23:16:25,maceta1,0,0,100,100,100,,,,,1,0,0,Lectura invalida de DHT
2026-05-11,23:16:25,maceta2,0,0,100,100,100,,,15.8,46.0,1,0,0,
2026-05-11,23:16:52,maceta1,0,0,100,100,100,,,,,1,0,0,Lectura invalida de DHT
2026-05-11,23:16:52,maceta2,0,0,100,100,100,,,15.8,46.0,1,0,0,
2026-05-11,23:17:19,maceta1,0,0,100,100,100,,,,,1,0,0,Lectura invalida de DHT
2026-05-11,23:17:19,maceta2,0,0,100,100,100,,,15.8,46.0,1,0,0,
2026-05-11,23:17:45,maceta1,0,0,100,100,100,,,,,1,0,0,Lectura invalida de DHT
2026-05-11,23:17:45,maceta2,0,0,100,100,100,,,,,1,0,0,Lectura invalida de DHT
2026-05-11,23:18:12,maceta1,0,0,100,100,100,,,,,1,0,0,Lectura invalida de DHT
2026-05-11,23:18:12,maceta2,0,0,100,100,100,,,15.8,46.0,1,0,0,
2026-05-11,23:18:39,maceta1,0,0,100,100,100,,,,,1,0,0,Lectura invalida de DHT
2026-05-11,23:18:39,maceta2,0,0,100,100,100,,,15.8,45.9,1,0,0,
2026-05-11,23:19:06,maceta1,0,0,100,100,100,,,,,1,0,0,Lectura invalida de DHT
2026-05-11,23:19:06,maceta2,0,0,100,100,100,,,,,1,0,0,Lectura invalida de DHT
2026-05-11,23:19:32,maceta1,0,0,100,100,100,,,,,1,0,0,Lectura invalida de DHT
2026-05-11,23:19:32,maceta2,0,0,100,100,100,,,15.8,46.0,1,0,0,
2026-05-11,23:19:59,maceta1,0,0,100,100,100,,,,,1,0,0,Lectura invalida de DHT
2026-05-11,23:19:59,maceta2,0,0,100,100,100,,,15.8,45.9,1,0,0,
2026-05-11,23:20:26,maceta1,0,0,100,100,100,,,,,1,0,0,Lectura invalida de DHT
2026-05-11,23:20:26,maceta2,0,0,100,100,100,,,15.8,46.0,1,0,0,
2026-05-11,23:20:53,maceta1,0,0,100,100,100,,,,,1,0,0,Lectura invalida de DHT
2026-05-11,23:20:53,maceta2,0,0,100,100,100,,,15.8,46.0,1,0,0,
2026-05-11,23:21:19,maceta1,0,0,100,100,100,,,,,1,0,0,Lectura invalida de DHT
2026-05-11,23:21:19,maceta2,0,0,100,100,100,,,15.8,46.0,1,0,0,
2026-05-11,23:21:46,maceta1,0,0,100,100,100,,,,,1,0,0,Lectura invalida de DHT
2026-05-11,23:21:46,maceta2,0,0,100,100,100,,,15.8,45.9,1,0,0,
2026-05-11,23:22:13,maceta1,0,0,100,100,100,,,,,1,0,0,Lectura invalida de DHT
2026-05-11,23:22:13,maceta2,0,0,100,100,100,,,15.8,46.0,1,0,0,
2026-05-11,23:22:40,maceta1,0,0,100,100,100,,,,,1,0,0,Lectura invalida de DHT
2026-05-11,23:22:40,maceta2,0,0,100,100,100,,,15.8,46.0,1,0,0,
2026-05-11,23:23:06,maceta1,0,0,100,100,100,,,,,1,0,0,Lectura invalida de DHT
2026-05-11,23:23:06,maceta2,0,0,100,100,100,,,,,1,0,0,Lectura invalida de DHT
2026-05-11,23:23:33,maceta1,0,0,100,100,100,,,,,1,0,0,Lectura invalida de DHT
2026-05-11,23:23:33,maceta2,0,0,100,100,100,,,15.8,46.0,1,0,0,
2026-05-11,23:24:00,maceta1,0,0,100,100,100,,,,,1,0,0,Lectura invalida de DHT
2026-05-11,23:24:00,maceta2,0,0,100,100,100,,,15.8,46.0,1,0,0,
2026-05-11,23:24:27,maceta1,0,0,100,100,100,,,,,1,0,0,Lectura invalida de DHT
2026-05-11,23:24:27,maceta2,0,0,100,100,100,,,,,1,0,0,Lectura invalida de DHT
2026-05-11,23:24:53,maceta1,0,0,100,100,100,,,,,1,0,0,Lectura invalida de DHT
2026-05-11,23:24:53,maceta2,0,0,100,100,100,,,15.8,46.0,1,0,0,
2026-05-11,23:25:20,maceta1,0,0,100,100,100,,,,,1,0,0,Lectura invalida de DHT
2026-05-11,23:25:20,maceta2,0,0,100,100,100,,,15.8,46.0,1,0,0,
2026-05-11,23:25:47,maceta1,0,0,100,100,100,,,,,1,0,0,Lectura invalida de DHT
2026-05-11,23:25:47,maceta2,0,0,100,100,100,,,,,1,0,0,Lectura invalida de DHT
2026-05-11,23:26:14,maceta1,0,0,100,100,100,,,,,1,0,0,Lectura invalida de DHT
2026-05-11,23:26:14,maceta2,0,0,100,100,100,,,15.8,46.0,1,0,0,
2026-05-11,23:26:40,maceta1,0,0,100,100,100,,,,,1,0,0,Lectura invalida de DHT
2026-05-11,23:26:40,maceta2,0,0,100,100,100,,,15.8,46.0,1,0,0,
2026-05-11,23:27:07,maceta1,0,0,100,100,100,,,,,1,0,0,Lectura invalida de DHT
2026-05-11,23:27:07,maceta2,0,0,100,100,100,,,15.8,46.0,1,0,0,
2026-05-11,23:27:34,maceta1,0,0,100,100,100,,,,,1,0,0,Lectura invalida de DHT
2026-05-11,23:27:34,maceta2,0,0,100,100,100,,,15.8,45.9,1,0,0,
2026-05-11,23:28:01,maceta1,0,0,100,100,100,,,,,1,0,0,Lectura invalida de DHT
2026-05-11,23:28:01,maceta2,0,0,100,100,100,,,15.8,45.9,1,0,0,
2026-05-11,23:28:27,maceta1,0,0,100,100,100,,,,,1,0,0,Lectura invalida de DHT
2026-05-11,23:28:27,maceta2,0,0,100,100,100,,,,,1,0,0,Lectura invalida de DHT
2026-05-11,23:28:54,maceta1,0,0,100,100,100,,,,,1,0,0,Lectura invalida de DHT
2026-05-11,23:28:54,maceta2,0,0,100,100,100,,,15.8,45.9,1,0,0,
2026-05-11,23:29:21,maceta1,0,0,100,100,100,,,,,1,0,0,Lectura invalida de DHT
2026-05-11,23:29:21,maceta2,0,0,100,100,100,,,15.8,45.9,1,0,0,
2026-05-11,23:29:48,maceta1,0,0,100,100,100,,,,,1,0,0,Lectura invalida de DHT
2026-05-11,23:29:48,maceta2,0,0,100,100,100,,,15.8,45.9,1,0,0,
2026-05-11,23:30:14,maceta1,0,0,100,100,100,,,,,1,0,0,Lectura invalida de DHT
2026-05-11,23:30:14,maceta2,0,0,100,100,100,,,15.8,45.9,1,0,0,
2026-05-11,23:30:41,maceta1,0,0,100,100,100,,,,,1,0,0,Lectura invalida de DHT
2026-05-11,23:30:41,maceta2,0,0,100,100,100,,,15.8,45.9,1,0,0,
2026-05-11,23:31:08,maceta1,0,0,100,100,100,,,,,1,0,0,Lectura invalida de DHT
2026-05-11,23:31:08,maceta2,0,0,100,100,100,,,15.8,45.9,1,0,0,
2026-05-11,23:31:35,maceta1,0,0,100,100,100,,,,,1,0,0,Lectura invalida de DHT
2026-05-11,23:31:35,maceta2,0,0,100,100,100,,,15.8,45.9,1,0,0,
2026-05-11,23:32:01,maceta1,0,0,100,100,100,,,,,1,0,0,Lectura invalida de DHT
2026-05-11,23:32:01,maceta2,0,0,100,100,100,,,15.8,45.9,1,0,0,
2026-05-11,23:32:28,maceta1,0,0,100,100,100,,,,,1,0,0,Lectura invalida de DHT
2026-05-11,23:32:28,maceta2,0,0,100,100,100,,,15.8,45.8,1,0,0,
2026-05-11,23:32:55,maceta1,0,0,100,100,100,,,,,1,0,0,Lectura invalida de DHT
2026-05-11,23:32:55,maceta2,0,0,100,100,100,,,,,1,0,0,Lectura invalida de DHT
2026-05-11,23:33:22,maceta1,0,0,100,100,100,,,,,1,0,0,Lectura invalida de DHT
2026-05-11,23:33:22,maceta2,0,0,100,100,100,,,15.8,45.8,1,0,0,
2026-05-11,23:33:48,maceta1,0,0,100,100,100,,,,,1,0,0,Lectura invalida de DHT
2026-05-11,23:33:48,maceta2,0,0,100,100,100,,,15.8,45.8,1,0,0,
2026-05-11,23:34:15,maceta1,0,0,100,100,100,,,,,1,0,0,Lectura invalida de DHT
2026-05-11,23:34:15,maceta2,0,0,100,100,100,,,,,1,0,0,Lectura invalida de DHT
2026-05-11,23:34:42,maceta1,0,0,100,100,100,,,,,1,0,0,Lectura invalida de DHT
2026-05-11,23:34:42,maceta2,0,0,100,100,100,,,15.8,45.8,1,0,0,
2026-05-11,23:35:09,maceta1,0,0,100,100,100,,,,,1,0,0,Lectura invalida de DHT
2026-05-11,23:35:09,maceta2,0,0,100,100,100,,,15.8,45.8,1,0,0,
2026-05-11,23:35:35,maceta1,0,0,100,100,100,,,,,1,0,0,Lectura invalida de DHT
2026-05-11,23:35:35,maceta2,0,0,100,100,100,,,15.8,45.8,1,0,0,
2026-05-11,23:36:02,maceta1,0,0,100,100,100,,,,,1,0,0,Lectura invalida de DHT
2026-05-11,23:36:02,maceta2,0,0,100,100,100,,,,,1,0,0,Lectura invalida de DHT
2026-05-11,23:36:29,maceta1,0,0,100,100,100,,,,,1,0,0,Lectura invalida de DHT
2026-05-11,23:36:29,maceta2,0,0,100,100,100,,,15.8,45.8,1,0,0,
2026-05-11,23:36:56,maceta1,0,0,100,100,100,,,,,1,0,0,Lectura invalida de DHT
2026-05-11,23:36:56,maceta2,0,0,100,100,100,,,15.8,45.8,1,0,0,
2026-05-11,23:37:22,maceta1,0,0,100,100,100,,,,,1,0,0,Lectura invalida de DHT
2026-05-11,23:37:22,maceta2,0,0,100,100,100,,,15.8,45.8,1,0,0,
2026-05-11,23:37:49,maceta1,0,0,100,100,100,,,,,1,0,0,Lectura invalida de DHT
2026-05-11,23:37:49,maceta2,0,0,100,100,100,,,,,1,0,0,Lectura invalida de DHT
2026-05-11,23:38:16,maceta1,0,0,100,100,100,,,,,1,0,0,Lectura invalida de DHT
2026-05-11,23:38:16,maceta2,0,0,100,100,100,,,15.8,45.8,1,0,0,
2026-05-11,23:38:43,maceta1,0,0,100,100,100,,,,,1,0,0,Lectura invalida de DHT
2026-05-11,23:38:43,maceta2,0,0,100,100,100,,,15.8,45.8,1,0,0,
2026-05-11,23:39:17,maceta1,0,0,100,100,100,,,,,1,0,0,Lectura invalida de DHT
2026-05-11,23:39:17,maceta2,0,0,100,100,100,,,15.8,45.7,1,0,0,
2026-05-11,23:39:44,maceta1,0,0,100,100,100,,,,,1,0,0,Lectura invalida de DHT
2026-05-11,23:39:44,maceta2,0,0,100,100,100,,,15.8,45.8,1,0,0,
2026-05-11,23:40:11,maceta1,0,0,100,100,100,,,,,1,0,0,Lectura invalida de DHT
2026-05-11,23:40:11,maceta2,0,0,100,100,100,,,,,1,0,0,Lectura invalida de DHT
2026-05-11,23:40:38,maceta1,0,0,100,100,100,,,,,1,0,0,Lectura invalida de DHT
2026-05-11,23:40:38,maceta2,0,0,100,100,100,,,15.8,45.8,1,0,0,
2026-05-11,23:41:05,maceta1,0,0,100,100,100,,,,,1,0,0,Lectura invalida de DHT
2026-05-11,23:41:05,maceta2,0,0,100,100,100,,,15.8,45.7,1,0,0,
2026-05-11,23:41:31,maceta1,0,0,100,100,100,,,,,1,0,0,Lectura invalida de DHT
2026-05-11,23:41:31,maceta2,0,0,100,100,100,,,15.8,45.8,1,0,0,
2026-05-11,23:41:58,maceta1,0,0,100,100,100,,,,,1,0,0,Lectura invalida de DHT
2026-05-11,23:41:58,maceta2,0,0,100,100,100,,,15.8,45.8,1,0,0,
2026-05-11,23:42:25,maceta1,0,0,100,100,100,,,,,1,0,0,Lectura invalida de DHT
2026-05-11,23:42:25,maceta2,0,0,100,100,100,,,15.8,45.7,1,0,0,
2026-05-11,23:42:52,maceta1,0,0,100,100,100,,,,,1,0,0,Lectura invalida de DHT
2026-05-11,23:42:52,maceta2,0,0,100,100,100,,,15.8,45.7,1,0,0,
2026-05-11,23:43:18,maceta1,0,0,100,100,100,,,,,1,0,0,Lectura invalida de DHT
2026-05-11,23:43:18,maceta2,0,0,100,100,100,,,,,1,0,0,Lectura invalida de DHT
2026-05-11,23:43:45,maceta1,0,0,100,100,100,,,,,1,0,0,Lectura invalida de DHT
2026-05-11,23:43:45,maceta2,0,0,100,100,100,,,15.8,45.7,1,0,0,
2026-05-11,23:44:12,maceta1,0,0,100,100,100,,,,,1,0,0,Lectura invalida de DHT
2026-05-11,23:44:12,maceta2,0,0,100,100,100,,,15.8,45.8,1,0,0,
2026-05-11,23:44:39,maceta1,0,0,100,100,100,,,,,1,0,0,Lectura invalida de DHT
2026-05-11,23:44:39,maceta2,0,0,100,100,100,,,15.8,45.7,1,0,0,
2026-05-11,23:45:05,maceta1,0,0,100,100,100,,,,,1,0,0,Lectura invalida de DHT
2026-05-11,23:45:05,maceta2,0,0,100,100,100,,,15.8,45.7,1,0,0,
2026-05-11,23:45:32,maceta1,0,0,100,100,100,,,,,1,0,0,Lectura invalida de DHT
2026-05-11,23:45:32,maceta2,0,0,100,100,100,,,15.8,45.7,1,0,0,
2026-05-11,23:45:59,maceta1,0,0,100,100,100,,,,,1,0,0,Lectura invalida de DHT
2026-05-11,23:45:59,maceta2,0,0,100,100,100,,,15.8,45.7,1,0,0,
2026-05-11,23:46:26,maceta1,0,0,100,100,100,,,,,1,0,0,Lectura invalida de DHT
2026-05-11,23:46:26,maceta2,0,0,100,100,100,,,15.8,45.7,1,0,0,
2026-05-11,23:46:52,maceta1,0,0,100,100,100,,,,,1,0,0,Lectura invalida de DHT
2026-05-11,23:46:52,maceta2,0,0,100,100,100,,,15.8,45.7,1,0,0,
2026-05-11,23:47:19,maceta1,0,0,100,100,100,,,,,1,0,0,Lectura invalida de DHT
2026-05-11,23:47:19,maceta2,0,0,100,100,100,,,,,1,0,0,Lectura invalida de DHT
2026-05-11,23:47:46,maceta1,0,0,100,100,100,,,,,1,0,0,Lectura invalida de DHT
2026-05-11,23:47:46,maceta2,0,0,100,100,100,,,15.8,45.7,1,0,0,
2026-05-11,23:48:13,maceta1,0,0,100,100,100,,,,,1,0,0,Lectura invalida de DHT
2026-05-11,23:48:13,maceta2,0,0,100,100,100,,,15.8,45.7,1,0,0,
2026-05-11,23:48:39,maceta1,0,0,100,100,100,,,,,1,0,0,Lectura invalida de DHT
2026-05-11,23:48:39,maceta2,0,0,100,100,100,,,15.8,45.7,1,0,0,
2026-05-11,23:49:06,maceta1,0,0,100,100,100,,,,,1,0,0,Lectura invalida de DHT
2026-05-11,23:49:06,maceta2,0,0,100,100,100,,,15.8,45.7,1,0,0,
2026-05-11,23:49:33,maceta1,0,0,100,100,100,,,,,1,0,0,Lectura invalida de DHT
2026-05-11,23:49:33,maceta2,0,0,100,100,100,,,15.8,45.8,1,0,0,
2026-05-11,23:50:00,maceta1,0,0,100,100,100,,,,,1,0,0,Lectura invalida de DHT
2026-05-11,23:50:00,maceta2,0,0,100,100,100,,,,,1,0,0,Lectura invalida de DHT
2026-05-11,23:50:26,maceta1,0,0,100,100,100,,,,,1,0,0,Lectura invalida de DHT
2026-05-11,23:50:26,maceta2,0,0,100,100,100,,,,,1,0,0,Lectura invalida de DHT
2026-05-11,23:50:53,maceta1,0,0,100,100,100,,,,,1,0,0,Lectura invalida de DHT
2026-05-11,23:50:53,maceta2,0,0,100,100,100,,,15.8,45.7,1,0,0,
2026-05-11,23:51:20,maceta1,0,0,100,100,100,,,,,1,0,0,Lectura invalida de DHT
2026-05-11,23:51:20,maceta2,0,0,100,100,100,,,,,1,0,0,Lectura invalida de DHT
2026-05-11,23:51:47,maceta1,0,0,100,100,100,,,,,1,0,0,Lectura invalida de DHT
2026-05-11,23:51:47,maceta2,0,0,100,100,100,,,,,1,0,0,Lectura invalida de DHT
2026-05-11,23:52:13,maceta1,0,0,100,100,100,,,,,1,0,0,Lectura invalida de DHT
2026-05-11,23:52:13,maceta2,0,0,100,100,100,,,15.8,45.7,1,0,0,
2026-05-11,23:52:40,maceta1,0,0,100,100,100,,,,,1,0,0,Lectura invalida de DHT
2026-05-11,23:52:40,maceta2,0,0,100,100,100,,,,,1,0,0,Lectura invalida de DHT
2026-05-11,23:53:07,maceta1,0,0,100,100,100,,,,,1,0,0,Lectura invalida de DHT
2026-05-11,23:53:07,maceta2,0,0,100,100,100,,,15.8,45.7,1,0,0,
2026-05-11,23:53:34,maceta1,0,0,100,100,100,,,,,1,0,0,Lectura invalida de DHT
2026-05-11,23:53:34,maceta2,0,0,100,100,100,,,15.8,45.7,1,0,0,
2026-05-11,23:54:00,maceta1,0,0,100,100,100,,,,,1,0,0,Lectura invalida de DHT
2026-05-11,23:54:00,maceta2,0,0,100,100,100,,,,,1,0,0,Lectura invalida de DHT
2026-05-11,23:54:27,maceta1,0,0,100,100,100,,,,,1,0,0,Lectura invalida de DHT
2026-05-11,23:54:27,maceta2,0,0,100,100,100,,,,,1,0,0,Lectura invalida de DHT
2026-05-11,23:54:54,maceta1,0,0,100,100,100,,,,,1,0,0,Lectura invalida de DHT
2026-05-11,23:54:54,maceta2,0,0,100,100,100,,,15.8,45.7,1,0,0,
2026-05-11,23:55:21,maceta1,0,0,100,100,100,,,,,1,0,0,Lectura invalida de DHT
2026-05-11,23:55:21,maceta2,0,0,100,100,100,,,15.8,45.7,1,0,0,
2026-05-11,23:55:47,maceta1,0,0,100,100,100,,,,,1,0,0,Lectura invalida de DHT
2026-05-11,23:55:47,maceta2,0,0,100,100,100,,,15.8,45.7,1,0,0,
2026-05-11,23:56:14,maceta1,0,0,100,100,100,,,,,1,0,0,Lectura invalida de DHT
2026-05-11,23:56:14,maceta2,0,0,100,100,100,,,15.8,45.7,1,0,0,
2026-05-11,23:56:41,maceta1,0,0,100,100,100,,,,,1,0,0,Lectura invalida de DHT
2026-05-11,23:56:41,maceta2,0,0,100,100,100,,,,,1,0,0,Lectura invalida de DHT
2026-05-11,23:57:08,maceta1,0,0,100,100,100,,,,,1,0,0,Lectura invalida de DHT
2026-05-11,23:57:08,maceta2,0,0,100,100,100,,,15.8,45.7,1,0,0,
2026-05-11,23:57:34,maceta1,0,0,100,100,100,,,,,1,0,0,Lectura invalida de DHT
2026-05-11,23:57:34,maceta2,0,0,100,100,100,,,15.8,45.6,1,0,0,
2026-05-11,23:58:01,maceta1,0,0,100,100,100,,,,,1,0,0,Lectura invalida de DHT
2026-05-11,23:58:01,maceta2,0,0,100,100,100,,,,,1,0,0,Lectura invalida de DHT
2026-05-11,23:58:28,maceta1,0,0,100,100,100,,,,,1,0,0,Lectura invalida de DHT
2026-05-11,23:58:28,maceta2,0,0,100,100,100,,,,,1,0,0,Lectura invalida de DHT
2026-05-11,23:58:55,maceta1,0,0,100,100,100,,,,,1,0,0,Lectura invalida de DHT
2026-05-11,23:58:55,maceta2,0,0,100,100,100,,,,,1,0,0,Lectura invalida de DHT
2026-05-11,23:59:21,maceta1,0,0,100,100,100,,,,,1,0,0,Lectura invalida de DHT
2026-05-11,23:59:21,maceta2,0,0,100,100,100,,,15.8,45.6,1,0,0,
2026-05-11,23:59:48,maceta1,0,0,100,100,100,,,,,1,0,0,Lectura invalida de DHT
2026-05-11,23:59:48,maceta2,0,0,100,100,100,,,15.8,45.6,1,0,0,
2026-05-12,00:00:15,maceta1,0,0,100,100,100,,,,,1,0,0,Lectura invalida de DHT
2026-05-12,00:00:15,maceta2,0,0,100,100,100,,,15.8,45.6,1,0,0,
2026-05-12,00:00:42,maceta1,0,0,100,100,100,,,,,1,0,0,Lectura invalida de DHT
2026-05-12,00:00:42,maceta2,0,0,100,100,100,,,15.8,45.6,1,0,0,
2026-05-12,00:01:08,maceta1,0,0,100,100,100,,,,,1,0,0,Lectura invalida de DHT
2026-05-12,00:01:08,maceta2,0,0,100,100,100,,,15.8,45.7,1,0,0,
2026-05-12,00:01:35,maceta1,0,0,100,100,100,,,,,1,0,0,Lectura invalida de DHT
2026-05-12,00:01:35,maceta2,0,0,100,100,100,,,15.8,45.6,1,0,0,
2026-05-12,00:02:02,maceta1,0,0,100,100,100,,,,,1,0,0,Lectura invalida de DHT
2026-05-12,00:02:02,maceta2,0,0,100,100,100,,,15.8,45.6,1,0,0,
2026-05-12,00:02:29,maceta1,0,0,100,100,100,,,,,1,0,0,Lectura invalida de DHT
2026-05-12,00:02:29,maceta2,0,0,100,100,100,,,15.8,45.6,1,0,0,
2026-05-12,00:02:56,maceta1,0,0,100,100,100,,,,,1,0,0,Lectura invalida de DHT
2026-05-12,00:02:56,maceta2,0,0,100,100,100,,,15.8,45.6,1,0,0,
2026-05-12,00:03:22,maceta1,0,0,100,100,100,,,,,1,0,0,Lectura invalida de DHT
2026-05-12,00:03:22,maceta2,0,0,100,100,100,,,15.8,45.6,1,0,0,
2026-05-12,00:03:49,maceta1,0,0,100,100,100,,,,,1,0,0,Lectura invalida de DHT
2026-05-12,00:03:49,maceta2,0,0,100,100,100,,,15.8,45.6,1,0,0,
2026-05-12,00:04:16,maceta1,0,0,100,100,100,,,,,1,0,0,Lectura invalida de DHT
2026-05-12,00:04:16,maceta2,0,0,100,100,100,,,,,1,0,0,Lectura invalida de DHT
2026-05-12,00:04:42,maceta1,0,0,100,100,100,,,,,1,0,0,Lectura invalida de DHT
2026-05-12,00:04:42,maceta2,0,0,100,100,100,,,15.7,45.6,1,0,0,
2026-05-12,00:05:09,maceta1,0,0,100,100,100,,,,,1,0,0,Lectura invalida de DHT
2026-05-12,00:05:09,maceta2,0,0,100,100,100,,,15.7,45.6,1,0,0,
2026-05-12,00:05:36,maceta1,0,0,100,100,100,,,,,1,0,0,Lectura invalida de DHT
2026-05-12,00:05:36,maceta2,0,0,100,100,100,,,15.8,45.6,1,0,0,
2026-05-12,00:06:03,maceta1,0,0,100,100,100,,,,,1,0,0,Lectura invalida de DHT
2026-05-12,00:06:03,maceta2,0,0,100,100,100,,,15.7,45.7,1,0,0,
2026-05-12,00:06:30,maceta1,0,0,100,100,100,,,,,1,0,0,Lectura invalida de DHT
2026-05-12,00:06:30,maceta2,0,0,100,100,100,,,15.7,45.6,1,0,0,
2026-05-12,00:06:56,maceta1,0,0,100,100,100,,,,,1,0,0,Lectura invalida de DHT
2026-05-12,00:06:56,maceta2,0,0,100,100,100,,,15.7,45.6,1,0,0,
2026-05-12,00:07:23,maceta1,0,0,100,100,100,,,,,1,0,0,Lectura invalida de DHT
2026-05-12,00:07:23,maceta2,0,0,100,100,100,,,15.7,45.7,1,0,0,
2026-05-12,00:07:50,maceta1,0,0,100,100,100,,,,,1,0,0,Lectura invalida de DHT
2026-05-12,00:07:50,maceta2,0,0,100,100,100,,,,,1,0,0,Lectura invalida de DHT
2026-05-12,00:08:16,maceta1,0,0,100,100,100,,,,,1,0,0,Lectura invalida de DHT
2026-05-12,00:08:16,maceta2,0,0,100,100,100,,,15.7,45.7,1,0,0,
2026-05-12,00:08:43,maceta1,0,0,100,100,100,,,,,1,0,0,Lectura invalida de DHT
2026-05-12,00:08:43,maceta2,0,0,100,100,100,,,15.7,45.7,1,0,0,
2026-05-12,00:09:10,maceta1,0,0,100,100,100,,,,,1,0,0,Lectura invalida de DHT
2026-05-12,00:09:10,maceta2,0,0,100,100,100,,,15.7,45.7,1,0,0,
2026-05-12,00:09:37,maceta1,0,0,100,100,100,,,,,1,0,0,Lectura invalida de DHT
2026-05-12,00:09:37,maceta2,0,0,100,100,100,,,15.7,45.7,1,0,0,
2026-05-12,00:10:03,maceta1,0,0,100,100,100,,,,,1,0,0,Lectura invalida de DHT
2026-05-12,00:10:03,maceta2,0,0,100,100,100,,,,,1,0,0,Lectura invalida de DHT
2026-05-12,00:10:30,maceta1,0,0,100,100,100,,,,,1,0,0,Lectura invalida de DHT
2026-05-12,00:10:30,maceta2,0,0,100,100,100,,,15.7,45.7,1,0,0,
2026-05-12,00:10:57,maceta1,0,0,100,100,100,,,,,1,0,0,Lectura invalida de DHT
2026-05-12,00:10:57,maceta2,0,0,100,100,100,,,15.6,45.7,1,0,0,
2026-05-12,00:11:24,maceta1,0,0,100,100,100,,,,,1,0,0,Lectura invalida de DHT
2026-05-12,00:11:24,maceta2,0,0,100,100,100,,,,,1,0,0,Lectura invalida de DHT
2026-05-12,00:11:50,maceta1,0,0,100,100,100,,,,,1,0,0,Lectura invalida de DHT
2026-05-12,00:11:50,maceta2,0,0,100,100,100,,,15.7,45.6,1,0,0,
2026-05-12,00:12:17,maceta1,0,0,100,100,100,,,,,1,0,0,Lectura invalida de DHT
2026-05-12,00:12:17,maceta2,0,0,100,100,100,,,,,1,0,0,Lectura invalida de DHT
2026-05-12,00:12:44,maceta1,0,0,100,100,100,,,,,1,0,0,Lectura invalida de DHT
2026-05-12,00:12:44,maceta2,0,0,100,100,100,,,,,1,0,0,Lectura invalida de DHT
2026-05-12,00:13:11,maceta1,0,0,100,100,100,,,,,1,0,0,Lectura invalida de DHT
2026-05-12,00:13:11,maceta2,0,0,100,100,100,,,15.6,45.6,1,0,0,
2026-05-12,00:13:37,maceta1,0,0,100,100,100,,,,,1,0,0,Lectura invalida de DHT
2026-05-12,00:13:37,maceta2,0,0,100,100,100,,,,,1,0,0,Lectura invalida de DHT
2026-05-12,00:14:04,maceta1,0,0,100,100,100,,,,,1,0,0,Lectura invalida de DHT
2026-05-12,00:14:04,maceta2,0,0,100,100,100,,,15.7,45.7,1,0,0,
2026-05-12,00:14:31,maceta1,0,0,100,100,100,,,,,1,0,0,Lectura invalida de DHT
2026-05-12,00:14:31,maceta2,0,0,100,100,100,,,15.6,45.7,1,0,0,
2026-05-12,00:14:58,maceta1,0,0,100,100,100,,,,,1,0,0,Lectura invalida de DHT
2026-05-12,00:14:58,maceta2,0,0,100,100,100,,,,,1,0,0,Lectura invalida de DHT
2026-05-12,00:15:24,maceta1,0,0,100,100,100,,,,,1,0,0,Lectura invalida de DHT
2026-05-12,00:15:24,maceta2,0,0,100,100,100,,,15.6,45.7,1,0,0,
2026-05-12,00:15:51,maceta1,0,0,100,100,100,,,,,1,0,0,Lectura invalida de DHT
2026-05-12,00:15:51,maceta2,0,0,100,100,100,,,15.6,45.7,1,0,0,
2026-05-12,00:16:18,maceta1,0,0,100,100,100,,,,,1,0,0,Lectura invalida de DHT
2026-05-12,00:16:18,maceta2,0,0,100,100,100,,,15.6,45.7,1,0,0,
2026-05-12,00:16:45,maceta1,0,0,100,100,100,,,,,1,0,0,Lectura invalida de DHT
2026-05-12,00:16:45,maceta2,0,0,100,100,100,,,15.6,45.7,1,0,0,
2026-05-12,00:17:11,maceta1,0,0,100,100,100,,,,,1,0,0,Lectura invalida de DHT
2026-05-12,00:17:11,maceta2,0,0,100,100,100,,,15.6,45.7,1,0,0,
2026-05-12,00:17:38,maceta1,0,0,100,100,100,,,,,1,0,0,Lectura invalida de DHT
2026-05-12,00:17:38,maceta2,0,0,100,100,100,,,,,1,0,0,Lectura invalida de DHT
2026-05-12,00:18:05,maceta1,0,0,100,100,100,,,,,1,0,0,Lectura invalida de DHT
2026-05-12,00:18:05,maceta2,0,0,100,100,100,,,15.6,45.7,1,0,0,
2026-05-12,00:18:32,maceta1,0,0,100,100,100,,,,,1,0,0,Lectura invalida de DHT
2026-05-12,00:18:32,maceta2,0,0,100,100,100,,,,,1,0,0,Lectura invalida de DHT
2026-05-12,00:18:58,maceta1,0,0,100,100,100,,,,,1,0,0,Lectura invalida de DHT
2026-05-12,00:18:58,maceta2,0,0,100,100,100,,,15.6,45.7,1,0,0,
2026-05-12,00:19:25,maceta1,0,0,100,100,100,,,,,1,0,0,Lectura invalida de DHT
2026-05-12,00:19:25,maceta2,0,0,100,100,100,,,15.6,45.7,1,0,0,
2026-05-12,00:19:52,maceta1,0,0,100,100,100,,,,,1,0,0,Lectura invalida de DHT
2026-05-12,00:19:52,maceta2,0,0,100,100,100,,,,,1,0,0,Lectura invalida de DHT
2026-05-12,00:20:19,maceta1,0,0,100,100,100,,,,,1,0,0,Lectura invalida de DHT
2026-05-12,00:20:19,maceta2,0,0,100,100,100,,,,,1,0,0,Lectura invalida de DHT
2026-05-12,00:20:45,maceta1,0,0,100,100,100,,,,,1,0,0,Lectura invalida de DHT
2026-05-12,00:20:45,maceta2,0,0,100,100,100,,,15.6,45.6,1,0,0,
2026-05-12,00:21:12,maceta1,0,0,100,100,100,,,,,1,0,0,Lectura invalida de DHT
2026-05-12,00:21:12,maceta2,0,0,100,100,100,,,15.6,45.7,1,0,0,
2026-05-12,00:21:39,maceta1,0,0,100,100,100,,,,,1,0,0,Lectura invalida de DHT
2026-05-12,00:21:39,maceta2,0,0,100,100,100,,,15.6,45.7,1,0,0,
2026-05-12,00:22:06,maceta1,0,0,100,100,100,,,,,1,0,0,Lectura invalida de DHT
2026-05-12,00:22:06,maceta2,0,0,100,100,100,,,15.6,45.7,1,0,0,
2026-05-12,00:22:32,maceta1,0,0,100,100,100,,,,,1,0,0,Lectura invalida de DHT
2026-05-12,00:22:32,maceta2,0,0,100,100,100,,,15.6,45.7,1,0,0,
2026-05-12,00:22:59,maceta1,0,0,100,100,100,,,,,1,0,0,Lectura invalida de DHT
2026-05-12,00:22:59,maceta2,0,0,100,100,100,,,15.6,45.7,1,0,0,
2026-05-12,00:23:26,maceta1,0,0,100,100,100,,,,,1,0,0,Lectura invalida de DHT
2026-05-12,00:23:26,maceta2,0,0,100,100,100,,,,,1,0,0,Lectura invalida de DHT
2026-05-12,00:23:53,maceta1,0,0,100,100,100,,,,,1,0,0,Lectura invalida de DHT
2026-05-12,00:23:53,maceta2,0,0,100,100,100,,,15.6,45.7,1,0,0,
2026-05-12,00:24:19,maceta1,0,0,100,100,100,,,,,1,0,0,Lectura invalida de DHT
2026-05-12,00:24:19,maceta2,0,0,100,100,100,,,15.6,45.7,1,0,0,
2026-05-12,00:24:46,maceta1,0,0,100,100,100,,,,,1,0,0,Lectura invalida de DHT
2026-05-12,00:24:46,maceta2,0,0,100,100,100,,,,,1,0,0,Lectura invalida de DHT
2026-05-12,00:25:13,maceta1,0,0,100,100,100,,,,,1,0,0,Lectura invalida de DHT
2026-05-12,00:25:13,maceta2,0,0,100,100,100,,,15.6,45.7,1,0,0,
2026-05-12,00:25:40,maceta1,0,0,100,100,100,,,,,1,0,0,Lectura invalida de DHT
2026-05-12,00:25:40,maceta2,0,0,100,100,100,,,,,1,0,0,Lectura invalida de DHT
2026-05-12,00:26:06,maceta1,0,0,100,100,100,,,,,1,0,0,Lectura invalida de DHT
2026-05-12,00:26:06,maceta2,0,0,100,100,100,,,,,1,0,0,Lectura invalida de DHT
2026-05-12,00:26:33,maceta1,0,0,100,100,100,,,,,1,0,0,Lectura invalida de DHT
2026-05-12,00:26:33,maceta2,0,0,100,100,100,,,15.6,45.6,1,0,0,
2026-05-12,00:27:00,maceta1,0,0,100,100,100,,,,,1,0,0,Lectura invalida de DHT
2026-05-12,00:27:00,maceta2,0,0,100,100,100,,,15.6,45.7,1,0,0,
2026-05-12,00:27:27,maceta1,0,0,100,100,100,,,,,1,0,0,Lectura invalida de DHT
2026-05-12,00:27:27,maceta2,0,0,100,100,100,,,,,1,0,0,Lectura invalida de DHT
2026-05-12,00:27:53,maceta1,0,0,100,100,100,,,,,1,0,0,Lectura invalida de DHT
2026-05-12,00:27:53,maceta2,0,0,100,100,100,,,15.6,45.6,1,0,0,
2026-05-12,00:28:20,maceta1,0,0,100,100,100,,,,,1,0,0,Lectura invalida de DHT
2026-05-12,00:28:20,maceta2,0,0,100,100,100,,,,,1,0,0,Lectura invalida de DHT
2026-05-12,00:28:47,maceta1,0,0,100,100,100,,,,,1,0,0,Lectura invalida de DHT
2026-05-12,00:28:47,maceta2,0,0,100,100,100,,,,,1,0,0,Lectura invalida de DHT
2026-05-12,00:29:14,maceta1,0,0,100,100,100,,,,,1,0,0,Lectura invalida de DHT
2026-05-12,00:29:14,maceta2,0,0,100,100,100,,,15.6,45.6,1,0,0,
2026-05-12,00:29:41,maceta1,0,0,100,100,100,,,,,1,0,0,Lectura invalida de DHT
2026-05-12,00:29:41,maceta2,0,0,100,100,100,,,,,1,0,0,Lectura invalida de DHT
2026-05-12,00:30:08,maceta1,0,0,100,100,100,,,,,1,0,0,Lectura invalida de DHT
2026-05-12,00:30:08,maceta2,0,0,100,100,100,,,,,1,0,0,Lectura invalida de DHT
2026-05-12,00:30:35,maceta1,0,0,100,100,100,,,,,1,0,0,Lectura invalida de DHT
2026-05-12,00:30:35,maceta2,0,0,100,100,100,,,15.6,45.6,1,0,0,
2026-05-12,00:31:02,maceta1,0,0,100,100,100,,,,,1,0,0,Lectura invalida de DHT
2026-05-12,00:31:02,maceta2,0,0,100,100,100,,,,,1,0,0,Lectura invalida de DHT
2026-05-12,00:31:28,maceta1,0,0,100,100,100,,,,,1,0,0,Lectura invalida de DHT
2026-05-12,00:31:28,maceta2,0,0,100,100,100,,,,,1,0,0,Lectura invalida de DHT
2026-05-12,00:31:55,maceta1,0,0,100,100,100,,,,,1,0,0,Lectura invalida de DHT
2026-05-12,00:31:55,maceta2,0,0,100,100,100,,,15.6,45.6,1,0,0,
2026-05-12,00:32:22,maceta1,0,0,100,100,100,,,,,1,0,0,Lectura invalida de DHT
2026-05-12,00:32:22,maceta2,0,0,100,100,100,,,15.6,45.6,1,0,0,
2026-05-12,00:32:49,maceta1,0,0,100,100,100,,,,,1,0,0,Lectura invalida de DHT
2026-05-12,00:32:49,maceta2,0,0,100,100,100,,,15.6,45.7,1,0,0,
2026-05-12,00:33:15,maceta1,0,0,100,100,100,,,,,1,0,0,Lectura invalida de DHT
2026-05-12,00:33:15,maceta2,0,0,100,100,100,,,15.6,45.6,1,0,0,
2026-05-12,00:33:42,maceta1,0,0,100,100,100,,,,,1,0,0,Lectura invalida de DHT
2026-05-12,00:33:42,maceta2,0,0,100,100,100,,,15.6,45.7,1,0,0,
2026-05-12,00:34:09,maceta1,0,0,100,100,100,,,,,1,0,0,Lectura invalida de DHT
2026-05-12,00:34:09,maceta2,0,0,100,100,100,,,15.6,45.6,1,0,0,
2026-05-12,00:34:36,maceta1,0,0,100,100,100,,,,,1,0,0,Lectura invalida de DHT
2026-05-12,00:34:36,maceta2,0,0,100,100,100,,,15.6,45.6,1,0,0,
2026-05-12,00:35:02,maceta1,0,0,100,100,100,,,,,1,0,0,Lectura invalida de DHT
2026-05-12,00:35:02,maceta2,0,0,100,100,100,,,15.6,45.6,1,0,0,
2026-05-12,00:35:29,maceta1,0,0,100,100,100,,,,,1,0,0,Lectura invalida de DHT
2026-05-12,00:35:29,maceta2,0,0,100,100,100,,,15.6,45.7,1,0,0,
2026-05-12,00:35:56,maceta1,0,0,100,100,100,,,,,1,0,0,Lectura invalida de DHT
2026-05-12,00:35:56,maceta2,0,0,100,100,100,,,15.6,45.7,1,0,0,
2026-05-12,00:36:23,maceta1,0,0,100,100,100,,,,,1,0,0,Lectura invalida de DHT
2026-05-12,00:36:23,maceta2,0,0,100,100,100,,,15.6,45.6,1,0,0,
2026-05-12,00:36:49,maceta1,0,0,100,100,100,,,,,1,0,0,Lectura invalida de DHT
2026-05-12,00:36:49,maceta2,0,0,100,100,100,,,,,1,0,0,Lectura invalida de DHT
2026-05-12,00:37:16,maceta1,0,0,100,100,100,,,,,1,0,0,Lectura invalida de DHT
2026-05-12,00:37:16,maceta2,0,0,100,100,100,,,,,1,0,0,Lectura invalida de DHT
2026-05-12,00:37:43,maceta1,0,0,100,100,100,,,,,1,0,0,Lectura invalida de DHT
2026-05-12,00:37:43,maceta2,0,0,100,100,100,,,15.6,45.7,1,0,0,
2026-05-12,00:38:10,maceta1,0,0,100,100,100,,,,,1,0,0,Lectura invalida de DHT
2026-05-12,00:38:10,maceta2,0,0,100,100,100,,,15.6,45.6,1,0,0,
2026-05-12,00:38:36,maceta1,0,0,100,100,100,,,,,1,0,0,Lectura invalida de DHT
2026-05-12,00:38:36,maceta2,0,0,100,100,100,,,15.6,45.7,1,0,0,
2026-05-12,00:39:03,maceta1,0,0,100,100,100,,,,,1,0,0,Lectura invalida de DHT
2026-05-12,00:39:03,maceta2,0,0,100,100,100,,,,,1,0,0,Lectura invalida de DHT
2026-05-12,00:39:30,maceta1,0,0,100,100,100,,,,,1,0,0,Lectura invalida de DHT
2026-05-12,00:39:30,maceta2,0,0,100,100,100,,,15.6,45.6,1,0,0,
2026-05-12,00:39:57,maceta1,0,0,100,100,100,,,,,1,0,0,Lectura invalida de DHT
2026-05-12,00:39:57,maceta2,0,0,100,100,100,,,15.6,45.6,1,0,0,
2026-05-12,00:40:23,maceta1,0,0,100,100,100,,,,,1,0,0,Lectura invalida de DHT
2026-05-12,00:40:23,maceta2,0,0,100,100,100,,,15.6,45.6,1,0,0,
2026-05-12,00:40:50,maceta1,0,0,100,100,100,,,,,1,0,0,Lectura invalida de DHT
2026-05-12,00:40:50,maceta2,0,0,100,100,100,,,15.6,45.7,1,0,0,
2026-05-12,00:41:17,maceta1,0,0,100,100,100,,,,,1,0,0,Lectura invalida de DHT
2026-05-12,00:41:17,maceta2,0,0,100,100,100,,,15.6,45.7,1,0,0,
2026-05-12,00:41:44,maceta1,0,0,100,100,100,,,,,1,0,0,Lectura invalida de DHT
2026-05-12,00:41:44,maceta2,0,0,100,100,100,,,,,1,0,0,Lectura invalida de DHT
2026-05-12,00:42:10,maceta1,0,0,100,100,100,,,,,1,0,0,Lectura invalida de DHT
2026-05-12,00:42:10,maceta2,0,0,100,100,100,,,15.6,45.7,1,0,0,
2026-05-12,00:42:37,maceta1,0,0,100,100,100,,,,,1,0,0,Lectura invalida de DHT
2026-05-12,00:42:37,maceta2,0,0,100,100,100,,,15.6,45.7,1,0,0,
2026-05-12,00:43:04,maceta1,0,0,100,100,100,,,,,1,0,0,Lectura invalida de DHT
2026-05-12,00:43:04,maceta2,0,0,100,100,100,,,,,1,0,0,Lectura invalida de DHT
2026-05-12,00:43:31,maceta1,0,0,100,100,100,,,,,1,0,0,Lectura invalida de DHT
2026-05-12,00:43:31,maceta2,0,0,100,100,100,,,15.6,45.7,1,0,0,
2026-05-12,00:43:57,maceta1,0,0,100,100,100,,,,,1,0,0,Lectura invalida de DHT
2026-05-12,00:43:57,maceta2,0,0,100,100,100,,,,,1,0,0,Lectura invalida de DHT
2026-05-12,00:44:24,maceta1,0,0,100,100,100,,,,,1,0,0,Lectura invalida de DHT
2026-05-12,00:44:24,maceta2,0,0,100,100,100,,,15.6,45.7,1,0,0,
2026-05-12,00:44:51,maceta1,0,0,100,100,100,,,,,1,0,0,Lectura invalida de DHT
2026-05-12,00:44:51,maceta2,0,0,100,100,100,,,15.6,45.7,1,0,0,
2026-05-12,00:45:18,maceta1,0,0,100,100,100,,,,,1,0,0,Lectura invalida de DHT
2026-05-12,00:45:18,maceta2,0,0,100,100,100,,,,,1,0,0,Lectura invalida de DHT
2026-05-12,00:45:44,maceta1,0,0,100,100,100,,,,,1,0,0,Lectura invalida de DHT
2026-05-12,00:45:44,maceta2,0,0,100,100,100,,,15.6,45.7,1,0,0,
2026-05-12,00:46:11,maceta1,0,0,100,100,100,,,,,1,0,0,Lectura invalida de DHT
2026-05-12,00:46:11,maceta2,0,0,100,100,100,,,15.6,45.7,1,0,0,
2026-05-12,00:46:38,maceta1,0,0,100,100,100,,,,,1,0,0,Lectura invalida de DHT
2026-05-12,00:46:38,maceta2,0,0,100,100,100,,,,,1,0,0,Lectura invalida de DHT
2026-05-12,00:47:05,maceta1,0,0,100,100,100,,,,,1,0,0,Lectura invalida de DHT
2026-05-12,00:47:05,maceta2,0,0,100,100,100,,,15.6,45.7,1,0,0,
2026-05-12,00:47:31,maceta1,0,0,100,100,100,,,,,1,0,0,Lectura invalida de DHT
2026-05-12,00:47:31,maceta2,0,0,100,100,100,,,15.6,45.6,1,0,0,
2026-05-12,00:47:58,maceta1,0,0,100,100,100,,,,,1,0,0,Lectura invalida de DHT
2026-05-12,00:47:58,maceta2,0,0,100,100,100,,,,,1,0,0,Lectura invalida de DHT
2026-05-12,00:48:25,maceta1,0,0,100,100,100,,,,,1,0,0,Lectura invalida de DHT
2026-05-12,00:48:25,maceta2,0,0,100,100,100,,,15.6,45.7,1,0,0,
2026-05-12,00:48:52,maceta1,0,0,100,100,100,,,,,1,0,0,Lectura invalida de DHT
2026-05-12,00:48:52,maceta2,0,0,100,100,100,,,15.6,45.7,1,0,0,
2026-05-12,00:49:18,maceta1,0,0,100,100,100,,,,,1,0,0,Lectura invalida de DHT
2026-05-12,00:49:18,maceta2,0,0,100,100,100,,,,,1,0,0,Lectura invalida de DHT
2026-05-12,00:49:45,maceta1,0,0,100,100,100,,,,,1,0,0,Lectura invalida de DHT
2026-05-12,00:49:45,maceta2,0,0,100,100,100,,,15.6,45.6,1,0,0,
2026-05-12,00:50:12,maceta1,0,0,100,100,100,,,,,1,0,0,Lectura invalida de DHT
2026-05-12,00:50:12,maceta2,0,0,100,100,100,,,15.6,45.6,1,0,0,
2026-05-12,00:50:39,maceta1,0,0,100,100,100,,,,,1,0,0,Lectura invalida de DHT
2026-05-12,00:50:39,maceta2,0,0,100,100,100,,,15.6,45.6,1,0,0,
2026-05-12,00:51:06,maceta1,0,0,100,100,100,,,,,1,0,0,Lectura invalida de DHT
2026-05-12,00:51:06,maceta2,0,0,100,100,100,,,15.6,45.6,1,0,0,
2026-05-12,00:51:32,maceta1,0,0,100,100,100,,,,,1,0,0,Lectura invalida de DHT
2026-05-12,00:51:32,maceta2,0,0,100,100,100,,,,,1,0,0,Lectura invalida de DHT
2026-05-12,00:51:59,maceta1,0,0,100,100,100,,,,,1,0,0,Lectura invalida de DHT
2026-05-12,00:51:59,maceta2,0,0,100,100,100,,,15.6,45.6,1,0,0,
2026-05-12,00:52:26,maceta1,0,0,100,100,100,,,,,1,0,0,Lectura invalida de DHT
2026-05-12,00:52:26,maceta2,0,0,100,100,100,,,15.6,45.6,1,0,0,
2026-05-12,00:52:52,maceta1,0,0,100,100,100,,,,,1,0,0,Lectura invalida de DHT
2026-05-12,00:52:52,maceta2,0,0,100,100,100,,,15.6,45.6,1,0,0,
2026-05-12,00:53:19,maceta1,0,0,100,100,100,,,,,1,0,0,Lectura invalida de DHT
2026-05-12,00:53:19,maceta2,0,0,100,100,100,,,15.6,45.6,1,0,0,
2026-05-12,00:53:46,maceta1,0,0,100,100,100,,,,,1,0,0,Lectura invalida de DHT
2026-05-12,00:53:46,maceta2,0,0,100,100,100,,,15.6,45.6,1,0,0,
2026-05-12,00:54:13,maceta1,0,0,100,100,100,,,,,1,0,0,Lectura invalida de DHT
2026-05-12,00:54:13,maceta2,0,0,100,100,100,,,15.6,45.6,1,0,0,
2026-05-12,00:54:39,maceta1,0,0,100,100,100,,,,,1,0,0,Lectura invalida de DHT
2026-05-12,00:54:39,maceta2,0,0,100,100,100,,,15.6,45.6,1,0,0,
2026-05-12,00:55:06,maceta1,0,0,100,100,100,,,,,1,0,0,Lectura invalida de DHT
2026-05-12,00:55:06,maceta2,0,0,100,100,100,,,15.6,45.6,1,0,0,
2026-05-12,00:55:33,maceta1,0,0,100,100,100,,,,,1,0,0,Lectura invalida de DHT
2026-05-12,00:55:33,maceta2,0,0,100,100,100,,,,,1,0,0,Lectura invalida de DHT
2026-05-12,00:56:00,maceta1,0,0,100,100,100,,,,,1,0,0,Lectura invalida de DHT
2026-05-12,00:56:00,maceta2,0,0,100,100,100,,,15.6,45.6,1,0,0,
2026-05-12,00:56:26,maceta1,0,0,100,100,100,,,,,1,0,0,Lectura invalida de DHT
2026-05-12,00:56:26,maceta2,0,0,100,100,100,,,,,1,0,0,Lectura invalida de DHT
2026-05-12,00:56:53,maceta1,0,0,100,100,100,,,,,1,0,0,Lectura invalida de DHT
2026-05-12,00:56:53,maceta2,0,0,100,100,100,,,15.6,45.5,1,0,0,
2026-05-12,00:57:20,maceta1,0,0,100,100,100,,,,,1,0,0,Lectura invalida de DHT
2026-05-12,00:57:20,maceta2,0,0,100,100,100,,,15.6,45.6,1,0,0,
2026-05-12,00:57:47,maceta1,0,0,100,100,100,,,,,1,0,0,Lectura invalida de DHT
2026-05-12,00:57:47,maceta2,0,0,100,100,100,,,,,1,0,0,Lectura invalida de DHT
2026-05-12,00:58:13,maceta1,0,0,100,100,100,,,,,1,0,0,Lectura invalida de DHT
2026-05-12,00:58:13,maceta2,0,0,100,100,100,,,15.6,45.6,1,0,0,
2026-05-12,00:58:40,maceta1,0,0,100,100,100,,,,,1,0,0,Lectura invalida de DHT
2026-05-12,00:58:40,maceta2,0,0,100,100,100,,,15.6,45.6,1,0,0,
2026-05-12,00:59:07,maceta1,0,0,100,100,100,,,,,1,0,0,Lectura invalida de DHT
2026-05-12,00:59:07,maceta2,0,0,100,100,100,,,15.6,45.6,1,0,0,
2026-05-12,00:59:34,maceta1,0,0,100,100,100,,,,,1,0,0,Lectura invalida de DHT
2026-05-12,00:59:34,maceta2,0,0,100,100,100,,,15.5,45.6,1,0,0,
2026-05-12,01:00:01,maceta1,0,0,100,100,100,,,,,1,0,0,Lectura invalida de DHT
2026-05-12,01:00:01,maceta2,0,0,100,100,100,,,,,1,0,0,Lectura invalida de DHT
2026-05-12,01:00:27,maceta1,0,0,100,100,100,,,,,1,0,0,Lectura invalida de DHT
2026-05-12,01:00:27,maceta2,0,0,100,100,100,,,15.6,45.6,1,0,0,
2026-05-12,01:00:54,maceta1,0,0,100,100,100,,,,,1,0,0,Lectura invalida de DHT
2026-05-12,01:00:54,maceta2,0,0,100,100,100,,,15.5,45.6,1,0,0,
2026-05-12,01:01:21,maceta1,0,0,100,100,100,,,,,1,0,0,Lectura invalida de DHT
2026-05-12,01:01:21,maceta2,0,0,100,100,100,,,15.5,45.6,1,0,0,
2026-05-12,01:01:48,maceta1,0,0,100,100,100,,,,,1,0,0,Lectura invalida de DHT
2026-05-12,01:01:48,maceta2,0,0,100,100,100,,,,,1,0,0,Lectura invalida de DHT
2026-05-12,01:02:14,maceta1,0,0,100,100,100,,,,,1,0,0,Lectura invalida de DHT
2026-05-12,01:02:14,maceta2,0,0,100,100,100,,,15.6,45.6,1,0,0,
2026-05-12,01:02:41,maceta1,0,0,100,100,100,,,,,1,0,0,Lectura invalida de DHT
2026-05-12,01:02:41,maceta2,0,0,100,100,100,,,,,1,0,0,Lectura invalida de DHT
2026-05-12,01:03:08,maceta1,0,0,100,100,100,,,,,1,0,0,Lectura invalida de DHT
2026-05-12,01:03:08,maceta2,0,0,100,100,100,,,15.6,45.5,1,0,0,
2026-05-12,01:03:35,maceta1,0,0,100,100,100,,,,,1,0,0,Lectura invalida de DHT
2026-05-12,01:03:35,maceta2,0,0,100,100,100,,,15.5,45.5,1,0,0,
2026-05-12,01:04:02,maceta1,0,0,100,100,100,,,,,1,0,0,Lectura invalida de DHT
2026-05-12,01:04:02,maceta2,0,0,100,100,100,,,15.5,45.5,1,0,0,
2026-05-12,01:04:28,maceta1,0,0,100,100,100,,,,,1,0,0,Lectura invalida de DHT
2026-05-12,01:04:28,maceta2,0,0,100,100,100,,,15.5,45.5,1,0,0,
2026-05-12,01:04:55,maceta1,0,0,100,100,100,,,,,1,0,0,Lectura invalida de DHT
2026-05-12,01:04:55,maceta2,0,0,100,100,100,,,,,1,0,0,Lectura invalida de DHT
2026-05-12,01:05:22,maceta1,0,0,100,100,100,,,,,1,0,0,Lectura invalida de DHT
2026-05-12,01:05:22,maceta2,0,0,100,100,100,,,15.5,45.5,1,0,0,
2026-05-12,01:05:49,maceta1,0,0,100,100,100,,,,,1,0,0,Lectura invalida de DHT
2026-05-12,01:05:49,maceta2,0,0,100,100,100,,,,,1,0,0,Lectura invalida de DHT
2026-05-12,01:06:15,maceta1,0,0,100,100,100,,,,,1,0,0,Lectura invalida de DHT
2026-05-12,01:06:15,maceta2,0,0,100,100,100,,,15.5,45.5,1,0,0,
2026-05-12,01:06:42,maceta1,0,0,100,100,100,,,,,1,0,0,Lectura invalida de DHT
2026-05-12,01:06:42,maceta2,0,0,100,100,100,,,15.5,45.5,1,0,0,
2026-05-12,01:07:09,maceta1,0,0,100,100,100,,,,,1,0,0,Lectura invalida de DHT
2026-05-12,01:07:09,maceta2,0,0,100,100,100,,,15.5,45.5,1,0,0,
2026-05-12,01:07:36,maceta1,0,0,100,100,100,,,,,1,0,0,Lectura invalida de DHT
2026-05-12,01:07:36,maceta2,0,0,100,100,100,,,15.5,45.6,1,0,0,
2026-05-12,01:08:02,maceta1,0,0,100,100,100,,,,,1,0,0,Lectura invalida de DHT
2026-05-12,01:08:02,maceta2,0,0,100,100,100,,,15.5,45.5,1,0,0,
2026-05-12,01:08:29,maceta1,0,0,100,100,100,,,,,1,0,0,Lectura invalida de DHT
2026-05-12,01:08:29,maceta2,0,0,100,100,100,,,15.5,45.5,1,0,0,
2026-05-12,01:08:56,maceta1,0,0,100,100,100,,,,,1,0,0,Lectura invalida de DHT
2026-05-12,01:08:56,maceta2,0,0,100,100,100,,,,,1,0,0,Lectura invalida de DHT
2026-05-12,01:09:23,maceta1,0,0,100,100,100,,,,,1,0,0,Lectura invalida de DHT
2026-05-12,01:09:23,maceta2,0,0,100,100,100,,,15.5,45.6,1,0,0,
2026-05-12,01:09:50,maceta1,0,0,100,100,100,,,,,1,0,0,Lectura invalida de DHT
2026-05-12,01:09:50,maceta2,0,0,100,100,100,,,15.5,45.6,1,0,0,
2026-05-12,01:10:16,maceta1,0,0,100,100,100,,,,,1,0,0,Lectura invalida de DHT
2026-05-12,01:10:16,maceta2,0,0,100,100,100,,,15.5,45.5,1,0,0,
2026-05-12,01:10:43,maceta1,0,0,100,100,100,,,,,1,0,0,Lectura invalida de DHT
2026-05-12,01:10:43,maceta2,0,0,100,100,100,,,15.5,45.5,1,0,0,
2026-05-12,01:11:10,maceta1,0,0,100,100,100,,,,,1,0,0,Lectura invalida de DHT
2026-05-12,01:11:10,maceta2,0,0,100,100,100,,,15.5,45.5,1,0,0,
2026-05-12,01:11:36,maceta1,0,0,100,100,100,,,,,1,0,0,Lectura invalida de DHT
2026-05-12,01:11:36,maceta2,0,0,100,100,100,,,,,1,0,0,Lectura invalida de DHT
2026-05-12,01:12:03,maceta1,0,0,100,100,100,,,,,1,0,0,Lectura invalida de DHT
2026-05-12,01:12:03,maceta2,0,0,100,100,100,,,15.5,45.5,1,0,0,
2026-05-12,01:12:30,maceta1,0,0,100,100,100,,,,,1,0,0,Lectura invalida de DHT
2026-05-12,01:12:30,maceta2,0,0,100,100,100,,,15.5,45.6,1,0,0,
2026-05-12,01:12:57,maceta1,0,0,100,100,100,,,,,1,0,0,Lectura invalida de DHT
2026-05-12,01:12:57,maceta2,0,0,100,100,100,,,,,1,0,0,Lectura invalida de DHT
2026-05-12,01:13:23,maceta1,0,0,100,100,100,,,,,1,0,0,Lectura invalida de DHT
2026-05-12,01:13:23,maceta2,0,0,100,100,100,,,,,1,0,0,Lectura invalida de DHT
2026-05-12,01:13:51,maceta1,0,0,100,100,100,,,,,1,0,0,Lectura invalida de DHT
2026-05-12,01:13:51,maceta2,0,0,100,100,100,,,15.5,45.5,1,0,0,
2026-05-12,01:14:18,maceta1,0,0,100,100,100,,,,,1,0,0,Lectura invalida de DHT
2026-05-12,01:14:18,maceta2,0,0,100,100,100,,,,,1,0,0,Lectura invalida de DHT
2026-05-12,01:14:44,maceta1,0,0,100,100,100,,,,,1,0,0,Lectura invalida de DHT
2026-05-12,01:14:44,maceta2,0,0,100,100,100,,,15.5,45.6,1,0,0,
2026-05-12,01:15:11,maceta1,0,0,100,100,100,,,,,1,0,0,Lectura invalida de DHT
2026-05-12,01:15:11,maceta2,0,0,100,100,100,,,,,1,0,0,Lectura invalida de DHT
2026-05-12,01:15:38,maceta1,0,0,100,100,100,,,,,1,0,0,Lectura invalida de DHT
2026-05-12,01:15:38,maceta2,0,0,100,100,100,,,15.5,45.5,1,0,0,
2026-05-12,01:16:05,maceta1,0,0,100,100,100,,,,,1,0,0,Lectura invalida de DHT
2026-05-12,01:16:05,maceta2,0,0,100,100,100,,,15.5,45.5,1,0,0,
2026-05-12,01:16:31,maceta1,0,0,100,100,100,,,,,1,0,0,Lectura invalida de DHT
2026-05-12,01:16:31,maceta2,0,0,100,100,100,,,15.5,45.5,1,0,0,
2026-05-12,01:16:58,maceta1,0,0,100,100,100,,,,,1,0,0,Lectura invalida de DHT
2026-05-12,01:16:58,maceta2,0,0,100,100,100,,,15.5,45.6,1,0,0,
2026-05-12,01:17:25,maceta1,0,0,100,100,100,,,,,1,0,0,Lectura invalida de DHT
2026-05-12,01:17:25,maceta2,0,0,100,100,100,,,15.5,45.6,1,0,0,
2026-05-12,01:17:52,maceta1,0,0,100,100,100,,,,,1,0,0,Lectura invalida de DHT
2026-05-12,01:17:52,maceta2,0,0,100,100,100,,,15.5,45.5,1,0,0,
2026-05-12,01:18:18,maceta1,0,0,100,100,100,,,,,1,0,0,Lectura invalida de DHT
2026-05-12,01:18:18,maceta2,0,0,100,100,100,,,,,1,0,0,Lectura invalida de DHT
2026-05-12,01:18:45,maceta1,0,0,100,100,100,,,,,1,0,0,Lectura invalida de DHT
2026-05-12,01:18:45,maceta2,0,0,100,100,100,,,15.5,45.5,1,0,0,
2026-05-12,01:19:12,maceta1,0,0,100,100,100,,,,,1,0,0,Lectura invalida de DHT
2026-05-12,01:19:12,maceta2,0,0,100,100,100,,,15.5,45.6,1,0,0,
2026-05-12,01:19:39,maceta1,0,0,100,100,100,,,,,1,0,0,Lectura invalida de DHT
2026-05-12,01:19:39,maceta2,0,0,100,100,100,,,15.5,45.6,1,0,0,
2026-05-12,01:20:05,maceta1,0,0,100,100,100,,,,,1,0,0,Lectura invalida de DHT
2026-05-12,01:20:05,maceta2,0,0,100,100,100,,,15.5,45.5,1,0,0,
2026-05-12,01:20:32,maceta1,0,0,100,100,100,,,,,1,0,0,Lectura invalida de DHT
2026-05-12,01:20:32,maceta2,0,0,100,100,100,,,15.5,45.5,1,0,0,
2026-05-12,01:20:59,maceta1,0,0,100,100,100,,,,,1,0,0,Lectura invalida de DHT
2026-05-12,01:20:59,maceta2,0,0,100,100,100,,,15.5,45.6,1,0,0,
2026-05-12,01:21:26,maceta1,0,0,100,100,100,,,,,1,0,0,Lectura invalida de DHT
2026-05-12,01:21:26,maceta2,0,0,100,100,100,,,15.5,45.6,1,0,0,
2026-05-12,01:21:52,maceta1,0,0,100,100,100,,,,,1,0,0,Lectura invalida de DHT
2026-05-12,01:21:52,maceta2,0,0,100,100,100,,,15.5,45.5,1,0,0,
2026-05-12,01:22:19,maceta1,0,0,100,100,100,,,,,1,0,0,Lectura invalida de DHT
2026-05-12,01:22:19,maceta2,0,0,100,100,100,,,15.5,45.5,1,0,0,
2026-05-12,01:22:46,maceta1,0,0,100,100,100,,,,,1,0,0,Lectura invalida de DHT
2026-05-12,01:22:46,maceta2,0,0,100,100,100,,,15.5,45.5,1,0,0,
2026-05-12,01:23:13,maceta1,0,0,100,100,100,,,,,1,0,0,Lectura invalida de DHT
2026-05-12,01:23:13,maceta2,0,0,100,100,100,,,15.5,45.5,1,0,0,
2026-05-12,01:23:40,maceta1,0,0,100,100,100,,,,,1,0,0,Lectura invalida de DHT
2026-05-12,01:23:40,maceta2,0,0,100,100,100,,,,,1,0,0,Lectura invalida de DHT
2026-05-12,01:24:07,maceta1,0,0,100,100,100,,,,,1,0,0,Lectura invalida de DHT
2026-05-12,01:24:07,maceta2,0,0,100,100,100,,,15.5,45.5,1,0,0,
2026-05-12,01:24:33,maceta1,0,0,100,100,100,,,,,1,0,0,Lectura invalida de DHT
2026-05-12,01:24:33,maceta2,0,0,100,100,100,,,,,1,0,0,Lectura invalida de DHT
2026-05-12,01:25:00,maceta1,0,0,100,100,100,,,,,1,0,0,Lectura invalida de DHT
2026-05-12,01:25:00,maceta2,0,0,100,100,100,,,15.5,45.5,1,0,0,
2026-05-12,01:25:27,maceta1,0,0,100,100,100,,,,,1,0,0,Lectura invalida de DHT
2026-05-12,01:25:27,maceta2,0,0,100,100,100,,,15.5,45.5,1,0,0,
2026-05-12,01:25:53,maceta1,0,0,100,100,100,,,,,1,0,0,Lectura invalida de DHT
2026-05-12,01:25:53,maceta2,0,0,100,100,100,,,15.5,45.5,1,0,0,
2026-05-12,01:26:20,maceta1,0,0,100,100,100,,,,,1,0,0,Lectura invalida de DHT
2026-05-12,01:26:20,maceta2,0,0,100,100,100,,,15.5,45.5,1,0,0,
2026-05-12,01:26:47,maceta1,0,0,100,100,100,,,,,1,0,0,Lectura invalida de DHT
2026-05-12,01:26:47,maceta2,0,0,100,100,100,,,15.5,45.6,1,0,0,
2026-05-12,01:27:14,maceta1,0,0,100,100,100,,,,,1,0,0,Lectura invalida de DHT
2026-05-12,01:27:14,maceta2,0,0,100,100,100,,,15.5,45.5,1,0,0,
2026-05-12,01:27:49,maceta1,0,0,100,100,100,,,,,1,0,0,Lectura invalida de DHT
2026-05-12,01:27:49,maceta2,0,0,100,100,100,,,15.5,45.5,1,0,0,
2026-05-12,01:28:16,maceta1,0,0,100,100,100,,,,,1,0,0,Lectura invalida de DHT
2026-05-12,01:28:16,maceta2,0,0,100,100,100,,,15.5,45.5,1,0,0,
2026-05-12,01:28:43,maceta1,0,0,100,100,100,,,,,1,0,0,Lectura invalida de DHT
2026-05-12,01:28:43,maceta2,0,0,100,100,100,,,15.4,45.5,1,0,0,
2026-05-12,01:29:10,maceta1,0,0,100,100,100,,,,,1,0,0,Lectura invalida de DHT
2026-05-12,01:29:10,maceta2,0,0,100,100,100,,,15.4,45.5,1,0,0,
2026-05-12,01:29:36,maceta1,0,0,100,100,100,,,,,1,0,0,Lectura invalida de DHT
2026-05-12,01:29:36,maceta2,0,0,100,100,100,,,,,1,0,0,Lectura invalida de DHT
2026-05-12,01:30:03,maceta1,0,0,100,100,100,,,,,1,0,0,Lectura invalida de DHT
2026-05-12,01:30:03,maceta2,0,0,100,100,100,,,15.5,45.5,1,0,0,
2026-05-12,01:30:30,maceta1,0,0,100,100,100,,,,,1,0,0,Lectura invalida de DHT
2026-05-12,01:30:30,maceta2,0,0,100,100,100,,,15.5,45.6,1,0,0,
2026-05-12,01:30:56,maceta1,0,0,100,100,100,,,,,1,0,0,Lectura invalida de DHT
2026-05-12,01:30:56,maceta2,0,0,100,100,100,,,,,1,0,0,Lectura invalida de DHT
2026-05-12,01:31:23,maceta1,0,0,100,100,100,,,,,1,0,0,Lectura invalida de DHT
2026-05-12,01:31:23,maceta2,0,0,100,100,100,,,15.5,45.5,1,0,0,
2026-05-12,01:31:50,maceta1,0,0,100,100,100,,,,,1,0,0,Lectura invalida de DHT
2026-05-12,01:31:50,maceta2,0,0,100,100,100,,,15.5,45.5,1,0,0,
2026-05-12,01:32:17,maceta1,0,0,100,100,100,,,,,1,0,0,Lectura invalida de DHT
2026-05-12,01:32:17,maceta2,0,0,100,100,100,,,15.5,45.5,1,0,0,
2026-05-12,01:32:44,maceta1,0,0,100,100,100,,,,,1,0,0,Lectura invalida de DHT
2026-05-12,01:32:44,maceta2,0,0,100,100,100,,,15.5,45.5,1,0,0,
2026-05-12,01:33:10,maceta1,0,0,100,100,100,,,,,1,0,0,Lectura invalida de DHT
2026-05-12,01:33:10,maceta2,0,0,100,100,100,,,15.4,45.5,1,0,0,
2026-05-12,01:33:37,maceta1,0,0,100,100,100,,,,,1,0,0,Lectura invalida de DHT
2026-05-12,01:33:37,maceta2,0,0,100,100,100,,,15.4,45.5,1,0,0,
2026-05-12,01:34:04,maceta1,0,0,100,100,100,,,,,1,0,0,Lectura invalida de DHT
2026-05-12,01:34:04,maceta2,0,0,100,100,100,,,,,1,0,0,Lectura invalida de DHT
2026-05-12,01:34:31,maceta1,0,0,100,100,100,,,,,1,0,0,Lectura invalida de DHT
2026-05-12,01:34:31,maceta2,0,0,100,100,100,,,15.5,45.5,1,0,0,
2026-05-12,01:34:57,maceta1,0,0,100,100,100,,,,,1,0,0,Lectura invalida de DHT
2026-05-12,01:34:57,maceta2,0,0,100,100,100,,,15.5,45.5,1,0,0,
2026-05-12,01:35:24,maceta1,0,0,100,100,100,,,,,1,0,0,Lectura invalida de DHT
2026-05-12,01:35:24,maceta2,0,0,100,100,100,,,15.5,45.5,1,0,0,
2026-05-12,01:35:51,maceta1,0,0,100,100,100,,,,,1,0,0,Lectura invalida de DHT
2026-05-12,01:35:51,maceta2,0,0,100,100,100,,,15.5,45.5,1,0,0,
2026-05-12,01:36:18,maceta1,0,0,100,100,100,,,,,1,0,0,Lectura invalida de DHT
2026-05-12,01:36:18,maceta2,0,0,100,100,100,,,15.5,45.5,1,0,0,
2026-05-12,01:36:44,maceta1,0,0,100,100,100,,,,,1,0,0,Lectura invalida de DHT
2026-05-12,01:36:44,maceta2,0,0,100,100,100,,,15.4,45.5,1,0,0,
2026-05-12,01:37:11,maceta1,0,0,100,100,100,,,,,1,0,0,Lectura invalida de DHT
2026-05-12,01:37:11,maceta2,0,0,100,100,100,,,15.5,45.5,1,0,0,
2026-05-12,01:37:38,maceta1,0,0,100,100,100,,,,,1,0,0,Lectura invalida de DHT
2026-05-12,01:37:38,maceta2,0,0,100,100,100,,,,,1,0,0,Lectura invalida de DHT
2026-05-12,01:38:05,maceta1,0,0,100,100,100,,,,,1,0,0,Lectura invalida de DHT
2026-05-12,01:38:05,maceta2,0,0,100,100,100,,,,,1,0,0,Lectura invalida de DHT
2026-05-12,01:38:31,maceta1,0,0,100,100,100,,,,,1,0,0,Lectura invalida de DHT
2026-05-12,01:38:31,maceta2,0,0,100,100,100,,,15.5,45.5,1,0,0,
2026-05-12,01:38:58,maceta1,0,0,100,100,100,,,,,1,0,0,Lectura invalida de DHT
2026-05-12,01:38:58,maceta2,0,0,100,100,100,,,15.5,45.5,1,0,0,
2026-05-12,01:39:25,maceta1,0,0,100,100,100,,,,,1,0,0,Lectura invalida de DHT
2026-05-12,01:39:25,maceta2,0,0,100,100,100,,,,,1,0,0,Lectura invalida de DHT
2026-05-12,01:39:52,maceta1,0,0,100,100,100,,,,,1,0,0,Lectura invalida de DHT
2026-05-12,01:39:52,maceta2,0,0,100,100,100,,,,,1,0,0,Lectura invalida de DHT
2026-05-12,01:40:19,maceta1,0,0,100,100,100,,,,,1,0,0,Lectura invalida de DHT
2026-05-12,01:40:19,maceta2,0,0,100,100,100,,,15.4,45.5,1,0,0,
2026-05-12,01:40:45,maceta1,0,0,100,100,100,,,,,1,0,0,Lectura invalida de DHT
2026-05-12,01:40:45,maceta2,0,0,100,100,100,,,15.4,45.5,1,0,0,
2026-05-12,01:41:12,maceta1,0,0,100,100,100,,,,,1,0,0,Lectura invalida de DHT
2026-05-12,01:41:12,maceta2,0,0,100,100,100,,,15.4,45.5,1,0,0,
2026-05-12,01:41:39,maceta1,0,0,100,100,100,,,,,1,0,0,Lectura invalida de DHT
2026-05-12,01:41:39,maceta2,0,0,100,100,100,,,15.4,45.5,1,0,0,
2026-05-12,01:42:06,maceta1,0,0,100,100,100,,,,,1,0,0,Lectura invalida de DHT
2026-05-12,01:42:06,maceta2,0,0,100,100,100,,,15.4,45.5,1,0,0,
2026-05-12,01:42:32,maceta1,0,0,100,100,100,,,,,1,0,0,Lectura invalida de DHT
2026-05-12,01:42:32,maceta2,0,0,100,100,100,,,15.4,45.5,1,0,0,
2026-05-12,01:42:59,maceta1,0,0,100,100,100,,,,,1,0,0,Lectura invalida de DHT
2026-05-12,01:42:59,maceta2,0,0,100,100,100,,,15.4,45.5,1,0,0,
2026-05-12,01:43:26,maceta1,0,0,100,100,100,,,,,1,0,0,Lectura invalida de DHT
2026-05-12,01:43:26,maceta2,0,0,100,100,100,,,15.4,45.5,1,0,0,
2026-05-12,01:43:53,maceta1,0,0,100,100,100,,,,,1,0,0,Lectura invalida de DHT
2026-05-12,01:43:53,maceta2,0,0,100,100,100,,,15.4,45.5,1,0,0,
2026-05-12,01:44:19,maceta1,0,0,100,100,100,,,,,1,0,0,Lectura invalida de DHT
2026-05-12,01:44:19,maceta2,0,0,100,100,100,,,15.4,45.5,1,0,0,
2026-05-12,01:44:46,maceta1,0,0,100,100,100,,,,,1,0,0,Lectura invalida de DHT
2026-05-12,01:44:46,maceta2,0,0,100,100,100,,,15.4,45.5,1,0,0,
2026-05-12,01:45:13,maceta1,0,0,100,100,100,,,,,1,0,0,Lectura invalida de DHT
2026-05-12,01:45:13,maceta2,0,0,100,100,100,,,15.4,45.5,1,0,0,
2026-05-12,01:45:40,maceta1,0,0,100,100,100,,,,,1,0,0,Lectura invalida de DHT
2026-05-12,01:45:40,maceta2,0,0,100,100,100,,,15.4,45.5,1,0,0,
2026-05-12,01:46:06,maceta1,0,0,100,100,100,,,,,1,0,0,Lectura invalida de DHT
2026-05-12,01:46:06,maceta2,0,0,100,100,100,,,15.4,45.5,1,0,0,
2026-05-12,01:46:33,maceta1,0,0,100,100,100,,,,,1,0,0,Lectura invalida de DHT
2026-05-12,01:46:33,maceta2,0,0,100,100,100,,,15.4,45.6,1,0,0,
2026-05-12,01:47:00,maceta1,0,0,100,100,100,,,,,1,0,0,Lectura invalida de DHT
2026-05-12,01:47:00,maceta2,0,0,100,100,100,,,15.4,45.5,1,0,0,
2026-05-12,01:47:27,maceta1,0,0,100,100,100,,,,,1,0,0,Lectura invalida de DHT
2026-05-12,01:47:27,maceta2,0,0,100,100,100,,,15.4,45.5,1,0,0,
2026-05-12,01:47:53,maceta1,0,0,100,100,100,,,,,1,0,0,Lectura invalida de DHT
2026-05-12,01:47:53,maceta2,0,0,100,100,100,,,,,1,0,0,Lectura invalida de DHT
2026-05-12,01:48:20,maceta1,0,0,100,100,100,,,,,1,0,0,Lectura invalida de DHT
2026-05-12,01:48:20,maceta2,0,0,100,100,100,,,15.4,45.5,1,0,0,
2026-05-12,01:48:47,maceta1,0,0,100,100,100,,,,,1,0,0,Lectura invalida de DHT
2026-05-12,01:48:47,maceta2,0,0,100,100,100,,,15.4,45.5,1,0,0,
2026-05-12,01:49:14,maceta1,0,0,100,100,100,,,,,1,0,0,Lectura invalida de DHT
2026-05-12,01:49:14,maceta2,0,0,100,100,100,,,,,1,0,0,Lectura invalida de DHT
2026-05-12,01:49:40,maceta1,0,0,100,100,100,,,,,1,0,0,Lectura invalida de DHT
2026-05-12,01:49:40,maceta2,0,0,100,100,100,,,15.4,45.5,1,0,0,
2026-05-12,01:50:07,maceta1,0,0,100,100,100,,,,,1,0,0,Lectura invalida de DHT
2026-05-12,01:50:07,maceta2,0,0,100,100,100,,,15.4,45.5,1,0,0,
2026-05-12,01:50:34,maceta1,0,0,100,100,100,,,,,1,0,0,Lectura invalida de DHT
2026-05-12,01:50:34,maceta2,0,0,100,100,100,,,,,1,0,0,Lectura invalida de DHT
2026-05-12,01:51:01,maceta1,0,0,100,100,100,,,,,1,0,0,Lectura invalida de DHT
2026-05-12,01:51:01,maceta2,0,0,100,100,100,,,15.4,45.5,1,0,0,
2026-05-12,01:51:28,maceta1,0,0,100,100,100,,,,,1,0,0,Lectura invalida de DHT
2026-05-12,01:51:28,maceta2,0,0,100,100,100,,,,,1,0,0,Lectura invalida de DHT
2026-05-12,01:51:54,maceta1,0,0,100,100,100,,,,,1,0,0,Lectura invalida de DHT
2026-05-12,01:51:54,maceta2,0,0,100,100,100,,,,,1,0,0,Lectura invalida de DHT
2026-05-12,01:52:21,maceta1,0,0,100,100,100,,,,,1,0,0,Lectura invalida de DHT
2026-05-12,01:52:21,maceta2,0,0,100,100,100,,,15.4,45.5,1,0,0,
2026-05-12,01:52:48,maceta1,0,0,100,100,100,,,,,1,0,0,Lectura invalida de DHT
2026-05-12,01:52:48,maceta2,0,0,100,100,100,,,15.4,45.5,1,0,0,
2026-05-12,01:53:15,maceta1,0,0,100,100,100,,,,,1,0,0,Lectura invalida de DHT
2026-05-12,01:53:15,maceta2,0,0,100,100,100,,,15.4,45.5,1,0,0,
2026-05-12,01:53:41,maceta1,0,0,100,100,100,,,,,1,0,0,Lectura invalida de DHT
2026-05-12,01:53:41,maceta2,0,0,100,100,100,,,15.4,45.5,1,0,0,
2026-05-12,01:54:08,maceta1,0,0,100,100,100,,,,,1,0,0,Lectura invalida de DHT
2026-05-12,01:54:08,maceta2,0,0,100,100,100,,,15.4,45.5,1,0,0,
2026-05-12,01:54:35,maceta1,0,0,100,100,100,,,,,1,0,0,Lectura invalida de DHT
2026-05-12,01:54:35,maceta2,0,0,100,100,100,,,,,1,0,0,Lectura invalida de DHT
2026-05-12,01:55:02,maceta1,0,0,100,100,100,,,,,1,0,0,Lectura invalida de DHT
2026-05-12,01:55:02,maceta2,0,0,100,100,100,,,,,1,0,0,Lectura invalida de DHT
2026-05-12,01:55:28,maceta1,0,0,100,100,100,,,,,1,0,0,Lectura invalida de DHT
2026-05-12,01:55:28,maceta2,0,0,100,100,100,,,15.4,45.5,1,0,0,
2026-05-12,01:55:55,maceta1,0,0,100,100,100,,,,,1,0,0,Lectura invalida de DHT
2026-05-12,01:55:55,maceta2,0,0,100,100,100,,,15.4,45.5,1,0,0,
2026-05-12,01:56:22,maceta1,0,0,100,100,100,,,,,1,0,0,Lectura invalida de DHT
2026-05-12,01:56:22,maceta2,0,0,100,100,100,,,15.4,45.5,1,0,0,
2026-05-12,01:56:48,maceta1,0,0,100,100,100,,,,,1,0,0,Lectura invalida de DHT
2026-05-12,01:56:48,maceta2,0,0,100,100,100,,,15.4,45.5,1,0,0,
2026-05-12,01:57:15,maceta1,0,0,100,100,100,,,,,1,0,0,Lectura invalida de DHT
2026-05-12,01:57:15,maceta2,0,0,100,100,100,,,15.4,45.5,1,0,0,
2026-05-12,01:57:42,maceta1,0,0,100,100,100,,,,,1,0,0,Lectura invalida de DHT
2026-05-12,01:57:42,maceta2,0,0,100,100,100,,,,,1,0,0,Lectura invalida de DHT
2026-05-12,01:58:09,maceta1,0,0,100,100,100,,,,,1,0,0,Lectura invalida de DHT
2026-05-12,01:58:09,maceta2,0,0,100,100,100,,,15.4,45.5,1,0,0,
2026-05-12,01:58:35,maceta1,0,0,100,100,100,,,,,1,0,0,Lectura invalida de DHT
2026-05-12,01:58:35,maceta2,0,0,100,100,100,,,15.4,45.5,1,0,0,
2026-05-12,01:59:02,maceta1,0,0,100,100,100,,,,,1,0,0,Lectura invalida de DHT
2026-05-12,01:59:02,maceta2,0,0,100,100,100,,,15.4,45.5,1,0,0,
2026-05-12,01:59:29,maceta1,0,0,100,100,100,,,,,1,0,0,Lectura invalida de DHT
2026-05-12,01:59:29,maceta2,0,0,100,100,100,,,15.4,45.5,1,0,0,
2026-05-12,01:59:56,maceta1,0,0,100,100,100,,,,,1,0,0,Lectura invalida de DHT
2026-05-12,01:59:56,maceta2,0,0,100,100,100,,,15.4,45.5,1,0,0,
2026-05-12,02:00:22,maceta1,0,0,100,100,100,,,,,1,0,0,Lectura invalida de DHT
2026-05-12,02:00:22,maceta2,0,0,100,100,100,,,15.4,45.5,1,0,0,
2026-05-12,02:00:49,maceta1,0,0,100,100,100,,,,,1,0,0,Lectura invalida de DHT
2026-05-12,02:00:49,maceta2,0,0,100,100,100,,,15.4,45.5,1,0,0,
2026-05-12,02:01:16,maceta1,0,0,100,100,100,,,,,1,0,0,Lectura invalida de DHT
2026-05-12,02:01:16,maceta2,0,0,100,100,100,,,15.4,45.5,1,0,0,
2026-05-12,02:01:43,maceta1,0,0,100,100,100,,,,,1,0,0,Lectura invalida de DHT
2026-05-12,02:01:43,maceta2,0,0,100,100,100,,,15.3,45.5,1,0,0,
2026-05-12,02:02:09,maceta1,0,0,100,100,100,,,,,1,0,0,Lectura invalida de DHT
2026-05-12,02:02:09,maceta2,0,0,100,100,100,,,15.4,45.6,1,0,0,
2026-05-12,02:02:36,maceta1,0,0,100,100,100,,,,,1,0,0,Lectura invalida de DHT
2026-05-12,02:02:36,maceta2,0,0,100,100,100,,,15.3,45.5,1,0,0,
2026-05-12,02:03:03,maceta1,0,0,100,100,100,,,,,1,0,0,Lectura invalida de DHT
2026-05-12,02:03:03,maceta2,0,0,100,100,100,,,,,1,0,0,Lectura invalida de DHT
2026-05-12,02:03:30,maceta1,0,0,100,100,100,,,,,1,0,0,Lectura invalida de DHT
2026-05-12,02:03:30,maceta2,0,0,100,100,100,,,15.3,45.5,1,0,0,
2026-05-12,02:03:56,maceta1,0,0,100,100,100,,,,,1,0,0,Lectura invalida de DHT
2026-05-12,02:03:56,maceta2,0,0,100,100,100,,,15.3,45.5,1,0,0,
2026-05-12,02:04:23,maceta1,0,0,100,100,100,,,,,1,0,0,Lectura invalida de DHT
2026-05-12,02:04:23,maceta2,0,0,100,100,100,,,15.3,45.6,1,0,0,
2026-05-12,02:04:50,maceta1,0,0,100,100,100,,,,,1,0,0,Lectura invalida de DHT
2026-05-12,02:04:50,maceta2,0,0,100,100,100,,,15.3,45.5,1,0,0,
2026-05-12,02:05:17,maceta1,0,0,100,100,100,,,,,1,0,0,Lectura invalida de DHT
2026-05-12,02:05:17,maceta2,0,0,100,100,100,,,15.3,45.5,1,0,0,
2026-05-12,02:05:43,maceta1,0,0,100,100,100,,,,,1,0,0,Lectura invalida de DHT
2026-05-12,02:05:43,maceta2,0,0,100,100,100,,,15.3,45.5,1,0,0,
2026-05-12,02:06:10,maceta1,0,0,100,100,100,,,,,1,0,0,Lectura invalida de DHT
2026-05-12,02:06:10,maceta2,0,0,100,100,100,,,15.4,45.5,1,0,0,
2026-05-12,02:06:37,maceta1,0,0,100,100,100,,,,,1,0,0,Lectura invalida de DHT
2026-05-12,02:06:37,maceta2,0,0,100,100,100,,,15.3,45.5,1,0,0,
2026-05-12,02:07:04,maceta1,0,0,100,100,100,,,,,1,0,0,Lectura invalida de DHT
2026-05-12,02:07:04,maceta2,0,0,100,100,100,,,15.3,45.5,1,0,0,
2026-05-12,02:07:30,maceta1,0,0,100,100,100,,,,,1,0,0,Lectura invalida de DHT
2026-05-12,02:07:30,maceta2,0,0,100,100,100,,,15.3,45.5,1,0,0,
2026-05-12,02:07:57,maceta1,0,0,100,100,100,,,,,1,0,0,Lectura invalida de DHT
2026-05-12,02:07:57,maceta2,0,0,100,100,100,,,15.3,45.5,1,0,0,
2026-05-12,02:08:24,maceta1,0,0,100,100,100,,,,,1,0,0,Lectura invalida de DHT
2026-05-12,02:08:24,maceta2,0,0,100,100,100,,,15.3,45.5,1,0,0,
2026-05-12,02:08:51,maceta1,0,0,100,100,100,,,,,1,0,0,Lectura invalida de DHT
2026-05-12,02:08:51,maceta2,0,0,100,100,100,,,15.3,45.5,1,0,0,
2026-05-12,02:09:17,maceta1,0,0,100,100,100,,,,,1,0,0,Lectura invalida de DHT
2026-05-12,02:09:17,maceta2,0,0,100,100,100,,,,,1,0,0,Lectura invalida de DHT
2026-05-12,02:09:44,maceta1,0,0,100,100,100,,,,,1,0,0,Lectura invalida de DHT
2026-05-12,02:09:44,maceta2,0,0,100,100,100,,,15.3,45.5,1,0,0,
2026-05-12,02:10:11,maceta1,0,0,100,100,100,,,,,1,0,0,Lectura invalida de DHT
2026-05-12,02:10:11,maceta2,0,0,100,100,100,,,15.3,45.5,1,0,0,
2026-05-12,02:10:38,maceta1,0,0,100,100,100,,,,,1,0,0,Lectura invalida de DHT
2026-05-12,02:10:38,maceta2,0,0,100,100,100,,,15.3,45.5,1,0,0,
2026-05-12,02:11:04,maceta1,0,0,100,100,100,,,,,1,0,0,Lectura invalida de DHT
2026-05-12,02:11:04,maceta2,0,0,100,100,100,,,15.3,45.5,1,0,0,
2026-05-12,02:11:31,maceta1,0,0,100,100,100,,,,,1,0,0,Lectura invalida de DHT
2026-05-12,02:11:31,maceta2,0,0,100,100,100,,,15.3,45.5,1,0,0,
2026-05-12,02:11:58,maceta1,0,0,100,100,100,,,,,1,0,0,Lectura invalida de DHT
2026-05-12,02:11:58,maceta2,0,0,100,100,100,,,15.3,45.5,1,0,0,
2026-05-12,02:12:25,maceta1,0,0,100,100,100,,,,,1,0,0,Lectura invalida de DHT
2026-05-12,02:12:25,maceta2,0,0,100,100,100,,,15.3,45.5,1,0,0,
2026-05-12,02:12:51,maceta1,0,0,100,100,100,,,,,1,0,0,Lectura invalida de DHT
2026-05-12,02:12:51,maceta2,0,0,100,100,100,,,15.3,45.5,1,0,0,
2026-05-12,02:13:18,maceta1,0,0,100,100,100,,,,,1,0,0,Lectura invalida de DHT
2026-05-12,02:13:18,maceta2,0,0,100,100,100,,,15.3,45.5,1,0,0,
2026-05-12,02:13:45,maceta1,0,0,100,100,100,,,,,1,0,0,Lectura invalida de DHT
2026-05-12,02:13:45,maceta2,0,0,100,100,100,,,15.3,45.5,1,0,0,
2026-05-12,02:14:12,maceta1,0,0,100,100,100,,,,,1,0,0,Lectura invalida de DHT
2026-05-12,02:14:12,maceta2,0,0,100,100,100,,,15.3,45.5,1,0,0,
2026-05-12,02:14:38,maceta1,0,0,100,100,100,,,,,1,0,0,Lectura invalida de DHT
2026-05-12,02:14:38,maceta2,0,0,100,100,100,,,15.3,45.5,1,0,0,
2026-05-12,02:15:05,maceta1,0,0,100,100,100,,,,,1,0,0,Lectura invalida de DHT
2026-05-12,02:15:05,maceta2,0,0,100,100,100,,,15.3,45.5,1,0,0,
2026-05-12,02:15:32,maceta1,0,0,100,100,100,,,,,1,0,0,Lectura invalida de DHT
2026-05-12,02:15:32,maceta2,0,0,100,100,100,,,,,1,0,0,Lectura invalida de DHT
2026-05-12,02:15:59,maceta1,0,0,100,100,100,,,,,1,0,0,Lectura invalida de DHT
2026-05-12,02:15:59,maceta2,0,0,100,100,100,,,15.3,45.5,1,0,0,
2026-05-12,02:16:25,maceta1,0,0,100,100,100,,,,,1,0,0,Lectura invalida de DHT
2026-05-12,02:16:25,maceta2,0,0,100,100,100,,,15.3,45.5,1,0,0,
2026-05-12,02:16:52,maceta1,0,0,100,100,100,,,,,1,0,0,Lectura invalida de DHT
2026-05-12,02:16:52,maceta2,0,0,100,100,100,,,15.3,45.5,1,0,0,
2026-05-12,02:17:19,maceta1,0,0,100,100,100,,,,,1,0,0,Lectura invalida de DHT
2026-05-12,02:17:19,maceta2,0,0,100,100,100,,,15.3,45.5,1,0,0,
2026-05-12,02:17:46,maceta1,0,0,100,100,100,,,,,1,0,0,Lectura invalida de DHT
2026-05-12,02:17:46,maceta2,0,0,100,100,100,,,,,1,0,0,Lectura invalida de DHT
2026-05-12,02:18:12,maceta1,0,0,100,100,100,,,,,1,0,0,Lectura invalida de DHT
2026-05-12,02:18:12,maceta2,0,0,100,100,100,,,15.3,45.5,1,0,0,
2026-05-12,02:18:39,maceta1,0,0,100,100,100,,,,,1,0,0,Lectura invalida de DHT
2026-05-12,02:18:39,maceta2,0,0,100,100,100,,,15.3,45.5,1,0,0,
2026-05-12,02:19:06,maceta1,0,0,100,100,100,,,,,1,0,0,Lectura invalida de DHT
2026-05-12,02:19:06,maceta2,0,0,100,100,100,,,15.3,45.5,1,0,0,
2026-05-12,02:19:33,maceta1,0,0,100,100,100,,,,,1,0,0,Lectura invalida de DHT
2026-05-12,02:19:33,maceta2,0,0,100,100,100,,,,,1,0,0,Lectura invalida de DHT
2026-05-12,02:19:59,maceta1,0,0,100,100,100,,,,,1,0,0,Lectura invalida de DHT
2026-05-12,02:19:59,maceta2,0,0,100,100,100,,,15.3,45.5,1,0,0,
2026-05-12,02:20:26,maceta1,0,0,100,100,100,,,,,1,0,0,Lectura invalida de DHT
2026-05-12,02:20:26,maceta2,0,0,100,100,100,,,15.3,45.5,1,0,0,
2026-05-12,02:20:53,maceta1,0,0,100,100,100,,,,,1,0,0,Lectura invalida de DHT
2026-05-12,02:20:53,maceta2,0,0,100,100,100,,,,,1,0,0,Lectura invalida de DHT
2026-05-12,02:21:20,maceta1,0,0,100,100,100,,,,,1,0,0,Lectura invalida de DHT
2026-05-12,02:21:20,maceta2,0,0,100,100,100,,,15.3,45.5,1,0,0,
2026-05-12,02:21:47,maceta1,0,0,100,100,100,,,,,1,0,0,Lectura invalida de DHT
2026-05-12,02:21:47,maceta2,0,0,100,100,100,,,15.3,45.5,1,0,0,
2026-05-12,02:22:13,maceta1,0,0,100,100,100,,,,,1,0,0,Lectura invalida de DHT
2026-05-12,02:22:13,maceta2,0,0,100,100,100,,,15.3,45.5,1,0,0,
2026-05-12,02:22:40,maceta1,0,0,100,100,100,,,,,1,0,0,Lectura invalida de DHT
2026-05-12,02:22:40,maceta2,0,0,100,100,100,,,15.3,45.5,1,0,0,
2026-05-12,02:23:07,maceta1,0,0,100,100,100,,,,,1,0,0,Lectura invalida de DHT
2026-05-12,02:23:07,maceta2,0,0,100,100,100,,,15.3,45.5,1,0,0,
2026-05-12,02:23:34,maceta1,0,0,100,100,100,,,,,1,0,0,Lectura invalida de DHT
2026-05-12,02:23:34,maceta2,0,0,100,100,100,,,15.2,45.5,1,0,0,
2026-05-12,02:24:00,maceta1,0,0,100,100,100,,,,,1,0,0,Lectura invalida de DHT
2026-05-12,02:24:00,maceta2,0,0,100,100,100,,,15.2,45.5,1,0,0,
2026-05-12,02:24:27,maceta1,0,0,100,100,100,,,,,1,0,0,Lectura invalida de DHT
2026-05-12,02:24:27,maceta2,0,0,100,100,100,,,15.3,45.5,1,0,0,
2026-05-12,02:24:54,maceta1,0,0,100,100,100,,,,,1,0,0,Lectura invalida de DHT
2026-05-12,02:24:54,maceta2,0,0,100,100,100,,,15.3,45.5,1,0,0,
2026-05-12,02:25:21,maceta1,0,0,100,100,100,,,,,1,0,0,Lectura invalida de DHT
2026-05-12,02:25:21,maceta2,0,0,100,100,100,,,15.3,45.5,1,0,0,
2026-05-12,02:25:47,maceta1,0,0,100,100,100,,,,,1,0,0,Lectura invalida de DHT
2026-05-12,02:25:47,maceta2,0,0,100,100,100,,,15.2,45.5,1,0,0,
2026-05-12,02:26:14,maceta1,0,0,100,100,100,,,,,1,0,0,Lectura invalida de DHT
2026-05-12,02:26:14,maceta2,0,0,100,100,100,,,,,1,0,0,Lectura invalida de DHT
2026-05-12,02:26:41,maceta1,0,0,100,100,100,,,,,1,0,0,Lectura invalida de DHT
2026-05-12,02:26:41,maceta2,0,0,100,100,100,,,,,1,0,0,Lectura invalida de DHT
2026-05-12,02:27:08,maceta1,0,0,100,100,100,,,,,1,0,0,Lectura invalida de DHT
2026-05-12,02:27:08,maceta2,0,0,100,100,100,,,15.2,45.5,1,0,0,
2026-05-12,02:27:34,maceta1,0,0,100,100,100,,,,,1,0,0,Lectura invalida de DHT
2026-05-12,02:27:34,maceta2,0,0,100,100,100,,,15.2,45.5,1,0,0,
2026-05-12,02:28:01,maceta1,0,0,100,100,100,,,,,1,0,0,Lectura invalida de DHT
2026-05-12,02:28:01,maceta2,0,0,100,100,100,,,,,1,0,0,Lectura invalida de DHT
2026-05-12,02:28:28,maceta1,0,0,100,100,100,,,,,1,0,0,Lectura invalida de DHT
2026-05-12,02:28:28,maceta2,0,0,100,100,100,,,15.2,45.5,1,0,0,
2026-05-12,02:28:55,maceta1,0,0,100,100,100,,,,,1,0,0,Lectura invalida de DHT
2026-05-12,02:28:55,maceta2,0,0,100,100,100,,,15.2,45.5,1,0,0,
2026-05-12,02:29:21,maceta1,0,0,100,100,100,,,,,1,0,0,Lectura invalida de DHT
2026-05-12,02:29:21,maceta2,0,0,100,100,100,,,,,1,0,0,Lectura invalida de DHT
2026-05-12,02:29:48,maceta1,0,0,100,100,100,,,,,1,0,0,Lectura invalida de DHT
2026-05-12,02:29:48,maceta2,0,0,100,100,100,,,,,1,0,0,Lectura invalida de DHT
2026-05-12,02:30:15,maceta1,0,0,100,100,100,,,,,1,0,0,Lectura invalida de DHT
2026-05-12,02:30:15,maceta2,0,0,100,100,100,,,15.2,45.5,1,0,0,
2026-05-12,02:30:42,maceta1,0,0,100,100,100,,,,,1,0,0,Lectura invalida de DHT
2026-05-12,02:30:42,maceta2,0,0,100,100,100,,,15.2,45.5,1,0,0,
2026-05-12,02:31:09,maceta1,0,0,100,100,100,,,,,1,0,0,Lectura invalida de DHT
2026-05-12,02:31:09,maceta2,0,0,100,100,100,,,15.2,45.5,1,0,0,
2026-05-12,02:31:36,maceta1,0,0,100,100,100,,,,,1,0,0,Lectura invalida de DHT
2026-05-12,02:31:36,maceta2,0,0,100,100,100,,,15.2,45.5,1,0,0,
2026-05-12,02:32:02,maceta1,0,0,100,100,100,,,,,1,0,0,Lectura invalida de DHT
2026-05-12,02:32:02,maceta2,0,0,100,100,100,,,,,1,0,0,Lectura invalida de DHT
2026-05-12,02:32:29,maceta1,0,0,100,100,100,,,,,1,0,0,Lectura invalida de DHT
2026-05-12,02:32:29,maceta2,0,0,100,100,100,,,15.2,45.5,1,0,0,
2026-05-12,02:32:56,maceta1,0,0,100,100,100,,,,,1,0,0,Lectura invalida de DHT
2026-05-12,02:32:56,maceta2,0,0,100,100,100,,,15.2,45.5,1,0,0,
2026-05-12,02:33:23,maceta1,0,0,100,100,100,,,,,1,0,0,Lectura invalida de DHT
2026-05-12,02:33:23,maceta2,0,0,100,100,100,,,15.2,45.5,1,0,0,
2026-05-12,02:33:49,maceta1,0,0,100,100,100,,,,,1,0,0,Lectura invalida de DHT
2026-05-12,02:33:49,maceta2,0,0,100,100,100,,,15.2,45.5,1,0,0,
2026-05-12,02:34:16,maceta1,0,0,100,100,100,,,,,1,0,0,Lectura invalida de DHT
2026-05-12,02:34:16,maceta2,0,0,100,100,100,,,15.2,45.5,1,0,0,
2026-05-12,02:34:43,maceta1,0,0,100,100,100,,,,,1,0,0,Lectura invalida de DHT
2026-05-12,02:34:43,maceta2,0,0,100,100,100,,,,,1,0,0,Lectura invalida de DHT
2026-05-12,02:35:10,maceta1,0,0,100,100,100,,,,,1,0,0,Lectura invalida de DHT
2026-05-12,02:35:10,maceta2,0,0,100,100,100,,,15.2,45.5,1,0,0,
2026-05-12,02:35:36,maceta1,0,0,100,100,100,,,,,1,0,0,Lectura invalida de DHT
2026-05-12,02:35:36,maceta2,0,0,100,100,100,,,15.2,45.5,1,0,0,
2026-05-12,02:36:03,maceta1,0,0,100,100,100,,,,,1,0,0,Lectura invalida de DHT
2026-05-12,02:36:03,maceta2,0,0,100,100,100,,,,,1,0,0,Lectura invalida de DHT
2026-05-12,02:36:30,maceta1,0,0,100,100,100,,,,,1,0,0,Lectura invalida de DHT
2026-05-12,02:36:30,maceta2,0,0,100,100,100,,,15.2,45.5,1,0,0,
2026-05-12,02:36:57,maceta1,0,0,100,100,100,,,,,1,0,0,Lectura invalida de DHT
2026-05-12,02:36:57,maceta2,0,0,100,100,100,,,,,1,0,0,Lectura invalida de DHT
2026-05-12,02:37:23,maceta1,0,0,100,100,100,,,,,1,0,0,Lectura invalida de DHT
2026-05-12,02:37:23,maceta2,0,0,100,100,100,,,15.2,45.5,1,0,0,
2026-05-12,02:37:50,maceta1,0,0,100,100,100,,,,,1,0,0,Lectura invalida de DHT
2026-05-12,02:37:50,maceta2,0,0,100,100,100,,,15.2,45.5,1,0,0,
2026-05-12,02:38:17,maceta1,0,0,100,100,100,,,,,1,0,0,Lectura invalida de DHT
2026-05-12,02:38:17,maceta2,0,0,100,100,100,,,15.2,45.5,1,0,0,
2026-05-12,02:38:44,maceta1,0,0,100,100,100,,,,,1,0,0,Lectura invalida de DHT
2026-05-12,02:38:44,maceta2,0,0,100,100,100,,,15.2,45.5,1,0,0,
2026-05-12,02:39:10,maceta1,0,0,100,100,100,,,,,1,0,0,Lectura invalida de DHT
2026-05-12,02:39:10,maceta2,0,0,100,100,100,,,15.2,45.5,1,0,0,
2026-05-12,02:39:37,maceta1,0,0,100,100,100,,,,,1,0,0,Lectura invalida de DHT
2026-05-12,02:39:37,maceta2,0,0,100,100,100,,,15.2,45.5,1,0,0,
2026-05-12,02:40:04,maceta1,0,0,100,100,100,,,,,1,0,0,Lectura invalida de DHT
2026-05-12,02:40:04,maceta2,0,0,100,100,100,,,15.2,45.5,1,0,0,
2026-05-12,02:40:31,maceta1,0,0,100,100,100,,,,,1,0,0,Lectura invalida de DHT
2026-05-12,02:40:31,maceta2,0,0,100,100,100,,,15.2,45.5,1,0,0,
2026-05-12,02:40:57,maceta1,0,0,100,100,100,,,,,1,0,0,Lectura invalida de DHT
2026-05-12,02:40:57,maceta2,0,0,100,100,100,,,15.2,45.5,1,0,0,
2026-05-12,02:41:25,maceta1,0,0,100,100,100,,,,,1,0,0,Lectura invalida de DHT
2026-05-12,02:41:25,maceta2,0,0,100,100,100,,,15.2,45.5,1,0,0,
2026-05-12,02:41:51,maceta1,0,0,100,100,100,,,,,1,0,0,Lectura invalida de DHT
2026-05-12,02:41:51,maceta2,0,0,100,100,100,,,15.2,45.5,1,0,0,
2026-05-12,02:42:18,maceta1,0,0,100,100,100,,,,,1,0,0,Lectura invalida de DHT
2026-05-12,02:42:18,maceta2,0,0,100,100,100,,,15.2,45.5,1,0,0,
2026-05-12,02:42:45,maceta1,0,0,100,100,100,,,,,1,0,0,Lectura invalida de DHT
2026-05-12,02:42:45,maceta2,0,0,100,100,100,,,15.2,45.5,1,0,0,
2026-05-12,02:43:11,maceta1,0,0,100,100,100,,,,,1,0,0,Lectura invalida de DHT
2026-05-12,02:43:11,maceta2,0,0,100,100,100,,,,,1,0,0,Lectura invalida de DHT
2026-05-12,02:43:38,maceta1,0,0,100,100,100,,,,,1,0,0,Lectura invalida de DHT
2026-05-12,02:43:38,maceta2,0,0,100,100,100,,,15.2,45.5,1,0,0,
2026-05-12,02:44:05,maceta1,0,0,100,100,100,,,,,1,0,0,Lectura invalida de DHT
2026-05-12,02:44:05,maceta2,0,0,100,100,100,,,15.2,45.5,1,0,0,
2026-05-12,02:44:32,maceta1,0,0,100,100,100,,,,,1,0,0,Lectura invalida de DHT
2026-05-12,02:44:32,maceta2,0,0,100,100,100,,,,,1,0,0,Lectura invalida de DHT
2026-05-12,02:44:58,maceta1,0,0,100,100,100,,,,,1,0,0,Lectura invalida de DHT
2026-05-12,02:44:58,maceta2,0,0,100,100,100,,,15.2,45.5,1,0,0,
2026-05-12,02:45:25,maceta1,0,0,100,100,100,,,,,1,0,0,Lectura invalida de DHT
2026-05-12,02:45:25,maceta2,0,0,100,100,100,,,15.2,45.5,1,0,0,
2026-05-12,02:45:52,maceta1,0,0,100,100,100,,,,,1,0,0,Lectura invalida de DHT
2026-05-12,02:45:52,maceta2,0,0,100,100,100,,,,,1,0,0,Lectura invalida de DHT
2026-05-12,02:46:19,maceta1,0,0,100,100,100,,,,,1,0,0,Lectura invalida de DHT
2026-05-12,02:46:19,maceta2,0,0,100,100,100,,,15.2,45.5,1,0,0,
2026-05-12,02:46:46,maceta1,0,0,100,100,100,,,,,1,0,0,Lectura invalida de DHT
2026-05-12,02:46:46,maceta2,0,0,100,100,100,,,15.2,45.5,1,0,0,
2026-05-12,02:47:12,maceta1,0,0,100,100,100,,,,,1,0,0,Lectura invalida de DHT
2026-05-12,02:47:12,maceta2,0,0,100,100,100,,,15.2,45.5,1,0,0,
2026-05-12,02:47:39,maceta1,0,0,100,100,100,,,,,1,0,0,Lectura invalida de DHT
2026-05-12,02:47:39,maceta2,0,0,100,100,100,,,15.2,45.5,1,0,0,
2026-05-12,02:48:06,maceta1,0,0,100,100,100,,,,,1,0,0,Lectura invalida de DHT
2026-05-12,02:48:06,maceta2,0,0,100,100,100,,,15.1,45.5,1,0,0,
2026-05-12,02:48:33,maceta1,0,0,100,100,100,,,,,1,0,0,Lectura invalida de DHT
2026-05-12,02:48:33,maceta2,0,0,100,100,100,,,15.2,45.5,1,0,0,
2026-05-12,02:49:00,maceta1,0,0,100,100,100,,,,,1,0,0,Lectura invalida de DHT
2026-05-12,02:49:00,maceta2,0,0,100,100,100,,,15.2,45.5,1,0,0,
2026-05-12,02:49:26,maceta1,0,0,100,100,100,,,,,1,0,0,Lectura invalida de DHT
2026-05-12,02:49:26,maceta2,0,0,100,100,100,,,15.2,45.5,1,0,0,
2026-05-12,02:49:53,maceta1,0,0,100,100,100,,,,,1,0,0,Lectura invalida de DHT
2026-05-12,02:49:53,maceta2,0,0,100,100,100,,,,,1,0,0,Lectura invalida de DHT
2026-05-12,02:50:20,maceta1,0,0,100,100,100,,,,,1,0,0,Lectura invalida de DHT
2026-05-12,02:50:20,maceta2,0,0,100,100,100,,,15.2,45.5,1,0,0,
2026-05-12,02:50:47,maceta1,0,0,100,100,100,,,,,1,0,0,Lectura invalida de DHT
2026-05-12,02:50:47,maceta2,0,0,100,100,100,,,15.2,45.5,1,0,0,
2026-05-12,02:51:14,maceta1,0,0,100,100,100,,,,,1,0,0,Lectura invalida de DHT
2026-05-12,02:51:14,maceta2,0,0,100,100,100,,,15.2,45.5,1,0,0,
2026-05-12,02:51:40,maceta1,0,0,100,100,100,,,,,1,0,0,Lectura invalida de DHT
2026-05-12,02:51:40,maceta2,0,0,100,100,100,,,15.2,45.6,1,0,0,
2026-05-12,02:52:07,maceta1,0,0,100,100,100,,,,,1,0,0,Lectura invalida de DHT
2026-05-12,02:52:07,maceta2,0,0,100,100,100,,,15.2,45.5,1,0,0,
2026-05-12,02:52:34,maceta1,0,0,100,100,100,,,,,1,0,0,Lectura invalida de DHT
2026-05-12,02:52:34,maceta2,0,0,100,100,100,,,15.2,45.5,1,0,0,
2026-05-12,02:53:00,maceta1,0,0,100,100,100,,,,,1,0,0,Lectura invalida de DHT
2026-05-12,02:53:00,maceta2,0,0,100,100,100,,,15.2,45.5,1,0,0,
2026-05-12,02:53:27,maceta1,0,0,100,100,100,,,,,1,0,0,Lectura invalida de DHT
2026-05-12,02:53:27,maceta2,0,0,100,100,100,,,15.2,45.5,1,0,0,
2026-05-12,02:53:54,maceta1,0,0,100,100,100,,,,,1,0,0,Lectura invalida de DHT
2026-05-12,02:53:54,maceta2,0,0,100,100,100,,,15.2,45.5,1,0,0,
2026-05-12,02:54:21,maceta1,0,0,100,100,100,,,,,1,0,0,Lectura invalida de DHT
2026-05-12,02:54:21,maceta2,0,0,100,100,100,,,15.2,45.5,1,0,0,
2026-05-12,02:54:48,maceta1,0,0,100,100,100,,,,,1,0,0,Lectura invalida de DHT
2026-05-12,02:54:48,maceta2,0,0,100,100,100,,,15.2,45.5,1,0,0,
2026-05-12,02:55:14,maceta1,0,0,100,100,100,,,,,1,0,0,Lectura invalida de DHT
2026-05-12,02:55:14,maceta2,0,0,100,100,100,,,15.1,45.5,1,0,0,
2026-05-12,02:55:41,maceta1,0,0,100,100,100,,,,,1,0,0,Lectura invalida de DHT
2026-05-12,02:55:41,maceta2,0,0,100,100,100,,,15.2,45.5,1,0,0,
2026-05-12,02:56:08,maceta1,0,0,100,100,100,,,,,1,0,0,Lectura invalida de DHT
2026-05-12,02:56:08,maceta2,0,0,100,100,100,,,,,1,0,0,Lectura invalida de DHT
2026-05-12,02:56:34,maceta1,0,0,100,100,100,,,,,1,0,0,Lectura invalida de DHT
2026-05-12,02:56:34,maceta2,0,0,100,100,100,,,15.1,45.5,1,0,0,
2026-05-12,02:57:01,maceta1,0,0,100,100,100,,,,,1,0,0,Lectura invalida de DHT
2026-05-12,02:57:01,maceta2,0,0,100,100,100,,,15.1,45.5,1,0,0,
2026-05-12,02:57:28,maceta1,0,0,100,100,100,,,,,1,0,0,Lectura invalida de DHT
2026-05-12,02:57:28,maceta2,0,0,100,100,100,,,15.1,45.5,1,0,0,
2026-05-12,02:57:55,maceta1,0,0,100,100,100,,,,,1,0,0,Lectura invalida de DHT
2026-05-12,02:57:55,maceta2,0,0,100,100,100,,,15.1,45.5,1,0,0,
2026-05-12,02:58:22,maceta1,0,0,100,100,100,,,,,1,0,0,Lectura invalida de DHT
2026-05-12,02:58:22,maceta2,0,0,100,100,100,,,15.1,45.5,1,0,0,
2026-05-12,02:58:48,maceta1,0,0,100,100,100,,,,,1,0,0,Lectura invalida de DHT
2026-05-12,02:58:48,maceta2,0,0,100,100,100,,,15.1,45.5,1,0,0,
2026-05-12,02:59:15,maceta1,0,0,100,100,100,,,,,1,0,0,Lectura invalida de DHT
2026-05-12,02:59:15,maceta2,0,0,100,100,100,,,15.1,45.5,1,0,0,
2026-05-12,02:59:42,maceta1,0,0,100,100,100,,,,,1,0,0,Lectura invalida de DHT
2026-05-12,02:59:42,maceta2,0,0,100,100,100,,,15.1,45.5,1,0,0,
2026-05-12,03:00:09,maceta1,0,0,100,100,100,,,,,1,0,0,Lectura invalida de DHT
2026-05-12,03:00:09,maceta2,0,0,100,100,100,,,,,1,0,0,Lectura invalida de DHT
2026-05-12,03:00:35,maceta1,0,0,100,100,100,,,,,1,0,0,Lectura invalida de DHT
2026-05-12,03:00:35,maceta2,0,0,100,100,100,,,15.1,45.5,1,0,0,
2026-05-12,03:01:02,maceta1,0,0,100,100,100,,,,,1,0,0,Lectura invalida de DHT
2026-05-12,03:01:02,maceta2,0,0,100,100,100,,,15.1,45.5,1,0,0,
2026-05-12,03:01:29,maceta1,0,0,100,100,100,,,,,1,0,0,Lectura invalida de DHT
2026-05-12,03:01:29,maceta2,0,0,100,100,100,,,15.1,45.5,1,0,0,
2026-05-12,03:01:56,maceta1,0,0,100,100,100,,,,,1,0,0,Lectura invalida de DHT
2026-05-12,03:01:56,maceta2,0,0,100,100,100,,,15.1,45.5,1,0,0,
2026-05-12,03:02:22,maceta1,0,0,100,100,100,,,,,1,0,0,Lectura invalida de DHT
2026-05-12,03:02:22,maceta2,0,0,100,100,100,,,15.1,45.5,1,0,0,
2026-05-12,03:02:49,maceta1,0,0,100,100,100,,,,,1,0,0,Lectura invalida de DHT
2026-05-12,03:02:49,maceta2,0,0,100,100,100,,,15.1,45.5,1,0,0,
2026-05-12,03:03:16,maceta1,0,0,100,100,100,,,,,1,0,0,Lectura invalida de DHT
2026-05-12,03:03:16,maceta2,0,0,100,100,100,,,15.1,45.5,1,0,0,
2026-05-12,03:03:43,maceta1,0,0,100,100,100,,,,,1,0,0,Lectura invalida de DHT
2026-05-12,03:03:43,maceta2,0,0,100,100,100,,,15.1,45.5,1,0,0,
2026-05-12,03:04:09,maceta1,0,0,100,100,100,,,,,1,0,0,Lectura invalida de DHT
2026-05-12,03:04:09,maceta2,0,0,100,100,100,,,15.1,45.5,1,0,0,
2026-05-12,03:04:36,maceta1,0,0,100,100,100,,,,,1,0,0,Lectura invalida de DHT
2026-05-12,03:04:36,maceta2,0,0,100,100,100,,,15.1,45.5,1,0,0,
2026-05-12,03:05:03,maceta1,0,0,100,100,100,,,,,1,0,0,Lectura invalida de DHT
2026-05-12,03:05:03,maceta2,0,0,100,100,100,,,,,1,0,0,Lectura invalida de DHT
2026-05-12,03:05:29,maceta1,0,0,100,100,100,,,,,1,0,0,Lectura invalida de DHT
2026-05-12,03:05:29,maceta2,0,0,100,100,100,,,15.1,45.5,1,0,0,
2026-05-12,03:05:56,maceta1,0,0,100,100,100,,,,,1,0,0,Lectura invalida de DHT
2026-05-12,03:05:56,maceta2,0,0,100,100,100,,,15.1,45.5,1,0,0,
2026-05-12,03:06:23,maceta1,0,0,100,100,100,,,,,1,0,0,Lectura invalida de DHT
2026-05-12,03:06:23,maceta2,0,0,100,100,100,,,15.1,45.5,1,0,0,
2026-05-12,03:06:50,maceta1,0,0,100,100,100,,,,,1,0,0,Lectura invalida de DHT
2026-05-12,03:06:50,maceta2,0,0,100,100,100,,,15.0,45.5,1,0,0,
2026-05-12,03:07:16,maceta1,0,0,100,100,100,,,,,1,0,0,Lectura invalida de DHT
2026-05-12,03:07:16,maceta2,0,0,100,100,100,,,,,1,0,0,Lectura invalida de DHT
2026-05-12,03:07:43,maceta1,0,0,100,100,100,,,,,1,0,0,Lectura invalida de DHT
2026-05-12,03:07:43,maceta2,0,0,100,100,100,,,,,1,0,0,Lectura invalida de DHT
2026-05-12,03:08:10,maceta1,0,0,100,100,100,,,,,1,0,0,Lectura invalida de DHT
2026-05-12,03:08:10,maceta2,0,0,100,100,100,,,15.0,45.5,1,0,0,
2026-05-12,03:08:37,maceta1,0,0,100,100,100,,,,,1,0,0,Lectura invalida de DHT
2026-05-12,03:08:37,maceta2,0,0,100,100,100,,,15.1,45.5,1,0,0,
2026-05-12,03:09:04,maceta1,0,0,100,100,100,,,,,1,0,0,Lectura invalida de DHT
2026-05-12,03:09:04,maceta2,0,0,100,100,100,,,15.0,45.5,1,0,0,
2026-05-12,03:09:30,maceta1,0,0,100,100,100,,,,,1,0,0,Lectura invalida de DHT
2026-05-12,03:09:30,maceta2,0,0,100,100,100,,,15.1,45.5,1,0,0,
2026-05-12,03:09:57,maceta1,0,0,100,100,100,,,,,1,0,0,Lectura invalida de DHT
2026-05-12,03:09:57,maceta2,0,0,100,100,100,,,15.0,45.5,1,0,0,
2026-05-12,03:10:24,maceta1,0,0,100,100,100,,,,,1,0,0,Lectura invalida de DHT
2026-05-12,03:10:24,maceta2,0,0,100,100,100,,,,,1,0,0,Lectura invalida de DHT
2026-05-12,03:10:51,maceta1,0,0,100,100,100,,,,,1,0,0,Lectura invalida de DHT
2026-05-12,03:10:51,maceta2,0,0,100,100,100,,,,,1,0,0,Lectura invalida de DHT
2026-05-12,03:11:17,maceta1,0,0,100,100,100,,,,,1,0,0,Lectura invalida de DHT
2026-05-12,03:11:17,maceta2,0,0,100,100,100,,,,,1,0,0,Lectura invalida de DHT
2026-05-12,03:11:44,maceta1,0,0,100,100,100,,,,,1,0,0,Lectura invalida de DHT
2026-05-12,03:11:44,maceta2,0,0,100,100,100,,,15.0,45.5,1,0,0,
2026-05-12,03:12:11,maceta1,0,0,100,100,100,,,,,1,0,0,Lectura invalida de DHT
2026-05-12,03:12:11,maceta2,0,0,100,100,100,,,,,1,0,0,Lectura invalida de DHT
2026-05-12,03:12:37,maceta1,0,0,100,100,100,,,,,1,0,0,Lectura invalida de DHT
2026-05-12,03:12:37,maceta2,0,0,100,100,100,,,15.0,45.5,1,0,0,
2026-05-12,03:13:04,maceta1,0,0,100,100,100,,,,,1,0,0,Lectura invalida de DHT
2026-05-12,03:13:04,maceta2,0,0,100,100,100,,,15.0,45.6,1,0,0,
2026-05-12,03:13:31,maceta1,0,0,100,100,100,,,,,1,0,0,Lectura invalida de DHT
2026-05-12,03:13:31,maceta2,0,0,100,100,100,,,,,1,0,0,Lectura invalida de DHT
2026-05-12,03:13:58,maceta1,0,0,100,100,100,,,,,1,0,0,Lectura invalida de DHT
2026-05-12,03:13:58,maceta2,0,0,100,100,100,,,15.0,45.5,1,0,0,
2026-05-12,03:14:24,maceta1,0,0,100,100,100,,,,,1,0,0,Lectura invalida de DHT
2026-05-12,03:14:24,maceta2,0,0,100,100,100,,,15.0,45.5,1,0,0,
2026-05-12,03:14:51,maceta1,0,0,100,100,100,,,,,1,0,0,Lectura invalida de DHT
2026-05-12,03:14:51,maceta2,0,0,100,100,100,,,15.0,45.5,1,0,0,
2026-05-12,03:15:18,maceta1,0,0,100,100,100,,,,,1,0,0,Lectura invalida de DHT
2026-05-12,03:15:18,maceta2,0,0,100,100,100,,,15.0,45.5,1,0,0,
2026-05-12,03:15:45,maceta1,0,0,100,100,100,,,,,1,0,0,Lectura invalida de DHT
2026-05-12,03:15:45,maceta2,0,0,100,100,100,,,,,1,0,0,Lectura invalida de DHT
2026-05-12,03:16:11,maceta1,0,0,100,100,100,,,,,1,0,0,Lectura invalida de DHT
2026-05-12,03:16:11,maceta2,0,0,100,100,100,,,15.0,45.5,1,0,0,
2026-05-12,03:16:38,maceta1,0,0,100,100,100,,,,,1,0,0,Lectura invalida de DHT
2026-05-12,03:16:38,maceta2,0,0,100,100,100,,,,,1,0,0,Lectura invalida de DHT
2026-05-12,03:17:05,maceta1,0,0,100,100,100,,,,,1,0,0,Lectura invalida de DHT
2026-05-12,03:17:05,maceta2,0,0,100,100,100,,,15.0,45.5,1,0,0,
2026-05-12,03:17:32,maceta1,0,0,100,100,100,,,,,1,0,0,Lectura invalida de DHT
2026-05-12,03:17:32,maceta2,0,0,100,100,100,,,,,1,0,0,Lectura invalida de DHT
2026-05-12,03:17:58,maceta1,0,0,100,100,100,,,,,1,0,0,Lectura invalida de DHT
2026-05-12,03:17:58,maceta2,0,0,100,100,100,,,15.0,45.5,1,0,0,
2026-05-12,03:18:25,maceta1,0,0,100,100,100,,,,,1,0,0,Lectura invalida de DHT
2026-05-12,03:18:25,maceta2,0,0,100,100,100,,,15.0,45.5,1,0,0,
2026-05-12,03:18:52,maceta1,0,0,100,100,100,,,,,1,0,0,Lectura invalida de DHT
2026-05-12,03:18:52,maceta2,0,0,100,100,100,,,15.0,45.5,1,0,0,
2026-05-12,03:19:19,maceta1,0,0,100,100,100,,,,,1,0,0,Lectura invalida de DHT
2026-05-12,03:19:19,maceta2,0,0,100,100,100,,,15.0,45.6,1,0,0,
2026-05-12,03:19:45,maceta1,0,0,100,100,100,,,,,1,0,0,Lectura invalida de DHT
2026-05-12,03:19:45,maceta2,0,0,100,100,100,,,15.0,45.5,1,0,0,
2026-05-12,03:20:12,maceta1,0,0,100,100,100,,,,,1,0,0,Lectura invalida de DHT
2026-05-12,03:20:12,maceta2,0,0,100,100,100,,,15.0,45.5,1,0,0,
2026-05-12,03:20:39,maceta1,0,0,100,100,100,,,,,1,0,0,Lectura invalida de DHT
2026-05-12,03:20:39,maceta2,0,0,100,100,100,,,15.0,45.6,1,0,0,
2026-05-12,03:21:06,maceta1,0,0,100,100,100,,,,,1,0,0,Lectura invalida de DHT
2026-05-12,03:21:06,maceta2,0,0,100,100,100,,,,,1,0,0,Lectura invalida de DHT
2026-05-12,03:21:32,maceta1,0,0,100,100,100,,,,,1,0,0,Lectura invalida de DHT
2026-05-12,03:21:32,maceta2,0,0,100,100,100,,,,,1,0,0,Lectura invalida de DHT
2026-05-12,03:21:59,maceta1,0,0,100,100,100,,,,,1,0,0,Lectura invalida de DHT
2026-05-12,03:21:59,maceta2,0,0,100,100,100,,,15.0,45.6,1,0,0,
2026-05-12,03:22:26,maceta1,0,0,100,100,100,,,,,1,0,0,Lectura invalida de DHT
2026-05-12,03:22:26,maceta2,0,0,100,100,100,,,15.0,45.6,1,0,0,
2026-05-12,03:22:53,maceta1,0,0,100,100,100,,,,,1,0,0,Lectura invalida de DHT
2026-05-12,03:22:53,maceta2,0,0,100,100,100,,,15.0,45.6,1,0,0,
2026-05-12,03:23:19,maceta1,0,0,100,100,100,,,,,1,0,0,Lectura invalida de DHT
2026-05-12,03:23:19,maceta2,0,0,100,100,100,,,,,1,0,0,Lectura invalida de DHT
2026-05-12,03:23:46,maceta1,0,0,100,100,100,,,,,1,0,0,Lectura invalida de DHT
2026-05-12,03:23:46,maceta2,0,0,100,100,100,,,,,1,0,0,Lectura invalida de DHT
2026-05-12,03:24:13,maceta1,0,0,100,100,100,,,,,1,0,0,Lectura invalida de DHT
2026-05-12,03:24:13,maceta2,0,0,100,100,100,,,15.0,45.6,1,0,0,
2026-05-12,03:24:40,maceta1,0,0,100,100,100,,,,,1,0,0,Lectura invalida de DHT
2026-05-12,03:24:40,maceta2,0,0,100,100,100,,,15.0,45.5,1,0,0,
2026-05-12,03:25:07,maceta1,0,0,100,100,100,,,,,1,0,0,Lectura invalida de DHT
2026-05-12,03:25:07,maceta2,0,0,100,100,100,,,,,1,0,0,Lectura invalida de DHT
2026-05-12,03:25:33,maceta1,0,0,100,100,100,,,,,1,0,0,Lectura invalida de DHT
2026-05-12,03:25:33,maceta2,0,0,100,100,100,,,15.0,45.6,1,0,0,
2026-05-12,03:26:00,maceta1,0,0,100,100,100,,,,,1,0,0,Lectura invalida de DHT
2026-05-12,03:26:00,maceta2,0,0,100,100,100,,,,,1,0,0,Lectura invalida de DHT
2026-05-12,03:26:27,maceta1,0,0,100,100,100,,,,,1,0,0,Lectura invalida de DHT
2026-05-12,03:26:27,maceta2,0,0,100,100,100,,,15.0,45.6,1,0,0,
2026-05-12,03:26:53,maceta1,0,0,100,100,100,,,,,1,0,0,Lectura invalida de DHT
2026-05-12,03:26:53,maceta2,0,0,100,100,100,,,15.0,45.6,1,0,0,
2026-05-12,03:27:20,maceta1,0,0,100,100,100,,,,,1,0,0,Lectura invalida de DHT
2026-05-12,03:27:20,maceta2,0,0,100,100,100,,,,,1,0,0,Lectura invalida de DHT
2026-05-12,03:27:47,maceta1,0,0,100,100,100,,,,,1,0,0,Lectura invalida de DHT
2026-05-12,03:27:47,maceta2,0,0,100,100,100,,,15.0,45.6,1,0,0,
2026-05-12,03:28:14,maceta1,0,0,100,100,100,,,,,1,0,0,Lectura invalida de DHT
2026-05-12,03:28:14,maceta2,0,0,100,100,100,,,,,1,0,0,Lectura invalida de DHT
2026-05-12,03:28:40,maceta1,0,0,100,100,100,,,,,1,0,0,Lectura invalida de DHT
2026-05-12,03:28:40,maceta2,0,0,100,100,100,,,,,1,0,0,Lectura invalida de DHT
2026-05-12,03:29:07,maceta1,0,0,100,100,100,,,,,1,0,0,Lectura invalida de DHT
2026-05-12,03:29:07,maceta2,0,0,100,100,100,,,15.0,45.6,1,0,0,
2026-05-12,03:29:34,maceta1,0,0,100,100,100,,,,,1,0,0,Lectura invalida de DHT
2026-05-12,03:29:34,maceta2,0,0,100,100,100,,,15.0,45.6,1,0,0,
2026-05-12,03:30:01,maceta1,0,0,100,100,100,,,,,1,0,0,Lectura invalida de DHT
2026-05-12,03:30:01,maceta2,0,0,100,100,100,,,,,1,0,0,Lectura invalida de DHT
2026-05-12,03:30:27,maceta1,0,0,100,100,100,,,,,1,0,0,Lectura invalida de DHT
2026-05-12,03:30:27,maceta2,0,0,100,100,100,,,15.0,45.6,1,0,0,
2026-05-12,03:30:54,maceta1,0,0,100,100,100,,,,,1,0,0,Lectura invalida de DHT
2026-05-12,03:30:54,maceta2,0,0,100,100,100,,,15.0,45.6,1,0,0,
2026-05-12,03:31:21,maceta1,0,0,100,100,100,,,,,1,0,0,Lectura invalida de DHT
2026-05-12,03:31:21,maceta2,0,0,100,100,100,,,15.0,45.7,1,0,0,
2026-05-12,03:31:48,maceta1,0,0,100,100,100,,,,,1,0,0,Lectura invalida de DHT
2026-05-12,03:31:48,maceta2,0,0,100,100,100,,,15.0,45.6,1,0,0,
2026-05-12,03:32:14,maceta1,0,0,100,100,100,,,,,1,0,0,Lectura invalida de DHT
2026-05-12,03:32:14,maceta2,0,0,100,100,100,,,15.0,45.6,1,0,0,
2026-05-12,03:32:41,maceta1,0,0,100,100,100,,,,,1,0,0,Lectura invalida de DHT
2026-05-12,03:32:41,maceta2,0,0,100,100,100,,,15.0,45.6,1,0,0,
2026-05-12,03:33:08,maceta1,0,0,100,100,100,,,,,1,0,0,Lectura invalida de DHT
2026-05-12,03:33:08,maceta2,0,0,100,100,100,,,15.0,45.6,1,0,0,
2026-05-12,03:33:35,maceta1,0,0,100,100,100,,,,,1,0,0,Lectura invalida de DHT
2026-05-12,03:33:35,maceta2,0,0,100,100,100,,,15.0,45.6,1,0,0,
2026-05-12,03:34:01,maceta1,0,0,100,100,100,,,,,1,0,0,Lectura invalida de DHT
2026-05-12,03:34:01,maceta2,0,0,100,100,100,,,15.0,45.6,1,0,0,
2026-05-12,03:34:28,maceta1,0,0,100,100,100,,,,,1,0,0,Lectura invalida de DHT
2026-05-12,03:34:28,maceta2,0,0,100,100,100,,,15.0,45.6,1,0,0,
2026-05-12,03:34:55,maceta1,0,0,100,100,100,,,,,1,0,0,Lectura invalida de DHT
2026-05-12,03:34:55,maceta2,0,0,100,100,100,,,15.0,45.6,1,0,0,
2026-05-12,03:35:22,maceta1,0,0,100,100,100,,,,,1,0,0,Lectura invalida de DHT
2026-05-12,03:35:22,maceta2,0,0,100,100,100,,,,,1,0,0,Lectura invalida de DHT
2026-05-12,03:35:48,maceta1,0,0,100,100,100,,,,,1,0,0,Lectura invalida de DHT
2026-05-12,03:35:48,maceta2,0,0,100,100,100,,,15.0,45.6,1,0,0,
2026-05-12,03:36:15,maceta1,0,0,100,100,100,,,,,1,0,0,Lectura invalida de DHT
2026-05-12,03:36:15,maceta2,0,0,100,100,100,,,,,1,0,0,Lectura invalida de DHT
2026-05-12,03:36:42,maceta1,0,0,100,100,100,,,,,1,0,0,Lectura invalida de DHT
2026-05-12,03:36:42,maceta2,0,0,100,100,100,,,15.0,45.7,1,0,0,
2026-05-12,03:37:09,maceta1,0,0,100,100,100,,,,,1,0,0,Lectura invalida de DHT
2026-05-12,03:37:09,maceta2,0,0,100,100,100,,,15.0,45.6,1,0,0,
2026-05-12,03:37:35,maceta1,0,0,100,100,100,,,,,1,0,0,Lectura invalida de DHT
2026-05-12,03:37:35,maceta2,0,0,100,100,100,,,15.0,45.7,1,0,0,
2026-05-12,03:38:02,maceta1,0,0,100,100,100,,,,,1,0,0,Lectura invalida de DHT
2026-05-12,03:38:02,maceta2,0,0,100,100,100,,,15.0,45.6,1,0,0,
2026-05-12,03:38:29,maceta1,0,0,100,100,100,,,,,1,0,0,Lectura invalida de DHT
2026-05-12,03:38:29,maceta2,0,0,100,100,100,,,,,1,0,0,Lectura invalida de DHT
2026-05-12,03:38:56,maceta1,0,0,100,100,100,,,,,1,0,0,Lectura invalida de DHT
2026-05-12,03:38:56,maceta2,0,0,100,100,100,,,15.0,45.6,1,0,0,
2026-05-12,03:39:22,maceta1,0,0,100,100,100,,,,,1,0,0,Lectura invalida de DHT
2026-05-12,03:39:22,maceta2,0,0,100,100,100,,,15.0,45.6,1,0,0,
2026-05-12,03:39:49,maceta1,0,0,100,100,100,,,,,1,0,0,Lectura invalida de DHT
2026-05-12,03:39:49,maceta2,0,0,100,100,100,,,,,1,0,0,Lectura invalida de DHT
2026-05-12,03:40:16,maceta1,0,0,100,100,100,,,,,1,0,0,Lectura invalida de DHT
2026-05-12,03:40:16,maceta2,0,0,100,100,100,,,14.9,45.7,1,0,0,
2026-05-12,03:40:43,maceta1,0,0,100,100,100,,,,,1,0,0,Lectura invalida de DHT
2026-05-12,03:40:43,maceta2,0,0,100,100,100,,,15.0,45.7,1,0,0,
2026-05-12,03:41:09,maceta1,0,0,100,100,100,,,,,1,0,0,Lectura invalida de DHT
2026-05-12,03:41:09,maceta2,0,0,100,100,100,,,14.9,45.7,1,0,0,
2026-05-12,03:41:36,maceta1,0,0,100,100,100,,,,,1,0,0,Lectura invalida de DHT
2026-05-12,03:41:36,maceta2,0,0,100,100,100,,,,,1,0,0,Lectura invalida de DHT
2026-05-12,03:42:03,maceta1,0,0,100,100,100,,,,,1,0,0,Lectura invalida de DHT
2026-05-12,03:42:03,maceta2,0,0,100,100,100,,,14.9,45.7,1,0,0,
2026-05-12,03:42:30,maceta1,0,0,100,100,100,,,,,1,0,0,Lectura invalida de DHT
2026-05-12,03:42:30,maceta2,0,0,100,100,100,,,,,1,0,0,Lectura invalida de DHT
2026-05-12,03:42:56,maceta1,0,0,100,100,100,,,,,1,0,0,Lectura invalida de DHT
2026-05-12,03:42:56,maceta2,0,0,100,100,100,,,,,1,0,0,Lectura invalida de DHT
2026-05-12,03:43:23,maceta1,0,0,100,100,100,,,,,1,0,0,Lectura invalida de DHT
2026-05-12,03:43:23,maceta2,0,0,100,100,100,,,,,1,0,0,Lectura invalida de DHT
2026-05-12,03:43:50,maceta1,0,0,100,100,100,,,,,1,0,0,Lectura invalida de DHT
2026-05-12,03:43:50,maceta2,0,0,100,100,100,,,14.9,45.7,1,0,0,
2026-05-12,03:44:17,maceta1,0,0,100,100,100,,,,,1,0,0,Lectura invalida de DHT
2026-05-12,03:44:17,maceta2,0,0,100,100,100,,,14.9,45.7,1,0,0,
2026-05-12,03:44:43,maceta1,0,0,100,100,100,,,,,1,0,0,Lectura invalida de DHT
2026-05-12,03:44:43,maceta2,0,0,100,100,100,,,,,1,0,0,Lectura invalida de DHT
2026-05-12,03:45:10,maceta1,0,0,100,100,100,,,,,1,0,0,Lectura invalida de DHT
2026-05-12,03:45:10,maceta2,0,0,100,100,100,,,14.9,45.7,1,0,0,
2026-05-12,03:45:37,maceta1,0,0,100,100,100,,,,,1,0,0,Lectura invalida de DHT
2026-05-12,03:45:37,maceta2,0,0,100,100,100,,,14.9,45.7,1,0,0,
2026-05-12,03:46:04,maceta1,0,0,100,100,100,,,,,1,0,0,Lectura invalida de DHT
2026-05-12,03:46:04,maceta2,0,0,100,100,100,,,14.9,45.7,1,0,0,
2026-05-12,03:46:30,maceta1,0,0,100,100,100,,,,,1,0,0,Lectura invalida de DHT
2026-05-12,03:46:30,maceta2,0,0,100,100,100,,,14.9,45.7,1,0,0,
2026-05-12,03:46:57,maceta1,0,0,100,100,100,,,,,1,0,0,Lectura invalida de DHT
2026-05-12,03:46:57,maceta2,0,0,100,100,100,,,14.9,45.7,1,0,0,
2026-05-12,03:47:24,maceta1,0,0,100,100,100,,,,,1,0,0,Lectura invalida de DHT
2026-05-12,03:47:24,maceta2,0,0,100,100,100,,,,,1,0,0,Lectura invalida de DHT
2026-05-12,03:47:50,maceta1,0,0,100,100,100,,,,,1,0,0,Lectura invalida de DHT
2026-05-12,03:47:50,maceta2,0,0,100,100,100,,,14.9,45.7,1,0,0,
2026-05-12,03:48:17,maceta1,0,0,100,100,100,,,,,1,0,0,Lectura invalida de DHT
2026-05-12,03:48:17,maceta2,0,0,100,100,100,,,,,1,0,0,Lectura invalida de DHT
2026-05-12,03:48:44,maceta1,0,0,100,100,100,,,,,1,0,0,Lectura invalida de DHT
2026-05-12,03:48:44,maceta2,0,0,100,100,100,,,14.9,45.7,1,0,0,
2026-05-12,03:49:11,maceta1,0,0,100,100,100,,,,,1,0,0,Lectura invalida de DHT
2026-05-12,03:49:11,maceta2,0,0,100,100,100,,,14.9,45.7,1,0,0,
2026-05-12,03:49:38,maceta1,0,0,100,100,100,,,,,1,0,0,Lectura invalida de DHT
2026-05-12,03:49:38,maceta2,0,0,100,100,100,,,14.9,45.6,1,0,0,
2026-05-12,03:50:04,maceta1,0,0,100,100,100,,,,,1,0,0,Lectura invalida de DHT
2026-05-12,03:50:04,maceta2,0,0,100,100,100,,,14.9,45.7,1,0,0,
2026-05-12,03:50:31,maceta1,0,0,100,100,100,,,,,1,0,0,Lectura invalida de DHT
2026-05-12,03:50:31,maceta2,0,0,100,100,100,,,14.9,45.7,1,0,0,
2026-05-12,03:50:58,maceta1,0,0,100,100,100,,,,,1,0,0,Lectura invalida de DHT
2026-05-12,03:50:58,maceta2,0,0,100,100,100,,,,,1,0,0,Lectura invalida de DHT
2026-05-12,03:51:25,maceta1,0,0,100,100,100,,,,,1,0,0,Lectura invalida de DHT
2026-05-12,03:51:25,maceta2,0,0,100,100,100,,,14.9,45.7,1,0,0,
2026-05-12,03:51:51,maceta1,0,0,100,100,100,,,,,1,0,0,Lectura invalida de DHT
2026-05-12,03:51:51,maceta2,0,0,100,100,100,,,,,1,0,0,Lectura invalida de DHT
2026-05-12,03:52:18,maceta1,0,0,100,100,100,,,,,1,0,0,Lectura invalida de DHT
2026-05-12,03:52:18,maceta2,0,0,100,100,100,,,14.9,45.7,1,0,0,
2026-05-12,03:52:45,maceta1,0,0,100,100,100,,,,,1,0,0,Lectura invalida de DHT
2026-05-12,03:52:45,maceta2,0,0,100,100,100,,,14.9,45.6,1,0,0,
2026-05-12,03:53:12,maceta1,0,0,100,100,100,,,,,1,0,0,Lectura invalida de DHT
2026-05-12,03:53:12,maceta2,0,0,100,100,100,,,14.9,45.7,1,0,0,
2026-05-12,03:53:38,maceta1,0,0,100,100,100,,,,,1,0,0,Lectura invalida de DHT
2026-05-12,03:53:38,maceta2,0,0,100,100,100,,,14.9,45.7,1,0,0,
2026-05-12,03:54:05,maceta1,0,0,100,100,100,,,,,1,0,0,Lectura invalida de DHT
2026-05-12,03:54:05,maceta2,0,0,100,100,100,,,14.9,45.7,1,0,0,
2026-05-12,03:54:32,maceta1,0,0,100,100,100,,,,,1,0,0,Lectura invalida de DHT
2026-05-12,03:54:32,maceta2,0,0,100,100,100,,,,,1,0,0,Lectura invalida de DHT
2026-05-12,03:54:59,maceta1,0,0,100,100,100,,,,,1,0,0,Lectura invalida de DHT
2026-05-12,03:54:59,maceta2,0,0,100,100,100,,,,,1,0,0,Lectura invalida de DHT
2026-05-12,03:55:25,maceta1,0,0,100,100,100,,,,,1,0,0,Lectura invalida de DHT
2026-05-12,03:55:25,maceta2,0,0,100,100,100,,,14.9,45.7,1,0,0,
2026-05-12,03:55:52,maceta1,0,0,100,100,100,,,,,1,0,0,Lectura invalida de DHT
2026-05-12,03:55:52,maceta2,0,0,100,100,100,,,14.9,45.7,1,0,0,
2026-05-12,03:56:19,maceta1,0,0,100,100,100,,,,,1,0,0,Lectura invalida de DHT
2026-05-12,03:56:19,maceta2,0,0,100,100,100,,,,,1,0,0,Lectura invalida de DHT
2026-05-12,03:56:45,maceta1,0,0,100,100,100,,,,,1,0,0,Lectura invalida de DHT
2026-05-12,03:56:45,maceta2,0,0,100,100,100,,,,,1,0,0,Lectura invalida de DHT
2026-05-12,03:57:12,maceta1,0,0,100,100,100,,,,,1,0,0,Lectura invalida de DHT
2026-05-12,03:57:12,maceta2,0,0,100,100,100,,,14.9,45.7,1,0,0,
2026-05-12,03:57:39,maceta1,0,0,100,100,100,,,,,1,0,0,Lectura invalida de DHT
2026-05-12,03:57:39,maceta2,0,0,100,100,100,,,,,1,0,0,Lectura invalida de DHT
2026-05-12,03:58:06,maceta1,0,0,100,100,100,,,,,1,0,0,Lectura invalida de DHT
2026-05-12,03:58:06,maceta2,0,0,100,100,100,,,14.9,45.7,1,0,0,
2026-05-12,03:58:32,maceta1,0,0,100,100,100,,,,,1,0,0,Lectura invalida de DHT
2026-05-12,03:58:32,maceta2,0,0,100,100,100,,,,,1,0,0,Lectura invalida de DHT
2026-05-12,03:58:59,maceta1,0,0,100,100,100,,,,,1,0,0,Lectura invalida de DHT
2026-05-12,03:58:59,maceta2,0,0,100,100,100,,,14.9,45.7,1,0,0,
2026-05-12,03:59:26,maceta1,0,0,100,100,100,,,,,1,0,0,Lectura invalida de DHT
2026-05-12,03:59:26,maceta2,0,0,100,100,100,,,14.9,45.7,1,0,0,
2026-05-12,03:59:53,maceta1,0,0,100,100,100,,,,,1,0,0,Lectura invalida de DHT
2026-05-12,03:59:53,maceta2,0,0,100,100,100,,,14.9,45.7,1,0,0,
2026-05-12,04:00:20,maceta1,0,0,100,100,100,,,,,1,0,0,Lectura invalida de DHT
2026-05-12,04:00:20,maceta2,0,0,100,100,100,,,14.9,45.7,1,0,0,
2026-05-12,04:00:46,maceta1,0,0,100,100,100,,,,,1,0,0,Lectura invalida de DHT
2026-05-12,04:00:46,maceta2,0,0,100,100,100,,,14.9,45.7,1,0,0,
2026-05-12,04:01:13,maceta1,0,0,100,100,100,,,,,1,0,0,Lectura invalida de DHT
2026-05-12,04:01:13,maceta2,0,0,100,100,100,,,,,1,0,0,Lectura invalida de DHT
2026-05-12,04:01:40,maceta1,0,0,100,100,100,,,,,1,0,0,Lectura invalida de DHT
2026-05-12,04:01:40,maceta2,0,0,100,100,100,,,14.9,45.7,1,0,0,
2026-05-12,04:02:07,maceta1,0,0,100,100,100,,,,,1,0,0,Lectura invalida de DHT
2026-05-12,04:02:07,maceta2,0,0,100,100,100,,,14.9,45.7,1,0,0,
2026-05-12,04:02:33,maceta1,0,0,100,100,100,,,,,1,0,0,Lectura invalida de DHT
2026-05-12,04:02:33,maceta2,0,0,100,100,100,,,,,1,0,0,Lectura invalida de DHT
2026-05-12,04:03:00,maceta1,0,0,100,100,100,,,,,1,0,0,Lectura invalida de DHT
2026-05-12,04:03:00,maceta2,0,0,100,100,100,,,14.9,45.7,1,0,0,
2026-05-12,04:03:27,maceta1,0,0,100,100,100,,,,,1,0,0,Lectura invalida de DHT
2026-05-12,04:03:27,maceta2,0,0,100,100,100,,,,,1,0,0,Lectura invalida de DHT
2026-05-12,04:03:53,maceta1,0,0,100,100,100,,,,,1,0,0,Lectura invalida de DHT
2026-05-12,04:03:53,maceta2,0,0,100,100,100,,,14.9,45.8,1,0,0,
2026-05-12,04:04:20,maceta1,0,0,100,100,100,,,,,1,0,0,Lectura invalida de DHT
2026-05-12,04:04:20,maceta2,0,0,100,100,100,,,14.9,45.7,1,0,0,
2026-05-12,04:04:47,maceta1,0,0,100,100,100,,,,,1,0,0,Lectura invalida de DHT
2026-05-12,04:04:47,maceta2,0,0,100,100,100,,,,,1,0,0,Lectura invalida de DHT
2026-05-12,04:05:14,maceta1,0,0,100,100,100,,,,,1,0,0,Lectura invalida de DHT
2026-05-12,04:05:14,maceta2,0,0,100,100,100,,,14.9,45.8,1,0,0,
2026-05-12,04:05:41,maceta1,0,0,100,100,100,,,,,1,0,0,Lectura invalida de DHT
2026-05-12,04:05:41,maceta2,0,0,100,100,100,,,14.9,45.8,1,0,0,
2026-05-12,04:06:07,maceta1,0,0,100,100,100,,,,,1,0,0,Lectura invalida de DHT
2026-05-12,04:06:07,maceta2,0,0,100,100,100,,,,,1,0,0,Lectura invalida de DHT
2026-05-12,04:06:34,maceta1,0,0,100,100,100,,,,,1,0,0,Lectura invalida de DHT
2026-05-12,04:06:34,maceta2,0,0,100,100,100,,,14.9,45.7,1,0,0,
2026-05-12,04:07:01,maceta1,0,0,100,100,100,,,,,1,0,0,Lectura invalida de DHT
2026-05-12,04:07:01,maceta2,0,0,100,100,100,,,,,1,0,0,Lectura invalida de DHT
2026-05-12,04:07:28,maceta1,0,0,100,100,100,,,,,1,0,0,Lectura invalida de DHT
2026-05-12,04:07:28,maceta2,0,0,100,100,100,,,,,1,0,0,Lectura invalida de DHT
2026-05-12,04:07:54,maceta1,0,0,100,100,100,,,,,1,0,0,Lectura invalida de DHT
2026-05-12,04:07:54,maceta2,0,0,100,100,100,,,14.9,45.8,1,0,0,
2026-05-12,04:08:21,maceta1,0,0,100,100,100,,,,,1,0,0,Lectura invalida de DHT
2026-05-12,04:08:21,maceta2,0,0,100,100,100,,,14.9,45.7,1,0,0,
2026-05-12,04:08:48,maceta1,0,0,100,100,100,,,,,1,0,0,Lectura invalida de DHT
2026-05-12,04:08:48,maceta2,0,0,100,100,100,,,14.9,45.8,1,0,0,
2026-05-12,04:09:15,maceta1,0,0,100,100,100,,,,,1,0,0,Lectura invalida de DHT
2026-05-12,04:09:15,maceta2,0,0,100,100,100,,,14.8,45.7,1,0,0,
2026-05-12,04:09:41,maceta1,0,0,100,100,100,,,,,1,0,0,Lectura invalida de DHT
2026-05-12,04:09:41,maceta2,0,0,100,100,100,,,14.9,45.8,1,0,0,
2026-05-12,04:10:08,maceta1,0,0,100,100,100,,,,,1,0,0,Lectura invalida de DHT
2026-05-12,04:10:08,maceta2,0,0,100,100,100,,,14.9,45.8,1,0,0,
2026-05-12,04:10:35,maceta1,0,0,100,100,100,,,,,1,0,0,Lectura invalida de DHT
2026-05-12,04:10:35,maceta2,0,0,100,100,100,,,14.9,45.8,1,0,0,
2026-05-12,04:11:02,maceta1,0,0,100,100,100,,,,,1,0,0,Lectura invalida de DHT
2026-05-12,04:11:02,maceta2,0,0,100,100,100,,,14.9,45.8,1,0,0,
2026-05-12,04:11:29,maceta1,0,0,100,100,100,,,,,1,0,0,Lectura invalida de DHT
2026-05-12,04:11:29,maceta2,0,0,100,100,100,,,14.8,45.8,1,0,0,
2026-05-12,04:11:55,maceta1,0,0,100,100,100,,,,,1,0,0,Lectura invalida de DHT
2026-05-12,04:11:55,maceta2,0,0,100,100,100,,,14.9,45.8,1,0,0,
2026-05-12,04:12:22,maceta1,0,0,100,100,100,,,,,1,0,0,Lectura invalida de DHT
2026-05-12,04:12:22,maceta2,0,0,100,100,100,,,14.8,45.8,1,0,0,
2026-05-12,04:12:49,maceta1,0,0,100,100,100,,,,,1,0,0,Lectura invalida de DHT
2026-05-12,04:12:49,maceta2,0,0,100,100,100,,,14.9,45.8,1,0,0,
2026-05-12,04:13:15,maceta1,0,0,100,100,100,,,,,1,0,0,Lectura invalida de DHT
2026-05-12,04:13:15,maceta2,0,0,100,100,100,,,14.8,45.8,1,0,0,
2026-05-12,04:13:42,maceta1,0,0,100,100,100,,,,,1,0,0,Lectura invalida de DHT
2026-05-12,04:13:42,maceta2,0,0,100,100,100,,,,,1,0,0,Lectura invalida de DHT
2026-05-12,04:14:09,maceta1,0,0,100,100,100,,,,,1,0,0,Lectura invalida de DHT
2026-05-12,04:14:09,maceta2,0,0,100,100,100,,,14.8,45.7,1,0,0,
2026-05-12,04:14:36,maceta1,0,0,100,100,100,,,,,1,0,0,Lectura invalida de DHT
2026-05-12,04:14:36,maceta2,0,0,100,100,100,,,,,1,0,0,Lectura invalida de DHT
2026-05-12,04:15:02,maceta1,0,0,100,100,100,,,,,1,0,0,Lectura invalida de DHT
2026-05-12,04:15:02,maceta2,0,0,100,100,100,,,,,1,0,0,Lectura invalida de DHT
2026-05-12,04:15:29,maceta1,0,0,100,100,100,,,,,1,0,0,Lectura invalida de DHT
2026-05-12,04:15:29,maceta2,0,0,100,100,100,,,,,1,0,0,Lectura invalida de DHT
2026-05-12,04:15:56,maceta1,0,0,100,100,100,,,,,1,0,0,Lectura invalida de DHT
2026-05-12,04:15:56,maceta2,0,0,100,100,100,,,,,1,0,0,Lectura invalida de DHT
2026-05-12,04:16:23,maceta1,0,0,100,100,100,,,,,1,0,0,Lectura invalida de DHT
2026-05-12,04:16:23,maceta2,0,0,100,100,100,,,14.8,45.8,1,0,0,
2026-05-12,04:16:49,maceta1,0,0,100,100,100,,,,,1,0,0,Lectura invalida de DHT
2026-05-12,04:16:49,maceta2,0,0,100,100,100,,,,,1,0,0,Lectura invalida de DHT
2026-05-12,04:17:16,maceta1,0,0,100,100,100,,,,,1,0,0,Lectura invalida de DHT
2026-05-12,04:17:16,maceta2,0,0,100,100,100,,,14.9,45.8,1,0,0,
2026-05-12,04:17:43,maceta1,0,0,100,100,100,,,,,1,0,0,Lectura invalida de DHT
2026-05-12,04:17:43,maceta2,0,0,100,100,100,,,14.9,45.8,1,0,0,
2026-05-12,04:18:10,maceta1,0,0,100,100,100,,,,,1,0,0,Lectura invalida de DHT
2026-05-12,04:18:10,maceta2,0,0,100,100,100,,,14.8,45.8,1,0,0,
2026-05-12,04:18:37,maceta1,0,0,100,100,100,,,,,1,0,0,Lectura invalida de DHT
2026-05-12,04:18:37,maceta2,0,0,100,100,100,,,14.8,45.8,1,0,0,
2026-05-12,04:19:03,maceta1,0,0,100,100,100,,,,,1,0,0,Lectura invalida de DHT
2026-05-12,04:19:03,maceta2,0,0,100,100,100,,,,,1,0,0,Lectura invalida de DHT
2026-05-12,04:19:30,maceta1,0,0,100,100,100,,,,,1,0,0,Lectura invalida de DHT
2026-05-12,04:19:30,maceta2,0,0,100,100,100,,,,,1,0,0,Lectura invalida de DHT
2026-05-12,04:19:57,maceta1,0,0,100,100,100,,,,,1,0,0,Lectura invalida de DHT
2026-05-12,04:19:57,maceta2,0,0,100,100,100,,,14.8,45.8,1,0,0,
2026-05-12,04:20:24,maceta1,0,0,100,100,100,,,,,1,0,0,Lectura invalida de DHT
2026-05-12,04:20:24,maceta2,0,0,100,100,100,,,14.8,45.8,1,0,0,
2026-05-12,04:20:50,maceta1,0,0,100,100,100,,,,,1,0,0,Lectura invalida de DHT
2026-05-12,04:20:50,maceta2,0,0,100,100,100,,,14.8,45.8,1,0,0,
2026-05-12,04:21:17,maceta1,0,0,100,100,100,,,,,1,0,0,Lectura invalida de DHT
2026-05-12,04:21:17,maceta2,0,0,100,100,100,,,14.8,45.8,1,0,0,
2026-05-12,04:21:44,maceta1,0,0,100,100,100,,,,,1,0,0,Lectura invalida de DHT
2026-05-12,04:21:44,maceta2,0,0,100,100,100,,,14.8,45.8,1,0,0,
2026-05-12,04:22:11,maceta1,0,0,100,100,100,,,,,1,0,0,Lectura invalida de DHT
2026-05-12,04:22:11,maceta2,0,0,100,100,100,,,14.8,45.8,1,0,0,
2026-05-12,04:22:37,maceta1,0,0,100,100,100,,,,,1,0,0,Lectura invalida de DHT
2026-05-12,04:22:37,maceta2,0,0,100,100,100,,,14.8,45.8,1,0,0,
2026-05-12,04:23:04,maceta1,0,0,100,100,100,,,,,1,0,0,Lectura invalida de DHT
2026-05-12,04:23:04,maceta2,0,0,100,100,100,,,14.8,45.8,1,0,0,
2026-05-12,04:23:31,maceta1,0,0,100,100,100,,,,,1,0,0,Lectura invalida de DHT
2026-05-12,04:23:31,maceta2,0,0,100,100,100,,,,,1,0,0,Lectura invalida de DHT
2026-05-12,04:23:58,maceta1,0,0,100,100,100,,,,,1,0,0,Lectura invalida de DHT
2026-05-12,04:23:58,maceta2,0,0,100,100,100,,,,,1,0,0,Lectura invalida de DHT
2026-05-12,04:24:24,maceta1,0,0,100,100,100,,,,,1,0,0,Lectura invalida de DHT
2026-05-12,04:24:24,maceta2,0,0,100,100,100,,,14.8,45.8,1,0,0,
2026-05-12,04:24:51,maceta1,0,0,100,100,100,,,,,1,0,0,Lectura invalida de DHT
2026-05-12,04:24:51,maceta2,0,0,100,100,100,,,14.8,45.9,1,0,0,
2026-05-12,04:25:18,maceta1,0,0,100,100,100,,,,,1,0,0,Lectura invalida de DHT
2026-05-12,04:25:18,maceta2,0,0,100,100,100,,,14.8,45.8,1,0,0,
2026-05-12,04:25:45,maceta1,0,0,100,100,100,,,,,1,0,0,Lectura invalida de DHT
2026-05-12,04:25:45,maceta2,0,0,100,100,100,,,,,1,0,0,Lectura invalida de DHT
2026-05-12,04:26:11,maceta1,0,0,100,100,100,,,,,1,0,0,Lectura invalida de DHT
2026-05-12,04:26:11,maceta2,0,0,100,100,100,,,14.8,45.8,1,0,0,
2026-05-12,04:26:38,maceta1,0,0,100,100,100,,,,,1,0,0,Lectura invalida de DHT
2026-05-12,04:26:38,maceta2,0,0,100,100,100,,,,,1,0,0,Lectura invalida de DHT
2026-05-12,04:27:05,maceta1,0,0,100,100,100,,,,,1,0,0,Lectura invalida de DHT
2026-05-12,04:27:05,maceta2,0,0,100,100,100,,,14.8,45.8,1,0,0,
2026-05-12,04:27:32,maceta1,0,0,100,100,100,,,,,1,0,0,Lectura invalida de DHT
2026-05-12,04:27:32,maceta2,0,0,100,100,100,,,14.8,45.8,1,0,0,
2026-05-12,04:27:58,maceta1,0,0,100,100,100,,,,,1,0,0,Lectura invalida de DHT
2026-05-12,04:27:58,maceta2,0,0,100,100,100,,,14.8,45.8,1,0,0,
2026-05-12,04:28:25,maceta1,0,0,100,100,100,,,,,1,0,0,Lectura invalida de DHT
2026-05-12,04:28:25,maceta2,0,0,100,100,100,,,14.8,45.8,1,0,0,
2026-05-12,04:28:52,maceta1,0,0,100,100,100,,,,,1,0,0,Lectura invalida de DHT
2026-05-12,04:28:52,maceta2,0,0,100,100,100,,,14.8,45.8,1,0,0,
2026-05-12,04:29:19,maceta1,0,0,100,100,100,,,,,1,0,0,Lectura invalida de DHT
2026-05-12,04:29:19,maceta2,0,0,100,100,100,,,14.8,45.9,1,0,0,
2026-05-12,04:29:45,maceta1,0,0,100,100,100,,,,,1,0,0,Lectura invalida de DHT
2026-05-12,04:29:45,maceta2,0,0,100,100,100,,,14.8,45.8,1,0,0,
2026-05-12,04:30:12,maceta1,0,0,100,100,100,,,,,1,0,0,Lectura invalida de DHT
2026-05-12,04:30:12,maceta2,0,0,100,100,100,,,14.8,45.8,1,0,0,
2026-05-12,04:30:39,maceta1,0,0,100,100,100,,,,,1,0,0,Lectura invalida de DHT
2026-05-12,04:30:39,maceta2,0,0,100,100,100,,,14.8,45.8,1,0,0,
2026-05-12,04:31:06,maceta1,0,0,100,100,100,,,,,1,0,0,Lectura invalida de DHT
2026-05-12,04:31:06,maceta2,0,0,100,100,100,,,14.8,45.8,1,0,0,
2026-05-12,04:31:32,maceta1,0,0,100,100,100,,,,,1,0,0,Lectura invalida de DHT
2026-05-12,04:31:32,maceta2,0,0,100,100,100,,,14.8,45.9,1,0,0,
2026-05-12,04:31:59,maceta1,0,0,100,100,100,,,,,1,0,0,Lectura invalida de DHT
2026-05-12,04:31:59,maceta2,0,0,100,100,100,,,14.8,45.8,1,0,0,
2026-05-12,04:32:26,maceta1,0,0,100,100,100,,,,,1,0,0,Lectura invalida de DHT
2026-05-12,04:32:26,maceta2,0,0,100,100,100,,,,,1,0,0,Lectura invalida de DHT
2026-05-12,04:32:53,maceta1,0,0,100,100,100,,,,,1,0,0,Lectura invalida de DHT
2026-05-12,04:32:53,maceta2,0,0,100,100,100,,,14.8,45.8,1,0,0,
2026-05-12,04:33:19,maceta1,0,0,100,100,100,,,,,1,0,0,Lectura invalida de DHT
2026-05-12,04:33:19,maceta2,0,0,100,100,100,,,14.8,45.8,1,0,0,
2026-05-12,04:33:46,maceta1,0,0,100,100,100,,,,,1,0,0,Lectura invalida de DHT
2026-05-12,04:33:46,maceta2,0,0,100,100,100,,,,,1,0,0,Lectura invalida de DHT
2026-05-12,04:34:13,maceta1,0,0,100,100,100,,,,,1,0,0,Lectura invalida de DHT
2026-05-12,04:34:13,maceta2,0,0,100,100,100,,,14.8,45.8,1,0,0,
2026-05-12,04:34:40,maceta1,0,0,100,100,100,,,,,1,0,0,Lectura invalida de DHT
2026-05-12,04:34:40,maceta2,0,0,100,100,100,,,14.8,45.8,1,0,0,
2026-05-12,04:35:06,maceta1,0,0,100,100,100,,,,,1,0,0,Lectura invalida de DHT
2026-05-12,04:35:06,maceta2,0,0,100,100,100,,,14.8,45.8,1,0,0,
2026-05-12,04:35:33,maceta1,0,0,100,100,100,,,,,1,0,0,Lectura invalida de DHT
2026-05-12,04:35:33,maceta2,0,0,100,100,100,,,14.8,45.8,1,0,0,
2026-05-12,04:36:00,maceta1,0,0,100,100,100,,,,,1,0,0,Lectura invalida de DHT
2026-05-12,04:36:00,maceta2,0,0,100,100,100,,,14.8,45.8,1,0,0,
2026-05-12,04:36:27,maceta1,0,0,100,100,100,,,,,1,0,0,Lectura invalida de DHT
2026-05-12,04:36:27,maceta2,0,0,100,100,100,,,,,1,0,0,Lectura invalida de DHT
2026-05-12,04:36:53,maceta1,0,0,100,100,100,,,,,1,0,0,Lectura invalida de DHT
2026-05-12,04:36:53,maceta2,0,0,100,100,100,,,14.8,45.8,1,0,0,
2026-05-12,04:37:20,maceta1,0,0,100,100,100,,,,,1,0,0,Lectura invalida de DHT
2026-05-12,04:37:20,maceta2,0,0,100,100,100,,,14.7,45.8,1,0,0,
2026-05-12,04:37:47,maceta1,0,0,100,100,100,,,,,1,0,0,Lectura invalida de DHT
2026-05-12,04:37:47,maceta2,0,0,100,100,100,,,,,1,0,0,Lectura invalida de DHT
2026-05-12,04:38:14,maceta1,0,0,100,100,100,,,,,1,0,0,Lectura invalida de DHT
2026-05-12,04:38:14,maceta2,0,0,100,100,100,,,14.7,45.9,1,0,0,
2026-05-12,04:38:41,maceta1,0,0,100,100,100,,,,,1,0,0,Lectura invalida de DHT
2026-05-12,04:38:41,maceta2,0,0,100,100,100,,,14.7,45.9,1,0,0,
2026-05-12,04:39:07,maceta1,0,0,100,100,100,,,,,1,0,0,Lectura invalida de DHT
2026-05-12,04:39:07,maceta2,0,0,100,100,100,,,14.7,45.9,1,0,0,
2026-05-12,04:39:34,maceta1,0,0,100,100,100,,,,,1,0,0,Lectura invalida de DHT
2026-05-12,04:39:34,maceta2,0,0,100,100,100,,,14.7,45.9,1,0,0,
2026-05-12,04:40:01,maceta1,0,0,100,100,100,,,,,1,0,0,Lectura invalida de DHT
2026-05-12,04:40:01,maceta2,0,0,100,100,100,,,14.7,45.9,1,0,0,
2026-05-12,04:40:28,maceta1,0,0,100,100,100,,,,,1,0,0,Lectura invalida de DHT
2026-05-12,04:40:28,maceta2,0,0,100,100,100,,,,,1,0,0,Lectura invalida de DHT
2026-05-12,04:40:54,maceta1,0,0,100,100,100,,,,,1,0,0,Lectura invalida de DHT
2026-05-12,04:40:54,maceta2,0,0,100,100,100,,,14.7,45.9,1,0,0,
2026-05-12,04:41:21,maceta1,0,0,100,100,100,,,,,1,0,0,Lectura invalida de DHT
2026-05-12,04:41:21,maceta2,0,0,100,100,100,,,14.7,45.9,1,0,0,
2026-05-12,04:41:48,maceta1,0,0,100,100,100,,,,,1,0,0,Lectura invalida de DHT
2026-05-12,04:41:48,maceta2,0,0,100,100,100,,,14.7,45.9,1,0,0,
2026-05-12,04:42:14,maceta1,0,0,100,100,100,,,,,1,0,0,Lectura invalida de DHT
2026-05-12,04:42:14,maceta2,0,0,100,100,100,,,14.7,45.9,1,0,0,
2026-05-12,04:42:41,maceta1,0,0,100,100,100,,,,,1,0,0,Lectura invalida de DHT
2026-05-12,04:42:41,maceta2,0,0,100,100,100,,,14.7,45.9,1,0,0,
2026-05-12,04:43:08,maceta1,0,0,100,100,100,,,,,1,0,0,Lectura invalida de DHT
2026-05-12,04:43:08,maceta2,0,0,100,100,100,,,14.7,45.9,1,0,0,
2026-05-12,04:43:35,maceta1,0,0,100,100,100,,,,,1,0,0,Lectura invalida de DHT
2026-05-12,04:43:35,maceta2,0,0,100,100,100,,,14.7,45.9,1,0,0,
2026-05-12,04:44:01,maceta1,0,0,100,100,100,,,,,1,0,0,Lectura invalida de DHT
2026-05-12,04:44:01,maceta2,0,0,100,100,100,,,14.7,45.9,1,0,0,
2026-05-12,04:44:28,maceta1,0,0,100,100,100,,,,,1,0,0,Lectura invalida de DHT
2026-05-12,04:44:28,maceta2,0,0,100,100,100,,,14.7,45.9,1,0,0,
2026-05-12,04:44:55,maceta1,0,0,100,100,100,,,,,1,0,0,Lectura invalida de DHT
2026-05-12,04:44:55,maceta2,0,0,100,100,100,,,14.7,45.9,1,0,0,
2026-05-12,04:45:22,maceta1,0,0,100,100,100,,,,,1,0,0,Lectura invalida de DHT
2026-05-12,04:45:22,maceta2,0,0,100,100,100,,,14.7,45.9,1,0,0,
2026-05-12,04:45:48,maceta1,0,0,100,100,100,,,,,1,0,0,Lectura invalida de DHT
2026-05-12,04:45:48,maceta2,0,0,100,100,100,,,14.7,45.9,1,0,0,
2026-05-12,04:46:15,maceta1,0,0,100,100,100,,,,,1,0,0,Lectura invalida de DHT
2026-05-12,04:46:15,maceta2,0,0,100,100,100,,,14.7,45.9,1,0,0,
2026-05-12,04:46:42,maceta1,0,0,100,100,100,,,,,1,0,0,Lectura invalida de DHT
2026-05-12,04:46:42,maceta2,0,0,100,100,100,,,14.7,45.9,1,0,0,
2026-05-12,04:47:09,maceta1,0,0,100,100,100,,,,,1,0,0,Lectura invalida de DHT
2026-05-12,04:47:09,maceta2,0,0,100,100,100,,,14.7,46.0,1,0,0,
2026-05-12,04:47:35,maceta1,0,0,100,100,100,,,,,1,0,0,Lectura invalida de DHT
2026-05-12,04:47:35,maceta2,0,0,100,100,100,,,14.7,45.9,1,0,0,
2026-05-12,04:48:02,maceta1,0,0,100,100,100,,,,,1,0,0,Lectura invalida de DHT
2026-05-12,04:48:02,maceta2,0,0,100,100,100,,,14.7,46.0,1,0,0,
2026-05-12,04:48:29,maceta1,0,0,100,100,100,,,,,1,0,0,Lectura invalida de DHT
2026-05-12,04:48:29,maceta2,0,0,100,100,100,,,14.7,46.0,1,0,0,
2026-05-12,04:48:56,maceta1,0,0,100,100,100,,,,,1,0,0,Lectura invalida de DHT
2026-05-12,04:48:56,maceta2,0,0,100,100,100,,,,,1,0,0,Lectura invalida de DHT
2026-05-12,04:49:22,maceta1,0,0,100,100,100,,,,,1,0,0,Lectura invalida de DHT
2026-05-12,04:49:22,maceta2,0,0,100,100,100,,,14.7,46.0,1,0,0,
2026-05-12,04:49:49,maceta1,0,0,100,100,100,,,,,1,0,0,Lectura invalida de DHT
2026-05-12,04:49:49,maceta2,0,0,100,100,100,,,,,1,0,0,Lectura invalida de DHT
2026-05-12,04:50:16,maceta1,0,0,100,100,100,,,,,1,0,0,Lectura invalida de DHT
2026-05-12,04:50:16,maceta2,0,0,100,100,100,,,,,1,0,0,Lectura invalida de DHT
2026-05-12,04:50:43,maceta1,0,0,100,100,100,,,,,1,0,0,Lectura invalida de DHT
2026-05-12,04:50:43,maceta2,0,0,100,100,100,,,14.7,46.0,1,0,0,
2026-05-12,04:51:10,maceta1,0,0,100,100,100,,,,,1,0,0,Lectura invalida de DHT
2026-05-12,04:51:10,maceta2,0,0,100,100,100,,,14.7,46.0,1,0,0,
2026-05-12,04:51:36,maceta1,0,0,100,100,100,,,,,1,0,0,Lectura invalida de DHT
2026-05-12,04:51:36,maceta2,0,0,100,100,100,,,14.7,45.9,1,0,0,
2026-05-12,04:52:03,maceta1,0,0,100,100,100,,,,,1,0,0,Lectura invalida de DHT
2026-05-12,04:52:03,maceta2,0,0,100,100,100,,,14.7,46.0,1,0,0,
2026-05-12,04:52:30,maceta1,0,0,100,100,100,,,,,1,0,0,Lectura invalida de DHT
2026-05-12,04:52:30,maceta2,0,0,100,100,100,,,14.7,46.0,1,0,0,
2026-05-12,04:52:56,maceta1,0,0,100,100,100,,,,,1,0,0,Lectura invalida de DHT
2026-05-12,04:52:56,maceta2,0,0,100,100,100,,,,,1,0,0,Lectura invalida de DHT
2026-05-12,04:53:23,maceta1,0,0,100,100,100,,,,,1,0,0,Lectura invalida de DHT
2026-05-12,04:53:23,maceta2,0,0,100,100,100,,,14.7,46.0,1,0,0,
2026-05-12,04:53:50,maceta1,0,0,100,100,100,,,,,1,0,0,Lectura invalida de DHT
2026-05-12,04:53:50,maceta2,0,0,100,100,100,,,14.7,46.0,1,0,0,
2026-05-12,04:54:17,maceta1,0,0,100,100,100,,,,,1,0,0,Lectura invalida de DHT
2026-05-12,04:54:17,maceta2,0,0,100,100,100,,,14.7,46.0,1,0,0,
2026-05-12,04:54:44,maceta1,0,0,100,100,100,,,,,1,0,0,Lectura invalida de DHT
2026-05-12,04:54:44,maceta2,0,0,100,100,100,,,14.7,46.0,1,0,0,
2026-05-12,04:55:10,maceta1,0,0,100,100,100,,,,,1,0,0,Lectura invalida de DHT
2026-05-12,04:55:10,maceta2,0,0,100,100,100,,,14.7,46.0,1,0,0,
2026-05-12,04:55:37,maceta1,0,0,100,100,100,,,,,1,0,0,Lectura invalida de DHT
2026-05-12,04:55:37,maceta2,0,0,100,100,100,,,14.7,46.0,1,0,0,
2026-05-12,04:56:04,maceta1,0,0,100,100,100,,,,,1,0,0,Lectura invalida de DHT
2026-05-12,04:56:04,maceta2,0,0,100,100,100,,,,,1,0,0,Lectura invalida de DHT
2026-05-12,04:56:31,maceta1,0,0,100,100,100,,,,,1,0,0,Lectura invalida de DHT
2026-05-12,04:56:31,maceta2,0,0,100,100,100,,,14.7,46.0,1,0,0,
2026-05-12,04:56:57,maceta1,0,0,100,100,100,,,,,1,0,0,Lectura invalida de DHT
2026-05-12,04:56:57,maceta2,0,0,100,100,100,,,14.7,46.0,1,0,0,
2026-05-12,04:57:24,maceta1,0,0,100,100,100,,,,,1,0,0,Lectura invalida de DHT
2026-05-12,04:57:24,maceta2,0,0,100,100,100,,,14.7,46.0,1,0,0,
2026-05-12,04:57:51,maceta1,0,0,100,100,100,,,,,1,0,0,Lectura invalida de DHT
2026-05-12,04:57:51,maceta2,0,0,100,100,100,,,14.7,46.0,1,0,0,
2026-05-12,04:58:18,maceta1,0,0,100,100,100,,,,,1,0,0,Lectura invalida de DHT
2026-05-12,04:58:18,maceta2,0,0,100,100,100,,,14.7,46.0,1,0,0,
2026-05-12,04:58:44,maceta1,0,0,100,100,100,,,,,1,0,0,Lectura invalida de DHT
2026-05-12,04:58:44,maceta2,0,0,100,100,100,,,14.7,46.0,1,0,0,
2026-05-12,04:59:11,maceta1,0,0,100,100,100,,,,,1,0,0,Lectura invalida de DHT
2026-05-12,04:59:11,maceta2,0,0,100,100,100,,,,,1,0,0,Lectura invalida de DHT
2026-05-12,04:59:38,maceta1,0,0,100,100,100,,,,,1,0,0,Lectura invalida de DHT
2026-05-12,04:59:38,maceta2,0,0,100,100,100,,,14.7,46.0,1,0,0,
2026-05-12,05:00:05,maceta1,0,0,100,100,100,,,,,1,0,0,Lectura invalida de DHT
2026-05-12,05:00:05,maceta2,0,0,100,100,100,,,,,0,0,0,Lectura invalida de DHT
2026-05-12,05:00:31,maceta1,0,0,100,100,100,,,,,1,0,0,Lectura invalida de DHT
2026-05-12,05:00:31,maceta2,0,0,100,100,100,,,14.7,46.0,0,0,0,
2026-05-12,05:00:58,maceta1,0,0,100,100,100,,,,,1,0,0,Lectura invalida de DHT
2026-05-12,05:00:58,maceta2,0,0,100,100,100,,,14.7,46.0,0,0,0,
2026-05-12,05:01:25,maceta1,0,0,100,100,100,,,,,1,0,0,Lectura invalida de DHT
2026-05-12,05:01:25,maceta2,0,0,100,100,100,,,14.7,46.0,0,0,0,
2026-05-12,05:01:51,maceta1,0,0,100,100,100,,,,,1,0,0,Lectura invalida de DHT
2026-05-12,05:01:51,maceta2,0,0,100,100,100,,,14.7,46.0,0,0,0,
2026-05-12,05:02:18,maceta1,0,0,100,100,100,,,,,1,0,0,Lectura invalida de DHT
2026-05-12,05:02:18,maceta2,0,0,100,100,100,,,14.7,46.0,0,0,0,
2026-05-12,05:02:45,maceta1,0,0,100,100,100,,,,,1,0,0,Lectura invalida de DHT
2026-05-12,05:02:45,maceta2,0,0,100,100,100,,,,,0,0,0,Lectura invalida de DHT
2026-05-12,05:03:12,maceta1,0,0,100,100,100,,,,,1,0,0,Lectura invalida de DHT
2026-05-12,05:03:12,maceta2,0,0,100,100,100,,,14.7,46.0,0,0,0,
2026-05-12,05:03:39,maceta1,0,0,100,100,100,,,,,1,0,0,Lectura invalida de DHT
2026-05-12,05:03:39,maceta2,0,0,100,100,100,,,,,0,0,0,Lectura invalida de DHT
2026-05-12,05:04:05,maceta1,0,0,100,100,100,,,,,1,0,0,Lectura invalida de DHT
2026-05-12,05:04:05,maceta2,0,0,100,100,100,,,,,0,0,0,Lectura invalida de DHT
2026-05-12,05:04:32,maceta1,0,0,100,100,100,,,,,1,0,0,Lectura invalida de DHT
2026-05-12,05:04:32,maceta2,0,0,100,100,100,,,14.7,46.0,0,0,0,
2026-05-12,05:04:59,maceta1,0,0,100,100,100,,,,,1,0,0,Lectura invalida de DHT
2026-05-12,05:04:59,maceta2,0,0,100,100,100,,,14.7,46.0,0,0,0,
2026-05-12,05:05:25,maceta1,0,0,100,100,100,,,,,1,0,0,Lectura invalida de DHT
2026-05-12,05:05:25,maceta2,0,0,100,100,100,,,14.7,46.0,0,0,0,
2026-05-12,05:05:52,maceta1,0,0,100,100,100,,,,,1,0,0,Lectura invalida de DHT
2026-05-12,05:05:52,maceta2,0,0,100,100,100,,,14.7,46.0,0,0,0,
2026-05-12,05:06:19,maceta1,0,0,100,100,100,,,,,1,0,0,Lectura invalida de DHT
2026-05-12,05:06:19,maceta2,0,0,100,100,100,,,,,0,0,0,Lectura invalida de DHT
2026-05-12,05:06:46,maceta1,0,0,100,100,100,,,,,1,0,0,Lectura invalida de DHT
2026-05-12,05:06:46,maceta2,0,0,100,100,100,,,14.7,46.0,0,0,0,
2026-05-12,05:07:12,maceta1,0,0,100,100,100,,,,,1,0,0,Lectura invalida de DHT
2026-05-12,05:07:12,maceta2,0,0,100,100,100,,,14.6,46.0,0,0,0,
2026-05-12,05:07:39,maceta1,0,0,100,100,100,,,,,1,0,0,Lectura invalida de DHT
2026-05-12,05:07:39,maceta2,0,0,100,100,100,,,14.6,46.0,0,0,0,
2026-05-12,05:08:06,maceta1,0,0,100,100,100,,,,,1,0,0,Lectura invalida de DHT
2026-05-12,05:08:06,maceta2,0,0,100,100,100,,,14.6,46.1,0,0,0,
2026-05-12,05:08:33,maceta1,0,0,100,100,100,,,,,1,0,0,Lectura invalida de DHT
2026-05-12,05:08:33,maceta2,0,0,100,100,100,,,,,0,0,0,Lectura invalida de DHT
2026-05-12,05:08:59,maceta1,0,0,100,100,100,,,,,1,0,0,Lectura invalida de DHT
2026-05-12,05:08:59,maceta2,0,0,100,100,100,,,,,0,0,0,Lectura invalida de DHT
2026-05-12,05:09:26,maceta1,0,0,100,100,100,,,,,1,0,0,Lectura invalida de DHT
2026-05-12,05:09:26,maceta2,0,0,100,100,100,,,14.7,46.0,0,0,0,
2026-05-12,05:09:53,maceta1,0,0,100,100,100,,,,,1,0,0,Lectura invalida de DHT
2026-05-12,05:09:53,maceta2,0,0,100,100,100,,,,,0,0,0,Lectura invalida de DHT
2026-05-12,05:10:20,maceta1,0,0,100,100,100,,,,,1,0,0,Lectura invalida de DHT
2026-05-12,05:10:20,maceta2,0,0,100,100,100,,,14.6,46.0,0,0,0,
2026-05-12,05:10:46,maceta1,0,0,100,100,100,,,,,1,0,0,Lectura invalida de DHT
2026-05-12,05:10:46,maceta2,0,0,100,100,100,,,,,0,0,0,Lectura invalida de DHT
2026-05-12,05:11:13,maceta1,0,0,100,100,100,,,,,1,0,0,Lectura invalida de DHT
2026-05-12,05:11:13,maceta2,0,0,100,100,100,,,14.6,46.0,0,0,0,
2026-05-12,05:11:40,maceta1,0,0,100,100,100,,,,,1,0,0,Lectura invalida de DHT
2026-05-12,05:11:40,maceta2,0,0,100,100,100,,,14.6,46.0,0,0,0,
2026-05-12,05:12:07,maceta1,0,0,100,100,100,,,,,1,0,0,Lectura invalida de DHT
2026-05-12,05:12:07,maceta2,0,0,100,100,100,,,14.6,46.1,0,0,0,
2026-05-12,05:12:33,maceta1,0,0,100,100,100,,,,,1,0,0,Lectura invalida de DHT
2026-05-12,05:12:33,maceta2,0,0,100,100,100,,,14.6,46.1,0,0,0,
2026-05-12,05:13:00,maceta1,0,0,100,100,100,,,,,1,0,0,Lectura invalida de DHT
2026-05-12,05:13:00,maceta2,0,0,100,100,100,,,14.6,46.1,0,0,0,
2026-05-12,05:13:27,maceta1,0,0,100,100,100,,,,,1,0,0,Lectura invalida de DHT
2026-05-12,05:13:27,maceta2,0,0,100,100,100,,,14.6,46.1,0,0,0,
2026-05-12,05:13:54,maceta1,0,0,100,100,100,,,,,1,0,0,Lectura invalida de DHT
2026-05-12,05:13:54,maceta2,0,0,100,100,100,,,,,0,0,0,Lectura invalida de DHT
2026-05-12,05:14:20,maceta1,0,0,100,100,100,,,,,1,0,0,Lectura invalida de DHT
2026-05-12,05:14:20,maceta2,0,0,100,100,100,,,14.6,46.0,0,0,0,
2026-05-12,05:14:47,maceta1,0,0,100,100,100,,,,,1,0,0,Lectura invalida de DHT
2026-05-12,05:14:47,maceta2,0,0,100,100,100,,,14.6,46.1,0,0,0,
2026-05-12,05:15:14,maceta1,0,0,100,100,100,,,,,1,0,0,Lectura invalida de DHT
2026-05-12,05:15:14,maceta2,0,0,100,100,100,,,,,0,0,0,Lectura invalida de DHT
2026-05-12,05:15:41,maceta1,0,0,100,100,100,,,,,1,0,0,Lectura invalida de DHT
2026-05-12,05:15:41,maceta2,0,0,100,100,100,,,14.6,46.0,0,0,0,
2026-05-12,05:16:07,maceta1,0,0,100,100,100,,,,,1,0,0,Lectura invalida de DHT
2026-05-12,05:16:07,maceta2,0,0,100,100,100,,,14.6,46.1,0,0,0,
2026-05-12,05:16:34,maceta1,0,0,100,100,100,,,,,1,0,0,Lectura invalida de DHT
2026-05-12,05:16:34,maceta2,0,0,100,100,100,,,14.6,46.1,0,0,0,
2026-05-12,05:17:01,maceta1,0,0,100,100,100,,,,,1,0,0,Lectura invalida de DHT
2026-05-12,05:17:01,maceta2,0,0,100,100,100,,,14.6,46.1,0,0,0,
2026-05-12,05:17:28,maceta1,0,0,100,100,100,,,,,1,0,0,Lectura invalida de DHT
2026-05-12,05:17:28,maceta2,0,0,100,100,100,,,14.6,46.1,0,0,0,
2026-05-12,05:17:54,maceta1,0,0,100,100,100,,,,,1,0,0,Lectura invalida de DHT
2026-05-12,05:17:54,maceta2,0,0,100,100,100,,,14.6,46.0,0,0,0,
2026-05-12,05:18:21,maceta1,0,0,100,100,100,,,,,1,0,0,Lectura invalida de DHT
2026-05-12,05:18:21,maceta2,0,0,100,100,100,,,,,0,0,0,Lectura invalida de DHT
2026-05-12,05:18:48,maceta1,0,0,100,100,100,,,,,1,0,0,Lectura invalida de DHT
2026-05-12,05:18:48,maceta2,0,0,100,100,100,,,14.6,46.0,0,0,0,
2026-05-12,05:19:15,maceta1,0,0,100,100,100,,,,,1,0,0,Lectura invalida de DHT
2026-05-12,05:19:15,maceta2,0,0,100,100,100,,,14.6,46.1,0,0,0,
2026-05-12,05:19:41,maceta1,0,0,100,100,100,,,,,1,0,0,Lectura invalida de DHT
2026-05-12,05:19:41,maceta2,0,0,100,100,100,,,14.6,46.0,0,0,0,
2026-05-12,05:20:08,maceta1,0,0,100,100,100,,,,,1,0,0,Lectura invalida de DHT
2026-05-12,05:20:08,maceta2,0,0,100,100,100,,,,,0,0,0,Lectura invalida de DHT
2026-05-12,05:20:35,maceta1,0,0,100,100,100,,,,,1,0,0,Lectura invalida de DHT
2026-05-12,05:20:35,maceta2,0,0,100,100,100,,,14.6,46.1,0,0,0,
2026-05-12,05:21:02,maceta1,0,0,100,100,100,,,,,1,0,0,Lectura invalida de DHT
2026-05-12,05:21:02,maceta2,0,0,100,100,100,,,14.6,46.1,0,0,0,
2026-05-12,05:21:28,maceta1,0,0,100,100,100,,,,,1,0,0,Lectura invalida de DHT
2026-05-12,05:21:28,maceta2,0,0,100,100,100,,,14.6,46.1,0,0,0,
2026-05-12,05:21:55,maceta1,0,0,100,100,100,,,,,1,0,0,Lectura invalida de DHT
2026-05-12,05:21:55,maceta2,0,0,100,100,100,,,14.5,46.1,0,0,0,
2026-05-12,05:22:22,maceta1,0,0,100,100,100,,,,,1,0,0,Lectura invalida de DHT
2026-05-12,05:22:22,maceta2,0,0,100,100,100,,,,,0,0,0,Lectura invalida de DHT
2026-05-12,05:22:49,maceta1,0,0,100,100,100,,,,,1,0,0,Lectura invalida de DHT
2026-05-12,05:22:49,maceta2,0,0,100,100,100,,,14.6,46.1,0,0,0,
2026-05-12,05:23:15,maceta1,0,0,100,100,100,,,,,1,0,0,Lectura invalida de DHT
2026-05-12,05:23:15,maceta2,0,0,100,100,100,,,14.6,46.1,0,0,0,
2026-05-12,05:23:42,maceta1,0,0,100,100,100,,,,,1,0,0,Lectura invalida de DHT
2026-05-12,05:23:42,maceta2,0,0,100,100,100,,,,,0,0,0,Lectura invalida de DHT
2026-05-12,05:24:09,maceta1,0,0,100,100,100,,,,,1,0,0,Lectura invalida de DHT
2026-05-12,05:24:09,maceta2,0,0,100,100,100,,,14.6,46.1,0,0,0,
2026-05-12,05:24:36,maceta1,0,0,100,100,100,,,,,1,0,0,Lectura invalida de DHT
2026-05-12,05:24:36,maceta2,0,0,100,100,100,,,14.5,46.1,0,0,0,
2026-05-12,05:25:04,maceta1,0,0,100,100,100,,,,,1,0,0,Lectura invalida de DHT
2026-05-12,05:25:04,maceta2,0,0,100,100,100,,,14.6,46.1,0,0,0,
2026-05-12,05:25:30,maceta1,0,0,100,100,100,,,,,1,0,0,Lectura invalida de DHT
2026-05-12,05:25:30,maceta2,0,0,100,100,100,,,14.6,46.1,0,0,0,
2026-05-12,05:25:57,maceta1,0,0,100,100,100,,,,,1,0,0,Lectura invalida de DHT
2026-05-12,05:25:57,maceta2,0,0,100,100,100,,,14.6,46.1,0,0,0,
2026-05-12,05:26:24,maceta1,0,0,100,100,100,,,,,1,0,0,Lectura invalida de DHT
2026-05-12,05:26:24,maceta2,0,0,100,100,100,,,,,0,0,0,Lectura invalida de DHT
2026-05-12,05:26:51,maceta1,0,0,100,100,100,,,,,1,0,0,Lectura invalida de DHT
2026-05-12,05:26:51,maceta2,0,0,100,100,100,,,14.6,46.1,0,0,0,
2026-05-12,05:27:18,maceta1,0,0,100,100,100,,,,,1,0,0,Lectura invalida de DHT
2026-05-12,05:27:18,maceta2,0,0,100,100,100,,,14.6,46.1,0,0,0,
2026-05-12,05:27:44,maceta1,0,0,100,100,100,,,,,1,0,0,Lectura invalida de DHT
2026-05-12,05:27:44,maceta2,0,0,100,100,100,,,,,0,0,0,Lectura invalida de DHT
2026-05-12,05:28:11,maceta1,0,0,100,100,100,,,,,1,0,0,Lectura invalida de DHT
2026-05-12,05:28:11,maceta2,0,0,100,100,100,,,,,0,0,0,Lectura invalida de DHT
2026-05-12,05:28:38,maceta1,0,0,100,100,100,,,,,1,0,0,Lectura invalida de DHT
2026-05-12,05:28:38,maceta2,0,0,100,100,100,,,,,0,0,0,Lectura invalida de DHT
2026-05-12,05:29:05,maceta1,0,0,100,100,100,,,,,1,0,0,Lectura invalida de DHT
2026-05-12,05:29:05,maceta2,0,0,100,100,100,,,14.6,46.0,0,0,0,
2026-05-12,05:29:31,maceta1,0,0,100,100,100,,,,,1,0,0,Lectura invalida de DHT
2026-05-12,05:29:31,maceta2,0,0,100,100,100,,,14.6,46.1,0,0,0,
2026-05-12,05:29:58,maceta1,0,0,100,100,100,,,,,1,0,0,Lectura invalida de DHT
2026-05-12,05:29:58,maceta2,0,0,100,100,100,,,14.5,46.1,0,0,0,
2026-05-12,05:30:25,maceta1,0,0,100,100,100,,,,,1,0,0,Lectura invalida de DHT
2026-05-12,05:30:25,maceta2,0,0,100,100,100,,,14.5,46.0,0,0,0,
2026-05-12,05:30:52,maceta1,0,0,100,100,100,,,,,1,0,0,Lectura invalida de DHT
2026-05-12,05:30:52,maceta2,0,0,100,100,100,,,14.5,46.1,0,0,0,
2026-05-12,05:31:18,maceta1,0,0,100,100,100,,,,,1,0,0,Lectura invalida de DHT
2026-05-12,05:31:18,maceta2,0,0,100,100,100,,,14.5,46.1,0,0,0,
2026-05-12,05:31:45,maceta1,0,0,100,100,100,,,,,1,0,0,Lectura invalida de DHT
2026-05-12,05:31:45,maceta2,0,0,100,100,100,,,14.5,46.1,0,0,0,
2026-05-12,05:32:12,maceta1,0,0,100,100,100,,,,,1,0,0,Lectura invalida de DHT
2026-05-12,05:32:12,maceta2,0,0,100,100,100,,,14.5,46.1,0,0,0,
2026-05-12,05:32:39,maceta1,0,0,100,100,100,,,,,1,0,0,Lectura invalida de DHT
2026-05-12,05:32:39,maceta2,0,0,100,100,100,,,14.6,46.1,0,0,0,
2026-05-12,05:33:05,maceta1,0,0,100,100,100,,,,,1,0,0,Lectura invalida de DHT
2026-05-12,05:33:05,maceta2,0,0,100,100,100,,,14.5,46.1,0,0,0,
2026-05-12,05:33:32,maceta1,0,0,100,100,100,,,,,1,0,0,Lectura invalida de DHT
2026-05-12,05:33:32,maceta2,0,0,100,100,100,,,14.5,46.1,0,0,0,
2026-05-12,05:33:59,maceta1,0,0,100,100,100,,,,,1,0,0,Lectura invalida de DHT
2026-05-12,05:33:59,maceta2,0,0,100,100,100,,,14.5,46.1,0,0,0,
2026-05-12,05:34:26,maceta1,0,0,100,100,100,,,,,1,0,0,Lectura invalida de DHT
2026-05-12,05:34:26,maceta2,0,0,100,100,100,,,,,0,0,0,Lectura invalida de DHT
2026-05-12,05:34:52,maceta1,0,0,100,100,100,,,,,1,0,0,Lectura invalida de DHT
2026-05-12,05:34:52,maceta2,0,0,100,100,100,,,14.5,46.1,0,0,0,
2026-05-12,05:35:19,maceta1,0,0,100,100,100,,,,,1,0,0,Lectura invalida de DHT
2026-05-12,05:35:19,maceta2,0,0,100,100,100,,,14.5,46.1,0,0,0,
2026-05-12,05:35:46,maceta1,0,0,100,100,100,,,,,1,0,0,Lectura invalida de DHT
2026-05-12,05:35:46,maceta2,0,0,100,100,100,,,14.5,46.1,0,0,0,
2026-05-12,05:36:13,maceta1,0,0,100,100,100,,,,,1,0,0,Lectura invalida de DHT
2026-05-12,05:36:13,maceta2,0,0,100,100,100,,,,,0,0,0,Lectura invalida de DHT
2026-05-12,05:36:39,maceta1,0,0,100,100,100,,,,,1,0,0,Lectura invalida de DHT
2026-05-12,05:36:39,maceta2,0,0,100,100,100,,,14.5,46.1,0,0,0,
2026-05-12,05:37:06,maceta1,0,0,100,100,100,,,,,1,0,0,Lectura invalida de DHT
2026-05-12,05:37:06,maceta2,0,0,100,100,100,,,14.5,46.1,0,0,0,
2026-05-12,05:37:33,maceta1,0,0,100,100,100,,,,,1,0,0,Lectura invalida de DHT
2026-05-12,05:37:33,maceta2,0,0,100,100,100,,,14.5,46.1,0,0,0,
2026-05-12,05:38:00,maceta1,0,0,100,100,100,,,,,1,0,0,Lectura invalida de DHT
2026-05-12,05:38:00,maceta2,0,0,100,100,100,,,14.5,46.1,0,0,0,
2026-05-12,05:38:26,maceta1,0,0,100,100,100,,,,,1,0,0,Lectura invalida de DHT
2026-05-12,05:38:26,maceta2,0,0,100,100,100,,,14.5,46.1,0,0,0,
2026-05-12,05:38:53,maceta1,0,0,100,100,100,,,,,1,0,0,Lectura invalida de DHT
2026-05-12,05:38:53,maceta2,0,0,100,100,100,,,14.5,46.1,0,0,0,
2026-05-12,05:39:20,maceta1,0,0,100,100,100,,,,,1,0,0,Lectura invalida de DHT
2026-05-12,05:39:20,maceta2,0,0,100,100,100,,,14.5,46.1,0,0,0,
2026-05-12,05:39:46,maceta1,0,0,100,100,100,,,,,1,0,0,Lectura invalida de DHT
2026-05-12,05:39:46,maceta2,0,0,100,100,100,,,14.5,46.0,0,0,0,
2026-05-12,05:40:13,maceta1,0,0,100,100,100,,,,,1,0,0,Lectura invalida de DHT
2026-05-12,05:40:13,maceta2,0,0,100,100,100,,,,,0,0,0,Lectura invalida de DHT
2026-05-12,05:40:40,maceta1,0,0,100,100,100,,,,,1,0,0,Lectura invalida de DHT
2026-05-12,05:40:40,maceta2,0,0,100,100,100,,,14.5,46.1,0,0,0,
2026-05-12,05:41:07,maceta1,0,0,100,100,100,,,,,1,0,0,Lectura invalida de DHT
2026-05-12,05:41:07,maceta2,0,0,100,100,100,,,14.5,46.1,0,0,0,
2026-05-12,05:41:33,maceta1,0,0,100,100,100,,,,,1,0,0,Lectura invalida de DHT
2026-05-12,05:41:33,maceta2,0,0,100,100,100,,,,,0,0,0,Lectura invalida de DHT
2026-05-12,05:42:00,maceta1,0,0,100,100,100,,,,,1,0,0,Lectura invalida de DHT
2026-05-12,05:42:00,maceta2,0,0,100,100,100,,,14.5,46.1,0,0,0,
2026-05-12,05:42:27,maceta1,0,0,100,100,100,,,,,1,0,0,Lectura invalida de DHT
2026-05-12,05:42:27,maceta2,0,0,100,100,100,,,14.5,46.1,0,0,0,
2026-05-12,05:42:54,maceta1,0,0,100,100,100,,,,,1,0,0,Lectura invalida de DHT
2026-05-12,05:42:54,maceta2,0,0,100,100,100,,,,,0,0,0,Lectura invalida de DHT
2026-05-12,05:43:20,maceta1,0,0,100,100,100,,,,,1,0,0,Lectura invalida de DHT
2026-05-12,05:43:20,maceta2,0,0,100,100,100,,,14.5,46.1,0,0,0,
2026-05-12,05:43:47,maceta1,0,0,100,100,100,,,,,1,0,0,Lectura invalida de DHT
2026-05-12,05:43:47,maceta2,0,0,100,100,100,,,,,0,0,0,Lectura invalida de DHT
2026-05-12,05:44:14,maceta1,0,0,100,100,100,,,,,1,0,0,Lectura invalida de DHT
2026-05-12,05:44:14,maceta2,0,0,100,100,100,,,14.5,46.1,0,0,0,
2026-05-12,05:44:41,maceta1,0,0,100,100,100,,,,,1,0,0,Lectura invalida de DHT
2026-05-12,05:44:41,maceta2,0,0,100,100,100,,,14.5,46.1,0,0,0,
2026-05-12,05:45:07,maceta1,0,0,100,100,100,,,,,1,0,0,Lectura invalida de DHT
2026-05-12,05:45:07,maceta2,0,0,100,100,100,,,14.5,46.1,0,0,0,
2026-05-12,05:45:34,maceta1,0,0,100,100,100,,,,,1,0,0,Lectura invalida de DHT
2026-05-12,05:45:34,maceta2,0,0,100,100,100,,,,,0,0,0,Lectura invalida de DHT
2026-05-12,05:46:01,maceta1,0,0,100,100,100,,,,,1,0,0,Lectura invalida de DHT
2026-05-12,05:46:01,maceta2,0,0,100,100,100,,,14.5,46.1,0,0,0,
2026-05-12,05:46:28,maceta1,0,0,100,100,100,,,,,1,0,0,Lectura invalida de DHT
2026-05-12,05:46:28,maceta2,0,0,100,100,100,,,14.5,46.1,0,0,0,
2026-05-12,05:46:54,maceta1,0,0,100,100,100,,,,,1,0,0,Lectura invalida de DHT
2026-05-12,05:46:54,maceta2,0,0,100,100,100,,,,,0,0,0,Lectura invalida de DHT
2026-05-12,05:47:22,maceta1,0,0,100,100,100,,,,,1,0,0,Lectura invalida de DHT
2026-05-12,05:47:22,maceta2,0,0,100,100,100,,,14.5,46.1,0,0,0,
2026-05-12,05:47:49,maceta1,0,0,100,100,100,,,,,1,0,0,Lectura invalida de DHT
2026-05-12,05:47:49,maceta2,0,0,100,100,100,,,14.5,46.1,0,0,0,
2026-05-12,05:48:15,maceta1,0,0,100,100,100,,,,,1,0,0,Lectura invalida de DHT
2026-05-12,05:48:15,maceta2,0,0,100,100,100,,,,,0,0,0,Lectura invalida de DHT
2026-05-12,05:48:42,maceta1,0,0,100,100,100,,,,,1,0,0,Lectura invalida de DHT
2026-05-12,05:48:42,maceta2,0,0,100,100,100,,,14.5,46.1,0,0,0,
2026-05-12,05:49:09,maceta1,0,0,100,100,100,,,,,1,0,0,Lectura invalida de DHT
2026-05-12,05:49:09,maceta2,0,0,100,100,100,,,14.5,46.1,0,0,0,
2026-05-12,05:49:36,maceta1,0,0,100,100,100,,,,,1,0,0,Lectura invalida de DHT
2026-05-12,05:49:36,maceta2,0,0,100,100,100,,,,,0,0,0,Lectura invalida de DHT
2026-05-12,05:50:02,maceta1,0,0,100,100,100,,,,,1,0,0,Lectura invalida de DHT
2026-05-12,05:50:02,maceta2,0,0,100,100,100,,,14.5,46.1,0,0,0,
2026-05-12,05:50:29,maceta1,0,0,100,100,100,,,,,1,0,0,Lectura invalida de DHT
2026-05-12,05:50:29,maceta2,0,0,100,100,100,,,14.5,46.1,0,0,0,
2026-05-12,05:50:56,maceta1,0,0,100,100,100,,,,,1,0,0,Lectura invalida de DHT
2026-05-12,05:50:56,maceta2,0,0,100,100,100,,,14.5,46.1,0,0,0,
2026-05-12,05:51:23,maceta1,0,0,100,100,100,,,,,1,0,0,Lectura invalida de DHT
2026-05-12,05:51:23,maceta2,0,0,100,100,100,,,14.5,46.1,0,0,0,
2026-05-12,05:51:49,maceta1,0,0,100,100,100,,,,,1,0,0,Lectura invalida de DHT
2026-05-12,05:51:49,maceta2,0,0,100,100,100,,,14.5,46.1,0,0,0,
2026-05-12,05:52:16,maceta1,0,0,100,100,100,,,,,1,0,0,Lectura invalida de DHT
2026-05-12,05:52:16,maceta2,0,0,100,100,100,,,14.5,46.1,0,0,0,
2026-05-12,05:52:43,maceta1,0,0,100,100,100,,,,,1,0,0,Lectura invalida de DHT
2026-05-12,05:52:43,maceta2,0,0,100,100,100,,,14.5,46.1,0,0,0,
2026-05-12,05:53:10,maceta1,0,0,100,100,100,,,,,1,0,0,Lectura invalida de DHT
2026-05-12,05:53:10,maceta2,0,0,100,100,100,,,14.5,46.1,0,0,0,
2026-05-12,05:53:36,maceta1,0,0,100,100,100,,,,,1,0,0,Lectura invalida de DHT
2026-05-12,05:53:36,maceta2,0,0,100,100,100,,,14.5,46.1,0,0,0,
2026-05-12,05:54:03,maceta1,0,0,100,100,100,,,,,1,0,0,Lectura invalida de DHT
2026-05-12,05:54:03,maceta2,0,0,100,100,100,,,14.5,46.1,0,0,0,
2026-05-12,05:54:30,maceta1,0,0,100,100,100,,,,,1,0,0,Lectura invalida de DHT
2026-05-12,05:54:30,maceta2,0,0,100,100,100,,,14.4,46.1,0,0,0,
2026-05-12,05:54:57,maceta1,0,0,100,100,100,,,,,1,0,0,Lectura invalida de DHT
2026-05-12,05:54:57,maceta2,0,0,100,100,100,,,14.5,46.1,0,0,0,
2026-05-12,05:55:23,maceta1,0,0,100,100,100,,,,,1,0,0,Lectura invalida de DHT
2026-05-12,05:55:23,maceta2,0,0,100,100,100,,,,,0,0,0,Lectura invalida de DHT
2026-05-12,05:55:50,maceta1,0,0,100,100,100,,,,,1,0,0,Lectura invalida de DHT
2026-05-12,05:55:50,maceta2,0,0,100,100,100,,,14.5,46.1,0,0,0,
2026-05-12,05:56:17,maceta1,0,0,100,100,100,,,,,1,0,0,Lectura invalida de DHT
2026-05-12,05:56:17,maceta2,0,0,100,100,100,,,14.5,46.1,0,0,0,
2026-05-12,05:56:44,maceta1,0,0,100,100,100,,,,,1,0,0,Lectura invalida de DHT
2026-05-12,05:56:44,maceta2,0,0,100,100,100,,,,,0,0,0,Lectura invalida de DHT
2026-05-12,05:57:10,maceta1,0,0,100,100,100,,,,,1,0,0,Lectura invalida de DHT
2026-05-12,05:57:10,maceta2,0,0,100,100,100,,,,,0,0,0,Lectura invalida de DHT
2026-05-12,05:57:37,maceta1,0,0,100,100,100,,,,,1,0,0,Lectura invalida de DHT
2026-05-12,05:57:37,maceta2,0,0,100,100,100,,,14.5,46.1,0,0,0,
2026-05-12,05:58:04,maceta1,0,0,100,100,100,,,,,1,0,0,Lectura invalida de DHT
2026-05-12,05:58:04,maceta2,0,0,100,100,100,,,14.5,46.1,0,0,0,
2026-05-12,05:58:31,maceta1,0,0,100,100,100,,,,,1,0,0,Lectura invalida de DHT
2026-05-12,05:58:31,maceta2,0,0,100,100,100,,,14.4,46.1,0,0,0,
2026-05-12,05:58:58,maceta1,0,0,100,100,100,,,,,1,0,0,Lectura invalida de DHT
2026-05-12,05:58:58,maceta2,0,0,100,100,100,,,,,0,0,0,Lectura invalida de DHT
2026-05-12,05:59:24,maceta1,0,0,100,100,100,,,,,1,0,0,Lectura invalida de DHT
2026-05-12,05:59:24,maceta2,0,0,100,100,100,,,,,0,0,0,Lectura invalida de DHT
2026-05-12,05:59:51,maceta1,0,0,100,100,100,,,,,1,0,0,Lectura invalida de DHT
2026-05-12,05:59:51,maceta2,0,0,100,100,100,,,14.4,46.1,0,0,0,
2026-05-12,06:00:18,maceta1,0,0,100,100,100,,,,,1,0,0,Lectura invalida de DHT
2026-05-12,06:00:18,maceta2,0,0,100,100,100,,,14.4,46.1,0,0,0,
2026-05-12,06:00:45,maceta1,0,0,100,100,100,,,,,1,0,0,Lectura invalida de DHT
2026-05-12,06:00:45,maceta2,0,0,100,100,100,,,,,0,0,0,Lectura invalida de DHT
2026-05-12,06:01:11,maceta1,0,0,100,100,100,,,,,1,0,0,Lectura invalida de DHT
2026-05-12,06:01:11,maceta2,0,0,100,100,100,,,14.4,46.1,0,0,0,
2026-05-12,06:01:38,maceta1,0,0,100,100,100,,,,,1,0,0,Lectura invalida de DHT
2026-05-12,06:01:38,maceta2,0,0,100,100,100,,,14.4,46.2,0,0,0,
2026-05-12,06:02:05,maceta1,0,0,100,100,100,,,,,1,0,0,Lectura invalida de DHT
2026-05-12,06:02:05,maceta2,0,0,100,100,100,,,,,0,0,0,Lectura invalida de DHT
2026-05-12,06:02:32,maceta1,0,0,100,100,100,,,,,1,0,0,Lectura invalida de DHT
2026-05-12,06:02:32,maceta2,0,0,100,100,100,,,14.4,46.1,0,0,0,
2026-05-12,06:02:58,maceta1,0,0,100,100,100,,,,,1,0,0,Lectura invalida de DHT
2026-05-12,06:02:58,maceta2,0,0,100,100,100,,,14.4,46.2,0,0,0,
2026-05-12,06:03:25,maceta1,0,0,100,100,100,,,,,1,0,0,Lectura invalida de DHT
2026-05-12,06:03:25,maceta2,0,0,100,100,100,,,14.4,46.1,0,0,0,
2026-05-12,06:03:52,maceta1,0,0,100,100,100,,,,,1,0,0,Lectura invalida de DHT
2026-05-12,06:03:52,maceta2,0,0,100,100,100,,,14.4,46.1,0,0,0,
2026-05-12,06:04:19,maceta1,0,0,100,100,100,,,,,1,0,0,Lectura invalida de DHT
2026-05-12,06:04:19,maceta2,0,0,100,100,100,,,14.4,46.1,0,0,0,
2026-05-12,06:04:45,maceta1,0,0,100,100,100,,,,,1,0,0,Lectura invalida de DHT
2026-05-12,06:04:45,maceta2,0,0,100,100,100,,,14.4,46.1,0,0,0,
2026-05-12,06:05:12,maceta1,0,0,100,100,100,,,,,1,0,0,Lectura invalida de DHT
2026-05-12,06:05:12,maceta2,0,0,100,100,100,,,14.4,46.1,0,0,0,
2026-05-12,06:05:39,maceta1,0,0,100,100,100,,,,,1,0,0,Lectura invalida de DHT
2026-05-12,06:05:39,maceta2,0,0,100,100,100,,,14.4,46.2,0,0,0,
2026-05-12,06:06:06,maceta1,0,0,100,100,100,,,,,1,0,0,Lectura invalida de DHT
2026-05-12,06:06:06,maceta2,0,0,100,100,100,,,14.4,46.1,0,0,0,
2026-05-12,06:06:32,maceta1,0,0,100,100,100,,,,,1,0,0,Lectura invalida de DHT
2026-05-12,06:06:32,maceta2,0,0,100,100,100,,,14.4,46.2,0,0,0,
2026-05-12,06:06:59,maceta1,0,0,100,100,100,,,,,1,0,0,Lectura invalida de DHT
2026-05-12,06:06:59,maceta2,0,0,100,100,100,,,14.4,46.1,0,0,0,
2026-05-12,06:07:26,maceta1,0,0,100,100,100,,,,,1,0,0,Lectura invalida de DHT
2026-05-12,06:07:26,maceta2,0,0,100,100,100,,,14.4,46.2,0,0,0,
2026-05-12,06:07:53,maceta1,0,0,100,100,100,,,,,1,0,0,Lectura invalida de DHT
2026-05-12,06:07:53,maceta2,0,0,100,100,100,,,14.4,46.1,0,0,0,
2026-05-12,06:08:19,maceta1,0,0,100,100,100,,,,,1,0,0,Lectura invalida de DHT
2026-05-12,06:08:19,maceta2,0,0,100,100,100,,,14.4,46.1,0,0,0,
2026-05-12,06:08:46,maceta1,0,0,100,100,100,,,,,1,0,0,Lectura invalida de DHT
2026-05-12,06:08:46,maceta2,0,0,100,100,100,,,14.4,46.1,0,0,0,
2026-05-12,06:09:13,maceta1,0,0,100,100,100,,,,,1,0,0,Lectura invalida de DHT
2026-05-12,06:09:13,maceta2,0,0,100,100,100,,,14.4,46.2,0,0,0,
2026-05-12,06:09:40,maceta1,0,0,100,100,100,,,,,1,0,0,Lectura invalida de DHT
2026-05-12,06:09:40,maceta2,0,0,100,100,100,,,,,0,0,0,Lectura invalida de DHT
2026-05-12,06:10:06,maceta1,0,0,100,100,100,,,,,1,0,0,Lectura invalida de DHT
2026-05-12,06:10:06,maceta2,0,0,100,100,100,,,,,0,0,0,Lectura invalida de DHT
2026-05-12,06:10:33,maceta1,0,0,100,100,100,,,,,1,0,0,Lectura invalida de DHT
2026-05-12,06:10:33,maceta2,0,0,100,100,100,,,14.4,46.1,0,0,0,
2026-05-12,06:11:00,maceta1,0,0,100,100,100,,,,,1,0,0,Lectura invalida de DHT
2026-05-12,06:11:00,maceta2,0,0,100,100,100,,,14.4,46.2,0,0,0,
2026-05-12,06:11:26,maceta1,0,0,100,100,100,,,,,1,0,0,Lectura invalida de DHT
2026-05-12,06:11:26,maceta2,0,0,100,100,100,,,14.4,46.1,0,0,0,
2026-05-12,06:11:53,maceta1,0,0,100,100,100,,,,,1,0,0,Lectura invalida de DHT
2026-05-12,06:11:53,maceta2,0,0,100,100,100,,,14.4,46.2,0,0,0,
2026-05-12,06:12:20,maceta1,0,0,100,100,100,,,,,1,0,0,Lectura invalida de DHT
2026-05-12,06:12:20,maceta2,0,0,100,100,100,,,14.4,46.2,0,0,0,
2026-05-12,06:12:47,maceta1,0,0,100,100,100,,,,,1,0,0,Lectura invalida de DHT
2026-05-12,06:12:47,maceta2,0,0,100,100,100,,,14.4,46.2,0,0,0,
2026-05-12,06:13:13,maceta1,0,0,100,100,100,,,,,1,0,0,Lectura invalida de DHT
2026-05-12,06:13:13,maceta2,0,0,100,100,100,,,,,0,0,0,Lectura invalida de DHT
2026-05-12,06:13:40,maceta1,0,0,100,100,100,,,,,1,0,0,Lectura invalida de DHT
2026-05-12,06:13:40,maceta2,0,0,100,100,100,,,14.4,46.2,0,0,0,
2026-05-12,06:14:07,maceta1,0,0,100,100,100,,,,,1,0,0,Lectura invalida de DHT
2026-05-12,06:14:07,maceta2,0,0,100,100,100,,,,,0,0,0,Lectura invalida de DHT
2026-05-12,06:14:34,maceta1,0,0,100,100,100,,,,,1,0,0,Lectura invalida de DHT
2026-05-12,06:14:34,maceta2,0,0,100,100,100,,,14.4,46.2,0,0,0,
2026-05-12,06:15:00,maceta1,0,0,100,100,100,,,,,1,0,0,Lectura invalida de DHT
2026-05-12,06:15:00,maceta2,0,0,100,100,100,,,,,0,0,0,Lectura invalida de DHT
2026-05-12,06:15:27,maceta1,0,0,100,100,100,,,,,1,0,0,Lectura invalida de DHT
2026-05-12,06:15:27,maceta2,0,0,100,100,100,,,14.4,46.2,0,0,0,
2026-05-12,06:15:54,maceta1,0,0,100,100,100,,,,,1,0,0,Lectura invalida de DHT
2026-05-12,06:15:54,maceta2,0,0,100,100,100,,,14.4,46.2,0,0,0,
2026-05-12,06:16:21,maceta1,0,0,100,100,100,,,,,1,0,0,Lectura invalida de DHT
2026-05-12,06:16:21,maceta2,0,0,100,100,100,,,14.4,46.2,0,0,0,
2026-05-12,06:16:48,maceta1,0,0,100,100,100,,,,,1,0,0,Lectura invalida de DHT
2026-05-12,06:16:48,maceta2,0,0,100,100,100,,,14.4,46.2,0,0,0,
2026-05-12,06:17:14,maceta1,0,0,100,100,100,,,,,1,0,0,Lectura invalida de DHT
2026-05-12,06:17:14,maceta2,0,0,100,100,100,,,,,0,0,0,Lectura invalida de DHT
2026-05-12,06:17:41,maceta1,0,0,100,100,100,,,,,1,0,0,Lectura invalida de DHT
2026-05-12,06:17:41,maceta2,0,0,100,100,100,,,14.4,46.2,0,0,0,
2026-05-12,06:18:08,maceta1,0,0,100,100,100,,,,,1,0,0,Lectura invalida de DHT
2026-05-12,06:18:08,maceta2,0,0,100,100,100,,,14.4,46.2,0,0,0,
2026-05-12,06:18:35,maceta1,0,0,100,100,100,,,,,1,0,0,Lectura invalida de DHT
2026-05-12,06:18:35,maceta2,0,0,100,100,100,,,,,0,0,0,Lectura invalida de DHT
2026-05-12,06:19:01,maceta1,0,0,100,100,100,,,,,1,0,0,Lectura invalida de DHT
2026-05-12,06:19:01,maceta2,0,0,100,100,100,,,14.4,46.2,0,0,0,
2026-05-12,06:19:28,maceta1,0,0,100,100,100,,,,,1,0,0,Lectura invalida de DHT
2026-05-12,06:19:28,maceta2,0,0,100,100,100,,,14.4,46.2,0,0,0,
2026-05-12,06:19:55,maceta1,0,0,100,100,100,,,,,1,0,0,Lectura invalida de DHT
2026-05-12,06:19:55,maceta2,0,0,100,100,100,,,14.4,46.2,0,0,0,
2026-05-12,06:20:21,maceta1,0,0,100,100,100,,,,,1,0,0,Lectura invalida de DHT
2026-05-12,06:20:21,maceta2,0,0,100,100,100,,,14.4,46.2,0,0,0,
2026-05-12,06:20:48,maceta1,0,0,100,100,100,,,,,1,0,0,Lectura invalida de DHT
2026-05-12,06:20:48,maceta2,0,0,100,100,100,,,14.4,46.2,0,0,0,
2026-05-12,06:21:15,maceta1,0,0,100,100,100,,,,,1,0,0,Lectura invalida de DHT
2026-05-12,06:21:15,maceta2,0,0,100,100,100,,,14.4,46.2,0,0,0,
2026-05-12,06:21:42,maceta1,0,0,100,100,100,,,,,1,0,0,Lectura invalida de DHT
2026-05-12,06:21:42,maceta2,0,0,100,100,100,,,14.4,46.2,0,0,0,
2026-05-12,06:22:08,maceta1,0,0,100,100,100,,,,,1,0,0,Lectura invalida de DHT
2026-05-12,06:22:08,maceta2,0,0,100,100,100,,,14.4,46.2,0,0,0,
2026-05-12,06:22:35,maceta1,0,0,100,100,100,,,,,1,0,0,Lectura invalida de DHT
2026-05-12,06:22:35,maceta2,0,0,100,100,100,,,14.4,46.2,0,0,0,
2026-05-12,06:23:02,maceta1,0,0,100,100,100,,,,,1,0,0,Lectura invalida de DHT
2026-05-12,06:23:02,maceta2,0,0,100,100,100,,,,,0,0,0,Lectura invalida de DHT
2026-05-12,06:23:29,maceta1,0,0,100,100,100,,,,,1,0,0,Lectura invalida de DHT
2026-05-12,06:23:29,maceta2,0,0,100,100,100,,,14.4,46.2,0,0,0,
2026-05-12,06:23:55,maceta1,0,0,100,100,100,,,,,1,0,0,Lectura invalida de DHT
2026-05-12,06:23:55,maceta2,0,0,100,100,100,,,,,0,0,0,Lectura invalida de DHT
2026-05-12,06:24:22,maceta1,0,0,100,100,100,,,,,1,0,0,Lectura invalida de DHT
2026-05-12,06:24:22,maceta2,0,0,100,100,100,,,14.4,46.2,0,0,0,
2026-05-12,06:24:49,maceta1,0,0,100,100,100,,,,,1,0,0,Lectura invalida de DHT
2026-05-12,06:24:49,maceta2,0,0,100,100,100,,,14.4,46.2,0,0,0,
2026-05-12,06:25:16,maceta1,0,0,100,100,100,,,,,1,0,0,Lectura invalida de DHT
2026-05-12,06:25:16,maceta2,0,0,100,100,100,,,,,0,0,0,Lectura invalida de DHT
2026-05-12,06:25:42,maceta1,0,0,100,100,100,,,,,1,0,0,Lectura invalida de DHT
2026-05-12,06:25:42,maceta2,0,0,100,100,100,,,14.4,46.2,0,0,0,
2026-05-12,06:26:09,maceta1,0,0,100,100,100,,,,,1,0,0,Lectura invalida de DHT
2026-05-12,06:26:09,maceta2,0,0,100,100,100,,,14.4,46.2,0,0,0,
2026-05-12,06:26:36,maceta1,0,0,100,100,100,,,,,1,0,0,Lectura invalida de DHT
2026-05-12,06:26:36,maceta2,0,0,100,100,100,,,14.4,46.2,0,0,0,
2026-05-12,06:27:03,maceta1,0,0,100,100,100,,,,,1,0,0,Lectura invalida de DHT
2026-05-12,06:27:03,maceta2,0,0,100,100,100,,,14.4,46.2,0,0,0,
2026-05-12,06:27:29,maceta1,0,0,100,100,100,,,,,1,0,0,Lectura invalida de DHT
2026-05-12,06:27:29,maceta2,0,0,100,100,100,,,14.4,46.2,0,0,0,
2026-05-12,06:27:56,maceta1,0,0,100,100,100,,,,,1,0,0,Lectura invalida de DHT
2026-05-12,06:27:56,maceta2,0,0,100,100,100,,,14.4,46.2,0,0,0,
2026-05-12,06:28:23,maceta1,0,0,100,100,100,,,,,1,0,0,Lectura invalida de DHT
2026-05-12,06:28:23,maceta2,0,0,100,100,100,,,,,0,0,0,Lectura invalida de DHT
2026-05-12,06:28:50,maceta1,0,0,100,100,100,,,,,1,0,0,Lectura invalida de DHT
2026-05-12,06:28:50,maceta2,0,0,100,100,100,,,14.4,46.2,0,0,0,
2026-05-12,06:29:17,maceta1,0,0,100,100,100,,,,,1,0,0,Lectura invalida de DHT
2026-05-12,06:29:17,maceta2,0,0,100,100,100,,,14.4,46.2,0,0,0,
2026-05-12,06:29:43,maceta1,0,0,100,100,100,,,,,1,0,0,Lectura invalida de DHT
2026-05-12,06:29:43,maceta2,0,0,100,100,100,,,14.4,46.2,0,0,0,
2026-05-12,06:30:10,maceta1,0,0,100,100,100,,,,,1,0,0,Lectura invalida de DHT
2026-05-12,06:30:10,maceta2,0,0,100,100,100,,,14.4,46.2,0,0,0,
2026-05-12,06:30:37,maceta1,0,0,100,100,100,,,,,1,0,0,Lectura invalida de DHT
2026-05-12,06:30:37,maceta2,0,0,100,100,100,,,14.3,46.3,0,0,0,
2026-05-12,06:31:03,maceta1,0,0,100,100,100,,,,,1,0,0,Lectura invalida de DHT
2026-05-12,06:31:03,maceta2,0,0,100,100,100,,,14.4,46.2,0,0,0,
2026-05-12,06:31:30,maceta1,0,0,100,100,100,,,,,1,0,0,Lectura invalida de DHT
2026-05-12,06:31:30,maceta2,0,0,100,100,100,,,14.4,46.2,0,0,0,
2026-05-12,06:31:57,maceta1,0,0,100,100,100,,,,,1,0,0,Lectura invalida de DHT
2026-05-12,06:31:57,maceta2,0,0,100,100,100,,,14.4,46.2,0,0,0,
2026-05-12,06:32:24,maceta1,0,0,100,100,100,,,,,1,0,0,Lectura invalida de DHT
2026-05-12,06:32:24,maceta2,0,0,100,100,100,,,14.4,46.3,0,0,0,
2026-05-12,06:32:51,maceta1,0,0,100,100,100,,,,,1,0,0,Lectura invalida de DHT
2026-05-12,06:32:51,maceta2,0,0,100,100,100,,,14.4,46.2,0,0,0,
2026-05-12,06:33:17,maceta1,0,0,100,100,100,,,,,1,0,0,Lectura invalida de DHT
2026-05-12,06:33:17,maceta2,0,0,100,100,100,,,14.4,46.2,0,0,0,
2026-05-12,06:33:44,maceta1,0,0,100,100,100,,,,,1,0,0,Lectura invalida de DHT
2026-05-12,06:33:44,maceta2,0,0,100,100,100,,,14.3,46.2,0,0,0,
2026-05-12,06:34:11,maceta1,0,0,100,100,100,,,,,1,0,0,Lectura invalida de DHT
2026-05-12,06:34:11,maceta2,0,0,100,100,100,,,14.4,46.2,0,0,0,
2026-05-12,06:34:38,maceta1,0,0,100,100,100,,,,,1,0,0,Lectura invalida de DHT
2026-05-12,06:34:38,maceta2,0,0,100,100,100,,,14.3,46.2,0,0,0,
2026-05-12,06:35:04,maceta1,0,0,100,100,100,,,,,1,0,0,Lectura invalida de DHT
2026-05-12,06:35:04,maceta2,0,0,100,100,100,,,14.4,46.2,0,0,0,
2026-05-12,06:35:31,maceta1,0,0,100,100,100,,,,,1,0,0,Lectura invalida de DHT
2026-05-12,06:35:31,maceta2,0,0,100,100,100,,,,,0,0,0,Lectura invalida de DHT
2026-05-12,06:35:58,maceta1,0,0,100,100,100,,,,,1,0,0,Lectura invalida de DHT
2026-05-12,06:35:58,maceta2,0,0,100,100,100,,,,,0,0,0,Lectura invalida de DHT
2026-05-12,06:36:25,maceta1,0,0,100,100,100,,,,,1,0,0,Lectura invalida de DHT
2026-05-12,06:36:25,maceta2,0,0,100,100,100,,,14.3,46.2,0,0,0,
2026-05-12,06:36:51,maceta1,0,0,100,100,100,,,,,1,0,0,Lectura invalida de DHT
2026-05-12,06:36:51,maceta2,0,0,100,100,100,,,14.3,46.3,0,0,0,
2026-05-12,06:37:18,maceta1,0,0,100,100,100,,,,,1,0,0,Lectura invalida de DHT
2026-05-12,06:37:18,maceta2,0,0,100,100,100,,,14.3,46.2,0,0,0,
2026-05-12,06:37:45,maceta1,0,0,100,100,100,,,,,1,0,0,Lectura invalida de DHT
2026-05-12,06:37:45,maceta2,0,0,100,100,100,,,,,0,0,0,Lectura invalida de DHT
2026-05-12,06:38:12,maceta1,0,0,100,100,100,,,,,1,0,0,Lectura invalida de DHT
2026-05-12,06:38:12,maceta2,0,0,100,100,100,,,,,0,0,0,Lectura invalida de DHT
2026-05-12,06:38:38,maceta1,0,0,100,100,100,,,,,1,0,0,Lectura invalida de DHT
2026-05-12,06:38:38,maceta2,0,0,100,100,100,,,14.4,46.2,0,0,0,
2026-05-12,06:39:05,maceta1,0,0,100,100,100,,,,,1,0,0,Lectura invalida de DHT
2026-05-12,06:39:05,maceta2,0,0,100,100,100,,,,,0,0,0,Lectura invalida de DHT
2026-05-12,06:39:32,maceta1,0,0,100,100,100,,,,,1,0,0,Lectura invalida de DHT
2026-05-12,06:39:32,maceta2,0,0,100,100,100,,,14.3,46.2,0,0,0,
2026-05-12,06:39:59,maceta1,0,0,100,100,100,,,,,1,0,0,Lectura invalida de DHT
2026-05-12,06:39:59,maceta2,0,0,100,100,100,,,14.3,46.3,0,0,0,
2026-05-12,06:40:25,maceta1,0,0,100,100,100,,,,,1,0,0,Lectura invalida de DHT
2026-05-12,06:40:25,maceta2,0,0,100,100,100,,,14.4,46.2,0,0,0,
2026-05-12,06:40:52,maceta1,0,0,100,100,100,,,,,1,0,0,Lectura invalida de DHT
2026-05-12,06:40:52,maceta2,0,0,100,100,100,,,,,0,0,0,Lectura invalida de DHT
2026-05-12,06:41:19,maceta1,0,0,100,100,100,,,,,1,0,0,Lectura invalida de DHT
2026-05-12,06:41:19,maceta2,0,0,100,100,100,,,14.3,46.3,0,0,0,
2026-05-12,06:41:46,maceta1,0,0,100,100,100,,,,,1,0,0,Lectura invalida de DHT
2026-05-12,06:41:46,maceta2,0,0,100,100,100,,,14.3,46.3,0,0,0,
2026-05-12,06:42:12,maceta1,0,0,100,100,100,,,,,1,0,0,Lectura invalida de DHT
2026-05-12,06:42:12,maceta2,0,0,100,100,100,,,14.3,46.3,0,0,0,
2026-05-12,06:42:39,maceta1,0,0,100,100,100,,,,,1,0,0,Lectura invalida de DHT
2026-05-12,06:42:39,maceta2,0,0,100,100,100,,,14.3,46.3,0,0,0,
2026-05-12,06:43:06,maceta1,0,0,100,100,100,,,,,1,0,0,Lectura invalida de DHT
2026-05-12,06:43:06,maceta2,0,0,100,100,100,,,14.3,46.3,0,0,0,
2026-05-12,06:43:33,maceta1,0,0,100,100,100,,,,,1,0,0,Lectura invalida de DHT
2026-05-12,06:43:33,maceta2,0,0,100,100,100,,,14.3,46.3,0,0,0,
2026-05-12,06:43:59,maceta1,0,0,100,100,100,,,,,1,0,0,Lectura invalida de DHT
2026-05-12,06:43:59,maceta2,0,0,100,100,100,,,,,0,0,0,Lectura invalida de DHT
2026-05-12,06:44:26,maceta1,0,0,100,100,100,,,,,1,0,0,Lectura invalida de DHT
2026-05-12,06:44:26,maceta2,0,0,100,100,100,,,14.3,46.2,0,0,0,
2026-05-12,06:44:53,maceta1,0,0,100,100,100,,,,,1,0,0,Lectura invalida de DHT
2026-05-12,06:44:53,maceta2,0,0,100,100,100,,,14.3,46.3,0,0,0,
2026-05-12,06:45:25,maceta1,0,0,100,100,100,,,,,1,0,0,Lectura invalida de DHT
2026-05-12,06:45:25,maceta2,0,0,100,100,100,,,14.3,46.3,0,0,0,
2026-05-12,06:45:52,maceta1,0,0,100,100,100,,,,,1,0,0,Lectura invalida de DHT
2026-05-12,06:45:52,maceta2,0,0,100,100,100,,,,,0,0,0,Lectura invalida de DHT
2026-05-12,06:46:19,maceta1,0,0,100,100,100,,,,,1,0,0,Lectura invalida de DHT
2026-05-12,06:46:19,maceta2,0,0,100,100,100,,,14.3,46.3,0,0,0,
2026-05-12,06:46:45,maceta1,0,0,100,100,100,,,,,1,0,0,Lectura invalida de DHT
2026-05-12,06:46:45,maceta2,0,0,100,100,100,,,14.3,46.3,0,0,0,
2026-05-12,06:47:12,maceta1,0,0,100,100,100,,,,,1,0,0,Lectura invalida de DHT
2026-05-12,06:47:12,maceta2,0,0,100,100,100,,,14.3,46.3,0,0,0,
2026-05-12,06:47:39,maceta1,0,0,100,100,100,,,,,1,0,0,Lectura invalida de DHT
2026-05-12,06:47:39,maceta2,0,0,100,100,100,,,,,0,0,0,Lectura invalida de DHT
2026-05-12,06:48:06,maceta1,0,0,100,100,100,,,,,1,0,0,Lectura invalida de DHT
2026-05-12,06:48:06,maceta2,0,0,100,100,100,,,14.3,46.3,0,0,0,
2026-05-12,06:48:32,maceta1,0,0,100,100,100,,,,,1,0,0,Lectura invalida de DHT
2026-05-12,06:48:32,maceta2,0,0,100,100,100,,,14.3,46.3,0,0,0,
2026-05-12,06:48:59,maceta1,0,0,100,100,100,,,,,1,0,0,Lectura invalida de DHT
2026-05-12,06:48:59,maceta2,0,0,100,100,100,,,14.3,46.3,0,0,0,
2026-05-12,06:49:26,maceta1,0,0,100,100,100,,,,,1,0,0,Lectura invalida de DHT
2026-05-12,06:49:26,maceta2,0,0,100,100,100,,,14.3,46.3,0,0,0,
2026-05-12,06:49:53,maceta1,0,0,100,100,100,,,,,1,0,0,Lectura invalida de DHT
2026-05-12,06:49:53,maceta2,0,0,100,100,100,,,14.3,46.3,0,0,0,
2026-05-12,06:50:20,maceta1,0,0,100,100,100,,,,,1,0,0,Lectura invalida de DHT
2026-05-12,06:50:20,maceta2,0,0,100,100,100,,,14.3,46.3,0,0,0,
2026-05-12,06:50:46,maceta1,0,0,100,100,100,,,,,1,0,0,Lectura invalida de DHT
2026-05-12,06:50:46,maceta2,0,0,100,100,100,,,14.3,46.3,0,0,0,
2026-05-12,06:51:13,maceta1,0,0,100,100,100,,,,,1,0,0,Lectura invalida de DHT
2026-05-12,06:51:13,maceta2,0,0,100,100,100,,,14.3,46.3,0,0,0,
2026-05-12,06:51:40,maceta1,0,0,100,100,100,,,,,1,0,0,Lectura invalida de DHT
2026-05-12,06:51:40,maceta2,0,0,100,100,100,,,14.3,46.3,0,0,0,
2026-05-12,06:52:07,maceta1,0,0,100,100,100,,,,,1,0,0,Lectura invalida de DHT
2026-05-12,06:52:07,maceta2,0,0,100,100,100,,,,,0,0,0,Lectura invalida de DHT
2026-05-12,06:52:33,maceta1,0,0,100,100,100,,,,,1,0,0,Lectura invalida de DHT
2026-05-12,06:52:33,maceta2,0,0,100,100,100,,,14.3,46.3,0,0,0,
2026-05-12,06:53:00,maceta1,0,0,100,100,100,,,,,1,0,0,Lectura invalida de DHT
2026-05-12,06:53:00,maceta2,0,0,100,100,100,,,14.3,46.3,0,0,0,
2026-05-12,06:53:27,maceta1,0,0,100,100,100,,,,,1,0,0,Lectura invalida de DHT
2026-05-12,06:53:27,maceta2,0,0,100,100,100,,,,,0,0,0,Lectura invalida de DHT
2026-05-12,06:53:54,maceta1,0,0,100,100,100,,,,,1,0,0,Lectura invalida de DHT
2026-05-12,06:53:54,maceta2,0,0,100,100,100,,,14.3,46.4,0,0,0,
2026-05-12,06:54:20,maceta1,0,0,100,100,100,,,,,1,0,0,Lectura invalida de DHT
2026-05-12,06:54:20,maceta2,0,0,100,100,100,,,,,0,0,0,Lectura invalida de DHT
2026-05-12,06:54:47,maceta1,0,0,100,100,100,,,,,1,0,0,Lectura invalida de DHT
2026-05-12,06:54:47,maceta2,0,0,100,100,100,,,14.3,46.3,0,0,0,
2026-05-12,06:55:14,maceta1,0,0,100,100,100,,,,,1,0,0,Lectura invalida de DHT
2026-05-12,06:55:14,maceta2,0,0,100,100,100,,,,,0,0,0,Lectura invalida de DHT
2026-05-12,06:55:41,maceta1,0,0,100,100,100,,,,,1,0,0,Lectura invalida de DHT
2026-05-12,06:55:41,maceta2,0,0,100,100,100,,,14.3,46.4,0,0,0,
2026-05-12,06:56:07,maceta1,0,0,100,100,100,,,,,1,0,0,Lectura invalida de DHT
2026-05-12,06:56:07,maceta2,0,0,100,100,100,,,14.3,46.3,0,0,0,
2026-05-12,06:56:34,maceta1,0,0,100,100,100,,,,,1,0,0,Lectura invalida de DHT
2026-05-12,06:56:34,maceta2,0,0,100,100,100,,,14.3,46.3,0,0,0,
2026-05-12,06:57:01,maceta1,0,0,100,100,100,,,,,1,0,0,Lectura invalida de DHT
2026-05-12,06:57:01,maceta2,0,0,100,100,100,,,14.3,46.4,0,0,0,
2026-05-12,06:57:28,maceta1,0,0,100,100,100,,,,,1,0,0,Lectura invalida de DHT
2026-05-12,06:57:28,maceta2,0,0,100,100,100,,,14.3,46.3,0,0,0,
2026-05-12,06:57:55,maceta1,0,0,100,100,100,,,,,1,0,0,Lectura invalida de DHT
2026-05-12,06:57:55,maceta2,0,0,100,100,100,,,14.3,46.4,0,0,0,
2026-05-12,06:58:21,maceta1,0,0,100,100,100,,,,,1,0,0,Lectura invalida de DHT
2026-05-12,06:58:21,maceta2,0,0,100,100,100,,,,,0,0,0,Lectura invalida de DHT
2026-05-12,06:58:48,maceta1,0,0,100,100,100,,,,,1,0,0,Lectura invalida de DHT
2026-05-12,06:58:48,maceta2,0,0,100,100,100,,,14.3,46.4,0,0,0,
2026-05-12,06:59:15,maceta1,0,0,100,100,100,,,,,1,0,0,Lectura invalida de DHT
2026-05-12,06:59:15,maceta2,0,0,100,100,100,,,14.3,46.4,0,0,0,
2026-05-12,06:59:42,maceta1,0,0,100,100,100,,,,,1,0,0,Lectura invalida de DHT
2026-05-12,06:59:42,maceta2,0,0,100,100,100,,,14.3,46.4,0,0,0,
2026-05-12,07:00:08,maceta1,0,0,100,100,100,,,,,1,0,0,Lectura invalida de DHT
2026-05-12,07:00:08,maceta2,0,0,100,100,100,,,14.3,46.4,0,0,0,
2026-05-12,07:00:35,maceta1,0,0,100,100,100,,,,,1,0,0,Lectura invalida de DHT
2026-05-12,07:00:35,maceta2,0,0,100,100,100,,,,,0,0,0,Lectura invalida de DHT
2026-05-12,07:01:02,maceta1,0,0,100,100,100,,,,,1,0,0,Lectura invalida de DHT
2026-05-12,07:01:02,maceta2,0,0,100,100,100,,,14.3,46.4,0,0,0,
2026-05-12,07:01:29,maceta1,0,0,100,100,100,,,,,1,0,0,Lectura invalida de DHT
2026-05-12,07:01:29,maceta2,0,0,100,100,100,,,14.3,46.4,0,0,0,
2026-05-12,07:01:55,maceta1,0,0,100,100,100,,,,,1,0,0,Lectura invalida de DHT
2026-05-12,07:01:55,maceta2,0,0,100,100,100,,,14.3,46.3,0,0,0,
2026-05-12,07:02:22,maceta1,0,0,100,100,100,,,,,1,0,0,Lectura invalida de DHT
2026-05-12,07:02:22,maceta2,0,0,100,100,100,,,,,0,0,0,Lectura invalida de DHT
2026-05-12,07:02:49,maceta1,0,0,100,100,100,,,,,1,0,0,Lectura invalida de DHT
2026-05-12,07:02:49,maceta2,0,0,100,100,100,,,14.3,46.4,0,0,0,
2026-05-12,07:03:16,maceta1,0,0,100,100,100,,,,,1,0,0,Lectura invalida de DHT
2026-05-12,07:03:16,maceta2,0,0,100,100,100,,,14.3,46.4,0,0,0,
2026-05-12,07:03:42,maceta1,0,0,100,100,100,,,,,1,0,0,Lectura invalida de DHT
2026-05-12,07:03:42,maceta2,0,0,100,100,100,,,14.3,46.4,0,0,0,
2026-05-12,07:04:09,maceta1,0,0,100,100,100,,,,,1,0,0,Lectura invalida de DHT
2026-05-12,07:04:09,maceta2,0,0,100,100,100,,,,,0,0,0,Lectura invalida de DHT
2026-05-12,07:04:36,maceta1,0,0,100,100,100,,,,,1,0,0,Lectura invalida de DHT
2026-05-12,07:04:36,maceta2,0,0,100,100,100,,,14.3,46.4,0,0,0,
2026-05-12,07:05:03,maceta1,0,0,100,100,100,,,,,1,0,0,Lectura invalida de DHT
2026-05-12,07:05:03,maceta2,0,0,100,100,100,,,14.3,46.4,0,0,0,
2026-05-12,07:05:29,maceta1,0,0,100,100,100,,,,,1,0,0,Lectura invalida de DHT
2026-05-12,07:05:29,maceta2,0,0,100,100,100,,,14.3,46.4,0,0,0,
2026-05-12,07:05:56,maceta1,0,0,100,100,100,,,,,1,0,0,Lectura invalida de DHT
2026-05-12,07:05:56,maceta2,0,0,100,100,100,,,14.2,46.4,0,0,0,
2026-05-12,07:06:23,maceta1,0,0,100,100,100,,,,,1,0,0,Lectura invalida de DHT
2026-05-12,07:06:23,maceta2,0,0,100,100,100,,,14.3,46.4,0,0,0,
2026-05-12,07:06:50,maceta1,0,0,100,100,100,,,,,1,0,0,Lectura invalida de DHT
2026-05-12,07:06:50,maceta2,0,0,100,100,100,,,,,0,0,0,Lectura invalida de DHT
2026-05-12,07:07:17,maceta1,0,0,100,100,100,,,,,1,0,0,Lectura invalida de DHT
2026-05-12,07:07:17,maceta2,0,0,100,100,100,,,14.2,46.4,0,0,0,
2026-05-12,07:07:43,maceta1,0,0,100,100,100,,,,,1,0,0,Lectura invalida de DHT
2026-05-12,07:07:43,maceta2,0,0,100,100,100,,,14.2,46.4,0,0,0,
2026-05-12,07:08:10,maceta1,0,0,100,100,100,,,,,1,0,0,Lectura invalida de DHT
2026-05-12,07:08:10,maceta2,0,0,100,100,100,,,,,0,0,0,Lectura invalida de DHT
2026-05-12,07:08:37,maceta1,0,0,100,100,100,,,,,1,0,0,Lectura invalida de DHT
2026-05-12,07:08:37,maceta2,0,0,100,100,100,,,,,0,0,0,Lectura invalida de DHT
2026-05-12,07:09:04,maceta1,0,0,100,100,100,,,,,1,0,0,Lectura invalida de DHT
2026-05-12,07:09:04,maceta2,0,0,100,100,100,,,14.2,46.4,0,0,0,
2026-05-12,07:09:30,maceta1,0,0,100,100,100,,,,,1,0,0,Lectura invalida de DHT
2026-05-12,07:09:30,maceta2,0,0,100,100,100,,,14.2,46.4,0,0,0,
2026-05-12,07:09:57,maceta1,0,0,100,100,100,,,,,1,0,0,Lectura invalida de DHT
2026-05-12,07:09:57,maceta2,0,0,100,100,100,,,14.2,46.4,0,0,0,
2026-05-12,07:10:24,maceta1,0,0,100,100,100,,,,,1,0,0,Lectura invalida de DHT
2026-05-12,07:10:24,maceta2,0,0,100,100,100,,,14.2,46.4,0,0,0,
2026-05-12,07:10:51,maceta1,0,0,100,100,100,,,,,1,0,0,Lectura invalida de DHT
2026-05-12,07:10:51,maceta2,0,0,100,100,100,,,,,0,0,0,Lectura invalida de DHT
2026-05-12,07:11:17,maceta1,0,0,100,100,100,,,,,1,0,0,Lectura invalida de DHT
2026-05-12,07:11:17,maceta2,0,0,100,100,100,,,14.2,46.4,0,0,0,
2026-05-12,07:11:44,maceta1,0,0,100,100,100,,,,,1,0,0,Lectura invalida de DHT
2026-05-12,07:11:44,maceta2,0,0,100,100,100,,,14.2,46.4,0,0,0,
2026-05-12,07:12:11,maceta1,0,0,100,100,100,,,,,1,0,0,Lectura invalida de DHT
2026-05-12,07:12:11,maceta2,0,0,100,100,100,,,14.2,46.4,0,0,0,
2026-05-12,07:12:38,maceta1,0,0,100,100,100,,,,,1,0,0,Lectura invalida de DHT
2026-05-12,07:12:38,maceta2,0,0,100,100,100,,,14.2,46.4,0,0,0,
2026-05-12,07:13:04,maceta1,0,0,100,100,100,,,,,1,0,0,Lectura invalida de DHT
2026-05-12,07:13:04,maceta2,0,0,100,100,100,,,14.2,46.4,0,0,0,
2026-05-12,07:13:31,maceta1,0,0,100,100,100,,,,,1,0,0,Lectura invalida de DHT
2026-05-12,07:13:31,maceta2,0,0,100,100,100,,,14.2,46.4,0,0,0,
2026-05-12,07:13:58,maceta1,0,0,100,100,100,,,,,1,0,0,Lectura invalida de DHT
2026-05-12,07:13:58,maceta2,0,0,100,100,100,,,,,0,0,0,Lectura invalida de DHT
2026-05-12,07:14:25,maceta1,0,0,100,100,100,,,,,1,0,0,Lectura invalida de DHT
2026-05-12,07:14:25,maceta2,0,0,100,100,100,,,14.2,46.4,0,0,0,
2026-05-12,07:14:51,maceta1,0,0,100,100,100,,,,,1,0,0,Lectura invalida de DHT
2026-05-12,07:14:51,maceta2,0,0,100,100,100,,,,,0,0,0,Lectura invalida de DHT
2026-05-12,07:15:18,maceta1,0,0,100,100,100,,,,,1,0,0,Lectura invalida de DHT
2026-05-12,07:15:18,maceta2,0,0,100,100,100,,,14.2,46.4,0,0,0,
2026-05-12,07:15:45,maceta1,0,0,100,100,100,,,,,1,0,0,Lectura invalida de DHT
2026-05-12,07:15:45,maceta2,0,0,100,100,100,,,14.2,46.4,0,0,0,
2026-05-12,07:16:12,maceta1,0,0,100,100,100,,,,,1,0,0,Lectura invalida de DHT
2026-05-12,07:16:12,maceta2,0,0,100,100,100,,,14.2,46.4,0,0,0,
2026-05-12,07:16:38,maceta1,0,0,100,100,100,,,,,1,0,0,Lectura invalida de DHT
2026-05-12,07:16:38,maceta2,0,0,100,100,100,,,14.2,46.4,0,0,0,
2026-05-12,07:17:05,maceta1,0,0,100,100,100,,,,,1,0,0,Lectura invalida de DHT
2026-05-12,07:17:05,maceta2,0,0,100,100,100,,,14.2,46.5,0,0,0,
2026-05-12,07:17:32,maceta1,0,0,100,100,100,,,,,1,0,0,Lectura invalida de DHT
2026-05-12,07:17:32,maceta2,0,0,100,100,100,,,,,0,0,0,Lectura invalida de DHT
2026-05-12,07:17:59,maceta1,0,0,100,100,100,,,,,1,0,0,Lectura invalida de DHT
2026-05-12,07:17:59,maceta2,0,0,100,100,100,,,14.2,46.5,0,0,0,
2026-05-12,07:18:25,maceta1,0,0,100,100,100,,,,,1,0,0,Lectura invalida de DHT
2026-05-12,07:18:25,maceta2,0,0,100,100,100,,,14.2,46.5,0,0,0,
2026-05-12,07:18:52,maceta1,0,0,100,100,100,,,,,1,0,0,Lectura invalida de DHT
2026-05-12,07:18:52,maceta2,0,0,100,100,100,,,14.2,46.4,0,0,0,
2026-05-12,07:19:19,maceta1,0,0,100,100,100,,,,,1,0,0,Lectura invalida de DHT
2026-05-12,07:19:19,maceta2,0,0,100,100,100,,,14.2,46.4,0,0,0,
2026-05-12,07:19:46,maceta1,0,0,100,100,100,,,,,1,0,0,Lectura invalida de DHT
2026-05-12,07:19:46,maceta2,0,0,100,100,100,,,,,0,0,0,Lectura invalida de DHT
2026-05-12,07:20:12,maceta1,0,0,100,100,100,,,,,1,0,0,Lectura invalida de DHT
2026-05-12,07:20:12,maceta2,0,0,100,100,100,,,14.2,46.4,0,0,0,
2026-05-12,07:20:39,maceta1,0,0,100,100,100,,,,,1,0,0,Lectura invalida de DHT
2026-05-12,07:20:39,maceta2,0,0,100,100,100,,,14.2,46.4,0,0,0,
2026-05-12,07:21:06,maceta1,0,0,100,100,100,,,,,1,0,0,Lectura invalida de DHT
2026-05-12,07:21:06,maceta2,0,0,100,100,100,,,,,0,0,0,Lectura invalida de DHT
2026-05-12,07:21:33,maceta1,0,0,100,100,100,,,,,1,0,0,Lectura invalida de DHT
2026-05-12,07:21:33,maceta2,0,0,100,100,100,,,14.2,46.5,0,0,0,
2026-05-12,07:22:00,maceta1,0,0,100,100,100,,,,,1,0,0,Lectura invalida de DHT
2026-05-12,07:22:00,maceta2,0,0,100,100,100,,,14.2,46.5,0,0,0,
2026-05-12,07:22:26,maceta1,0,0,100,100,100,,,,,1,0,0,Lectura invalida de DHT
2026-05-12,07:22:26,maceta2,0,0,100,100,100,,,14.2,46.5,0,0,0,
2026-05-12,07:22:53,maceta1,0,0,100,100,100,,,,,1,0,0,Lectura invalida de DHT
2026-05-12,07:22:53,maceta2,0,0,100,100,100,,,14.2,46.4,0,0,0,
2026-05-12,07:23:20,maceta1,0,0,100,100,100,,,,,1,0,0,Lectura invalida de DHT
2026-05-12,07:23:20,maceta2,0,0,100,100,100,,,14.2,46.5,0,0,0,
2026-05-12,07:23:47,maceta1,0,0,100,100,100,,,,,1,0,0,Lectura invalida de DHT
2026-05-12,07:23:47,maceta2,0,0,100,100,100,,,,,0,0,0,Lectura invalida de DHT
2026-05-12,07:24:13,maceta1,0,0,100,100,100,,,,,1,0,0,Lectura invalida de DHT
2026-05-12,07:24:13,maceta2,0,0,100,100,100,,,14.2,46.4,0,0,0,
2026-05-12,07:24:40,maceta1,0,0,100,100,100,,,,,1,0,0,Lectura invalida de DHT
2026-05-12,07:24:40,maceta2,0,0,100,100,100,,,14.2,46.5,0,0,0,
2026-05-12,07:25:07,maceta1,0,0,100,100,100,,,,,1,0,0,Lectura invalida de DHT
2026-05-12,07:25:07,maceta2,0,0,100,100,100,,,14.2,46.4,0,0,0,
2026-05-12,07:25:34,maceta1,0,0,100,100,100,,,,,1,0,0,Lectura invalida de DHT
2026-05-12,07:25:34,maceta2,0,0,100,100,100,,,,,0,0,0,Lectura invalida de DHT
2026-05-12,07:26:00,maceta1,0,0,100,100,100,,,,,1,0,0,Lectura invalida de DHT
2026-05-12,07:26:00,maceta2,0,0,100,100,100,,,14.2,46.4,0,0,0,
2026-05-12,07:26:27,maceta1,0,0,100,100,100,,,,,1,0,0,Lectura invalida de DHT
2026-05-12,07:26:27,maceta2,0,0,100,100,100,,,14.2,46.4,0,0,0,
2026-05-12,07:26:54,maceta1,0,0,100,100,100,,,,,1,0,0,Lectura invalida de DHT
2026-05-12,07:26:54,maceta2,0,0,100,100,100,,,14.2,46.4,0,0,0,
2026-05-12,07:27:21,maceta1,0,0,100,100,100,,,,,1,0,0,Lectura invalida de DHT
2026-05-12,07:27:21,maceta2,0,0,100,100,100,,,,,0,0,0,Lectura invalida de DHT
2026-05-12,07:27:47,maceta1,0,0,100,100,100,,,,,1,0,0,Lectura invalida de DHT
2026-05-12,07:27:47,maceta2,0,0,100,100,100,,,14.2,46.4,0,0,0,
2026-05-12,07:28:14,maceta1,0,0,100,100,100,,,,,1,0,0,Lectura invalida de DHT
2026-05-12,07:28:14,maceta2,0,0,100,100,100,,,14.2,46.4,0,0,0,
2026-05-12,07:28:41,maceta1,0,0,100,100,100,,,,,1,0,0,Lectura invalida de DHT
2026-05-12,07:28:41,maceta2,0,0,100,100,100,,,14.2,46.4,0,0,0,
2026-05-12,07:29:08,maceta1,0,0,100,100,100,,,,,1,0,0,Lectura invalida de DHT
2026-05-12,07:29:08,maceta2,0,0,100,100,100,,,14.2,46.4,0,0,0,
2026-05-12,07:29:34,maceta1,0,0,100,100,100,,,,,1,0,0,Lectura invalida de DHT
2026-05-12,07:29:34,maceta2,0,0,100,100,100,,,14.2,46.4,0,0,0,
2026-05-12,07:30:01,maceta1,0,0,100,100,100,,,,,1,0,0,Lectura invalida de DHT
2026-05-12,07:30:01,maceta2,0,0,100,100,100,,,,,0,0,0,Lectura invalida de DHT
2026-05-12,07:30:28,maceta1,0,0,100,100,100,,,,,1,0,0,Lectura invalida de DHT
2026-05-12,07:30:28,maceta2,0,0,100,100,100,,,,,0,0,0,Lectura invalida de DHT
2026-05-12,07:30:55,maceta1,0,0,100,100,100,,,,,1,0,0,Lectura invalida de DHT
2026-05-12,07:30:55,maceta2,0,0,100,100,100,,,14.2,46.4,0,0,0,
2026-05-12,07:31:21,maceta1,0,0,100,100,100,,,,,1,0,0,Lectura invalida de DHT
2026-05-12,07:31:21,maceta2,0,0,100,100,100,,,,,0,0,0,Lectura invalida de DHT
2026-05-12,07:31:48,maceta1,0,0,100,100,100,,,,,1,0,0,Lectura invalida de DHT
2026-05-12,07:31:48,maceta2,0,0,100,100,100,,,14.2,46.5,0,0,0,
2026-05-12,07:32:15,maceta1,0,0,100,100,100,,,,,1,0,0,Lectura invalida de DHT
2026-05-12,07:32:15,maceta2,0,0,100,100,100,,,14.2,46.4,0,0,0,
2026-05-12,07:32:42,maceta1,0,0,100,100,100,,,,,1,0,0,Lectura invalida de DHT
2026-05-12,07:32:42,maceta2,0,0,100,100,100,,,,,0,0,0,Lectura invalida de DHT
2026-05-12,07:33:09,maceta1,0,0,100,100,100,,,,,1,0,0,Lectura invalida de DHT
2026-05-12,07:33:09,maceta2,0,0,100,100,100,,,14.2,46.4,0,0,0,
2026-05-12,07:33:35,maceta1,0,0,100,100,100,,,,,1,0,0,Lectura invalida de DHT
2026-05-12,07:33:35,maceta2,0,0,100,100,100,,,,,0,0,0,Lectura invalida de DHT
2026-05-12,07:34:02,maceta1,0,0,100,100,100,,,,,1,0,0,Lectura invalida de DHT
2026-05-12,07:34:02,maceta2,0,0,100,100,100,,,14.1,46.4,0,0,0,
2026-05-12,07:34:30,maceta1,0,0,100,100,100,,,,,1,0,0,Lectura invalida de DHT
2026-05-12,07:34:30,maceta2,0,0,100,100,100,,,14.2,46.4,0,0,0,
2026-05-12,07:34:56,maceta1,0,0,100,100,100,,,,,1,0,0,Lectura invalida de DHT
2026-05-12,07:34:56,maceta2,0,0,100,100,100,,,14.2,46.4,0,0,0,
2026-05-12,07:35:23,maceta1,0,0,100,100,100,,,,,1,0,0,Lectura invalida de DHT
2026-05-12,07:35:23,maceta2,0,0,100,100,100,,,14.2,46.4,0,0,0,
2026-05-12,07:35:50,maceta1,0,0,100,100,100,,,,,1,0,0,Lectura invalida de DHT
2026-05-12,07:35:50,maceta2,0,0,100,100,100,,,,,0,0,0,Lectura invalida de DHT
2026-05-12,07:36:17,maceta1,0,0,100,100,100,,,,,1,0,0,Lectura invalida de DHT
2026-05-12,07:36:17,maceta2,0,0,100,100,100,,,14.2,46.4,0,0,0,
2026-05-12,07:36:43,maceta1,0,0,100,100,100,,,,,1,0,0,Lectura invalida de DHT
2026-05-12,07:36:43,maceta2,0,0,100,100,100,,,14.1,46.4,0,0,0,
2026-05-12,07:37:10,maceta1,0,0,100,100,100,,,,,1,0,0,Lectura invalida de DHT
2026-05-12,07:37:10,maceta2,0,0,100,100,100,,,14.1,46.4,0,0,0,
2026-05-12,07:37:37,maceta1,0,0,100,100,100,,,,,1,0,0,Lectura invalida de DHT
2026-05-12,07:37:37,maceta2,0,0,100,100,100,,,14.2,46.4,0,0,0,
2026-05-12,07:38:04,maceta1,0,0,100,100,100,,,,,1,0,0,Lectura invalida de DHT
2026-05-12,07:38:04,maceta2,0,0,100,100,100,,,14.1,46.4,0,0,0,
2026-05-12,07:38:30,maceta1,0,0,100,100,100,,,,,1,0,0,Lectura invalida de DHT
2026-05-12,07:38:30,maceta2,0,0,100,100,100,,,14.2,46.4,0,0,0,
2026-05-12,07:38:57,maceta1,0,0,100,100,100,,,,,1,0,0,Lectura invalida de DHT
2026-05-12,07:38:57,maceta2,0,0,100,100,100,,,,,0,0,0,Lectura invalida de DHT
2026-05-12,07:39:24,maceta1,0,0,100,100,100,,,,,1,0,0,Lectura invalida de DHT
2026-05-12,07:39:24,maceta2,0,0,100,100,100,,,14.1,46.5,0,0,0,
2026-05-12,07:39:51,maceta1,0,0,100,100,100,,,,,1,0,0,Lectura invalida de DHT
2026-05-12,07:39:51,maceta2,0,0,100,100,100,,,14.1,46.5,0,0,0,
2026-05-12,07:40:17,maceta1,0,0,100,100,100,,,,,1,0,0,Lectura invalida de DHT
2026-05-12,07:40:17,maceta2,0,0,100,100,100,,,14.1,46.5,0,0,0,
2026-05-12,07:40:44,maceta1,0,0,100,100,100,,,,,1,0,0,Lectura invalida de DHT
2026-05-12,07:40:44,maceta2,0,0,100,100,100,,,14.1,46.5,0,0,0,
2026-05-12,07:41:11,maceta1,0,0,100,100,100,,,,,1,0,0,Lectura invalida de DHT
2026-05-12,07:41:11,maceta2,0,0,100,100,100,,,14.2,46.5,0,0,0,
2026-05-12,07:41:38,maceta1,0,0,100,100,100,,,,,1,0,0,Lectura invalida de DHT
2026-05-12,07:41:38,maceta2,0,0,100,100,100,,,14.1,46.5,0,0,0,
2026-05-12,07:42:04,maceta1,0,0,100,100,100,,,,,1,0,0,Lectura invalida de DHT
2026-05-12,07:42:04,maceta2,0,0,100,100,100,,,,,0,0,0,Lectura invalida de DHT
2026-05-12,07:42:31,maceta1,0,0,100,100,100,,,,,1,0,0,Lectura invalida de DHT
2026-05-12,07:42:31,maceta2,0,0,100,100,100,,,14.1,46.5,0,0,0,
2026-05-12,07:42:58,maceta1,0,0,100,100,100,,,,,1,0,0,Lectura invalida de DHT
2026-05-12,07:42:58,maceta2,0,0,100,100,100,,,14.1,46.4,0,0,0,
2026-05-12,07:43:25,maceta1,0,0,100,100,100,,,,,1,0,0,Lectura invalida de DHT
2026-05-12,07:43:25,maceta2,0,0,100,100,100,,,14.2,46.4,0,0,0,
2026-05-12,07:43:51,maceta1,0,0,100,100,100,,,,,1,0,0,Lectura invalida de DHT
2026-05-12,07:43:51,maceta2,0,0,100,100,100,,,,,0,0,0,Lectura invalida de DHT
2026-05-12,07:44:18,maceta1,0,0,100,100,100,,,,,1,0,0,Lectura invalida de DHT
2026-05-12,07:44:18,maceta2,0,0,100,100,100,,,,,0,0,0,Lectura invalida de DHT
2026-05-12,07:44:45,maceta1,0,0,100,100,100,,,,,1,0,0,Lectura invalida de DHT
2026-05-12,07:44:45,maceta2,0,0,100,100,100,,,14.2,46.4,0,0,0,
2026-05-12,07:45:12,maceta1,0,0,100,100,100,,,,,1,0,0,Lectura invalida de DHT
2026-05-12,07:45:12,maceta2,0,0,100,100,100,,,14.2,46.4,0,0,0,
2026-05-12,07:45:47,maceta1,0,0,100,100,100,,,,,1,0,0,Lectura invalida de DHT
2026-05-12,07:45:47,maceta2,0,0,100,100,100,,,14.2,46.5,0,0,0,
2026-05-12,07:46:13,maceta1,0,0,100,100,100,,,,,1,0,0,Lectura invalida de DHT
2026-05-12,07:46:13,maceta2,0,0,100,100,100,,,,,0,0,0,Lectura invalida de DHT
2026-05-12,07:46:49,maceta1,0,0,100,100,100,,,,,1,0,0,Lectura invalida de DHT
2026-05-12,07:46:49,maceta2,0,0,100,100,100,,,14.1,46.5,0,0,0,
2026-05-12,07:47:15,maceta1,0,0,100,100,100,,,,,1,0,0,Lectura invalida de DHT
2026-05-12,07:47:15,maceta2,0,0,100,100,100,,,14.1,46.5,0,0,0,
2026-05-12,07:47:42,maceta1,0,0,100,100,100,,,,,1,0,0,Lectura invalida de DHT
2026-05-12,07:47:42,maceta2,0,0,100,100,100,,,,,0,0,0,Lectura invalida de DHT
2026-05-12,07:48:09,maceta1,0,0,100,100,100,,,,,1,0,0,Lectura invalida de DHT
2026-05-12,07:48:09,maceta2,0,0,100,100,100,,,14.1,46.5,0,0,0,
2026-05-12,07:48:36,maceta1,0,0,100,100,100,,,,,1,0,0,Lectura invalida de DHT
2026-05-12,07:48:36,maceta2,0,0,100,100,100,,,14.1,46.5,0,0,0,
2026-05-12,07:49:02,maceta1,0,0,100,100,100,,,,,1,0,0,Lectura invalida de DHT
2026-05-12,07:49:02,maceta2,0,0,100,100,100,,,,,0,0,0,Lectura invalida de DHT
2026-05-12,07:49:29,maceta1,0,0,100,100,100,,,,,1,0,0,Lectura invalida de DHT
2026-05-12,07:49:29,maceta2,0,0,100,100,100,,,14.1,46.5,0,0,0,
2026-05-12,07:49:56,maceta1,0,0,100,100,100,,,,,1,0,0,Lectura invalida de DHT
2026-05-12,07:49:56,maceta2,0,0,100,100,100,,,,,0,0,0,Lectura invalida de DHT
2026-05-12,07:50:23,maceta1,0,0,100,100,100,,,,,1,0,0,Lectura invalida de DHT
2026-05-12,07:50:23,maceta2,0,0,100,100,100,,,,,0,0,0,Lectura invalida de DHT
2026-05-12,07:50:50,maceta1,0,0,100,100,100,,,,,1,0,0,Lectura invalida de DHT
2026-05-12,07:50:50,maceta2,0,0,100,100,100,,,14.1,46.5,0,0,0,
2026-05-12,07:51:16,maceta1,0,0,100,100,100,,,,,1,0,0,Lectura invalida de DHT
2026-05-12,07:51:16,maceta2,0,0,100,100,100,,,14.1,46.5,0,0,0,
2026-05-12,07:51:44,maceta1,0,0,100,100,100,,,,,1,0,0,Lectura invalida de DHT
2026-05-12,07:51:44,maceta2,0,0,100,100,100,,,,,0,0,0,Lectura invalida de DHT
2026-05-12,07:52:10,maceta1,0,0,100,100,100,,,,,1,0,0,Lectura invalida de DHT
2026-05-12,07:52:10,maceta2,0,0,100,100,100,,,14.1,46.5,0,0,0,
2026-05-12,07:52:37,maceta1,0,0,100,100,100,,,,,1,0,0,Lectura invalida de DHT
2026-05-12,07:52:37,maceta2,0,0,100,100,100,,,14.1,46.5,0,0,0,
2026-05-12,07:53:04,maceta1,0,0,100,100,100,,,,,1,0,0,Lectura invalida de DHT
2026-05-12,07:53:04,maceta2,0,0,100,100,100,,,,,0,0,0,Lectura invalida de DHT
2026-05-12,07:53:31,maceta1,0,0,100,100,100,,,,,1,0,0,Lectura invalida de DHT
2026-05-12,07:53:31,maceta2,0,0,100,100,100,,,14.1,46.4,0,0,0,
2026-05-12,07:53:57,maceta1,0,0,100,100,100,,,,,1,0,0,Lectura invalida de DHT
2026-05-12,07:53:57,maceta2,0,0,100,100,100,,,14.1,46.5,0,0,0,
2026-05-12,07:54:24,maceta1,0,0,100,100,100,,,,,1,0,0,Lectura invalida de DHT
2026-05-12,07:54:24,maceta2,0,0,100,100,100,,,14.1,46.5,0,0,0,
2026-05-12,07:54:51,maceta1,0,0,100,100,100,,,,,1,0,0,Lectura invalida de DHT
2026-05-12,07:54:51,maceta2,0,0,100,100,100,,,14.1,46.5,0,0,0,
2026-05-12,07:55:18,maceta1,0,0,100,100,100,,,,,1,0,0,Lectura invalida de DHT
2026-05-12,07:55:18,maceta2,0,0,100,100,100,,,14.1,46.5,0,0,0,
2026-05-12,07:55:44,maceta1,0,0,100,100,100,,,,,1,0,0,Lectura invalida de DHT
2026-05-12,07:55:44,maceta2,0,0,100,100,100,,,14.1,46.5,0,0,0,
2026-05-12,07:56:11,maceta1,0,0,100,100,100,,,,,1,0,0,Lectura invalida de DHT
2026-05-12,07:56:11,maceta2,0,0,100,100,100,,,14.1,46.5,0,0,0,
2026-05-12,07:56:38,maceta1,0,0,100,100,100,,,,,1,0,0,Lectura invalida de DHT
2026-05-12,07:56:38,maceta2,0,0,100,100,100,,,14.1,46.5,0,0,0,
2026-05-12,07:57:05,maceta1,0,0,100,100,100,,,,,1,0,0,Lectura invalida de DHT
2026-05-12,07:57:05,maceta2,0,0,100,100,100,,,,,0,0,0,Lectura invalida de DHT
2026-05-12,07:57:31,maceta1,0,0,100,100,100,,,,,1,0,0,Lectura invalida de DHT
2026-05-12,07:57:31,maceta2,0,0,100,100,100,,,14.1,46.5,0,0,0,
2026-05-12,07:57:58,maceta1,0,0,100,100,100,,,,,1,0,0,Lectura invalida de DHT
2026-05-12,07:57:58,maceta2,0,0,100,100,100,,,14.1,46.5,0,0,0,
2026-05-12,07:58:25,maceta1,0,0,100,100,100,,,,,1,0,0,Lectura invalida de DHT
2026-05-12,07:58:25,maceta2,0,0,100,100,100,,,14.1,46.5,0,0,0,
2026-05-12,07:58:52,maceta1,0,0,100,100,100,,,,,1,0,0,Lectura invalida de DHT
2026-05-12,07:58:52,maceta2,0,0,100,100,100,,,14.1,46.5,0,0,0,
2026-05-12,07:59:18,maceta1,0,0,100,100,100,,,,,1,0,0,Lectura invalida de DHT
2026-05-12,07:59:18,maceta2,0,0,100,100,100,,,14.1,46.5,0,0,0,
2026-05-12,07:59:45,maceta1,0,0,100,100,100,,,,,1,0,0,Lectura invalida de DHT
2026-05-12,07:59:45,maceta2,0,0,100,100,100,,,14.1,46.5,0,0,0,
2026-05-12,08:00:12,maceta1,0,0,100,100,100,,,,,0,0,0,Lectura invalida de DHT
2026-05-12,08:00:12,maceta2,0,0,100,100,100,,,14.1,46.5,0,0,0,
2026-05-12,08:00:39,maceta1,0,0,100,100,100,,,,,0,0,0,Lectura invalida de DHT
2026-05-12,08:00:39,maceta2,0,0,100,100,100,,,14.1,46.5,0,0,0,
2026-05-12,08:01:06,maceta1,0,0,100,100,100,,,,,0,0,0,Lectura invalida de DHT
2026-05-12,08:01:06,maceta2,0,0,100,100,100,,,14.1,46.5,0,0,0,
2026-05-12,08:01:33,maceta1,0,0,100,100,100,,,,,0,0,0,Lectura invalida de DHT
2026-05-12,08:01:33,maceta2,0,0,100,100,100,,,14.1,46.5,0,0,0,
2026-05-12,08:01:59,maceta1,0,0,100,100,100,,,,,0,0,0,Lectura invalida de DHT
2026-05-12,08:01:59,maceta2,0,0,100,100,100,,,,,0,0,0,Lectura invalida de DHT
2026-05-12,08:02:26,maceta1,0,0,100,100,100,,,,,0,0,0,Lectura invalida de DHT
2026-05-12,08:02:26,maceta2,0,0,100,100,100,,,,,0,0,0,Lectura invalida de DHT
2026-05-12,08:02:53,maceta1,0,0,100,100,100,,,,,0,0,0,Lectura invalida de DHT
2026-05-12,08:02:53,maceta2,0,0,100,100,100,,,,,0,0,0,Lectura invalida de DHT
2026-05-12,08:03:20,maceta1,0,0,100,100,100,,,,,0,0,0,Lectura invalida de DHT
2026-05-12,08:03:20,maceta2,0,0,100,100,100,,,14.1,46.5,0,0,0,
2026-05-12,08:03:46,maceta1,0,0,100,100,100,,,,,0,0,0,Lectura invalida de DHT
2026-05-12,08:03:46,maceta2,0,0,100,100,100,,,14.1,46.5,0,0,0,
2026-05-12,08:04:13,maceta1,0,0,100,100,100,,,,,0,0,0,Lectura invalida de DHT
2026-05-12,08:04:13,maceta2,0,0,100,100,100,,,,,0,0,0,Lectura invalida de DHT
2026-05-12,08:04:40,maceta1,0,0,100,100,100,,,,,0,0,0,Lectura invalida de DHT
2026-05-12,08:04:40,maceta2,0,0,100,100,100,,,14.1,46.5,0,0,0,
2026-05-12,08:05:15,maceta1,0,0,100,100,100,,,,,0,0,0,Lectura invalida de DHT
2026-05-12,08:05:15,maceta2,0,0,100,100,100,,,14.1,46.5,0,0,0,
2026-05-12,08:05:42,maceta1,0,0,100,100,100,,,,,0,0,0,Lectura invalida de DHT
2026-05-12,08:05:42,maceta2,0,0,100,100,100,,,14.1,46.5,0,0,0,
2026-05-12,08:06:08,maceta1,0,0,100,100,100,,,,,0,0,0,Lectura invalida de DHT
2026-05-12,08:06:08,maceta2,0,0,100,100,100,,,14.0,46.5,0,0,0,
2026-05-12,08:06:35,maceta1,0,0,100,100,100,,,,,0,0,0,Lectura invalida de DHT
2026-05-12,08:06:35,maceta2,0,0,100,100,100,,,14.1,46.5,0,0,0,
2026-05-12,08:07:02,maceta1,0,0,100,100,100,,,,,0,0,0,Lectura invalida de DHT
2026-05-12,08:07:02,maceta2,0,0,100,100,100,,,14.1,46.5,0,0,0,
2026-05-12,08:07:30,maceta1,0,0,100,100,100,,,,,0,0,0,Lectura invalida de DHT
2026-05-12,08:07:30,maceta2,0,0,100,100,100,,,14.1,46.5,0,0,0,
2026-05-12,08:07:58,maceta1,0,0,100,100,100,,,,,0,0,0,Lectura invalida de DHT
2026-05-12,08:07:58,maceta2,0,0,100,100,100,,,14.1,46.5,0,0,0,
2026-05-12,08:08:25,maceta1,0,0,100,100,100,,,,,0,0,0,Lectura invalida de DHT
2026-05-12,08:08:25,maceta2,0,0,100,100,100,,,14.1,46.5,0,0,0,
2026-05-12,08:08:51,maceta1,0,0,100,100,100,,,,,0,0,0,Lectura invalida de DHT
2026-05-12,08:08:51,maceta2,0,0,100,100,100,,,14.1,46.5,0,0,0,
2026-05-12,08:09:18,maceta1,0,0,100,100,100,,,,,0,0,0,Lectura invalida de DHT
2026-05-12,08:09:18,maceta2,0,0,100,100,100,,,14.1,46.5,0,0,0,
2026-05-12,08:09:45,maceta1,0,0,100,100,100,,,,,0,0,0,Lectura invalida de DHT
2026-05-12,08:09:45,maceta2,0,0,100,100,100,,,,,0,0,0,Lectura invalida de DHT
2026-05-12,08:10:12,maceta1,0,0,100,100,100,,,,,0,0,0,Lectura invalida de DHT
2026-05-12,08:10:12,maceta2,0,0,100,100,100,,,14.1,46.5,0,0,0,
2026-05-12,08:10:38,maceta1,0,0,100,100,100,,,,,0,0,0,Lectura invalida de DHT
2026-05-12,08:10:38,maceta2,0,0,100,100,100,,,14.1,46.5,0,0,0,
2026-05-12,08:11:05,maceta1,0,0,100,100,100,,,,,0,0,0,Lectura invalida de DHT
2026-05-12,08:11:05,maceta2,0,0,100,100,100,,,14.1,46.5,0,0,0,
2026-05-12,08:11:32,maceta1,0,0,100,100,100,,,,,0,0,0,Lectura invalida de DHT
2026-05-12,08:11:32,maceta2,0,0,100,100,100,,,14.0,46.5,0,0,0,
2026-05-12,08:11:59,maceta1,0,0,100,100,100,,,,,0,0,0,Lectura invalida de DHT
2026-05-12,08:11:59,maceta2,0,0,100,100,100,,,14.1,46.5,0,0,0,
2026-05-12,08:12:25,maceta1,0,0,100,100,100,,,,,0,0,0,Lectura invalida de DHT
2026-05-12,08:12:25,maceta2,0,0,100,100,100,,,14.1,46.5,0,0,0,
2026-05-12,08:12:52,maceta1,0,0,100,100,100,,,,,0,0,0,Lectura invalida de DHT
2026-05-12,08:12:52,maceta2,0,0,100,100,100,,,14.0,46.5,0,0,0,
2026-05-12,08:13:19,maceta1,0,0,100,100,100,,,,,0,0,0,Lectura invalida de DHT
2026-05-12,08:13:19,maceta2,0,0,100,100,100,,,,,0,0,0,Lectura invalida de DHT
2026-05-12,08:13:46,maceta1,0,0,100,100,100,,,,,0,0,0,Lectura invalida de DHT
2026-05-12,08:13:46,maceta2,0,0,100,100,100,,,14.0,46.5,0,0,0,
2026-05-12,08:14:12,maceta1,0,0,100,100,100,,,,,0,0,0,Lectura invalida de DHT
2026-05-12,08:14:12,maceta2,0,0,100,100,100,,,14.0,46.5,0,0,0,
2026-05-12,08:14:39,maceta1,0,0,100,100,100,,,,,0,0,0,Lectura invalida de DHT
2026-05-12,08:14:39,maceta2,0,0,100,100,100,,,14.0,46.6,0,0,0,
2026-05-12,08:15:06,maceta1,0,0,100,100,100,,,,,0,0,0,Lectura invalida de DHT
2026-05-12,08:15:06,maceta2,0,0,100,100,100,,,14.0,46.5,0,0,0,
2026-05-12,08:15:41,maceta1,0,0,100,100,100,,,,,0,0,0,Lectura invalida de DHT
2026-05-12,08:15:41,maceta2,0,0,100,100,100,,,14.0,46.5,0,0,0,
2026-05-12,08:16:07,maceta1,0,0,100,100,100,,,,,0,0,0,Lectura invalida de DHT
2026-05-12,08:16:07,maceta2,0,0,100,100,100,,,14.0,46.5,0,0,0,
2026-05-12,08:16:34,maceta1,0,0,100,100,100,,,,,0,0,0,Lectura invalida de DHT
2026-05-12,08:16:34,maceta2,0,0,100,100,100,,,14.0,46.6,0,0,0,
2026-05-12,08:17:02,maceta1,0,0,100,100,100,,,,,0,0,0,Lectura invalida de DHT
2026-05-12,08:17:02,maceta2,0,0,100,100,100,,,,,0,0,0,Lectura invalida de DHT
2026-05-12,08:17:37,maceta1,0,0,100,100,100,,,,,0,0,0,Lectura invalida de DHT
2026-05-12,08:17:37,maceta2,0,0,100,100,100,,,14.1,46.5,0,0,0,
2026-05-12,08:18:03,maceta1,0,0,100,100,100,,,,,0,0,0,Lectura invalida de DHT
2026-05-12,08:18:03,maceta2,0,0,100,100,100,,,14.1,46.5,0,0,0,
2026-05-12,08:18:30,maceta1,0,0,100,100,100,,,,,0,0,0,Lectura invalida de DHT
2026-05-12,08:18:30,maceta2,0,0,100,100,100,,,14.1,46.6,0,0,0,
2026-05-12,08:18:57,maceta1,0,0,100,100,100,,,,,0,0,0,Lectura invalida de DHT
2026-05-12,08:18:57,maceta2,0,0,100,100,100,,,,,0,0,0,Lectura invalida de DHT
2026-05-12,08:19:26,maceta1,0,0,100,100,100,,,,,0,0,0,Lectura invalida de DHT
2026-05-12,08:19:26,maceta2,0,0,100,100,100,,,14.1,46.5,0,0,0,
2026-05-12,08:20:01,maceta1,0,0,100,100,100,,,,,0,0,0,Lectura invalida de DHT
2026-05-12,08:20:01,maceta2,0,0,100,100,100,,,14.1,46.5,0,0,0,
2026-05-12,08:20:27,maceta1,0,0,100,100,100,,,,,0,0,0,Lectura invalida de DHT
2026-05-12,08:20:27,maceta2,0,0,100,100,100,,,14.0,46.6,0,0,0,
2026-05-12,08:20:54,maceta1,0,0,100,100,100,,,,,0,0,0,Lectura invalida de DHT
2026-05-12,08:20:54,maceta2,0,0,100,100,100,,,14.1,46.6,0,0,0,
2026-05-12,08:21:21,maceta1,0,0,100,100,100,,,,,0,0,0,Lectura invalida de DHT
2026-05-12,08:21:21,maceta2,0,0,100,100,100,,,14.0,46.5,0,0,0,
2026-05-12,08:21:48,maceta1,0,0,100,100,100,,,,,0,0,0,Lectura invalida de DHT
2026-05-12,08:21:48,maceta2,0,0,100,100,100,,,,,0,0,0,Lectura invalida de DHT
2026-05-12,08:22:14,maceta1,0,0,100,100,100,,,,,0,0,0,Lectura invalida de DHT
2026-05-12,08:22:14,maceta2,0,0,100,100,100,,,14.0,46.5,0,0,0,
2026-05-12,08:22:43,maceta1,0,0,100,100,100,,,,,0,0,0,Lectura invalida de DHT
2026-05-12,08:22:43,maceta2,0,0,100,100,100,,,,,0,0,0,Lectura invalida de DHT
2026-05-12,08:23:10,maceta1,0,0,100,100,100,,,,,0,0,0,Lectura invalida de DHT
2026-05-12,08:23:10,maceta2,0,0,100,100,100,,,14.0,46.6,0,0,0,
2026-05-12,08:23:41,maceta1,0,0,100,100,100,,,,,0,0,0,Lectura invalida de DHT
2026-05-12,08:23:41,maceta2,0,0,100,100,100,,,14.0,46.6,0,0,0,
2026-05-12,08:24:12,maceta1,0,0,100,100,100,,,,,0,0,0,Lectura invalida de DHT
2026-05-12,08:24:12,maceta2,0,0,100,100,100,,,14.0,46.6,0,0,0,
2026-05-12,08:24:39,maceta1,0,0,100,100,100,,,,,0,0,0,Lectura invalida de DHT
2026-05-12,08:24:39,maceta2,0,0,100,100,100,,,14.0,46.6,0,0,0,
2026-05-12,08:25:06,maceta1,0,0,100,100,100,,,,,0,0,0,Lectura invalida de DHT
2026-05-12,08:25:06,maceta2,0,0,100,100,100,,,14.0,46.6,0,0,0,
2026-05-12,08:25:33,maceta1,0,0,100,100,100,,,,,0,0,0,Lectura invalida de DHT
2026-05-12,08:25:33,maceta2,0,0,100,100,100,,,14.0,46.6,0,0,0,
2026-05-12,08:25:59,maceta1,0,0,100,100,100,,,,,0,0,0,Lectura invalida de DHT
2026-05-12,08:25:59,maceta2,0,0,100,100,100,,,,,0,0,0,Lectura invalida de DHT
2026-05-12,08:26:26,maceta1,0,0,100,100,100,,,,,0,0,0,Lectura invalida de DHT
2026-05-12,08:26:26,maceta2,0,0,100,100,100,,,14.0,46.6,0,0,0,
2026-05-12,08:26:58,maceta1,0,0,100,100,100,,,,,0,0,0,Lectura invalida de DHT
2026-05-12,08:26:58,maceta2,0,0,100,100,100,,,14.0,46.6,0,0,0,
2026-05-12,08:27:25,maceta1,0,0,100,100,100,,,,,0,0,0,Lectura invalida de DHT
2026-05-12,08:27:25,maceta2,0,0,100,100,100,,,14.0,46.5,0,0,0,
2026-05-12,08:27:51,maceta1,0,0,100,100,100,,,,,0,0,0,Lectura invalida de DHT
2026-05-12,08:27:51,maceta2,0,0,100,100,100,,,14.0,46.6,0,0,0,
2026-05-12,08:28:18,maceta1,0,0,100,100,100,,,,,0,0,0,Lectura invalida de DHT
2026-05-12,08:28:18,maceta2,0,0,100,100,100,,,14.0,46.6,0,0,0,
2026-05-12,08:28:46,maceta1,0,0,100,100,100,,,,,0,0,0,Lectura invalida de DHT
2026-05-12,08:28:46,maceta2,0,0,100,100,100,,,14.0,46.6,0,0,0,
2026-05-12,08:29:13,maceta1,0,0,100,100,100,,,,,0,0,0,Lectura invalida de DHT
2026-05-12,08:29:13,maceta2,0,0,100,100,100,,,14.0,46.6,0,0,0,
2026-05-12,08:29:39,maceta1,0,0,100,100,100,,,,,0,0,0,Lectura invalida de DHT
2026-05-12,08:29:39,maceta2,0,0,100,100,100,,,14.0,46.6,0,0,0,
2026-05-12,08:30:06,maceta1,0,0,100,100,100,,,,,0,0,0,Lectura invalida de DHT
2026-05-12,08:30:06,maceta2,0,0,100,100,100,,,,,0,0,0,Lectura invalida de DHT
2026-05-12,08:30:33,maceta1,0,0,100,100,100,,,,,0,0,0,Lectura invalida de DHT
2026-05-12,08:30:33,maceta2,0,0,100,100,100,,,,,0,0,0,Lectura invalida de DHT
2026-05-12,08:31:00,maceta1,0,0,100,100,100,,,,,0,0,0,Lectura invalida de DHT
2026-05-12,08:31:00,maceta2,0,0,100,100,100,,,14.0,46.6,0,0,0,
2026-05-12,08:31:26,maceta1,0,0,100,100,100,,,,,0,0,0,Lectura invalida de DHT
2026-05-12,08:31:26,maceta2,0,0,100,100,100,,,14.0,46.6,0,0,0,
2026-05-12,08:31:53,maceta1,0,0,100,100,100,,,,,0,0,0,Lectura invalida de DHT
2026-05-12,08:31:53,maceta2,0,0,100,100,100,,,,,0,0,0,Lectura invalida de DHT
2026-05-12,08:32:20,maceta1,0,0,100,100,100,,,,,0,0,0,Lectura invalida de DHT
2026-05-12,08:32:20,maceta2,0,0,100,100,100,,,14.0,46.6,0,0,0,
2026-05-12,08:32:47,maceta1,0,0,100,100,100,,,,,0,0,0,Lectura invalida de DHT
2026-05-12,08:32:47,maceta2,0,0,100,100,100,,,14.0,46.6,0,0,0,
2026-05-12,08:33:16,maceta1,0,0,100,100,100,,,,,0,0,0,Lectura invalida de DHT
2026-05-12,08:33:16,maceta2,0,0,100,100,100,,,,,0,0,0,Lectura invalida de DHT
2026-05-12,08:33:47,maceta1,0,0,100,100,100,,,,,0,0,0,Lectura invalida de DHT
2026-05-12,08:33:47,maceta2,0,0,100,100,100,,,14.0,46.6,0,0,0,
2026-05-12,08:34:14,maceta1,0,0,100,100,100,,,,,0,0,0,Lectura invalida de DHT
2026-05-12,08:34:14,maceta2,0,0,100,100,100,,,14.0,46.6,0,0,0,
2026-05-12,08:34:41,maceta1,0,0,100,100,100,,,,,0,0,0,Lectura invalida de DHT
2026-05-12,08:34:41,maceta2,0,0,100,100,100,,,14.0,46.6,0,0,0,
2026-05-12,08:35:08,maceta1,0,0,100,100,100,,,,,0,0,0,Lectura invalida de DHT
2026-05-12,08:35:08,maceta2,0,0,100,100,100,,,14.0,46.6,0,0,0,
2026-05-12,08:35:34,maceta1,0,0,100,100,100,,,,,0,0,0,Lectura invalida de DHT
2026-05-12,08:35:34,maceta2,0,0,100,100,100,,,14.0,46.6,0,0,0,
2026-05-12,08:36:01,maceta1,0,0,100,100,100,,,,,0,0,0,Lectura invalida de DHT
2026-05-12,08:36:01,maceta2,0,0,100,100,100,,,14.0,46.5,0,0,0,
2026-05-12,08:36:28,maceta1,0,0,100,100,100,,,,,0,0,0,Lectura invalida de DHT
2026-05-12,08:36:28,maceta2,0,0,100,100,100,,,,,0,0,0,Lectura invalida de DHT
2026-05-12,08:36:55,maceta1,0,0,100,100,100,,,,,0,0,0,Lectura invalida de DHT
2026-05-12,08:36:55,maceta2,0,0,100,100,100,,,14.0,46.6,0,0,0,
2026-05-12,08:37:22,maceta1,0,0,100,100,100,,,,,0,0,0,Lectura invalida de DHT
2026-05-12,08:37:22,maceta2,0,0,100,100,100,,,,,0,0,0,Lectura invalida de DHT
2026-05-12,08:37:49,maceta1,0,0,100,100,100,,,,,0,0,0,Lectura invalida de DHT
2026-05-12,08:37:49,maceta2,0,0,100,100,100,,,,,0,0,0,Lectura invalida de DHT
2026-05-12,08:38:24,maceta1,0,0,100,100,100,,,,,0,0,0,Lectura invalida de DHT
2026-05-12,08:38:24,maceta2,0,0,100,100,100,,,,,0,0,0,Lectura invalida de DHT
2026-05-12,08:38:50,maceta1,0,0,100,100,100,,,,,0,0,0,Lectura invalida de DHT
2026-05-12,08:38:50,maceta2,0,0,100,100,100,,,,,0,0,0,Lectura invalida de DHT
2026-05-12,08:39:17,maceta1,0,0,100,100,100,,,,,0,0,0,Lectura invalida de DHT
2026-05-12,08:39:17,maceta2,0,0,100,100,100,,,14.1,46.6,0,0,0,
2026-05-12,08:39:52,maceta1,0,0,100,100,100,,,,,0,0,0,Lectura invalida de DHT
2026-05-12,08:39:52,maceta2,0,0,100,100,100,,,14.0,46.6,0,0,0,
2026-05-12,08:40:19,maceta1,0,0,100,100,100,,,,,0,0,0,Lectura invalida de DHT
2026-05-12,08:40:19,maceta2,0,0,100,100,100,,,14.0,46.6,0,0,0,
2026-05-12,08:40:45,maceta1,0,0,100,100,100,,,,,0,0,0,Lectura invalida de DHT
2026-05-12,08:40:45,maceta2,0,0,100,100,100,,,,,0,0,0,Lectura invalida de DHT
2026-05-12,08:41:12,maceta1,0,0,100,100,100,,,,,0,0,0,Lectura invalida de DHT
2026-05-12,08:41:12,maceta2,0,0,100,100,100,,,14.0,46.6,0,0,0,
2026-05-12,08:41:39,maceta1,0,0,100,100,100,,,,,0,0,0,Lectura invalida de DHT
2026-05-12,08:41:39,maceta2,0,0,100,100,100,,,14.0,46.6,0,0,0,
2026-05-12,08:42:06,maceta1,0,0,100,100,100,,,,,0,0,0,Lectura invalida de DHT
2026-05-12,08:42:06,maceta2,0,0,100,100,100,,,14.0,46.6,0,0,0,
2026-05-12,08:42:33,maceta1,0,0,100,100,100,,,,,0,0,0,Lectura invalida de DHT
2026-05-12,08:42:33,maceta2,0,0,100,100,100,,,14.0,46.6,0,0,0,
2026-05-12,08:43:00,maceta1,0,0,100,100,100,,,,,0,0,0,Lectura invalida de DHT
2026-05-12,08:43:00,maceta2,0,0,100,100,100,,,14.0,46.6,0,0,0,
2026-05-12,08:43:26,maceta1,0,0,100,100,100,,,,,0,0,0,Lectura invalida de DHT
2026-05-12,08:43:26,maceta2,0,0,100,100,100,,,14.0,46.6,0,0,0,
2026-05-12,08:43:53,maceta1,0,0,100,100,100,,,,,0,0,0,Lectura invalida de DHT
2026-05-12,08:43:53,maceta2,0,0,100,100,100,,,14.0,46.6,0,0,0,
2026-05-12,08:44:20,maceta1,0,0,100,100,100,,,,,0,0,0,Lectura invalida de DHT
2026-05-12,08:44:20,maceta2,0,0,100,100,100,,,14.1,46.6,0,0,0,
2026-05-12,08:44:47,maceta1,0,0,100,100,100,,,,,0,0,0,Lectura invalida de DHT
2026-05-12,08:44:47,maceta2,0,0,100,100,100,,,14.0,46.6,0,0,0,
2026-05-12,08:45:13,maceta1,0,0,100,100,100,,,,,0,0,0,Lectura invalida de DHT
2026-05-12,08:45:13,maceta2,0,0,100,100,100,,,14.1,46.6,0,0,0,
2026-05-12,08:45:40,maceta1,0,0,100,100,100,,,,,0,0,0,Lectura invalida de DHT
2026-05-12,08:45:40,maceta2,0,0,100,100,100,,,,,0,0,0,Lectura invalida de DHT
2026-05-12,08:46:07,maceta1,0,0,100,100,100,,,,,0,0,0,Lectura invalida de DHT
2026-05-12,08:46:07,maceta2,0,0,100,100,100,,,14.1,46.6,0,0,0,
2026-05-12,08:46:34,maceta1,0,0,100,100,100,,,,,0,0,0,Lectura invalida de DHT
2026-05-12,08:46:34,maceta2,0,0,100,100,100,,,14.1,46.6,0,0,0,
2026-05-12,08:47:00,maceta1,0,0,100,100,100,,,,,0,0,0,Lectura invalida de DHT
2026-05-12,08:47:00,maceta2,0,0,100,100,100,,,14.1,46.6,0,0,0,
2026-05-12,08:47:27,maceta1,0,0,100,100,100,,,,,0,0,0,Lectura invalida de DHT
2026-05-12,08:47:27,maceta2,0,0,100,100,100,,,,,0,0,0,Lectura invalida de DHT
2026-05-12,08:47:54,maceta1,0,0,100,100,100,,,,,0,0,0,Lectura invalida de DHT
2026-05-12,08:47:54,maceta2,0,0,100,100,100,,,14.1,46.7,0,0,0,
2026-05-12,08:48:21,maceta1,0,0,100,100,100,,,,,0,0,0,Lectura invalida de DHT
2026-05-12,08:48:21,maceta2,0,0,100,100,100,,,,,0,0,0,Lectura invalida de DHT
2026-05-12,08:48:48,maceta1,0,0,100,100,100,,,,,0,0,0,Lectura invalida de DHT
2026-05-12,08:48:48,maceta2,0,0,100,100,100,,,14.1,46.6,0,0,0,
2026-05-12,08:49:15,maceta1,0,0,100,100,100,,,,,0,0,0,Lectura invalida de DHT
2026-05-12,08:49:15,maceta2,0,0,100,100,100,,,,,0,0,0,Lectura invalida de DHT
2026-05-12,08:49:41,maceta1,0,0,100,100,100,,,,,0,0,0,Lectura invalida de DHT
2026-05-12,08:49:41,maceta2,0,0,100,100,100,,,14.1,46.6,0,0,0,
2026-05-12,08:50:08,maceta1,0,0,100,100,100,,,,,0,0,0,Lectura invalida de DHT
2026-05-12,08:50:08,maceta2,0,0,100,100,100,,,14.1,46.6,0,0,0,
2026-05-12,08:50:35,maceta1,0,0,100,100,100,,,,,0,0,0,Lectura invalida de DHT
2026-05-12,08:50:35,maceta2,0,0,100,100,100,,,14.1,46.6,0,0,0,
2026-05-12,08:51:02,maceta1,0,0,100,100,100,,,,,0,0,0,Lectura invalida de DHT
2026-05-12,08:51:02,maceta2,0,0,100,100,100,,,,,0,0,0,Lectura invalida de DHT
2026-05-12,08:51:30,maceta1,0,0,100,100,100,,,,,0,0,0,Lectura invalida de DHT
2026-05-12,08:51:30,maceta2,0,0,100,100,100,,,14.1,46.6,0,0,0,
2026-05-12,08:51:57,maceta1,0,0,100,100,100,,,,,0,0,0,Lectura invalida de DHT
2026-05-12,08:51:57,maceta2,0,0,100,100,100,,,,,0,0,0,Lectura invalida de DHT
2026-05-12,08:52:24,maceta1,0,0,100,100,100,,,,,0,0,0,Lectura invalida de DHT
2026-05-12,08:52:24,maceta2,0,0,100,100,100,,,14.1,46.6,0,0,0,
2026-05-12,08:52:51,maceta1,0,0,100,100,100,,,,,0,0,0,Lectura invalida de DHT
2026-05-12,08:52:51,maceta2,0,0,100,100,100,,,14.1,46.7,0,0,0,
2026-05-12,08:53:17,maceta1,0,0,100,100,100,,,,,0,0,0,Lectura invalida de DHT
2026-05-12,08:53:17,maceta2,0,0,100,100,100,,,14.1,46.7,0,0,0,
2026-05-12,08:53:44,maceta1,0,0,100,100,100,,,,,0,0,0,Lectura invalida de DHT
2026-05-12,08:53:44,maceta2,0,0,100,100,100,,,,,0,0,0,Lectura invalida de DHT
2026-05-12,08:54:12,maceta1,0,0,100,100,100,,,,,0,0,0,Lectura invalida de DHT
2026-05-12,08:54:12,maceta2,0,0,100,100,100,,,14.1,46.7,0,0,0,
2026-05-12,08:54:38,maceta1,0,0,100,100,100,,,,,0,0,0,Lectura invalida de DHT
2026-05-12,08:54:38,maceta2,0,0,100,100,100,,,14.1,46.7,0,0,0,
2026-05-12,08:55:10,maceta1,0,0,100,100,100,,,,,0,0,0,Lectura invalida de DHT
2026-05-12,08:55:10,maceta2,0,0,100,100,100,,,14.1,46.7,0,0,0,
2026-05-12,08:55:37,maceta1,0,0,100,100,100,,,,,0,0,0,Lectura invalida de DHT
2026-05-12,08:55:37,maceta2,0,0,100,100,100,,,14.0,46.7,0,0,0,
2026-05-12,08:56:04,maceta1,0,0,100,100,100,,,,,0,0,0,Lectura invalida de DHT
2026-05-12,08:56:04,maceta2,0,0,100,100,100,,,14.0,46.7,0,0,0,
2026-05-12,08:56:30,maceta1,0,0,100,100,100,,,,,0,0,0,Lectura invalida de DHT
2026-05-12,08:56:30,maceta2,0,0,100,100,100,,,14.1,46.7,0,0,0,
2026-05-12,08:56:57,maceta1,0,0,100,100,100,,,,,0,0,0,Lectura invalida de DHT
2026-05-12,08:56:57,maceta2,0,0,100,100,100,,,14.1,46.7,0,0,0,
2026-05-12,08:57:24,maceta1,0,0,100,100,100,,,,,0,0,0,Lectura invalida de DHT
2026-05-12,08:57:24,maceta2,0,0,100,100,100,,,14.0,46.7,0,0,0,
2026-05-12,08:57:51,maceta1,0,0,100,100,100,,,,,0,0,0,Lectura invalida de DHT
2026-05-12,08:57:51,maceta2,0,0,100,100,100,,,14.0,46.7,0,0,0,
2026-05-12,08:58:18,maceta1,0,0,100,100,100,,,,,0,0,0,Lectura invalida de DHT
2026-05-12,08:58:18,maceta2,0,0,100,100,100,,,14.0,46.7,0,0,0,
2026-05-12,08:58:44,maceta1,0,0,100,100,100,,,,,0,0,0,Lectura invalida de DHT
2026-05-12,08:58:44,maceta2,0,0,100,100,100,,,14.1,46.8,0,0,0,
2026-05-12,08:59:11,maceta1,0,0,100,100,100,,,,,0,0,0,Lectura invalida de DHT
2026-05-12,08:59:11,maceta2,0,0,100,100,100,,,14.1,46.7,0,0,0,
2026-05-12,08:59:38,maceta1,0,0,100,100,100,,,,,0,0,0,Lectura invalida de DHT
2026-05-12,08:59:38,maceta2,0,0,100,100,100,,,,,0,0,0,Lectura invalida de DHT
2026-05-12,09:00:05,maceta1,0,0,100,100,100,,,,,0,0,0,Lectura invalida de DHT
2026-05-12,09:00:05,maceta2,0,0,100,100,100,,,14.1,46.7,0,0,0,
2026-05-12,09:00:31,maceta1,0,0,100,100,100,,,,,0,0,0,Lectura invalida de DHT
2026-05-12,09:00:31,maceta2,0,0,100,100,100,,,14.1,46.8,0,0,0,
2026-05-12,09:00:58,maceta1,0,0,100,100,100,,,,,0,0,0,Lectura invalida de DHT
2026-05-12,09:00:58,maceta2,0,0,100,100,100,,,14.1,46.8,0,0,0,
2026-05-12,09:01:25,maceta1,0,0,100,100,100,,,,,0,0,0,Lectura invalida de DHT
2026-05-12,09:01:25,maceta2,0,0,100,100,100,,,,,0,0,0,Lectura invalida de DHT
2026-05-12,09:01:52,maceta1,0,0,100,100,100,,,,,0,0,0,Lectura invalida de DHT
2026-05-12,09:01:52,maceta2,0,0,100,100,100,,,14.0,46.8,0,0,0,
2026-05-12,09:02:18,maceta1,0,0,100,100,100,,,,,0,0,0,Lectura invalida de DHT
2026-05-12,09:02:18,maceta2,0,0,100,100,100,,,14.1,46.8,0,0,0,
2026-05-12,09:02:45,maceta1,0,0,100,100,100,,,,,0,0,0,Lectura invalida de DHT
2026-05-12,09:02:45,maceta2,0,0,100,100,100,,,,,0,0,0,Lectura invalida de DHT
2026-05-12,09:03:12,maceta1,0,0,100,100,100,,,,,0,0,0,Lectura invalida de DHT
2026-05-12,09:03:12,maceta2,0,0,100,100,100,,,14.1,46.8,0,0,0,
2026-05-12,09:03:39,maceta1,0,0,100,100,100,,,,,0,0,0,Lectura invalida de DHT
2026-05-12,09:03:39,maceta2,0,0,100,100,100,,,14.1,46.8,0,0,0,
2026-05-12,09:04:05,maceta1,0,0,100,100,100,,,,,0,0,0,Lectura invalida de DHT
2026-05-12,09:04:05,maceta2,0,0,100,100,100,,,14.1,46.8,0,0,0,
2026-05-12,09:04:32,maceta1,0,0,100,100,100,,,,,0,0,0,Lectura invalida de DHT
2026-05-12,09:04:32,maceta2,0,0,100,100,100,,,14.1,46.8,0,0,0,
2026-05-12,09:04:59,maceta1,0,0,100,100,100,,,,,0,0,0,Lectura invalida de DHT
2026-05-12,09:04:59,maceta2,0,0,100,100,100,,,,,0,0,0,Lectura invalida de DHT
2026-05-12,09:05:26,maceta1,0,0,100,100,100,,,,,0,0,0,Lectura invalida de DHT
2026-05-12,09:05:26,maceta2,0,0,100,100,100,,,14.1,46.8,0,0,0,
2026-05-12,09:05:53,maceta1,0,0,100,100,100,,,,,0,0,0,Lectura invalida de DHT
2026-05-12,09:05:53,maceta2,0,0,100,100,100,,,14.1,46.8,0,0,0,
2026-05-12,09:06:19,maceta1,0,0,100,100,100,,,,,0,0,0,Lectura invalida de DHT
2026-05-12,09:06:19,maceta2,0,0,100,100,100,,,14.1,46.8,0,0,0,
2026-05-12,09:06:46,maceta1,0,0,100,100,100,,,,,0,0,0,Lectura invalida de DHT
2026-05-12,09:06:46,maceta2,0,0,100,100,100,,,,,0,0,0,Lectura invalida de DHT
2026-05-12,09:07:13,maceta1,0,0,100,100,100,,,,,0,0,0,Lectura invalida de DHT
2026-05-12,09:07:13,maceta2,0,0,100,100,100,,,14.1,46.8,0,0,0,
2026-05-12,09:07:40,maceta1,0,0,100,100,100,,,,,0,0,0,Lectura invalida de DHT
2026-05-12,09:07:40,maceta2,0,0,100,100,100,,,14.1,46.8,0,0,0,
2026-05-12,09:08:06,maceta1,0,0,100,100,100,,,,,0,0,0,Lectura invalida de DHT
2026-05-12,09:08:06,maceta2,0,0,100,100,100,,,14.1,46.8,0,0,0,
2026-05-12,09:08:34,maceta1,0,0,100,100,100,,,,,0,0,0,Lectura invalida de DHT
2026-05-12,09:08:34,maceta2,0,0,100,100,100,,,14.1,46.8,0,0,0,
2026-05-12,09:09:03,maceta1,0,0,100,100,100,,,,,0,0,0,Lectura invalida de DHT
2026-05-12,09:09:03,maceta2,0,0,100,100,100,,,14.1,46.8,0,0,0,
2026-05-12,09:09:40,maceta1,0,0,100,100,100,,,,,0,0,0,Lectura invalida de DHT
2026-05-12,09:09:40,maceta2,0,0,100,100,100,,,,,0,0,0,Lectura invalida de DHT
2026-05-12,09:10:12,maceta1,0,0,100,100,100,,,,,0,0,0,Lectura invalida de DHT
2026-05-12,09:10:12,maceta2,0,0,100,100,100,,,14.1,46.8,0,0,0,
2026-05-12,09:10:41,maceta1,0,0,100,100,100,,,,,0,0,0,Lectura invalida de DHT
2026-05-12,09:10:41,maceta2,0,0,100,100,100,,,,,0,0,0,Lectura invalida de DHT
2026-05-12,09:11:08,maceta1,0,0,100,100,100,,,,,0,0,0,Lectura invalida de DHT
2026-05-12,09:11:08,maceta2,0,0,100,100,100,,,14.1,46.8,0,0,0,
2026-05-12,09:11:35,maceta1,0,0,100,100,100,,,,,0,0,0,Lectura invalida de DHT
2026-05-12,09:11:35,maceta2,0,0,100,100,100,,,14.1,46.8,0,0,0,
2026-05-12,09:12:01,maceta1,0,0,100,100,100,,,,,0,0,0,Lectura invalida de DHT
2026-05-12,09:12:01,maceta2,0,0,100,100,100,,,,,0,0,0,Lectura invalida de DHT
2026-05-12,09:12:28,maceta1,0,0,100,100,100,,,,,0,0,0,Lectura invalida de DHT
2026-05-12,09:12:28,maceta2,0,0,100,100,100,,,,,0,0,0,Lectura invalida de DHT
2026-05-12,09:12:55,maceta1,0,0,100,100,100,,,,,0,0,0,Lectura invalida de DHT
2026-05-12,09:12:55,maceta2,0,0,100,100,100,,,14.1,46.8,0,0,0,
2026-05-12,09:13:22,maceta1,0,0,100,100,100,,,,,0,0,0,Lectura invalida de DHT
2026-05-12,09:13:22,maceta2,0,0,100,100,100,,,14.1,46.9,0,0,0,
2026-05-12,09:13:49,maceta1,0,0,100,100,100,,,,,0,0,0,Lectura invalida de DHT
2026-05-12,09:13:49,maceta2,0,0,100,100,100,,,14.1,46.9,0,0,0,
2026-05-12,09:14:15,maceta1,0,0,100,100,100,,,,,0,0,0,Lectura invalida de DHT
2026-05-12,09:14:15,maceta2,0,0,100,100,100,,,14.1,46.8,0,0,0,
2026-05-12,09:14:42,maceta1,0,0,100,100,100,,,,,0,0,0,Lectura invalida de DHT
2026-05-12,09:14:42,maceta2,0,0,100,100,100,,,,,0,0,0,Lectura invalida de DHT
2026-05-12,09:15:09,maceta1,0,0,100,100,100,,,,,0,0,0,Lectura invalida de DHT
2026-05-12,09:15:09,maceta2,0,0,100,100,100,,,14.1,46.9,0,0,0,
2026-05-12,09:15:36,maceta1,0,0,100,100,100,,,,,0,0,0,Lectura invalida de DHT
2026-05-12,09:15:36,maceta2,0,0,100,100,100,,,,,0,0,0,Lectura invalida de DHT
2026-05-12,09:16:02,maceta1,0,0,100,100,100,,,,,0,0,0,Lectura invalida de DHT
2026-05-12,09:16:02,maceta2,0,0,100,100,100,,,14.1,46.9,0,0,0,
2026-05-12,09:16:29,maceta1,0,0,100,100,100,,,,,0,0,0,Lectura invalida de DHT
2026-05-12,09:16:29,maceta2,0,0,100,100,100,,,,,0,0,0,Lectura invalida de DHT
2026-05-12,09:16:56,maceta1,0,0,100,100,100,,,,,0,0,0,Lectura invalida de DHT
2026-05-12,09:16:56,maceta2,0,0,100,100,100,,,14.1,46.9,0,0,0,
2026-05-12,09:17:23,maceta1,0,0,100,100,100,,,,,0,0,0,Lectura invalida de DHT
2026-05-12,09:17:23,maceta2,0,0,100,100,100,,,,,0,0,0,Lectura invalida de DHT
2026-05-12,09:17:49,maceta1,0,0,100,100,100,,,,,0,0,0,Lectura invalida de DHT
2026-05-12,09:17:49,maceta2,0,0,100,100,100,,,14.1,46.9,0,0,0,
2026-05-12,09:18:16,maceta1,0,0,100,100,100,,,,,0,0,0,Lectura invalida de DHT
2026-05-12,09:18:16,maceta2,0,0,100,100,100,,,14.1,46.9,0,0,0,
2026-05-12,09:18:43,maceta1,0,0,100,100,100,,,,,0,0,0,Lectura invalida de DHT
2026-05-12,09:18:43,maceta2,0,0,100,100,100,,,,,0,0,0,Lectura invalida de DHT
2026-05-12,09:19:10,maceta1,0,0,100,100,100,,,,,0,0,0,Lectura invalida de DHT
2026-05-12,09:19:10,maceta2,0,0,100,100,100,,,,,0,0,0,Lectura invalida de DHT
2026-05-12,09:19:36,maceta1,0,0,100,100,100,,,,,0,0,0,Lectura invalida de DHT
2026-05-12,09:19:36,maceta2,0,0,100,100,100,,,14.1,46.9,0,0,0,
2026-05-12,09:20:03,maceta1,0,0,100,100,100,,,,,0,0,0,Lectura invalida de DHT
2026-05-12,09:20:03,maceta2,0,0,100,100,100,,,,,0,0,0,Lectura invalida de DHT
2026-05-12,09:20:30,maceta1,0,0,100,100,100,,,,,0,0,0,Lectura invalida de DHT
2026-05-12,09:20:30,maceta2,0,0,100,100,100,,,14.1,46.9,0,0,0,
2026-05-12,09:20:57,maceta1,0,0,100,100,100,,,,,0,0,0,Lectura invalida de DHT
2026-05-12,09:20:57,maceta2,0,0,100,100,100,,,14.1,46.9,0,0,0,
2026-05-12,09:21:23,maceta1,0,0,100,100,100,,,,,0,0,0,Lectura invalida de DHT
2026-05-12,09:21:23,maceta2,0,0,100,100,100,,,,,0,0,0,Lectura invalida de DHT
2026-05-12,09:21:50,maceta1,0,0,100,100,100,,,,,0,0,0,Lectura invalida de DHT
2026-05-12,09:21:50,maceta2,0,0,100,100,100,,,14.2,46.9,0,0,0,
2026-05-12,09:22:17,maceta1,0,0,100,100,100,,,,,0,0,0,Lectura invalida de DHT
2026-05-12,09:22:17,maceta2,0,0,100,100,100,,,,,0,0,0,Lectura invalida de DHT
2026-05-12,09:22:44,maceta1,0,0,100,100,100,,,,,0,0,0,Lectura invalida de DHT
2026-05-12,09:22:44,maceta2,0,0,100,100,100,,,,,0,0,0,Lectura invalida de DHT
2026-05-12,09:23:11,maceta1,0,0,100,100,100,,,,,0,0,0,Lectura invalida de DHT
2026-05-12,09:23:11,maceta2,0,0,100,100,100,,,14.2,46.9,0,0,0,
2026-05-12,09:23:37,maceta1,0,0,100,100,100,,,,,0,0,0,Lectura invalida de DHT
2026-05-12,09:23:37,maceta2,0,0,100,100,100,,,,,0,0,0,Lectura invalida de DHT
2026-05-12,09:24:04,maceta1,0,0,100,100,100,,,,,0,0,0,Lectura invalida de DHT
2026-05-12,09:24:04,maceta2,0,0,100,100,100,,,14.2,46.9,0,0,0,
2026-05-12,09:24:31,maceta1,0,0,100,100,100,,,,,0,0,0,Lectura invalida de DHT
2026-05-12,09:24:31,maceta2,0,0,100,100,100,,,14.1,46.9,0,0,0,
2026-05-12,09:24:58,maceta1,0,0,100,100,100,,,,,0,0,0,Lectura invalida de DHT
2026-05-12,09:24:58,maceta2,0,0,100,100,100,,,14.2,46.9,0,0,0,
2026-05-12,09:25:25,maceta1,0,0,100,100,100,,,,,0,0,0,Lectura invalida de DHT
2026-05-12,09:25:25,maceta2,0,0,100,100,100,,,14.2,46.9,0,0,0,
2026-05-12,09:25:51,maceta1,0,0,100,100,100,,,,,0,0,0,Lectura invalida de DHT
2026-05-12,09:25:51,maceta2,0,0,100,100,100,,,,,0,0,0,Lectura invalida de DHT
2026-05-12,09:26:18,maceta1,0,0,100,100,100,,,,,0,0,0,Lectura invalida de DHT
2026-05-12,09:26:18,maceta2,0,0,100,100,100,,,14.2,47.0,0,0,0,
2026-05-12,09:26:45,maceta1,0,0,100,100,100,,,,,0,0,0,Lectura invalida de DHT
2026-05-12,09:26:45,maceta2,0,0,100,100,100,,,14.2,47.0,0,0,0,
2026-05-12,09:27:12,maceta1,0,0,100,100,100,,,,,0,0,0,Lectura invalida de DHT
2026-05-12,09:27:12,maceta2,0,0,100,100,100,,,,,0,0,0,Lectura invalida de DHT
2026-05-12,09:27:39,maceta1,0,0,100,100,100,,,,,0,0,0,Lectura invalida de DHT
2026-05-12,09:27:39,maceta2,0,0,100,100,100,,,14.2,46.9,0,0,0,
2026-05-12,09:28:06,maceta1,0,0,100,100,100,,,,,0,0,0,Lectura invalida de DHT
2026-05-12,09:28:06,maceta2,0,0,100,100,100,,,14.2,47.0,0,0,0,
2026-05-12,09:28:33,maceta1,0,0,100,100,100,,,,,0,0,0,Lectura invalida de DHT
2026-05-12,09:28:33,maceta2,0,0,100,100,100,,,14.2,46.9,0,0,0,
2026-05-12,09:29:00,maceta1,0,0,100,100,100,,,,,0,0,0,Lectura invalida de DHT
2026-05-12,09:29:00,maceta2,0,0,100,100,100,,,14.2,47.0,0,0,0,
2026-05-12,09:29:27,maceta1,0,0,100,100,100,,,,,0,0,0,Lectura invalida de DHT
2026-05-12,09:29:27,maceta2,0,0,100,100,100,,,14.2,47.0,0,0,0,
2026-05-12,09:29:53,maceta1,0,0,100,100,100,,,,,0,0,0,Lectura invalida de DHT
2026-05-12,09:29:53,maceta2,0,0,100,100,100,,,14.2,47.0,0,0,0,
2026-05-12,09:30:20,maceta1,0,0,100,100,100,,,,,0,0,0,Lectura invalida de DHT
2026-05-12,09:30:20,maceta2,0,0,100,100,100,,,,,0,0,0,Lectura invalida de DHT
2026-05-12,09:30:47,maceta1,0,0,100,100,100,,,,,0,0,0,Lectura invalida de DHT
2026-05-12,09:30:47,maceta2,0,0,100,100,100,,,,,0,0,0,Lectura invalida de DHT
2026-05-12,09:31:14,maceta1,0,0,100,100,100,,,,,0,0,0,Lectura invalida de DHT
2026-05-12,09:31:14,maceta2,0,0,100,100,100,,,14.2,47.0,0,0,0,
2026-05-12,09:31:40,maceta1,0,0,100,100,100,,,,,0,0,0,Lectura invalida de DHT
2026-05-12,09:31:40,maceta2,0,0,100,100,100,,,14.2,47.0,0,0,0,
2026-05-12,09:32:07,maceta1,0,0,100,100,100,,,,,0,0,0,Lectura invalida de DHT
2026-05-12,09:32:07,maceta2,0,0,100,100,100,,,14.2,47.0,0,0,0,
2026-05-12,09:32:34,maceta1,0,0,100,100,100,,,,,0,0,0,Lectura invalida de DHT
2026-05-12,09:32:34,maceta2,0,0,100,100,100,,,,,0,0,0,Lectura invalida de DHT
2026-05-12,09:33:01,maceta1,0,0,100,100,100,,,,,0,0,0,Lectura invalida de DHT
2026-05-12,09:33:01,maceta2,0,0,100,100,100,,,14.2,47.0,0,0,0,
2026-05-12,09:33:28,maceta1,0,0,100,100,100,,,,,0,0,0,Lectura invalida de DHT
2026-05-12,09:33:28,maceta2,0,0,100,100,100,,,14.2,47.0,0,0,0,
2026-05-12,09:33:55,maceta1,0,0,100,100,100,,,,,0,0,0,Lectura invalida de DHT
2026-05-12,09:33:55,maceta2,0,0,100,100,100,,,14.2,47.1,0,0,0,
2026-05-12,09:34:22,maceta1,0,0,100,100,100,,,,,0,0,0,Lectura invalida de DHT
2026-05-12,09:34:22,maceta2,0,0,100,100,100,,,,,0,0,0,Lectura invalida de DHT
2026-05-12,09:34:48,maceta1,0,0,100,100,100,,,,,0,0,0,Lectura invalida de DHT
2026-05-12,09:34:48,maceta2,0,0,100,100,100,,,14.2,47.1,0,0,0,
2026-05-12,09:35:15,maceta1,0,0,100,100,100,,,,,0,0,0,Lectura invalida de DHT
2026-05-12,09:35:15,maceta2,0,0,100,100,100,,,,,0,0,0,Lectura invalida de DHT
2026-05-12,09:35:42,maceta1,0,0,100,100,100,,,,,0,0,0,Lectura invalida de DHT
2026-05-12,09:35:42,maceta2,0,0,100,100,100,,,14.2,47.1,0,0,0,
2026-05-12,09:36:08,maceta1,0,0,100,100,100,,,,,0,0,0,Lectura invalida de DHT
2026-05-12,09:36:08,maceta2,0,0,100,100,100,,,14.2,47.1,0,0,0,
2026-05-12,09:36:35,maceta1,0,0,100,100,100,,,,,0,0,0,Lectura invalida de DHT
2026-05-12,09:36:35,maceta2,0,0,100,100,100,,,14.3,47.1,0,0,0,
2026-05-12,09:37:02,maceta1,0,0,100,100,100,,,,,0,0,0,Lectura invalida de DHT
2026-05-12,09:37:02,maceta2,0,0,100,100,100,,,,,0,0,0,Lectura invalida de DHT
2026-05-12,09:37:29,maceta1,0,0,100,100,100,,,,,0,0,0,Lectura invalida de DHT
2026-05-12,09:37:29,maceta2,0,0,100,100,100,,,14.2,47.1,0,0,0,
2026-05-12,09:37:56,maceta1,0,0,100,100,100,,,,,0,0,0,Lectura invalida de DHT
2026-05-12,09:37:56,maceta2,0,0,100,100,100,,,,,0,0,0,Lectura invalida de DHT
2026-05-12,09:38:23,maceta1,0,0,100,100,100,,,,,0,0,0,Lectura invalida de DHT
2026-05-12,09:38:23,maceta2,0,0,100,100,100,,,14.2,47.1,0,0,0,
2026-05-12,09:38:49,maceta1,0,0,100,100,100,,,,,0,0,0,Lectura invalida de DHT
2026-05-12,09:38:49,maceta2,0,0,100,100,100,,,14.3,47.1,0,0,0,
2026-05-12,09:39:16,maceta1,0,0,100,100,100,,,,,0,0,0,Lectura invalida de DHT
2026-05-12,09:39:16,maceta2,0,0,100,100,100,,,14.3,47.1,0,0,0,
2026-05-12,09:39:43,maceta1,0,0,100,100,100,,,,,0,0,0,Lectura invalida de DHT
2026-05-12,09:39:43,maceta2,0,0,100,100,100,,,14.3,47.1,0,0,0,
2026-05-12,09:40:10,maceta1,0,0,100,100,100,,,,,0,0,0,Lectura invalida de DHT
2026-05-12,09:40:10,maceta2,0,0,100,100,100,,,14.3,47.1,0,0,0,
2026-05-12,09:40:37,maceta1,0,0,100,100,100,,,,,0,0,0,Lectura invalida de DHT
2026-05-12,09:40:37,maceta2,0,0,100,100,100,,,14.3,47.0,0,0,0,
2026-05-12,09:41:03,maceta1,0,0,100,100,100,,,,,0,0,0,Lectura invalida de DHT
2026-05-12,09:41:03,maceta2,0,0,100,100,100,,,14.3,47.1,0,0,0,
2026-05-12,09:41:30,maceta1,0,0,100,100,100,,,,,0,0,0,Lectura invalida de DHT
2026-05-12,09:41:30,maceta2,0,0,100,100,100,,,14.3,47.1,0,0,0,
2026-05-12,09:41:57,maceta1,0,0,100,100,100,,,,,0,0,0,Lectura invalida de DHT
2026-05-12,09:41:57,maceta2,0,0,100,100,100,,,14.3,47.1,0,0,0,
2026-05-12,09:42:24,maceta1,0,0,100,100,100,,,,,0,0,0,Lectura invalida de DHT
2026-05-12,09:42:24,maceta2,0,0,100,100,100,,,14.3,47.1,0,0,0,
2026-05-12,09:42:51,maceta1,0,0,100,100,100,,,,,0,0,0,Lectura invalida de DHT
2026-05-12,09:42:51,maceta2,0,0,100,100,100,,,14.3,47.1,0,0,0,
2026-05-12,09:43:17,maceta1,0,0,100,100,100,,,,,0,0,0,Lectura invalida de DHT
2026-05-12,09:43:17,maceta2,0,0,100,100,100,,,14.3,47.1,0,0,0,
2026-05-12,09:43:44,maceta1,0,0,100,100,100,,,,,0,0,0,Lectura invalida de DHT
2026-05-12,09:43:44,maceta2,0,0,100,100,100,,,14.3,47.1,0,0,0,
2026-05-12,09:44:11,maceta1,0,0,100,100,100,,,,,0,0,0,Lectura invalida de DHT
2026-05-12,09:44:11,maceta2,0,0,100,100,100,,,14.3,47.2,0,0,0,
2026-05-12,09:44:38,maceta1,0,0,100,100,100,,,,,0,0,0,Lectura invalida de DHT
2026-05-12,09:44:38,maceta2,0,0,100,100,100,,,,,0,0,0,Lectura invalida de DHT
2026-05-12,09:45:05,maceta1,0,0,100,100,100,,,,,0,0,0,Lectura invalida de DHT
2026-05-12,09:45:05,maceta2,0,0,100,100,100,,,14.3,47.1,0,0,0,
2026-05-12,09:45:31,maceta1,0,0,100,100,100,,,,,0,0,0,Lectura invalida de DHT
2026-05-12,09:45:31,maceta2,0,0,100,100,100,,,14.3,47.2,0,0,0,
2026-05-12,09:45:58,maceta1,0,0,100,100,100,,,,,0,0,0,Lectura invalida de DHT
2026-05-12,09:45:58,maceta2,0,0,100,100,100,,,14.3,47.2,0,0,0,
2026-05-12,09:46:25,maceta1,0,0,100,100,100,,,,,0,0,0,Lectura invalida de DHT
2026-05-12,09:46:25,maceta2,0,0,100,100,100,,,14.3,47.2,0,0,0,
2026-05-12,09:46:52,maceta1,0,0,100,100,100,,,,,0,0,0,Lectura invalida de DHT
2026-05-12,09:46:52,maceta2,0,0,100,100,100,,,14.3,47.1,0,0,0,
2026-05-12,09:47:18,maceta1,0,0,100,100,100,,,,,0,0,0,Lectura invalida de DHT
2026-05-12,09:47:18,maceta2,0,0,100,100,100,,,,,0,0,0,Lectura invalida de DHT
2026-05-12,09:47:45,maceta1,0,0,100,100,100,,,,,0,0,0,Lectura invalida de DHT
2026-05-12,09:47:45,maceta2,0,0,100,100,100,,,,,0,0,0,Lectura invalida de DHT
2026-05-12,09:48:12,maceta1,0,0,100,100,100,,,,,0,0,0,Lectura invalida de DHT
2026-05-12,09:48:12,maceta2,0,0,100,100,100,,,,,0,0,0,Lectura invalida de DHT
2026-05-12,09:48:39,maceta1,0,0,100,100,100,,,,,0,0,0,Lectura invalida de DHT
2026-05-12,09:48:39,maceta2,0,0,100,100,100,,,,,0,0,0,Lectura invalida de DHT
2026-05-12,09:49:06,maceta1,0,0,100,100,100,,,,,0,0,0,Lectura invalida de DHT
2026-05-12,09:49:06,maceta2,0,0,100,100,100,,,14.3,47.2,0,0,0,
2026-05-12,09:49:33,maceta1,0,0,100,100,100,,,,,0,0,0,Lectura invalida de DHT
2026-05-12,09:49:33,maceta2,0,0,100,100,100,,,14.3,47.2,0,0,0,
2026-05-12,09:50:00,maceta1,0,0,100,100,100,,,,,0,0,0,Lectura invalida de DHT
2026-05-12,09:50:00,maceta2,0,0,100,100,100,,,14.3,47.2,0,0,0,
2026-05-12,09:50:26,maceta1,0,0,100,100,100,,,,,0,0,0,Lectura invalida de DHT
2026-05-12,09:50:26,maceta2,0,0,100,100,100,,,14.3,47.2,0,0,0,
2026-05-12,09:50:53,maceta1,0,0,100,100,100,,,,,0,0,0,Lectura invalida de DHT
2026-05-12,09:50:53,maceta2,0,0,100,100,100,,,,,0,0,0,Lectura invalida de DHT
2026-05-12,09:51:20,maceta1,0,0,100,100,100,,,,,0,0,0,Lectura invalida de DHT
2026-05-12,09:51:20,maceta2,0,0,100,100,100,,,14.3,47.2,0,0,0,
2026-05-12,09:51:47,maceta1,0,0,100,100,100,,,,,0,0,0,Lectura invalida de DHT
2026-05-12,09:51:47,maceta2,0,0,100,100,100,,,14.3,47.2,0,0,0,
2026-05-12,09:52:14,maceta1,0,0,100,100,100,,,,,0,0,0,Lectura invalida de DHT
2026-05-12,09:52:14,maceta2,0,0,100,100,100,,,,,0,0,0,Lectura invalida de DHT
2026-05-12,09:52:41,maceta1,0,0,100,100,100,,,,,0,0,0,Lectura invalida de DHT
2026-05-12,09:52:41,maceta2,0,0,100,100,100,,,14.4,47.2,0,0,0,
2026-05-12,09:53:07,maceta1,0,0,100,100,100,,,,,0,0,0,Lectura invalida de DHT
2026-05-12,09:53:07,maceta2,0,0,100,100,100,,,14.4,47.2,0,0,0,
2026-05-12,09:53:35,maceta1,0,0,100,100,100,,,,,0,0,0,Lectura invalida de DHT
2026-05-12,09:53:35,maceta2,0,0,100,100,100,,,14.4,47.2,0,0,0,
2026-05-12,09:54:01,maceta1,0,0,100,100,100,,,,,0,0,0,Lectura invalida de DHT
2026-05-12,09:54:01,maceta2,0,0,100,100,100,,,14.3,47.2,0,0,0,
2026-05-12,09:54:28,maceta1,0,0,100,100,100,,,,,0,0,0,Lectura invalida de DHT
2026-05-12,09:54:28,maceta2,0,0,100,100,100,,,14.4,47.2,0,0,0,
2026-05-12,09:54:55,maceta1,0,0,100,100,100,,,,,0,0,0,Lectura invalida de DHT
2026-05-12,09:54:55,maceta2,0,0,100,100,100,,,,,0,0,0,Lectura invalida de DHT
2026-05-12,09:55:22,maceta1,0,0,100,100,100,,,,,0,0,0,Lectura invalida de DHT
2026-05-12,09:55:22,maceta2,0,0,100,100,100,,,14.4,47.2,0,0,0,
2026-05-12,09:55:49,maceta1,0,0,100,100,100,,,,,0,0,0,Lectura invalida de DHT
2026-05-12,09:55:49,maceta2,0,0,100,100,100,,,14.4,47.2,0,0,0,
2026-05-12,09:56:16,maceta1,0,0,100,100,100,,,,,0,0,0,Lectura invalida de DHT
2026-05-12,09:56:16,maceta2,0,0,100,100,100,,,14.4,47.2,0,0,0,
2026-05-12,09:56:43,maceta1,0,0,100,100,100,,,,,0,0,0,Lectura invalida de DHT
2026-05-12,09:56:43,maceta2,0,0,100,100,100,,,,,0,0,0,Lectura invalida de DHT
2026-05-12,09:57:09,maceta1,0,0,100,100,100,,,,,0,0,0,Lectura invalida de DHT
2026-05-12,09:57:09,maceta2,0,0,100,100,100,,,14.4,47.2,0,0,0,
2026-05-12,09:57:36,maceta1,0,0,100,100,100,,,,,0,0,0,Lectura invalida de DHT
2026-05-12,09:57:36,maceta2,0,0,100,100,100,,,14.4,47.2,0,0,0,
2026-05-12,09:58:03,maceta1,0,0,100,100,100,,,,,0,0,0,Lectura invalida de DHT
2026-05-12,09:58:03,maceta2,0,0,100,100,100,,,,,0,0,0,Lectura invalida de DHT
2026-05-12,09:58:30,maceta1,0,0,100,100,100,,,,,0,0,0,Lectura invalida de DHT
2026-05-12,09:58:30,maceta2,0,0,100,100,100,,,14.4,47.2,0,0,0,
2026-05-12,09:58:57,maceta1,0,0,100,100,100,,,,,0,0,0,Lectura invalida de DHT
2026-05-12,09:58:57,maceta2,0,0,100,100,100,,,14.4,47.2,0,0,0,
2026-05-12,09:59:23,maceta1,0,0,100,100,100,,,,,0,0,0,Lectura invalida de DHT
2026-05-12,09:59:23,maceta2,0,0,100,100,100,,,14.4,47.2,0,0,0,
2026-05-12,09:59:50,maceta1,0,0,100,100,100,,,,,0,0,0,Lectura invalida de DHT
2026-05-12,09:59:50,maceta2,0,0,100,100,100,,,14.4,47.2,0,0,0,
2026-05-12,10:00:17,maceta1,0,0,100,100,100,,,,,0,0,0,Lectura invalida de DHT
2026-05-12,10:00:17,maceta2,0,0,100,100,100,,,14.4,47.2,0,0,0,
2026-05-12,10:00:44,maceta1,0,0,100,100,100,,,,,0,0,0,Lectura invalida de DHT
2026-05-12,10:00:44,maceta2,0,0,100,100,100,,,14.4,47.2,0,0,0,
2026-05-12,10:01:11,maceta1,0,0,100,100,100,,,,,0,0,0,Lectura invalida de DHT
2026-05-12,10:01:11,maceta2,0,0,100,100,100,,,14.4,47.1,0,0,0,
2026-05-12,10:01:37,maceta1,0,0,100,100,100,,,,,0,0,0,Lectura invalida de DHT
2026-05-12,10:01:37,maceta2,0,0,100,100,100,,,14.4,47.2,0,0,0,
2026-05-12,10:02:04,maceta1,0,0,100,100,100,,,,,0,0,0,Lectura invalida de DHT
2026-05-12,10:02:04,maceta2,0,0,100,100,100,,,,,0,0,0,Lectura invalida de DHT
2026-05-12,10:02:31,maceta1,0,0,100,100,100,,,,,0,0,0,Lectura invalida de DHT
2026-05-12,10:02:31,maceta2,0,0,100,100,100,,,14.4,47.2,0,0,0,
2026-05-12,10:02:58,maceta1,0,0,100,100,100,,,,,0,0,0,Lectura invalida de DHT
2026-05-12,10:02:58,maceta2,0,0,100,100,100,,,14.4,47.1,0,0,0,
2026-05-12,10:03:25,maceta1,0,0,100,100,100,,,,,0,0,0,Lectura invalida de DHT
2026-05-12,10:03:25,maceta2,0,0,100,100,100,,,,,0,0,0,Lectura invalida de DHT
2026-05-12,10:03:52,maceta1,0,0,100,100,100,,,,,0,0,0,Lectura invalida de DHT
2026-05-12,10:03:52,maceta2,0,0,100,100,100,,,14.5,47.1,0,0,0,
2026-05-12,10:04:18,maceta1,0,0,100,100,100,,,,,0,0,0,Lectura invalida de DHT
2026-05-12,10:04:18,maceta2,0,0,100,100,100,,,14.5,47.2,0,0,0,
2026-05-12,10:04:45,maceta1,0,0,100,100,100,,,,,0,0,0,Lectura invalida de DHT
2026-05-12,10:04:45,maceta2,0,0,100,100,100,,,14.4,47.2,0,0,0,
2026-05-12,10:05:12,maceta1,0,0,100,100,100,,,,,0,0,0,Lectura invalida de DHT
2026-05-12,10:05:12,maceta2,0,0,100,100,100,,,14.5,47.2,0,0,0,
2026-05-12,10:05:39,maceta1,0,0,100,100,100,,,,,0,0,0,Lectura invalida de DHT
2026-05-12,10:05:39,maceta2,0,0,100,100,100,,,14.5,47.2,0,0,0,
2026-05-12,10:06:05,maceta1,0,0,100,100,100,,,,,0,0,0,Lectura invalida de DHT
2026-05-12,10:06:05,maceta2,0,0,100,100,100,,,14.5,47.2,0,0,0,
2026-05-12,10:06:32,maceta1,0,0,100,100,100,,,,,0,0,0,Lectura invalida de DHT
2026-05-12,10:06:32,maceta2,0,0,100,100,100,,,14.5,47.2,0,0,0,
2026-05-12,10:06:59,maceta1,0,0,100,100,100,,,,,0,0,0,Lectura invalida de DHT
2026-05-12,10:06:59,maceta2,0,0,100,100,100,,,14.5,47.2,0,0,0,
2026-05-12,10:07:26,maceta1,0,0,100,100,100,,,,,0,0,0,Lectura invalida de DHT
2026-05-12,10:07:26,maceta2,0,0,100,100,100,,,14.5,47.2,0,0,0,
2026-05-12,10:07:52,maceta1,0,0,100,100,100,,,,,0,0,0,Lectura invalida de DHT
2026-05-12,10:07:52,maceta2,0,0,100,100,100,,,,,0,0,0,Lectura invalida de DHT
2026-05-12,10:08:19,maceta1,0,0,100,100,100,,,,,0,0,0,Lectura invalida de DHT
2026-05-12,10:08:19,maceta2,0,0,100,100,100,,,14.5,47.2,0,0,0,
2026-05-12,10:08:46,maceta1,0,0,100,100,100,,,,,0,0,0,Lectura invalida de DHT
2026-05-12,10:08:46,maceta2,0,0,100,100,100,,,14.5,47.2,0,0,0,
2026-05-12,10:09:13,maceta1,0,0,100,100,100,,,,,0,0,0,Lectura invalida de DHT
2026-05-12,10:09:13,maceta2,0,0,100,100,100,,,,,0,0,0,Lectura invalida de DHT
2026-05-12,10:09:40,maceta1,0,0,100,100,100,,,,,0,0,0,Lectura invalida de DHT
2026-05-12,10:09:40,maceta2,0,0,100,100,100,,,14.5,47.2,0,0,0,
2026-05-12,10:10:06,maceta1,0,0,100,100,100,,,,,0,0,0,Lectura invalida de DHT
2026-05-12,10:10:06,maceta2,0,0,100,100,100,,,14.5,47.2,0,0,0,
2026-05-12,10:10:33,maceta1,0,0,100,100,100,,,,,0,0,0,Lectura invalida de DHT
2026-05-12,10:10:33,maceta2,0,0,100,100,100,,,,,0,0,0,Lectura invalida de DHT
2026-05-12,10:11:00,maceta1,0,0,100,100,100,,,,,0,0,0,Lectura invalida de DHT
2026-05-12,10:11:00,maceta2,0,0,100,100,100,,,14.5,47.2,0,0,0,
2026-05-12,10:11:27,maceta1,0,0,100,100,100,,,,,0,0,0,Lectura invalida de DHT
2026-05-12,10:11:27,maceta2,0,0,100,100,100,,,,,0,0,0,Lectura invalida de DHT
2026-05-12,10:11:54,maceta1,0,0,100,100,100,,,,,0,0,0,Lectura invalida de DHT
2026-05-12,10:11:54,maceta2,0,0,100,100,100,,,14.5,47.2,0,0,0,
2026-05-12,10:12:20,maceta1,0,0,100,100,100,,,,,0,0,0,Lectura invalida de DHT
2026-05-12,10:12:20,maceta2,0,0,100,100,100,,,14.5,47.2,0,0,0,
2026-05-12,10:12:52,maceta1,0,0,100,100,100,,,,,0,0,0,Lectura invalida de DHT
2026-05-12,10:12:52,maceta2,0,0,100,100,100,,,14.5,47.2,0,0,0,
2026-05-12,10:13:19,maceta1,0,0,100,100,100,,,,,0,0,0,Lectura invalida de DHT
2026-05-12,10:13:19,maceta2,0,0,100,100,100,,,,,0,0,0,Lectura invalida de DHT
2026-05-12,10:13:46,maceta1,0,0,100,100,100,,,,,0,0,0,Lectura invalida de DHT
2026-05-12,10:13:46,maceta2,0,0,100,100,100,,,14.5,47.2,0,0,0,
2026-05-12,10:14:13,maceta1,0,0,100,100,100,,,,,0,0,0,Lectura invalida de DHT
2026-05-12,10:14:13,maceta2,0,0,100,100,100,,,14.5,47.2,0,0,0,
2026-05-12,10:14:41,maceta1,0,0,100,100,100,,,,,0,0,0,Lectura invalida de DHT
2026-05-12,10:14:41,maceta2,0,0,100,100,100,,,14.5,47.2,0,0,0,
2026-05-12,10:15:08,maceta1,0,0,100,100,100,,,,,0,0,0,Lectura invalida de DHT
2026-05-12,10:15:08,maceta2,0,0,100,100,100,,,,,0,0,0,Lectura invalida de DHT
2026-05-12,10:15:34,maceta1,0,0,100,100,100,,,,,0,0,0,Lectura invalida de DHT
2026-05-12,10:15:34,maceta2,0,0,100,100,100,,,14.5,47.2,0,0,0,
2026-05-12,10:16:01,maceta1,0,0,100,100,100,,,,,0,0,0,Lectura invalida de DHT
2026-05-12,10:16:01,maceta2,0,0,100,100,100,,,14.5,47.2,0,0,0,
2026-05-12,10:16:28,maceta1,0,0,100,100,100,,,,,0,0,0,Lectura invalida de DHT
2026-05-12,10:16:28,maceta2,0,0,100,100,100,,,14.5,47.2,0,0,0,
2026-05-12,10:16:55,maceta1,0,0,100,100,100,,,,,0,0,0,Lectura invalida de DHT
2026-05-12,10:16:55,maceta2,0,0,100,100,100,,,,,0,0,0,Lectura invalida de DHT
2026-05-12,10:17:21,maceta1,0,0,100,100,100,,,,,0,0,0,Lectura invalida de DHT
2026-05-12,10:17:21,maceta2,0,0,100,100,100,,,14.6,47.2,0,0,0,
2026-05-12,10:17:48,maceta1,0,0,100,100,100,,,,,0,0,0,Lectura invalida de DHT
2026-05-12,10:17:48,maceta2,0,0,100,100,100,,,14.6,47.2,0,0,0,
2026-05-12,10:18:15,maceta1,0,0,100,100,100,,,,,0,0,0,Lectura invalida de DHT
2026-05-12,10:18:15,maceta2,0,0,100,100,100,,,14.6,47.2,0,0,0,
2026-05-12,10:18:42,maceta1,0,0,100,100,100,,,,,0,0,0,Lectura invalida de DHT
2026-05-12,10:18:42,maceta2,0,0,100,100,100,,,14.6,47.2,0,0,0,
2026-05-12,10:19:08,maceta1,0,0,100,100,100,,,,,0,0,0,Lectura invalida de DHT
2026-05-12,10:19:08,maceta2,0,0,100,100,100,,,14.5,47.2,0,0,0,
2026-05-12,10:19:35,maceta1,0,0,100,100,100,,,,,0,0,0,Lectura invalida de DHT
2026-05-12,10:19:35,maceta2,0,0,100,100,100,,,,,0,0,0,Lectura invalida de DHT
2026-05-12,10:20:02,maceta1,0,0,100,100,100,,,,,0,0,0,Lectura invalida de DHT
2026-05-12,10:20:02,maceta2,0,0,100,100,100,,,14.6,47.2,0,0,0,
2026-05-12,10:20:29,maceta1,0,0,100,100,100,,,,,0,0,0,Lectura invalida de DHT
2026-05-12,10:20:29,maceta2,0,0,100,100,100,,,14.6,47.2,0,0,0,
2026-05-12,10:20:56,maceta1,0,0,100,100,100,,,,,0,0,0,Lectura invalida de DHT
2026-05-12,10:20:56,maceta2,0,0,100,100,100,,,14.6,47.2,0,0,0,
2026-05-12,10:21:22,maceta1,0,0,100,100,100,,,,,0,0,0,Lectura invalida de DHT
2026-05-12,10:21:22,maceta2,0,0,100,100,100,,,14.6,47.2,0,0,0,
2026-05-12,10:21:49,maceta1,0,0,100,100,100,,,,,0,0,0,Lectura invalida de DHT
2026-05-12,10:21:49,maceta2,0,0,100,100,100,,,14.6,47.2,0,0,0,
2026-05-12,10:22:16,maceta1,0,0,100,100,100,,,,,0,0,0,Lectura invalida de DHT
2026-05-12,10:22:16,maceta2,0,0,100,100,100,,,14.6,47.2,0,0,0,
2026-05-12,10:22:43,maceta1,0,0,100,100,100,,,,,0,0,0,Lectura invalida de DHT
2026-05-12,10:22:43,maceta2,0,0,100,100,100,,,,,0,0,0,Lectura invalida de DHT
2026-05-12,10:23:09,maceta1,0,0,100,100,100,,,,,0,0,0,Lectura invalida de DHT
2026-05-12,10:23:09,maceta2,0,0,100,100,100,,,14.6,47.2,0,0,0,
2026-05-12,10:23:36,maceta1,0,0,100,100,100,,,,,0,0,0,Lectura invalida de DHT
2026-05-12,10:23:36,maceta2,0,0,100,100,100,,,,,0,0,0,Lectura invalida de DHT
2026-05-12,10:24:03,maceta1,0,0,100,100,100,,,,,0,0,0,Lectura invalida de DHT
2026-05-12,10:24:03,maceta2,0,0,100,100,100,,,14.6,47.2,0,0,0,
2026-05-12,10:24:30,maceta1,0,0,100,100,100,,,,,0,0,0,Lectura invalida de DHT
2026-05-12,10:24:30,maceta2,0,0,100,100,100,,,,,0,0,0,Lectura invalida de DHT
2026-05-12,10:24:57,maceta1,0,0,100,100,100,,,,,0,0,0,Lectura invalida de DHT
2026-05-12,10:24:57,maceta2,0,0,100,100,100,,,,,0,0,0,Lectura invalida de DHT
2026-05-12,10:25:24,maceta1,0,0,100,100,100,,,,,0,0,0,Lectura invalida de DHT
2026-05-12,10:25:24,maceta2,0,0,100,100,100,,,14.6,47.2,0,0,0,
2026-05-12,10:25:52,maceta1,0,0,100,100,100,,,,,0,0,0,Lectura invalida de DHT
2026-05-12,10:25:52,maceta2,0,0,100,100,100,,,14.6,47.2,0,0,0,
2026-05-12,10:26:19,maceta1,0,0,100,100,100,,,,,0,0,0,Lectura invalida de DHT
2026-05-12,10:26:19,maceta2,0,0,100,100,100,,,14.6,47.2,0,0,0,
2026-05-12,10:26:46,maceta1,0,0,100,100,100,,,,,0,0,0,Lectura invalida de DHT
2026-05-12,10:26:46,maceta2,0,0,100,100,100,,,14.6,47.2,0,0,0,
2026-05-12,10:27:14,maceta1,0,0,100,100,100,,,,,0,0,0,Lectura invalida de DHT
2026-05-12,10:27:14,maceta2,0,0,100,100,100,,,,,0,0,0,Lectura invalida de DHT
2026-05-12,10:27:40,maceta1,0,0,100,100,100,,,,,0,0,0,Lectura invalida de DHT
2026-05-12,10:27:40,maceta2,0,0,100,100,100,,,14.6,47.2,0,0,0,
2026-05-12,10:28:07,maceta1,0,0,100,100,100,,,,,0,0,0,Lectura invalida de DHT
2026-05-12,10:28:07,maceta2,0,0,100,100,100,,,14.6,47.2,0,0,0,
2026-05-12,10:28:34,maceta1,0,0,100,100,100,,,,,0,0,0,Lectura invalida de DHT
2026-05-12,10:28:34,maceta2,0,0,100,100,100,,,,,0,0,0,Lectura invalida de DHT
2026-05-12,10:29:01,maceta1,0,0,100,100,100,,,,,0,0,0,Lectura invalida de DHT
2026-05-12,10:29:01,maceta2,0,0,100,100,100,,,14.6,47.2,0,0,0,
2026-05-12,10:29:28,maceta1,0,0,100,100,100,,,,,0,0,0,Lectura invalida de DHT
2026-05-12,10:29:28,maceta2,0,0,100,100,100,,,14.6,47.2,0,0,0,
2026-05-12,10:29:55,maceta1,0,0,100,100,100,,,,,0,0,0,Lectura invalida de DHT
2026-05-12,10:29:55,maceta2,0,0,100,100,100,,,,,0,0,0,Lectura invalida de DHT
2026-05-12,10:30:24,maceta1,0,0,100,100,100,,,,,0,0,0,Lectura invalida de DHT
2026-05-12,10:30:24,maceta2,0,0,100,100,100,,,,,0,0,0,Lectura invalida de DHT
2026-05-12,10:31:00,maceta1,0,0,100,100,100,,,,,0,0,0,Lectura invalida de DHT
2026-05-12,10:31:00,maceta2,0,0,100,100,100,,,14.6,47.2,0,0,0,
2026-05-12,10:31:37,maceta1,0,0,100,100,100,,,,,0,0,0,Lectura invalida de DHT
2026-05-12,10:31:37,maceta2,0,0,100,100,100,,,14.6,47.3,0,0,0,
2026-05-12,10:32:04,maceta1,0,0,100,100,100,,,,,0,0,0,Lectura invalida de DHT
2026-05-12,10:32:04,maceta2,0,0,100,100,100,,,,,0,0,0,Lectura invalida de DHT
2026-05-12,10:32:30,maceta1,0,0,100,100,100,,,,,0,0,0,Lectura invalida de DHT
2026-05-12,10:32:30,maceta2,0,0,100,100,100,,,,,0,0,0,Lectura invalida de DHT
2026-05-12,10:32:57,maceta1,0,0,100,100,100,,,,,0,0,0,Lectura invalida de DHT
2026-05-12,10:32:57,maceta2,0,0,100,100,100,,,14.6,47.2,0,0,0,
2026-05-12,10:33:24,maceta1,0,0,100,100,100,,,,,0,0,0,Lectura invalida de DHT
2026-05-12,10:33:24,maceta2,0,0,100,100,100,,,,,0,0,0,Lectura invalida de DHT
2026-05-12,10:33:51,maceta1,0,0,100,100,100,,,,,0,0,0,Lectura invalida de DHT
2026-05-12,10:33:51,maceta2,0,0,100,100,100,,,14.6,47.3,0,0,0,
2026-05-12,10:34:18,maceta1,0,0,100,100,100,,,,,0,0,0,Lectura invalida de DHT
2026-05-12,10:34:18,maceta2,0,0,100,100,100,,,,,0,0,0,Lectura invalida de DHT
2026-05-12,10:34:45,maceta1,0,0,100,100,100,,,,,0,0,0,Lectura invalida de DHT
2026-05-12,10:34:45,maceta2,0,0,100,100,100,,,14.7,47.3,0,0,0,
2026-05-12,10:35:11,maceta1,0,0,100,100,100,,,,,0,0,0,Lectura invalida de DHT
2026-05-12,10:35:11,maceta2,0,0,100,100,100,,,,,0,0,0,Lectura invalida de DHT
2026-05-12,10:35:38,maceta1,0,0,100,100,100,,,,,0,0,0,Lectura invalida de DHT
2026-05-12,10:35:38,maceta2,0,0,100,100,100,,,,,0,0,0,Lectura invalida de DHT
2026-05-12,10:36:05,maceta1,0,0,100,100,100,,,,,0,0,0,Lectura invalida de DHT
2026-05-12,10:36:05,maceta2,0,0,100,100,100,,,,,0,0,0,Lectura invalida de DHT
2026-05-12,10:36:32,maceta1,0,0,100,100,100,,,,,0,0,0,Lectura invalida de DHT
2026-05-12,10:36:32,maceta2,0,0,100,100,100,,,14.7,47.2,0,0,0,
2026-05-12,10:36:59,maceta1,0,0,100,100,100,,,,,0,0,0,Lectura invalida de DHT
2026-05-12,10:36:59,maceta2,0,0,100,100,100,,,,,0,0,0,Lectura invalida de DHT
2026-05-12,10:37:26,maceta1,0,0,100,100,100,,,,,0,0,0,Lectura invalida de DHT
2026-05-12,10:37:26,maceta2,0,0,100,100,100,,,14.6,47.2,0,0,0,
2026-05-12,10:37:52,maceta1,0,0,100,100,100,,,,,0,0,0,Lectura invalida de DHT
2026-05-12,10:37:52,maceta2,0,0,100,100,100,,,14.7,47.2,0,0,0,
2026-05-12,10:38:19,maceta1,0,0,100,100,100,,,,,0,0,0,Lectura invalida de DHT
2026-05-12,10:38:19,maceta2,0,0,100,100,100,,,14.7,47.2,0,0,0,
2026-05-12,10:38:46,maceta1,0,0,100,100,100,,,,,0,0,0,Lectura invalida de DHT
2026-05-12,10:38:46,maceta2,0,0,100,100,100,,,,,0,0,0,Lectura invalida de DHT
2026-05-12,10:39:13,maceta1,0,0,100,100,100,,,,,0,0,0,Lectura invalida de DHT
2026-05-12,10:39:13,maceta2,0,0,100,100,100,,,14.7,47.2,0,0,0,
2026-05-12,10:39:40,maceta1,0,0,100,100,100,,,,,0,0,0,Lectura invalida de DHT
2026-05-12,10:39:40,maceta2,0,0,100,100,100,,,14.7,47.2,0,0,0,
2026-05-12,10:40:06,maceta1,0,0,100,100,100,,,,,0,0,0,Lectura invalida de DHT
2026-05-12,10:40:06,maceta2,0,0,100,100,100,,,14.7,47.2,0,0,0,
2026-05-12,10:40:33,maceta1,0,0,100,100,100,,,,,0,0,0,Lectura invalida de DHT
2026-05-12,10:40:33,maceta2,0,0,100,100,100,,,14.7,47.2,0,0,0,
2026-05-12,10:41:00,maceta1,0,0,100,100,100,,,,,0,0,0,Lectura invalida de DHT
2026-05-12,10:41:00,maceta2,0,0,100,100,100,,,14.7,47.3,0,0,0,
2026-05-12,10:41:27,maceta1,0,0,100,100,100,,,,,0,0,0,Lectura invalida de DHT
2026-05-12,10:41:27,maceta2,0,0,100,100,100,,,,,0,0,0,Lectura invalida de DHT
2026-05-12,10:41:53,maceta1,0,0,100,100,100,,,,,0,0,0,Lectura invalida de DHT
2026-05-12,10:41:53,maceta2,0,0,100,100,100,,,14.7,47.3,0,0,0,
2026-05-12,10:42:22,maceta1,0,0,100,100,100,,,,,0,0,0,Lectura invalida de DHT
2026-05-12,10:42:22,maceta2,0,0,100,100,100,,,14.7,47.3,0,0,0,
2026-05-12,10:42:49,maceta1,0,0,100,100,100,,,,,0,0,0,Lectura invalida de DHT
2026-05-12,10:42:49,maceta2,0,0,100,100,100,,,,,0,0,0,Lectura invalida de DHT
2026-05-12,10:43:16,maceta1,0,0,100,100,100,,,,,0,0,0,Lectura invalida de DHT
2026-05-12,10:43:16,maceta2,0,0,100,100,100,,,14.7,47.3,0,0,0,
2026-05-12,10:43:43,maceta1,0,0,100,100,100,,,,,0,0,0,Lectura invalida de DHT
2026-05-12,10:43:43,maceta2,0,0,100,100,100,,,,,0,0,0,Lectura invalida de DHT
2026-05-12,10:44:09,maceta1,0,0,100,100,100,,,,,0,0,0,Lectura invalida de DHT
2026-05-12,10:44:09,maceta2,0,0,100,100,100,,,,,0,0,0,Lectura invalida de DHT
2026-05-12,10:44:36,maceta1,0,0,100,100,100,,,,,0,0,0,Lectura invalida de DHT
2026-05-12,10:44:36,maceta2,0,0,100,100,100,,,14.7,47.3,0,0,0,
2026-05-12,10:45:03,maceta1,0,0,100,100,100,,,,,0,0,0,Lectura invalida de DHT
2026-05-12,10:45:03,maceta2,0,0,100,100,100,,,14.7,47.3,0,0,0,
2026-05-12,10:45:30,maceta1,0,0,100,100,100,,,,,0,0,0,Lectura invalida de DHT
2026-05-12,10:45:30,maceta2,0,0,100,100,100,,,,,0,0,0,Lectura invalida de DHT
2026-05-12,10:45:56,maceta1,0,0,100,100,100,,,,,0,0,0,Lectura invalida de DHT
2026-05-12,10:45:56,maceta2,0,0,100,100,100,,,14.7,47.4,0,0,0,
2026-05-12,10:46:23,maceta1,0,0,100,100,100,,,,,0,0,0,Lectura invalida de DHT
2026-05-12,10:46:23,maceta2,0,0,100,100,100,,,14.7,47.4,0,0,0,
2026-05-12,10:46:50,maceta1,0,0,100,100,100,,,,,0,0,0,Lectura invalida de DHT
2026-05-12,10:46:50,maceta2,0,0,100,100,100,,,14.7,47.4,0,0,0,
2026-05-12,10:47:17,maceta1,0,0,100,100,100,,,,,0,0,0,Lectura invalida de DHT
2026-05-12,10:47:17,maceta2,0,0,100,100,100,,,14.7,47.4,0,0,0,
2026-05-12,10:47:43,maceta1,0,0,100,100,100,,,,,0,0,0,Lectura invalida de DHT
2026-05-12,10:47:43,maceta2,0,0,100,100,100,,,14.7,47.4,0,0,0,
2026-05-12,10:48:10,maceta1,0,0,100,100,100,,,,,0,0,0,Lectura invalida de DHT
2026-05-12,10:48:10,maceta2,0,0,100,100,100,,,,,0,0,0,Lectura invalida de DHT
2026-05-12,10:48:37,maceta1,0,0,100,100,100,,,,,0,0,0,Lectura invalida de DHT
2026-05-12,10:48:37,maceta2,0,0,100,100,100,,,14.7,47.4,0,0,0,
2026-05-12,10:49:04,maceta1,0,0,100,100,100,,,,,0,0,0,Lectura invalida de DHT
2026-05-12,10:49:04,maceta2,0,0,100,100,100,,,14.7,47.5,0,0,0,
2026-05-12,10:49:31,maceta1,0,0,100,100,100,,,,,0,0,0,Lectura invalida de DHT
2026-05-12,10:49:31,maceta2,0,0,100,100,100,,,14.7,47.4,0,0,0,
2026-05-12,10:49:57,maceta1,0,0,100,100,100,,,,,0,0,0,Lectura invalida de DHT
2026-05-12,10:49:57,maceta2,0,0,100,100,100,,,14.7,47.4,0,0,0,
2026-05-12,10:50:25,maceta1,0,0,100,100,100,,,,,0,0,0,Lectura invalida de DHT
2026-05-12,10:50:25,maceta2,0,0,100,100,100,,,14.7,47.5,0,0,0,
2026-05-12,10:50:52,maceta1,0,0,100,100,100,,,,,0,0,0,Lectura invalida de DHT
2026-05-12,10:50:52,maceta2,0,0,100,100,100,,,14.7,47.5,0,0,0,
2026-05-12,10:51:19,maceta1,0,0,100,100,100,,,,,0,0,0,Lectura invalida de DHT
2026-05-12,10:51:19,maceta2,0,0,100,100,100,,,14.7,47.5,0,0,0,
2026-05-12,10:51:46,maceta1,0,0,100,100,100,,,,,0,0,0,Lectura invalida de DHT
2026-05-12,10:51:46,maceta2,0,0,100,100,100,,,14.7,47.5,0,0,0,
2026-05-12,10:52:13,maceta1,0,0,100,100,100,,,,,0,0,0,Lectura invalida de DHT
2026-05-12,10:52:13,maceta2,0,0,100,100,100,,,14.7,47.5,0,0,0,
2026-05-12,10:52:39,maceta1,0,0,100,100,100,,,,,0,0,0,Lectura invalida de DHT
2026-05-12,10:52:39,maceta2,0,0,100,100,100,,,14.7,47.5,0,0,0,
2026-05-12,10:53:06,maceta1,0,0,100,100,100,,,,,0,0,0,Lectura invalida de DHT
2026-05-12,10:53:06,maceta2,0,0,100,100,100,,,14.7,47.5,0,0,0,
2026-05-12,10:53:33,maceta1,0,0,100,100,100,,,,,0,0,0,Lectura invalida de DHT
2026-05-12,10:53:33,maceta2,0,0,100,100,100,,,14.7,47.5,0,0,0,
2026-05-12,10:54:00,maceta1,0,0,100,100,100,,,,,0,0,0,Lectura invalida de DHT
2026-05-12,10:54:00,maceta2,0,0,100,100,100,,,14.8,47.6,0,0,0,
2026-05-12,10:54:27,maceta1,0,0,100,100,100,,,,,0,0,0,Lectura invalida de DHT
2026-05-12,10:54:27,maceta2,0,0,100,100,100,,,14.8,47.6,0,0,0,
2026-05-12,10:54:53,maceta1,0,0,100,100,100,,,,,0,0,0,Lectura invalida de DHT
2026-05-12,10:54:53,maceta2,0,0,100,100,100,,,,,0,0,0,Lectura invalida de DHT
2026-05-12,10:55:20,maceta1,0,0,100,100,100,,,,,0,0,0,Lectura invalida de DHT
2026-05-12,10:55:20,maceta2,0,0,100,100,100,,,14.8,47.6,0,0,0,
2026-05-12,10:55:47,maceta1,0,0,100,100,100,,,,,0,0,0,Lectura invalida de DHT
2026-05-12,10:55:47,maceta2,0,0,100,100,100,,,14.8,47.6,0,0,0,
2026-05-12,10:56:14,maceta1,0,0,100,100,100,,,,,0,0,0,Lectura invalida de DHT
2026-05-12,10:56:14,maceta2,0,0,100,100,100,,,14.8,47.6,0,0,0,
2026-05-12,10:56:41,maceta1,0,0,100,100,100,,,,,0,0,0,Lectura invalida de DHT
2026-05-12,10:56:41,maceta2,0,0,100,100,100,,,14.8,47.6,0,0,0,
2026-05-12,10:57:07,maceta1,0,0,100,100,100,,,,,0,0,0,Lectura invalida de DHT
2026-05-12,10:57:07,maceta2,0,0,100,100,100,,,14.8,47.6,0,0,0,
2026-05-12,10:57:34,maceta1,0,0,100,100,100,,,,,0,0,0,Lectura invalida de DHT
2026-05-12,10:57:34,maceta2,0,0,100,100,100,,,,,0,0,0,Lectura invalida de DHT
2026-05-12,10:58:01,maceta1,0,0,100,100,100,,,,,0,0,0,Lectura invalida de DHT
2026-05-12,10:58:01,maceta2,0,0,100,100,100,,,,,0,0,0,Lectura invalida de DHT
2026-05-12,10:58:28,maceta1,0,0,100,100,100,,,,,0,0,0,Lectura invalida de DHT
2026-05-12,10:58:28,maceta2,0,0,100,100,100,,,14.8,47.6,0,0,0,
2026-05-12,10:58:54,maceta1,0,0,100,100,100,,,,,0,0,0,Lectura invalida de DHT
2026-05-12,10:58:54,maceta2,0,0,100,100,100,,,,,0,0,0,Lectura invalida de DHT
2026-05-12,10:59:32,maceta1,0,0,100,100,100,,,,,0,0,0,Lectura invalida de DHT
2026-05-12,10:59:32,maceta2,0,0,100,100,100,,,14.8,47.6,0,0,0,
2026-05-12,11:00:02,maceta1,0,0,100,100,100,,,,,0,0,0,Lectura invalida de DHT
2026-05-12,11:00:02,maceta2,0,0,100,100,100,,,,,0,0,0,Lectura invalida de DHT
2026-05-12,11:00:29,maceta1,0,0,100,100,100,,,,,0,0,0,Lectura invalida de DHT
2026-05-12,11:00:29,maceta2,0,0,100,100,100,,,14.8,47.6,0,0,0,
2026-05-12,11:00:56,maceta1,0,0,100,100,100,,,,,0,0,0,Lectura invalida de DHT
2026-05-12,11:00:56,maceta2,0,0,100,100,100,,,14.8,47.7,0,0,0,
2026-05-12,11:01:23,maceta1,0,0,100,100,100,,,,,0,0,0,Lectura invalida de DHT
2026-05-12,11:01:23,maceta2,0,0,100,100,100,,,,,0,0,0,Lectura invalida de DHT
2026-05-12,11:01:50,maceta1,0,0,100,100,100,,,,,0,0,0,Lectura invalida de DHT
2026-05-12,11:01:50,maceta2,0,0,100,100,100,,,,,0,0,0,Lectura invalida de DHT
2026-05-12,11:02:16,maceta1,0,0,100,100,100,,,,,0,0,0,Lectura invalida de DHT
2026-05-12,11:02:16,maceta2,0,0,100,100,100,,,14.8,47.7,0,0,0,
2026-05-12,11:02:43,maceta1,0,0,100,100,100,,,,,0,0,0,Lectura invalida de DHT
2026-05-12,11:02:43,maceta2,0,0,100,100,100,,,14.8,47.7,0,0,0,
2026-05-12,11:03:10,maceta1,0,0,100,100,100,,,,,0,0,0,Lectura invalida de DHT
2026-05-12,11:03:10,maceta2,0,0,100,100,100,,,14.8,47.7,0,0,0,
2026-05-12,11:03:37,maceta1,0,0,100,100,100,,,,,0,0,0,Lectura invalida de DHT
2026-05-12,11:03:37,maceta2,0,0,100,100,100,,,14.8,47.7,0,0,0,
2026-05-12,11:04:07,maceta1,0,0,100,100,100,,,,,0,0,0,Lectura invalida de DHT
2026-05-12,11:04:07,maceta2,0,0,100,100,100,,,,,0,0,0,Lectura invalida de DHT
2026-05-12,11:04:43,maceta1,0,0,100,100,100,,,,,0,0,0,Lectura invalida de DHT
2026-05-12,11:04:43,maceta2,0,0,100,100,100,,,14.8,47.7,0,0,0,
2026-05-12,11:05:20,maceta1,0,0,100,100,100,,,,,0,0,0,Lectura invalida de DHT
2026-05-12,11:05:20,maceta2,0,0,100,100,100,,,,,0,0,0,Lectura invalida de DHT
2026-05-12,11:05:55,maceta1,0,0,100,100,100,,,,,0,0,0,Lectura invalida de DHT
2026-05-12,11:05:55,maceta2,0,0,100,100,100,,,14.8,47.6,0,0,0,
2026-05-12,11:06:31,maceta1,0,0,100,100,100,,,,,0,0,0,Lectura invalida de DHT
2026-05-12,11:06:31,maceta2,0,0,100,100,100,,,14.8,47.7,0,0,0,
2026-05-12,11:07:04,maceta1,0,0,100,100,100,,,,,0,0,0,Lectura invalida de DHT
2026-05-12,11:07:04,maceta2,0,0,100,100,100,,,14.8,47.7,0,0,0,
2026-05-12,11:07:40,maceta1,0,0,100,100,100,,,,,0,0,0,Lectura invalida de DHT
2026-05-12,11:07:40,maceta2,0,0,100,100,100,,,14.8,47.7,0,0,0,
2026-05-12,11:08:14,maceta1,0,0,100,100,100,,,,,0,0,0,Lectura invalida de DHT
2026-05-12,11:08:14,maceta2,0,0,100,100,100,,,14.8,47.7,0,0,0,
2026-05-12,11:08:41,maceta1,0,0,100,100,100,,,,,0,0,0,Lectura invalida de DHT
2026-05-12,11:08:41,maceta2,0,0,100,100,100,,,14.9,47.7,0,0,0,
2026-05-12,11:09:14,maceta1,0,0,100,100,100,,,,,0,0,0,Lectura invalida de DHT
2026-05-12,11:09:14,maceta2,0,0,100,100,100,,,,,0,0,0,Lectura invalida de DHT
2026-05-12,11:09:58,maceta1,0,0,100,100,100,,,,,0,0,0,Lectura invalida de DHT
2026-05-12,11:09:58,maceta2,0,0,100,100,100,,,,,0,0,0,Lectura invalida de DHT
2026-05-12,11:10:25,maceta1,0,0,100,100,100,,,,,0,0,0,Lectura invalida de DHT
2026-05-12,11:10:25,maceta2,0,0,100,100,100,,,14.8,47.7,0,0,0,
2026-05-12,11:10:51,maceta1,0,0,100,100,100,,,,,0,0,0,Lectura invalida de DHT
2026-05-12,11:10:51,maceta2,0,0,100,100,100,,,14.9,47.7,0,0,0,
2026-05-12,11:11:23,maceta1,0,0,100,100,100,,,,,0,0,0,Lectura invalida de DHT
2026-05-12,11:11:23,maceta2,0,0,100,100,100,,,14.9,47.7,0,0,0,
2026-05-12,11:11:49,maceta1,0,0,100,100,100,,,,,0,0,0,Lectura invalida de DHT
2026-05-12,11:11:49,maceta2,0,0,100,100,100,,,14.9,47.7,0,0,0,
2026-05-12,11:12:29,maceta1,0,0,100,100,100,,,,,0,0,0,Lectura invalida de DHT
2026-05-12,11:12:29,maceta2,0,0,100,100,100,,,14.9,47.7,0,0,0,
2026-05-12,11:12:57,maceta1,0,0,100,100,100,,,,,0,0,0,Lectura invalida de DHT
2026-05-12,11:12:57,maceta2,0,0,100,100,100,,,14.9,47.7,0,0,0,
2026-05-12,11:13:23,maceta1,0,0,100,100,100,,,,,0,0,0,Lectura invalida de DHT
2026-05-12,11:13:23,maceta2,0,0,100,100,100,,,14.9,47.7,0,0,0,
2026-05-12,11:13:50,maceta1,0,0,100,100,100,,,,,0,0,0,Lectura invalida de DHT
2026-05-12,11:13:50,maceta2,0,0,100,100,100,,,14.9,47.7,0,0,0,
2026-05-12,11:14:17,maceta1,0,0,100,100,100,,,,,0,0,0,Lectura invalida de DHT
2026-05-12,11:14:17,maceta2,0,0,100,100,100,,,,,0,0,0,Lectura invalida de DHT
2026-05-12,11:14:45,maceta1,0,0,100,100,100,,,,,0,0,0,Lectura invalida de DHT
2026-05-12,11:14:45,maceta2,0,0,100,100,100,,,14.9,47.6,0,0,0,
2026-05-12,11:15:11,maceta1,0,0,100,100,100,,,,,0,0,0,Lectura invalida de DHT
2026-05-12,11:15:11,maceta2,0,0,100,100,100,,,14.9,47.7,0,0,0,
2026-05-12,11:15:38,maceta1,0,0,100,100,100,,,,,0,0,0,Lectura invalida de DHT
2026-05-12,11:15:38,maceta2,0,0,100,100,100,,,,,0,0,0,Lectura invalida de DHT
2026-05-12,11:16:05,maceta1,0,0,100,100,100,,,,,0,0,0,Lectura invalida de DHT
2026-05-12,11:16:05,maceta2,0,0,100,100,100,,,14.9,47.7,0,0,0,
2026-05-12,11:16:33,maceta1,0,0,100,100,100,,,,,0,0,0,Lectura invalida de DHT
2026-05-12,11:16:33,maceta2,0,0,100,100,100,,,,,0,0,0,Lectura invalida de DHT
2026-05-12,11:17:00,maceta1,0,0,100,100,100,,,,,0,0,0,Lectura invalida de DHT
2026-05-12,11:17:00,maceta2,0,0,100,100,100,,,14.9,47.7,0,0,0,
2026-05-12,11:17:26,maceta1,0,0,100,100,100,,,,,0,0,0,Lectura invalida de DHT
2026-05-12,11:17:26,maceta2,0,0,100,100,100,,,14.9,47.7,0,0,0,
2026-05-12,11:17:53,maceta1,0,0,100,100,100,,,,,0,0,0,Lectura invalida de DHT
2026-05-12,11:17:53,maceta2,0,0,100,100,100,,,14.9,47.6,0,0,0,
2026-05-12,11:18:20,maceta1,0,0,100,100,100,,,,,0,0,0,Lectura invalida de DHT
2026-05-12,11:18:20,maceta2,0,0,100,100,100,,,,,0,0,0,Lectura invalida de DHT
2026-05-12,11:18:47,maceta1,0,0,100,100,100,,,,,0,0,0,Lectura invalida de DHT
2026-05-12,11:18:47,maceta2,0,0,100,100,100,,,14.9,47.7,0,0,0,
2026-05-12,11:19:19,maceta1,0,0,100,100,100,,,,,0,0,0,Lectura invalida de DHT
2026-05-12,11:19:19,maceta2,0,0,100,100,100,,,14.9,47.7,0,0,0,
2026-05-12,11:20:01,maceta1,0,0,100,100,100,,,,,0,0,0,Lectura invalida de DHT
2026-05-12,11:20:01,maceta2,0,0,100,100,100,,,14.9,47.7,0,0,0,
2026-05-12,11:20:33,maceta1,0,0,100,100,100,,,,,0,0,0,Lectura invalida de DHT
2026-05-12,11:20:33,maceta2,0,0,100,100,100,,,14.9,47.7,0,0,0,
2026-05-12,11:21:09,maceta1,0,0,100,100,100,,,,,0,0,0,Lectura invalida de DHT
2026-05-12,11:21:09,maceta2,0,0,100,100,100,,,14.9,47.7,0,0,0,
2026-05-12,11:21:35,maceta1,0,0,100,100,100,,,,,0,0,0,Lectura invalida de DHT
2026-05-12,11:21:35,maceta2,0,0,100,100,100,,,14.9,47.7,0,0,0,
2026-05-12,11:22:02,maceta1,0,0,100,100,100,,,,,0,0,0,Lectura invalida de DHT
2026-05-12,11:22:02,maceta2,0,0,100,100,100,,,,,0,0,0,Lectura invalida de DHT
2026-05-12,11:22:29,maceta1,0,0,100,100,100,,,,,0,0,0,Lectura invalida de DHT
2026-05-12,11:22:29,maceta2,0,0,100,100,100,,,14.9,47.7,0,0,0,
2026-05-12,11:23:11,maceta1,0,0,100,100,100,,,,,0,0,0,Lectura invalida de DHT
2026-05-12,11:23:11,maceta2,0,0,100,100,100,,,14.9,47.7,0,0,0,
2026-05-12,11:23:39,maceta1,0,0,100,100,100,,,,,0,0,0,Lectura invalida de DHT
2026-05-12,11:23:39,maceta2,0,0,100,100,100,,,14.9,47.7,0,0,0,
2026-05-12,11:24:16,maceta1,0,0,100,100,100,,,,,0,0,0,Lectura invalida de DHT
2026-05-12,11:24:16,maceta2,0,0,100,100,100,,,,,0,0,0,Lectura invalida de DHT
2026-05-12,11:24:43,maceta1,0,0,100,100,100,,,,,0,0,0,Lectura invalida de DHT
2026-05-12,11:24:43,maceta2,0,0,100,100,100,,,15.0,47.7,0,0,0,
2026-05-12,11:25:10,maceta1,0,0,100,100,100,,,,,0,0,0,Lectura invalida de DHT
2026-05-12,11:25:10,maceta2,0,0,100,100,100,,,14.9,47.7,0,0,0,
2026-05-12,11:25:37,maceta1,0,0,100,100,100,,,,,0,0,0,Lectura invalida de DHT
2026-05-12,11:25:37,maceta2,0,0,100,100,100,,,,,0,0,0,Lectura invalida de DHT
2026-05-12,11:26:11,maceta1,0,0,100,100,100,,,,,0,0,0,Lectura invalida de DHT
2026-05-12,11:26:11,maceta2,0,0,100,100,100,,,,,0,0,0,Lectura invalida de DHT
2026-05-12,11:26:38,maceta1,0,0,100,100,100,,,,,0,0,0,Lectura invalida de DHT
2026-05-12,11:26:38,maceta2,0,0,100,100,100,,,15.0,47.7,0,0,0,
2026-05-12,11:27:20,maceta1,0,0,100,100,100,,,,,0,0,0,Lectura invalida de DHT
2026-05-12,11:27:20,maceta2,0,0,100,100,100,,,15.0,47.7,0,0,0,
2026-05-12,11:27:47,maceta1,0,0,100,100,100,,,,,0,0,0,Lectura invalida de DHT
2026-05-12,11:27:47,maceta2,0,0,100,100,100,,,15.0,47.7,0,0,0,
2026-05-12,11:28:30,maceta1,0,0,100,100,100,,,,,0,0,0,Lectura invalida de DHT
2026-05-12,11:28:30,maceta2,0,0,100,100,100,,,15.0,47.7,0,0,0,
2026-05-12,11:28:56,maceta1,0,0,100,100,100,,,,,0,0,0,Lectura invalida de DHT
2026-05-12,11:28:56,maceta2,0,0,100,100,100,,,15.0,47.7,0,0,0,
2026-05-12,11:29:33,maceta1,0,0,100,100,100,,,,,0,0,0,Lectura invalida de DHT
2026-05-12,11:29:33,maceta2,0,0,100,100,100,,,15.0,47.7,0,0,0,
2026-05-12,11:30:00,maceta1,0,0,100,100,100,,,,,0,0,0,Lectura invalida de DHT
2026-05-12,11:30:00,maceta2,0,0,100,100,100,,,,,0,0,0,Lectura invalida de DHT
2026-05-12,11:30:33,maceta1,0,0,100,100,100,,,,,0,0,0,Lectura invalida de DHT
2026-05-12,11:30:33,maceta2,0,0,100,100,100,,,15.0,47.7,0,0,0,
2026-05-12,11:30:59,maceta1,0,0,100,100,100,,,,,0,0,0,Lectura invalida de DHT
2026-05-12,11:30:59,maceta2,0,0,100,100,100,,,15.0,47.8,0,0,0,
2026-05-12,11:31:26,maceta1,0,0,100,100,100,,,,,0,0,0,Lectura invalida de DHT
2026-05-12,11:31:26,maceta2,0,0,100,100,100,,,,,0,0,0,Lectura invalida de DHT
2026-05-12,11:31:53,maceta1,0,0,100,100,100,,,,,0,0,0,Lectura invalida de DHT
2026-05-12,11:31:53,maceta2,0,0,100,100,100,,,15.0,47.9,0,0,0,
2026-05-12,11:32:20,maceta1,0,0,100,100,100,,,,,0,0,0,Lectura invalida de DHT
2026-05-12,11:32:20,maceta2,0,0,100,100,100,,,15.0,47.8,0,0,0,
2026-05-12,11:32:46,maceta1,0,0,100,100,100,,,,,0,0,0,Lectura invalida de DHT
2026-05-12,11:32:46,maceta2,0,0,100,100,100,,,15.0,47.8,0,0,0,
2026-05-12,11:33:13,maceta1,0,0,100,100,100,,,,,0,0,0,Lectura invalida de DHT
2026-05-12,11:33:13,maceta2,0,0,100,100,100,,,15.0,47.7,0,0,0,
2026-05-12,11:33:40,maceta1,0,0,100,100,100,,,,,0,0,0,Lectura invalida de DHT
2026-05-12,11:33:40,maceta2,0,0,100,100,100,,,15.0,47.8,0,0,0,
2026-05-12,11:34:07,maceta1,0,0,100,100,100,,,,,0,0,0,Lectura invalida de DHT
2026-05-12,11:34:07,maceta2,0,0,100,100,100,,,15.0,47.8,0,0,0,
2026-05-12,11:34:34,maceta1,0,0,100,100,100,,,,,0,0,0,Lectura invalida de DHT
2026-05-12,11:34:34,maceta2,0,0,100,100,100,,,,,0,0,0,Lectura invalida de DHT
2026-05-12,11:35:00,maceta1,0,0,100,100,100,,,,,0,0,0,Lectura invalida de DHT
2026-05-12,11:35:00,maceta2,0,0,100,100,100,,,,,0,0,0,Lectura invalida de DHT
2026-05-12,11:35:27,maceta1,0,0,100,100,100,,,,,0,0,0,Lectura invalida de DHT
2026-05-12,11:35:27,maceta2,0,0,100,100,100,,,15.0,47.9,0,0,0,
2026-05-12,11:35:54,maceta1,0,0,100,100,100,,,,,0,0,0,Lectura invalida de DHT
2026-05-12,11:35:54,maceta2,0,0,100,100,100,,,15.0,47.9,0,0,0,
2026-05-12,11:36:21,maceta1,0,0,100,100,100,,,,,0,0,0,Lectura invalida de DHT
2026-05-12,11:36:21,maceta2,0,0,100,100,100,,,,,0,0,0,Lectura invalida de DHT
2026-05-12,11:36:47,maceta1,0,0,100,100,100,,,,,0,0,0,Lectura invalida de DHT
2026-05-12,11:36:47,maceta2,0,0,100,100,100,,,,,0,0,0,Lectura invalida de DHT
2026-05-12,11:37:14,maceta1,0,0,100,100,100,,,,,0,0,0,Lectura invalida de DHT
2026-05-12,11:37:14,maceta2,0,0,100,100,100,,,15.0,47.9,0,0,0,
2026-05-12,11:37:41,maceta1,0,0,100,100,100,,,,,0,0,0,Lectura invalida de DHT
2026-05-12,11:37:41,maceta2,0,0,100,100,100,,,,,0,0,0,Lectura invalida de DHT
2026-05-12,11:38:08,maceta1,0,0,100,100,100,,,,,0,0,0,Lectura invalida de DHT
2026-05-12,11:38:08,maceta2,0,0,100,100,100,,,15.0,47.9,0,0,0,
2026-05-12,11:38:35,maceta1,0,0,100,100,100,,,,,0,0,0,Lectura invalida de DHT
2026-05-12,11:38:35,maceta2,0,0,100,100,100,,,15.0,47.9,0,0,0,
2026-05-12,11:39:01,maceta1,0,0,100,100,100,,,,,0,0,0,Lectura invalida de DHT
2026-05-12,11:39:01,maceta2,0,0,100,100,100,,,,,0,0,0,Lectura invalida de DHT
2026-05-12,11:39:28,maceta1,0,0,100,100,100,,,,,0,0,0,Lectura invalida de DHT
2026-05-12,11:39:28,maceta2,0,0,100,100,100,,,15.0,47.9,0,0,0,
2026-05-12,11:39:55,maceta1,0,0,100,100,100,,,,,0,0,0,Lectura invalida de DHT
2026-05-12,11:39:55,maceta2,0,0,100,100,100,,,15.0,47.9,0,0,0,
2026-05-12,11:40:22,maceta1,0,0,100,100,100,,,,,0,0,0,Lectura invalida de DHT
2026-05-12,11:40:22,maceta2,0,0,100,100,100,,,15.0,47.9,0,0,0,
2026-05-12,11:40:48,maceta1,0,0,100,100,100,,,,,0,0,0,Lectura invalida de DHT
2026-05-12,11:40:48,maceta2,0,0,100,100,100,,,15.0,47.9,0,0,0,
2026-05-12,11:41:15,maceta1,0,0,100,100,100,,,,,0,0,0,Lectura invalida de DHT
2026-05-12,11:41:15,maceta2,0,0,100,100,100,,,15.0,48.0,0,0,0,
2026-05-12,11:41:42,maceta1,0,0,100,100,100,,,,,0,0,0,Lectura invalida de DHT
2026-05-12,11:41:42,maceta2,0,0,100,100,100,,,15.0,47.9,0,0,0,
2026-05-12,11:42:09,maceta1,0,0,100,100,100,,,,,0,0,0,Lectura invalida de DHT
2026-05-12,11:42:09,maceta2,0,0,100,100,100,,,15.0,48.0,0,0,0,
2026-05-12,11:42:36,maceta1,0,0,100,100,100,,,,,0,0,0,Lectura invalida de DHT
2026-05-12,11:42:36,maceta2,0,0,100,100,100,,,15.0,48.0,0,0,0,
2026-05-12,11:43:04,maceta1,0,0,100,100,100,,,,,0,0,0,Lectura invalida de DHT
2026-05-12,11:43:04,maceta2,0,0,100,100,100,,,15.0,48.0,0,0,0,
2026-05-12,11:43:31,maceta1,0,0,100,100,100,,,,,0,0,0,Lectura invalida de DHT
2026-05-12,11:43:31,maceta2,0,0,100,100,100,,,15.0,48.0,0,0,0,
2026-05-12,11:43:57,maceta1,0,0,100,100,100,,,,,0,0,0,Lectura invalida de DHT
2026-05-12,11:43:57,maceta2,0,0,100,100,100,,,15.0,48.0,0,0,0,
2026-05-12,11:44:24,maceta1,0,0,100,100,100,,,,,0,0,0,Lectura invalida de DHT
2026-05-12,11:44:24,maceta2,0,0,100,100,100,,,15.0,48.0,0,0,0,
2026-05-12,11:44:51,maceta1,0,0,100,100,100,,,,,0,0,0,Lectura invalida de DHT
2026-05-12,11:44:51,maceta2,0,0,100,100,100,,,15.0,48.0,0,0,0,
2026-05-12,11:45:18,maceta1,0,0,100,100,100,,,,,0,0,0,Lectura invalida de DHT
2026-05-12,11:45:18,maceta2,0,0,100,100,100,,,15.0,48.0,0,0,0,
2026-05-12,11:45:44,maceta1,0,0,100,100,100,,,,,0,0,0,Lectura invalida de DHT
2026-05-12,11:45:44,maceta2,0,0,100,100,100,,,15.0,48.0,0,0,0,
2026-05-12,11:46:11,maceta1,0,0,100,100,100,,,,,0,0,0,Lectura invalida de DHT
2026-05-12,11:46:11,maceta2,0,0,100,100,100,,,15.0,48.0,0,0,0,
2026-05-12,11:46:38,maceta1,0,0,100,100,100,,,,,0,0,0,Lectura invalida de DHT
2026-05-12,11:46:38,maceta2,0,0,100,100,100,,,,,0,0,0,Lectura invalida de DHT
2026-05-12,11:47:05,maceta1,0,0,100,100,100,,,,,0,0,0,Lectura invalida de DHT
2026-05-12,11:47:05,maceta2,0,0,100,100,100,,,15.0,48.0,0,0,0,
2026-05-12,11:47:32,maceta1,0,0,100,100,100,,,,,0,0,0,Lectura invalida de DHT
2026-05-12,11:47:32,maceta2,0,0,100,100,100,,,,,0,0,0,Lectura invalida de DHT
2026-05-12,11:47:59,maceta1,0,0,100,100,100,,,,,0,0,0,Lectura invalida de DHT
2026-05-12,11:47:59,maceta2,0,0,100,100,100,,,15.0,48.0,0,0,0,
2026-05-12,11:48:27,maceta1,0,0,100,100,100,,,,,0,0,0,Lectura invalida de DHT
2026-05-12,11:48:27,maceta2,0,0,100,100,100,,,15.0,48.0,0,0,0,
2026-05-12,11:48:54,maceta1,0,0,100,100,100,,,,,0,0,0,Lectura invalida de DHT
2026-05-12,11:48:54,maceta2,0,0,100,100,100,,,15.0,48.1,0,0,0,
2026-05-12,11:49:21,maceta1,0,0,100,100,100,,,,,0,0,0,Lectura invalida de DHT
2026-05-12,11:49:21,maceta2,0,0,100,100,100,,,,,0,0,0,Lectura invalida de DHT
2026-05-12,11:49:48,maceta1,0,0,100,100,100,,,,,0,0,0,Lectura invalida de DHT
2026-05-12,11:49:48,maceta2,0,0,100,100,100,,,,,0,0,0,Lectura invalida de DHT
2026-05-12,11:50:15,maceta1,0,0,100,100,100,,,,,0,0,0,Lectura invalida de DHT
2026-05-12,11:50:15,maceta2,0,0,100,100,100,,,15.0,48.0,0,0,0,
2026-05-12,11:50:42,maceta1,0,0,100,100,100,,,,,0,0,0,Lectura invalida de DHT
2026-05-12,11:50:42,maceta2,0,0,100,100,100,,,15.0,48.0,0,0,0,
2026-05-12,11:51:09,maceta1,0,0,100,100,100,,,,,0,0,0,Lectura invalida de DHT
2026-05-12,11:51:09,maceta2,0,0,100,100,100,,,15.0,48.0,0,0,0,
2026-05-12,11:51:36,maceta1,0,0,100,100,100,,,,,0,0,0,Lectura invalida de DHT
2026-05-12,11:51:36,maceta2,0,0,100,100,100,,,15.0,48.0,0,0,0,
2026-05-12,11:52:02,maceta1,0,0,100,100,100,,,,,0,0,0,Lectura invalida de DHT
2026-05-12,11:52:02,maceta2,0,0,100,100,100,,,15.0,48.0,0,0,0,
2026-05-12,11:52:29,maceta1,0,0,100,100,100,,,,,0,0,0,Lectura invalida de DHT
2026-05-12,11:52:29,maceta2,0,0,100,100,100,,,,,0,0,0,Lectura invalida de DHT
2026-05-12,11:52:56,maceta1,0,0,100,100,100,,,,,0,0,0,Lectura invalida de DHT
2026-05-12,11:52:56,maceta2,0,0,100,100,100,,,15.0,48.0,0,0,0,
2026-05-12,11:53:23,maceta1,0,0,100,100,100,,,,,0,0,0,Lectura invalida de DHT
2026-05-12,11:53:23,maceta2,0,0,100,100,100,,,15.0,48.1,0,0,0,
2026-05-12,11:53:50,maceta1,0,0,100,100,100,,,,,0,0,0,Lectura invalida de DHT
2026-05-12,11:53:50,maceta2,0,0,100,100,100,,,15.0,48.0,0,0,0,
2026-05-12,11:54:16,maceta1,0,0,100,100,100,,,,,0,0,0,Lectura invalida de DHT
2026-05-12,11:54:16,maceta2,0,0,100,100,100,,,15.0,48.0,0,0,0,
2026-05-12,11:54:43,maceta1,0,0,100,100,100,,,,,0,0,0,Lectura invalida de DHT
2026-05-12,11:54:43,maceta2,0,0,100,100,100,,,,,0,0,0,Lectura invalida de DHT
2026-05-12,11:55:10,maceta1,0,0,100,100,100,,,,,0,0,0,Lectura invalida de DHT
2026-05-12,11:55:10,maceta2,0,0,100,100,100,,,15.0,48.0,0,0,0,
2026-05-12,11:55:37,maceta1,0,0,100,100,100,,,,,0,0,0,Lectura invalida de DHT
2026-05-12,11:55:37,maceta2,0,0,100,100,100,,,15.1,48.0,0,0,0,
2026-05-12,11:56:04,maceta1,0,0,100,100,100,,,,,0,0,0,Lectura invalida de DHT
2026-05-12,11:56:04,maceta2,0,0,100,100,100,,,,,0,0,0,Lectura invalida de DHT
2026-05-12,11:56:30,maceta1,0,0,100,100,100,,,,,0,0,0,Lectura invalida de DHT
2026-05-12,11:56:30,maceta2,0,0,100,100,100,,,15.0,48.1,0,0,0,
2026-05-12,11:56:57,maceta1,0,0,100,100,100,,,,,0,0,0,Lectura invalida de DHT
2026-05-12,11:56:57,maceta2,0,0,100,100,100,,,,,0,0,0,Lectura invalida de DHT
2026-05-12,11:57:24,maceta1,0,0,100,100,100,,,,,0,0,0,Lectura invalida de DHT
2026-05-12,11:57:24,maceta2,0,0,100,100,100,,,15.1,48.1,0,0,0,
2026-05-12,11:57:51,maceta1,0,0,100,100,100,,,,,0,0,0,Lectura invalida de DHT
2026-05-12,11:57:51,maceta2,0,0,100,100,100,,,15.1,48.1,0,0,0,
2026-05-12,11:58:18,maceta1,0,0,100,100,100,,,,,0,0,0,Lectura invalida de DHT
2026-05-12,11:58:18,maceta2,0,0,100,100,100,,,15.1,48.2,0,0,0,
2026-05-12,11:58:44,maceta1,0,0,100,100,100,,,,,0,0,0,Lectura invalida de DHT
2026-05-12,11:58:44,maceta2,0,0,100,100,100,,,,,0,0,0,Lectura invalida de DHT
2026-05-12,11:59:11,maceta1,0,0,100,100,100,,,,,0,0,0,Lectura invalida de DHT
2026-05-12,11:59:11,maceta2,0,0,100,100,100,,,15.1,48.1,0,0,0,
2026-05-12,11:59:38,maceta1,0,0,100,100,100,,,,,0,0,0,Lectura invalida de DHT
2026-05-12,11:59:38,maceta2,0,0,100,100,100,,,15.1,48.1,0,0,0,
2026-05-12,12:00:05,maceta1,0,0,100,100,100,,,,,0,0,0,Lectura invalida de DHT
2026-05-12,12:00:05,maceta2,0,0,100,100,100,,,15.1,48.1,0,0,0,
2026-05-12,12:00:32,maceta1,0,0,100,100,100,,,,,0,0,0,Lectura invalida de DHT
2026-05-12,12:00:32,maceta2,0,0,100,100,100,,,,,0,0,0,Lectura invalida de DHT
2026-05-12,12:00:58,maceta1,0,0,100,100,100,,,,,0,0,0,Lectura invalida de DHT
2026-05-12,12:00:58,maceta2,0,0,100,100,100,,,15.1,48.1,0,0,0,
2026-05-12,12:01:25,maceta1,0,0,100,100,100,,,,,0,0,0,Lectura invalida de DHT
2026-05-12,12:01:25,maceta2,0,0,100,100,100,,,15.1,48.2,0,0,0,
2026-05-12,12:01:52,maceta1,0,0,100,100,100,,,,,0,0,0,Lectura invalida de DHT
2026-05-12,12:01:52,maceta2,0,0,100,100,100,,,15.1,48.2,0,0,0,
2026-05-12,12:02:19,maceta1,0,0,100,100,100,,,,,0,0,0,Lectura invalida de DHT
2026-05-12,12:02:19,maceta2,0,0,100,100,100,,,15.1,48.1,0,0,0,
2026-05-12,12:02:45,maceta1,0,0,100,100,100,,,,,0,0,0,Lectura invalida de DHT
2026-05-12,12:02:45,maceta2,0,0,100,100,100,,,15.1,48.2,0,0,0,
2026-05-12,12:03:12,maceta1,0,0,100,100,100,,,,,0,0,0,Lectura invalida de DHT
2026-05-12,12:03:12,maceta2,0,0,100,100,100,,,15.1,48.2,0,0,0,
2026-05-12,12:03:39,maceta1,0,0,100,100,100,,,,,0,0,0,Lectura invalida de DHT
2026-05-12,12:03:39,maceta2,0,0,100,100,100,,,,,0,0,0,Lectura invalida de DHT
2026-05-12,12:04:06,maceta1,0,0,100,100,100,,,,,0,0,0,Lectura invalida de DHT
2026-05-12,12:04:06,maceta2,0,0,100,100,100,,,,,0,0,0,Lectura invalida de DHT
2026-05-12,12:04:32,maceta1,0,0,100,100,100,,,,,0,0,0,Lectura invalida de DHT
2026-05-12,12:04:32,maceta2,0,0,100,100,100,,,15.1,48.2,0,0,0,
2026-05-12,12:04:59,maceta1,0,0,100,100,100,,,,,0,0,0,Lectura invalida de DHT
2026-05-12,12:04:59,maceta2,0,0,100,100,100,,,15.2,48.2,0,0,0,
2026-05-12,12:05:26,maceta1,0,0,100,100,100,,,,,0,0,0,Lectura invalida de DHT
2026-05-12,12:05:26,maceta2,0,0,100,100,100,,,15.1,48.2,0,0,0,
2026-05-12,12:05:53,maceta1,0,0,100,100,100,,,,,0,0,0,Lectura invalida de DHT
2026-05-12,12:05:53,maceta2,0,0,100,100,100,,,15.1,48.2,0,0,0,
2026-05-12,12:06:20,maceta1,0,0,100,100,100,,,,,0,0,0,Lectura invalida de DHT
2026-05-12,12:06:20,maceta2,0,0,100,100,100,,,,,0,0,0,Lectura invalida de DHT
2026-05-12,12:06:46,maceta1,0,0,100,100,100,,,,,0,0,0,Lectura invalida de DHT
2026-05-12,12:06:46,maceta2,0,0,100,100,100,,,,,0,0,0,Lectura invalida de DHT
2026-05-12,12:07:13,maceta1,0,0,100,100,100,,,,,0,0,0,Lectura invalida de DHT
2026-05-12,12:07:13,maceta2,0,0,100,100,100,,,,,0,0,0,Lectura invalida de DHT
2026-05-12,12:07:40,maceta1,0,0,100,100,100,,,,,0,0,0,Lectura invalida de DHT
2026-05-12,12:07:40,maceta2,0,0,100,100,100,,,15.2,48.2,0,0,0,
2026-05-12,12:08:07,maceta1,0,0,100,100,100,,,,,0,0,0,Lectura invalida de DHT
2026-05-12,12:08:07,maceta2,0,0,100,100,100,,,15.2,48.2,0,0,0,
2026-05-12,12:08:34,maceta1,0,0,100,100,100,,,,,0,0,0,Lectura invalida de DHT
2026-05-12,12:08:34,maceta2,0,0,100,100,100,,,,,0,0,0,Lectura invalida de DHT
2026-05-12,12:09:01,maceta1,0,0,100,100,100,,,,,0,0,0,Lectura invalida de DHT
2026-05-12,12:09:01,maceta2,0,0,100,100,100,,,15.1,48.2,0,0,0,
2026-05-12,12:09:28,maceta1,0,0,100,100,100,,,,,0,0,0,Lectura invalida de DHT
2026-05-12,12:09:28,maceta2,0,0,100,100,100,,,15.1,48.2,0,0,0,
2026-05-12,12:09:55,maceta1,0,0,100,100,100,,,,,0,0,0,Lectura invalida de DHT
2026-05-12,12:09:55,maceta2,0,0,100,100,100,,,15.1,48.2,0,0,0,
2026-05-12,12:10:22,maceta1,0,0,100,100,100,,,,,0,0,0,Lectura invalida de DHT
2026-05-12,12:10:22,maceta2,0,0,100,100,100,,,15.2,48.2,0,0,0,
2026-05-12,12:10:48,maceta1,0,0,100,100,100,,,,,0,0,0,Lectura invalida de DHT
2026-05-12,12:10:48,maceta2,0,0,100,100,100,,,15.2,48.2,0,0,0,
2026-05-12,12:11:15,maceta1,0,0,100,100,100,,,,,0,0,0,Lectura invalida de DHT
2026-05-12,12:11:15,maceta2,0,0,100,100,100,,,15.2,48.2,0,0,0,
2026-05-12,12:11:42,maceta1,0,0,100,100,100,,,,,0,0,0,Lectura invalida de DHT
2026-05-12,12:11:42,maceta2,0,0,100,100,100,,,15.2,48.2,0,0,0,
2026-05-12,12:12:09,maceta1,0,0,100,100,100,,,,,0,0,0,Lectura invalida de DHT
2026-05-12,12:12:09,maceta2,0,0,100,100,100,,,15.2,48.2,0,0,0,
2026-05-12,12:12:35,maceta1,0,0,100,100,100,,,,,0,0,0,Lectura invalida de DHT
2026-05-12,12:12:35,maceta2,0,0,100,100,100,,,15.2,48.2,0,0,0,
2026-05-12,12:13:03,maceta1,0,0,100,100,100,,,,,0,0,0,Lectura invalida de DHT
2026-05-12,12:13:03,maceta2,0,0,100,100,100,,,,,0,0,0,Lectura invalida de DHT
2026-05-12,12:13:32,maceta1,0,0,100,100,100,,,,,0,0,0,Lectura invalida de DHT
2026-05-12,12:13:32,maceta2,0,0,100,100,100,,,15.2,48.2,0,0,0,
2026-05-12,12:13:58,maceta1,0,0,100,100,100,,,,,0,0,0,Lectura invalida de DHT
2026-05-12,12:13:58,maceta2,0,0,100,100,100,,,15.2,48.2,0,0,0,
2026-05-12,12:14:25,maceta1,0,0,100,100,100,,,,,0,0,0,Lectura invalida de DHT
2026-05-12,12:14:25,maceta2,0,0,100,100,100,,,15.2,48.2,0,0,0,
2026-05-12,12:14:52,maceta1,0,0,100,100,100,,,,,0,0,0,Lectura invalida de DHT
2026-05-12,12:14:52,maceta2,0,0,100,100,100,,,15.2,48.2,0,0,0,
2026-05-12,12:15:19,maceta1,0,0,100,100,100,,,,,0,0,0,Lectura invalida de DHT
2026-05-12,12:15:19,maceta2,0,0,100,100,100,,,,,0,0,0,Lectura invalida de DHT
2026-05-12,12:15:46,maceta1,0,0,100,100,100,,,,,0,0,0,Lectura invalida de DHT
2026-05-12,12:15:46,maceta2,0,0,100,100,100,,,,,0,0,0,Lectura invalida de DHT
2026-05-12,12:16:15,maceta1,0,0,100,100,100,,,,,0,0,0,Lectura invalida de DHT
2026-05-12,12:16:15,maceta2,0,0,100,100,100,,,15.2,48.2,0,0,0,
2026-05-12,12:16:42,maceta1,0,0,100,100,100,,,,,0,0,0,Lectura invalida de DHT
2026-05-12,12:16:42,maceta2,0,0,100,100,100,,,,,0,0,0,Lectura invalida de DHT
2026-05-12,12:17:10,maceta1,0,0,100,100,100,,,,,0,0,0,Lectura invalida de DHT
2026-05-12,12:17:10,maceta2,0,0,100,100,100,,,,,0,0,0,Lectura invalida de DHT
2026-05-12,12:17:36,maceta1,0,0,100,100,100,,,,,0,0,0,Lectura invalida de DHT
2026-05-12,12:17:36,maceta2,0,0,100,100,100,,,15.2,48.2,0,0,0,
2026-05-12,12:18:03,maceta1,0,0,100,100,100,,,,,0,0,0,Lectura invalida de DHT
2026-05-12,12:18:03,maceta2,0,0,100,100,100,,,,,0,0,0,Lectura invalida de DHT
2026-05-12,12:18:30,maceta1,0,0,100,100,100,,,,,0,0,0,Lectura invalida de DHT
2026-05-12,12:18:30,maceta2,0,0,100,100,100,,,15.2,48.2,0,0,0,
2026-05-12,12:18:58,maceta1,0,0,100,100,100,,,,,0,0,0,Lectura invalida de DHT
2026-05-12,12:18:58,maceta2,0,0,100,100,100,,,,,0,0,0,Lectura invalida de DHT
2026-05-12,12:19:26,maceta1,0,0,100,100,100,,,,,0,0,0,Lectura invalida de DHT
2026-05-12,12:19:26,maceta2,0,0,100,100,100,,,15.2,48.2,0,0,0,
2026-05-12,12:19:52,maceta1,0,0,100,100,100,,,,,0,0,0,Lectura invalida de DHT
2026-05-12,12:19:52,maceta2,0,0,100,100,100,,,15.2,48.2,0,0,0,
2026-05-12,12:20:19,maceta1,0,0,100,100,100,,,,,0,0,0,Lectura invalida de DHT
2026-05-12,12:20:19,maceta2,0,0,100,100,100,,,15.2,48.2,0,0,0,
2026-05-12,12:20:46,maceta1,0,0,100,100,100,,,,,0,0,0,Lectura invalida de DHT
2026-05-12,12:20:46,maceta2,0,0,100,100,100,,,15.2,48.2,0,0,0,
2026-05-12,12:21:13,maceta1,0,0,100,100,100,,,,,0,0,0,Lectura invalida de DHT
2026-05-12,12:21:13,maceta2,0,0,100,100,100,,,15.2,48.2,0,0,0,
2026-05-12,12:21:39,maceta1,0,0,100,100,100,,,,,0,0,0,Lectura invalida de DHT
2026-05-12,12:21:39,maceta2,0,0,100,100,100,,,15.2,48.2,0,0,0,
2026-05-12,12:22:06,maceta1,0,0,100,100,100,,,,,0,0,0,Lectura invalida de DHT
2026-05-12,12:22:06,maceta2,0,0,100,100,100,,,15.2,48.2,0,0,0,
2026-05-12,12:22:33,maceta1,0,0,100,100,100,,,,,0,0,0,Lectura invalida de DHT
2026-05-12,12:22:33,maceta2,0,0,100,100,100,,,15.2,48.2,0,0,0,
2026-05-12,12:23:00,maceta1,0,0,100,100,100,,,,,0,0,0,Lectura invalida de DHT
2026-05-12,12:23:00,maceta2,0,0,100,100,100,,,,,0,0,0,Lectura invalida de DHT
2026-05-12,12:23:27,maceta1,0,0,100,100,100,,,,,0,0,0,Lectura invalida de DHT
2026-05-12,12:23:27,maceta2,0,0,100,100,100,,,15.2,48.2,0,0,0,
2026-05-12,12:23:53,maceta1,0,0,100,100,100,,,,,0,0,0,Lectura invalida de DHT
2026-05-12,12:23:53,maceta2,0,0,100,100,100,,,15.2,48.2,0,0,0,
2026-05-12,12:24:20,maceta1,0,0,100,100,100,,,,,0,0,0,Lectura invalida de DHT
2026-05-12,12:24:20,maceta2,0,0,100,100,100,,,15.2,48.2,0,0,0,
2026-05-12,12:24:47,maceta1,0,0,100,100,100,,,,,0,0,0,Lectura invalida de DHT
2026-05-12,12:24:47,maceta2,0,0,100,100,100,,,15.2,48.2,0,0,0,
2026-05-12,12:25:14,maceta1,0,0,100,100,100,,,,,0,0,0,Lectura invalida de DHT
2026-05-12,12:25:14,maceta2,0,0,100,100,100,,,,,0,0,0,Lectura invalida de DHT
2026-05-12,12:25:40,maceta1,0,0,100,100,100,,,,,0,0,0,Lectura invalida de DHT
2026-05-12,12:25:40,maceta2,0,0,100,100,100,,,,,0,0,0,Lectura invalida de DHT
2026-05-12,12:26:07,maceta1,0,0,100,100,100,,,,,0,0,0,Lectura invalida de DHT
2026-05-12,12:26:07,maceta2,0,0,100,100,100,,,15.2,48.2,0,0,0,
2026-05-12,12:26:34,maceta1,0,0,100,100,100,,,,,0,0,0,Lectura invalida de DHT
2026-05-12,12:26:34,maceta2,0,0,100,100,100,,,15.3,48.2,0,0,0,
2026-05-12,12:27:01,maceta1,0,0,100,100,100,,,,,0,0,0,Lectura invalida de DHT
2026-05-12,12:27:01,maceta2,0,0,100,100,100,,,15.2,48.2,0,0,0,
2026-05-12,12:27:28,maceta1,0,0,100,100,100,,,,,0,0,0,Lectura invalida de DHT
2026-05-12,12:27:28,maceta2,0,0,100,100,100,,,15.2,48.2,0,0,0,
2026-05-12,12:27:54,maceta1,0,0,100,100,100,,,,,0,0,0,Lectura invalida de DHT
2026-05-12,12:27:54,maceta2,0,0,100,100,100,,,15.2,48.2,0,0,0,
2026-05-12,12:28:21,maceta1,0,0,100,100,100,,,,,0,0,0,Lectura invalida de DHT
2026-05-12,12:28:21,maceta2,0,0,100,100,100,,,15.2,48.2,0,0,0,
2026-05-12,12:28:48,maceta1,0,0,100,100,100,,,,,0,0,0,Lectura invalida de DHT
2026-05-12,12:28:48,maceta2,0,0,100,100,100,,,15.2,48.2,0,0,0,
2026-05-12,12:29:15,maceta1,0,0,100,100,100,,,,,0,0,0,Lectura invalida de DHT
2026-05-12,12:29:15,maceta2,0,0,100,100,100,,,15.3,48.2,0,0,0,
2026-05-12,12:29:41,maceta1,0,0,100,100,100,,,,,0,0,0,Lectura invalida de DHT
2026-05-12,12:29:41,maceta2,0,0,100,100,100,,,15.3,48.2,0,0,0,
2026-05-12,12:30:08,maceta1,0,0,100,100,100,,,,,0,0,0,Lectura invalida de DHT
2026-05-12,12:30:08,maceta2,0,0,100,100,100,,,,,0,0,0,Lectura invalida de DHT
2026-05-12,12:30:35,maceta1,0,0,100,100,100,,,,,0,0,0,Lectura invalida de DHT
2026-05-12,12:30:35,maceta2,0,0,100,100,100,,,,,0,0,0,Lectura invalida de DHT
2026-05-12,12:31:02,maceta1,0,0,100,100,100,,,,,0,0,0,Lectura invalida de DHT
2026-05-12,12:31:02,maceta2,0,0,100,100,100,,,15.3,48.2,0,0,0,
2026-05-12,12:31:28,maceta1,0,0,100,100,100,,,,,0,0,0,Lectura invalida de DHT
2026-05-12,12:31:28,maceta2,0,0,100,100,100,,,,,0,0,0,Lectura invalida de DHT
2026-05-12,12:32:04,maceta1,0,0,100,100,100,,,,,0,0,0,Lectura invalida de DHT
2026-05-12,12:32:04,maceta2,0,0,100,100,100,,,,,0,0,0,Lectura invalida de DHT
2026-05-12,12:32:30,maceta1,0,0,100,100,100,,,,,0,0,0,Lectura invalida de DHT
2026-05-12,12:32:30,maceta2,0,0,100,100,100,,,15.3,48.2,0,0,0,
2026-05-12,12:32:57,maceta1,0,0,100,100,100,,,,,0,0,0,Lectura invalida de DHT
2026-05-12,12:32:57,maceta2,0,0,100,100,100,,,15.3,48.2,0,0,0,
2026-05-12,12:33:24,maceta1,0,0,100,100,100,,,,,0,0,0,Lectura invalida de DHT
2026-05-12,12:33:24,maceta2,0,0,100,100,100,,,15.3,48.2,0,0,0,
2026-05-12,12:33:51,maceta1,0,0,100,100,100,,,,,0,0,0,Lectura invalida de DHT
2026-05-12,12:33:51,maceta2,0,0,100,100,100,,,,,0,0,0,Lectura invalida de DHT
2026-05-12,12:34:17,maceta1,0,0,100,100,100,,,,,0,0,0,Lectura invalida de DHT
2026-05-12,12:34:17,maceta2,0,0,100,100,100,,,15.3,48.2,0,0,0,
2026-05-12,12:34:44,maceta1,0,0,100,100,100,,,,,0,0,0,Lectura invalida de DHT
2026-05-12,12:34:44,maceta2,0,0,100,100,100,,,15.2,48.2,0,0,0,
2026-05-12,12:35:11,maceta1,0,0,100,100,100,,,,,0,0,0,Lectura invalida de DHT
2026-05-12,12:35:11,maceta2,0,0,100,100,100,,,15.3,48.2,0,0,0,
2026-05-12,12:35:38,maceta1,0,0,100,100,100,,,,,0,0,0,Lectura invalida de DHT
2026-05-12,12:35:38,maceta2,0,0,100,100,100,,,15.3,48.2,0,0,0,
2026-05-12,12:36:04,maceta1,0,0,100,100,100,,,,,0,0,0,Lectura invalida de DHT
2026-05-12,12:36:04,maceta2,0,0,100,100,100,,,,,0,0,0,Lectura invalida de DHT
2026-05-12,12:36:31,maceta1,0,0,100,100,100,,,,,0,0,0,Lectura invalida de DHT
2026-05-12,12:36:31,maceta2,0,0,100,100,100,,,15.3,48.2,0,0,0,
2026-05-12,12:37:03,maceta1,0,0,100,100,100,,,,,0,0,0,Lectura invalida de DHT
2026-05-12,12:37:03,maceta2,0,0,100,100,100,,,,,0,0,0,Lectura invalida de DHT
2026-05-12,12:37:30,maceta1,0,0,100,100,100,,,,,0,0,0,Lectura invalida de DHT
2026-05-12,12:37:30,maceta2,0,0,100,100,100,,,,,0,0,0,Lectura invalida de DHT
2026-05-12,12:37:57,maceta1,0,0,100,100,100,,,,,0,0,0,Lectura invalida de DHT
2026-05-12,12:37:57,maceta2,0,0,100,100,100,,,15.3,48.2,0,0,0,
2026-05-12,12:38:24,maceta1,0,0,100,100,100,,,,,0,0,0,Lectura invalida de DHT
2026-05-12,12:38:24,maceta2,0,0,100,100,100,,,15.3,48.2,0,0,0,
2026-05-12,12:38:51,maceta1,0,0,100,100,100,,,,,0,0,0,Lectura invalida de DHT
2026-05-12,12:38:51,maceta2,0,0,100,100,100,,,15.3,48.2,0,0,0,
2026-05-12,12:39:17,maceta1,0,0,100,100,100,,,,,0,0,0,Lectura invalida de DHT
2026-05-12,12:39:17,maceta2,0,0,100,100,100,,,15.3,48.2,0,0,0,
2026-05-12,12:39:45,maceta1,0,0,100,100,100,,,,,0,0,0,Lectura invalida de DHT
2026-05-12,12:39:45,maceta2,0,0,100,100,100,,,,,0,0,0,Lectura invalida de DHT
2026-05-12,12:40:12,maceta1,0,0,100,100,100,,,,,0,0,0,Lectura invalida de DHT
2026-05-12,12:40:12,maceta2,0,0,100,100,100,,,15.3,48.2,0,0,0,
2026-05-12,12:40:38,maceta1,0,0,100,100,100,,,,,0,0,0,Lectura invalida de DHT
2026-05-12,12:40:38,maceta2,0,0,100,100,100,,,,,0,0,0,Lectura invalida de DHT
2026-05-12,12:41:05,maceta1,0,0,100,100,100,,,,,0,0,0,Lectura invalida de DHT
2026-05-12,12:41:05,maceta2,0,0,100,100,100,,,15.3,48.2,0,0,0,
2026-05-12,12:41:32,maceta1,0,0,100,100,100,,,,,0,0,0,Lectura invalida de DHT
2026-05-12,12:41:32,maceta2,0,0,100,100,100,,,15.3,48.2,0,0,0,
2026-05-12,12:41:59,maceta1,0,0,100,100,100,,,,,0,0,0,Lectura invalida de DHT
2026-05-12,12:41:59,maceta2,0,0,100,100,100,,,15.3,48.2,0,0,0,
2026-05-12,12:42:25,maceta1,0,0,100,100,100,,,,,0,0,0,Lectura invalida de DHT
2026-05-12,12:42:25,maceta2,0,0,100,100,100,,,,,0,0,0,Lectura invalida de DHT
2026-05-12,12:42:52,maceta1,0,0,100,100,100,,,,,0,0,0,Lectura invalida de DHT
2026-05-12,12:42:52,maceta2,0,0,100,100,100,,,15.3,48.2,0,0,0,
2026-05-12,12:43:19,maceta1,0,0,100,100,100,,,,,0,0,0,Lectura invalida de DHT
2026-05-12,12:43:19,maceta2,0,0,100,100,100,,,15.3,48.2,0,0,0,
2026-05-12,12:43:46,maceta1,0,0,100,100,100,,,,,0,0,0,Lectura invalida de DHT
2026-05-12,12:43:46,maceta2,0,0,100,100,100,,,15.3,48.2,0,0,0,
2026-05-12,12:44:12,maceta1,0,0,100,100,100,,,,,0,0,0,Lectura invalida de DHT
2026-05-12,12:44:12,maceta2,0,0,100,100,100,,,15.3,48.2,0,0,0,
2026-05-12,12:44:39,maceta1,0,0,100,100,100,,,,,0,0,0,Lectura invalida de DHT
2026-05-12,12:44:39,maceta2,0,0,100,100,100,,,15.3,48.1,0,0,0,
2026-05-12,12:45:06,maceta1,0,0,100,100,100,,,,,0,0,0,Lectura invalida de DHT
2026-05-12,12:45:06,maceta2,0,0,100,100,100,,,15.3,48.1,0,0,0,
2026-05-12,12:45:33,maceta1,0,0,100,100,100,,,,,0,0,0,Lectura invalida de DHT
2026-05-12,12:45:33,maceta2,0,0,100,100,100,,,15.3,48.2,0,0,0,
2026-05-12,12:46:00,maceta1,0,0,100,100,100,,,,,0,0,0,Lectura invalida de DHT
2026-05-12,12:46:00,maceta2,0,0,100,100,100,,,15.3,48.1,0,0,0,
2026-05-12,12:46:26,maceta1,0,0,100,100,100,,,,,0,0,0,Lectura invalida de DHT
2026-05-12,12:46:26,maceta2,0,0,100,100,100,,,,,0,0,0,Lectura invalida de DHT
2026-05-12,12:46:53,maceta1,0,0,100,100,100,,,,,0,0,0,Lectura invalida de DHT
2026-05-12,12:46:53,maceta2,0,0,100,100,100,,,15.3,48.1,0,0,0,
2026-05-12,12:47:25,maceta1,0,0,100,100,100,,,,,0,0,0,Lectura invalida de DHT
2026-05-12,12:47:25,maceta2,0,0,100,100,100,,,,,0,0,0,Lectura invalida de DHT
2026-05-12,12:47:52,maceta1,0,0,100,100,100,,,,,0,0,0,Lectura invalida de DHT
2026-05-12,12:47:52,maceta2,0,0,100,100,100,,,,,0,0,0,Lectura invalida de DHT
2026-05-12,12:48:18,maceta1,0,0,100,100,100,,,,,0,0,0,Lectura invalida de DHT
2026-05-12,12:48:18,maceta2,0,0,100,100,100,,,,,0,0,0,Lectura invalida de DHT
2026-05-12,12:48:45,maceta1,0,0,100,100,100,,,,,0,0,0,Lectura invalida de DHT
2026-05-12,12:48:45,maceta2,0,0,100,100,100,,,15.3,48.1,0,0,0,
2026-05-12,12:49:12,maceta1,0,0,100,100,100,,,,,0,0,0,Lectura invalida de DHT
2026-05-12,12:49:12,maceta2,0,0,100,100,100,,,15.3,48.1,0,0,0,
2026-05-12,12:49:39,maceta1,0,0,100,100,100,,,,,0,0,0,Lectura invalida de DHT
2026-05-12,12:49:39,maceta2,0,0,100,100,100,,,15.3,48.1,0,0,0,
2026-05-12,12:50:05,maceta1,0,0,100,100,100,,,,,0,0,0,Lectura invalida de DHT
2026-05-12,12:50:05,maceta2,0,0,100,100,100,,,,,0,0,0,Lectura invalida de DHT
2026-05-12,12:50:32,maceta1,0,0,100,100,100,,,,,0,0,0,Lectura invalida de DHT
2026-05-12,12:50:32,maceta2,0,0,100,100,100,,,15.3,48.1,0,0,0,
2026-05-12,12:50:59,maceta1,0,0,100,100,100,,,,,0,0,0,Lectura invalida de DHT
2026-05-12,12:50:59,maceta2,0,0,100,100,100,,,15.3,48.0,0,0,0,
2026-05-12,12:51:26,maceta1,0,0,100,100,100,,,,,0,0,0,Lectura invalida de DHT
2026-05-12,12:51:26,maceta2,0,0,100,100,100,,,15.3,48.0,0,0,0,
2026-05-12,12:51:53,maceta1,0,0,100,100,100,,,,,0,0,0,Lectura invalida de DHT
2026-05-12,12:51:53,maceta2,0,0,100,100,100,,,15.3,48.0,0,0,0,
2026-05-12,12:52:19,maceta1,0,0,100,100,100,,,,,0,0,0,Lectura invalida de DHT
2026-05-12,12:52:19,maceta2,0,0,100,100,100,,,15.3,48.0,0,0,0,
2026-05-12,12:52:46,maceta1,0,0,100,100,100,,,,,0,0,0,Lectura invalida de DHT
2026-05-12,12:52:46,maceta2,0,0,100,100,100,,,,,0,0,0,Lectura invalida de DHT
2026-05-12,12:53:13,maceta1,0,0,100,100,100,,,,,0,0,0,Lectura invalida de DHT
2026-05-12,12:53:13,maceta2,0,0,100,100,100,,,15.3,47.9,0,0,0,
2026-05-12,12:53:40,maceta1,0,0,100,100,100,,,,,0,0,0,Lectura invalida de DHT
2026-05-12,12:53:40,maceta2,0,0,100,100,100,,,15.3,48.0,0,0,0,
2026-05-12,12:54:06,maceta1,0,0,100,100,100,,,,,0,0,0,Lectura invalida de DHT
2026-05-12,12:54:06,maceta2,0,0,100,100,100,,,15.3,47.9,0,0,0,
2026-05-12,12:54:33,maceta1,0,0,100,100,100,,,,,0,0,0,Lectura invalida de DHT
2026-05-12,12:54:33,maceta2,0,0,100,100,100,,,,,0,0,0,Lectura invalida de DHT
2026-05-12,12:55:00,maceta1,0,0,100,100,100,,,,,0,0,0,Lectura invalida de DHT
2026-05-12,12:55:00,maceta2,0,0,100,100,100,,,15.3,47.9,0,0,0,
2026-05-12,12:55:27,maceta1,0,0,100,100,100,,,,,0,0,0,Lectura invalida de DHT
2026-05-12,12:55:27,maceta2,0,0,100,100,100,,,15.4,47.9,0,0,0,
2026-05-12,12:55:55,maceta1,0,0,100,100,100,,,,,0,0,0,Lectura invalida de DHT
2026-05-12,12:55:55,maceta2,0,0,100,100,100,,,15.3,47.9,0,0,0,
2026-05-12,12:56:22,maceta1,0,0,100,100,100,,,,,0,0,0,Lectura invalida de DHT
2026-05-12,12:56:22,maceta2,0,0,100,100,100,,,15.3,47.9,0,0,0,
2026-05-12,12:56:48,maceta1,0,0,100,100,100,,,,,0,0,0,Lectura invalida de DHT
2026-05-12,12:56:48,maceta2,0,0,100,100,100,,,,,0,0,0,Lectura invalida de DHT
2026-05-12,12:57:15,maceta1,0,0,100,100,100,,,,,0,0,0,Lectura invalida de DHT
2026-05-12,12:57:15,maceta2,0,0,100,100,100,,,15.4,47.9,0,0,0,
2026-05-12,12:57:42,maceta1,0,0,100,100,100,,,,,0,0,0,Lectura invalida de DHT
2026-05-12,12:57:42,maceta2,0,0,100,100,100,,,15.4,47.9,0,0,0,
2026-05-12,12:58:09,maceta1,0,0,100,100,100,,,,,0,0,0,Lectura invalida de DHT
2026-05-12,12:58:09,maceta2,0,0,100,100,100,,,15.3,47.9,0,0,0,
2026-05-12,12:58:36,maceta1,0,0,100,100,100,,,,,0,0,0,Lectura invalida de DHT
2026-05-12,12:58:36,maceta2,0,0,100,100,100,,,15.4,47.9,0,0,0,
2026-05-12,12:59:02,maceta1,0,0,100,100,100,,,,,0,0,0,Lectura invalida de DHT
2026-05-12,12:59:02,maceta2,0,0,100,100,100,,,15.4,47.9,0,0,0,
2026-05-12,12:59:29,maceta1,0,0,100,100,100,,,,,0,0,0,Lectura invalida de DHT
2026-05-12,12:59:29,maceta2,0,0,100,100,100,,,,,0,0,0,Lectura invalida de DHT
2026-05-12,12:59:56,maceta1,0,0,100,100,100,,,,,0,0,0,Lectura invalida de DHT
2026-05-12,12:59:56,maceta2,0,0,100,100,100,,,,,0,0,0,Lectura invalida de DHT
2026-05-12,13:00:23,maceta1,0,0,100,100,100,,,,,0,0,0,Lectura invalida de DHT
2026-05-12,13:00:23,maceta2,0,0,100,100,100,,,15.4,47.8,0,0,0,
2026-05-12,13:00:49,maceta1,0,0,100,100,100,,,,,0,0,0,Lectura invalida de DHT
2026-05-12,13:00:49,maceta2,0,0,100,100,100,,,15.4,47.8,0,0,0,
2026-05-12,13:01:16,maceta1,0,0,100,100,100,,,,,0,0,0,Lectura invalida de DHT
2026-05-12,13:01:16,maceta2,0,0,100,100,100,,,15.4,47.7,0,0,0,
2026-05-12,13:01:43,maceta1,0,0,100,100,100,,,,,0,0,0,Lectura invalida de DHT
2026-05-12,13:01:43,maceta2,0,0,100,100,100,,,,,0,0,0,Lectura invalida de DHT
2026-05-12,13:02:10,maceta1,0,0,100,100,100,,,,,0,0,0,Lectura invalida de DHT
2026-05-12,13:02:10,maceta2,0,0,100,100,100,,,,,0,0,0,Lectura invalida de DHT
2026-05-12,13:02:38,maceta1,0,0,100,100,100,,,,,0,0,0,Lectura invalida de DHT
2026-05-12,13:02:38,maceta2,0,0,100,100,100,,,15.4,47.8,0,0,0,
2026-05-12,13:03:20,maceta1,0,0,100,100,100,,,,,0,0,0,Lectura invalida de DHT
2026-05-12,13:03:20,maceta2,0,0,100,100,100,,,15.4,47.8,0,0,0,
2026-05-12,13:03:47,maceta1,0,0,100,100,100,,,,,0,0,0,Lectura invalida de DHT
2026-05-12,13:03:47,maceta2,0,0,100,100,100,,,15.4,47.7,0,0,0,
2026-05-12,13:04:14,maceta1,0,0,100,100,100,,,,,0,0,0,Lectura invalida de DHT
2026-05-12,13:04:14,maceta2,0,0,100,100,100,,,15.4,47.7,0,0,0,
2026-05-12,13:04:41,maceta1,0,0,100,100,100,,,,,0,0,0,Lectura invalida de DHT
2026-05-12,13:04:41,maceta2,0,0,100,100,100,,,,,0,0,0,Lectura invalida de DHT
2026-05-12,13:05:07,maceta1,0,0,100,100,100,,,,,0,0,0,Lectura invalida de DHT
2026-05-12,13:05:07,maceta2,0,0,100,100,100,,,15.4,47.7,0,0,0,
2026-05-12,13:05:34,maceta1,0,0,100,100,100,,,,,0,0,0,Lectura invalida de DHT
2026-05-12,13:05:34,maceta2,0,0,100,100,100,,,15.4,47.7,0,0,0,
2026-05-12,13:06:01,maceta1,0,0,100,100,100,,,,,0,0,0,Lectura invalida de DHT
2026-05-12,13:06:01,maceta2,0,0,100,100,100,,,,,0,0,0,Lectura invalida de DHT
2026-05-12,13:06:28,maceta1,0,0,100,100,100,,,,,0,0,0,Lectura invalida de DHT
2026-05-12,13:06:28,maceta2,0,0,100,100,100,,,15.4,47.7,0,0,0,
2026-05-12,13:06:54,maceta1,0,0,100,100,100,,,,,0,0,0,Lectura invalida de DHT
2026-05-12,13:06:54,maceta2,0,0,100,100,100,,,,,0,0,0,Lectura invalida de DHT
2026-05-12,13:07:21,maceta1,0,0,100,100,100,,,,,0,0,0,Lectura invalida de DHT
2026-05-12,13:07:21,maceta2,0,0,100,100,100,,,,,0,0,0,Lectura invalida de DHT
2026-05-12,13:07:48,maceta1,0,0,100,100,100,,,,,0,0,0,Lectura invalida de DHT
2026-05-12,13:07:48,maceta2,0,0,100,100,100,,,15.4,47.6,0,0,0,
2026-05-12,13:08:15,maceta1,0,0,100,100,100,,,,,0,0,0,Lectura invalida de DHT
2026-05-12,13:08:15,maceta2,0,0,100,100,100,,,15.4,47.5,0,0,0,
2026-05-12,13:08:42,maceta1,0,0,100,100,100,,,,,0,0,0,Lectura invalida de DHT
2026-05-12,13:08:42,maceta2,0,0,100,100,100,,,,,0,0,0,Lectura invalida de DHT
2026-05-12,13:09:09,maceta1,0,0,100,100,100,,,,,0,0,0,Lectura invalida de DHT
2026-05-12,13:09:09,maceta2,0,0,100,100,100,,,15.4,47.5,0,0,0,
2026-05-12,13:09:36,maceta1,0,0,100,100,100,,,,,0,0,0,Lectura invalida de DHT
2026-05-12,13:09:36,maceta2,0,0,100,100,100,,,15.4,47.5,0,0,0,
2026-05-12,13:10:03,maceta1,0,0,100,100,100,,,,,0,0,0,Lectura invalida de DHT
2026-05-12,13:10:03,maceta2,0,0,100,100,100,,,15.4,47.5,0,0,0,
2026-05-12,13:10:30,maceta1,0,0,100,100,100,,,,,0,0,0,Lectura invalida de DHT
2026-05-12,13:10:30,maceta2,0,0,100,100,100,,,15.4,47.5,0,0,0,
2026-05-12,13:10:57,maceta1,0,0,100,100,100,,,,,0,0,0,Lectura invalida de DHT
2026-05-12,13:10:57,maceta2,0,0,100,100,100,,,15.4,47.6,0,0,0,
2026-05-12,13:11:24,maceta1,0,0,100,100,100,,,,,0,0,0,Lectura invalida de DHT
2026-05-12,13:11:24,maceta2,0,0,100,100,100,,,,,0,0,0,Lectura invalida de DHT
2026-05-12,13:11:59,maceta1,0,0,100,100,100,,,,,0,0,0,Lectura invalida de DHT
2026-05-12,13:11:59,maceta2,0,0,100,100,100,,,15.4,47.5,0,0,0,
2026-05-12,13:12:26,maceta1,0,0,100,100,100,,,,,0,0,0,Lectura invalida de DHT
2026-05-12,13:12:26,maceta2,0,0,100,100,100,,,15.4,47.5,0,0,0,
2026-05-12,13:12:53,maceta1,0,0,100,100,100,,,,,0,0,0,Lectura invalida de DHT
2026-05-12,13:12:53,maceta2,0,0,100,100,100,,,15.4,47.4,0,0,0,
2026-05-12,13:13:20,maceta1,0,0,100,100,100,,,,,0,0,0,Lectura invalida de DHT
2026-05-12,13:13:20,maceta2,0,0,100,100,100,,,,,0,0,0,Lectura invalida de DHT
2026-05-12,13:13:46,maceta1,0,0,100,100,100,,,,,0,0,0,Lectura invalida de DHT
2026-05-12,13:13:46,maceta2,0,0,100,100,100,,,15.4,47.4,0,0,0,
2026-05-12,13:14:13,maceta1,0,0,100,100,100,,,,,0,0,0,Lectura invalida de DHT
2026-05-12,13:14:13,maceta2,0,0,100,100,100,,,15.4,47.4,0,0,0,
2026-05-12,13:14:40,maceta1,0,0,100,100,100,,,,,0,0,0,Lectura invalida de DHT
2026-05-12,13:14:40,maceta2,0,0,100,100,100,,,15.4,47.4,0,0,0,
2026-05-12,13:15:07,maceta1,0,0,100,100,100,,,,,0,0,0,Lectura invalida de DHT
2026-05-12,13:15:07,maceta2,0,0,100,100,100,,,15.4,47.4,0,0,0,
2026-05-12,13:15:34,maceta1,0,0,100,100,100,,,,,0,0,0,Lectura invalida de DHT
2026-05-12,13:15:34,maceta2,0,0,100,100,100,,,15.4,47.3,0,0,0,
2026-05-12,13:16:00,maceta1,0,0,100,100,100,,,,,0,0,0,Lectura invalida de DHT
2026-05-12,13:16:00,maceta2,0,0,100,100,100,,,15.4,47.3,0,0,0,
2026-05-12,13:16:27,maceta1,0,0,100,100,100,,,,,0,0,0,Lectura invalida de DHT
2026-05-12,13:16:27,maceta2,0,0,100,100,100,,,15.4,47.3,0,0,0,
2026-05-12,13:16:54,maceta1,0,0,100,100,100,,,,,0,0,0,Lectura invalida de DHT
2026-05-12,13:16:54,maceta2,0,0,100,100,100,,,15.4,47.3,0,0,0,
2026-05-12,13:17:21,maceta1,0,0,100,100,100,,,,,0,0,0,Lectura invalida de DHT
2026-05-12,13:17:21,maceta2,0,0,100,100,100,,,15.4,47.3,0,0,0,
2026-05-12,13:17:48,maceta1,0,0,100,100,100,,,,,0,0,0,Lectura invalida de DHT
2026-05-12,13:17:48,maceta2,0,0,100,100,100,,,,,0,0,0,Lectura invalida de DHT
2026-05-12,13:18:14,maceta1,0,0,100,100,100,,,,,0,0,0,Lectura invalida de DHT
2026-05-12,13:18:14,maceta2,0,0,100,100,100,,,15.4,47.3,0,0,0,
2026-05-12,13:18:41,maceta1,0,0,100,100,100,,,,,0,0,0,Lectura invalida de DHT
2026-05-12,13:18:41,maceta2,0,0,100,100,100,,,,,0,0,0,Lectura invalida de DHT
2026-05-12,13:19:08,maceta1,0,0,100,100,100,,,,,0,0,0,Lectura invalida de DHT
2026-05-12,13:19:08,maceta2,0,0,100,100,100,,,15.5,47.2,0,0,0,
2026-05-12,13:19:35,maceta1,0,0,100,100,100,,,,,0,0,0,Lectura invalida de DHT
2026-05-12,13:19:35,maceta2,0,0,100,100,100,,,15.5,47.2,0,0,0,
2026-05-12,13:20:02,maceta1,0,0,100,100,100,,,,,0,0,0,Lectura invalida de DHT
2026-05-12,13:20:02,maceta2,0,0,100,100,100,,,,,0,0,0,Lectura invalida de DHT
2026-05-12,13:20:30,maceta1,0,0,100,100,100,,,,,0,0,0,Lectura invalida de DHT
2026-05-12,13:20:30,maceta2,0,0,100,100,100,,,15.5,47.2,0,0,0,
2026-05-12,13:21:06,maceta1,0,0,100,100,100,,,,,0,0,0,Lectura invalida de DHT
2026-05-12,13:21:06,maceta2,0,0,100,100,100,,,15.4,47.2,0,0,0,
2026-05-12,13:21:33,maceta1,0,0,100,100,100,,,,,0,0,0,Lectura invalida de DHT
2026-05-12,13:21:33,maceta2,0,0,100,100,100,,,15.5,47.2,0,0,0,
2026-05-12,13:22:09,maceta1,0,0,100,100,100,,,,,0,0,0,Lectura invalida de DHT
2026-05-12,13:22:09,maceta2,0,0,100,100,100,,,15.5,47.1,0,0,0,
2026-05-12,13:22:35,maceta1,0,0,100,100,100,,,,,0,0,0,Lectura invalida de DHT
2026-05-12,13:22:35,maceta2,0,0,100,100,100,,,15.5,47.1,0,0,0,
2026-05-12,13:23:03,maceta1,0,0,100,100,100,,,,,0,0,0,Lectura invalida de DHT
2026-05-12,13:23:03,maceta2,0,0,100,100,100,,,15.4,47.1,0,0,0,
2026-05-12,13:23:30,maceta1,0,0,100,100,100,,,,,0,0,0,Lectura invalida de DHT
2026-05-12,13:23:30,maceta2,0,0,100,100,100,,,,,0,0,0,Lectura invalida de DHT
2026-05-12,13:23:57,maceta1,0,0,100,100,100,,,,,0,0,0,Lectura invalida de DHT
2026-05-12,13:23:57,maceta2,0,0,100,100,100,,,,,0,0,0,Lectura invalida de DHT
2026-05-12,13:24:23,maceta1,0,0,100,100,100,,,,,0,0,0,Lectura invalida de DHT
2026-05-12,13:24:23,maceta2,0,0,100,100,100,,,,,0,0,0,Lectura invalida de DHT
2026-05-12,13:24:50,maceta1,0,0,100,100,100,,,,,0,0,0,Lectura invalida de DHT
2026-05-12,13:24:50,maceta2,0,0,100,100,100,,,15.4,47.0,0,0,0,
2026-05-12,13:25:18,maceta1,0,0,100,100,100,,,,,0,0,0,Lectura invalida de DHT
2026-05-12,13:25:18,maceta2,0,0,100,100,100,,,15.5,47.0,0,0,0,
2026-05-12,13:25:44,maceta1,0,0,100,100,100,,,,,0,0,0,Lectura invalida de DHT
2026-05-12,13:25:44,maceta2,0,0,100,100,100,,,15.4,46.9,0,0,0,
2026-05-12,13:26:16,maceta1,0,0,100,100,100,,,,,0,0,0,Lectura invalida de DHT
2026-05-12,13:26:16,maceta2,0,0,100,100,100,,,15.5,46.9,0,0,0,
2026-05-12,13:26:44,maceta1,0,0,100,100,100,,,,,0,0,0,Lectura invalida de DHT
2026-05-12,13:26:44,maceta2,0,0,100,100,100,,,15.5,46.9,0,0,0,
2026-05-12,13:27:19,maceta1,0,0,100,100,100,,,,,0,0,0,Lectura invalida de DHT
2026-05-12,13:27:19,maceta2,0,0,100,100,100,,,,,0,0,0,Lectura invalida de DHT
2026-05-12,13:27:51,maceta1,0,0,100,100,100,,,,,0,0,0,Lectura invalida de DHT
2026-05-12,13:27:51,maceta2,0,0,100,100,100,,,15.5,46.8,0,0,0,
2026-05-12,13:28:20,maceta1,0,0,100,100,100,,,,,0,0,0,Lectura invalida de DHT
2026-05-12,13:28:20,maceta2,0,0,100,100,100,,,15.5,46.8,0,0,0,
2026-05-12,13:28:47,maceta1,0,0,100,100,100,,,,,0,0,0,Lectura invalida de DHT
2026-05-12,13:28:47,maceta2,0,0,100,100,100,,,15.5,46.8,0,0,0,
2026-05-12,13:29:14,maceta1,0,0,100,100,100,,,,,0,0,0,Lectura invalida de DHT
2026-05-12,13:29:14,maceta2,0,0,100,100,100,,,15.5,46.7,0,0,0,
2026-05-12,13:29:49,maceta1,0,0,100,100,100,,,,,0,0,0,Lectura invalida de DHT
2026-05-12,13:29:49,maceta2,0,0,100,100,100,,,15.5,46.8,0,0,0,
2026-05-12,13:30:16,maceta1,0,0,100,100,100,,,,,0,0,0,Lectura invalida de DHT
2026-05-12,13:30:16,maceta2,0,0,100,100,100,,,15.5,46.7,0,0,0,
2026-05-12,13:30:43,maceta1,0,0,100,100,100,,,,,0,0,0,Lectura invalida de DHT
2026-05-12,13:30:43,maceta2,0,0,100,100,100,,,15.5,46.6,0,0,0,
2026-05-12,13:31:13,maceta1,0,0,100,100,100,,,,,0,0,0,Lectura invalida de DHT
2026-05-12,13:31:13,maceta2,0,0,100,100,100,,,15.5,46.7,0,0,0,
2026-05-12,13:31:40,maceta1,0,0,100,100,100,,,,,0,0,0,Lectura invalida de DHT
2026-05-12,13:31:40,maceta2,0,0,100,100,100,,,15.5,46.5,0,0,0,
2026-05-12,13:32:07,maceta1,0,0,100,100,100,,,,,0,0,0,Lectura invalida de DHT
2026-05-12,13:32:07,maceta2,0,0,100,100,100,,,,,0,0,0,Lectura invalida de DHT
2026-05-12,13:32:34,maceta1,0,0,100,100,100,,,,,0,0,0,Lectura invalida de DHT
2026-05-12,13:32:34,maceta2,0,0,100,100,100,,,,,0,0,0,Lectura invalida de DHT
2026-05-12,13:33:00,maceta1,0,0,100,100,100,,,,,0,0,0,Lectura invalida de DHT
2026-05-12,13:33:00,maceta2,0,0,100,100,100,,,15.5,46.6,0,0,0,
2026-05-12,13:33:27,maceta1,0,0,100,100,100,,,,,0,0,0,Lectura invalida de DHT
2026-05-12,13:33:27,maceta2,0,0,100,100,100,,,,,0,0,0,Lectura invalida de DHT
2026-05-12,13:33:54,maceta1,0,0,100,100,100,,,,,0,0,0,Lectura invalida de DHT
2026-05-12,13:33:54,maceta2,0,0,100,100,100,,,15.5,46.5,0,0,0,
2026-05-12,13:34:21,maceta1,0,0,100,100,100,,,,,0,0,0,Lectura invalida de DHT
2026-05-12,13:34:21,maceta2,0,0,100,100,100,,,15.5,46.4,0,0,0,
2026-05-12,13:34:49,maceta1,0,0,100,100,100,,,,,0,0,0,Lectura invalida de DHT
2026-05-12,13:34:49,maceta2,0,0,100,100,100,,,,,0,0,0,Lectura invalida de DHT
2026-05-12,13:35:16,maceta1,0,0,100,100,100,,,,,0,0,0,Lectura invalida de DHT
2026-05-12,13:35:16,maceta2,0,0,100,100,100,,,15.5,46.3,0,0,0,
2026-05-12,13:35:43,maceta1,0,0,100,100,100,,,,,0,0,0,Lectura invalida de DHT
2026-05-12,13:35:43,maceta2,0,0,100,100,100,,,15.5,46.5,0,0,0,
2026-05-12,13:36:09,maceta1,0,0,100,100,100,,,,,0,0,0,Lectura invalida de DHT
2026-05-12,13:36:09,maceta2,0,0,100,100,100,,,15.5,46.3,0,0,0,
2026-05-12,13:36:36,maceta1,0,0,100,100,100,,,,,0,0,0,Lectura invalida de DHT
2026-05-12,13:36:36,maceta2,0,0,100,100,100,,,15.5,46.3,0,0,0,
2026-05-12,13:37:11,maceta1,0,0,100,100,100,,,,,0,0,0,Lectura invalida de DHT
2026-05-12,13:37:11,maceta2,0,0,100,100,100,,,15.5,46.3,0,0,0,
2026-05-12,13:37:47,maceta1,0,0,100,100,100,,,,,0,0,0,Lectura invalida de DHT
2026-05-12,13:37:47,maceta2,0,0,100,100,100,,,15.5,46.2,0,0,0,
2026-05-12,13:38:23,maceta1,0,0,100,100,100,,,,,0,0,0,Lectura invalida de DHT
2026-05-12,13:38:23,maceta2,0,0,100,100,100,,,15.5,46.2,0,0,0,
2026-05-12,13:38:50,maceta1,0,0,100,100,100,,,,,0,0,0,Lectura invalida de DHT
2026-05-12,13:38:50,maceta2,0,0,100,100,100,,,15.5,46.3,0,0,0,
2026-05-12,13:39:17,maceta1,0,0,100,100,100,,,,,0,0,0,Lectura invalida de DHT
2026-05-12,13:39:17,maceta2,0,0,100,100,100,,,15.5,46.2,0,0,0,
2026-05-12,13:39:44,maceta1,0,0,100,100,100,,,,,0,0,0,Lectura invalida de DHT
2026-05-12,13:39:44,maceta2,0,0,100,100,100,,,15.5,46.2,0,0,0,
2026-05-12,13:40:11,maceta1,0,0,100,100,100,,,,,0,0,0,Lectura invalida de DHT
2026-05-12,13:40:11,maceta2,0,0,100,100,100,,,,,0,0,0,Lectura invalida de DHT
2026-05-12,13:40:37,maceta1,0,0,100,100,100,,,,,0,0,0,Lectura invalida de DHT
2026-05-12,13:40:37,maceta2,0,0,100,100,100,,,15.5,46.2,0,0,0,
2026-05-12,13:41:04,maceta1,0,0,100,100,100,,,,,0,0,0,Lectura invalida de DHT
2026-05-12,13:41:04,maceta2,0,0,100,100,100,,,15.5,46.1,0,0,0,
2026-05-12,13:41:33,maceta1,0,0,100,100,100,,,,,0,0,0,Lectura invalida de DHT
2026-05-12,13:41:33,maceta2,0,0,100,100,100,,,,,0,0,0,Lectura invalida de DHT
2026-05-12,13:42:00,maceta1,0,0,100,100,100,,,,,0,0,0,Lectura invalida de DHT
2026-05-12,13:42:00,maceta2,0,0,100,100,100,,,15.5,46.1,0,0,0,
2026-05-12,13:42:32,maceta1,0,0,100,100,100,,,,,0,0,0,Lectura invalida de DHT
2026-05-12,13:42:32,maceta2,0,0,100,100,100,,,15.5,46.0,0,0,0,
2026-05-12,13:43:00,maceta1,0,0,100,100,100,,,,,0,0,0,Lectura invalida de DHT
2026-05-12,13:43:00,maceta2,0,0,100,100,100,,,15.5,45.9,0,0,0,
2026-05-12,13:43:42,maceta1,0,0,100,100,100,,,,,0,0,0,Lectura invalida de DHT
2026-05-12,13:43:42,maceta2,0,0,100,100,100,,,15.5,46.0,0,0,0,
2026-05-12,13:44:09,maceta1,0,0,100,100,100,,,,,0,0,0,Lectura invalida de DHT
2026-05-12,13:44:09,maceta2,0,0,100,100,100,,,15.5,46.0,0,0,0,
2026-05-12,13:44:35,maceta1,0,0,100,100,100,,,,,0,0,0,Lectura invalida de DHT
2026-05-12,13:44:35,maceta2,0,0,100,100,100,,,,,0,0,0,Lectura invalida de DHT
2026-05-12,13:45:02,maceta1,0,0,100,100,100,,,,,0,0,0,Lectura invalida de DHT
2026-05-12,13:45:02,maceta2,0,0,100,100,100,,,15.5,45.9,0,0,0,
2026-05-12,13:45:29,maceta1,0,0,100,100,100,,,,,0,0,0,Lectura invalida de DHT
2026-05-12,13:45:29,maceta2,0,0,100,100,100,,,15.5,45.9,0,0,0,
2026-05-12,13:45:56,maceta1,0,0,100,100,100,,,,,0,0,0,Lectura invalida de DHT
2026-05-12,13:45:56,maceta2,0,0,100,100,100,,,,,0,0,0,Lectura invalida de DHT
2026-05-12,13:46:23,maceta1,0,0,100,100,100,,,,,0,0,0,Lectura invalida de DHT
2026-05-12,13:46:23,maceta2,0,0,100,100,100,,,15.5,45.9,0,0,0,
2026-05-12,13:46:49,maceta1,0,0,100,100,100,,,,,0,0,0,Lectura invalida de DHT
2026-05-12,13:46:49,maceta2,0,0,100,100,100,,,15.5,46.0,0,0,0,
2026-05-12,13:47:16,maceta1,0,0,100,100,100,,,,,0,0,0,Lectura invalida de DHT
2026-05-12,13:47:16,maceta2,0,0,100,100,100,,,15.6,45.9,0,0,0,
2026-05-12,13:47:43,maceta1,0,0,100,100,100,,,,,0,0,0,Lectura invalida de DHT
2026-05-12,13:47:43,maceta2,0,0,100,100,100,,,15.5,45.9,0,0,0,
2026-05-12,13:48:10,maceta1,0,0,100,100,100,,,,,0,0,0,Lectura invalida de DHT
2026-05-12,13:48:10,maceta2,0,0,100,100,100,,,15.5,45.9,0,0,0,
2026-05-12,13:48:37,maceta1,0,0,100,100,100,,,,,0,0,0,Lectura invalida de DHT
2026-05-12,13:48:37,maceta2,0,0,100,100,100,,,15.5,45.9,0,0,0,
2026-05-12,13:49:12,maceta1,0,0,100,100,100,,,,,0,0,0,Lectura invalida de DHT
2026-05-12,13:49:12,maceta2,0,0,100,100,100,,,15.5,45.8,0,0,0,
2026-05-12,13:49:38,maceta1,0,0,100,100,100,,,,,0,0,0,Lectura invalida de DHT
2026-05-12,13:49:38,maceta2,0,0,100,100,100,,,,,0,0,0,Lectura invalida de DHT
2026-05-12,13:50:05,maceta1,0,0,100,100,100,,,,,0,0,0,Lectura invalida de DHT
2026-05-12,13:50:05,maceta2,0,0,100,100,100,,,15.6,45.8,0,0,0,
2026-05-12,13:50:32,maceta1,0,0,100,100,100,,,,,0,0,0,Lectura invalida de DHT
2026-05-12,13:50:32,maceta2,0,0,100,100,100,,,15.6,45.8,0,0,0,
2026-05-12,13:50:58,maceta1,0,0,100,100,100,,,,,0,0,0,Lectura invalida de DHT
2026-05-12,13:50:58,maceta2,0,0,100,100,100,,,,,0,0,0,Lectura invalida de DHT
2026-05-12,13:51:25,maceta1,0,0,100,100,100,,,,,0,0,0,Lectura invalida de DHT
2026-05-12,13:51:25,maceta2,0,0,100,100,100,,,15.6,45.7,0,0,0,
2026-05-12,13:51:52,maceta1,0,0,100,100,100,,,,,0,0,0,Lectura invalida de DHT
2026-05-12,13:51:52,maceta2,0,0,100,100,100,,,15.6,45.7,0,0,0,
2026-05-12,13:52:19,maceta1,0,0,100,100,100,,,,,0,0,0,Lectura invalida de DHT
2026-05-12,13:52:19,maceta2,0,0,100,100,100,,,,,0,0,0,Lectura invalida de DHT
2026-05-12,13:52:46,maceta1,0,0,100,100,100,,,,,0,0,0,Lectura invalida de DHT
2026-05-12,13:52:46,maceta2,0,0,100,100,100,,,15.6,45.7,0,0,0,
2026-05-12,13:53:12,maceta1,0,0,100,100,100,,,,,0,0,0,Lectura invalida de DHT
2026-05-12,13:53:12,maceta2,0,0,100,100,100,,,15.6,45.7,0,0,0,
2026-05-12,13:53:39,maceta1,0,0,100,100,100,,,,,0,0,0,Lectura invalida de DHT
2026-05-12,13:53:39,maceta2,0,0,100,100,100,,,,,0,0,0,Lectura invalida de DHT
2026-05-12,13:54:06,maceta1,0,0,100,100,100,,,,,0,0,0,Lectura invalida de DHT
2026-05-12,13:54:06,maceta2,0,0,100,100,100,,,15.6,45.5,0,0,0,
2026-05-12,13:54:33,maceta1,0,0,100,100,100,,,,,0,0,0,Lectura invalida de DHT
2026-05-12,13:54:33,maceta2,0,0,100,100,100,,,15.6,45.5,0,0,0,
2026-05-12,13:55:08,maceta1,0,0,100,100,100,,,,,0,0,0,Lectura invalida de DHT
2026-05-12,13:55:08,maceta2,0,0,100,100,100,,,15.6,45.6,0,0,0,
2026-05-12,13:55:34,maceta1,0,0,100,100,100,,,,,0,0,0,Lectura invalida de DHT
2026-05-12,13:55:34,maceta2,0,0,100,100,100,,,,,0,0,0,Lectura invalida de DHT
2026-05-12,13:56:01,maceta1,0,0,100,100,100,,,,,0,0,0,Lectura invalida de DHT
2026-05-12,13:56:01,maceta2,0,0,100,100,100,,,,,0,0,0,Lectura invalida de DHT
2026-05-12,13:56:28,maceta1,0,0,100,100,100,,,,,0,0,0,Lectura invalida de DHT
2026-05-12,13:56:28,maceta2,0,0,100,100,100,,,,,0,0,0,Lectura invalida de DHT
2026-05-12,13:56:55,maceta1,0,0,100,100,100,,,,,0,0,0,Lectura invalida de DHT
2026-05-12,13:56:55,maceta2,0,0,100,100,100,,,,,0,0,0,Lectura invalida de DHT
2026-05-12,13:57:21,maceta1,0,0,100,100,100,,,,,0,0,0,Lectura invalida de DHT
2026-05-12,13:57:21,maceta2,0,0,100,100,100,,,15.6,45.5,0,0,0,
2026-05-12,13:57:53,maceta1,0,0,100,100,100,,,,,0,0,0,Lectura invalida de DHT
2026-05-12,13:57:53,maceta2,0,0,100,100,100,,,,,0,0,0,Lectura invalida de DHT
2026-05-12,13:58:20,maceta1,0,0,100,100,100,,,,,0,0,0,Lectura invalida de DHT
2026-05-12,13:58:20,maceta2,0,0,100,100,100,,,15.6,45.5,0,0,0,
2026-05-12,13:58:46,maceta1,0,0,100,100,100,,,,,0,0,0,Lectura invalida de DHT
2026-05-12,13:58:46,maceta2,0,0,100,100,100,,,15.6,45.5,0,0,0,
2026-05-12,13:59:13,maceta1,0,0,100,100,100,,,,,0,0,0,Lectura invalida de DHT
2026-05-12,13:59:13,maceta2,0,0,100,100,100,,,,,0,0,0,Lectura invalida de DHT
2026-05-12,13:59:40,maceta1,0,0,100,100,100,,,,,0,0,0,Lectura invalida de DHT
2026-05-12,13:59:40,maceta2,0,0,100,100,100,,,15.6,45.5,0,0,0,
2026-05-12,14:00:07,maceta1,0,0,100,100,100,,,,,0,0,0,Lectura invalida de DHT
2026-05-12,14:00:07,maceta2,0,0,100,100,100,,,15.6,45.4,0,0,0,
2026-05-12,14:00:34,maceta1,0,0,100,100,100,,,,,0,0,0,Lectura invalida de DHT
2026-05-12,14:00:34,maceta2,0,0,100,100,100,,,,,0,0,0,Lectura invalida de DHT
2026-05-12,14:01:00,maceta1,0,0,100,100,100,,,,,0,0,0,Lectura invalida de DHT
2026-05-12,14:01:00,maceta2,0,0,100,100,100,,,15.6,45.4,0,0,0,
2026-05-12,14:01:27,maceta1,0,0,100,100,100,,,,,0,0,0,Lectura invalida de DHT
2026-05-12,14:01:27,maceta2,0,0,100,100,100,,,15.6,45.4,0,0,0,
2026-05-12,14:01:54,maceta1,0,0,100,100,100,,,,,0,0,0,Lectura invalida de DHT
2026-05-12,14:01:54,maceta2,0,0,100,100,100,,,15.6,45.2,0,0,0,
2026-05-12,14:02:34,maceta1,0,0,100,100,100,,,,,0,0,0,Lectura invalida de DHT
2026-05-12,14:02:34,maceta2,0,0,100,100,100,,,15.6,45.3,0,0,0,
2026-05-12,14:03:00,maceta1,0,0,100,100,100,,,,,0,0,0,Lectura invalida de DHT
2026-05-12,14:03:00,maceta2,0,0,100,100,100,,,15.6,45.3,0,0,0,
2026-05-12,14:03:27,maceta1,0,0,100,100,100,,,,,0,0,0,Lectura invalida de DHT
2026-05-12,14:03:27,maceta2,0,0,100,100,100,,,,,0,0,0,Lectura invalida de DHT
2026-05-12,14:03:54,maceta1,0,0,100,100,100,,,,,0,0,0,Lectura invalida de DHT
2026-05-12,14:03:54,maceta2,0,0,100,100,100,,,15.6,45.3,0,0,0,
2026-05-12,14:04:21,maceta1,0,0,100,100,100,,,,,0,0,0,Lectura invalida de DHT
2026-05-12,14:04:21,maceta2,0,0,100,100,100,,,,,0,0,0,Lectura invalida de DHT
2026-05-12,14:04:48,maceta1,0,0,100,100,100,,,,,0,0,0,Lectura invalida de DHT
2026-05-12,14:04:48,maceta2,0,0,100,100,100,,,15.6,45.3,0,0,0,
2026-05-12,14:05:14,maceta1,0,0,100,100,100,,,,,0,0,0,Lectura invalida de DHT
2026-05-12,14:05:14,maceta2,0,0,100,100,100,,,15.6,45.3,0,0,0,
2026-05-12,14:05:41,maceta1,0,0,100,100,100,,,,,0,0,0,Lectura invalida de DHT
2026-05-12,14:05:41,maceta2,0,0,100,100,100,,,15.6,45.3,0,0,0,
2026-05-12,14:06:08,maceta1,0,0,100,100,100,,,,,0,0,0,Lectura invalida de DHT
2026-05-12,14:06:08,maceta2,0,0,100,100,100,,,,,0,0,0,Lectura invalida de DHT
2026-05-12,14:06:35,maceta1,0,0,100,100,100,,,,,0,0,0,Lectura invalida de DHT
2026-05-12,14:06:35,maceta2,0,0,100,100,100,,,15.6,45.3,0,0,0,
2026-05-12,14:07:02,maceta1,0,0,100,100,100,,,,,0,0,0,Lectura invalida de DHT
2026-05-12,14:07:02,maceta2,0,0,100,100,100,,,15.6,45.2,0,0,0,
2026-05-12,14:07:29,maceta1,0,0,100,100,100,,,,,0,0,0,Lectura invalida de DHT
2026-05-12,14:07:29,maceta2,0,0,100,100,100,,,,,0,0,0,Lectura invalida de DHT
2026-05-12,14:08:04,maceta1,0,0,100,100,100,,,,,0,0,0,Lectura invalida de DHT
2026-05-12,14:08:04,maceta2,0,0,100,100,100,,,15.6,45.2,0,0,0,
2026-05-12,14:08:31,maceta1,0,0,100,100,100,,,,,0,0,0,Lectura invalida de DHT
2026-05-12,14:08:31,maceta2,0,0,100,100,100,,,,,0,0,0,Lectura invalida de DHT
2026-05-12,14:08:58,maceta1,0,0,100,100,100,,,,,0,0,0,Lectura invalida de DHT
2026-05-12,14:08:58,maceta2,0,0,100,100,100,,,15.6,45.1,0,0,0,
2026-05-12,14:09:25,maceta1,0,0,100,100,100,,,,,0,0,0,Lectura invalida de DHT
2026-05-12,14:09:25,maceta2,0,0,100,100,100,,,15.6,45.1,0,0,0,
2026-05-12,14:09:51,maceta1,0,0,100,100,100,,,,,0,0,0,Lectura invalida de DHT
2026-05-12,14:09:51,maceta2,0,0,100,100,100,,,15.6,45.1,0,0,0,
2026-05-12,14:10:18,maceta1,0,0,100,100,100,,,,,0,0,0,Lectura invalida de DHT
2026-05-12,14:10:18,maceta2,0,0,100,100,100,,,15.6,45.0,0,0,0,
2026-05-12,14:10:45,maceta1,0,0,100,100,100,,,,,0,0,0,Lectura invalida de DHT
2026-05-12,14:10:45,maceta2,0,0,100,100,100,,,,,0,0,0,Lectura invalida de DHT
2026-05-12,14:11:12,maceta1,0,0,100,100,100,,,,,0,0,0,Lectura invalida de DHT
2026-05-12,14:11:12,maceta2,0,0,100,100,100,,,,,0,0,0,Lectura invalida de DHT
2026-05-12,14:11:39,maceta1,0,0,100,100,100,,,,,0,0,0,Lectura invalida de DHT
2026-05-12,14:11:39,maceta2,0,0,100,100,100,,,15.6,45.1,0,0,0,
2026-05-12,14:12:05,maceta1,0,0,100,100,100,,,,,0,0,0,Lectura invalida de DHT
2026-05-12,14:12:05,maceta2,0,0,100,100,100,,,15.6,45.2,0,0,0,
2026-05-12,14:12:32,maceta1,0,0,100,100,100,,,,,0,0,0,Lectura invalida de DHT
2026-05-12,14:12:32,maceta2,0,0,100,100,100,,,15.6,45.2,0,0,0,
2026-05-12,14:12:59,maceta1,0,0,100,100,100,,,,,0,0,0,Lectura invalida de DHT
2026-05-12,14:12:59,maceta2,0,0,100,100,100,,,15.6,45.2,0,0,0,
2026-05-12,14:13:26,maceta1,0,0,100,100,100,,,,,0,0,0,Lectura invalida de DHT
2026-05-12,14:13:26,maceta2,0,0,100,100,100,,,15.6,45.2,0,0,0,
2026-05-12,14:13:52,maceta1,0,0,100,100,100,,,,,0,0,0,Lectura invalida de DHT
2026-05-12,14:13:52,maceta2,0,0,100,100,100,,,15.6,45.2,0,0,0,
2026-05-12,14:14:19,maceta1,0,0,100,100,100,,,,,0,0,0,Lectura invalida de DHT
2026-05-12,14:14:19,maceta2,0,0,100,100,100,,,15.6,45.3,0,0,0,
2026-05-12,14:14:46,maceta1,0,0,100,100,100,,,,,0,0,0,Lectura invalida de DHT
2026-05-12,14:14:46,maceta2,0,0,100,100,100,,,,,0,0,0,Lectura invalida de DHT
2026-05-12,14:15:13,maceta1,0,0,100,100,100,,,,,0,0,0,Lectura invalida de DHT
2026-05-12,14:15:13,maceta2,0,0,100,100,100,,,15.6,45.1,0,0,0,
2026-05-12,14:15:39,maceta1,0,0,100,100,100,,,,,0,0,0,Lectura invalida de DHT
2026-05-12,14:15:39,maceta2,0,0,100,100,100,,,15.6,45.0,0,0,0,
2026-05-12,14:16:06,maceta1,0,0,100,100,100,,,,,0,0,0,Lectura invalida de DHT
2026-05-12,14:16:06,maceta2,0,0,100,100,100,,,,,0,0,0,Lectura invalida de DHT
2026-05-12,14:16:33,maceta1,0,0,100,100,100,,,,,0,0,0,Lectura invalida de DHT
2026-05-12,14:16:33,maceta2,0,0,100,100,100,,,15.6,45.0,0,0,0,
2026-05-12,14:17:00,maceta1,0,0,100,100,100,,,,,0,0,0,Lectura invalida de DHT
2026-05-12,14:17:00,maceta2,0,0,100,100,100,,,15.6,45.0,0,0,0,
2026-05-12,14:17:26,maceta1,0,0,100,100,100,,,,,0,0,0,Lectura invalida de DHT
2026-05-12,14:17:26,maceta2,0,0,100,100,100,,,15.6,45.0,0,0,0,
2026-05-12,14:17:53,maceta1,0,0,100,100,100,,,,,0,0,0,Lectura invalida de DHT
2026-05-12,14:17:53,maceta2,0,0,100,100,100,,,15.6,44.9,0,0,0,
2026-05-12,14:18:20,maceta1,0,0,100,100,100,,,,,0,0,0,Lectura invalida de DHT
2026-05-12,14:18:20,maceta2,0,0,100,100,100,,,15.6,44.9,0,0,0,
2026-05-12,14:18:47,maceta1,0,0,100,100,100,,,,,0,0,0,Lectura invalida de DHT
2026-05-12,14:18:47,maceta2,0,0,100,100,100,,,15.6,44.8,0,0,0,
2026-05-12,14:19:14,maceta1,0,0,100,100,100,,,,,0,0,0,Lectura invalida de DHT
2026-05-12,14:19:14,maceta2,0,0,100,100,100,,,15.6,44.8,0,0,0,
2026-05-12,14:19:41,maceta1,0,0,100,100,100,,,,,0,0,0,Lectura invalida de DHT
2026-05-12,14:19:41,maceta2,0,0,100,100,100,,,15.6,44.9,0,0,0,
2026-05-12,14:20:08,maceta1,0,0,100,100,100,,,,,0,0,0,Lectura invalida de DHT
2026-05-12,14:20:08,maceta2,0,0,100,100,100,,,,,0,0,0,Lectura invalida de DHT
2026-05-12,14:20:35,maceta1,0,0,100,100,100,,,,,0,0,0,Lectura invalida de DHT
2026-05-12,14:20:35,maceta2,0,0,100,100,100,,,15.6,44.8,0,0,0,
2026-05-12,14:21:03,maceta1,0,0,100,100,100,,,,,0,0,0,Lectura invalida de DHT
2026-05-12,14:21:03,maceta2,0,0,100,100,100,,,15.6,44.9,0,0,0,
2026-05-12,14:21:30,maceta1,0,0,100,100,100,,,,,0,0,0,Lectura invalida de DHT
2026-05-12,14:21:30,maceta2,0,0,100,100,100,,,,,0,0,0,Lectura invalida de DHT
2026-05-12,14:21:56,maceta1,0,0,100,100,100,,,,,0,0,0,Lectura invalida de DHT
2026-05-12,14:21:56,maceta2,0,0,100,100,100,,,,,0,0,0,Lectura invalida de DHT
2026-05-12,14:22:23,maceta1,0,0,100,100,100,,,,,0,0,0,Lectura invalida de DHT
2026-05-12,14:22:23,maceta2,0,0,100,100,100,,,15.6,44.8,0,0,0,
2026-05-12,14:22:50,maceta1,0,0,100,100,100,,,,,0,0,0,Lectura invalida de DHT
2026-05-12,14:22:50,maceta2,0,0,100,100,100,,,15.6,44.9,0,0,0,
2026-05-12,14:23:17,maceta1,0,0,100,100,100,,,,,0,0,0,Lectura invalida de DHT
2026-05-12,14:23:17,maceta2,0,0,100,100,100,,,15.6,44.8,0,0,0,
2026-05-12,14:23:44,maceta1,0,0,100,100,100,,,,,0,0,0,Lectura invalida de DHT
2026-05-12,14:23:44,maceta2,0,0,100,100,100,,,,,0,0,0,Lectura invalida de DHT
2026-05-12,14:24:10,maceta1,0,0,100,100,100,,,,,0,0,0,Lectura invalida de DHT
2026-05-12,14:24:10,maceta2,0,0,100,100,100,,,,,0,0,0,Lectura invalida de DHT
2026-05-12,14:24:37,maceta1,0,0,100,100,100,,,,,0,0,0,Lectura invalida de DHT
2026-05-12,14:24:37,maceta2,0,0,100,100,100,,,15.6,44.8,0,0,0,
2026-05-12,14:25:04,maceta1,0,0,100,100,100,,,,,0,0,0,Lectura invalida de DHT
2026-05-12,14:25:04,maceta2,0,0,100,100,100,,,15.6,44.9,0,0,0,
2026-05-12,14:25:32,maceta1,0,0,100,100,100,,,,,0,0,0,Lectura invalida de DHT
2026-05-12,14:25:32,maceta2,0,0,100,100,100,,,15.6,44.9,0,0,0,
2026-05-12,14:25:59,maceta1,0,0,100,100,100,,,,,0,0,0,Lectura invalida de DHT
2026-05-12,14:25:59,maceta2,0,0,100,100,100,,,,,0,0,0,Lectura invalida de DHT
2026-05-12,14:26:25,maceta1,0,0,100,100,100,,,,,0,0,0,Lectura invalida de DHT
2026-05-12,14:26:25,maceta2,0,0,100,100,100,,,15.6,44.7,0,0,0,
2026-05-12,14:26:57,maceta1,0,0,100,100,100,,,,,0,0,0,Lectura invalida de DHT
2026-05-12,14:26:57,maceta2,0,0,100,100,100,,,15.6,44.7,0,0,0,
2026-05-12,14:27:24,maceta1,0,0,100,100,100,,,,,0,0,0,Lectura invalida de DHT
2026-05-12,14:27:24,maceta2,0,0,100,100,100,,,15.6,44.8,0,0,0,
2026-05-12,14:27:59,maceta1,0,0,100,100,100,,,,,0,0,0,Lectura invalida de DHT
2026-05-12,14:27:59,maceta2,0,0,100,100,100,,,,,0,0,0,Lectura invalida de DHT
2026-05-12,14:28:26,maceta1,0,0,100,100,100,,,,,0,0,0,Lectura invalida de DHT
2026-05-12,14:28:26,maceta2,0,0,100,100,100,,,15.6,44.7,0,0,0,
2026-05-12,14:28:53,maceta1,0,0,100,100,100,,,,,0,0,0,Lectura invalida de DHT
2026-05-12,14:28:53,maceta2,0,0,100,100,100,,,15.6,44.6,0,0,0,
2026-05-12,14:29:19,maceta1,0,0,100,100,100,,,,,0,0,0,Lectura invalida de DHT
2026-05-12,14:29:19,maceta2,0,0,100,100,100,,,15.6,44.7,0,0,0,
2026-05-12,14:29:46,maceta1,0,0,100,100,100,,,,,0,0,0,Lectura invalida de DHT
2026-05-12,14:29:46,maceta2,0,0,100,100,100,,,15.6,44.6,0,0,0,
2026-05-12,14:30:13,maceta1,0,0,100,100,100,,,,,0,0,0,Lectura invalida de DHT
2026-05-12,14:30:13,maceta2,0,0,100,100,100,,,15.6,44.6,0,0,0,
2026-05-12,14:30:49,maceta1,0,0,100,100,100,,,,,0,0,0,Lectura invalida de DHT
2026-05-12,14:30:49,maceta2,0,0,100,100,100,,,,,0,0,0,Lectura invalida de DHT
2026-05-12,14:31:15,maceta1,0,0,100,100,100,,,,,0,0,0,Lectura invalida de DHT
2026-05-12,14:31:15,maceta2,0,0,100,100,100,,,15.6,44.6,0,0,0,
2026-05-12,14:31:50,maceta1,0,0,100,100,100,,,,,0,0,0,Lectura invalida de DHT
2026-05-12,14:31:50,maceta2,0,0,100,100,100,,,,,0,0,0,Lectura invalida de DHT
2026-05-12,14:32:17,maceta1,0,0,100,100,100,,,,,0,0,0,Lectura invalida de DHT
2026-05-12,14:32:17,maceta2,0,0,100,100,100,,,15.6,44.4,0,0,0,
2026-05-12,14:32:44,maceta1,0,0,100,100,100,,,,,0,0,0,Lectura invalida de DHT
2026-05-12,14:32:44,maceta2,0,0,100,100,100,,,15.6,44.5,0,0,0,
2026-05-12,14:33:11,maceta1,0,0,100,100,100,,,,,0,0,0,Lectura invalida de DHT
2026-05-12,14:33:11,maceta2,0,0,100,100,100,,,15.6,44.5,0,0,0,
2026-05-12,14:33:37,maceta1,0,0,100,100,100,,,,,0,0,0,Lectura invalida de DHT
2026-05-12,14:33:37,maceta2,0,0,100,100,100,,,15.6,44.5,0,0,0,
2026-05-12,14:34:13,maceta1,0,0,100,100,100,,,,,0,0,0,Lectura invalida de DHT
2026-05-12,14:34:13,maceta2,0,0,100,100,100,,,15.6,44.5,0,0,0,
2026-05-12,14:34:40,maceta1,0,0,100,100,100,,,,,0,0,0,Lectura invalida de DHT
2026-05-12,14:34:40,maceta2,0,0,100,100,100,,,,,0,0,0,Lectura invalida de DHT
2026-05-12,14:35:07,maceta1,0,0,100,100,100,,,,,0,0,0,Lectura invalida de DHT
2026-05-12,14:35:07,maceta2,0,0,100,100,100,,,,,0,0,0,Lectura invalida de DHT
2026-05-12,14:35:33,maceta1,0,0,100,100,100,,,,,0,0,0,Lectura invalida de DHT
2026-05-12,14:35:33,maceta2,0,0,100,100,100,,,15.6,44.4,0,0,0,
2026-05-12,14:36:00,maceta1,0,0,100,100,100,,,,,0,0,0,Lectura invalida de DHT
2026-05-12,14:36:00,maceta2,0,0,100,100,100,,,15.6,44.4,0,0,0,
2026-05-12,14:36:27,maceta1,0,0,100,100,100,,,,,0,0,0,Lectura invalida de DHT
2026-05-12,14:36:27,maceta2,0,0,100,100,100,,,15.6,44.5,0,0,0,
2026-05-12,14:36:54,maceta1,0,0,100,100,100,,,,,0,0,0,Lectura invalida de DHT
2026-05-12,14:36:54,maceta2,0,0,100,100,100,,,15.6,44.3,0,0,0,
2026-05-12,14:37:21,maceta1,0,0,100,100,100,,,,,0,0,0,Lectura invalida de DHT
2026-05-12,14:37:21,maceta2,0,0,100,100,100,,,15.6,44.4,0,0,0,
2026-05-12,14:37:48,maceta1,0,0,100,100,100,,,,,0,0,0,Lectura invalida de DHT
2026-05-12,14:37:48,maceta2,0,0,100,100,100,,,,,0,0,0,Lectura invalida de DHT
2026-05-12,14:38:14,maceta1,0,0,100,100,100,,,,,0,0,0,Lectura invalida de DHT
2026-05-12,14:38:14,maceta2,0,0,100,100,100,,,,,0,0,0,Lectura invalida de DHT
2026-05-12,14:38:41,maceta1,0,0,100,100,100,,,,,0,0,0,Lectura invalida de DHT
2026-05-12,14:38:41,maceta2,0,0,100,100,100,,,15.6,44.4,0,0,0,
2026-05-12,14:39:08,maceta1,0,0,100,100,100,,,,,0,0,0,Lectura invalida de DHT
2026-05-12,14:39:08,maceta2,0,0,100,100,100,,,15.6,44.5,0,0,0,
2026-05-12,14:39:35,maceta1,0,0,100,100,100,,,,,0,0,0,Lectura invalida de DHT
2026-05-12,14:39:35,maceta2,0,0,100,100,100,,,15.6,44.4,0,0,0,
2026-05-12,14:40:02,maceta1,0,0,100,100,100,,,,,0,0,0,Lectura invalida de DHT
2026-05-12,14:40:02,maceta2,0,0,100,100,100,,,15.6,44.3,0,0,0,
2026-05-12,14:40:28,maceta1,0,0,100,100,100,,,,,0,0,0,Lectura invalida de DHT
2026-05-12,14:40:28,maceta2,0,0,100,100,100,,,15.6,44.3,0,0,0,
2026-05-12,14:40:55,maceta1,0,0,100,100,100,,,,,0,0,0,Lectura invalida de DHT
2026-05-12,14:40:55,maceta2,0,0,100,100,100,,,,,0,0,0,Lectura invalida de DHT
2026-05-12,14:41:22,maceta1,0,0,100,100,100,,,,,0,0,0,Lectura invalida de DHT
2026-05-12,14:41:22,maceta2,0,0,100,100,100,,,,,0,0,0,Lectura invalida de DHT
2026-05-12,14:41:51,maceta1,0,0,100,100,100,,,,,0,0,0,Lectura invalida de DHT
2026-05-12,14:41:51,maceta2,0,0,100,100,100,,,,,0,0,0,Lectura invalida de DHT
2026-05-12,14:42:18,maceta1,0,0,100,100,100,,,,,0,0,0,Lectura invalida de DHT
2026-05-12,14:42:18,maceta2,0,0,100,100,100,,,15.6,44.3,0,0,0,
2026-05-12,14:42:45,maceta1,0,0,100,100,100,,,,,0,0,0,Lectura invalida de DHT
2026-05-12,14:42:45,maceta2,0,0,100,100,100,,,15.6,44.2,0,0,0,
2026-05-12,14:43:12,maceta1,0,0,100,100,100,,,,,0,0,0,Lectura invalida de DHT
2026-05-12,14:43:12,maceta2,0,0,100,100,100,,,15.6,44.2,0,0,0,
2026-05-12,14:43:39,maceta1,0,0,100,100,100,,,,,0,0,0,Lectura invalida de DHT
2026-05-12,14:43:39,maceta2,0,0,100,100,100,,,15.6,44.3,0,0,0,
2026-05-12,14:44:05,maceta1,0,0,100,100,100,,,,,0,0,0,Lectura invalida de DHT
2026-05-12,14:44:05,maceta2,0,0,100,100,100,,,15.6,44.4,0,0,0,
2026-05-12,14:44:32,maceta1,0,0,100,100,100,,,,,0,0,0,Lectura invalida de DHT
2026-05-12,14:44:32,maceta2,0,0,100,100,100,,,,,0,0,0,Lectura invalida de DHT
2026-05-12,14:44:59,maceta1,0,0,100,100,100,,,,,0,0,0,Lectura invalida de DHT
2026-05-12,14:44:59,maceta2,0,0,100,100,100,,,15.6,44.2,0,0,0,
2026-05-12,14:45:26,maceta1,0,0,100,100,100,,,,,0,0,0,Lectura invalida de DHT
2026-05-12,14:45:26,maceta2,0,0,100,100,100,,,15.6,44.2,0,0,0,
2026-05-12,14:45:53,maceta1,0,0,100,100,100,,,,,0,0,0,Lectura invalida de DHT
2026-05-12,14:45:53,maceta2,0,0,100,100,100,,,,,0,0,0,Lectura invalida de DHT
2026-05-12,14:46:19,maceta1,0,0,100,100,100,,,,,0,0,0,Lectura invalida de DHT
2026-05-12,14:46:19,maceta2,0,0,100,100,100,,,,,0,0,0,Lectura invalida de DHT
2026-05-12,14:46:46,maceta1,0,0,100,100,100,,,,,0,0,0,Lectura invalida de DHT
2026-05-12,14:46:46,maceta2,0,0,100,100,100,,,15.6,44.0,0,0,0,
2026-05-12,14:47:13,maceta1,0,0,100,100,100,,,,,0,0,0,Lectura invalida de DHT
2026-05-12,14:47:13,maceta2,0,0,100,100,100,,,,,0,0,0,Lectura invalida de DHT
2026-05-12,14:47:40,maceta1,0,0,100,100,100,,,,,0,0,0,Lectura invalida de DHT
2026-05-12,14:47:40,maceta2,0,0,100,100,100,,,15.6,44.1,0,0,0,
2026-05-12,14:48:06,maceta1,0,0,100,100,100,,,,,0,0,0,Lectura invalida de DHT
2026-05-12,14:48:06,maceta2,0,0,100,100,100,,,15.6,44.1,0,0,0,
2026-05-12,14:48:35,maceta1,0,0,100,100,100,,,,,0,0,0,Lectura invalida de DHT
2026-05-12,14:48:35,maceta2,0,0,100,100,100,,,15.6,44.1,0,0,0,
2026-05-12,14:49:02,maceta1,0,0,100,100,100,,,,,0,0,0,Lectura invalida de DHT
2026-05-12,14:49:02,maceta2,0,0,100,100,100,,,15.6,44.1,0,0,0,
2026-05-12,14:49:31,maceta1,0,0,100,100,100,,,,,0,0,0,Lectura invalida de DHT
2026-05-12,14:49:31,maceta2,0,0,100,100,100,,,15.6,43.9,0,0,0,
2026-05-12,14:49:58,maceta1,0,0,100,100,100,,,,,0,0,0,Lectura invalida de DHT
2026-05-12,14:49:58,maceta2,0,0,100,100,100,,,,,0,0,0,Lectura invalida de DHT
2026-05-12,14:50:25,maceta1,0,0,100,100,100,,,,,0,0,0,Lectura invalida de DHT
2026-05-12,14:50:25,maceta2,0,0,100,100,100,,,15.6,43.8,0,0,0,
2026-05-12,14:50:52,maceta1,0,0,100,100,100,,,,,0,0,0,Lectura invalida de DHT
2026-05-12,14:50:52,maceta2,0,0,100,100,100,,,15.6,43.9,0,0,0,
2026-05-12,14:51:19,maceta1,0,0,100,100,100,,,,,0,0,0,Lectura invalida de DHT
2026-05-12,14:51:19,maceta2,0,0,100,100,100,,,15.6,43.9,0,0,0,
2026-05-12,14:51:46,maceta1,0,0,100,100,100,,,,,0,0,0,Lectura invalida de DHT
2026-05-12,14:51:46,maceta2,0,0,100,100,100,,,15.6,44.0,0,0,0,
2026-05-12,14:52:13,maceta1,0,0,100,100,100,,,,,0,0,0,Lectura invalida de DHT
2026-05-12,14:52:13,maceta2,0,0,100,100,100,,,15.6,44.1,0,0,0,
2026-05-12,14:52:41,maceta1,0,0,100,100,100,,,,,0,0,0,Lectura invalida de DHT
2026-05-12,14:52:41,maceta2,0,0,100,100,100,,,15.6,44.0,0,0,0,
2026-05-12,14:53:16,maceta1,0,0,100,100,100,,,,,0,0,0,Lectura invalida de DHT
2026-05-12,14:53:16,maceta2,0,0,100,100,100,,,15.6,43.9,0,0,0,
2026-05-12,14:53:43,maceta1,0,0,100,100,100,,,,,0,0,0,Lectura invalida de DHT
2026-05-12,14:53:43,maceta2,0,0,100,100,100,,,,,0,0,0,Lectura invalida de DHT
2026-05-12,14:54:10,maceta1,0,0,100,100,100,,,,,0,0,0,Lectura invalida de DHT
2026-05-12,14:54:10,maceta2,0,0,100,100,100,,,15.6,43.7,0,0,0,
2026-05-12,14:54:36,maceta1,0,0,100,100,100,,,,,0,0,0,Lectura invalida de DHT
2026-05-12,14:54:36,maceta2,0,0,100,100,100,,,15.7,43.8,0,0,0,
2026-05-12,14:55:03,maceta1,0,0,100,100,100,,,,,0,0,0,Lectura invalida de DHT
2026-05-12,14:55:03,maceta2,0,0,100,100,100,,,15.7,43.9,0,0,0,
2026-05-12,14:55:30,maceta1,0,0,100,100,100,,,,,0,0,0,Lectura invalida de DHT
2026-05-12,14:55:30,maceta2,0,0,100,100,100,,,,,0,0,0,Lectura invalida de DHT
2026-05-12,14:55:57,maceta1,0,0,100,100,100,,,,,0,0,0,Lectura invalida de DHT
2026-05-12,14:55:57,maceta2,0,0,100,100,100,,,15.6,43.8,0,0,0,
2026-05-12,14:56:24,maceta1,0,0,100,100,100,,,,,0,0,0,Lectura invalida de DHT
2026-05-12,14:56:24,maceta2,0,0,100,100,100,,,15.7,43.9,0,0,0,
2026-05-12,14:56:50,maceta1,0,0,100,100,100,,,,,0,0,0,Lectura invalida de DHT
2026-05-12,14:56:50,maceta2,0,0,100,100,100,,,15.6,43.8,0,0,0,
2026-05-12,14:57:17,maceta1,0,0,100,100,100,,,,,0,0,0,Lectura invalida de DHT
2026-05-12,14:57:17,maceta2,0,0,100,100,100,,,15.7,43.8,0,0,0,
2026-05-12,14:57:44,maceta1,0,0,100,100,100,,,,,0,0,0,Lectura invalida de DHT
2026-05-12,14:57:44,maceta2,0,0,100,100,100,,,,,0,0,0,Lectura invalida de DHT
2026-05-12,14:58:11,maceta1,0,0,100,100,100,,,,,0,0,0,Lectura invalida de DHT
2026-05-12,14:58:11,maceta2,0,0,100,100,100,,,15.7,43.8,0,0,0,
2026-05-12,14:58:43,maceta1,0,0,100,100,100,,,,,0,0,0,Lectura invalida de DHT
2026-05-12,14:58:43,maceta2,0,0,100,100,100,,,15.7,43.6,0,0,0,
2026-05-12,14:59:10,maceta1,0,0,100,100,100,,,,,0,0,0,Lectura invalida de DHT
2026-05-12,14:59:10,maceta2,0,0,100,100,100,,,15.7,43.6,0,0,0,
2026-05-12,14:59:37,maceta1,0,0,100,100,100,,,,,0,0,0,Lectura invalida de DHT
2026-05-12,14:59:37,maceta2,0,0,100,100,100,,,15.7,43.6,0,0,0,
2026-05-12,15:00:03,maceta1,0,0,100,100,100,,,,,0,0,0,Lectura invalida de DHT
2026-05-12,15:00:03,maceta2,0,0,100,100,100,,,,,0,0,0,Lectura invalida de DHT
2026-05-12,15:00:30,maceta1,0,0,100,100,100,,,,,0,0,0,Lectura invalida de DHT
2026-05-12,15:00:30,maceta2,0,0,100,100,100,,,15.7,43.6,0,0,0,
2026-05-12,15:00:59,maceta1,0,0,100,100,100,,,,,0,0,0,Lectura invalida de DHT
2026-05-12,15:00:59,maceta2,0,0,100,100,100,,,15.7,43.6,0,0,0,
2026-05-12,15:01:26,maceta1,0,0,100,100,100,,,,,0,0,0,Lectura invalida de DHT
2026-05-12,15:01:26,maceta2,0,0,100,100,100,,,,,0,0,0,Lectura invalida de DHT
2026-05-12,15:01:53,maceta1,0,0,100,100,100,,,,,0,0,0,Lectura invalida de DHT
2026-05-12,15:01:53,maceta2,0,0,100,100,100,,,15.7,43.5,0,0,0,
2026-05-12,15:02:19,maceta1,0,0,100,100,100,,,,,0,0,0,Lectura invalida de DHT
2026-05-12,15:02:19,maceta2,0,0,100,100,100,,,15.7,43.5,0,0,0,
2026-05-12,15:02:46,maceta1,0,0,100,100,100,,,,,0,0,0,Lectura invalida de DHT
2026-05-12,15:02:46,maceta2,0,0,100,100,100,,,15.7,43.5,0,0,0,
2026-05-12,15:03:13,maceta1,0,0,100,100,100,,,,,0,0,0,Lectura invalida de DHT
2026-05-12,15:03:13,maceta2,0,0,100,100,100,,,15.7,43.6,0,0,0,
2026-05-12,15:03:40,maceta1,0,0,100,100,100,,,,,0,0,0,Lectura invalida de DHT
2026-05-12,15:03:40,maceta2,0,0,100,100,100,,,15.7,43.5,0,0,0,
2026-05-12,15:04:07,maceta1,0,0,100,100,100,,,,,0,0,0,Lectura invalida de DHT
2026-05-12,15:04:07,maceta2,0,0,100,100,100,,,15.7,43.4,0,0,0,
2026-05-12,15:04:33,maceta1,0,0,100,100,100,,,,,0,0,0,Lectura invalida de DHT
2026-05-12,15:04:33,maceta2,0,0,100,100,100,,,,,0,0,0,Lectura invalida de DHT
2026-05-12,15:05:00,maceta1,0,0,100,100,100,,,,,0,0,0,Lectura invalida de DHT
2026-05-12,15:05:00,maceta2,0,0,100,100,100,,,,,0,0,0,Lectura invalida de DHT
2026-05-12,15:05:27,maceta1,0,0,100,100,100,,,,,0,0,0,Lectura invalida de DHT
2026-05-12,15:05:27,maceta2,0,0,100,100,100,,,,,0,0,0,Lectura invalida de DHT
2026-05-12,15:05:54,maceta1,0,0,100,100,100,,,,,0,0,0,Lectura invalida de DHT
2026-05-12,15:05:54,maceta2,0,0,100,100,100,,,15.7,43.4,0,0,0,
2026-05-12,15:06:21,maceta1,0,0,100,100,100,,,,,0,0,0,Lectura invalida de DHT
2026-05-12,15:06:21,maceta2,0,0,100,100,100,,,15.7,43.5,0,0,0,
2026-05-12,15:06:47,maceta1,0,0,100,100,100,,,,,0,0,0,Lectura invalida de DHT
2026-05-12,15:06:47,maceta2,0,0,100,100,100,,,15.7,43.5,0,0,0,
2026-05-12,15:07:14,maceta1,0,0,100,100,100,,,,,0,0,0,Lectura invalida de DHT
2026-05-12,15:07:14,maceta2,0,0,100,100,100,,,15.7,43.4,0,0,0,
2026-05-12,15:07:41,maceta1,0,0,100,100,100,,,,,0,0,0,Lectura invalida de DHT
2026-05-12,15:07:41,maceta2,0,0,100,100,100,,,15.7,43.4,0,0,0,
2026-05-12,15:08:08,maceta1,0,0,100,100,100,,,,,0,0,0,Lectura invalida de DHT
2026-05-12,15:08:08,maceta2,0,0,100,100,100,,,15.7,43.4,0,0,0,
2026-05-12,15:08:35,maceta1,0,0,100,100,100,,,,,0,0,0,Lectura invalida de DHT
2026-05-12,15:08:35,maceta2,0,0,100,100,100,,,15.7,43.3,0,0,0,
2026-05-12,15:09:01,maceta1,0,0,100,100,100,,,,,0,0,0,Lectura invalida de DHT
2026-05-12,15:09:01,maceta2,0,0,100,100,100,,,15.7,43.4,0,0,0,
2026-05-12,15:09:28,maceta1,0,0,100,100,100,,,,,0,0,0,Lectura invalida de DHT
2026-05-12,15:09:28,maceta2,0,0,100,100,100,,,,,0,0,0,Lectura invalida de DHT
2026-05-12,15:09:55,maceta1,0,0,100,100,100,,,,,0,0,0,Lectura invalida de DHT
2026-05-12,15:09:55,maceta2,0,0,100,100,100,,,15.7,43.4,0,0,0,
2026-05-12,15:10:22,maceta1,0,0,100,100,100,,,,,0,0,0,Lectura invalida de DHT
2026-05-12,15:10:22,maceta2,0,0,100,100,100,,,15.7,43.4,0,0,0,
2026-05-12,15:10:49,maceta1,0,0,100,100,100,,,,,0,0,0,Lectura invalida de DHT
2026-05-12,15:10:49,maceta2,0,0,100,100,100,,,,,0,0,0,Lectura invalida de DHT
2026-05-12,15:11:15,maceta1,0,0,100,100,100,,,,,0,0,0,Lectura invalida de DHT
2026-05-12,15:11:15,maceta2,0,0,100,100,100,,,15.7,43.2,0,0,0,
2026-05-12,15:11:42,maceta1,0,0,100,100,100,,,,,0,0,0,Lectura invalida de DHT
2026-05-12,15:11:42,maceta2,0,0,100,100,100,,,15.7,43.3,0,0,0,
2026-05-12,15:12:09,maceta1,0,0,100,100,100,,,,,0,0,0,Lectura invalida de DHT
2026-05-12,15:12:09,maceta2,0,0,100,100,100,,,,,0,0,0,Lectura invalida de DHT
2026-05-12,15:12:36,maceta1,0,0,100,100,100,,,,,0,0,0,Lectura invalida de DHT
2026-05-12,15:12:36,maceta2,0,0,100,100,100,,,15.7,43.2,0,0,0,
2026-05-12,15:13:03,maceta1,0,0,100,100,100,,,,,0,0,0,Lectura invalida de DHT
2026-05-12,15:13:03,maceta2,0,0,100,100,100,,,,,0,0,0,Lectura invalida de DHT
2026-05-12,15:13:29,maceta1,0,0,100,100,100,,,,,0,0,0,Lectura invalida de DHT
2026-05-12,15:13:29,maceta2,0,0,100,100,100,,,15.7,43.2,0,0,0,
2026-05-12,15:13:56,maceta1,0,0,100,100,100,,,,,0,0,0,Lectura invalida de DHT
2026-05-12,15:13:56,maceta2,0,0,100,100,100,,,,,0,0,0,Lectura invalida de DHT
2026-05-12,15:14:23,maceta1,0,0,100,100,100,,,,,0,0,0,Lectura invalida de DHT
2026-05-12,15:14:23,maceta2,0,0,100,100,100,,,15.8,43.2,0,0,0,
2026-05-12,15:14:50,maceta1,0,0,100,100,100,,,,,0,0,0,Lectura invalida de DHT
2026-05-12,15:14:50,maceta2,0,0,100,100,100,,,15.7,43.2,0,0,0,
2026-05-12,15:15:16,maceta1,0,0,100,100,100,,,,,0,0,0,Lectura invalida de DHT
2026-05-12,15:15:16,maceta2,0,0,100,100,100,,,15.7,43.2,0,0,0,
2026-05-12,15:15:43,maceta1,0,0,100,100,100,,,,,0,0,0,Lectura invalida de DHT
2026-05-12,15:15:43,maceta2,0,0,100,100,100,,,15.7,43.2,0,0,0,
2026-05-12,15:16:10,maceta1,0,0,100,100,100,,,,,0,0,0,Lectura invalida de DHT
2026-05-12,15:16:10,maceta2,0,0,100,100,100,,,15.8,43.2,0,0,0,
2026-05-12,15:16:37,maceta1,0,0,100,100,100,,,,,0,0,0,Lectura invalida de DHT
2026-05-12,15:16:37,maceta2,0,0,100,100,100,,,,,0,0,0,Lectura invalida de DHT
2026-05-12,15:17:04,maceta1,0,0,100,100,100,,,,,0,0,0,Lectura invalida de DHT
2026-05-12,15:17:04,maceta2,0,0,100,100,100,,,15.7,43.1,0,0,0,
2026-05-12,15:17:30,maceta1,0,0,100,100,100,,,,,0,0,0,Lectura invalida de DHT
2026-05-12,15:17:30,maceta2,0,0,100,100,100,,,,,0,0,0,Lectura invalida de DHT
2026-05-12,15:17:57,maceta1,0,0,100,100,100,,,,,0,0,0,Lectura invalida de DHT
2026-05-12,15:17:57,maceta2,0,0,100,100,100,,,15.8,43.0,0,0,0,
2026-05-12,15:18:24,maceta1,0,0,100,100,100,,,,,0,0,0,Lectura invalida de DHT
2026-05-12,15:18:24,maceta2,0,0,100,100,100,,,,,0,0,0,Lectura invalida de DHT
2026-05-12,15:18:51,maceta1,0,0,100,100,100,,,,,0,0,0,Lectura invalida de DHT
2026-05-12,15:18:51,maceta2,0,0,100,100,100,,,15.8,43.1,0,0,0,
2026-05-12,15:19:17,maceta1,0,0,100,100,100,,,,,0,0,0,Lectura invalida de DHT
2026-05-12,15:19:17,maceta2,0,0,100,100,100,,,15.8,43.2,0,0,0,
2026-05-12,15:19:44,maceta1,0,0,100,100,100,,,,,0,0,0,Lectura invalida de DHT
2026-05-12,15:19:44,maceta2,0,0,100,100,100,,,15.8,43.2,0,0,0,
2026-05-12,15:20:11,maceta1,0,0,100,100,100,,,,,0,0,0,Lectura invalida de DHT
2026-05-12,15:20:11,maceta2,0,0,100,100,100,,,15.8,43.1,0,0,0,
2026-05-12,15:20:38,maceta1,0,0,100,100,100,,,,,0,0,0,Lectura invalida de DHT
2026-05-12,15:20:38,maceta2,0,0,100,100,100,,,15.8,43.0,0,0,0,
2026-05-12,15:21:05,maceta1,0,0,100,100,100,,,,,0,0,0,Lectura invalida de DHT
2026-05-12,15:21:05,maceta2,0,0,100,100,100,,,15.8,43.0,0,0,0,
2026-05-12,15:21:31,maceta1,0,0,100,100,100,,,,,0,0,0,Lectura invalida de DHT
2026-05-12,15:21:31,maceta2,0,0,100,100,100,,,15.8,43.0,0,0,0,
2026-05-12,15:21:58,maceta1,0,0,100,100,100,,,,,0,0,0,Lectura invalida de DHT
2026-05-12,15:21:58,maceta2,0,0,100,100,100,,,15.8,43.0,0,0,0,
2026-05-12,15:22:25,maceta1,0,0,100,100,100,,,,,0,0,0,Lectura invalida de DHT
2026-05-12,15:22:25,maceta2,0,0,100,100,100,,,15.8,43.1,0,0,0,
2026-05-12,15:22:52,maceta1,0,0,100,100,100,,,,,0,0,0,Lectura invalida de DHT
2026-05-12,15:22:52,maceta2,0,0,100,100,100,,,15.8,43.0,0,0,0,
2026-05-12,15:23:19,maceta1,0,0,100,100,100,,,,,0,0,0,Lectura invalida de DHT
2026-05-12,15:23:19,maceta2,0,0,100,100,100,,,15.8,43.0,0,0,0,
2026-05-12,15:23:45,maceta1,0,0,100,100,100,,,,,0,0,0,Lectura invalida de DHT
2026-05-12,15:23:45,maceta2,0,0,100,100,100,,,15.8,43.1,0,0,0,
2026-05-12,15:24:12,maceta1,0,0,100,100,100,,,,,0,0,0,Lectura invalida de DHT
2026-05-12,15:24:12,maceta2,0,0,100,100,100,,,15.8,43.1,0,0,0,
2026-05-12,15:24:39,maceta1,0,0,100,100,100,,,,,0,0,0,Lectura invalida de DHT
2026-05-12,15:24:39,maceta2,0,0,100,100,100,,,15.8,43.1,0,0,0,
2026-05-12,15:25:06,maceta1,0,0,100,100,100,,,,,0,0,0,Lectura invalida de DHT
2026-05-12,15:25:06,maceta2,0,0,100,100,100,,,15.8,43.0,0,0,0,
2026-05-12,15:25:32,maceta1,0,0,100,100,100,,,,,0,0,0,Lectura invalida de DHT
2026-05-12,15:25:32,maceta2,0,0,100,100,100,,,15.8,43.1,0,0,0,
2026-05-12,15:25:59,maceta1,0,0,100,100,100,,,,,0,0,0,Lectura invalida de DHT
2026-05-12,15:25:59,maceta2,0,0,100,100,100,,,,,0,0,0,Lectura invalida de DHT
2026-05-12,15:26:26,maceta1,0,0,100,100,100,,,,,0,0,0,Lectura invalida de DHT
2026-05-12,15:26:26,maceta2,0,0,100,100,100,,,15.8,43.0,0,0,0,
2026-05-12,15:26:53,maceta1,0,0,100,100,100,,,,,0,0,0,Lectura invalida de DHT
2026-05-12,15:26:53,maceta2,0,0,100,100,100,,,15.8,43.0,0,0,0,
2026-05-12,15:27:19,maceta1,0,0,100,100,100,,,,,0,0,0,Lectura invalida de DHT
2026-05-12,15:27:19,maceta2,0,0,100,100,100,,,,,0,0,0,Lectura invalida de DHT
2026-05-12,15:27:46,maceta1,0,0,100,100,100,,,,,0,0,0,Lectura invalida de DHT
2026-05-12,15:27:46,maceta2,0,0,100,100,100,,,,,0,0,0,Lectura invalida de DHT
2026-05-12,15:28:13,maceta1,0,0,100,100,100,,,,,0,0,0,Lectura invalida de DHT
2026-05-12,15:28:13,maceta2,0,0,100,100,100,,,15.8,43.0,0,0,0,
2026-05-12,15:28:40,maceta1,0,0,100,100,100,,,,,0,0,0,Lectura invalida de DHT
2026-05-12,15:28:40,maceta2,0,0,100,100,100,,,,,0,0,0,Lectura invalida de DHT
2026-05-12,15:29:07,maceta1,0,0,100,100,100,,,,,0,0,0,Lectura invalida de DHT
2026-05-12,15:29:07,maceta2,0,0,100,100,100,,,15.8,43.1,0,0,0,
2026-05-12,15:29:34,maceta1,0,0,100,100,100,,,,,0,0,0,Lectura invalida de DHT
2026-05-12,15:29:34,maceta2,0,0,100,100,100,,,15.8,43.0,0,0,0,
2026-05-12,15:30:02,maceta1,0,0,100,100,100,,,,,0,0,0,Lectura invalida de DHT
2026-05-12,15:30:02,maceta2,0,0,100,100,100,,,,,0,0,0,Lectura invalida de DHT
2026-05-12,15:30:29,maceta1,0,0,100,100,100,,,,,0,0,0,Lectura invalida de DHT
2026-05-12,15:30:29,maceta2,0,0,100,100,100,,,,,0,0,0,Lectura invalida de DHT
2026-05-12,15:30:56,maceta1,0,0,100,100,100,,,,,0,0,0,Lectura invalida de DHT
2026-05-12,15:30:56,maceta2,0,0,100,100,100,,,,,0,0,0,Lectura invalida de DHT
2026-05-12,15:31:22,maceta1,0,0,100,100,100,,,,,0,0,0,Lectura invalida de DHT
2026-05-12,15:31:22,maceta2,0,0,100,100,100,,,15.8,43.0,0,0,0,
2026-05-12,15:31:50,maceta1,0,0,100,100,100,,,,,0,0,0,Lectura invalida de DHT
2026-05-12,15:31:50,maceta2,0,0,100,100,100,,,,,0,0,0,Lectura invalida de DHT
2026-05-12,15:32:17,maceta1,0,0,100,100,100,,,,,0,0,0,Lectura invalida de DHT
2026-05-12,15:32:17,maceta2,0,0,100,100,100,,,15.8,43.0,0,0,0,
2026-05-12,15:32:44,maceta1,0,0,100,100,100,,,,,0,0,0,Lectura invalida de DHT
2026-05-12,15:32:44,maceta2,0,0,100,100,100,,,15.8,42.9,0,0,0,
2026-05-12,15:33:10,maceta1,0,0,100,100,100,,,,,0,0,0,Lectura invalida de DHT
2026-05-12,15:33:10,maceta2,0,0,100,100,100,,,15.8,42.9,0,0,0,
2026-05-12,15:33:38,maceta1,0,0,100,100,100,,,,,0,0,0,Lectura invalida de DHT
2026-05-12,15:33:38,maceta2,0,0,100,100,100,,,15.8,42.9,0,0,0,
2026-05-12,15:34:05,maceta1,0,0,100,100,100,,,,,0,0,0,Lectura invalida de DHT
2026-05-12,15:34:05,maceta2,0,0,100,100,100,,,,,0,0,0,Lectura invalida de DHT
2026-05-12,15:34:31,maceta1,0,0,100,100,100,,,,,0,0,0,Lectura invalida de DHT
2026-05-12,15:34:31,maceta2,0,0,100,100,100,,,,,0,0,0,Lectura invalida de DHT
2026-05-12,15:34:58,maceta1,0,0,100,100,100,,,,,0,0,0,Lectura invalida de DHT
2026-05-12,15:34:58,maceta2,0,0,100,100,100,,,15.8,42.8,0,0,0,
2026-05-12,15:35:25,maceta1,0,0,100,100,100,,,,,0,0,0,Lectura invalida de DHT
2026-05-12,15:35:25,maceta2,0,0,100,100,100,,,,,0,0,0,Lectura invalida de DHT
2026-05-12,15:35:52,maceta1,0,0,100,100,100,,,,,0,0,0,Lectura invalida de DHT
2026-05-12,15:35:52,maceta2,0,0,100,100,100,,,15.8,42.7,0,0,0,
2026-05-12,15:36:20,maceta1,0,0,100,100,100,,,,,0,0,0,Lectura invalida de DHT
2026-05-12,15:36:20,maceta2,0,0,100,100,100,,,15.8,42.8,0,0,0,
2026-05-12,15:36:48,maceta1,0,0,100,100,100,,,,,0,0,0,Lectura invalida de DHT
2026-05-12,15:36:48,maceta2,0,0,100,100,100,,,15.8,42.7,0,0,0,
2026-05-12,15:37:15,maceta1,0,0,100,100,100,,,,,0,0,0,Lectura invalida de DHT
2026-05-12,15:37:15,maceta2,0,0,100,100,100,,,,,0,0,0,Lectura invalida de DHT
2026-05-12,15:37:42,maceta1,0,0,100,100,100,,,,,0,0,0,Lectura invalida de DHT
2026-05-12,15:37:42,maceta2,0,0,100,100,100,,,15.8,42.7,0,0,0,
2026-05-12,15:38:08,maceta1,0,0,100,100,100,,,,,0,0,0,Lectura invalida de DHT
2026-05-12,15:38:08,maceta2,0,0,100,100,100,,,,,0,0,0,Lectura invalida de DHT
2026-05-12,15:38:35,maceta1,0,0,100,100,100,,,,,0,0,0,Lectura invalida de DHT
2026-05-12,15:38:35,maceta2,0,0,100,100,100,,,,,0,0,0,Lectura invalida de DHT
2026-05-12,15:39:02,maceta1,0,0,100,100,100,,,,,0,0,0,Lectura invalida de DHT
2026-05-12,15:39:02,maceta2,0,0,100,100,100,,,15.8,42.7,0,0,0,
2026-05-12,15:39:29,maceta1,0,0,100,100,100,,,,,0,0,0,Lectura invalida de DHT
2026-05-12,15:39:29,maceta2,0,0,100,100,100,,,15.8,42.6,0,0,0,
2026-05-12,15:39:56,maceta1,0,0,100,100,100,,,,,0,0,0,Lectura invalida de DHT
2026-05-12,15:39:56,maceta2,0,0,100,100,100,,,15.8,42.7,0,0,0,
2026-05-12,15:40:22,maceta1,0,0,100,100,100,,,,,0,0,0,Lectura invalida de DHT
2026-05-12,15:40:22,maceta2,0,0,100,100,100,,,15.8,42.6,0,0,0,
2026-05-12,15:40:49,maceta1,0,0,100,100,100,,,,,0,0,0,Lectura invalida de DHT
2026-05-12,15:40:49,maceta2,0,0,100,100,100,,,15.8,42.6,0,0,0,
2026-05-12,15:41:16,maceta1,0,0,100,100,100,,,,,0,0,0,Lectura invalida de DHT
2026-05-12,15:41:16,maceta2,0,0,100,100,100,,,15.8,42.7,0,0,0,
2026-05-12,15:41:43,maceta1,0,0,100,100,100,,,,,0,0,0,Lectura invalida de DHT
2026-05-12,15:41:43,maceta2,0,0,100,100,100,,,15.8,42.7,0,0,0,
2026-05-12,15:42:09,maceta1,0,0,100,100,100,,,,,0,0,0,Lectura invalida de DHT
2026-05-12,15:42:09,maceta2,0,0,100,100,100,,,15.8,42.7,0,0,0,
2026-05-12,15:42:36,maceta1,0,0,100,100,100,,,,,0,0,0,Lectura invalida de DHT
2026-05-12,15:42:36,maceta2,0,0,100,100,100,,,,,0,0,0,Lectura invalida de DHT
2026-05-12,15:43:03,maceta1,0,0,100,100,100,,,,,0,0,0,Lectura invalida de DHT
2026-05-12,15:43:03,maceta2,0,0,100,100,100,,,,,0,0,0,Lectura invalida de DHT
2026-05-12,15:43:30,maceta1,0,0,100,100,100,,,,,0,0,0,Lectura invalida de DHT
2026-05-12,15:43:30,maceta2,0,0,100,100,100,,,15.8,42.6,0,0,0,
2026-05-12,15:43:57,maceta1,0,0,100,100,100,,,,,0,0,0,Lectura invalida de DHT
2026-05-12,15:43:57,maceta2,0,0,100,100,100,,,15.8,42.7,0,0,0,
2026-05-12,15:44:23,maceta1,0,0,100,100,100,,,,,0,0,0,Lectura invalida de DHT
2026-05-12,15:44:23,maceta2,0,0,100,100,100,,,15.8,42.7,0,0,0,
2026-05-12,15:44:50,maceta1,0,0,100,100,100,,,,,0,0,0,Lectura invalida de DHT
2026-05-12,15:44:50,maceta2,0,0,100,100,100,,,15.8,42.7,0,0,0,
2026-05-12,15:45:18,maceta1,0,0,100,100,100,,,,,0,0,0,Lectura invalida de DHT
2026-05-12,15:45:18,maceta2,0,0,100,100,100,,,15.8,42.7,0,0,0,
2026-05-12,15:45:45,maceta1,0,0,100,100,100,,,,,0,0,0,Lectura invalida de DHT
2026-05-12,15:45:45,maceta2,0,0,100,100,100,,,,,0,0,0,Lectura invalida de DHT
2026-05-12,15:46:12,maceta1,0,0,100,100,100,,,,,0,0,0,Lectura invalida de DHT
2026-05-12,15:46:12,maceta2,0,0,100,100,100,,,15.8,42.6,0,0,0,
2026-05-12,15:46:39,maceta1,0,0,100,100,100,,,,,0,0,0,Lectura invalida de DHT
2026-05-12,15:46:39,maceta2,0,0,100,100,100,,,15.8,42.7,0,0,0,
2026-05-12,15:47:05,maceta1,0,0,100,100,100,,,,,0,0,0,Lectura invalida de DHT
2026-05-12,15:47:05,maceta2,0,0,100,100,100,,,15.8,42.6,0,0,0,
2026-05-12,15:47:32,maceta1,0,0,100,100,100,,,,,0,0,0,Lectura invalida de DHT
2026-05-12,15:47:32,maceta2,0,0,100,100,100,,,15.8,42.6,0,0,0,
2026-05-12,15:47:59,maceta1,0,0,100,100,100,,,,,0,0,0,Lectura invalida de DHT
2026-05-12,15:47:59,maceta2,0,0,100,100,100,,,15.8,42.6,0,0,0,
2026-05-12,15:48:26,maceta1,0,0,100,100,100,,,,,0,0,0,Lectura invalida de DHT
2026-05-12,15:48:26,maceta2,0,0,100,100,100,,,,,0,0,0,Lectura invalida de DHT
2026-05-12,15:48:52,maceta1,0,0,100,100,100,,,,,0,0,0,Lectura invalida de DHT
2026-05-12,15:48:52,maceta2,0,0,100,100,100,,,15.8,42.6,0,0,0,
2026-05-12,15:49:19,maceta1,0,0,100,100,100,,,,,0,0,0,Lectura invalida de DHT
2026-05-12,15:49:19,maceta2,0,0,100,100,100,,,15.8,42.6,0,0,0,
2026-05-12,15:49:46,maceta1,0,0,100,100,100,,,,,0,0,0,Lectura invalida de DHT
2026-05-12,15:49:46,maceta2,0,0,100,100,100,,,15.8,42.6,0,0,0,
2026-05-12,15:50:13,maceta1,0,0,100,100,100,,,,,0,0,0,Lectura invalida de DHT
2026-05-12,15:50:13,maceta2,0,0,100,100,100,,,15.8,42.6,0,0,0,
2026-05-12,15:50:39,maceta1,0,0,100,100,100,,,,,0,0,0,Lectura invalida de DHT
2026-05-12,15:50:39,maceta2,0,0,100,100,100,,,15.8,42.6,0,0,0,
2026-05-12,15:51:06,maceta1,0,0,100,100,100,,,,,0,0,0,Lectura invalida de DHT
2026-05-12,15:51:06,maceta2,0,0,100,100,100,,,,,0,0,0,Lectura invalida de DHT
2026-05-12,15:51:33,maceta1,0,0,100,100,100,,,,,0,0,0,Lectura invalida de DHT
2026-05-12,15:51:33,maceta2,0,0,100,100,100,,,15.8,42.6,0,0,0,
2026-05-12,15:52:00,maceta1,0,0,100,100,100,,,,,0,0,0,Lectura invalida de DHT
2026-05-12,15:52:00,maceta2,0,0,100,100,100,,,15.8,42.6,0,0,0,
2026-05-12,15:52:26,maceta1,0,0,100,100,100,,,,,0,0,0,Lectura invalida de DHT
2026-05-12,15:52:26,maceta2,0,0,100,100,100,,,15.8,42.6,0,0,0,
2026-05-12,15:52:53,maceta1,0,0,100,100,100,,,,,0,0,0,Lectura invalida de DHT
2026-05-12,15:52:53,maceta2,0,0,100,100,100,,,15.8,42.6,0,0,0,
2026-05-12,15:53:20,maceta1,0,0,100,100,100,,,,,0,0,0,Lectura invalida de DHT
2026-05-12,15:53:20,maceta2,0,0,100,100,100,,,15.8,42.6,0,0,0,
2026-05-12,15:53:47,maceta1,0,0,100,100,100,,,,,0,0,0,Lectura invalida de DHT
2026-05-12,15:53:47,maceta2,0,0,100,100,100,,,15.8,42.5,0,0,0,
2026-05-12,15:54:13,maceta1,0,0,100,100,100,,,,,0,0,0,Lectura invalida de DHT
2026-05-12,15:54:13,maceta2,0,0,100,100,100,,,15.8,42.5,0,0,0,
2026-05-12,15:54:40,maceta1,0,0,100,100,100,,,,,0,0,0,Lectura invalida de DHT
2026-05-12,15:54:40,maceta2,0,0,100,100,100,,,15.8,42.5,0,0,0,
2026-05-12,15:55:07,maceta1,0,0,100,100,100,,,,,0,0,0,Lectura invalida de DHT
2026-05-12,15:55:07,maceta2,0,0,100,100,100,,,15.8,42.5,0,0,0,
2026-05-12,15:55:34,maceta1,0,0,100,100,100,,,,,0,0,0,Lectura invalida de DHT
2026-05-12,15:55:34,maceta2,0,0,100,100,100,,,15.8,42.6,0,0,0,
2026-05-12,15:56:01,maceta1,0,0,100,100,100,,,,,0,0,0,Lectura invalida de DHT
2026-05-12,15:56:01,maceta2,0,0,100,100,100,,,15.8,42.6,0,0,0,
2026-05-12,15:56:27,maceta1,0,0,100,100,100,,,,,0,0,0,Lectura invalida de DHT
2026-05-12,15:56:27,maceta2,0,0,100,100,100,,,,,0,0,0,Lectura invalida de DHT
2026-05-12,15:56:54,maceta1,0,0,100,100,100,,,,,0,0,0,Lectura invalida de DHT
2026-05-12,15:56:54,maceta2,0,0,100,100,100,,,15.8,42.5,0,0,0,
2026-05-12,15:57:21,maceta1,0,0,100,100,100,,,,,0,0,0,Lectura invalida de DHT
2026-05-12,15:57:21,maceta2,0,0,100,100,100,,,15.8,42.5,0,0,0,
2026-05-12,15:57:48,maceta1,0,0,100,100,100,,,,,0,0,0,Lectura invalida de DHT
2026-05-12,15:57:48,maceta2,0,0,100,100,100,,,15.8,42.5,0,0,0,
2026-05-12,15:58:14,maceta1,0,0,100,100,100,,,,,0,0,0,Lectura invalida de DHT
2026-05-12,15:58:14,maceta2,0,0,100,100,100,,,15.8,42.5,0,0,0,
2026-05-12,15:58:41,maceta1,0,0,100,100,100,,,,,0,0,0,Lectura invalida de DHT
2026-05-12,15:58:41,maceta2,0,0,100,100,100,,,15.8,42.5,0,0,0,
2026-05-12,15:59:08,maceta1,0,0,100,100,100,,,,,0,0,0,Lectura invalida de DHT
2026-05-12,15:59:08,maceta2,0,0,100,100,100,,,,,0,0,0,Lectura invalida de DHT
2026-05-12,15:59:35,maceta1,0,0,100,100,100,,,,,0,0,0,Lectura invalida de DHT
2026-05-12,15:59:35,maceta2,0,0,100,100,100,,,15.8,42.5,0,0,0,
2026-05-12,16:00:02,maceta1,0,0,100,100,100,,,,,0,0,0,Lectura invalida de DHT
2026-05-12,16:00:02,maceta2,0,0,100,100,100,,,15.8,42.5,0,0,0,
2026-05-12,16:00:28,maceta1,0,0,100,100,100,,,,,0,0,0,Lectura invalida de DHT
2026-05-12,16:00:28,maceta2,0,0,100,100,100,,,15.8,42.5,0,0,0,
2026-05-12,16:00:55,maceta1,0,0,100,100,100,,,,,0,0,0,Lectura invalida de DHT
2026-05-12,16:00:55,maceta2,0,0,100,100,100,,,,,0,0,0,Lectura invalida de DHT
2026-05-12,16:01:22,maceta1,0,0,100,100,100,,,,,0,0,0,Lectura invalida de DHT
2026-05-12,16:01:22,maceta2,0,0,100,100,100,,,15.8,42.5,0,0,0,
2026-05-12,16:01:49,maceta1,0,0,100,100,100,,,,,0,0,0,Lectura invalida de DHT
2026-05-12,16:01:49,maceta2,0,0,100,100,100,,,15.8,42.5,0,0,0,
2026-05-12,16:02:15,maceta1,0,0,100,100,100,,,,,0,0,0,Lectura invalida de DHT
2026-05-12,16:02:15,maceta2,0,0,100,100,100,,,15.8,42.4,0,0,0,
2026-05-12,16:02:42,maceta1,0,0,100,100,100,,,,,0,0,0,Lectura invalida de DHT
2026-05-12,16:02:42,maceta2,0,0,100,100,100,,,15.8,42.4,0,0,0,
2026-05-12,16:03:09,maceta1,0,0,100,100,100,,,,,0,0,0,Lectura invalida de DHT
2026-05-12,16:03:09,maceta2,0,0,100,100,100,,,15.8,42.5,0,0,0,
2026-05-12,16:03:36,maceta1,0,0,100,100,100,,,,,0,0,0,Lectura invalida de DHT
2026-05-12,16:03:36,maceta2,0,0,100,100,100,,,15.8,42.4,0,0,0,
2026-05-12,16:04:02,maceta1,0,0,100,100,100,,,,,0,0,0,Lectura invalida de DHT
2026-05-12,16:04:02,maceta2,0,0,100,100,100,,,15.8,42.4,0,0,0,
2026-05-12,16:04:29,maceta1,0,0,100,100,100,,,,,0,0,0,Lectura invalida de DHT
2026-05-12,16:04:29,maceta2,0,0,100,100,100,,,15.8,42.5,0,0,0,
2026-05-12,16:04:56,maceta1,0,0,100,100,100,,,,,0,0,0,Lectura invalida de DHT
2026-05-12,16:04:56,maceta2,0,0,100,100,100,,,15.8,42.5,0,0,0,
2026-05-12,16:05:23,maceta1,0,0,100,100,100,,,,,0,0,0,Lectura invalida de DHT
2026-05-12,16:05:23,maceta2,0,0,100,100,100,,,15.8,42.5,0,0,0,
2026-05-12,16:05:49,maceta1,0,0,100,100,100,,,,,0,0,0,Lectura invalida de DHT
2026-05-12,16:05:49,maceta2,0,0,100,100,100,,,15.8,42.4,0,0,0,
2026-05-12,16:06:16,maceta1,0,0,100,100,100,,,,,0,0,0,Lectura invalida de DHT
2026-05-12,16:06:16,maceta2,0,0,100,100,100,,,15.8,42.4,0,0,0,
2026-05-12,16:06:43,maceta1,0,0,100,100,100,,,,,0,0,0,Lectura invalida de DHT
2026-05-12,16:06:43,maceta2,0,0,100,100,100,,,15.8,42.5,0,0,0,
2026-05-12,16:07:10,maceta1,0,0,100,100,100,,,,,0,0,0,Lectura invalida de DHT
2026-05-12,16:07:10,maceta2,0,0,100,100,100,,,,,0,0,0,Lectura invalida de DHT
2026-05-12,16:07:37,maceta1,0,0,100,100,100,,,,,0,0,0,Lectura invalida de DHT
2026-05-12,16:07:37,maceta2,0,0,100,100,100,,,15.8,42.4,0,0,0,
2026-05-12,16:08:04,maceta1,0,0,100,100,100,,,,,0,0,0,Lectura invalida de DHT
2026-05-12,16:08:04,maceta2,0,0,100,100,100,,,15.8,42.5,0,0,0,
2026-05-12,16:08:30,maceta1,0,0,100,100,100,,,,,0,0,0,Lectura invalida de DHT
2026-05-12,16:08:30,maceta2,0,0,100,100,100,,,15.8,42.5,0,0,0,
2026-05-12,16:08:57,maceta1,0,0,100,100,100,,,,,0,0,0,Lectura invalida de DHT
2026-05-12,16:08:57,maceta2,0,0,100,100,100,,,15.8,42.3,0,0,0,
2026-05-12,16:09:24,maceta1,0,0,100,100,100,,,,,0,0,0,Lectura invalida de DHT
2026-05-12,16:09:24,maceta2,0,0,100,100,100,,,15.8,42.4,0,0,0,
2026-05-12,16:09:51,maceta1,0,0,100,100,100,,,,,0,0,0,Lectura invalida de DHT
2026-05-12,16:09:51,maceta2,0,0,100,100,100,,,15.8,42.4,0,0,0,
2026-05-12,16:10:17,maceta1,0,0,100,100,100,,,,,0,0,0,Lectura invalida de DHT
2026-05-12,16:10:17,maceta2,0,0,100,100,100,,,15.8,42.3,0,0,0,
2026-05-12,16:10:44,maceta1,0,0,100,100,100,,,,,0,0,0,Lectura invalida de DHT
2026-05-12,16:10:44,maceta2,0,0,100,100,100,,,15.8,42.4,0,0,0,
2026-05-12,16:11:11,maceta1,0,0,100,100,100,,,,,0,0,0,Lectura invalida de DHT
2026-05-12,16:11:11,maceta2,0,0,100,100,100,,,15.8,42.3,0,0,0,
2026-05-12,16:11:38,maceta1,0,0,100,100,100,,,,,0,0,0,Lectura invalida de DHT
2026-05-12,16:11:38,maceta2,0,0,100,100,100,,,15.8,42.3,0,0,0,
2026-05-12,16:12:04,maceta1,0,0,100,100,100,,,,,0,0,0,Lectura invalida de DHT
2026-05-12,16:12:04,maceta2,0,0,100,100,100,,,,,0,0,0,Lectura invalida de DHT
2026-05-12,16:12:31,maceta1,0,0,100,100,100,,,,,0,0,0,Lectura invalida de DHT
2026-05-12,16:12:31,maceta2,0,0,100,100,100,,,15.8,42.3,0,0,0,
2026-05-12,16:12:58,maceta1,0,0,100,100,100,,,,,0,0,0,Lectura invalida de DHT
2026-05-12,16:12:58,maceta2,0,0,100,100,100,,,15.8,42.3,0,0,0,
2026-05-12,16:13:25,maceta1,0,0,100,100,100,,,,,0,0,0,Lectura invalida de DHT
2026-05-12,16:13:25,maceta2,0,0,100,100,100,,,15.8,42.3,0,0,0,
2026-05-12,16:13:51,maceta1,0,0,100,100,100,,,,,0,0,0,Lectura invalida de DHT
2026-05-12,16:13:51,maceta2,0,0,100,100,100,,,15.8,42.3,0,0,0,
2026-05-12,16:14:18,maceta1,0,0,100,100,100,,,,,0,0,0,Lectura invalida de DHT
2026-05-12,16:14:18,maceta2,0,0,100,100,100,,,15.8,42.3,0,0,0,
2026-05-12,16:14:45,maceta1,0,0,100,100,100,,,,,0,0,0,Lectura invalida de DHT
2026-05-12,16:14:45,maceta2,0,0,100,100,100,,,15.8,42.2,0,0,0,
2026-05-12,16:15:12,maceta1,0,0,100,100,100,,,,,0,0,0,Lectura invalida de DHT
2026-05-12,16:15:12,maceta2,0,0,100,100,100,,,15.9,42.3,0,0,0,
2026-05-12,16:15:38,maceta1,0,0,100,100,100,,,,,0,0,0,Lectura invalida de DHT
2026-05-12,16:15:38,maceta2,0,0,100,100,100,,,,,0,0,0,Lectura invalida de DHT
2026-05-12,16:16:05,maceta1,0,0,100,100,100,,,,,0,0,0,Lectura invalida de DHT
2026-05-12,16:16:05,maceta2,0,0,100,100,100,,,15.9,42.2,0,0,0,
2026-05-12,16:16:32,maceta1,0,0,100,100,100,,,,,0,0,0,Lectura invalida de DHT
2026-05-12,16:16:32,maceta2,0,0,100,100,100,,,15.9,42.2,0,0,0,
2026-05-12,16:17:04,maceta1,0,0,100,100,100,,,,,0,0,0,Lectura invalida de DHT
2026-05-12,16:17:04,maceta2,0,0,100,100,100,,,,,0,0,0,Lectura invalida de DHT
2026-05-12,16:17:31,maceta1,0,0,100,100,100,,,,,0,0,0,Lectura invalida de DHT
2026-05-12,16:17:31,maceta2,0,0,100,100,100,,,15.9,42.2,0,0,0,
2026-05-12,16:17:57,maceta1,0,0,100,100,100,,,,,0,0,0,Lectura invalida de DHT
2026-05-12,16:17:57,maceta2,0,0,100,100,100,,,15.9,42.2,0,0,0,
2026-05-12,16:18:24,maceta1,0,0,100,100,100,,,,,0,0,0,Lectura invalida de DHT
2026-05-12,16:18:24,maceta2,0,0,100,100,100,,,,,0,0,0,Lectura invalida de DHT
2026-05-12,16:18:51,maceta1,0,0,100,100,100,,,,,0,0,0,Lectura invalida de DHT
2026-05-12,16:18:51,maceta2,0,0,100,100,100,,,15.9,42.2,0,0,0,
2026-05-12,16:19:18,maceta1,0,0,100,100,100,,,,,0,0,0,Lectura invalida de DHT
2026-05-12,16:19:18,maceta2,0,0,100,100,100,,,15.9,42.3,0,0,0,
2026-05-12,16:19:45,maceta1,0,0,100,100,100,,,,,0,0,0,Lectura invalida de DHT
2026-05-12,16:19:45,maceta2,0,0,100,100,100,,,,,0,0,0,Lectura invalida de DHT
2026-05-12,16:20:11,maceta1,0,0,100,100,100,,,,,0,0,0,Lectura invalida de DHT
2026-05-12,16:20:11,maceta2,0,0,100,100,100,,,,,0,0,0,Lectura invalida de DHT
2026-05-12,16:20:40,maceta1,0,0,100,100,100,,,,,0,0,0,Lectura invalida de DHT
2026-05-12,16:20:40,maceta2,0,0,100,100,100,,,15.9,42.3,0,0,0,
2026-05-12,16:21:07,maceta1,0,0,100,100,100,,,,,0,0,0,Lectura invalida de DHT
2026-05-12,16:21:07,maceta2,0,0,100,100,100,,,15.9,42.3,0,0,0,
2026-05-12,16:21:33,maceta1,0,0,100,100,100,,,,,0,0,0,Lectura invalida de DHT
2026-05-12,16:21:33,maceta2,0,0,100,100,100,,,15.9,42.2,0,0,0,
2026-05-12,16:22:00,maceta1,0,0,100,100,100,,,,,0,0,0,Lectura invalida de DHT
2026-05-12,16:22:00,maceta2,0,0,100,100,100,,,15.9,42.2,0,0,0,
2026-05-12,16:22:27,maceta1,0,0,100,100,100,,,,,0,0,0,Lectura invalida de DHT
2026-05-12,16:22:27,maceta2,0,0,100,100,100,,,15.9,42.2,0,0,0,
2026-05-12,16:22:54,maceta1,0,0,100,100,100,,,,,0,0,0,Lectura invalida de DHT
2026-05-12,16:22:54,maceta2,0,0,100,100,100,,,15.9,42.2,0,0,0,
2026-05-12,16:23:21,maceta1,0,0,100,100,100,,,,,0,0,0,Lectura invalida de DHT
2026-05-12,16:23:21,maceta2,0,0,100,100,100,,,15.9,42.2,0,0,0,
2026-05-12,16:23:47,maceta1,0,0,100,100,100,,,,,0,0,0,Lectura invalida de DHT
2026-05-12,16:23:47,maceta2,0,0,100,100,100,,,15.9,42.2,0,0,0,
2026-05-12,16:24:14,maceta1,0,0,100,100,100,,,,,0,0,0,Lectura invalida de DHT
2026-05-12,16:24:14,maceta2,0,0,100,100,100,,,15.9,42.1,0,0,0,
2026-05-12,16:24:41,maceta1,0,0,100,100,100,,,,,0,0,0,Lectura invalida de DHT
2026-05-12,16:24:41,maceta2,0,0,100,100,100,,,15.9,42.2,0,0,0,
2026-05-12,16:25:08,maceta1,0,0,100,100,100,,,,,0,0,0,Lectura invalida de DHT
2026-05-12,16:25:08,maceta2,0,0,100,100,100,,,,,0,0,0,Lectura invalida de DHT
2026-05-12,16:25:34,maceta1,0,0,100,100,100,,,,,0,0,0,Lectura invalida de DHT
2026-05-12,16:25:34,maceta2,0,0,100,100,100,,,15.9,42.2,0,0,0,
2026-05-12,16:26:01,maceta1,0,0,100,100,100,,,,,0,0,0,Lectura invalida de DHT
2026-05-12,16:26:01,maceta2,0,0,100,100,100,,,15.9,42.1,0,0,0,
2026-05-12,16:26:28,maceta1,0,0,100,100,100,,,,,0,0,0,Lectura invalida de DHT
2026-05-12,16:26:28,maceta2,0,0,100,100,100,,,16.0,42.1,0,0,0,
2026-05-12,16:26:55,maceta1,0,0,100,100,100,,,,,0,0,0,Lectura invalida de DHT
2026-05-12,16:26:55,maceta2,0,0,100,100,100,,,15.9,42.1,0,0,0,
2026-05-12,16:27:22,maceta1,0,0,100,100,100,,,,,0,0,0,Lectura invalida de DHT
2026-05-12,16:27:22,maceta2,0,0,100,100,100,,,15.9,42.2,0,0,0,
2026-05-12,16:27:48,maceta1,0,0,100,100,100,,,,,0,0,0,Lectura invalida de DHT
2026-05-12,16:27:48,maceta2,0,0,100,100,100,,,16.0,42.2,0,0,0,
2026-05-12,16:28:15,maceta1,0,0,100,100,100,,,,,0,0,0,Lectura invalida de DHT
2026-05-12,16:28:15,maceta2,0,0,100,100,100,,,,,0,0,0,Lectura invalida de DHT
2026-05-12,16:28:42,maceta1,0,0,100,100,100,,,,,0,0,0,Lectura invalida de DHT
2026-05-12,16:28:42,maceta2,0,0,100,100,100,,,16.0,42.2,0,0,0,
2026-05-12,16:29:09,maceta1,0,0,100,100,100,,,,,0,0,0,Lectura invalida de DHT
2026-05-12,16:29:09,maceta2,0,0,100,100,100,,,16.0,42.2,0,0,0,
2026-05-12,16:29:35,maceta1,0,0,100,100,100,,,,,0,0,0,Lectura invalida de DHT
2026-05-12,16:29:35,maceta2,0,0,100,100,100,,,16.0,42.2,0,0,0,
2026-05-12,16:30:02,maceta1,0,0,100,100,100,,,,,0,0,0,Lectura invalida de DHT
2026-05-12,16:30:02,maceta2,0,0,100,100,100,,,15.9,42.2,0,0,0,
2026-05-12,16:30:29,maceta1,0,0,100,100,100,,,,,0,0,0,Lectura invalida de DHT
2026-05-12,16:30:29,maceta2,0,0,100,100,100,,,16.0,42.1,0,0,0,
2026-05-12,16:30:56,maceta1,0,0,100,100,100,,,,,0,0,0,Lectura invalida de DHT
2026-05-12,16:30:56,maceta2,0,0,100,100,100,,,,,0,0,0,Lectura invalida de DHT
2026-05-12,16:31:22,maceta1,0,0,100,100,100,,,,,0,0,0,Lectura invalida de DHT
2026-05-12,16:31:22,maceta2,0,0,100,100,100,,,16.0,42.2,0,0,0,
2026-05-12,16:31:49,maceta1,0,0,100,100,100,,,,,0,0,0,Lectura invalida de DHT
2026-05-12,16:31:49,maceta2,0,0,100,100,100,,,16.0,42.2,0,0,0,
2026-05-12,16:32:16,maceta1,0,0,100,100,100,,,,,0,0,0,Lectura invalida de DHT
2026-05-12,16:32:16,maceta2,0,0,100,100,100,,,16.0,42.2,0,0,0,
2026-05-12,16:32:43,maceta1,0,0,100,100,100,,,,,0,0,0,Lectura invalida de DHT
2026-05-12,16:32:43,maceta2,0,0,100,100,100,,,16.0,42.2,0,0,0,
2026-05-12,16:33:10,maceta1,0,0,100,100,100,,,,,0,0,0,Lectura invalida de DHT
2026-05-12,16:33:10,maceta2,0,0,100,100,100,,,15.9,42.2,0,0,0,
2026-05-12,16:33:36,maceta1,0,0,100,100,100,,,,,0,0,0,Lectura invalida de DHT
2026-05-12,16:33:36,maceta2,0,0,100,100,100,,,16.0,42.2,0,0,0,
2026-05-12,16:34:03,maceta1,0,0,100,100,100,,,,,0,0,0,Lectura invalida de DHT
2026-05-12,16:34:03,maceta2,0,0,100,100,100,,,16.0,42.2,0,0,0,
2026-05-12,16:34:30,maceta1,0,0,100,100,100,,,,,0,0,0,Lectura invalida de DHT
2026-05-12,16:34:30,maceta2,0,0,100,100,100,,,16.0,42.2,0,0,0,
2026-05-12,16:34:57,maceta1,0,0,100,100,100,,,,,0,0,0,Lectura invalida de DHT
2026-05-12,16:34:57,maceta2,0,0,100,100,100,,,,,0,0,0,Lectura invalida de DHT
2026-05-12,16:35:24,maceta1,0,0,100,100,100,,,,,0,0,0,Lectura invalida de DHT
2026-05-12,16:35:24,maceta2,0,0,100,100,100,,,16.0,42.2,0,0,0,
2026-05-12,16:35:50,maceta1,0,0,100,100,100,,,,,0,0,0,Lectura invalida de DHT
2026-05-12,16:35:50,maceta2,0,0,100,100,100,,,16.0,42.2,0,0,0,
2026-05-12,16:36:17,maceta1,0,0,100,100,100,,,,,0,0,0,Lectura invalida de DHT
2026-05-12,16:36:17,maceta2,0,0,100,100,100,,,16.0,42.2,0,0,0,
2026-05-12,16:36:44,maceta1,0,0,100,100,100,,,,,0,0,0,Lectura invalida de DHT
2026-05-12,16:36:44,maceta2,0,0,100,100,100,,,16.0,42.2,0,0,0,
2026-05-12,16:37:11,maceta1,0,0,100,100,100,,,,,0,0,0,Lectura invalida de DHT
2026-05-12,16:37:11,maceta2,0,0,100,100,100,,,16.0,42.2,0,0,0,
2026-05-12,16:37:37,maceta1,0,0,100,100,100,,,,,0,0,0,Lectura invalida de DHT
2026-05-12,16:37:37,maceta2,0,0,100,100,100,,,16.0,42.2,0,0,0,
2026-05-12,16:38:04,maceta1,0,0,100,100,100,,,,,0,0,0,Lectura invalida de DHT
2026-05-12,16:38:04,maceta2,0,0,100,100,100,,,16.0,42.2,0,0,0,
2026-05-12,16:38:31,maceta1,0,0,100,100,100,,,,,0,0,0,Lectura invalida de DHT
2026-05-12,16:38:31,maceta2,0,0,100,100,100,,,,,0,0,0,Lectura invalida de DHT
2026-05-12,16:38:58,maceta1,0,0,100,100,100,,,,,0,0,0,Lectura invalida de DHT
2026-05-12,16:38:58,maceta2,0,0,100,100,100,,,,,0,0,0,Lectura invalida de DHT
2026-05-12,16:39:25,maceta1,0,0,100,100,100,,,,,0,0,0,Lectura invalida de DHT
2026-05-12,16:39:25,maceta2,0,0,100,100,100,,,16.0,42.2,0,0,0,
2026-05-12,16:39:52,maceta1,0,0,100,100,100,,,,,0,0,0,Lectura invalida de DHT
2026-05-12,16:39:52,maceta2,0,0,100,100,100,,,16.0,42.3,0,0,0,
2026-05-12,16:40:19,maceta1,0,0,100,100,100,,,,,0,0,0,Lectura invalida de DHT
2026-05-12,16:40:19,maceta2,0,0,100,100,100,,,,,0,0,0,Lectura invalida de DHT
2026-05-12,16:40:46,maceta1,0,0,100,100,100,,,,,0,0,0,Lectura invalida de DHT
2026-05-12,16:40:46,maceta2,0,0,100,100,100,,,16.0,42.2,0,0,0,
2026-05-12,16:41:13,maceta1,0,0,100,100,100,,,,,0,0,0,Lectura invalida de DHT
2026-05-12,16:41:13,maceta2,0,0,100,100,100,,,16.1,42.3,0,0,0,
2026-05-12,16:41:40,maceta1,0,0,100,100,100,,,,,0,0,0,Lectura invalida de DHT
2026-05-12,16:41:40,maceta2,0,0,100,100,100,,,,,0,0,0,Lectura invalida de DHT
2026-05-12,16:42:06,maceta1,0,0,100,100,100,,,,,0,0,0,Lectura invalida de DHT
2026-05-12,16:42:06,maceta2,0,0,100,100,100,,,16.1,42.3,0,0,0,
2026-05-12,16:42:34,maceta1,0,0,100,100,100,,,,,0,0,0,Lectura invalida de DHT
2026-05-12,16:42:34,maceta2,0,0,100,100,100,,,16.1,42.3,0,0,0,
2026-05-12,16:43:01,maceta1,0,0,100,100,100,,,,,0,0,0,Lectura invalida de DHT
2026-05-12,16:43:01,maceta2,0,0,100,100,100,,,16.1,42.4,0,0,0,
2026-05-12,16:43:28,maceta1,0,0,100,100,100,,,,,0,0,0,Lectura invalida de DHT
2026-05-12,16:43:28,maceta2,0,0,100,100,100,,,16.1,42.5,0,0,0,
2026-05-12,16:43:55,maceta1,0,0,100,100,100,,,,,0,0,0,Lectura invalida de DHT
2026-05-12,16:43:55,maceta2,0,0,100,100,100,,,16.1,42.5,0,0,0,
2026-05-12,16:44:29,maceta1,0,0,100,100,100,,,,,0,0,0,Lectura invalida de DHT
2026-05-12,16:44:29,maceta2,0,0,100,100,100,,,16.1,42.5,0,0,0,
2026-05-12,16:45:07,maceta1,0,0,100,100,100,,,,,0,0,0,Lectura invalida de DHT
2026-05-12,16:45:07,maceta2,0,0,100,100,100,,,16.1,42.5,0,0,0,
2026-05-12,16:45:50,maceta1,0,0,100,100,100,,,,,0,0,0,Lectura invalida de DHT
2026-05-12,16:45:50,maceta2,0,0,100,100,100,,,16.1,42.4,0,0,0,
2026-05-12,16:46:25,maceta1,0,0,100,100,100,,,,,0,0,0,Lectura invalida de DHT
2026-05-12,16:46:25,maceta2,0,0,100,100,100,,,16.2,42.5,0,0,0,
2026-05-12,16:46:53,maceta1,0,0,100,100,100,,,,,0,0,0,Lectura invalida de DHT
2026-05-12,16:46:53,maceta2,0,0,100,100,100,,,16.1,42.4,0,0,0,
2026-05-12,16:47:19,maceta1,0,0,100,100,100,,,,,0,0,0,Lectura invalida de DHT
2026-05-12,16:47:19,maceta2,0,0,100,100,100,,,,,0,0,0,Lectura invalida de DHT
2026-05-12,16:47:51,maceta1,0,0,100,100,100,,,,,0,0,0,Lectura invalida de DHT
2026-05-12,16:47:51,maceta2,0,0,100,100,100,,,,,0,0,0,Lectura invalida de DHT
2026-05-12,16:48:18,maceta1,0,0,100,100,100,,,,,0,0,0,Lectura invalida de DHT
2026-05-12,16:48:18,maceta2,0,0,100,100,100,,,,,0,0,0,Lectura invalida de DHT
2026-05-12,16:48:45,maceta1,0,0,100,100,100,,,,,0,0,0,Lectura invalida de DHT
2026-05-12,16:48:45,maceta2,0,0,100,100,100,,,16.2,42.4,0,0,0,
2026-05-12,16:49:12,maceta1,0,0,100,100,100,,,,,0,0,0,Lectura invalida de DHT
2026-05-12,16:49:12,maceta2,0,0,100,100,100,,,16.2,42.4,0,0,0,
2026-05-12,16:49:39,maceta1,0,0,100,100,100,,,,,0,0,0,Lectura invalida de DHT
2026-05-12,16:49:39,maceta2,0,0,100,100,100,,,,,0,0,0,Lectura invalida de DHT
2026-05-12,16:50:06,maceta1,0,0,100,100,100,,,,,0,0,0,Lectura invalida de DHT
2026-05-12,16:50:06,maceta2,0,0,100,100,100,,,,,0,0,0,Lectura invalida de DHT
2026-05-12,16:50:33,maceta1,0,0,100,100,100,,,,,0,0,0,Lectura invalida de DHT
2026-05-12,16:50:33,maceta2,0,0,100,100,100,,,16.2,42.6,0,0,0,
2026-05-12,16:51:00,maceta1,0,0,100,100,100,,,,,0,0,0,Lectura invalida de DHT
2026-05-12,16:51:00,maceta2,0,0,100,100,100,,,16.4,42.5,0,0,0,
2026-05-12,16:51:27,maceta1,0,0,100,100,100,,,,,0,0,0,Lectura invalida de DHT
2026-05-12,16:51:27,maceta2,0,0,100,100,100,,,,,0,0,0,Lectura invalida de DHT
2026-05-12,16:51:53,maceta1,0,0,100,100,100,,,,,0,0,0,Lectura invalida de DHT
2026-05-12,16:51:53,maceta2,0,0,100,100,100,,,,,0,0,0,Lectura invalida de DHT
2026-05-12,16:52:20,maceta1,0,0,100,100,100,,,,,0,0,0,Lectura invalida de DHT
2026-05-12,16:52:20,maceta2,0,0,100,100,100,,,,,0,0,0,Lectura invalida de DHT
2026-05-12,16:52:47,maceta1,0,0,100,100,100,,,,,0,0,0,Lectura invalida de DHT
2026-05-12,16:52:47,maceta2,0,0,100,100,100,,,16.4,42.5,0,0,0,
2026-05-12,16:53:14,maceta1,0,0,100,100,100,,,,,0,0,0,Lectura invalida de DHT
2026-05-12,16:53:14,maceta2,0,0,100,100,100,,,,,0,0,0,Lectura invalida de DHT
2026-05-12,16:55:59,maceta1,0,0,100,100,100,,,,,0,0,0,Lectura invalida de DHT
2026-05-12,16:55:59,maceta2,0,0,100,100,100,,,,,0,0,0,Lectura invalida de DHT
2026-05-12,16:56:34,maceta1,0,0,100,100,100,,,,,0,0,0,Lectura invalida de DHT
2026-05-12,16:56:34,maceta2,0,0,100,100,100,,,16.3,42.5,0,0,0,
2026-05-12,16:57:02,maceta1,0,0,100,100,100,,,,,0,0,0,Lectura invalida de DHT
2026-05-12,16:57:02,maceta2,0,0,100,100,100,,,16.3,42.6,0,0,0,
2026-05-12,16:57:29,maceta1,0,0,100,100,100,,,,,0,0,0,Lectura invalida de DHT
2026-05-12,16:57:29,maceta2,0,0,100,100,100,,,16.4,42.6,0,0,0,
2026-05-12,16:57:56,maceta1,0,0,100,100,100,,,,,0,0,0,Lectura invalida de DHT
2026-05-12,16:57:56,maceta2,0,0,100,100,100,,,16.4,42.5,0,0,0,
2026-05-12,16:58:23,maceta1,0,0,100,100,100,,,,,0,0,0,Lectura invalida de DHT
2026-05-12,16:58:23,maceta2,0,0,100,100,100,,,16.4,42.6,0,0,0,
2026-05-12,16:58:50,maceta1,0,0,100,100,100,,,,,0,0,0,Lectura invalida de DHT
2026-05-12,16:58:50,maceta2,0,0,100,100,100,,,,,0,0,0,Lectura invalida de DHT
2026-05-12,16:59:17,maceta1,0,0,100,100,100,,,,,0,0,0,Lectura invalida de DHT
2026-05-12,16:59:17,maceta2,0,0,100,100,100,,,16.4,42.5,0,0,0,
2026-05-12,16:59:43,maceta1,0,0,100,100,100,,,,,0,0,0,Lectura invalida de DHT
2026-05-12,16:59:43,maceta2,0,0,100,100,100,,,16.4,42.6,0,0,0,
2026-05-12,17:00:11,maceta1,0,0,100,100,100,,,,,1,0,0,Lectura invalida de DHT
2026-05-12,17:00:11,maceta2,0,0,100,100,100,,,16.4,42.6,1,0,0,
2026-05-12,17:00:37,maceta1,0,0,100,100,100,,,,,1,0,0,Lectura invalida de DHT
2026-05-12,17:00:37,maceta2,0,0,100,100,100,,,16.4,42.6,1,0,0,
2026-05-12,17:01:04,maceta1,0,0,100,100,100,,,,,1,0,0,Lectura invalida de DHT
2026-05-12,17:01:04,maceta2,0,0,100,100,100,,,16.4,42.6,1,0,0,
2026-05-12,17:01:39,maceta1,0,0,100,100,100,,,,,1,0,0,Lectura invalida de DHT
2026-05-12,17:01:39,maceta2,0,0,100,100,100,,,,,1,0,0,Lectura invalida de DHT
2026-05-12,17:02:06,maceta1,0,0,100,100,100,,,,,1,0,0,Lectura invalida de DHT
2026-05-12,17:02:06,maceta2,0,0,100,100,100,,,16.4,42.6,1,0,0,
2026-05-12,17:02:33,maceta1,0,0,100,100,100,,,,,1,0,0,Lectura invalida de DHT
2026-05-12,17:02:33,maceta2,0,0,100,100,100,,,16.4,42.6,1,0,0,
2026-05-12,17:03:00,maceta1,0,0,100,100,100,,,,,1,0,0,Lectura invalida de DHT
2026-05-12,17:03:00,maceta2,0,0,100,100,100,,,,,1,0,0,Lectura invalida de DHT
2026-05-12,17:03:27,maceta1,0,0,100,100,100,,,,,1,0,0,Lectura invalida de DHT
2026-05-12,17:03:27,maceta2,0,0,100,100,100,,,16.4,42.6,1,0,0,
2026-05-12,17:03:54,maceta1,0,0,100,100,100,,,,,1,0,0,Lectura invalida de DHT
2026-05-12,17:03:54,maceta2,0,0,100,100,100,,,16.4,42.7,1,0,0,
2026-05-12,17:04:21,maceta1,0,0,100,100,100,,,,,1,0,0,Lectura invalida de DHT
2026-05-12,17:04:21,maceta2,0,0,100,100,100,,,16.4,42.7,1,0,0,
2026-05-12,17:04:48,maceta1,0,0,100,100,100,,,,,1,0,0,Lectura invalida de DHT
2026-05-12,17:04:48,maceta2,0,0,100,100,100,,,16.4,42.7,1,0,0,
2026-05-12,17:05:16,maceta1,0,0,100,100,100,,,,,1,0,0,Lectura invalida de DHT
2026-05-12,17:05:16,maceta2,0,0,100,100,100,,,16.4,42.7,1,0,0,
2026-05-12,17:05:43,maceta1,0,0,100,100,100,,,,,1,0,0,Lectura invalida de DHT
2026-05-12,17:05:43,maceta2,0,0,100,100,100,,,16.4,42.8,1,0,0,
2026-05-12,17:06:11,maceta1,0,0,100,100,100,,,,,1,0,0,Lectura invalida de DHT
2026-05-12,17:06:11,maceta2,0,0,100,100,100,,,16.4,42.7,1,0,0,
2026-05-12,17:06:38,maceta1,0,0,100,100,100,,,,,1,0,0,Lectura invalida de DHT
2026-05-12,17:06:38,maceta2,0,0,100,100,100,,,,,1,0,0,Lectura invalida de DHT
2026-05-12,17:07:05,maceta1,0,0,100,100,100,,,,,1,0,0,Lectura invalida de DHT
2026-05-12,17:07:05,maceta2,0,0,100,100,100,,,16.4,42.8,1,0,0,
2026-05-12,17:07:32,maceta1,0,0,100,100,100,,,,,1,0,0,Lectura invalida de DHT
2026-05-12,17:07:32,maceta2,0,0,100,100,100,,,16.4,42.8,1,0,0,
2026-05-12,17:07:58,maceta1,0,0,100,100,100,,,,,1,0,0,Lectura invalida de DHT
2026-05-12,17:07:58,maceta2,0,0,100,100,100,,,16.4,42.8,1,0,0,
2026-05-12,17:08:25,maceta1,0,0,100,100,100,,,,,1,0,0,Lectura invalida de DHT
2026-05-12,17:08:25,maceta2,0,0,100,100,100,,,,,1,0,0,Lectura invalida de DHT
2026-05-12,17:08:52,maceta1,0,0,100,100,100,,,,,1,0,0,Lectura invalida de DHT
2026-05-12,17:08:52,maceta2,0,0,100,100,100,,,,,1,0,0,Lectura invalida de DHT
2026-05-12,17:09:19,maceta1,0,0,100,100,100,,,,,1,0,0,Lectura invalida de DHT
2026-05-12,17:09:19,maceta2,0,0,100,100,100,,,,,1,0,0,Lectura invalida de DHT
2026-05-12,17:09:46,maceta1,0,0,100,100,100,,,,,1,0,0,Lectura invalida de DHT
2026-05-12,17:09:46,maceta2,0,0,100,100,100,,,16.5,42.9,1,0,0,
2026-05-12,17:10:12,maceta1,0,0,100,100,100,,,,,1,0,0,Lectura invalida de DHT
2026-05-12,17:10:12,maceta2,0,0,100,100,100,,,16.5,42.9,1,0,0,
2026-05-12,17:10:39,maceta1,0,0,100,100,100,,,,,1,0,0,Lectura invalida de DHT
2026-05-12,17:10:39,maceta2,0,0,100,100,100,,,,,1,0,0,Lectura invalida de DHT
2026-05-12,17:11:06,maceta1,0,0,100,100,100,,,,,1,0,0,Lectura invalida de DHT
2026-05-12,17:11:06,maceta2,0,0,100,100,100,,,16.5,42.7,1,0,0,
2026-05-12,17:11:33,maceta1,0,0,100,100,100,,,,,1,0,0,Lectura invalida de DHT
2026-05-12,17:11:33,maceta2,0,0,100,100,100,,,16.5,42.7,1,0,0,
2026-05-12,17:12:00,maceta1,0,0,100,100,100,,,,,1,0,0,Lectura invalida de DHT
2026-05-12,17:12:00,maceta2,0,0,100,100,100,,,,,1,0,0,Lectura invalida de DHT
2026-05-12,17:12:26,maceta1,0,0,100,100,100,,,,,1,0,0,Lectura invalida de DHT
2026-05-12,17:12:26,maceta2,0,0,100,100,100,,,16.5,42.6,1,0,0,
2026-05-12,17:12:53,maceta1,0,0,100,100,100,,,,,1,0,0,Lectura invalida de DHT
2026-05-12,17:12:53,maceta2,0,0,100,100,100,,,16.5,42.6,1,0,0,
2026-05-12,17:13:20,maceta1,0,0,100,100,100,,,,,1,0,0,Lectura invalida de DHT
2026-05-12,17:13:20,maceta2,0,0,100,100,100,,,,,1,0,0,Lectura invalida de DHT
2026-05-12,17:13:47,maceta1,0,0,100,100,100,,,,,1,0,0,Lectura invalida de DHT
2026-05-12,17:13:47,maceta2,0,0,100,100,100,,,16.5,42.7,1,0,0,
2026-05-12,17:14:14,maceta1,0,0,100,100,100,,,,,1,0,0,Lectura invalida de DHT
2026-05-12,17:14:14,maceta2,0,0,100,100,100,,,16.6,42.7,1,0,0,
2026-05-12,17:14:41,maceta1,0,0,100,100,100,,,,,1,0,0,Lectura invalida de DHT
2026-05-12,17:14:41,maceta2,0,0,100,100,100,,,,,1,0,0,Lectura invalida de DHT
2026-05-12,17:15:08,maceta1,0,0,100,100,100,,,,,1,0,0,Lectura invalida de DHT
2026-05-12,17:15:08,maceta2,0,0,100,100,100,,,16.6,42.8,1,0,0,
2026-05-12,17:15:34,maceta1,0,0,100,100,100,,,,,1,0,0,Lectura invalida de DHT
2026-05-12,17:15:34,maceta2,0,0,100,100,100,,,16.6,42.8,1,0,0,
2026-05-12,17:16:01,maceta1,0,0,100,100,100,,,,,1,0,0,Lectura invalida de DHT
2026-05-12,17:16:01,maceta2,0,0,100,100,100,,,,,1,0,0,Lectura invalida de DHT
2026-05-12,17:16:28,maceta1,0,0,100,100,100,,,,,1,0,0,Lectura invalida de DHT
2026-05-12,17:16:28,maceta2,0,0,100,100,100,,,16.6,42.8,1,0,0,
2026-05-12,17:16:55,maceta1,0,0,100,100,100,,,,,1,0,0,Lectura invalida de DHT
2026-05-12,17:16:55,maceta2,0,0,100,100,100,,,16.6,42.8,1,0,0,
2026-05-12,17:17:21,maceta1,0,0,100,100,100,,,,,1,0,0,Lectura invalida de DHT
2026-05-12,17:17:21,maceta2,0,0,100,100,100,,,,,1,0,0,Lectura invalida de DHT
2026-05-12,17:17:48,maceta1,0,0,100,100,100,,,,,1,0,0,Lectura invalida de DHT
2026-05-12,17:17:48,maceta2,0,0,100,100,100,,,16.6,42.8,1,0,0,
2026-05-12,17:18:15,maceta1,0,0,100,100,100,,,,,1,0,0,Lectura invalida de DHT
2026-05-12,17:18:15,maceta2,0,0,100,100,100,,,,,1,0,0,Lectura invalida de DHT
2026-05-12,17:18:42,maceta1,0,0,100,100,100,,,,,1,0,0,Lectura invalida de DHT
2026-05-12,17:18:42,maceta2,0,0,100,100,100,,,,,1,0,0,Lectura invalida de DHT
2026-05-12,17:19:09,maceta1,0,0,100,100,100,,,,,1,0,0,Lectura invalida de DHT
2026-05-12,17:19:09,maceta2,0,0,100,100,100,,,16.6,42.8,1,0,0,
2026-05-12,17:19:36,maceta1,0,0,100,100,100,,,,,1,0,0,Lectura invalida de DHT
2026-05-12,17:19:36,maceta2,0,0,100,100,100,,,16.6,42.8,1,0,0,
2026-05-12,17:20:02,maceta1,0,0,100,100,100,,,,,1,0,0,Lectura invalida de DHT
2026-05-12,17:20:02,maceta2,0,0,100,100,100,,,,,1,0,0,Lectura invalida de DHT
2026-05-12,17:20:29,maceta1,0,0,100,100,100,,,,,1,0,0,Lectura invalida de DHT
2026-05-12,17:20:29,maceta2,0,0,100,100,100,,,16.6,42.8,1,0,0,
2026-05-12,17:20:57,maceta1,0,0,100,100,100,,,,,1,0,0,Lectura invalida de DHT
2026-05-12,17:20:57,maceta2,0,0,100,100,100,,,16.6,42.8,1,0,0,
2026-05-12,17:21:24,maceta1,0,0,100,100,100,,,,,1,0,0,Lectura invalida de DHT
2026-05-12,17:21:24,maceta2,0,0,100,100,100,,,,,1,0,0,Lectura invalida de DHT
2026-05-12,17:21:51,maceta1,0,0,100,100,100,,,,,1,0,0,Lectura invalida de DHT
2026-05-12,17:21:51,maceta2,0,0,100,100,100,,,,,1,0,0,Lectura invalida de DHT
2026-05-12,17:22:18,maceta1,0,0,100,100,100,,,,,1,0,0,Lectura invalida de DHT
2026-05-12,17:22:18,maceta2,0,0,100,100,100,,,16.6,42.8,1,0,0,
2026-05-12,17:22:45,maceta1,0,0,100,100,100,,,,,1,0,0,Lectura invalida de DHT
2026-05-12,17:22:45,maceta2,0,0,100,100,100,,,16.7,42.8,1,0,0,
2026-05-12,17:23:11,maceta1,0,0,100,100,100,,,,,1,0,0,Lectura invalida de DHT
2026-05-12,17:23:11,maceta2,0,0,100,100,100,,,16.7,42.8,1,0,0,
2026-05-12,17:23:38,maceta1,0,0,100,100,100,,,,,1,0,0,Lectura invalida de DHT
2026-05-12,17:23:38,maceta2,0,0,100,100,100,,,16.7,42.8,1,0,0,
2026-05-12,17:24:05,maceta1,0,0,100,100,100,,,,,1,0,0,Lectura invalida de DHT
2026-05-12,17:24:05,maceta2,0,0,100,100,100,,,,,1,0,0,Lectura invalida de DHT
2026-05-12,17:24:32,maceta1,0,0,100,100,100,,,,,1,0,0,Lectura invalida de DHT
2026-05-12,17:24:32,maceta2,0,0,100,100,100,,,16.7,42.8,1,0,0,
2026-05-12,17:24:59,maceta1,0,0,100,100,100,,,,,1,0,0,Lectura invalida de DHT
2026-05-12,17:24:59,maceta2,0,0,100,100,100,,,16.7,42.8,1,0,0,
2026-05-12,17:25:26,maceta1,0,0,100,100,100,,,,,1,0,0,Lectura invalida de DHT
2026-05-12,17:25:26,maceta2,0,0,100,100,100,,,16.7,42.8,1,0,0,
2026-05-12,17:25:55,maceta1,0,0,100,100,100,,,,,1,0,0,Lectura invalida de DHT
2026-05-12,17:25:55,maceta2,0,0,100,100,100,,,16.7,42.8,1,0,0,
2026-05-12,17:26:21,maceta1,0,0,100,100,100,,,,,1,0,0,Lectura invalida de DHT
2026-05-12,17:26:21,maceta2,0,0,100,100,100,,,16.7,42.9,1,0,0,
2026-05-12,17:26:51,maceta1,0,0,100,100,100,,,,,1,0,0,Lectura invalida de DHT
2026-05-12,17:26:51,maceta2,0,0,100,100,100,,,16.7,42.9,1,0,0,
2026-05-12,17:27:18,maceta1,0,0,100,100,100,,,,,1,0,0,Lectura invalida de DHT
2026-05-12,17:27:18,maceta2,0,0,100,100,100,,,16.7,42.8,1,0,0,
2026-05-12,17:27:45,maceta1,0,0,100,100,100,,,,,1,0,0,Lectura invalida de DHT
2026-05-12,17:27:45,maceta2,0,0,100,100,100,,,16.7,42.9,1,0,0,
2026-05-12,17:28:12,maceta1,0,0,100,100,100,,,,,1,0,0,Lectura invalida de DHT
2026-05-12,17:28:12,maceta2,0,0,100,100,100,,,16.8,42.9,1,0,0,
2026-05-12,17:28:39,maceta1,0,0,100,100,100,,,,,1,0,0,Lectura invalida de DHT
2026-05-12,17:28:39,maceta2,0,0,100,100,100,,,16.7,43.0,1,0,0,
2026-05-12,17:29:06,maceta1,0,0,100,100,100,,,,,1,0,0,Lectura invalida de DHT
2026-05-12,17:29:06,maceta2,0,0,100,100,100,,,16.8,42.9,1,0,0,
2026-05-12,17:29:34,maceta1,0,0,100,100,100,,,,,1,0,0,Lectura invalida de DHT
2026-05-12,17:29:34,maceta2,0,0,100,100,100,,,,,1,0,0,Lectura invalida de DHT
2026-05-12,17:30:14,maceta1,0,0,100,100,100,,,,,1,0,0,Lectura invalida de DHT
2026-05-12,17:30:14,maceta2,0,0,100,100,100,,,,,1,0,0,Lectura invalida de DHT
2026-05-12,17:30:41,maceta1,0,0,100,100,100,,,,,1,0,0,Lectura invalida de DHT
2026-05-12,17:30:41,maceta2,0,0,100,100,100,,,16.7,43.0,1,0,0,
2026-05-12,17:31:20,maceta1,0,0,100,100,100,,,,,1,0,0,Lectura invalida de DHT
2026-05-12,17:31:20,maceta2,0,0,100,100,100,,,16.7,43.0,1,0,0,
2026-05-12,17:32:04,maceta1,0,0,100,100,100,,,,,1,0,0,Lectura invalida de DHT
2026-05-12,17:32:04,maceta2,0,0,100,100,100,,,16.7,43.0,1,0,0,
2026-05-12,17:32:47,maceta1,0,0,100,100,100,,,,,1,0,0,Lectura invalida de DHT
2026-05-12,17:32:47,maceta2,0,0,100,100,100,,,16.8,43.0,1,0,0,
2026-05-12,17:33:14,maceta1,0,0,100,100,100,,,,,1,0,0,Lectura invalida de DHT
2026-05-12,17:33:14,maceta2,0,0,100,100,100,,,16.8,43.0,1,0,0,
2026-05-12,17:33:41,maceta1,0,0,100,100,100,,,,,1,0,0,Lectura invalida de DHT
2026-05-12,17:33:41,maceta2,0,0,100,100,100,,,16.8,43.1,1,0,0,
2026-05-12,17:34:08,maceta1,0,0,100,100,100,,,,,1,0,0,Lectura invalida de DHT
2026-05-12,17:34:08,maceta2,0,0,100,100,100,,,,,1,0,0,Lectura invalida de DHT
2026-05-12,17:34:34,maceta1,0,0,100,100,100,,,,,1,0,0,Lectura invalida de DHT
2026-05-12,17:34:34,maceta2,0,0,100,100,100,,,16.8,43.0,1,0,0,
2026-05-12,17:35:02,maceta1,0,0,100,100,100,,,,,1,0,0,Lectura invalida de DHT
2026-05-12,17:35:02,maceta2,0,0,100,100,100,,,16.8,43.0,1,0,0,
2026-05-12,17:35:29,maceta1,0,0,100,100,100,,,,,1,0,0,Lectura invalida de DHT
2026-05-12,17:35:29,maceta2,0,0,100,100,100,,,16.8,43.1,1,0,0,
2026-05-12,17:35:56,maceta1,0,0,100,100,100,,,,,1,0,0,Lectura invalida de DHT
2026-05-12,17:35:56,maceta2,0,0,100,100,100,,,,,1,0,0,Lectura invalida de DHT
2026-05-12,17:36:15,maceta1,0,0,100,100,100,,,,,1,0,0,Lectura invalida de DHT
2026-05-12,17:36:15,maceta2,0,0,100,100,100,,,16.8,43.1,1,0,0,
2026-05-12,17:36:42,maceta1,0,0,100,100,100,,,,,1,0,0,Lectura invalida de DHT
2026-05-12,17:36:42,maceta2,0,0,100,100,100,,,16.8,43.1,1,0,0,
2026-05-12,17:37:09,maceta1,0,0,100,100,100,,,,,1,0,0,Lectura invalida de DHT
2026-05-12,17:37:09,maceta2,0,0,100,100,100,,,,,1,0,0,Lectura invalida de DHT
2026-05-12,17:37:35,maceta1,0,0,100,100,100,,,,,1,0,0,Lectura invalida de DHT
2026-05-12,17:37:35,maceta2,0,0,100,100,100,,,,,1,0,0,Lectura invalida de DHT
2026-05-12,17:38:02,maceta1,0,0,100,100,100,,,,,1,0,0,Lectura invalida de DHT
2026-05-12,17:38:02,maceta2,0,0,100,100,100,,,16.8,43.0,1,0,0,
2026-05-12,17:38:41,maceta1,0,0,100,100,100,,,,,1,0,0,Lectura invalida de DHT
2026-05-12,17:38:41,maceta2,0,0,100,100,100,,,,,1,0,0,Lectura invalida de DHT
2026-05-12,17:39:12,maceta1,0,0,100,100,100,,,,,1,0,0,Lectura invalida de DHT
2026-05-12,17:39:12,maceta2,0,0,100,100,100,,,,,1,0,0,Lectura invalida de DHT
2026-05-12,17:39:39,maceta1,0,0,100,100,100,,,,,1,0,0,Lectura invalida de DHT
2026-05-12,17:39:39,maceta2,0,0,100,100,100,,,16.8,43.1,1,0,0,
2026-05-12,17:40:15,maceta1,0,0,100,100,100,,,,,1,0,0,Lectura invalida de DHT
2026-05-12,17:40:15,maceta2,0,0,100,100,100,,,16.8,43.2,1,0,0,
2026-05-12,17:40:49,maceta1,0,0,100,100,100,,,,,1,0,0,Lectura invalida de DHT
2026-05-12,17:40:49,maceta2,0,0,100,100,100,,,16.8,43.2,1,0,0,
2026-05-12,17:41:17,maceta1,0,0,100,100,100,,,,,1,0,0,Lectura invalida de DHT
2026-05-12,17:41:17,maceta2,0,0,100,100,100,,,16.8,43.2,1,0,0,
2026-05-12,17:41:45,maceta1,0,0,100,100,100,,,,,1,0,0,Lectura invalida de DHT
2026-05-12,17:41:45,maceta2,0,0,100,100,100,,,,,1,0,0,Lectura invalida de DHT
2026-05-12,17:42:11,maceta1,0,0,100,100,100,,,,,1,0,0,Lectura invalida de DHT
2026-05-12,17:42:11,maceta2,0,0,100,100,100,,,16.8,43.2,1,0,0,
2026-05-12,17:42:38,maceta1,0,0,100,100,100,,,,,1,0,0,Lectura invalida de DHT
2026-05-12,17:42:38,maceta2,0,0,100,100,100,,,16.8,43.2,1,0,0,
2026-05-12,17:43:05,maceta1,0,0,100,100,100,,,,,1,0,0,Lectura invalida de DHT
2026-05-12,17:43:05,maceta2,0,0,100,100,100,,,16.8,43.2,1,0,0,
2026-05-12,17:43:32,maceta1,0,0,100,100,100,,,,,1,0,0,Lectura invalida de DHT
2026-05-12,17:43:32,maceta2,0,0,100,100,100,,,16.8,43.2,1,0,0,
2026-05-12,17:43:51,maceta1,,,,,,,,,,1,0,0,"Fallo en ambos sensores de humedad de suelo | Lectura invalida de DHT | Sin humedad de suelo valida, no se habilita riego automatico"
2026-05-12,17:43:51,maceta2,0,0,100,100,100,,,16.8,43.2,1,0,0,
2026-05-12,17:44:31,maceta1,,,,,,,,,,1,0,0,"Fallo en ambos sensores de humedad de suelo | Lectura invalida de DHT | Sin humedad de suelo valida, no se habilita riego automatico"
2026-05-12,17:44:31,maceta2,0,0,100,100,100,,,16.8,43.2,1,0,0,
2026-05-12,17:55:10,maceta1,,,,,,,,,,1,0,0,"Fallo en ambos sensores de humedad de suelo | Lectura invalida de DHT | Sin humedad de suelo valida, no se habilita riego automatico"
2026-05-12,17:55:10,maceta2,0,0,100,100,100,,,,,1,0,0,Lectura invalida de DHT
2026-05-12,18:34:01,maceta1,,,,,,,,18.6,41.0,1,0,0,"Fallo en ambos sensores de humedad de suelo | Sin humedad de suelo valida, no se habilita riego automatico"
2026-05-12,18:34:01,maceta2,128,112,49,56,52,,,16.9,43.2,1,0,0,
2026-05-12,18:34:25,maceta1,,,,,,,,18.3,47.8,1,0,0,"Fallo en ambos sensores de humedad de suelo | Sin humedad de suelo valida, no se habilita riego automatico"
2026-05-12,18:34:25,maceta2,128,113,49,55,52,,,,,1,0,0,Lectura invalida de DHT
2026-05-12,18:34:49,maceta1,,,,,,,,,,1,0,0,"Fallo en ambos sensores de humedad de suelo | Lectura invalida de DHT | Sin humedad de suelo valida, no se habilita riego automatico"
2026-05-12,18:34:49,maceta2,86,97,66,61,63,,,17.2,43.9,1,0,0,
2026-05-12,18:35:13,maceta1,,,,,,,,18.4,46.2,1,0,0,"Fallo en ambos sensores de humedad de suelo | Sin humedad de suelo valida, no se habilita riego automatico"
2026-05-12,18:35:13,maceta2,90,98,64,61,62,,,17.2,43.9,1,0,0,
2026-05-12,18:35:37,maceta1,,,,,,,,,,1,0,0,"Fallo en ambos sensores de humedad de suelo | Lectura invalida de DHT | Sin humedad de suelo valida, no se habilita riego automatico"
2026-05-12,18:35:37,maceta2,62,74,75,70,72,,,17.2,43.7,1,0,0,
2026-05-12,18:36:07,maceta1,,,,,,,,18.4,49.1,1,0,0,"Fallo en ambos sensores de humedad de suelo | Sin humedad de suelo valida, no se habilita riego automatico"
2026-05-12,18:36:07,maceta2,95,128,62,49,55,,,17.2,43.9,1,0,0,
2026-05-12,18:36:31,maceta1,,,,,,,,,,1,0,0,"Fallo en ambos sensores de humedad de suelo | Lectura invalida de DHT | Sin humedad de suelo valida, no se habilita riego automatico"
2026-05-12,18:36:31,maceta2,128,128,49,49,49,,,17.2,43.9,1,0,0,
2026-05-12,18:36:55,maceta1,,,,,,,,18.5,43.0,1,0,0,"Fallo en ambos sensores de humedad de suelo | Sin humedad de suelo valida, no se habilita riego automatico"
2026-05-12,18:36:55,maceta2,56,89,78,65,71,,,17.2,43.9,1,0,0,
2026-05-12,18:37:20,maceta1,,,,,,,,18.5,44.1,1,0,0,"Fallo en ambos sensores de humedad de suelo | Sin humedad de suelo valida, no se habilita riego automatico"
2026-05-12,18:37:20,maceta2,72,99,71,61,66,,,17.2,43.9,1,0,0,
2026-05-12,18:37:44,maceta1,,,,,,,,,,1,0,0,"Fallo en ambos sensores de humedad de suelo | Lectura invalida de DHT | Sin humedad de suelo valida, no se habilita riego automatico"
2026-05-12,18:37:44,maceta2,86,100,66,60,63,,,17.2,43.9,1,0,0,
2026-05-12,18:43:40,maceta1,,,,,,,,,,1,0,0,"Fallo en ambos sensores de humedad de suelo | Lectura invalida de DHT | Sin humedad de suelo valida, no se habilita riego automatico"
2026-05-12,18:43:40,maceta2,3,5,98,98,98,,,17.2,43.9,1,0,0,
2026-05-12,18:44:04,maceta1,,,,,,,,,,1,0,0,"Fallo en ambos sensores de humedad de suelo | Lectura invalida de DHT | Sin humedad de suelo valida, no se habilita riego automatico"
2026-05-12,18:44:04,maceta2,0,103,100,59,79,,,,,1,0,0,Lectura invalida de DHT
2026-05-12,18:44:28,maceta1,,,,,,,,,,1,0,0,"Fallo en ambos sensores de humedad de suelo | Lectura invalida de DHT | Sin humedad de suelo valida, no se habilita riego automatico"
2026-05-12,18:44:28,maceta2,0,1,100,99,99,,,,,1,0,0,Lectura invalida de DHT
2026-05-12,18:45:19,maceta1,,,,,,,,,,1,0,0,"Fallo en ambos sensores de humedad de suelo | Lectura invalida de DHT | Sin humedad de suelo valida, no se habilita riego automatico"
2026-05-12,18:45:19,maceta2,3,3,98,98,98,,,17.3,44.0,1,0,0,
2026-05-12,18:45:43,maceta1,,,,,,,,,,1,0,0,"Fallo en ambos sensores de humedad de suelo | Lectura invalida de DHT | Sin humedad de suelo valida, no se habilita riego automatico"
2026-05-12,18:45:43,maceta2,0,128,100,49,74,,,17.3,44.0,1,0,0,Discrepancia alta entre sensores de humedad: 100% vs 49%
2026-05-12,18:46:07,maceta1,,,,,,,,,,1,0,0,"Fallo en ambos sensores de humedad de suelo | Lectura invalida de DHT | Sin humedad de suelo valida, no se habilita riego automatico"
2026-05-12,18:46:07,maceta2,4,5,98,98,98,,,17.4,43.9,1,0,0,
2026-05-12,18:46:22,maceta1,,,,,,,,,,1,0,0,"Fallo en ambos sensores de humedad de suelo | Lectura invalida de DHT | Sin humedad de suelo valida, no se habilita riego automatico"
2026-05-12,18:46:22,maceta2,0,0,100,100,100,,,17.4,43.9,1,0,0,
2026-05-12,18:46:31,maceta1,,,,,,,,,,1,0,0,"Fallo en ambos sensores de humedad de suelo | Lectura invalida de DHT | Sin humedad de suelo valida, no se habilita riego automatico"
2026-05-12,18:46:31,maceta2,128,128,49,49,49,,,,,1,0,0,Lectura invalida de DHT
2026-05-12,18:46:40,maceta1,,,,,,,,,,1,0,0,"Fallo en ambos sensores de humedad de suelo | Lectura invalida de DHT | Sin humedad de suelo valida, no se habilita riego automatico"
2026-05-12,18:46:40,maceta2,0,0,100,100,100,,,17.4,43.9,1,0,0,
2026-05-12,18:46:49,maceta1,,,,,,,,,,1,0,0,"Fallo en ambos sensores de humedad de suelo | Lectura invalida de DHT | Sin humedad de suelo valida, no se habilita riego automatico"
2026-05-12,18:46:49,maceta2,0,0,100,100,100,,,17.4,44.0,1,0,0,
2026-05-12,18:46:58,maceta1,,,,,,,,,,1,0,0,"Fallo en ambos sensores de humedad de suelo | Lectura invalida de DHT | Sin humedad de suelo valida, no se habilita riego automatico"
2026-05-12,18:46:58,maceta2,0,0,100,100,100,,,17.4,44.0,1,0,0,
2026-05-12,18:47:07,maceta1,,,,,,,,,,1,0,0,"Fallo en ambos sensores de humedad de suelo | Lectura invalida de DHT | Sin humedad de suelo valida, no se habilita riego automatico"
2026-05-12,18:47:07,maceta2,0,0,100,100,100,,,17.4,43.9,1,0,0,
2026-05-12,18:47:16,maceta1,,,,,,,,,,1,0,0,"Fallo en ambos sensores de humedad de suelo | Lectura invalida de DHT | Sin humedad de suelo valida, no se habilita riego automatico"
2026-05-12,18:47:16,maceta2,128,128,49,49,49,,,,,1,0,0,Lectura invalida de DHT
2026-05-12,18:47:25,maceta1,,,,,,,,,,1,0,0,"Fallo en ambos sensores de humedad de suelo | Lectura invalida de DHT | Sin humedad de suelo valida, no se habilita riego automatico"
2026-05-12,18:47:25,maceta2,5,5,98,98,98,,,17.4,43.9,1,0,0,
2026-05-12,18:47:34,maceta1,,,,,,,,,,1,0,0,"Fallo en ambos sensores de humedad de suelo | Lectura invalida de DHT | Sin humedad de suelo valida, no se habilita riego automatico"
2026-05-12,18:47:34,maceta2,0,0,100,100,100,,,17.4,44.0,1,0,0,
2026-05-12,18:47:43,maceta1,,,,,,,,,,1,0,0,"Fallo en ambos sensores de humedad de suelo | Lectura invalida de DHT | Sin humedad de suelo valida, no se habilita riego automatico"
2026-05-12,18:47:43,maceta2,0,0,100,100,100,,,17.4,44.0,1,0,0,
2026-05-12,18:47:52,maceta1,,,,,,,,,,1,0,0,"Fallo en ambos sensores de humedad de suelo | Lectura invalida de DHT | Sin humedad de suelo valida, no se habilita riego automatico"
2026-05-12,18:47:52,maceta2,128,128,49,49,49,,,17.4,44.0,1,0,0,
2026-05-12,18:48:01,maceta1,,,,,,,,,,1,0,0,"Fallo en ambos sensores de humedad de suelo | Lectura invalida de DHT | Sin humedad de suelo valida, no se habilita riego automatico"
2026-05-12,18:48:01,maceta2,0,0,100,100,100,,,,,1,0,0,Lectura invalida de DHT
2026-05-12,18:48:10,maceta1,,,,,,,,,,1,0,0,"Fallo en ambos sensores de humedad de suelo | Lectura invalida de DHT | Sin humedad de suelo valida, no se habilita riego automatico"
2026-05-12,18:48:10,maceta2,0,0,100,100,100,,,17.4,44.0,1,0,0,
2026-05-12,18:48:19,maceta1,,,,,,,,,,1,0,0,"Fallo en ambos sensores de humedad de suelo | Lectura invalida de DHT | Sin humedad de suelo valida, no se habilita riego automatico"
2026-05-12,18:48:19,maceta2,0,0,100,100,100,,,17.4,44.0,1,0,0,
2026-05-12,18:48:28,maceta1,,,,,,,,,,1,0,0,"Fallo en ambos sensores de humedad de suelo | Lectura invalida de DHT | Sin humedad de suelo valida, no se habilita riego automatico"
2026-05-12,18:48:28,maceta2,0,0,100,100,100,,,17.4,44.0,1,0,0,
2026-05-12,18:48:37,maceta1,,,,,,,,,,1,0,0,"Fallo en ambos sensores de humedad de suelo | Lectura invalida de DHT | Sin humedad de suelo valida, no se habilita riego automatico"
2026-05-12,18:48:37,maceta2,128,128,49,49,49,,,,,1,0,0,Lectura invalida de DHT
2026-05-12,18:52:52,maceta1,,,,,,,,,,1,0,0,"Fallo en ambos sensores de humedad de suelo | Lectura invalida de DHT | Sin humedad de suelo valida, no se habilita riego automatico"
2026-05-12,18:52:52,maceta2,212,212,16,16,16,,,,,1,0,0,Lectura invalida de DHT
2026-05-12,18:53:05,maceta1,,,,,,,,,,1,0,0,"Fallo en ambos sensores de humedad de suelo | Lectura invalida de DHT | Sin humedad de suelo valida, no se habilita riego automatico"
2026-05-12,18:53:05,maceta2,212,212,16,16,16,,,17.4,44.0,1,0,0,
2026-05-12,18:53:14,maceta1,,,,,,,,,,1,0,0,"Fallo en ambos sensores de humedad de suelo | Lectura invalida de DHT | Sin humedad de suelo valida, no se habilita riego automatico"
2026-05-12,18:53:14,maceta2,128,128,49,49,49,,,17.4,44.0,1,0,0,
2026-05-12,18:53:23,maceta1,,,,,,,,,,1,0,0,"Fallo en ambos sensores de humedad de suelo | Lectura invalida de DHT | Sin humedad de suelo valida, no se habilita riego automatico"
2026-05-12,18:53:23,maceta2,212,211,16,17,16,,,17.4,44.1,1,0,0,
2026-05-12,18:53:32,maceta1,,,,,,,,,,1,0,0,"Fallo en ambos sensores de humedad de suelo | Lectura invalida de DHT | Sin humedad de suelo valida, no se habilita riego automatico"
2026-05-12,18:53:32,maceta2,213,212,16,16,16,,,17.4,44.0,1,0,0,
2026-05-12,18:53:42,maceta1,,,,,,,,,,1,0,0,"Fallo en ambos sensores de humedad de suelo | Lectura invalida de DHT | Sin humedad de suelo valida, no se habilita riego automatico"
2026-05-12,18:53:42,maceta2,212,212,16,16,16,,,17.4,44.0,1,0,0,
2026-05-12,18:53:51,maceta1,,,,,,,,,,1,0,0,"Fallo en ambos sensores de humedad de suelo | Lectura invalida de DHT | Sin humedad de suelo valida, no se habilita riego automatico"
2026-05-12,18:53:51,maceta2,212,212,16,16,16,,,17.4,44.1,1,0,0,
2026-05-12,18:54:00,maceta1,,,,,,,,,,1,0,0,"Fallo en ambos sensores de humedad de suelo | Lectura invalida de DHT | Sin humedad de suelo valida, no se habilita riego automatico"
2026-05-12,18:54:00,maceta2,128,128,49,49,49,,,17.4,44.1,1,0,0,
2026-05-12,18:54:14,maceta1,,,,,,,,,,1,0,0,"Fallo en ambos sensores de humedad de suelo | Lectura invalida de DHT | Sin humedad de suelo valida, no se habilita riego automatico"
2026-05-12,18:54:14,maceta2,211,213,17,16,16,,,,,1,0,0,Lectura invalida de DHT
2026-05-12,18:54:34,maceta1,,,,,,,,,,1,0,0,"Fallo en ambos sensores de humedad de suelo | Lectura invalida de DHT | Sin humedad de suelo valida, no se habilita riego automatico"
2026-05-12,18:54:34,maceta2,145,128,43,49,46,,,17.4,44.1,1,0,0,
2026-05-12,18:54:44,maceta1,,,,,,,,,,1,0,0,"Fallo en ambos sensores de humedad de suelo | Lectura invalida de DHT | Sin humedad de suelo valida, no se habilita riego automatico"
2026-05-12,18:54:44,maceta2,136,212,46,16,31,,,17.4,44.1,1,0,0,
2026-05-12,18:54:53,maceta1,,,,,,,,,,1,0,0,"Fallo en ambos sensores de humedad de suelo | Lectura invalida de DHT | Sin humedad de suelo valida, no se habilita riego automatico"
2026-05-12,18:54:53,maceta2,121,124,52,51,51,,,17.4,44.1,1,0,0,
2026-05-12,18:55:04,maceta1,,,,,,,,,,1,0,0,"Fallo en ambos sensores de humedad de suelo | Lectura invalida de DHT | Sin humedad de suelo valida, no se habilita riego automatico"
2026-05-12,18:55:04,maceta2,120,117,52,54,53,,,17.4,44.1,1,0,0,
2026-05-12,18:55:13,maceta1,,,,,,,,,,1,0,0,"Fallo en ambos sensores de humedad de suelo | Lectura invalida de DHT | Sin humedad de suelo valida, no se habilita riego automatico"
2026-05-12,18:55:13,maceta2,119,118,53,53,53,,,17.4,44.1,1,0,0,
2026-05-12,18:55:22,maceta1,,,,,,,,,,1,0,0,"Fallo en ambos sensores de humedad de suelo | Lectura invalida de DHT | Sin humedad de suelo valida, no se habilita riego automatico"
2026-05-12,18:55:22,maceta2,119,116,53,54,53,,,17.4,44.1,1,0,0,
2026-05-12,18:55:31,maceta1,,,,,,,,,,1,0,0,"Fallo en ambos sensores de humedad de suelo | Lectura invalida de DHT | Sin humedad de suelo valida, no se habilita riego automatico"
2026-05-12,18:55:31,maceta2,128,128,49,49,49,,,17.4,44.1,1,0,0,
2026-05-12,18:55:40,maceta1,,,,,,,,,,1,0,0,"Fallo en ambos sensores de humedad de suelo | Lectura invalida de DHT | Sin humedad de suelo valida, no se habilita riego automatico"
2026-05-12,18:55:40,maceta2,118,117,53,54,53,,,17.4,44.1,1,0,0,
2026-05-12,18:55:49,maceta1,,,,,,,,,,1,0,0,"Fallo en ambos sensores de humedad de suelo | Lectura invalida de DHT | Sin humedad de suelo valida, no se habilita riego automatico"
2026-05-12,18:55:49,maceta2,119,119,53,53,53,,,,,1,0,0,Lectura invalida de DHT
2026-05-12,18:56:07,maceta1,,,,,,,,,,1,0,0,"Fallo en ambos sensores de humedad de suelo | Lectura invalida de DHT | Sin humedad de suelo valida, no se habilita riego automatico"
2026-05-12,18:56:07,maceta2,118,117,53,54,53,,,17.4,44.1,1,0,0,
2026-05-12,18:56:16,maceta1,,,,,,,,,,1,0,0,"Fallo en ambos sensores de humedad de suelo | Lectura invalida de DHT | Sin humedad de suelo valida, no se habilita riego automatico"
2026-05-12,18:56:16,maceta2,119,117,53,54,53,,,17.4,44.0,1,0,0,
2026-05-12,18:56:25,maceta1,,,,,,,,,,1,0,0,"Fallo en ambos sensores de humedad de suelo | Lectura invalida de DHT | Sin humedad de suelo valida, no se habilita riego automatico"
2026-05-12,18:56:25,maceta2,118,117,53,54,53,,,17.4,44.0,1,0,0,
2026-05-12,18:56:34,maceta1,,,,,,,,,,1,0,0,"Fallo en ambos sensores de humedad de suelo | Lectura invalida de DHT | Sin humedad de suelo valida, no se habilita riego automatico"
2026-05-12,18:56:34,maceta2,118,117,53,54,53,,,17.5,44.0,1,0,0,
2026-05-12,18:56:43,maceta1,,,,,,,,,,1,0,0,"Fallo en ambos sensores de humedad de suelo | Lectura invalida de DHT | Sin humedad de suelo valida, no se habilita riego automatico"
2026-05-12,18:56:43,maceta2,118,117,53,54,53,,,,,1,0,0,Lectura invalida de DHT
2026-05-12,18:56:52,maceta1,,,,,,,,,,1,0,0,"Fallo en ambos sensores de humedad de suelo | Lectura invalida de DHT | Sin humedad de suelo valida, no se habilita riego automatico"
2026-05-12,18:56:52,maceta2,124,128,51,49,50,,,,,1,0,0,Lectura invalida de DHT
2026-05-12,18:57:01,maceta1,,,,,,,,,,1,0,0,"Fallo en ambos sensores de humedad de suelo | Lectura invalida de DHT | Sin humedad de suelo valida, no se habilita riego automatico"
2026-05-12,18:57:01,maceta2,118,117,53,54,53,,,17.5,43.9,1,0,0,
2026-05-12,18:57:10,maceta1,,,,,,,,,,1,0,0,"Fallo en ambos sensores de humedad de suelo | Lectura invalida de DHT | Sin humedad de suelo valida, no se habilita riego automatico"
2026-05-12,18:57:10,maceta2,118,117,53,54,53,,,17.5,43.9,1,0,0,
2026-05-12,18:57:19,maceta1,,,,,,,,,,1,0,0,"Fallo en ambos sensores de humedad de suelo | Lectura invalida de DHT | Sin humedad de suelo valida, no se habilita riego automatico"
2026-05-12,18:57:19,maceta2,117,117,54,54,54,,,17.5,43.9,1,0,0,
2026-05-12,18:57:28,maceta1,,,,,,,,,,1,0,0,"Fallo en ambos sensores de humedad de suelo | Lectura invalida de DHT | Sin humedad de suelo valida, no se habilita riego automatico"
2026-05-12,18:57:28,maceta2,118,117,53,54,53,,,,,1,0,0,Lectura invalida de DHT
2026-05-12,18:57:38,maceta1,,,,,,,,,,1,0,0,"Fallo en ambos sensores de humedad de suelo | Lectura invalida de DHT | Sin humedad de suelo valida, no se habilita riego automatico"
2026-05-12,18:57:38,maceta2,117,117,54,54,54,,,17.5,44.0,1,0,0,
2026-05-12,18:57:48,maceta1,,,,,,,,,,1,0,0,"Fallo en ambos sensores de humedad de suelo | Lectura invalida de DHT | Sin humedad de suelo valida, no se habilita riego automatico"
2026-05-12,18:57:48,maceta2,117,116,54,54,54,,,17.5,44.0,1,0,0,
2026-05-12,18:57:57,maceta1,,,,,,,,,,1,0,0,"Fallo en ambos sensores de humedad de suelo | Lectura invalida de DHT | Sin humedad de suelo valida, no se habilita riego automatico"
2026-05-12,18:57:57,maceta2,118,117,53,54,53,,,,,1,0,0,Lectura invalida de DHT
2026-05-12,18:58:06,maceta1,,,,,,,,,,1,0,0,"Fallo en ambos sensores de humedad de suelo | Lectura invalida de DHT | Sin humedad de suelo valida, no se habilita riego automatico"
2026-05-12,18:58:06,maceta2,117,117,54,54,54,,,,,1,0,0,Lectura invalida de DHT
2026-05-12,18:58:15,maceta1,,,,,,,,,,1,0,0,"Fallo en ambos sensores de humedad de suelo | Lectura invalida de DHT | Sin humedad de suelo valida, no se habilita riego automatico"
2026-05-12,18:58:15,maceta2,117,116,54,54,54,,,17.5,44.1,1,0,0,
2026-05-12,18:58:24,maceta1,,,,,,,,,,1,0,0,"Fallo en ambos sensores de humedad de suelo | Lectura invalida de DHT | Sin humedad de suelo valida, no se habilita riego automatico"
2026-05-12,18:58:24,maceta2,128,128,49,49,49,,,17.5,44.0,1,0,0,
2026-05-12,18:58:33,maceta1,,,,,,,,,,1,0,0,"Fallo en ambos sensores de humedad de suelo | Lectura invalida de DHT | Sin humedad de suelo valida, no se habilita riego automatico"
2026-05-12,18:58:33,maceta2,117,116,54,54,54,,,17.5,44.1,1,0,0,
2026-05-12,18:58:42,maceta1,,,,,,,,,,1,0,0,"Fallo en ambos sensores de humedad de suelo | Lectura invalida de DHT | Sin humedad de suelo valida, no se habilita riego automatico"
2026-05-12,18:58:42,maceta2,117,117,54,54,54,,,17.5,44.0,1,0,0,
2026-05-12,18:58:51,maceta1,,,,,,,,,,1,0,0,"Fallo en ambos sensores de humedad de suelo | Lectura invalida de DHT | Sin humedad de suelo valida, no se habilita riego automatico"
2026-05-12,18:58:51,maceta2,118,117,53,54,53,,,17.5,44.1,1,0,0,
2026-05-12,18:59:00,maceta1,,,,,,,,,,1,0,0,"Fallo en ambos sensores de humedad de suelo | Lectura invalida de DHT | Sin humedad de suelo valida, no se habilita riego automatico"
2026-05-12,18:59:00,maceta2,117,116,54,54,54,,,17.5,44.1,1,0,0,
2026-05-12,18:59:09,maceta1,,,,,,,,,,1,0,0,"Fallo en ambos sensores de humedad de suelo | Lectura invalida de DHT | Sin humedad de suelo valida, no se habilita riego automatico"
2026-05-12,18:59:09,maceta2,119,128,53,49,51,,,17.5,44.0,1,0,0,
2026-05-12,18:59:18,maceta1,,,,,,,,,,1,0,0,"Fallo en ambos sensores de humedad de suelo | Lectura invalida de DHT | Sin humedad de suelo valida, no se habilita riego automatico"
2026-05-12,18:59:18,maceta2,118,117,53,54,53,,,17.5,44.0,1,0,0,
2026-05-12,18:59:27,maceta1,,,,,,,,,,1,0,0,"Fallo en ambos sensores de humedad de suelo | Lectura invalida de DHT | Sin humedad de suelo valida, no se habilita riego automatico"
2026-05-12,18:59:27,maceta2,118,117,53,54,53,,,17.5,44.0,1,0,0,
2026-05-12,18:59:37,maceta1,,,,,,,,,,1,0,0,"Fallo en ambos sensores de humedad de suelo | Lectura invalida de DHT | Sin humedad de suelo valida, no se habilita riego automatico"
2026-05-12,18:59:37,maceta2,117,117,54,54,54,,,17.5,44.1,1,0,0,
2026-05-12,18:59:46,maceta1,,,,,,,,,,1,0,0,"Fallo en ambos sensores de humedad de suelo | Lectura invalida de DHT | Sin humedad de suelo valida, no se habilita riego automatico"
2026-05-12,18:59:46,maceta2,128,128,49,49,49,,,17.5,44.1,1,0,0,
2026-05-12,18:59:55,maceta1,,,,,,,,,,1,0,0,"Fallo en ambos sensores de humedad de suelo | Lectura invalida de DHT | Sin humedad de suelo valida, no se habilita riego automatico"
2026-05-12,18:59:55,maceta2,117,116,54,54,54,,,17.5,44.1,1,0,0,
2026-05-12,19:00:04,maceta1,,,,,,,,,,1,0,0,"Fallo en ambos sensores de humedad de suelo | Lectura invalida de DHT | Sin humedad de suelo valida, no se habilita riego automatico"
2026-05-12,19:00:04,maceta2,117,116,54,54,54,,,17.5,44.0,1,0,0,
2026-05-12,19:00:13,maceta1,,,,,,,,,,1,0,0,"Fallo en ambos sensores de humedad de suelo | Lectura invalida de DHT | Sin humedad de suelo valida, no se habilita riego automatico"
2026-05-12,19:00:13,maceta2,117,117,54,54,54,,,17.5,44.1,1,0,0,
2026-05-12,19:00:22,maceta1,,,,,,,,,,1,0,0,"Fallo en ambos sensores de humedad de suelo | Lectura invalida de DHT | Sin humedad de suelo valida, no se habilita riego automatico"
2026-05-12,19:00:22,maceta2,128,128,49,49,49,,,,,1,0,0,Lectura invalida de DHT
2026-05-12,19:00:32,maceta1,,,,,,,,,,1,0,0,"Fallo en ambos sensores de humedad de suelo | Lectura invalida de DHT | Sin humedad de suelo valida, no se habilita riego automatico"
2026-05-12,19:00:32,maceta2,116,116,54,54,54,,,17.5,44.1,1,0,0,
2026-05-12,19:00:41,maceta1,,,,,,,,,,1,0,0,"Fallo en ambos sensores de humedad de suelo | Lectura invalida de DHT | Sin humedad de suelo valida, no se habilita riego automatico"
2026-05-12,19:00:41,maceta2,117,117,54,54,54,,,,,1,0,0,Lectura invalida de DHT
2026-05-12,19:00:50,maceta1,,,,,,,,,,1,0,0,"Fallo en ambos sensores de humedad de suelo | Lectura invalida de DHT | Sin humedad de suelo valida, no se habilita riego automatico"
2026-05-12,19:00:50,maceta2,117,116,54,54,54,,,17.5,44.1,1,0,0,
2026-05-12,19:00:59,maceta1,,,,,,,,,,1,0,0,"Fallo en ambos sensores de humedad de suelo | Lectura invalida de DHT | Sin humedad de suelo valida, no se habilita riego automatico"
2026-05-12,19:00:59,maceta2,117,118,54,53,53,,,17.5,44.0,1,0,0,
2026-05-12,19:01:08,maceta1,,,,,,,,,,1,0,0,"Fallo en ambos sensores de humedad de suelo | Lectura invalida de DHT | Sin humedad de suelo valida, no se habilita riego automatico"
2026-05-12,19:01:08,maceta2,162,133,36,47,41,,,,,1,0,0,Lectura invalida de DHT
2026-05-12,19:01:18,maceta1,,,,,,,,,,1,0,0,"Fallo en ambos sensores de humedad de suelo | Lectura invalida de DHT | Sin humedad de suelo valida, no se habilita riego automatico"
2026-05-12,19:01:18,maceta2,128,128,49,49,49,,,17.5,44.0,1,0,0,
2026-05-12,19:01:27,maceta1,,,,,,,,,,1,0,0,"Fallo en ambos sensores de humedad de suelo | Lectura invalida de DHT | Sin humedad de suelo valida, no se habilita riego automatico"
2026-05-12,19:01:27,maceta2,166,189,34,25,29,,,,,1,0,0,Lectura invalida de DHT
2026-05-12,19:01:36,maceta1,,,,,,,,,,1,0,0,"Fallo en ambos sensores de humedad de suelo | Lectura invalida de DHT | Sin humedad de suelo valida, no se habilita riego automatico"
2026-05-12,19:01:36,maceta2,166,190,34,25,29,,,17.5,44.0,1,0,0,
2026-05-12,19:01:45,maceta1,,,,,,,,,,1,0,0,"Fallo en ambos sensores de humedad de suelo | Lectura invalida de DHT | Sin humedad de suelo valida, no se habilita riego automatico"
2026-05-12,19:01:45,maceta2,145,190,43,25,34,,,17.5,44.0,1,0,0,
2026-05-12,19:01:54,maceta1,,,,,,,,,,1,0,0,"Fallo en ambos sensores de humedad de suelo | Lectura invalida de DHT | Sin humedad de suelo valida, no se habilita riego automatico"
2026-05-12,19:01:54,maceta2,212,190,16,25,20,,,17.5,44.0,1,0,0,
2026-05-12,19:02:03,maceta1,,,,,,,,,,1,0,0,"Fallo en ambos sensores de humedad de suelo | Lectura invalida de DHT | Sin humedad de suelo valida, no se habilita riego automatico"
2026-05-12,19:02:03,maceta2,128,128,49,49,49,,,17.5,44.1,1,0,0,
2026-05-12,19:02:13,maceta1,,,,,,,,,,1,0,0,"Fallo en ambos sensores de humedad de suelo | Lectura invalida de DHT | Sin humedad de suelo valida, no se habilita riego automatico"
2026-05-12,19:02:13,maceta2,213,191,16,25,20,,,,,1,0,0,Lectura invalida de DHT
2026-05-12,19:02:22,maceta1,,,,,,,,,,1,0,0,"Fallo en ambos sensores de humedad de suelo | Lectura invalida de DHT | Sin humedad de suelo valida, no se habilita riego automatico"
2026-05-12,19:02:22,maceta2,213,183,16,28,22,,,,,1,0,0,Lectura invalida de DHT
2026-05-12,19:02:31,maceta1,,,,,,,,,,1,0,0,"Fallo en ambos sensores de humedad de suelo | Lectura invalida de DHT | Sin humedad de suelo valida, no se habilita riego automatico"
2026-05-12,19:02:31,maceta2,213,213,16,16,16,,,17.5,44.0,1,0,0,
2026-05-12,19:02:40,maceta1,,,,,,,,,,1,0,0,"Fallo en ambos sensores de humedad de suelo | Lectura invalida de DHT | Sin humedad de suelo valida, no se habilita riego automatico"
2026-05-12,19:02:40,maceta2,213,213,16,16,16,,,,,1,0,0,Lectura invalida de DHT
2026-05-12,19:02:49,maceta1,,,,,,,,,,1,0,0,"Fallo en ambos sensores de humedad de suelo | Lectura invalida de DHT | Sin humedad de suelo valida, no se habilita riego automatico"
2026-05-12,19:02:49,maceta2,145,128,43,49,46,,,17.5,44.0,1,0,0,
2026-05-12,19:02:58,maceta1,,,,,,,,,,1,0,0,"Fallo en ambos sensores de humedad de suelo | Lectura invalida de DHT | Sin humedad de suelo valida, no se habilita riego automatico"
2026-05-12,19:02:58,maceta2,213,213,16,16,16,,,,,1,0,0,Lectura invalida de DHT
2026-05-12,19:03:07,maceta1,,,,,,,,,,1,0,0,"Fallo en ambos sensores de humedad de suelo | Lectura invalida de DHT | Sin humedad de suelo valida, no se habilita riego automatico"
2026-05-12,19:03:07,maceta2,213,213,16,16,16,,,,,1,0,0,Lectura invalida de DHT
2026-05-12,19:03:16,maceta1,,,,,,,,,,1,0,0,"Fallo en ambos sensores de humedad de suelo | Lectura invalida de DHT | Sin humedad de suelo valida, no se habilita riego automatico"
2026-05-12,19:03:16,maceta2,213,213,16,16,16,,,17.5,44.0,1,0,0,
2026-05-12,19:03:25,maceta1,,,,,,,,,,1,0,0,"Fallo en ambos sensores de humedad de suelo | Lectura invalida de DHT | Sin humedad de suelo valida, no se habilita riego automatico"
2026-05-12,19:03:25,maceta2,128,128,49,49,49,,,17.5,44.0,1,0,0,
2026-05-12,19:03:34,maceta1,,,,,,,,,,1,0,0,"Fallo en ambos sensores de humedad de suelo | Lectura invalida de DHT | Sin humedad de suelo valida, no se habilita riego automatico"
2026-05-12,19:03:34,maceta2,213,213,16,16,16,,,17.5,44.0,1,0,0,
2026-05-12,19:03:43,maceta1,,,,,,,,,,1,0,0,"Fallo en ambos sensores de humedad de suelo | Lectura invalida de DHT | Sin humedad de suelo valida, no se habilita riego automatico"
2026-05-12,19:03:43,maceta2,213,213,16,16,16,,,17.5,44.1,1,0,0,
2026-05-12,19:03:52,maceta1,,,,,,,,,,1,0,0,"Fallo en ambos sensores de humedad de suelo | Lectura invalida de DHT | Sin humedad de suelo valida, no se habilita riego automatico"
2026-05-12,19:03:52,maceta2,212,213,16,16,16,,,17.5,44.0,1,0,0,
2026-05-12,19:04:01,maceta1,,,,,,,,,,1,0,0,"Fallo en ambos sensores de humedad de suelo | Lectura invalida de DHT | Sin humedad de suelo valida, no se habilita riego automatico"
2026-05-12,19:04:01,maceta2,182,212,28,16,22,,,17.5,44.1,1,0,0,
2026-05-12,19:04:10,maceta1,,,,,,,,,,1,0,0,"Fallo en ambos sensores de humedad de suelo | Lectura invalida de DHT | Sin humedad de suelo valida, no se habilita riego automatico"
2026-05-12,19:04:10,maceta2,128,128,49,49,49,,,,,1,0,0,Lectura invalida de DHT
2026-05-12,19:04:19,maceta1,,,,,,,,,,1,0,0,"Fallo en ambos sensores de humedad de suelo | Lectura invalida de DHT | Sin humedad de suelo valida, no se habilita riego automatico"
2026-05-12,19:04:19,maceta2,168,171,34,32,33,,,17.5,44.0,1,0,0,
2026-05-12,19:04:28,maceta1,,,,,,,,,,1,0,0,"Fallo en ambos sensores de humedad de suelo | Lectura invalida de DHT | Sin humedad de suelo valida, no se habilita riego automatico"
2026-05-12,19:04:28,maceta2,167,171,34,32,33,,,17.5,44.1,1,0,0,
2026-05-12,19:04:38,maceta1,,,,,,,,,,1,0,0,"Fallo en ambos sensores de humedad de suelo | Lectura invalida de DHT | Sin humedad de suelo valida, no se habilita riego automatico"
2026-05-12,19:04:38,maceta2,167,170,34,33,33,,,17.5,44.0,1,0,0,
2026-05-12,19:04:47,maceta1,,,,,,,,,,1,0,0,"Fallo en ambos sensores de humedad de suelo | Lectura invalida de DHT | Sin humedad de suelo valida, no se habilita riego automatico"
2026-05-12,19:04:47,maceta2,167,170,34,33,33,,,17.5,44.1,1,0,0,
2026-05-12,19:04:56,maceta1,,,,,,,,,,1,0,0,"Fallo en ambos sensores de humedad de suelo | Lectura invalida de DHT | Sin humedad de suelo valida, no se habilita riego automatico"
2026-05-12,19:04:56,maceta2,128,128,49,49,49,,,17.5,44.1,1,0,0,
2026-05-12,19:05:05,maceta1,,,,,,,,,,1,0,0,"Fallo en ambos sensores de humedad de suelo | Lectura invalida de DHT | Sin humedad de suelo valida, no se habilita riego automatico"
2026-05-12,19:05:05,maceta2,166,170,34,33,33,,,,,1,0,0,Lectura invalida de DHT
2026-05-12,19:05:14,maceta1,,,,,,,,,,1,0,0,"Fallo en ambos sensores de humedad de suelo | Lectura invalida de DHT | Sin humedad de suelo valida, no se habilita riego automatico"
2026-05-12,19:05:14,maceta2,166,171,34,32,33,,,17.5,44.1,1,0,0,
2026-05-12,19:05:23,maceta1,,,,,,,,,,1,0,0,"Fallo en ambos sensores de humedad de suelo | Lectura invalida de DHT | Sin humedad de suelo valida, no se habilita riego automatico"
2026-05-12,19:05:23,maceta2,166,171,34,32,33,,,17.5,44.1,1,0,0,
2026-05-12,19:05:32,maceta1,,,,,,,,,,1,0,0,"Fallo en ambos sensores de humedad de suelo | Lectura invalida de DHT | Sin humedad de suelo valida, no se habilita riego automatico"
2026-05-12,19:05:32,maceta2,166,171,34,32,33,,,17.5,44.1,1,0,0,
2026-05-12,19:05:41,maceta1,,,,,,,,,,1,0,0,"Fallo en ambos sensores de humedad de suelo | Lectura invalida de DHT | Sin humedad de suelo valida, no se habilita riego automatico"
2026-05-12,19:05:41,maceta2,128,145,49,43,46,,,17.5,44.1,1,0,0,
2026-05-12,19:05:51,maceta1,,,,,,,,,,1,0,0,"Fallo en ambos sensores de humedad de suelo | Lectura invalida de DHT | Sin humedad de suelo valida, no se habilita riego automatico"
2026-05-12,19:05:51,maceta2,165,170,35,33,34,,,17.5,44.1,1,0,0,
2026-05-12,19:06:00,maceta1,,,,,,,,,,1,0,0,"Fallo en ambos sensores de humedad de suelo | Lectura invalida de DHT | Sin humedad de suelo valida, no se habilita riego automatico"
2026-05-12,19:06:00,maceta2,165,170,35,33,34,,,17.5,44.1,1,0,0,
2026-05-12,19:06:09,maceta1,,,,,,,,,,1,0,0,"Fallo en ambos sensores de humedad de suelo | Lectura invalida de DHT | Sin humedad de suelo valida, no se habilita riego automatico"
2026-05-12,19:06:09,maceta2,165,170,35,33,34,,,17.5,44.1,1,0,0,
2026-05-12,19:06:18,maceta1,,,,,,,,,,1,0,0,"Fallo en ambos sensores de humedad de suelo | Lectura invalida de DHT | Sin humedad de suelo valida, no se habilita riego automatico"
2026-05-12,19:06:18,maceta2,165,170,35,33,34,,,17.5,44.0,1,0,0,
2026-05-12,19:06:27,maceta1,,,,,,,,,,1,0,0,"Fallo en ambos sensores de humedad de suelo | Lectura invalida de DHT | Sin humedad de suelo valida, no se habilita riego automatico"
2026-05-12,19:06:27,maceta2,143,136,43,46,44,,,17.5,44.0,1,0,0,
2026-05-12,19:06:36,maceta1,,,,,,,,,,1,0,0,"Fallo en ambos sensores de humedad de suelo | Lectura invalida de DHT | Sin humedad de suelo valida, no se habilita riego automatico"
2026-05-12,19:06:36,maceta2,165,170,35,33,34,,,17.5,44.0,1,0,0,
2026-05-12,19:06:45,maceta1,,,,,,,,,,1,0,0,"Fallo en ambos sensores de humedad de suelo | Lectura invalida de DHT | Sin humedad de suelo valida, no se habilita riego automatico"
2026-05-12,19:06:45,maceta2,165,170,35,33,34,,,,,1,0,0,Lectura invalida de DHT
2026-05-12,19:06:54,maceta1,,,,,,,,,,1,0,0,"Fallo en ambos sensores de humedad de suelo | Lectura invalida de DHT | Sin humedad de suelo valida, no se habilita riego automatico"
2026-05-12,19:06:54,maceta2,165,170,35,33,34,,,17.5,44.1,1,0,0,
2026-05-12,19:07:04,maceta1,,,,,,,,,,1,0,0,"Fallo en ambos sensores de humedad de suelo | Lectura invalida de DHT | Sin humedad de suelo valida, no se habilita riego automatico"
2026-05-12,19:07:04,maceta2,128,128,49,49,49,,,,,1,0,0,Lectura invalida de DHT
2026-05-12,19:07:13,maceta1,,,,,,,,,,1,0,0,"Fallo en ambos sensores de humedad de suelo | Lectura invalida de DHT | Sin humedad de suelo valida, no se habilita riego automatico"
2026-05-12,19:07:13,maceta2,165,170,35,33,34,,,17.5,44.0,1,0,0,
2026-05-12,19:07:22,maceta1,,,,,,,,,,1,0,0,"Fallo en ambos sensores de humedad de suelo | Lectura invalida de DHT | Sin humedad de suelo valida, no se habilita riego automatico"
2026-05-12,19:07:22,maceta2,165,170,35,33,34,,,,,1,0,0,Lectura invalida de DHT
2026-05-12,19:07:31,maceta1,,,,,,,,,,1,0,0,"Fallo en ambos sensores de humedad de suelo | Lectura invalida de DHT | Sin humedad de suelo valida, no se habilita riego automatico"
2026-05-12,19:07:31,maceta2,165,170,35,33,34,,,17.5,44.1,1,0,0,
2026-05-12,19:07:40,maceta1,,,,,,,,,,1,0,0,"Fallo en ambos sensores de humedad de suelo | Lectura invalida de DHT | Sin humedad de suelo valida, no se habilita riego automatico"
2026-05-12,19:07:40,maceta2,165,170,35,33,34,,,,,1,0,0,Lectura invalida de DHT
2026-05-12,19:07:49,maceta1,,,,,,,,,,1,0,0,"Fallo en ambos sensores de humedad de suelo | Lectura invalida de DHT | Sin humedad de suelo valida, no se habilita riego automatico"
2026-05-12,19:07:49,maceta2,128,128,49,49,49,,,,,1,0,0,Lectura invalida de DHT
2026-05-12,19:07:58,maceta1,,,,,,,,,,1,0,0,"Fallo en ambos sensores de humedad de suelo | Lectura invalida de DHT | Sin humedad de suelo valida, no se habilita riego automatico"
2026-05-12,19:07:58,maceta2,165,170,35,33,34,,,17.5,44.1,1,0,0,
2026-05-12,19:08:07,maceta1,,,,,,,,,,1,0,0,"Fallo en ambos sensores de humedad de suelo | Lectura invalida de DHT | Sin humedad de suelo valida, no se habilita riego automatico"
2026-05-12,19:08:07,maceta2,164,170,35,33,34,,,17.5,44.1,1,0,0,
2026-05-12,19:08:16,maceta1,,,,,,,,,,1,0,0,"Fallo en ambos sensores de humedad de suelo | Lectura invalida de DHT | Sin humedad de suelo valida, no se habilita riego automatico"
2026-05-12,19:08:16,maceta2,165,170,35,33,34,,,17.5,44.1,1,0,0,
2026-05-12,19:08:25,maceta1,,,,,,,,,,1,0,0,"Fallo en ambos sensores de humedad de suelo | Lectura invalida de DHT | Sin humedad de suelo valida, no se habilita riego automatico"
2026-05-12,19:08:25,maceta2,165,170,35,33,34,,,17.5,44.1,1,0,0,
2026-05-12,19:08:34,maceta1,,,,,,,,,,1,0,0,"Fallo en ambos sensores de humedad de suelo | Lectura invalida de DHT | Sin humedad de suelo valida, no se habilita riego automatico"
2026-05-12,19:08:34,maceta2,128,128,49,49,49,,,,,1,0,0,Lectura invalida de DHT
2026-05-12,19:08:44,maceta1,,,,,,,,,,1,0,0,"Fallo en ambos sensores de humedad de suelo | Lectura invalida de DHT | Sin humedad de suelo valida, no se habilita riego automatico"
2026-05-12,19:08:44,maceta2,164,170,35,33,34,,,17.5,44.2,1,0,0,
2026-05-12,19:08:53,maceta1,,,,,,,,,,1,0,0,"Fallo en ambos sensores de humedad de suelo | Lectura invalida de DHT | Sin humedad de suelo valida, no se habilita riego automatico"
2026-05-12,19:08:53,maceta2,164,170,35,33,34,,,17.5,44.2,1,0,0,
2026-05-12,19:09:02,maceta1,,,,,,,,,,1,0,0,"Fallo en ambos sensores de humedad de suelo | Lectura invalida de DHT | Sin humedad de suelo valida, no se habilita riego automatico"
2026-05-12,19:09:02,maceta2,164,169,35,33,34,,,17.5,44.2,1,0,0,
2026-05-12,19:09:11,maceta1,,,,,,,,,,1,0,0,"Fallo en ambos sensores de humedad de suelo | Lectura invalida de DHT | Sin humedad de suelo valida, no se habilita riego automatico"
2026-05-12,19:09:11,maceta2,164,170,35,33,34,,,17.5,44.2,1,0,0,
2026-05-12,19:09:21,maceta1,,,,,,,,,,1,0,0,"Fallo en ambos sensores de humedad de suelo | Lectura invalida de DHT | Sin humedad de suelo valida, no se habilita riego automatico"
2026-05-12,19:09:21,maceta2,164,170,35,33,34,,,17.5,44.2,1,0,0,
2026-05-12,19:09:30,maceta1,,,,,,,,,,1,0,0,"Fallo en ambos sensores de humedad de suelo | Lectura invalida de DHT | Sin humedad de suelo valida, no se habilita riego automatico"
2026-05-12,19:09:30,maceta2,164,170,35,33,34,,,17.5,44.2,1,0,0,
2026-05-12,19:09:39,maceta1,,,,,,,,,,1,0,0,"Fallo en ambos sensores de humedad de suelo | Lectura invalida de DHT | Sin humedad de suelo valida, no se habilita riego automatico"
2026-05-12,19:09:39,maceta2,164,170,35,33,34,,,17.5,44.2,1,0,0,
2026-05-12,19:09:48,maceta1,,,,,,,,,,1,0,0,"Fallo en ambos sensores de humedad de suelo | Lectura invalida de DHT | Sin humedad de suelo valida, no se habilita riego automatico"
2026-05-12,19:09:48,maceta2,164,170,35,33,34,,,17.5,44.2,1,0,0,
2026-05-12,19:09:58,maceta1,,,,,,,,,,1,0,0,"Fallo en ambos sensores de humedad de suelo | Lectura invalida de DHT | Sin humedad de suelo valida, no se habilita riego automatico"
2026-05-12,19:09:58,maceta2,164,170,35,33,34,,,17.5,44.2,1,0,0,
2026-05-12,19:10:07,maceta1,,,,,,,,,,1,0,0,"Fallo en ambos sensores de humedad de suelo | Lectura invalida de DHT | Sin humedad de suelo valida, no se habilita riego automatico"
2026-05-12,19:10:07,maceta2,128,128,49,49,49,,,,,1,0,0,Lectura invalida de DHT
2026-05-12,19:10:16,maceta1,,,,,,,,,,1,0,0,"Fallo en ambos sensores de humedad de suelo | Lectura invalida de DHT | Sin humedad de suelo valida, no se habilita riego automatico"
2026-05-12,19:10:16,maceta2,164,169,35,33,34,,,17.5,44.2,1,0,0,
2026-05-12,19:10:25,maceta1,,,,,,,,,,1,0,0,"Fallo en ambos sensores de humedad de suelo | Lectura invalida de DHT | Sin humedad de suelo valida, no se habilita riego automatico"
2026-05-12,19:10:25,maceta2,164,170,35,33,34,,,17.5,44.2,1,0,0,
2026-05-12,19:10:34,maceta1,,,,,,,,,,1,0,0,"Fallo en ambos sensores de humedad de suelo | Lectura invalida de DHT | Sin humedad de suelo valida, no se habilita riego automatico"
2026-05-12,19:10:34,maceta2,135,169,47,33,40,,,17.5,44.2,1,0,0,
2026-05-12,19:10:44,maceta1,,,,,,,,,,1,0,0,"Fallo en ambos sensores de humedad de suelo | Lectura invalida de DHT | Sin humedad de suelo valida, no se habilita riego automatico"
2026-05-12,19:10:44,maceta2,164,169,35,33,34,,,17.5,44.2,1,0,0,
2026-05-12,19:10:54,maceta1,,,,,,,,,,1,0,0,"Fallo en ambos sensores de humedad de suelo | Lectura invalida de DHT | Sin humedad de suelo valida, no se habilita riego automatico"
2026-05-12,19:10:54,maceta2,128,169,49,33,41,,,,,1,0,0,Lectura invalida de DHT
2026-05-12,19:11:03,maceta1,,,,,,,,,,1,0,0,"Fallo en ambos sensores de humedad de suelo | Lectura invalida de DHT | Sin humedad de suelo valida, no se habilita riego automatico"
2026-05-12,19:11:03,maceta2,164,169,35,33,34,,,,,1,0,0,Lectura invalida de DHT
2026-05-12,19:11:13,maceta1,,,,,,,,,,1,0,0,"Fallo en ambos sensores de humedad de suelo | Lectura invalida de DHT | Sin humedad de suelo valida, no se habilita riego automatico"
2026-05-12,19:11:13,maceta2,164,169,35,33,34,,,17.5,44.2,1,0,0,
2026-05-12,19:11:22,maceta1,,,,,,,,,,1,0,0,"Fallo en ambos sensores de humedad de suelo | Lectura invalida de DHT | Sin humedad de suelo valida, no se habilita riego automatico"
2026-05-12,19:11:22,maceta2,164,169,35,33,34,,,17.5,44.1,1,0,0,
2026-05-12,19:11:31,maceta1,,,,,,,,,,1,0,0,"Fallo en ambos sensores de humedad de suelo | Lectura invalida de DHT | Sin humedad de suelo valida, no se habilita riego automatico"
2026-05-12,19:11:31,maceta2,164,169,35,33,34,,,17.5,44.1,1,0,0,
2026-05-12,19:11:40,maceta1,,,,,,,,,,1,0,0,"Fallo en ambos sensores de humedad de suelo | Lectura invalida de DHT | Sin humedad de suelo valida, no se habilita riego automatico"
2026-05-12,19:11:40,maceta2,128,128,49,49,49,,,17.5,44.1,1,0,0,
2026-05-12,19:11:49,maceta1,,,,,,,,,,1,0,0,"Fallo en ambos sensores de humedad de suelo | Lectura invalida de DHT | Sin humedad de suelo valida, no se habilita riego automatico"
2026-05-12,19:11:49,maceta2,164,169,35,33,34,,,,,1,0,0,Lectura invalida de DHT
2026-05-12,19:11:59,maceta1,,,,,,,,,,1,0,0,"Fallo en ambos sensores de humedad de suelo | Lectura invalida de DHT | Sin humedad de suelo valida, no se habilita riego automatico"
2026-05-12,19:11:59,maceta2,164,169,35,33,34,,,,,1,0,0,Lectura invalida de DHT
2026-05-12,19:12:08,maceta1,,,,,,,,,,1,0,0,"Fallo en ambos sensores de humedad de suelo | Lectura invalida de DHT | Sin humedad de suelo valida, no se habilita riego automatico"
2026-05-12,19:12:08,maceta2,164,169,35,33,34,,,17.5,44.1,1,0,0,
2026-05-12,19:12:17,maceta1,,,,,,,,,,1,0,0,"Fallo en ambos sensores de humedad de suelo | Lectura invalida de DHT | Sin humedad de suelo valida, no se habilita riego automatico"
2026-05-12,19:12:17,maceta2,164,169,35,33,34,,,,,1,0,0,Lectura invalida de DHT
2026-05-12,19:12:26,maceta1,,,,,,,,,,1,0,0,"Fallo en ambos sensores de humedad de suelo | Lectura invalida de DHT | Sin humedad de suelo valida, no se habilita riego automatico"
2026-05-12,19:12:26,maceta2,128,128,49,49,49,,,,,1,0,0,Lectura invalida de DHT
2026-05-12,19:12:35,maceta1,,,,,,,,,,1,0,0,"Fallo en ambos sensores de humedad de suelo | Lectura invalida de DHT | Sin humedad de suelo valida, no se habilita riego automatico"
2026-05-12,19:12:35,maceta2,163,169,36,33,34,,,,,1,0,0,Lectura invalida de DHT
2026-05-12,19:12:44,maceta1,,,,,,,,,,1,0,0,"Fallo en ambos sensores de humedad de suelo | Lectura invalida de DHT | Sin humedad de suelo valida, no se habilita riego automatico"
2026-05-12,19:12:44,maceta2,164,169,35,33,34,,,,,1,0,0,Lectura invalida de DHT
2026-05-12,19:12:53,maceta1,,,,,,,,,,1,0,0,"Fallo en ambos sensores de humedad de suelo | Lectura invalida de DHT | Sin humedad de suelo valida, no se habilita riego automatico"
2026-05-12,19:12:53,maceta2,164,169,35,33,34,,,17.5,44.2,1,0,0,
2026-05-12,19:13:03,maceta1,,,,,,,,,,1,0,0,"Fallo en ambos sensores de humedad de suelo | Lectura invalida de DHT | Sin humedad de suelo valida, no se habilita riego automatico"
2026-05-12,19:13:03,maceta2,164,169,35,33,34,,,,,1,0,0,Lectura invalida de DHT
2026-05-12,19:13:12,maceta1,,,,,,,,,,1,0,0,"Fallo en ambos sensores de humedad de suelo | Lectura invalida de DHT | Sin humedad de suelo valida, no se habilita riego automatico"
2026-05-12,19:13:12,maceta2,128,128,49,49,49,,,,,1,0,0,Lectura invalida de DHT
2026-05-12,19:13:21,maceta1,,,,,,,,,,1,0,0,"Fallo en ambos sensores de humedad de suelo | Lectura invalida de DHT | Sin humedad de suelo valida, no se habilita riego automatico"
2026-05-12,19:13:21,maceta2,163,169,36,33,34,,,17.5,44.2,1,0,0,
2026-05-12,19:13:31,maceta1,,,,,,,,,,1,0,0,"Fallo en ambos sensores de humedad de suelo | Lectura invalida de DHT | Sin humedad de suelo valida, no se habilita riego automatico"
2026-05-12,19:13:31,maceta2,163,169,36,33,34,,,17.5,44.2,1,0,0,
2026-05-12,19:13:40,maceta1,,,,,,,,,,1,0,0,"Fallo en ambos sensores de humedad de suelo | Lectura invalida de DHT | Sin humedad de suelo valida, no se habilita riego automatico"
2026-05-12,19:13:40,maceta2,163,169,36,33,34,,,17.5,44.2,1,0,0,
2026-05-12,19:13:49,maceta1,,,,,,,,,,1,0,0,"Fallo en ambos sensores de humedad de suelo | Lectura invalida de DHT | Sin humedad de suelo valida, no se habilita riego automatico"
2026-05-12,19:13:49,maceta2,164,169,35,33,34,,,,,1,0,0,Lectura invalida de DHT
2026-05-12,19:13:58,maceta1,,,,,,,,,,1,0,0,"Fallo en ambos sensores de humedad de suelo | Lectura invalida de DHT | Sin humedad de suelo valida, no se habilita riego automatico"
2026-05-12,19:13:58,maceta2,128,128,49,49,49,,,,,1,0,0,Lectura invalida de DHT
2026-05-12,19:14:08,maceta1,,,,,,,,,,1,0,0,"Fallo en ambos sensores de humedad de suelo | Lectura invalida de DHT | Sin humedad de suelo valida, no se habilita riego automatico"
2026-05-12,19:14:08,maceta2,163,169,36,33,34,,,17.5,44.2,1,0,0,
2026-05-12,19:14:17,maceta1,,,,,,,,,,1,0,0,"Fallo en ambos sensores de humedad de suelo | Lectura invalida de DHT | Sin humedad de suelo valida, no se habilita riego automatico"
2026-05-12,19:14:17,maceta2,163,169,36,33,34,,,17.5,44.2,1,0,0,
2026-05-12,19:14:26,maceta1,,,,,,,,,,1,0,0,"Fallo en ambos sensores de humedad de suelo | Lectura invalida de DHT | Sin humedad de suelo valida, no se habilita riego automatico"
2026-05-12,19:14:26,maceta2,163,169,36,33,34,,,17.5,44.2,1,0,0,
2026-05-12,19:14:36,maceta1,,,,,,,,,,1,0,0,"Fallo en ambos sensores de humedad de suelo | Lectura invalida de DHT | Sin humedad de suelo valida, no se habilita riego automatico"
2026-05-12,19:14:36,maceta2,128,128,49,49,49,,,,,1,0,0,Lectura invalida de DHT
2026-05-12,19:14:45,maceta1,,,,,,,,,,1,0,0,"Fallo en ambos sensores de humedad de suelo | Lectura invalida de DHT | Sin humedad de suelo valida, no se habilita riego automatico"
2026-05-12,19:14:45,maceta2,163,169,36,33,34,,,,,1,0,0,Lectura invalida de DHT
2026-05-12,19:14:54,maceta1,,,,,,,,,,1,0,0,"Fallo en ambos sensores de humedad de suelo | Lectura invalida de DHT | Sin humedad de suelo valida, no se habilita riego automatico"
2026-05-12,19:14:54,maceta2,128,136,49,46,47,,,,,1,0,0,Lectura invalida de DHT
2026-05-12,19:15:03,maceta1,,,,,,,,,,1,0,0,"Fallo en ambos sensores de humedad de suelo | Lectura invalida de DHT | Sin humedad de suelo valida, no se habilita riego automatico"
2026-05-12,19:15:03,maceta2,163,169,36,33,34,,,17.5,44.2,1,0,0,
2026-05-12,19:15:12,maceta1,,,,,,,,,,1,0,0,"Fallo en ambos sensores de humedad de suelo | Lectura invalida de DHT | Sin humedad de suelo valida, no se habilita riego automatico"
2026-05-12,19:15:12,maceta2,163,169,36,33,34,,,17.5,44.2,1,0,0,
2026-05-12,19:15:21,maceta1,,,,,,,,,,1,0,0,"Fallo en ambos sensores de humedad de suelo | Lectura invalida de DHT | Sin humedad de suelo valida, no se habilita riego automatico"
2026-05-12,19:15:21,maceta2,163,169,36,33,34,,,17.5,44.2,1,0,0,
2026-05-12,19:15:30,maceta1,,,,,,,,,,1,0,0,"Fallo en ambos sensores de humedad de suelo | Lectura invalida de DHT | Sin humedad de suelo valida, no se habilita riego automatico"
2026-05-12,19:15:30,maceta2,128,128,49,49,49,,,,,1,0,0,Lectura invalida de DHT
2026-05-12,19:15:40,maceta1,,,,,,,,,,1,0,0,"Fallo en ambos sensores de humedad de suelo | Lectura invalida de DHT | Sin humedad de suelo valida, no se habilita riego automatico"
2026-05-12,19:15:40,maceta2,163,169,36,33,34,,,,,1,0,0,Lectura invalida de DHT
2026-05-12,19:15:49,maceta1,,,,,,,,,,1,0,0,"Fallo en ambos sensores de humedad de suelo | Lectura invalida de DHT | Sin humedad de suelo valida, no se habilita riego automatico"
2026-05-12,19:15:49,maceta2,163,169,36,33,34,,,17.5,44.2,1,0,0,
2026-05-12,19:15:59,maceta1,,,,,,,,,,1,0,0,"Fallo en ambos sensores de humedad de suelo | Lectura invalida de DHT | Sin humedad de suelo valida, no se habilita riego automatico"
2026-05-12,19:15:59,maceta2,163,169,36,33,34,,,,,1,0,0,Lectura invalida de DHT
2026-05-12,19:16:08,maceta1,,,,,,,,,,1,0,0,"Fallo en ambos sensores de humedad de suelo | Lectura invalida de DHT | Sin humedad de suelo valida, no se habilita riego automatico"
2026-05-12,19:16:08,maceta2,163,169,36,33,34,,,17.5,44.2,1,0,0,
2026-05-12,19:16:17,maceta1,,,,,,,,,,1,0,0,"Fallo en ambos sensores de humedad de suelo | Lectura invalida de DHT | Sin humedad de suelo valida, no se habilita riego automatico"
2026-05-12,19:16:17,maceta2,163,169,36,33,34,,,17.6,44.2,1,0,0,
2026-05-12,19:16:26,maceta1,,,,,,,,,,1,0,0,"Fallo en ambos sensores de humedad de suelo | Lectura invalida de DHT | Sin humedad de suelo valida, no se habilita riego automatico"
2026-05-12,19:16:26,maceta2,135,128,47,49,48,,,,,1,0,0,Lectura invalida de DHT
2026-05-12,19:16:35,maceta1,,,,,,,,,,1,0,0,"Fallo en ambos sensores de humedad de suelo | Lectura invalida de DHT | Sin humedad de suelo valida, no se habilita riego automatico"
2026-05-12,19:16:35,maceta2,165,172,35,32,33,,,17.6,44.3,1,0,0,
2026-05-12,19:16:45,maceta1,,,,,,,,,,1,0,0,"Fallo en ambos sensores de humedad de suelo | Lectura invalida de DHT | Sin humedad de suelo valida, no se habilita riego automatico"
2026-05-12,19:16:45,maceta2,165,172,35,32,33,,,17.6,44.3,1,0,0,
2026-05-12,19:16:55,maceta1,,,,,,,,,,1,0,0,"Fallo en ambos sensores de humedad de suelo | Lectura invalida de DHT | Sin humedad de suelo valida, no se habilita riego automatico"
2026-05-12,19:16:55,maceta2,150,128,41,49,45,,,17.6,44.3,1,0,0,
2026-05-12,19:17:04,maceta1,,,,,,,,,,1,0,0,"Fallo en ambos sensores de humedad de suelo | Lectura invalida de DHT | Sin humedad de suelo valida, no se habilita riego automatico"
2026-05-12,19:17:04,maceta2,165,172,35,32,33,,,17.6,44.2,1,0,0,
2026-05-12,19:17:13,maceta1,,,,,,,,,,1,0,0,"Fallo en ambos sensores de humedad de suelo | Lectura invalida de DHT | Sin humedad de suelo valida, no se habilita riego automatico"
2026-05-12,19:17:13,maceta2,128,128,49,49,49,,,17.6,44.2,1,0,0,
2026-05-12,19:17:22,maceta1,,,,,,,,,,1,0,0,"Fallo en ambos sensores de humedad de suelo | Lectura invalida de DHT | Sin humedad de suelo valida, no se habilita riego automatico"
2026-05-12,19:17:22,maceta2,164,171,35,32,33,,,17.6,44.2,1,0,0,
2026-05-12,19:17:31,maceta1,,,,,,,,,,1,0,0,"Fallo en ambos sensores de humedad de suelo | Lectura invalida de DHT | Sin humedad de suelo valida, no se habilita riego automatico"
2026-05-12,19:17:31,maceta2,165,172,35,32,33,,,17.6,44.3,1,0,0,
2026-05-12,19:17:41,maceta1,,,,,,,,,,1,0,0,"Fallo en ambos sensores de humedad de suelo | Lectura invalida de DHT | Sin humedad de suelo valida, no se habilita riego automatico"
2026-05-12,19:17:41,maceta2,165,171,35,32,33,,,17.6,44.2,1,0,0,
2026-05-12,19:17:50,maceta1,,,,,,,,,,1,0,0,"Fallo en ambos sensores de humedad de suelo | Lectura invalida de DHT | Sin humedad de suelo valida, no se habilita riego automatico"
2026-05-12,19:17:50,maceta2,165,171,35,32,33,,,17.6,44.3,1,0,0,
2026-05-12,19:18:00,maceta1,,,,,,,,,,1,0,0,"Fallo en ambos sensores de humedad de suelo | Lectura invalida de DHT | Sin humedad de suelo valida, no se habilita riego automatico"
2026-05-12,19:18:00,maceta2,128,128,49,49,49,,,,,1,0,0,Lectura invalida de DHT
2026-05-12,19:18:10,maceta1,,,,,,,,,,1,0,0,"Fallo en ambos sensores de humedad de suelo | Lectura invalida de DHT | Sin humedad de suelo valida, no se habilita riego automatico"
2026-05-12,19:18:10,maceta2,165,171,35,32,33,,,17.6,44.3,1,0,0,
2026-05-12,19:18:19,maceta1,,,,,,,,,,1,0,0,"Fallo en ambos sensores de humedad de suelo | Lectura invalida de DHT | Sin humedad de suelo valida, no se habilita riego automatico"
2026-05-12,19:18:19,maceta2,135,128,47,49,48,,,,,1,0,0,Lectura invalida de DHT
2026-05-12,19:18:28,maceta1,,,,,,,,,,1,0,0,"Fallo en ambos sensores de humedad de suelo | Lectura invalida de DHT | Sin humedad de suelo valida, no se habilita riego automatico"
2026-05-12,19:18:28,maceta2,164,171,35,32,33,,,17.6,44.3,1,0,0,
2026-05-12,19:18:37,maceta1,,,,,,,,,,1,0,0,"Fallo en ambos sensores de humedad de suelo | Lectura invalida de DHT | Sin humedad de suelo valida, no se habilita riego automatico"
2026-05-12,19:18:37,maceta2,164,171,35,32,33,,,17.6,44.3,1,0,0,
2026-05-12,19:18:46,maceta1,,,,,,,,,,1,0,0,"Fallo en ambos sensores de humedad de suelo | Lectura invalida de DHT | Sin humedad de suelo valida, no se habilita riego automatico"
2026-05-12,19:18:46,maceta2,128,128,49,49,49,,,17.6,44.3,1,0,0,
2026-05-12,19:18:55,maceta1,,,,,,,,,,1,0,0,"Fallo en ambos sensores de humedad de suelo | Lectura invalida de DHT | Sin humedad de suelo valida, no se habilita riego automatico"
2026-05-12,19:18:55,maceta2,164,171,35,32,33,,,17.6,44.3,1,0,0,
2026-05-12,19:19:05,maceta1,,,,,,,,,,1,0,0,"Fallo en ambos sensores de humedad de suelo | Lectura invalida de DHT | Sin humedad de suelo valida, no se habilita riego automatico"
2026-05-12,19:19:05,maceta2,164,171,35,32,33,,,17.6,44.4,1,0,0,
2026-05-12,19:19:14,maceta1,,,,,,,,,,1,0,0,"Fallo en ambos sensores de humedad de suelo | Lectura invalida de DHT | Sin humedad de suelo valida, no se habilita riego automatico"
2026-05-12,19:19:14,maceta2,164,171,35,32,33,,,17.6,44.4,1,0,0,
2026-05-12,19:19:23,maceta1,,,,,,,,,,1,0,0,"Fallo en ambos sensores de humedad de suelo | Lectura invalida de DHT | Sin humedad de suelo valida, no se habilita riego automatico"
2026-05-12,19:19:23,maceta2,164,171,35,32,33,,,17.5,44.4,1,0,0,
2026-05-12,19:19:32,maceta1,,,,,,,,,,1,0,0,"Fallo en ambos sensores de humedad de suelo | Lectura invalida de DHT | Sin humedad de suelo valida, no se habilita riego automatico"
2026-05-12,19:19:32,maceta2,128,128,49,49,49,,,17.6,44.4,1,0,0,
2026-05-12,19:19:41,maceta1,,,,,,,,,,1,0,0,"Fallo en ambos sensores de humedad de suelo | Lectura invalida de DHT | Sin humedad de suelo valida, no se habilita riego automatico"
2026-05-12,19:19:41,maceta2,164,171,35,32,33,,,17.6,44.4,1,0,0,
2026-05-12,19:19:50,maceta1,,,,,,,,,,1,0,0,"Fallo en ambos sensores de humedad de suelo | Lectura invalida de DHT | Sin humedad de suelo valida, no se habilita riego automatico"
2026-05-12,19:19:50,maceta2,164,170,35,33,34,,,17.6,44.5,1,0,0,
2026-05-12,19:19:59,maceta1,,,,,,,,,,1,0,0,"Fallo en ambos sensores de humedad de suelo | Lectura invalida de DHT | Sin humedad de suelo valida, no se habilita riego automatico"
2026-05-12,19:19:59,maceta2,164,171,35,32,33,,,17.5,44.4,1,0,0,
2026-05-12,19:20:09,maceta1,,,,,,,,,,1,0,0,"Fallo en ambos sensores de humedad de suelo | Lectura invalida de DHT | Sin humedad de suelo valida, no se habilita riego automatico"
2026-05-12,19:20:09,maceta2,164,171,35,32,33,,,17.6,44.5,1,0,0,
2026-05-12,19:20:18,maceta1,,,,,,,,,,1,0,0,"Fallo en ambos sensores de humedad de suelo | Lectura invalida de DHT | Sin humedad de suelo valida, no se habilita riego automatico"
2026-05-12,19:20:18,maceta2,128,128,49,49,49,,,,,1,0,0,Lectura invalida de DHT
2026-05-12,19:20:34,maceta1,,,,,,,,,,1,0,0,"Fallo en ambos sensores de humedad de suelo | Lectura invalida de DHT | Sin humedad de suelo valida, no se habilita riego automatico"
2026-05-12,19:20:34,maceta2,164,171,35,32,33,,,17.6,44.5,1,0,0,
2026-05-12,19:20:43,maceta1,,,,,,,,,,1,0,0,"Fallo en ambos sensores de humedad de suelo | Lectura invalida de DHT | Sin humedad de suelo valida, no se habilita riego automatico"
2026-05-12,19:20:43,maceta2,163,171,36,32,34,,,17.5,44.5,1,0,0,
2026-05-12,19:20:52,maceta1,,,,,,,,,,1,0,0,"Fallo en ambos sensores de humedad de suelo | Lectura invalida de DHT | Sin humedad de suelo valida, no se habilita riego automatico"
2026-05-12,19:20:52,maceta2,128,128,49,49,49,,,17.5,44.5,1,0,0,
2026-05-12,19:21:02,maceta1,,,,,,,,,,1,0,0,"Fallo en ambos sensores de humedad de suelo | Lectura invalida de DHT | Sin humedad de suelo valida, no se habilita riego automatico"
2026-05-12,19:21:02,maceta2,164,171,35,32,33,,,,,1,0,0,Lectura invalida de DHT
2026-05-12,19:21:11,maceta1,,,,,,,,,,1,0,0,"Fallo en ambos sensores de humedad de suelo | Lectura invalida de DHT | Sin humedad de suelo valida, no se habilita riego automatico"
2026-05-12,19:21:11,maceta2,164,171,35,32,33,,,17.6,44.5,1,0,0,
2026-05-12,19:21:20,maceta1,,,,,,,,,,1,0,0,"Fallo en ambos sensores de humedad de suelo | Lectura invalida de DHT | Sin humedad de suelo valida, no se habilita riego automatico"
2026-05-12,19:21:20,maceta2,164,171,35,32,33,,,,,1,0,0,Lectura invalida de DHT
2026-05-12,19:21:29,maceta1,,,,,,,,,,1,0,0,"Fallo en ambos sensores de humedad de suelo | Lectura invalida de DHT | Sin humedad de suelo valida, no se habilita riego automatico"
2026-05-12,19:21:29,maceta2,164,171,35,32,33,,,17.6,44.5,1,0,0,
2026-05-12,19:21:38,maceta1,,,,,,,,,,1,0,0,"Fallo en ambos sensores de humedad de suelo | Lectura invalida de DHT | Sin humedad de suelo valida, no se habilita riego automatico"
2026-05-12,19:21:38,maceta2,128,128,49,49,49,,,,,1,0,0,Lectura invalida de DHT
2026-05-12,19:21:47,maceta1,,,,,,,,,,1,0,0,"Fallo en ambos sensores de humedad de suelo | Lectura invalida de DHT | Sin humedad de suelo valida, no se habilita riego automatico"
2026-05-12,19:21:47,maceta2,164,171,35,32,33,,,17.5,44.5,1,0,0,
2026-05-12,19:21:57,maceta1,,,,,,,,,,1,0,0,"Fallo en ambos sensores de humedad de suelo | Lectura invalida de DHT | Sin humedad de suelo valida, no se habilita riego automatico"
2026-05-12,19:21:57,maceta2,164,170,35,33,34,,,,,1,0,0,Lectura invalida de DHT
2026-05-12,19:22:06,maceta1,,,,,,,,,,1,0,0,"Fallo en ambos sensores de humedad de suelo | Lectura invalida de DHT | Sin humedad de suelo valida, no se habilita riego automatico"
2026-05-12,19:22:06,maceta2,164,171,35,32,33,,,,,1,0,0,Lectura invalida de DHT
2026-05-12,19:22:15,maceta1,,,,,,,,,,1,0,0,"Fallo en ambos sensores de humedad de suelo | Lectura invalida de DHT | Sin humedad de suelo valida, no se habilita riego automatico"
2026-05-12,19:22:15,maceta2,164,170,35,33,34,,,,,1,0,0,Lectura invalida de DHT
2026-05-12,19:22:24,maceta1,,,,,,,,,,1,0,0,"Fallo en ambos sensores de humedad de suelo | Lectura invalida de DHT | Sin humedad de suelo valida, no se habilita riego automatico"
2026-05-12,19:22:24,maceta2,163,128,36,49,42,,,,,1,0,0,Lectura invalida de DHT
2026-05-12,19:22:33,maceta1,,,,,,,,,,1,0,0,"Fallo en ambos sensores de humedad de suelo | Lectura invalida de DHT | Sin humedad de suelo valida, no se habilita riego automatico"
2026-05-12,19:22:33,maceta2,164,171,35,32,33,,,17.6,44.5,1,0,0,
2026-05-12,19:22:42,maceta1,,,,,,,,,,1,0,0,"Fallo en ambos sensores de humedad de suelo | Lectura invalida de DHT | Sin humedad de suelo valida, no se habilita riego automatico"
2026-05-12,19:22:42,maceta2,163,170,36,33,34,,,,,1,0,0,Lectura invalida de DHT
2026-05-12,19:22:51,maceta1,,,,,,,,,,1,0,0,"Fallo en ambos sensores de humedad de suelo | Lectura invalida de DHT | Sin humedad de suelo valida, no se habilita riego automatico"
2026-05-12,19:22:51,maceta2,164,170,35,33,34,,,,,1,0,0,Lectura invalida de DHT
2026-05-12,19:23:00,maceta1,,,,,,,,,,1,0,0,"Fallo en ambos sensores de humedad de suelo | Lectura invalida de DHT | Sin humedad de suelo valida, no se habilita riego automatico"
2026-05-12,19:23:00,maceta2,164,171,35,32,33,,,17.6,44.5,1,0,0,
2026-05-12,19:23:09,maceta1,,,,,,,,,,1,0,0,"Fallo en ambos sensores de humedad de suelo | Lectura invalida de DHT | Sin humedad de suelo valida, no se habilita riego automatico"
2026-05-12,19:23:09,maceta2,156,128,38,49,43,,,17.6,44.5,1,0,0,
2026-05-12,19:23:20,maceta1,,,,,,,,,,1,0,0,"Fallo en ambos sensores de humedad de suelo | Lectura invalida de DHT | Sin humedad de suelo valida, no se habilita riego automatico"
2026-05-12,19:23:20,maceta2,149,128,41,49,45,,,,,1,0,0,Lectura invalida de DHT
2026-05-12,19:24:01,maceta1,,,,,,,,,,1,0,0,"Fallo en ambos sensores de humedad de suelo | Lectura invalida de DHT | Sin humedad de suelo valida, no se habilita riego automatico"
2026-05-12,19:24:01,maceta2,85,2,66,99,82,,,17.6,44.4,1,0,0,
2026-05-12,19:24:19,maceta1,,,,,,,,,,1,0,0,"Fallo en ambos sensores de humedad de suelo | Lectura invalida de DHT | Sin humedad de suelo valida, no se habilita riego automatico"
2026-05-12,19:24:19,maceta2,128,128,49,49,49,,,,,1,0,0,Lectura invalida de DHT
2026-05-12,19:24:29,maceta1,,,,,,,,,,1,0,0,"Fallo en ambos sensores de humedad de suelo | Lectura invalida de DHT | Sin humedad de suelo valida, no se habilita riego automatico"
2026-05-12,19:24:29,maceta2,85,3,66,98,82,,,17.6,44.5,1,0,0,
2026-05-12,19:28:11,maceta1,,,,,,,,,,1,0,0,"Fallo en ambos sensores de humedad de suelo | Lectura invalida de DHT | Sin humedad de suelo valida, no se habilita riego automatico"
2026-05-12,19:28:11,maceta2,128,128,49,49,49,,,17.6,44.6,1,0,0,
2026-05-12,19:28:25,maceta1,,,,,,,,,,1,0,0,"Fallo en ambos sensores de humedad de suelo | Lectura invalida de DHT | Sin humedad de suelo valida, no se habilita riego automatico"
2026-05-12,19:28:25,maceta2,85,93,66,63,64,,,17.6,45.0,1,0,0,
2026-05-12,19:28:39,maceta1,,,,,,,,,,1,0,0,"Fallo en ambos sensores de humedad de suelo | Lectura invalida de DHT | Sin humedad de suelo valida, no se habilita riego automatico"
2026-05-12,19:28:39,maceta2,87,95,65,62,63,,,17.6,44.9,1,0,0,
2026-05-12,19:28:53,maceta1,,,,,,,,,,1,0,0,"Fallo en ambos sensores de humedad de suelo | Lectura invalida de DHT | Sin humedad de suelo valida, no se habilita riego automatico"
2026-05-12,19:28:53,maceta2,86,94,66,63,64,,,17.6,44.9,1,0,0,
2026-05-12,19:29:07,maceta1,,,,,,,,,,1,0,0,"Fallo en ambos sensores de humedad de suelo | Lectura invalida de DHT | Sin humedad de suelo valida, no se habilita riego automatico"
2026-05-12,19:29:07,maceta2,85,93,66,63,64,,,,,1,0,0,Lectura invalida de DHT
2026-05-12,19:29:21,maceta1,,,,,,,,,,1,0,0,"Fallo en ambos sensores de humedad de suelo | Lectura invalida de DHT | Sin humedad de suelo valida, no se habilita riego automatico"
2026-05-12,19:29:21,maceta2,85,93,66,63,64,,,17.6,44.8,1,0,0,
2026-05-12,19:29:32,maceta1,,,,,,,,,,1,0,0,"Fallo en ambos sensores de humedad de suelo | Lectura invalida de DHT | Sin humedad de suelo valida, no se habilita riego automatico"
2026-05-12,19:29:32,maceta2,86,94,66,63,64,,,17.6,44.9,1,0,0,
2026-05-12,19:59:36,maceta1,,,,,,,,,,1,0,0,"Fallo en ambos sensores de humedad de suelo | Lectura invalida de DHT | Sin humedad de suelo valida, no se habilita riego automatico"
2026-05-12,19:59:36,maceta2,86,94,66,63,64,,,17.6,45.0,1,0,0,
2026-05-12,20:29:40,maceta1,,,,,,,,,,1,0,0,"Fallo en ambos sensores de humedad de suelo | Lectura invalida de DHT | Sin humedad de suelo valida, no se habilita riego automatico"
2026-05-12,20:29:40,maceta2,111,128,56,49,52,,,17.5,45.5,1,0,0,
2026-05-12,20:59:44,maceta1,,,,,,,,,,1,0,0,"Fallo en ambos sensores de humedad de suelo | Lectura invalida de DHT | Sin humedad de suelo valida, no se habilita riego automatico"
2026-05-12,20:59:44,maceta2,85,121,66,52,59,,,,,1,0,0,Lectura invalida de DHT
2026-05-12,21:29:48,maceta1,,,,,,,,,,1,0,0,"Fallo en ambos sensores de humedad de suelo | Lectura invalida de DHT | Sin humedad de suelo valida, no se habilita riego automatico"
2026-05-12,21:29:48,maceta2,87,95,65,62,63,,,17.4,46.1,1,0,0,
2026-05-12,21:59:52,maceta1,,,,,,,,,,1,0,0,"Fallo en ambos sensores de humedad de suelo | Lectura invalida de DHT | Sin humedad de suelo valida, no se habilita riego automatico"
2026-05-12,21:59:52,maceta2,128,128,49,49,49,,,,,1,0,0,Lectura invalida de DHT
2026-05-12,22:29:56,maceta1,,,,,,,,,,1,0,0,"Fallo en ambos sensores de humedad de suelo | Lectura invalida de DHT | Sin humedad de suelo valida, no se habilita riego automatico"
2026-05-12,22:29:56,maceta2,85,94,66,63,64,,,17.3,46.4,1,0,0,
2026-05-12,23:00:00,maceta1,,,,,,,,,,1,0,0,"Fallo en ambos sensores de humedad de suelo | Lectura invalida de DHT | Sin humedad de suelo valida, no se habilita riego automatico"
2026-05-12,23:00:00,maceta2,85,94,66,63,64,,,17.2,46.5,1,0,0,
2026-05-12,23:30:04,maceta1,,,,,,,,,,1,0,0,"Fallo en ambos sensores de humedad de suelo | Lectura invalida de DHT | Sin humedad de suelo valida, no se habilita riego automatico"
2026-05-12,23:30:04,maceta2,128,128,49,49,49,,,,,1,0,0,Lectura invalida de DHT
2026-05-13,00:00:08,maceta1,,,,,,,,,,1,0,0,"Fallo en ambos sensores de humedad de suelo | Lectura invalida de DHT | Sin humedad de suelo valida, no se habilita riego automatico"
2026-05-13,00:00:08,maceta2,87,95,65,62,63,,,17.0,46.2,1,0,0,
2026-05-13,00:30:12,maceta1,,,,,,,,,,1,0,0,"Fallo en ambos sensores de humedad de suelo | Lectura invalida de DHT | Sin humedad de suelo valida, no se habilita riego automatico"
2026-05-13,00:30:12,maceta2,128,128,49,49,49,,,16.9,46.1,1,0,0,
2026-05-13,01:00:16,maceta1,,,,,,,,,,1,0,0,"Fallo en ambos sensores de humedad de suelo | Lectura invalida de DHT | Sin humedad de suelo valida, no se habilita riego automatico"
2026-05-13,01:00:16,maceta2,85,95,66,62,64,,,,,1,0,0,Lectura invalida de DHT
2026-05-13,01:30:20,maceta1,,,,,,,,,,1,0,0,"Fallo en ambos sensores de humedad de suelo | Lectura invalida de DHT | Sin humedad de suelo valida, no se habilita riego automatico"
2026-05-13,01:30:20,maceta2,85,94,66,63,64,,,16.6,45.7,1,0,0,
2026-05-13,02:00:24,maceta1,,,,,,,,,,1,0,0,"Fallo en ambos sensores de humedad de suelo | Lectura invalida de DHT | Sin humedad de suelo valida, no se habilita riego automatico"
2026-05-13,02:00:24,maceta2,85,108,66,57,61,,,,,1,0,0,Lectura invalida de DHT
2026-05-13,02:30:28,maceta1,,,,,,,,,,1,0,0,"Fallo en ambos sensores de humedad de suelo | Lectura invalida de DHT | Sin humedad de suelo valida, no se habilita riego automatico"
2026-05-13,02:30:28,maceta2,87,95,65,62,63,,,16.4,45.5,1,0,0,
2026-05-13,03:00:32,maceta1,,,,,,,,,,1,0,0,"Fallo en ambos sensores de humedad de suelo | Lectura invalida de DHT | Sin humedad de suelo valida, no se habilita riego automatico"
2026-05-13,03:00:32,maceta2,128,128,49,49,49,,,,,1,0,0,Lectura invalida de DHT
2026-05-13,03:30:36,maceta1,,,,,,,,,,1,0,0,"Fallo en ambos sensores de humedad de suelo | Lectura invalida de DHT | Sin humedad de suelo valida, no se habilita riego automatico"
2026-05-13,03:30:36,maceta2,85,94,66,63,64,,,,,1,0,0,Lectura invalida de DHT
2026-05-13,04:00:40,maceta1,,,,,,,,,,1,0,0,"Fallo en ambos sensores de humedad de suelo | Lectura invalida de DHT | Sin humedad de suelo valida, no se habilita riego automatico"
2026-05-13,04:00:40,maceta2,85,95,66,62,64,,,16.2,45.5,1,0,0,
2026-05-13,04:30:44,maceta1,,,,,,,,,,1,0,0,"Fallo en ambos sensores de humedad de suelo | Lectura invalida de DHT | Sin humedad de suelo valida, no se habilita riego automatico"
2026-05-13,04:30:44,maceta2,86,95,66,62,64,,,16.1,45.4,1,0,0,
2026-05-13,05:00:48,maceta1,,,,,,,,,,1,0,0,"Fallo en ambos sensores de humedad de suelo | Lectura invalida de DHT | Sin humedad de suelo valida, no se habilita riego automatico"
2026-05-13,05:00:48,maceta2,85,96,66,62,64,,,16.1,45.2,1,0,0,
2026-05-13,05:30:52,maceta1,,,,,,,,,,1,0,0,"Fallo en ambos sensores de humedad de suelo | Lectura invalida de DHT | Sin humedad de suelo valida, no se habilita riego automatico"
2026-05-13,05:30:52,maceta2,128,128,49,49,49,,,,,1,0,0,Lectura invalida de DHT
2026-05-13,06:00:56,maceta1,,,,,,,,,,1,0,0,"Fallo en ambos sensores de humedad de suelo | Lectura invalida de DHT | Sin humedad de suelo valida, no se habilita riego automatico"
2026-05-13,06:00:56,maceta2,85,94,66,63,64,,,16.0,45.7,1,0,0,
2026-05-13,06:31:00,maceta1,,,,,,,,,,1,0,0,"Fallo en ambos sensores de humedad de suelo | Lectura invalida de DHT | Sin humedad de suelo valida, no se habilita riego automatico"
2026-05-13,06:31:00,maceta2,85,94,66,63,64,,,16.0,46.0,1,0,0,
2026-05-13,07:01:04,maceta1,,,,,,,,,,1,0,0,"Fallo en ambos sensores de humedad de suelo | Lectura invalida de DHT | Sin humedad de suelo valida, no se habilita riego automatico"
2026-05-13,07:01:04,maceta2,128,128,49,49,49,,,,,0,0,0,Lectura invalida de DHT
2026-05-13,07:31:08,maceta1,,,,,,,,,,1,0,0,"Fallo en ambos sensores de humedad de suelo | Lectura invalida de DHT | Sin humedad de suelo valida, no se habilita riego automatico"
2026-05-13,07:31:08,maceta2,85,94,66,63,64,,,,,0,0,0,Lectura invalida de DHT
2026-05-13,08:01:12,maceta1,,,,,,,,,,1,0,0,"Fallo en ambos sensores de humedad de suelo | Lectura invalida de DHT | Sin humedad de suelo valida, no se habilita riego automatico"
2026-05-13,08:01:12,maceta2,128,128,49,49,49,,,,,0,0,0,Lectura invalida de DHT
2026-05-13,08:31:16,maceta1,,,,,,,,,,1,0,0,"Fallo en ambos sensores de humedad de suelo | Lectura invalida de DHT | Sin humedad de suelo valida, no se habilita riego automatico"
2026-05-13,08:31:16,maceta2,84,94,67,63,65,,,15.6,46.6,0,0,0,
2026-05-13,09:01:20,maceta1,,,,,,,,,,1,0,0,"Fallo en ambos sensores de humedad de suelo | Lectura invalida de DHT | Sin humedad de suelo valida, no se habilita riego automatico"
2026-05-13,09:01:20,maceta2,84,94,67,63,65,,,15.5,46.6,0,0,0,
2026-05-13,09:31:24,maceta1,,,,,,,,,,1,0,0,"Fallo en ambos sensores de humedad de suelo | Lectura invalida de DHT | Sin humedad de suelo valida, no se habilita riego automatico"
2026-05-13,09:31:24,maceta2,84,94,67,63,65,,,15.5,46.7,0,0,0,
2026-05-13,10:01:28,maceta1,,,,,,,,,,0,0,0,"Fallo en ambos sensores de humedad de suelo | Lectura invalida de DHT | Sin humedad de suelo valida, no se habilita riego automatico"
2026-05-13,10:01:28,maceta2,86,95,66,62,64,,,15.6,47.0,0,0,0,
2026-05-13,10:31:32,maceta1,,,,,,,,,,0,0,0,"Fallo en ambos sensores de humedad de suelo | Lectura invalida de DHT | Sin humedad de suelo valida, no se habilita riego automatico"
2026-05-13,10:31:32,maceta2,128,128,49,49,49,,,15.6,47.5,0,0,0,
2026-05-13,11:01:36,maceta1,,,,,,,,,,0,0,0,"Fallo en ambos sensores de humedad de suelo | Lectura invalida de DHT | Sin humedad de suelo valida, no se habilita riego automatico"
2026-05-13,11:01:36,maceta2,85,94,66,63,64,,,15.7,48.2,0,0,0,
2026-05-13,11:31:40,maceta1,,,,,,,,,,0,0,0,"Fallo en ambos sensores de humedad de suelo | Lectura invalida de DHT | Sin humedad de suelo valida, no se habilita riego automatico"
2026-05-13,11:31:40,maceta2,85,94,66,63,64,,,15.8,48.4,0,0,0,
2026-05-13,12:01:44,maceta1,,,,,,,,,,0,0,0,"Fallo en ambos sensores de humedad de suelo | Lectura invalida de DHT | Sin humedad de suelo valida, no se habilita riego automatico"
2026-05-13,12:01:44,maceta2,128,128,49,49,49,,,16.0,48.9,0,0,0,
2026-05-13,12:31:49,maceta1,,,,,,,,,,0,0,0,"Fallo en ambos sensores de humedad de suelo | Lectura invalida de DHT | Sin humedad de suelo valida, no se habilita riego automatico"
2026-05-13,12:31:49,maceta2,86,95,66,62,64,,,,,0,0,0,Lectura invalida de DHT
2026-05-13,13:01:53,maceta1,,,,,,,,,,0,0,0,"Fallo en ambos sensores de humedad de suelo | Lectura invalida de DHT | Sin humedad de suelo valida, no se habilita riego automatico"
2026-05-13,13:01:53,maceta2,128,128,49,49,49,,,16.4,49.3,0,0,0,
2026-05-13,13:31:57,maceta1,,,,,,,,,,0,0,0,"Fallo en ambos sensores de humedad de suelo | Lectura invalida de DHT | Sin humedad de suelo valida, no se habilita riego automatico"
2026-05-13,13:31:57,maceta2,85,94,66,63,64,,,16.5,49.6,0,0,0,
2026-05-13,14:02:02,maceta1,,,,,,,,,,0,0,0,"Fallo en ambos sensores de humedad de suelo | Lectura invalida de DHT | Sin humedad de suelo valida, no se habilita riego automatico"
2026-05-13,14:02:02,maceta2,85,128,66,49,57,,,16.7,50.0,0,0,0,
2026-05-13,14:32:06,maceta1,,,,,,,,,,0,0,0,"Fallo en ambos sensores de humedad de suelo | Lectura invalida de DHT | Sin humedad de suelo valida, no se habilita riego automatico"
2026-05-13,14:32:06,maceta2,85,94,66,63,64,,,16.8,50.3,0,0,0,
2026-05-13,15:02:11,maceta1,,,,,,,,,,0,0,0,"Fallo en ambos sensores de humedad de suelo | Lectura invalida de DHT | Sin humedad de suelo valida, no se habilita riego automatico"
2026-05-13,15:02:11,maceta2,85,94,66,63,64,,,16.9,50.3,0,0,0,
2026-05-13,15:32:15,maceta1,,,,,,,,,,0,0,0,"Fallo en ambos sensores de humedad de suelo | Lectura invalida de DHT | Sin humedad de suelo valida, no se habilita riego automatico"
2026-05-13,15:32:15,maceta2,85,94,66,63,64,,,,,0,0,0,Lectura invalida de DHT
2026-05-13,16:02:19,maceta1,,,,,,,,,,0,0,0,"Fallo en ambos sensores de humedad de suelo | Lectura invalida de DHT | Sin humedad de suelo valida, no se habilita riego automatico"
2026-05-13,16:02:19,maceta2,85,121,66,52,59,,,,,0,0,0,Lectura invalida de DHT
2026-05-13,16:32:24,maceta1,,,,,,,,,,0,0,0,"Fallo en ambos sensores de humedad de suelo | Lectura invalida de DHT | Sin humedad de suelo valida, no se habilita riego automatico"
2026-05-13,16:32:24,maceta2,235,95,7,62,34,,,17.0,50.1,0,0,0,Discrepancia alta entre sensores de humedad: 7% vs 62%
2026-05-13,17:02:31,maceta1,,,,,,,,,,0,0,0,"Fallo en ambos sensores de humedad de suelo | Lectura invalida de DHT | Sin humedad de suelo valida, no se habilita riego automatico"
2026-05-13,17:02:31,maceta2,85,94,66,63,64,,,17.2,50.3,0,0,0,
2026-05-13,17:32:46,maceta1,,,,,,,,,,0,0,0,"Fallo en ambos sensores de humedad de suelo | Lectura invalida de DHT | Sin humedad de suelo valida, no se habilita riego automatico"
2026-05-13,17:32:46,maceta2,128,128,49,49,49,,,17.2,50.3,0,0,0,
2026-05-13,17:35:45,maceta1,211,210,17,17,17,,,,,0,0,1,Lectura invalida de DHT
2026-05-13,17:35:45,maceta2,85,94,66,63,64,,,17.5,50.3,0,0,0,
2026-05-13,17:36:38,maceta1,128,128,49,49,49,,,,,0,0,1,Lectura invalida de DHT
2026-05-13,17:36:38,maceta2,84,94,67,63,65,,,17.5,50.3,0,0,0,
2026-05-13,17:37:31,maceta1,95,88,62,65,63,,,,,0,0,1,Lectura invalida de DHT
2026-05-13,17:37:31,maceta2,84,94,67,63,65,,,,,0,0,0,Lectura invalida de DHT
2026-05-13,17:38:47,maceta1,94,87,63,65,64,,,,,0,0,1,Lectura invalida de DHT
2026-05-13,17:38:47,maceta2,84,94,67,63,65,,,17.5,50.2,0,0,0,
2026-05-13,17:39:20,maceta1,108,120,57,52,54,,,,,0,0,1,Lectura invalida de DHT
2026-05-13,17:39:20,maceta2,84,94,67,63,65,,,17.5,50.2,0,0,0,
2026-05-13,17:39:52,maceta1,95,87,62,65,63,,,,,0,0,1,Lectura invalida de DHT
2026-05-13,17:39:52,maceta2,84,94,67,63,65,,,17.5,50.2,0,0,0,
2026-05-13,17:41:17,maceta1,94,88,63,65,64,,,,,0,0,1,Lectura invalida de DHT
2026-05-13,17:41:17,maceta2,85,94,66,63,64,,,,,0,0,0,Lectura invalida de DHT
2026-05-13,17:41:51,maceta1,128,128,49,49,49,,,,,0,0,1,Lectura invalida de DHT
2026-05-13,17:41:51,maceta2,85,94,66,63,64,,,17.5,50.2,0,0,0,
2026-05-13,17:42:16,maceta1,95,87,62,65,63,,,,,0,0,1,Lectura invalida de DHT
2026-05-13,17:42:16,maceta2,83,94,67,63,65,,,,,0,0,0,Lectura invalida de DHT
2026-05-13,18:12:32,maceta1,128,128,49,49,49,,,,,0,0,1,Lectura invalida de DHT
2026-05-13,18:12:32,maceta2,84,94,67,63,65,,,17.5,50.2,0,0,0,
2026-05-13,18:42:51,maceta1,113,128,55,49,52,,,,,0,0,1,Lectura invalida de DHT
2026-05-13,18:42:51,maceta2,84,94,67,63,65,,,17.4,50.4,0,0,0,
2026-05-13,19:13:09,maceta1,92,85,63,66,64,,,,,1,0,1,Lectura invalida de DHT
2026-05-13,19:13:09,maceta2,128,128,49,49,49,,,,,1,0,0,Lectura invalida de DHT
2026-05-13,19:43:27,maceta1,92,85,63,66,64,,,,,1,0,1,Lectura invalida de DHT
2026-05-13,19:43:27,maceta2,84,106,67,58,62,,,17.3,51.1,1,0,0,
2026-05-13,20:13:44,maceta1,128,128,49,49,49,,,,,1,0,1,Lectura invalida de DHT
2026-05-13,20:13:44,maceta2,84,93,67,63,65,,,17.3,51.6,1,0,0,
2026-05-13,20:44:00,maceta1,128,128,49,49,49,,,,,1,0,1,Lectura invalida de DHT
2026-05-13,20:44:00,maceta2,83,94,67,63,65,,,17.4,52.1,1,0,0,
2026-05-13,21:14:18,maceta1,92,86,63,66,64,,,,,1,0,1,Lectura invalida de DHT
2026-05-13,21:14:18,maceta2,128,128,49,49,49,,,17.4,52.5,1,0,0,
2026-05-13,21:44:36,maceta1,92,86,63,66,64,,,,,1,0,1,Lectura invalida de DHT
2026-05-13,21:44:36,maceta2,84,94,67,63,65,,,17.4,52.8,1,0,0,
2026-05-13,22:14:54,maceta1,128,128,49,49,49,,,,,1,0,1,Lectura invalida de DHT
2026-05-13,22:14:54,maceta2,84,93,67,63,65,,,17.4,52.8,1,0,0,
2026-05-13,22:45:04,maceta1,128,86,49,66,57,,,,,1,0,1,Lectura invalida de DHT
2026-05-13,22:45:04,maceta2,84,93,67,63,65,,,17.3,52.8,1,0,0,
2026-05-13,23:15:13,maceta1,91,86,64,66,65,,,,,1,0,1,Lectura invalida de DHT
2026-05-13,23:15:13,maceta2,84,93,67,63,65,,,17.2,52.6,1,0,0,
2026-05-13,23:45:22,maceta1,92,85,63,66,64,,,,,1,0,1,Lectura invalida de DHT
2026-05-13,23:45:22,maceta2,84,94,67,63,65,,,17.2,52.4,1,0,0,
2026-05-14,00:15:31,maceta1,92,85,63,66,64,,,,,1,0,1,Lectura invalida de DHT
2026-05-14,00:15:31,maceta2,83,114,67,55,61,,,17.1,52.4,1,0,0,
2026-05-14,00:45:41,maceta1,120,128,52,49,50,,,,,1,0,1,Lectura invalida de DHT
2026-05-14,00:45:41,maceta2,83,93,67,63,65,,,,,1,0,0,Lectura invalida de DHT
2026-05-14,01:15:50,maceta1,91,85,64,66,65,,,,,1,0,1,Lectura invalida de DHT
2026-05-14,01:15:50,maceta2,128,128,49,49,49,,,,,1,0,0,Lectura invalida de DHT
2026-05-14,01:45:59,maceta1,92,85,63,66,64,,,,,1,0,1,Lectura invalida de DHT
2026-05-14,01:45:59,maceta2,128,128,49,49,49,,,16.9,52.8,1,0,0,
2026-05-14,02:16:09,maceta1,91,85,64,66,65,,,,,1,0,1,Lectura invalida de DHT
2026-05-14,02:16:09,maceta2,84,94,67,63,65,,,16.8,52.9,1,0,0,
2026-05-14,02:46:18,maceta1,106,128,58,49,53,,,,,1,0,1,Lectura invalida de DHT
2026-05-14,02:46:18,maceta2,84,93,67,63,65,,,16.8,53.2,1,0,0,
2026-05-14,03:16:27,maceta1,128,128,49,49,49,,,,,1,0,1,Lectura invalida de DHT
2026-05-14,03:16:27,maceta2,83,93,67,63,65,,,16.7,53.3,1,0,0,
2026-05-14,03:46:36,maceta1,128,128,49,49,49,,,,,1,0,1,Lectura invalida de DHT
2026-05-14,03:46:36,maceta2,84,94,67,63,65,,,16.6,53.2,1,0,0,
2026-05-14,04:16:46,maceta1,128,119,49,53,51,,,,,1,0,1,Lectura invalida de DHT
2026-05-14,04:16:46,maceta2,83,93,67,63,65,,,16.6,53.2,1,0,0,
2026-05-14,04:46:55,maceta1,128,128,49,49,49,,,,,1,0,1,Lectura invalida de DHT
2026-05-14,04:46:55,maceta2,84,93,67,63,65,,,16.4,53.1,1,0,0,
2026-05-14,05:17:04,maceta1,128,128,49,49,49,,,,,1,0,1,Lectura invalida de DHT
2026-05-14,05:17:04,maceta2,84,93,67,63,65,,,,,1,0,0,Lectura invalida de DHT
2026-05-14,05:47:13,maceta1,128,128,49,49,49,,,,,1,0,1,Lectura invalida de DHT
2026-05-14,05:47:13,maceta2,84,94,67,63,65,,,16.2,52.8,1,0,0,
2026-05-14,06:17:23,maceta1,128,128,49,49,49,,,,,1,0,1,Lectura invalida de DHT
2026-05-14,06:17:23,maceta2,84,93,67,63,65,,,16.1,52.8,1,0,0,
2026-05-14,06:47:32,maceta1,120,128,52,49,50,,,,,1,0,1,Lectura invalida de DHT
2026-05-14,06:47:32,maceta2,84,93,67,63,65,,,,,1,0,0,Lectura invalida de DHT
2026-05-14,07:17:41,maceta1,90,84,64,67,65,,,,,1,0,1,Lectura invalida de DHT
2026-05-14,07:17:41,maceta2,128,128,49,49,49,,,16.0,52.9,0,0,0,
2026-05-14,07:47:51,maceta1,120,86,52,66,59,,,,,1,0,1,Lectura invalida de DHT
2026-05-14,07:47:51,maceta2,83,93,67,63,65,,,,,0,0,0,Lectura invalida de DHT
2026-05-14,08:18:00,maceta1,92,85,63,66,64,,,,,1,0,1,Lectura invalida de DHT
2026-05-14,08:18:00,maceta2,85,93,66,63,64,,,15.9,53.0,0,0,0,
2026-05-14,08:48:09,maceta1,92,84,63,67,65,,,,,1,0,1,Lectura invalida de DHT
2026-05-14,08:48:09,maceta2,83,95,67,62,64,,,15.8,53.1,0,0,0,
2026-05-14,09:18:23,maceta1,128,128,49,49,49,,,,,1,0,1,Lectura invalida de DHT
2026-05-14,09:18:23,maceta2,83,93,67,63,65,,,15.8,53.3,0,0,0,
2026-05-14,09:48:32,maceta1,128,128,49,49,49,,,,,1,0,1,Lectura invalida de DHT
2026-05-14,09:48:32,maceta2,84,93,67,63,65,,,15.8,53.4,0,0,0,
2026-05-14,10:18:46,maceta1,92,86,63,66,64,,,,,0,0,1,Lectura invalida de DHT
2026-05-14,10:18:46,maceta2,84,94,67,63,65,,,15.8,53.6,0,0,0,
2026-05-14,10:48:59,maceta1,91,84,64,67,65,,,,,0,0,1,Lectura invalida de DHT
2026-05-14,10:48:59,maceta2,83,94,67,63,65,,,15.8,53.6,0,0,0,
2026-05-14,11:19:08,maceta1,128,128,49,49,49,,,,,0,0,1,Lectura invalida de DHT
2026-05-14,11:19:08,maceta2,83,94,67,63,65,,,,,0,0,0,Lectura invalida de DHT
2026-05-14,11:49:22,maceta1,128,128,49,49,49,,,,,0,0,1,Lectura invalida de DHT
2026-05-14,11:49:22,maceta2,83,93,67,63,65,,,15.8,53.2,0,0,0,
2026-05-14,12:19:31,maceta1,128,84,49,67,58,,,,,0,0,1,Lectura invalida de DHT
2026-05-14,12:19:31,maceta2,82,93,67,63,65,,,,,0,0,0,Lectura invalida de DHT
2026-05-14,12:49:40,maceta1,91,84,64,67,65,,,,,0,0,1,Lectura invalida de DHT
2026-05-14,12:49:40,maceta2,83,93,67,63,65,,,15.9,53.0,0,0,0,
2026-05-14,13:19:50,maceta1,91,85,64,66,65,,,,,0,0,1,Lectura invalida de DHT
2026-05-14,13:19:50,maceta2,82,94,67,63,65,,,16.0,53.1,0,0,0,
2026-05-14,13:50:01,maceta1,91,84,64,67,65,,,,,0,0,1,Lectura invalida de DHT
2026-05-14,13:50:01,maceta2,128,128,49,49,49,,,,,0,0,0,Lectura invalida de DHT
2026-05-14,14:20:10,maceta1,91,84,64,67,65,,,,,0,0,1,Lectura invalida de DHT
2026-05-14,14:20:10,maceta2,82,94,67,63,65,,,16.0,53.7,0,0,0,
2026-05-14,14:50:25,maceta1,128,128,49,49,49,,,,,0,0,1,Lectura invalida de DHT
2026-05-14,14:50:25,maceta2,82,94,67,63,65,,,16.0,53.8,0,0,0,
2026-05-14,15:20:36,maceta1,92,85,63,66,64,,,,,0,0,1,Lectura invalida de DHT
2026-05-14,15:20:36,maceta2,128,94,49,63,56,,,16.1,54.1,0,0,0,
2026-05-14,16:23:05,maceta1,128,128,49,49,49,,,,,0,0,1,Lectura invalida de DHT
2026-05-14,16:23:05,maceta2,90,89,64,65,64,,,16.1,54.1,0,0,0,
2026-05-14,16:23:21,maceta1,92,86,63,66,64,,,,,0,0,1,Lectura invalida de DHT
2026-05-14,16:23:21,maceta2,91,90,64,64,64,,,16.6,54.5,0,0,0,
2026-05-14,16:36:08,maceta1,92,86,63,66,64,620.0,,,,0,0,1,Lectura invalida de DHT
2026-05-14,16:36:08,maceta2,128,128,49,49,49,,,,,0,0,0,Lectura invalida de DHT
2026-05-14,16:36:40,maceta1,121,85,52,66,59,619.5833333333334,,,,0,0,1,Lectura invalida de DHT
2026-05-14,16:36:40,maceta2,89,87,65,65,65,284.1666666666667,,,,0,0,0,Lectura invalida de DHT
2026-05-14,16:43:06,maceta1,92,86,63,66,64,610.0,,,,0,0,1,Lectura invalida de DHT
2026-05-14,16:43:06,maceta2,90,89,64,65,64,207.91666666666669,,16.6,54.5,0,0,0,
2026-05-14,16:43:55,maceta1,92,86,63,66,64,610.8333333333334,,,,0,0,1,Lectura invalida de DHT
2026-05-14,16:43:55,maceta2,89,89,65,65,65,113.33333333333334,,,,0,0,0,Lectura invalida de DHT
2026-05-14,16:44:30,maceta1,92,86,63,66,64,611.25,,,,0,0,1,Lectura invalida de DHT
2026-05-14,16:44:30,maceta2,89,88,65,65,65,138.75,,18.4,62.9,0,0,0,
2026-05-14,16:44:59,maceta1,128,128,49,49,49,612.0833333333334,,,,0,0,1,Lectura invalida de DHT
2026-05-14,16:44:59,maceta2,89,89,65,65,65,73.33333333333334,,19.1,61.3,0,0,0,
2026-05-14,16:45:29,maceta1,92,86,63,66,64,68.33333333333334,,,,0,0,1,Lectura invalida de DHT
2026-05-14,16:45:29,maceta2,88,128,65,49,57,130.0,,20.3,82.4,0,0,0,
2026-05-14,16:45:58,maceta1,92,86,63,66,64,606.25,,,,0,0,1,Lectura invalida de DHT
2026-05-14,16:45:58,maceta2,90,90,64,64,64,130.0,,21.1,83.8,0,0,0,
2026-05-14,16:46:36,maceta1,120,86,52,66,59,604.5833333333334,,,,0,0,1,Lectura invalida de DHT
2026-05-14,16:46:36,maceta2,89,89,65,65,65,130.41666666666669,,21.1,84.0,0,0,0,
2026-05-14,16:47:06,maceta1,93,86,63,66,64,587.5,,,,0,0,1,Lectura invalida de DHT
2026-05-14,16:47:06,maceta2,90,89,64,65,64,131.25,,20.8,83.9,0,0,0,
2026-05-14,16:47:48,maceta1,128,128,49,49,49,470.4166666666667,,,,0,0,1,Lectura invalida de DHT
2026-05-14,16:47:48,maceta2,89,89,65,65,65,129.58333333333334,,20.5,83.7,0,0,0,
2026-05-14,16:48:26,maceta1,128,128,49,49,49,513.75,,,,0,0,1,Lectura invalida de DHT
2026-05-14,16:48:26,maceta2,88,88,65,65,65,125.41666666666667,,20.0,83.6,0,0,0,
2026-05-14,16:48:56,maceta1,93,86,63,66,64,537.5,,,,0,0,1,Lectura invalida de DHT
2026-05-14,16:48:56,maceta2,89,89,65,65,65,125.83333333333334,,19.6,83.4,0,0,0,
2026-05-14,16:49:30,maceta1,92,85,63,66,64,528.75,,,,0,0,1,Lectura invalida de DHT
2026-05-14,16:49:30,maceta2,89,88,65,65,65,127.08333333333334,,19.3,83.3,0,0,0,
2026-05-14,16:49:59,maceta1,128,128,49,49,49,540.0,,,,0,0,1,Lectura invalida de DHT
2026-05-14,16:49:59,maceta2,89,88,65,65,65,127.91666666666667,,19.0,83.1,0,0,0,
2026-05-14,16:50:30,maceta1,92,85,63,66,64,539.5833333333334,,,,0,0,1,Lectura invalida de DHT
2026-05-14,16:50:30,maceta2,89,89,65,65,65,127.91666666666667,,,,0,0,0,Lectura invalida de DHT
2026-05-14,16:51:00,maceta1,128,128,49,49,49,539.5833333333334,,,,0,0,1,Lectura invalida de DHT
2026-05-14,16:51:00,maceta2,89,89,65,65,65,127.91666666666667,,18.5,82.1,0,0,0,
2026-05-14,16:51:29,maceta1,128,128,49,49,49,539.5833333333334,,,,0,0,1,Lectura invalida de DHT
2026-05-14,16:51:29,maceta2,89,89,65,65,65,127.91666666666667,,18.3,81.4,0,0,0,
2026-05-14,16:52:14,maceta1,92,86,63,66,64,534.1666666666667,,,,0,0,1,Lectura invalida de DHT
2026-05-14,16:52:14,maceta2,128,128,49,49,49,127.5,,18.1,80.4,0,0,0,
2026-05-14,16:52:48,maceta1,128,128,49,49,49,538.75,,,,0,0,1,Lectura invalida de DHT
2026-05-14,16:52:48,maceta2,88,88,65,65,65,127.91666666666667,,18.0,78.8,0,0,0,
2026-05-14,16:53:19,maceta1,92,84,63,67,65,537.9166666666667,,,,0,0,1,Lectura invalida de DHT
2026-05-14,16:53:19,maceta2,88,88,65,65,65,127.5,,,,0,0,0,Lectura invalida de DHT
2026-05-14,16:53:54,maceta1,92,86,63,66,64,537.9166666666667,,,,0,0,1,Lectura invalida de DHT
2026-05-14,16:53:54,maceta2,89,89,65,65,65,74.58333333333334,,17.6,76.9,0,0,0,
2026-05-14,16:54:27,maceta1,128,128,49,49,49,537.5,,,,0,0,1,Lectura invalida de DHT
2026-05-14,16:54:27,maceta2,89,88,65,65,65,76.25,,18.5,82.3,0,0,0,
2026-05-14,16:55:01,maceta1,128,128,49,49,49,420.0,,,,0,0,1,Lectura invalida de DHT
2026-05-14,16:55:01,maceta2,88,88,65,65,65,112.91666666666667,,22.2,95.2,0,0,0,
2026-05-14,16:55:43,maceta1,120,86,52,66,59,337.5,,,,0,0,1,Lectura invalida de DHT
2026-05-14,16:55:43,maceta2,90,88,64,65,64,112.91666666666667,,23.8,99.3,0,0,0,
2026-05-14,16:56:14,maceta1,92,86,63,66,64,236.25,,,,0,0,1,Lectura invalida de DHT
2026-05-14,16:56:14,maceta2,89,128,65,49,57,113.75,,23.3,99.0,0,0,0,
2026-05-14,16:56:46,maceta1,120,128,52,49,50,501.6666666666667,,,,0,0,1,Lectura invalida de DHT
2026-05-14,16:56:46,maceta2,88,89,65,65,65,110.41666666666667,,22.5,97.7,0,0,0,
2026-05-14,16:57:15,maceta1,114,128,55,49,52,495.4166666666667,,,,0,0,1,Lectura invalida de DHT
2026-05-14,16:57:15,maceta2,89,89,65,65,65,110.83333333333334,,21.7,95.5,0,0,0,
2026-05-14,16:57:53,maceta1,128,128,49,49,49,499.58333333333337,,,,0,0,1,Lectura invalida de DHT
2026-05-14,16:57:53,maceta2,90,90,64,64,64,104.58333333333334,,21.1,93.0,0,0,0,
2026-05-14,16:58:33,maceta1,92,86,63,66,64,496.25,,,,0,0,1,Lectura invalida de DHT
2026-05-14,16:58:33,maceta2,128,128,49,49,49,116.25,,20.3,89.5,0,0,0,
2026-05-14,16:59:04,maceta1,128,95,49,62,55,489.58333333333337,,,,0,0,1,Lectura invalida de DHT
2026-05-14,16:59:04,maceta2,89,88,65,65,65,114.58333333333334,,19.7,86.7,0,0,0,
2026-05-14,16:59:43,maceta1,92,87,63,65,64,492.08333333333337,,19.4,86.3,0,0,1,
2026-05-14,16:59:43,maceta2,128,128,49,49,49,109.16666666666667,,,,0,0,0,Lectura invalida de DHT
2026-05-14,17:00:15,maceta1,92,86,63,66,64,492.9166666666667,,,,0,0,1,Lectura invalida de DHT
2026-05-14,17:00:15,maceta2,88,88,65,65,65,126.66666666666667,,18.9,86.2,0,0,0,
2026-05-14,17:00:58,maceta1,128,128,49,49,49,493.33333333333337,,,,0,0,1,Lectura invalida de DHT
2026-05-14,17:00:58,maceta2,90,89,64,65,64,125.83333333333334,,18.6,86.0,0,0,0,
2026-05-14,17:01:37,maceta1,93,86,63,66,64,491.25,,,,0,0,1,Lectura invalida de DHT
2026-05-14,17:01:37,maceta2,128,128,49,49,49,120.0,,,,0,0,0,Lectura invalida de DHT
2026-05-14,17:02:12,maceta1,92,87,63,65,64,486.25,,,,0,0,1,Lectura invalida de DHT
2026-05-14,17:02:12,maceta2,128,128,49,49,49,122.91666666666667,,17.9,85.9,0,0,0,
2026-05-14,17:03:02,maceta1,128,120,49,52,50,490.4166666666667,,,,0,0,1,Lectura invalida de DHT
2026-05-14,17:03:02,maceta2,90,89,64,65,64,124.58333333333334,,,,0,0,0,Lectura invalida de DHT
2026-05-14,17:03:41,maceta1,93,87,63,65,64,490.83333333333337,,,,0,0,1,Lectura invalida de DHT
2026-05-14,17:03:41,maceta2,90,88,64,65,64,94.58333333333334,,,,0,0,0,Lectura invalida de DHT
2026-05-14,17:04:11,maceta1,128,128,49,49,49,490.83333333333337,,,,0,0,1,Lectura invalida de DHT
2026-05-14,17:04:11,maceta2,90,89,64,65,64,126.25,,,,0,0,0,Lectura invalida de DHT
2026-05-14,17:04:42,maceta1,92,86,63,66,64,503.33333333333337,,,,0,0,1,Lectura invalida de DHT
2026-05-14,17:04:42,maceta2,128,128,49,49,49,126.66666666666667,,,,0,0,0,Lectura invalida de DHT
2026-05-14,17:05:12,maceta1,128,120,49,52,50,504.58333333333337,,,,0,0,1,Lectura invalida de DHT
2026-05-14,17:05:12,maceta2,89,89,65,65,65,126.25,,17.0,85.7,0,0,0,
2026-05-14,17:05:41,maceta1,100,128,60,49,54,564.5833333333334,,,,0,0,1,Lectura invalida de DHT
2026-05-14,17:05:41,maceta2,89,89,65,65,65,110.83333333333334,,16.9,85.7,0,0,0,
2026-05-14,17:06:11,maceta1,92,86,63,66,64,556.6666666666667,,,,0,0,1,Lectura invalida de DHT
2026-05-14,17:06:11,maceta2,89,89,65,65,65,125.83333333333334,,16.8,85.7,0,0,0,
2026-05-14,17:06:50,maceta1,128,128,49,49,49,554.1666666666667,,,,0,0,1,Lectura invalida de DHT
2026-05-14,17:06:50,maceta2,90,90,64,64,64,117.91666666666667,,16.8,85.7,0,0,0,
2026-05-14,17:07:21,maceta1,92,85,63,66,64,553.75,,,,0,0,1,Lectura invalida de DHT
2026-05-14,17:07:21,maceta2,90,90,64,64,64,105.0,,16.6,85.7,0,0,0,
2026-05-14,17:08:06,maceta1,128,87,49,65,57,556.25,,,,0,0,1,Lectura invalida de DHT
2026-05-14,17:08:06,maceta2,90,89,64,65,64,120.0,,16.6,85.7,0,0,0,
2026-05-14,17:08:40,maceta1,128,128,49,49,49,487.9166666666667,,,,0,0,1,Lectura invalida de DHT
2026-05-14,17:08:40,maceta2,90,89,64,65,64,120.83333333333334,,16.5,85.7,0,0,0,
2026-05-14,17:09:09,maceta1,128,119,49,53,51,546.25,,,,0,0,1,Lectura invalida de DHT
2026-05-14,17:09:09,maceta2,93,90,63,64,63,120.83333333333334,,,,0,0,0,Lectura invalida de DHT
2026-05-14,17:09:47,maceta1,114,128,55,49,52,544.5833333333334,,,,0,0,1,Lectura invalida de DHT
2026-05-14,17:09:47,maceta2,91,90,64,64,64,110.83333333333334,,,,0,0,0,Lectura invalida de DHT
2026-05-14,17:10:25,maceta1,92,86,63,66,64,549.5833333333334,,23.2,47.4,0,0,1,
2026-05-14,17:10:25,maceta2,89,88,65,65,65,108.33333333333334,,16.4,85.7,0,0,0,
2026-05-14,17:11:14,maceta1,92,86,63,66,64,552.5,,24.5,40.1,0,0,1,
2026-05-14,17:11:14,maceta2,128,128,49,49,49,112.5,,,,0,0,0,Lectura invalida de DHT
2026-05-14,17:11:46,maceta1,92,86,63,66,64,552.9166666666667,,23.6,48.9,0,0,1,
2026-05-14,17:11:46,maceta2,90,89,64,65,64,120.83333333333334,,,,0,0,0,Lectura invalida de DHT
2026-05-14,17:12:16,maceta1,128,128,49,49,49,422.9166666666667,,23.2,72.0,0,0,1,
2026-05-14,17:12:16,maceta2,90,89,64,65,64,121.25,,16.2,85.7,0,0,0,
2026-05-14,17:12:45,maceta1,92,87,63,65,64,465.0,,23.3,61.2,0,0,1,
2026-05-14,17:12:45,maceta2,128,128,49,49,49,121.25,,,,0,0,0,Lectura invalida de DHT
2026-05-14,17:13:17,maceta1,93,87,63,65,64,499.1666666666667,,23.5,77.8,0,0,1,
2026-05-14,17:13:17,maceta2,90,88,64,65,64,121.25,,16.2,85.7,0,0,0,
2026-05-14,17:14:02,maceta1,128,128,49,49,49,508.75,,,,0,0,1,Lectura invalida de DHT
2026-05-14,17:14:02,maceta2,90,89,64,65,64,112.08333333333334,,,,0,0,0,Lectura invalida de DHT
2026-05-14,17:14:33,maceta1,128,128,49,49,49,509.1666666666667,,,,0,0,1,Lectura invalida de DHT
2026-05-14,17:14:33,maceta2,90,90,64,64,64,120.83333333333334,,16.1,85.6,0,0,0,
2026-05-14,17:15:17,maceta1,128,120,49,52,50,83.75,,22.7,60.0,0,0,1,
2026-05-14,17:15:17,maceta2,89,90,65,64,64,121.25,,16.1,85.6,0,0,0,
2026-05-14,17:15:49,maceta1,92,86,63,66,64,176.25,,22.6,52.8,0,0,1,
2026-05-14,17:15:49,maceta2,128,128,49,49,49,120.83333333333334,,,,0,0,0,Lectura invalida de DHT
2026-05-14,17:16:19,maceta1,128,128,49,49,49,618.3333333333334,,,,0,0,1,Lectura invalida de DHT
2026-05-14,17:16:19,maceta2,90,89,64,65,64,121.25,,16.1,85.7,0,0,0,
2026-05-14,17:16:49,maceta1,128,128,49,49,49,618.75,,,,0,0,1,Lectura invalida de DHT
2026-05-14,17:16:49,maceta2,91,89,64,65,64,136.66666666666669,,16.0,85.7,0,0,0,
2026-05-14,17:17:20,maceta1,92,86,63,66,64,619.1666666666667,,21.8,54.5,0,0,1,
2026-05-14,17:17:20,maceta2,128,128,49,49,49,225.0,,,,0,0,0,Lectura invalida de DHT
2026-05-14,17:17:55,maceta1,92,86,63,66,64,618.75,,,,0,0,1,Lectura invalida de DHT
2026-05-14,17:17:55,maceta2,128,128,49,49,49,43.75,,,,0,0,0,Lectura invalida de DHT
2026-05-14,17:18:25,maceta1,92,86,63,66,64,618.3333333333334,,21.3,56.2,0,0,1,
2026-05-14,17:18:25,maceta2,90,89,64,65,64,64.58333333333334,,,,0,0,0,Lectura invalida de DHT
2026-05-14,17:18:54,maceta1,92,128,63,49,56,615.8333333333334,,21.0,55.2,0,0,1,
2026-05-14,17:18:54,maceta2,90,89,64,65,64,62.083333333333336,,17.5,85.8,0,0,0,
2026-05-14,17:19:26,maceta1,92,86,63,66,64,610.0,,20.7,53.5,0,0,1,
2026-05-14,17:19:26,maceta2,90,104,64,59,61,270.83333333333337,,18.0,85.8,0,0,0,
2026-05-14,17:19:55,maceta1,92,87,63,65,64,616.6666666666667,,20.6,54.9,0,0,1,
2026-05-14,17:19:55,maceta2,112,112,56,56,56,283.33333333333337,,18.0,85.9,0,0,0,
2026-05-14,17:20:33,maceta1,93,86,63,66,64,614.1666666666667,,20.4,59.2,0,0,1,
2026-05-14,17:20:33,maceta2,91,90,64,64,64,334.58333333333337,,18.0,85.8,0,0,0,
2026-05-14,17:21:08,maceta1,92,86,63,66,64,615.0,,20.2,60.2,0,0,1,
2026-05-14,17:21:08,maceta2,90,90,64,64,64,345.0,,17.8,85.8,0,0,0,
2026-05-14,17:21:53,maceta1,128,128,49,49,49,614.1666666666667,,20.0,59.4,0,0,1,
2026-05-14,17:21:53,maceta2,91,90,64,64,64,355.83333333333337,,17.7,85.7,0,0,0,
2026-05-14,17:22:37,maceta1,128,128,49,49,49,615.0,,,,0,0,1,Lectura invalida de DHT
2026-05-14,17:22:37,maceta2,91,90,64,64,64,327.5,,17.5,85.7,0,0,0,
2026-05-14,17:23:19,maceta1,125,97,50,61,55,606.25,,19.7,59.1,0,0,1,
2026-05-14,17:23:19,maceta2,90,89,64,65,64,331.25,,17.4,85.6,0,0,0,
2026-05-14,17:23:53,maceta1,90,128,64,49,56,593.3333333333334,,19.6,60.0,0,0,1,
2026-05-14,17:23:53,maceta2,90,90,64,64,64,245.41666666666669,,,,0,0,0,Lectura invalida de DHT
2026-05-14,17:24:35,maceta1,91,86,64,66,65,610.0,,19.5,63.2,0,0,1,
2026-05-14,17:24:35,maceta2,90,90,64,64,64,253.33333333333334,,17.2,85.5,0,0,0,
2026-05-14,17:25:05,maceta1,128,128,49,49,49,595.0,,19.4,61.1,0,0,1,
2026-05-14,17:25:05,maceta2,90,89,64,65,64,189.58333333333334,,17.0,85.5,0,0,0,
2026-05-14,17:25:44,maceta1,128,100,49,60,54,281.6666666666667,,19.3,59.9,0,0,1,
2026-05-14,17:25:44,maceta2,89,89,65,65,65,304.1666666666667,,17.0,85.5,0,0,0,
2026-05-14,17:26:13,maceta1,128,128,49,49,49,610.0,,,,0,0,1,Lectura invalida de DHT
2026-05-14,17:26:13,maceta2,89,89,65,65,65,284.58333333333337,,16.9,85.5,0,0,0,
2026-05-14,17:26:45,maceta1,128,128,49,49,49,612.5,,,,0,0,1,Lectura invalida de DHT
2026-05-14,17:26:45,maceta2,89,89,65,65,65,299.58333333333337,,16.9,85.5,0,0,0,
2026-05-14,17:27:15,maceta1,128,118,49,53,51,606.25,,,,0,0,1,Lectura invalida de DHT
2026-05-14,17:27:15,maceta2,89,89,65,65,65,275.83333333333337,,16.8,85.5,0,0,0,
2026-05-14,17:27:45,maceta1,120,128,52,49,50,610.4166666666667,,,,0,0,1,Lectura invalida de DHT
2026-05-14,17:27:45,maceta2,89,89,65,65,65,304.1666666666667,,16.8,85.5,0,0,0,
2026-05-14,17:28:21,maceta1,128,128,49,49,49,615.0,,,,0,0,1,Lectura invalida de DHT
2026-05-14,17:28:21,maceta2,89,89,65,65,65,266.6666666666667,,16.7,85.5,0,0,0,
2026-05-14,17:28:50,maceta1,87,81,65,68,66,615.4166666666667,,,,0,0,1,Lectura invalida de DHT
2026-05-14,17:28:50,maceta2,128,105,49,58,53,257.08333333333337,,16.7,85.4,0,0,0,
2026-05-14,17:29:20,maceta1,128,128,49,49,49,614.5833333333334,,19.1,61.4,0,0,1,
2026-05-14,17:29:20,maceta2,91,89,64,65,64,310.4166666666667,,16.6,85.4,0,0,0,
2026-05-14,17:29:49,maceta1,87,80,65,68,66,616.25,,,,0,0,1,Lectura invalida de DHT
2026-05-14,17:29:49,maceta2,90,89,64,65,64,310.0,,16.6,85.4,0,0,0,
2026-05-14,17:30:28,maceta1,87,80,65,68,66,616.25,,19.1,60.4,0,0,1,
2026-05-14,17:30:28,maceta2,105,89,58,65,61,311.6666666666667,,16.6,85.4,0,0,0,
2026-05-14,17:30:58,maceta1,87,80,65,68,66,614.5833333333334,,19.0,59.8,0,0,1,
2026-05-14,17:30:58,maceta2,128,128,49,49,49,311.6666666666667,,,,0,0,0,Lectura invalida de DHT
2026-05-14,17:31:28,maceta1,128,79,49,69,59,615.0,,19.0,63.7,0,0,1,
2026-05-14,17:31:28,maceta2,90,88,64,65,64,311.6666666666667,,16.5,85.3,0,0,0,
2026-05-14,17:32:13,maceta1,128,128,49,49,49,615.8333333333334,,,,0,0,1,Lectura invalida de DHT
2026-05-14,17:32:13,maceta2,89,89,65,65,65,312.08333333333337,,,,0,0,0,Lectura invalida de DHT
2026-05-14,17:32:44,maceta1,128,128,49,49,49,616.25,,,,0,0,1,Lectura invalida de DHT
2026-05-14,17:32:44,maceta2,89,89,65,65,65,312.08333333333337,,16.5,85.0,0,0,0,
2026-05-14,17:33:29,maceta1,86,80,66,68,67,616.25,,18.9,65.1,0,0,1,
2026-05-14,17:33:29,maceta2,88,88,65,65,65,312.08333333333337,,,,0,0,0,Lectura invalida de DHT
2026-05-14,17:33:58,maceta1,86,80,66,68,67,615.4166666666667,,18.9,64.8,0,0,1,
2026-05-14,17:33:58,maceta2,89,88,65,65,65,312.08333333333337,,16.5,84.3,0,0,0,
2026-05-14,17:34:33,maceta1,86,80,66,68,67,615.4166666666667,,,,0,0,1,Lectura invalida de DHT
2026-05-14,17:34:33,maceta2,89,88,65,65,65,312.08333333333337,,16.5,83.7,0,0,0,
2026-05-14,17:35:03,maceta1,128,128,49,49,49,615.4166666666667,,18.8,65.6,0,0,1,
2026-05-14,17:35:03,maceta2,88,89,65,65,65,312.08333333333337,,,,0,0,0,Lectura invalida de DHT
2026-05-14,17:35:34,maceta1,87,81,65,68,66,615.4166666666667,,,,0,0,1,Lectura invalida de DHT
2026-05-14,17:35:34,maceta2,128,128,49,49,49,312.08333333333337,,16.5,82.3,0,0,0,
2026-05-14,17:36:04,maceta1,128,118,49,53,51,613.3333333333334,,18.8,62.2,0,0,1,
2026-05-14,17:36:04,maceta2,89,89,65,65,65,237.08333333333334,,16.5,81.3,0,0,0,
2026-05-14,17:36:33,maceta1,85,118,66,53,59,615.8333333333334,,,,0,0,1,Lectura invalida de DHT
2026-05-14,17:36:33,maceta2,88,88,65,65,65,311.6666666666667,,,,0,0,0,Lectura invalida de DHT
2026-05-14,17:36:50,maceta1,86,128,66,49,57,615.8333333333334,,,,0,0,1,Lectura invalida de DHT
2026-05-14,17:36:50,maceta2,88,88,65,65,65,311.25,,16.5,77.7,0,0,0,
2026-05-14,17:38:29,maceta1,128,128,49,49,49,610.4166666666667,,,,0,0,1,Lectura invalida de DHT
2026-05-14,17:38:29,maceta2,89,89,65,65,65,315.4166666666667,,16.5,76.4,0,0,0,
2026-05-14,17:38:55,maceta1,87,80,65,68,66,616.25,,,,0,0,1,Lectura invalida de DHT
2026-05-14,17:38:55,maceta2,91,90,64,64,64,316.25,,,,0,0,0,Lectura invalida de DHT
2026-05-14,17:39:15,maceta1,128,128,49,49,49,612.5,,18.6,66.2,0,0,1,
2026-05-14,17:39:15,maceta2,90,90,64,64,64,315.4166666666667,,,,0,0,0,Lectura invalida de DHT
2026-05-14,17:39:34,maceta1,86,80,66,68,67,614.5833333333334,,18.6,64.1,0,0,1,
2026-05-14,17:39:34,maceta2,89,88,65,65,65,315.4166666666667,,16.5,72.2,0,0,0,
2026-05-14,17:39:53,maceta1,128,118,49,53,51,614.1666666666667,,,,0,0,1,Lectura invalida de DHT
2026-05-14,17:39:53,maceta2,90,89,64,65,64,315.4166666666667,,16.5,71.9,0,0,0,
2026-05-14,17:40:23,maceta1,86,80,66,68,67,616.6666666666667,,18.7,67.5,0,0,1,
2026-05-14,17:40:23,maceta2,128,128,49,49,49,316.25,,,,0,0,0,Lectura invalida de DHT
2026-05-14,18:10:32,maceta1,83,89,67,65,66,12.083333333333334,,18.2,67.6,0,0,1,
2026-05-14,18:10:32,maceta2,89,88,65,65,65,9.583333333333334,,,,0,0,0,Lectura invalida de DHT
2026-05-14,18:40:41,maceta1,128,128,49,49,49,9.583333333333334,,,,0,0,1,Lectura invalida de DHT
2026-05-14,18:40:41,maceta2,89,88,65,65,65,8.75,,16.4,65.0,0,0,0,
2026-05-14,19:10:53,maceta1,128,128,49,49,49,9.166666666666668,,,,1,0,1,Lectura invalida de DHT
2026-05-14,19:10:53,maceta2,88,88,65,65,65,10.0,,,,1,0,0,Lectura invalida de DHT
2026-05-14,19:41:02,maceta1,128,128,49,49,49,10.416666666666668,253.75,19.5,58.2,1,0,1,
2026-05-14,19:41:02,maceta2,89,89,65,65,65,9.583333333333334,256.25,,,1,0,0,Lectura invalida de DHT
2026-05-14,20:11:16,maceta1,85,80,66,68,67,10.416666666666668,242.08333333333334,19.8,57.2,1,0,1,
2026-05-14,20:11:16,maceta2,90,89,64,65,64,9.583333333333334,257.08333333333337,,,1,0,0,Lectura invalida de DHT
2026-05-14,20:41:29,maceta1,128,128,49,49,49,10.416666666666668,247.5,,,1,0,1,Lectura invalida de DHT
2026-05-14,20:41:29,maceta2,91,89,64,65,64,9.583333333333334,247.08333333333334,18.8,60.9,1,0,0,
2026-05-14,21:11:48,maceta1,128,128,49,49,49,10.416666666666668,252.5,19.9,55.3,1,0,1,
2026-05-14,21:11:48,maceta2,89,89,65,65,65,9.583333333333334,248.75,18.9,61.6,1,0,0,
2026-05-14,21:42:02,maceta1,128,118,49,53,51,0.0,235.0,20.0,56.8,1,0,1,
2026-05-14,21:42:02,maceta2,89,96,65,62,63,0.8333333333333334,237.08333333333334,19.0,61.1,1,0,0,
2026-05-14,22:12:15,maceta1,85,80,66,68,67,0.0,237.5,20.0,55.0,1,0,1,
2026-05-14,22:12:15,maceta2,90,89,64,65,64,0.8333333333333334,235.41666666666669,19.0,62.1,1,0,0,
2026-05-14,22:42:28,maceta1,128,128,49,49,49,0.0,237.08333333333334,19.9,54.9,1,0,1,
2026-05-14,22:42:28,maceta2,90,90,64,64,64,0.8333333333333334,225.83333333333334,19.0,59.8,1,0,0,
2026-05-14,23:12:41,maceta1,85,80,66,68,67,0.0,234.16666666666669,19.9,57.2,1,0,1,
2026-05-14,23:12:41,maceta2,128,128,49,49,49,0.8333333333333334,236.25,18.9,60.3,1,0,0,
2026-05-14,23:42:54,maceta1,85,80,66,68,67,0.0,229.58333333333334,19.9,55.4,1,0,1,
2026-05-14,23:42:54,maceta2,128,105,49,58,53,0.8333333333333334,232.91666666666669,18.9,58.6,1,0,0,
2026-05-15,00:13:08,maceta1,128,99,49,61,55,0.0,233.33333333333334,,,1,0,1,Lectura invalida de DHT
2026-05-15,00:13:08,maceta2,89,96,65,62,63,0.8333333333333334,231.66666666666669,18.8,56.4,1,0,0,
2026-05-15,00:43:21,maceta1,84,80,67,68,67,0.0,240.0,,,1,0,1,Lectura invalida de DHT
2026-05-15,00:43:21,maceta2,89,89,65,65,65,0.8333333333333334,225.41666666666669,18.8,56.6,1,0,0,
2026-05-15,01:13:34,maceta1,128,128,49,49,49,0.0,230.0,,,1,0,1,Lectura invalida de DHT
2026-05-15,01:13:34,maceta2,89,89,65,65,65,0.8333333333333334,229.16666666666669,,,1,0,0,Lectura invalida de DHT
2026-05-15,01:43:47,maceta1,85,80,66,68,67,0.0,230.83333333333334,19.7,54.3,1,0,1,
2026-05-15,01:43:47,maceta2,128,128,49,49,49,0.8333333333333334,230.0,18.7,57.5,1,0,0,
2026-05-15,02:14:01,maceta1,128,128,49,49,49,0.0,227.5,,,1,0,1,Lectura invalida de DHT
2026-05-15,02:14:01,maceta2,89,90,65,64,64,0.8333333333333334,220.83333333333334,18.7,56.5,1,0,0,
2026-05-15,02:44:14,maceta1,128,128,49,49,49,0.0,227.08333333333334,19.7,55.5,1,0,1,
2026-05-15,02:44:14,maceta2,89,89,65,65,65,0.8333333333333334,223.33333333333334,18.6,56.2,1,0,0,
2026-05-15,03:14:27,maceta1,128,128,49,49,49,0.0,233.75,,,1,0,1,Lectura invalida de DHT
2026-05-15,03:14:27,maceta2,89,89,65,65,65,0.8333333333333334,219.58333333333334,,,1,0,0,Lectura invalida de DHT
2026-05-15,03:44:41,maceta1,128,128,49,49,49,0.0,234.58333333333334,,,1,0,1,Lectura invalida de DHT
2026-05-15,03:44:41,maceta2,89,88,65,65,65,0.8333333333333334,221.66666666666669,18.5,56.3,1,0,0,
2026-05-15,04:14:54,maceta1,85,80,66,68,67,0.0,232.5,19.5,55.9,1,0,1,
2026-05-15,04:14:54,maceta2,128,128,49,49,49,0.8333333333333334,227.5,,,1,0,0,Lectura invalida de DHT
2026-05-15,04:45:07,maceta1,128,118,49,53,51,0.0,240.41666666666669,,,1,0,1,Lectura invalida de DHT
2026-05-15,04:45:07,maceta2,89,89,65,65,65,0.8333333333333334,226.66666666666669,18.4,56.6,1,0,0,
2026-05-15,05:15:21,maceta1,128,80,49,68,58,0.0,242.08333333333334,19.4,55.4,1,0,1,
2026-05-15,05:15:21,maceta2,89,113,65,55,60,0.8333333333333334,218.33333333333334,,,1,0,0,Lectura invalida de DHT
2026-05-15,05:45:34,maceta1,84,80,67,68,67,0.0,233.33333333333334,19.4,54.8,1,0,1,
2026-05-15,05:45:34,maceta2,89,89,65,65,65,0.8333333333333334,221.66666666666669,18.3,56.2,1,0,0,
2026-05-15,06:15:47,maceta1,128,128,49,49,49,0.0,231.25,19.3,55.2,1,0,1,
2026-05-15,06:15:47,maceta2,89,89,65,65,65,0.8333333333333334,225.0,18.2,56.0,1,0,0,
2026-05-15,06:46:00,maceta1,84,80,67,68,67,0.0,230.41666666666669,19.3,54.6,1,0,1,
2026-05-15,06:46:00,maceta2,128,128,49,49,49,0.8333333333333334,223.33333333333334,18.2,56.3,1,0,0,
2026-05-15,07:16:14,maceta1,128,128,49,49,49,0.0,242.5,,,1,0,1,Lectura invalida de DHT
2026-05-15,07:16:14,maceta2,91,90,64,64,64,0.8333333333333334,217.08333333333334,18.1,56.7,0,0,0,
2026-05-15,15:18:38,maceta1,93,83,63,67,65,649.5833333333334,,17.4,51.9,0,0,1,
2026-05-15,15:18:38,maceta2,128,128,49,49,49,377.5,,,,0,0,0,Lectura invalida de DHT
2026-05-15,15:19:35,maceta1,93,82,63,67,65,646.25,,17.4,56.9,0,0,1,
2026-05-15,15:19:35,maceta2,89,88,65,65,65,371.25,,15.8,57.9,0,0,0,
2026-05-15,15:19:59,maceta1,93,82,63,67,65,643.3333333333334,,17.4,59.1,0,0,1,
2026-05-15,15:19:59,maceta2,89,88,65,65,65,384.58333333333337,,15.8,61.6,0,0,0,
2026-05-15,15:20:24,maceta1,92,82,63,67,65,637.0833333333334,,17.4,62.3,0,0,1,
2026-05-15,15:20:24,maceta2,128,128,49,49,49,355.0,,,,0,0,0,Lectura invalida de DHT
2026-05-15,15:20:48,maceta1,93,82,63,67,65,640.0,,17.4,57.6,0,0,1,
2026-05-15,15:20:48,maceta2,128,120,49,52,50,383.75,,15.8,61.9,0,0,0,
2026-05-15,15:21:12,maceta1,93,128,63,49,56,632.9166666666667,,,,0,0,1,Lectura invalida de DHT
2026-05-15,15:21:12,maceta2,88,88,65,65,65,381.25,,15.8,62.0,0,0,0,
2026-05-15,15:21:37,maceta1,128,128,49,49,49,637.0833333333334,,,,0,0,1,Lectura invalida de DHT
2026-05-15,15:21:37,maceta2,88,88,65,65,65,371.6666666666667,,15.8,61.2,0,0,0,
2026-05-15,15:22:01,maceta1,128,128,49,49,49,640.0,,,,0,0,1,Lectura invalida de DHT
2026-05-15,15:22:01,maceta2,88,88,65,65,65,382.5,,15.8,62.7,0,0,0,
2026-05-15,15:22:25,maceta1,128,128,49,49,49,640.0,,17.4,57.0,0,0,1,
2026-05-15,15:22:25,maceta2,89,89,65,65,65,383.75,,15.8,62.4,0,0,0,
2026-05-15,15:22:50,maceta1,99,128,61,49,55,416.6666666666667,,,,0,0,1,Lectura invalida de DHT
2026-05-15,15:22:50,maceta2,89,89,65,65,65,383.75,,15.8,60.3,0,0,0,
2026-05-15,15:23:14,maceta1,128,81,49,68,58,640.0,,,,0,0,1,Lectura invalida de DHT
2026-05-15,15:23:14,maceta2,89,89,65,65,65,382.08333333333337,,15.8,56.6,0,0,0,
2026-05-15,15:23:38,maceta1,93,82,63,67,65,640.0,,17.5,55.3,0,0,1,
2026-05-15,15:23:38,maceta2,88,88,65,65,65,383.33333333333337,,15.8,55.6,0,0,0,
2026-05-15,15:24:03,maceta1,93,82,63,67,65,640.0,,17.5,53.7,0,0,1,
2026-05-15,15:24:03,maceta2,128,128,49,49,49,383.75,,15.8,58.2,0,0,0,
2026-05-15,15:24:27,maceta1,92,81,63,68,65,627.9166666666667,,17.6,53.3,0,0,1,
2026-05-15,15:24:27,maceta2,128,128,49,49,49,372.08333333333337,,15.8,58.0,0,0,0,
2026-05-15,15:24:51,maceta1,113,128,55,49,52,625.0,,17.6,57.1,0,0,1,
2026-05-15,15:24:51,maceta2,87,86,65,66,65,368.75,,15.8,59.3,0,0,0,
2026-05-15,15:25:16,maceta1,128,128,49,49,49,625.0,,,,0,0,1,Lectura invalida de DHT
2026-05-15,15:25:16,maceta2,87,87,65,65,65,365.83333333333337,,15.8,61.4,0,0,0,
2026-05-15,15:25:40,maceta1,128,128,49,49,49,623.3333333333334,,17.6,62.5,0,0,1,
2026-05-15,15:25:40,maceta2,87,87,65,65,65,367.9166666666667,,15.8,62.0,0,0,0,
2026-05-15,15:26:04,maceta1,128,128,49,49,49,630.0,,17.6,63.7,0,0,1,
2026-05-15,15:26:04,maceta2,88,87,65,65,65,365.83333333333337,,15.8,62.5,0,0,0,
2026-05-15,15:26:29,maceta1,128,128,49,49,49,640.0,,,,0,0,1,Lectura invalida de DHT
2026-05-15,15:26:29,maceta2,87,87,65,65,65,362.08333333333337,,15.8,63.3,0,0,0,
2026-05-15,15:26:53,maceta1,105,79,58,69,63,640.4166666666667,,17.6,59.8,0,0,1,
2026-05-15,15:26:53,maceta2,87,86,65,66,65,362.08333333333337,,15.9,64.7,0,0,0,
2026-05-15,15:27:17,maceta1,91,80,64,68,66,638.3333333333334,,,,0,0,1,Lectura invalida de DHT
2026-05-15,15:27:17,maceta2,86,87,66,65,65,320.0,,15.9,63.9,0,0,0,
2026-05-15,15:27:41,maceta1,91,80,64,68,66,635.0,,17.6,58.2,0,0,1,
2026-05-15,15:27:41,maceta2,120,128,52,49,50,300.0,,15.9,65.0,0,0,0,
2026-05-15,15:28:06,maceta1,90,80,64,68,66,637.0833333333334,,,,0,0,1,Lectura invalida de DHT
2026-05-15,15:28:06,maceta2,128,128,49,49,49,332.9166666666667,,15.9,64.7,0,0,0,
2026-05-15,15:28:30,maceta1,91,118,64,53,58,635.8333333333334,,17.6,61.3,0,0,1,
2026-05-15,15:28:30,maceta2,87,87,65,65,65,312.9166666666667,,16.0,65.6,0,0,0,
2026-05-15,15:28:54,maceta1,113,80,55,68,61,640.4166666666667,,,,0,0,1,Lectura invalida de DHT
2026-05-15,15:28:54,maceta2,88,87,65,65,65,384.1666666666667,,16.0,65.0,0,0,0,
2026-05-15,15:29:07,maceta1,128,128,49,49,49,640.4166666666667,,17.6,63.6,0,0,1,
2026-05-15,15:29:07,maceta2,87,87,65,65,65,367.9166666666667,,16.0,65.4,0,0,0,
2026-05-15,15:59:16,maceta1,128,128,49,49,49,24.583333333333336,,,,0,0,1,Lectura invalida de DHT
2026-05-15,15:59:16,maceta2,88,87,65,65,65,12.5,,,,0,0,0,Lectura invalida de DHT
2026-05-15,16:29:26,maceta1,128,128,49,49,49,25.833333333333336,,17.2,54.1,0,0,1,
2026-05-15,16:29:26,maceta2,88,87,65,65,65,12.916666666666668,,15.8,65.5,0,0,0,
2026-05-15,16:59:35,maceta1,128,128,49,49,49,16.666666666666668,,,,0,0,1,Lectura invalida de DHT
2026-05-15,16:59:35,maceta2,88,87,65,65,65,8.75,,15.8,66.6,0,0,0,
2026-05-15,17:29:49,maceta1,91,79,64,69,66,10.416666666666668,,17.2,54.8,0,0,1,
2026-05-15,17:29:49,maceta2,128,128,49,49,49,5.416666666666667,,,,0,0,0,Lectura invalida de DHT
2026-05-15,17:59:59,maceta1,91,80,64,68,66,6.25,,17.1,50.0,0,0,1,
2026-05-15,17:59:59,maceta2,88,87,65,65,65,5.833333333333334,,15.8,67.2,0,0,0,
2026-05-15,18:30:08,maceta1,91,80,64,68,66,0.0,,,,0,0,1,Lectura invalida de DHT
2026-05-15,18:30:08,maceta2,87,87,65,65,65,0.0,,,,0,0,0,Lectura invalida de DHT
2026-05-15,19:00:17,maceta1,128,128,49,49,49,0.0,,17.0,50.7,1,0,1,
2026-05-15,19:00:17,maceta2,87,87,65,65,65,1.25,,15.8,67.7,1,0,0,
2026-05-15,19:30:26,maceta1,128,128,49,49,49,0.0,230.83333333333334,,,1,0,1,Lectura invalida de DHT
2026-05-15,19:30:26,maceta2,88,87,65,65,65,0.8333333333333334,222.5,15.7,67.1,1,0,0,
2026-05-15,20:00:40,maceta1,120,128,52,49,50,0.0,233.33333333333334,19.5,52.8,1,0,1,
2026-05-15,20:00:40,maceta2,88,87,65,65,65,0.8333333333333334,213.33333333333334,,,1,0,0,Lectura invalida de DHT
2026-05-15,20:30:54,maceta1,106,128,58,49,53,0.0,230.0,,,1,0,1,Lectura invalida de DHT
2026-05-15,20:30:54,maceta2,88,88,65,65,65,0.8333333333333334,215.41666666666669,18.5,58.5,1,0,0,
2026-05-15,21:01:08,maceta1,120,128,52,49,50,0.0,240.0,19.6,52.7,1,0,1,
2026-05-15,21:01:08,maceta2,88,87,65,65,65,0.8333333333333334,219.16666666666669,,,1,0,0,Lectura invalida de DHT
2026-05-15,21:31:21,maceta1,92,80,63,68,65,0.0,233.33333333333334,,,1,0,1,Lectura invalida de DHT
2026-05-15,21:31:21,maceta2,88,89,65,65,65,1.25,217.08333333333334,,,1,0,0,Lectura invalida de DHT
2026-05-15,22:01:34,maceta1,128,128,49,49,49,0.0,237.08333333333334,,,1,0,1,Lectura invalida de DHT
2026-05-15,22:01:34,maceta2,90,88,64,65,64,1.25,209.16666666666669,18.7,56.6,1,0,0,
2026-05-15,22:31:47,maceta1,92,80,63,68,65,0.0,238.75,19.6,49.5,1,0,1,
2026-05-15,22:31:47,maceta2,128,128,49,49,49,1.25,210.0,,,1,0,0,Lectura invalida de DHT
2026-05-15,23:02:01,maceta1,120,128,52,49,50,0.0,236.66666666666669,,,1,0,1,Lectura invalida de DHT
2026-05-15,23:02:01,maceta2,87,87,65,65,65,0.8333333333333334,208.33333333333334,18.6,55.1,1,0,0,
2026-05-15,23:32:14,maceta1,128,128,49,49,49,0.0,239.58333333333334,19.5,49.1,1,0,1,
2026-05-15,23:32:14,maceta2,88,87,65,65,65,0.8333333333333334,213.33333333333334,,,1,0,0,Lectura invalida de DHT
2026-05-16,00:02:27,maceta1,92,80,63,68,65,0.0,240.83333333333334,,,1,0,1,Lectura invalida de DHT
2026-05-16,00:02:27,maceta2,88,88,65,65,65,0.8333333333333334,214.58333333333334,18.5,55.5,1,0,0,
2026-05-16,00:32:40,maceta1,128,118,49,53,51,0.0,244.16666666666669,,,1,0,1,Lectura invalida de DHT
2026-05-16,00:32:40,maceta2,90,87,64,65,64,1.25,209.58333333333334,18.4,54.6,1,0,0,
2026-05-16,01:02:54,maceta1,93,81,63,68,65,0.0,238.75,19.5,48.3,1,0,1,
2026-05-16,01:02:54,maceta2,128,128,49,49,49,1.25,215.83333333333334,,,1,0,0,Lectura invalida de DHT
2026-05-16,01:33:07,maceta1,106,128,58,49,53,0.0,231.25,19.5,48.5,1,0,1,
2026-05-16,01:33:07,maceta2,87,87,65,65,65,0.8333333333333334,215.0,18.4,54.1,1,0,0,
2026-05-16,02:03:20,maceta1,128,128,49,49,49,0.0,238.33333333333334,19.4,48.5,1,0,1,
2026-05-16,02:03:20,maceta2,87,88,65,65,65,1.25,213.33333333333334,18.4,54.2,1,0,0,
2026-05-16,02:33:33,maceta1,93,80,63,68,65,0.0,242.91666666666669,,,1,0,1,Lectura invalida de DHT
2026-05-16,02:33:33,maceta2,87,87,65,65,65,1.25,208.75,18.4,57.1,1,0,0,
2026-05-16,03:03:47,maceta1,128,128,49,49,49,0.0,239.16666666666669,,,1,0,1,Lectura invalida de DHT
2026-05-16,03:03:47,maceta2,87,86,65,66,65,1.25,205.41666666666669,18.3,55.5,1,0,0,
2026-05-16,03:34:00,maceta1,93,80,63,68,65,0.0,230.41666666666669,19.2,48.0,1,0,1,
2026-05-16,03:34:00,maceta2,128,128,49,49,49,1.25,209.16666666666669,18.3,54.6,1,0,0,
2026-05-16,04:04:13,maceta1,128,128,49,49,49,0.0,232.91666666666669,,,1,0,1,Lectura invalida de DHT
2026-05-16,04:04:13,maceta2,88,87,65,65,65,1.25,213.33333333333334,,,1,0,0,Lectura invalida de DHT
2026-05-16,04:34:26,maceta1,128,128,49,49,49,0.0,231.25,19.1,48.7,1,0,1,
2026-05-16,04:34:26,maceta2,87,87,65,65,65,1.25,205.0,,,1,0,0,Lectura invalida de DHT
2026-05-16,05:04:40,maceta1,93,80,63,68,65,0.0,239.16666666666669,19.1,49.0,1,0,1,
2026-05-16,05:04:40,maceta2,87,87,65,65,65,0.8333333333333334,213.33333333333334,18.0,56.0,1,0,0,
2026-05-16,05:34:53,maceta1,128,128,49,49,49,0.0,240.0,,,1,0,1,Lectura invalida de DHT
2026-05-16,05:34:53,maceta2,88,87,65,65,65,1.25,211.25,,,1,0,0,Lectura invalida de DHT
2026-05-16,06:05:06,maceta1,93,80,63,68,65,0.0,230.83333333333334,19.0,48.3,1,0,1,
2026-05-16,06:05:06,maceta2,128,128,49,49,49,1.25,210.83333333333334,,,1,0,0,Lectura invalida de DHT
2026-05-16,06:35:19,maceta1,128,128,49,49,49,0.0,238.75,19.0,48.6,1,0,1,
2026-05-16,06:35:19,maceta2,88,87,65,65,65,1.25,205.83333333333334,,,1,0,0,Lectura invalida de DHT
2026-05-16,07:05:33,maceta1,128,128,49,49,49,0.0,239.16666666666669,19.0,48.6,1,0,1,
2026-05-16,07:05:33,maceta2,87,87,65,65,65,1.25,211.25,17.8,54.9,0,0,0,
2026-05-18,15:54:47,maceta1,95,79,62,69,65,354.1666666666667,,13.8,55.4,0,0,1,
2026-05-18,15:54:47,maceta2,86,86,66,66,66,390.4166666666667,,16.9,56.2,0,0,0,
2026-05-18,16:24:56,maceta1,128,108,49,57,53,619.5833333333334,,14.4,63.9,0,0,1,
2026-05-18,16:24:56,maceta2,86,86,66,66,66,351.6666666666667,,,,0,0,0,Lectura invalida de DHT
2026-05-18,16:37:10,maceta1,128,128,49,49,49,617.5,,,,1,0,1,Lectura invalida de DHT
2026-05-18,16:37:10,maceta2,86,87,66,65,65,335.83333333333337,,12.5,65.2,1,0,0,
2026-05-18,16:37:51,maceta1,91,79,64,69,66,621.25,892.9166666666667,14.3,56.3,1,0,1,
2026-05-18,16:37:51,maceta2,95,87,62,65,63,335.4166666666667,606.6666666666667,,,1,0,0,Lectura invalida de DHT
2026-05-18,16:38:34,maceta1,128,128,49,49,49,624.1666666666667,892.5,14.3,58.9,1,0,1,
2026-05-18,16:38:34,maceta2,100,188,60,26,43,333.33333333333337,607.9166666666667,12.5,60.6,1,0,0,
2026-05-18,16:39:21,maceta1,91,81,64,68,66,317.5,5242.916666666667,14.4,59.8,1,0,1,
2026-05-18,16:39:21,maceta2,99,196,61,23,42,328.75,595.4166666666667,12.7,59.7,1,0,0,
2026-05-18,16:40:04,maceta1,92,79,63,69,66,371.25,6327.5,,,1,0,1,Lectura invalida de DHT
2026-05-18,16:40:04,maceta2,98,197,61,22,41,332.5,610.0,12.8,59.3,1,0,0,
2026-05-18,16:40:47,maceta1,128,109,49,57,53,358.75,6288.333333333334,14.6,58.3,1,0,1,
2026-05-18,16:40:47,maceta2,100,198,60,22,41,333.75,600.4166666666667,,,1,0,0,Lectura invalida de DHT
2026-05-18,16:41:32,maceta1,92,79,63,69,66,373.33333333333337,6269.583333333334,14.7,57.1,1,0,1,
2026-05-18,16:41:32,maceta2,99,199,61,21,41,346.25,622.9166666666667,13.0,58.5,1,0,0,
2026-05-18,16:42:15,maceta1,91,79,64,69,66,373.33333333333337,6223.333333333334,14.8,55.0,1,0,1,
2026-05-18,16:42:15,maceta2,128,128,49,49,49,357.08333333333337,635.0,13.1,57.5,1,0,0,
2026-05-18,16:42:59,maceta1,128,128,49,49,49,375.4166666666667,6496.25,14.9,55.9,1,0,1,
2026-05-18,16:42:59,maceta2,101,200,60,21,40,357.9166666666667,639.1666666666667,,,1,0,0,Lectura invalida de DHT
2026-05-18,16:43:50,maceta1,92,80,63,68,65,376.6666666666667,6479.583333333334,,,1,0,1,Lectura invalida de DHT
2026-05-18,16:43:50,maceta2,100,200,60,21,40,358.33333333333337,638.3333333333334,,,1,0,0,Lectura invalida de DHT
2026-05-18,16:44:33,maceta1,91,80,64,68,66,377.9166666666667,6260.416666666667,15.1,52.8,1,0,1,
2026-05-18,16:44:33,maceta2,128,128,49,49,49,358.33333333333337,631.25,13.5,57.8,1,0,0,
2026-05-18,16:45:17,maceta1,128,128,49,49,49,379.58333333333337,6113.333333333334,15.2,55.6,1,0,1,
2026-05-18,16:45:17,maceta2,101,201,60,21,40,358.33333333333337,635.0,,,1,0,0,Lectura invalida de DHT
2026-05-18,16:46:00,maceta1,128,128,49,49,49,380.4166666666667,6087.083333333334,,,1,0,1,Lectura invalida de DHT
2026-05-18,16:46:00,maceta2,102,202,60,20,40,358.75,633.3333333333334,,,1,0,0,Lectura invalida de DHT
2026-05-18,16:46:43,maceta1,92,109,63,57,60,381.25,6371.666666666667,15.2,51.7,1,0,1,
2026-05-18,16:46:43,maceta2,102,203,60,20,40,358.75,630.8333333333334,13.9,56.9,1,0,0,
2026-05-18,16:47:27,maceta1,92,79,63,69,66,381.6666666666667,5996.25,15.3,50.9,1,0,1,
2026-05-18,16:47:27,maceta2,128,128,49,49,49,357.9166666666667,620.4166666666667,,,1,0,0,Lectura invalida de DHT
2026-05-18,16:48:10,maceta1,128,128,49,49,49,381.6666666666667,6008.75,15.4,50.9,1,0,1,
2026-05-18,16:48:10,maceta2,100,204,60,20,40,357.08333333333337,617.5,14.0,56.5,1,0,0,
2026-05-18,16:48:53,maceta1,128,128,49,49,49,382.08333333333337,6220.0,15.4,50.8,1,0,1,
2026-05-18,16:48:53,maceta2,100,204,60,20,40,357.08333333333337,619.5833333333334,14.1,57.1,1,0,0,
2026-05-18,16:49:36,maceta1,106,128,58,49,53,383.33333333333337,5941.25,15.5,55.3,1,0,1,
2026-05-18,16:49:36,maceta2,100,205,60,19,39,355.0,596.25,14.2,56.2,1,0,0,
2026-05-18,16:50:20,maceta1,92,80,63,68,65,383.75,6008.333333333334,15.5,52.2,1,0,1,
2026-05-18,16:50:20,maceta2,100,206,60,19,39,355.4166666666667,623.3333333333334,14.2,55.3,1,0,0,
2026-05-18,16:51:03,maceta1,128,128,49,49,49,373.33333333333337,6005.0,15.6,50.8,1,0,1,
2026-05-18,16:51:03,maceta2,99,207,61,18,39,355.4166666666667,620.8333333333334,14.3,54.5,1,0,0,
2026-05-18,16:55:24,maceta1,128,128,49,49,49,366.6666666666667,,,,1,0,1,Lectura invalida de DHT
2026-05-18,16:55:24,maceta2,98,210,61,17,39,345.0,,14.3,54.0,1,0,0,
2026-05-18,16:56:04,maceta1,91,79,64,69,66,380.83333333333337,5397.083333333334,15.6,50.8,1,0,1,
2026-05-18,16:56:04,maceta2,128,128,49,49,49,348.33333333333337,662.9166666666667,,,1,0,0,Lectura invalida de DHT
2026-05-18,16:56:47,maceta1,128,128,49,49,49,308.75,5386.666666666667,15.7,52.5,1,0,1,
2026-05-18,16:56:47,maceta2,97,210,61,17,39,327.5,634.5833333333334,,,1,0,0,Lectura invalida de DHT
2026-05-18,16:57:30,maceta1,128,128,49,49,49,373.33333333333337,8981.25,15.9,54.9,1,0,1,
2026-05-18,16:57:30,maceta2,100,210,60,17,38,373.75,621.6666666666667,14.4,56.7,1,0,0,
2026-05-18,16:58:14,maceta1,91,79,64,69,66,380.0,5810.416666666667,,,1,0,1,Lectura invalida de DHT
2026-05-18,16:58:14,maceta2,99,210,61,17,39,373.33333333333337,617.5,14.5,55.4,1,0,0,
2026-05-18,16:58:57,maceta1,91,79,64,69,66,360.83333333333337,5270.0,16.4,53.8,1,0,1,
2026-05-18,16:58:57,maceta2,122,128,52,49,50,360.83333333333337,575.8333333333334,14.5,55.1,1,0,0,
2026-05-18,16:59:41,maceta1,128,128,49,49,49,341.6666666666667,5607.5,16.4,51.0,1,0,1,
2026-05-18,16:59:41,maceta2,100,211,60,17,38,356.25,588.75,14.6,55.7,1,0,0,
2026-05-18,17:00:24,maceta1,128,128,49,49,49,344.58333333333337,5475.0,,,1,0,1,Lectura invalida de DHT
2026-05-18,17:00:24,maceta2,99,210,61,17,39,379.58333333333337,606.25,14.7,54.9,1,0,0,
2026-05-18,17:01:08,maceta1,105,128,58,49,53,348.75,4856.666666666667,16.5,49.5,1,0,1,
2026-05-18,17:01:08,maceta2,99,210,61,17,39,376.6666666666667,559.1666666666667,14.7,56.4,1,0,0,
2026-05-18,17:01:51,maceta1,91,79,64,69,66,355.0,5543.333333333334,16.5,51.1,1,0,1,
2026-05-18,17:01:51,maceta2,100,210,60,17,38,378.75,602.0833333333334,14.8,55.4,1,0,0,
2026-05-18,17:02:34,maceta1,128,109,49,57,53,331.6666666666667,5474.583333333334,16.5,50.1,1,0,1,
2026-05-18,17:02:34,maceta2,99,210,61,17,39,354.58333333333337,583.3333333333334,,,1,0,0,Lectura invalida de DHT
2026-05-18,17:03:18,maceta1,128,128,49,49,49,353.75,10831.25,,,1,0,1,Lectura invalida de DHT
2026-05-18,17:03:18,maceta2,99,210,61,17,39,317.5,590.8333333333334,,,1,0,0,Lectura invalida de DHT
2026-05-18,17:04:01,maceta1,128,118,49,53,51,352.9166666666667,10403.75,16.5,50.1,1,0,1,
2026-05-18,17:04:01,maceta2,99,211,61,17,39,376.25,594.5833333333334,14.9,54.1,1,0,0,
2026-05-18,17:04:44,maceta1,91,80,64,68,66,337.08333333333337,10646.666666666668,16.6,50.8,1,0,1,
2026-05-18,17:04:44,maceta2,99,210,61,17,39,357.5,597.5,15.0,55.6,1,0,0,
2026-05-18,17:05:28,maceta1,91,80,64,68,66,346.25,337.5,16.5,49.5,1,0,1,
2026-05-18,17:05:28,maceta2,128,128,49,49,49,335.4166666666667,555.8333333333334,,,1,0,0,Lectura invalida de DHT
2026-05-18,17:06:11,maceta1,128,128,49,49,49,352.08333333333337,331.25,16.5,51.6,1,0,1,
2026-05-18,17:06:11,maceta2,101,210,60,17,38,352.5,572.0833333333334,,,1,0,0,Lectura invalida de DHT
2026-05-18,17:06:54,maceta1,91,80,64,68,66,329.58333333333337,329.58333333333337,,,1,0,1,Lectura invalida de DHT
2026-05-18,17:06:54,maceta2,102,211,60,17,38,354.58333333333337,568.3333333333334,15.2,54.2,1,0,0,
2026-05-18,17:07:38,maceta1,92,80,63,68,65,261.25,266.6666666666667,16.5,50.8,1,0,1,
2026-05-18,17:07:38,maceta2,100,210,60,17,38,213.75,471.25,,,1,0,0,Lectura invalida de DHT
2026-05-18,17:08:21,maceta1,91,79,64,69,66,270.83333333333337,296.6666666666667,16.4,51.7,1,0,1,
2026-05-18,17:08:21,maceta2,101,194,60,23,41,371.6666666666667,586.6666666666667,,,1,0,0,Lectura invalida de DHT
2026-05-18,17:09:04,maceta1,92,80,63,68,65,335.83333333333337,334.58333333333337,,,1,0,1,Lectura invalida de DHT
2026-05-18,17:09:04,maceta2,101,211,60,17,38,352.08333333333337,575.8333333333334,,,1,0,0,Lectura invalida de DHT
2026-05-18,17:09:48,maceta1,91,80,64,68,66,322.9166666666667,362.08333333333337,,,1,0,1,Lectura invalida de DHT
2026-05-18,17:09:48,maceta2,104,211,59,17,38,373.33333333333337,574.1666666666667,,,1,0,0,Lectura invalida de DHT
2026-05-18,17:10:31,maceta1,91,80,64,68,66,258.33333333333337,267.5,16.3,53.3,1,0,1,
2026-05-18,17:10:31,maceta2,102,210,60,17,38,374.58333333333337,572.0833333333334,15.4,53.5,1,0,0,
2026-05-18,17:11:14,maceta1,91,79,64,69,66,355.83333333333337,5361.25,16.2,51.4,1,0,1,
2026-05-18,17:11:14,maceta2,102,211,60,17,38,357.5,599.1666666666667,15.4,55.5,1,0,0,
2026-05-18,17:11:58,maceta1,91,79,64,69,66,357.08333333333337,6057.916666666667,,,1,0,1,Lectura invalida de DHT
2026-05-18,17:11:58,maceta2,104,210,59,17,38,367.08333333333337,575.8333333333334,,,1,0,0,Lectura invalida de DHT
2026-05-18,17:12:41,maceta1,91,80,64,68,66,347.5,5910.416666666667,,,1,0,1,Lectura invalida de DHT
2026-05-18,17:12:41,maceta2,103,210,59,17,38,357.08333333333337,531.6666666666667,15.5,55.9,1,0,0,
2026-05-18,17:13:29,maceta1,128,128,49,49,49,355.4166666666667,,16.3,52.1,1,0,1,
2026-05-18,17:13:29,maceta2,102,211,60,17,38,377.08333333333337,,15.6,55.0,1,0,0,
2026-05-18,17:13:53,maceta1,91,80,64,68,66,357.08333333333337,6010.416666666667,16.3,50.3,1,0,1,
2026-05-18,17:13:53,maceta2,102,211,60,17,38,373.33333333333337,600.4166666666667,,,1,0,0,Lectura invalida de DHT
2026-05-18,17:14:21,maceta1,91,80,64,68,66,344.1666666666667,6457.083333333334,16.3,50.4,1,0,1,
2026-05-18,17:14:21,maceta2,102,210,60,17,38,347.08333333333337,591.25,,,1,0,0,Lectura invalida de DHT
2026-05-18,17:14:50,maceta1,92,80,63,68,65,357.5,6215.833333333334,16.3,51.4,1,0,1,
2026-05-18,17:14:50,maceta2,102,211,60,17,38,374.58333333333337,590.0,,,1,0,0,Lectura invalida de DHT
2026-05-18,17:15:18,maceta1,91,80,64,68,66,358.75,6353.75,,,1,0,1,Lectura invalida de DHT
2026-05-18,17:15:18,maceta2,104,211,59,17,38,268.33333333333337,481.25,15.6,53.9,1,0,0,
2026-05-18,17:15:47,maceta1,92,80,63,68,65,360.0,6080.416666666667,,,1,0,1,Lectura invalida de DHT
2026-05-18,17:15:47,maceta2,101,210,60,17,38,376.25,594.1666666666667,15.6,55.0,1,0,0,
2026-05-18,17:25:26,maceta1,92,80,63,68,65,355.0,,16.0,52.4,1,0,1,
2026-05-18,17:25:26,maceta2,98,211,61,17,39,376.6666666666667,,15.6,54.3,1,0,0,
2026-05-18,17:25:50,maceta1,91,79,64,69,66,6393.333333333334,6393.333333333334,15.9,53.7,0,0,1,
2026-05-18,17:25:50,maceta2,123,128,51,49,50,610.8333333333334,610.8333333333334,,,0,0,0,Lectura invalida de DHT
2026-05-18,17:29:53,maceta1,91,80,64,68,66,333.33333333333337,,15.8,55.1,0,0,1,"No hay lectura valida de lux, se mantiene el ultimo estado de luz"
2026-05-18,17:29:53,maceta2,128,128,49,49,49,221.25,,14.8,56.8,0,0,0,"No hay lectura valida de lux, se mantiene el ultimo estado de luz"
2026-05-18,17:30:17,maceta1,92,80,63,68,65,355.4166666666667,,,,0,0,1,"Lectura invalida de DHT | No hay lectura valida de lux, se mantiene el ultimo estado de luz"
2026-05-18,17:30:17,maceta2,99,211,61,17,39,309.58333333333337,,14.5,54.1,0,0,0,"No hay lectura valida de lux, se mantiene el ultimo estado de luz"
2026-05-18,17:30:42,maceta1,120,128,52,49,50,355.0,,15.7,55.8,0,0,1,"No hay lectura valida de lux, se mantiene el ultimo estado de luz"
2026-05-18,17:30:42,maceta2,99,210,61,17,39,361.25,,14.5,56.1,0,0,0,"No hay lectura valida de lux, se mantiene el ultimo estado de luz"
2026-05-18,17:31:04,maceta1,106,128,58,49,53,355.0,,15.8,57.5,1,0,1,
2026-05-18,17:31:04,maceta2,99,211,61,17,39,363.33333333333337,,14.5,55.5,1,0,0,
2026-05-18,17:31:29,maceta1,99,118,61,53,57,6603.75,6603.75,,,0,0,1,Lectura invalida de DHT
2026-05-18,17:31:29,maceta2,99,211,61,17,39,470.0,470.0,14.4,56.6,1,0,0,
2026-05-18,17:31:53,maceta1,128,128,49,49,49,357.9166666666667,,,,1,0,1,Lectura invalida de DHT
2026-05-18,17:31:53,maceta2,100,211,60,17,38,607.5,607.5,14.4,56.2,0,0,0,
2026-05-18,17:32:18,maceta1,92,80,63,68,65,6400.0,6400.0,,,0,0,1,Lectura invalida de DHT
2026-05-18,17:32:18,maceta2,102,211,60,17,38,374.58333333333337,,,,1,0,0,Lectura invalida de DHT
2026-05-18,17:32:45,maceta1,91,80,64,68,66,357.5,,,,1,0,1,Lectura invalida de DHT
2026-05-18,17:32:45,maceta2,99,161,61,36,48,378.33333333333337,,,,1,0,0,Lectura invalida de DHT
2026-05-18,17:33:09,maceta1,91,80,64,68,66,358.75,6543.333333333334,15.7,52.8,1,0,1,
2026-05-18,17:33:09,maceta2,100,211,60,17,38,378.33333333333337,619.1666666666667,,,1,0,0,Lectura invalida de DHT
2026-05-18,17:33:37,maceta1,91,80,64,68,66,355.83333333333337,6613.75,15.7,51.3,1,0,1,
2026-05-18,17:33:37,maceta2,128,128,49,49,49,377.5,609.5833333333334,,,1,0,0,Lectura invalida de DHT
2026-05-18,17:34:05,maceta1,91,79,64,69,66,350.0,6493.333333333334,15.7,50.1,1,0,1,
2026-05-18,17:34:05,maceta2,122,128,52,49,50,346.25,566.25,14.4,57.2,1,0,0,
2026-05-18,17:34:34,maceta1,91,79,64,69,66,354.58333333333337,6448.333333333334,15.8,54.5,1,0,1,
2026-05-18,17:34:34,maceta2,102,210,60,17,38,377.9166666666667,607.0833333333334,14.4,55.9,1,0,0,
2026-05-18,17:35:02,maceta1,92,79,63,69,66,354.1666666666667,6442.5,15.9,54.2,1,0,1,
2026-05-18,17:35:02,maceta2,128,144,49,43,46,374.58333333333337,601.25,,,1,0,0,Lectura invalida de DHT
2026-05-18,17:35:30,maceta1,91,80,64,68,66,339.1666666666667,6371.666666666667,15.9,52.4,1,0,1,
2026-05-18,17:35:30,maceta2,122,210,52,17,34,335.0,572.0833333333334,14.5,56.0,1,0,0,
2026-05-18,17:35:59,maceta1,99,80,61,68,64,351.6666666666667,6479.583333333334,15.9,51.1,1,0,1,
2026-05-18,17:35:59,maceta2,112,128,56,49,52,362.9166666666667,521.25,,,1,0,0,Lectura invalida de DHT
2026-05-18,17:36:27,maceta1,106,128,58,49,53,338.33333333333337,5789.166666666667,16.0,51.3,1,0,1,
2026-05-18,17:36:27,maceta2,100,211,60,17,38,336.25,568.3333333333334,14.6,55.6,1,0,0,
2026-05-18,17:36:55,maceta1,128,118,49,53,51,268.75,6197.5,16.0,50.5,1,0,1,
2026-05-18,17:36:55,maceta2,99,211,61,17,39,350.4166666666667,590.4166666666667,,,1,0,0,Lectura invalida de DHT
2026-05-18,17:37:32,maceta1,92,80,63,68,65,328.33333333333337,6337.083333333334,16.0,52.6,1,0,1,
2026-05-18,17:37:32,maceta2,128,128,49,49,49,217.91666666666669,466.6666666666667,14.6,55.4,1,0,0,
2026-05-18,17:38:00,maceta1,128,128,49,49,49,247.91666666666669,17813.333333333336,,,1,0,1,Lectura invalida de DHT
2026-05-18,17:38:00,maceta2,100,211,60,17,38,186.66666666666669,461.25,14.7,54.4,1,0,0,
2026-05-18,17:38:29,maceta1,91,80,64,68,66,236.25,12946.25,16.2,52.7,1,0,1,
2026-05-18,17:38:29,maceta2,128,128,49,49,49,148.33333333333334,443.33333333333337,,,1,0,0,Lectura invalida de DHT
2026-05-18,17:38:58,maceta1,120,128,52,49,50,232.91666666666669,12763.75,16.2,52.5,1,0,1,
2026-05-18,17:38:58,maceta2,101,211,60,17,38,338.33333333333337,490.4166666666667,,,1,0,0,Lectura invalida de DHT
2026-05-18,17:39:26,maceta1,93,81,63,68,65,213.33333333333334,11895.0,16.2,51.5,1,0,1,
2026-05-18,17:39:26,maceta2,128,128,49,49,49,334.1666666666667,572.5,14.8,52.3,1,0,0,
2026-05-18,17:40:03,maceta1,92,81,63,68,65,260.0,13150.0,16.3,51.0,1,0,1,
2026-05-18,17:40:03,maceta2,128,128,49,49,49,354.1666666666667,581.6666666666667,,,1,0,0,Lectura invalida de DHT
2026-05-18,17:40:31,maceta1,128,128,49,49,49,213.33333333333334,12472.5,,,1,0,1,Lectura invalida de DHT
2026-05-18,17:40:31,maceta2,100,210,60,17,38,227.08333333333334,575.0,14.9,52.3,1,0,0,
2026-05-18,17:40:59,maceta1,93,80,63,68,65,226.25,12907.916666666668,16.3,50.0,1,0,1,
2026-05-18,17:40:59,maceta2,128,128,49,49,49,346.25,575.4166666666667,,,1,0,0,Lectura invalida de DHT
2026-05-18,17:41:27,maceta1,128,128,49,49,49,247.08333333333334,12745.416666666668,,,1,0,1,Lectura invalida de DHT
2026-05-18,17:41:27,maceta2,100,211,60,17,38,264.1666666666667,469.1666666666667,15.0,51.6,1,0,0,
2026-05-18,17:41:56,maceta1,106,80,58,68,63,303.33333333333337,12437.5,16.3,49.6,1,0,1,
2026-05-18,17:41:56,maceta2,105,128,58,49,53,145.83333333333334,434.1666666666667,,,1,0,0,Lectura invalida de DHT
2026-05-18,17:42:24,maceta1,121,118,52,53,52,41.25,91.25,16.4,52.4,1,0,1,
2026-05-18,17:42:24,maceta2,99,210,61,17,39,367.5,587.5,15.0,51.9,1,0,0,
2026-05-18,17:42:57,maceta1,92,80,63,68,65,327.08333333333337,5728.75,16.4,52.5,1,0,1,
2026-05-18,17:42:57,maceta2,101,211,60,17,38,331.25,554.5833333333334,15.0,51.8,1,0,0,
2026-05-18,17:43:34,maceta1,128,128,49,49,49,329.58333333333337,5555.416666666667,16.4,52.9,1,0,1,
2026-05-18,17:43:34,maceta2,100,211,60,17,38,267.08333333333337,471.6666666666667,15.2,52.0,1,0,0,
2026-05-18,17:44:03,maceta1,106,80,58,68,63,618.75,783.3333333333334,16.4,52.5,1,0,1,
2026-05-18,17:44:03,maceta2,117,128,54,49,51,266.6666666666667,466.25,15.2,50.8,1,0,0,
2026-05-18,17:44:31,maceta1,128,128,49,49,49,623.3333333333334,788.75,16.5,52.6,1,0,1,
2026-05-18,17:44:31,maceta2,104,210,59,17,38,186.25,6958.75,15.2,51.3,1,0,0,
2026-05-18,17:45:16,maceta1,92,80,63,68,65,623.3333333333334,793.75,,,1,0,1,Lectura invalida de DHT
2026-05-18,17:45:16,maceta2,106,211,58,17,37,202.5,7054.583333333334,15.3,51.5,1,0,0,
2026-05-18,17:45:44,maceta1,128,128,49,49,49,622.9166666666667,796.25,16.5,49.4,1,0,1,
2026-05-18,17:45:44,maceta2,104,211,59,17,38,177.5,7302.083333333334,,,1,0,0,Lectura invalida de DHT
2026-05-18,17:46:13,maceta1,92,79,63,69,66,622.9166666666667,791.6666666666667,16.5,50.4,1,0,1,
2026-05-18,17:46:13,maceta2,106,210,58,17,37,178.75,6982.5,15.4,51.1,1,0,0,
2026-05-18,17:46:47,maceta1,92,80,63,68,65,622.9166666666667,787.9166666666667,16.5,52.5,1,0,1,
2026-05-18,17:46:47,maceta2,105,210,58,17,37,204.16666666666669,7086.666666666667,,,1,0,0,Lectura invalida de DHT
2026-05-18,17:47:24,maceta1,128,128,49,49,49,622.5,785.8333333333334,16.5,51.1,1,0,1,
2026-05-18,17:47:24,maceta2,105,211,58,17,37,120.0,9360.416666666668,15.6,51.6,1,0,0,
2026-05-18,17:48:00,maceta1,128,128,49,49,49,622.5,786.25,,,1,0,1,Lectura invalida de DHT
2026-05-18,17:48:00,maceta2,107,211,58,17,37,152.08333333333334,7297.916666666667,15.8,52.4,1,0,0,
2026-05-18,17:48:29,maceta1,92,80,63,68,65,622.5,784.5833333333334,16.5,50.0,1,0,1,
2026-05-18,17:48:29,maceta2,128,128,49,49,49,158.75,8695.833333333334,,,1,0,0,Lectura invalida de DHT
2026-05-18,17:48:57,maceta1,128,128,49,49,49,622.0833333333334,783.3333333333334,16.6,49.5,1,0,1,
2026-05-18,17:48:57,maceta2,102,211,60,17,38,130.83333333333334,1952.0833333333335,16.1,50.2,1,0,0,
2026-05-18,17:49:25,maceta1,92,80,63,68,65,618.75,791.25,16.6,52.0,1,0,1,
2026-05-18,17:49:25,maceta2,128,128,49,49,49,121.25,2002.0833333333335,,,1,0,0,Lectura invalida de DHT
2026-05-18,17:49:54,maceta1,128,128,49,49,49,619.1666666666667,786.25,,,1,0,1,Lectura invalida de DHT
2026-05-18,17:49:54,maceta2,100,211,60,17,38,127.91666666666667,1960.4166666666667,16.4,51.3,1,0,0,
2026-05-18,17:50:55,maceta1,92,80,63,68,65,620.0,,16.6,50.1,1,0,1,
2026-05-18,17:50:55,maceta2,78,122,69,52,60,119.16666666666667,,16.4,52.0,1,0,0,
2026-05-18,18:09:35,maceta1,79,71,69,72,70,617.0833333333334,,16.4,58.3,1,0,0,
2026-05-18,18:09:35,maceta2,79,111,69,56,62,128.33333333333334,,16.5,51.2,1,0,0,
2026-05-18,19:09:42,maceta1,77,71,69,72,70,0.8333333333333334,170.41666666666669,,,1,0,0,Lectura invalida de DHT
2026-05-18,19:09:42,maceta2,91,109,64,57,60,1.25,1757.5,16.1,50.1,1,0,0,
2026-05-18,20:09:53,maceta1,128,128,49,49,49,0.8333333333333334,175.41666666666669,16.7,51.4,1,0,1,
2026-05-18,20:09:53,maceta2,89,108,65,57,61,1.25,1812.0833333333335,15.8,52.4,1,0,0,
2026-05-18,21:10:07,maceta1,77,71,69,72,70,0.8333333333333334,169.16666666666669,,,1,0,0,Lectura invalida de DHT
2026-05-18,21:10:07,maceta2,90,108,64,57,60,1.25,1736.6666666666667,15.7,54.1,1,0,0,
2026-05-18,22:10:18,maceta1,128,128,49,49,49,0.4166666666666667,168.33333333333334,16.7,51.3,1,0,1,
2026-05-18,22:10:18,maceta2,91,108,64,57,60,0.8333333333333334,1782.5,15.6,54.7,1,0,0,
2026-05-18,23:10:31,maceta1,128,128,49,49,49,0.0,171.25,16.7,53.5,1,0,1,
2026-05-18,23:10:31,maceta2,90,108,64,57,60,0.4166666666666667,1789.1666666666667,15.6,56.5,1,0,0,
2026-05-19,00:10:44,maceta1,77,70,69,72,70,0.0,177.91666666666669,16.6,51.8,1,0,0,
2026-05-19,00:10:44,maceta2,128,128,49,49,49,0.4166666666666667,1764.5833333333335,,,1,0,0,Lectura invalida de DHT
2026-05-19,01:10:55,maceta1,128,128,49,49,49,0.0,177.5,16.5,53.0,1,0,1,
2026-05-19,01:10:55,maceta2,89,108,65,57,61,0.4166666666666667,1807.9166666666667,15.6,57.4,1,0,0,
2026-05-19,02:11:08,maceta1,78,71,69,72,70,0.0,170.41666666666669,16.2,49.9,1,0,0,
2026-05-19,02:11:08,maceta2,128,128,49,49,49,0.4166666666666667,1744.1666666666667,15.5,57.0,1,0,0,
2026-05-19,03:11:19,maceta1,128,128,49,49,49,0.0,170.41666666666669,16.0,49.8,1,0,1,
2026-05-19,03:11:19,maceta2,88,107,65,58,61,0.4166666666666667,1809.5833333333335,15.1,56.8,1,0,0,
2026-05-19,04:11:32,maceta1,78,71,69,72,70,0.0,172.5,15.7,48.9,1,0,0,
2026-05-19,04:11:32,maceta2,89,107,65,58,61,0.4166666666666667,1772.9166666666667,14.9,55.8,1,0,0,
2026-05-19,05:11:43,maceta1,128,128,49,49,49,0.0,177.91666666666669,,,1,0,1,Lectura invalida de DHT
2026-05-19,05:11:43,maceta2,89,109,65,57,61,0.4166666666666667,1825.8333333333335,14.7,55.6,1,0,0,
2026-05-19,06:11:56,maceta1,77,71,69,72,70,0.0,172.91666666666669,15.4,48.6,1,0,0,
2026-05-19,06:11:56,maceta2,88,107,65,58,61,0.4166666666666667,1814.1666666666667,14.5,56.0,0,0,0,
2026-05-19,07:12:07,maceta1,128,128,49,49,49,0.0,169.16666666666669,15.3,54.1,1,0,1,
2026-05-19,07:12:07,maceta2,88,108,65,57,61,0.4166666666666667,,14.3,58.5,0,0,0,
2026-05-19,08:12:18,maceta1,78,72,69,71,70,0.8333333333333334,176.66666666666669,,,1,0,0,Lectura invalida de DHT
2026-05-19,08:12:18,maceta2,89,108,65,57,61,0.8333333333333334,,11.5,59.2,0,0,0,
2026-05-19,09:12:26,maceta1,118,128,53,49,51,26.666666666666668,198.33333333333334,15.0,50.6,0,0,1,
2026-05-19,09:12:26,maceta2,89,109,65,57,61,3.75,,11.1,58.6,0,0,0,
2026-05-19,10:12:37,maceta1,128,128,49,49,49,50.41666666666667,,,,0,0,1,Lectura invalida de DHT
2026-05-19,10:12:37,maceta2,89,109,65,57,61,7.083333333333334,,11.1,59.3,0,0,0,
2026-05-19,11:13:02,maceta1,128,128,49,49,49,72.5,,,,0,0,1,Lectura invalida de DHT
2026-05-19,11:13:02,maceta2,88,108,65,57,61,10.0,,11.2,62.2,0,0,0,
2026-05-19,12:13:11,maceta1,128,128,49,49,49,92.91666666666667,,13.6,58.8,0,0,1,
2026-05-19,12:13:11,maceta2,90,109,64,57,60,12.916666666666668,,11.5,62.3,0,0,0,
2026-05-19,13:13:21,maceta1,79,73,69,71,70,108.33333333333334,,,,0,0,0,Lectura invalida de DHT
2026-05-19,13:13:21,maceta2,128,128,49,49,49,35.833333333333336,,11.8,65.0,0,0,0,
2026-05-19,14:13:27,maceta1,79,74,69,70,69,100.41666666666667,,14.9,50.0,0,0,1,
2026-05-19,14:13:27,maceta2,128,128,49,49,49,34.16666666666667,,12.2,68.7,0,0,0,
2026-05-19,15:13:37,maceta1,128,128,49,49,49,36.25,,15.1,46.2,0,0,1,
2026-05-19,15:13:37,maceta2,92,109,63,57,60,25.0,,12.7,67.3,0,0,0,
2026-05-19,16:13:46,maceta1,128,128,49,49,49,22.916666666666668,,15.6,49.2,0,0,1,
2026-05-19,16:13:46,maceta2,92,109,63,57,60,15.416666666666668,,12.9,65.3,0,0,0,
2026-05-19,17:13:56,maceta1,80,74,68,70,69,18.75,,15.9,48.3,0,0,1,
2026-05-19,17:13:56,maceta2,128,128,49,49,49,22.083333333333336,,,,0,0,0,Lectura invalida de DHT
2026-05-19,18:14:07,maceta1,128,128,49,49,49,0.8333333333333334,,15.2,63.1,1,0,1,
2026-05-19,18:14:07,maceta2,91,109,64,57,60,0.8333333333333334,,13.7,63.1,1,0,0,
2026-05-19,19:14:16,maceta1,78,71,69,72,70,0.0,176.25,17.3,44.5,1,0,0,
2026-05-19,19:14:16,maceta2,121,128,52,49,50,0.4166666666666667,1832.9166666666667,13.6,64.0,1,0,0,
2026-05-19,20:14:27,maceta1,88,128,65,49,57,0.4166666666666667,177.5,,,1,0,1,Lectura invalida de DHT
2026-05-19,20:14:27,maceta2,92,108,63,57,60,0.4166666666666667,1823.75,16.5,54.5,1,0,0,
2026-05-19,21:14:40,maceta1,79,72,69,71,70,0.0,179.16666666666669,17.4,50.5,1,0,0,
2026-05-19,21:14:40,maceta2,128,128,49,49,49,0.4166666666666667,1769.5833333333335,16.5,52.2,1,0,0,
2026-05-19,22:14:51,maceta1,128,128,49,49,49,0.0,179.16666666666669,,,1,0,1,Lectura invalida de DHT
2026-05-19,22:14:51,maceta2,91,108,64,57,60,0.4166666666666667,1792.5,16.4,54.0,1,0,0,
2026-05-19,23:15:04,maceta1,78,72,69,71,70,0.0,180.83333333333334,17.1,50.5,1,0,0,
2026-05-19,23:15:04,maceta2,128,128,49,49,49,0.4166666666666667,1834.5833333333335,16.1,54.0,1,0,0,
2026-05-20,00:15:15,maceta1,128,128,49,49,49,0.4166666666666667,173.33333333333334,,,1,0,1,Lectura invalida de DHT
2026-05-20,00:15:15,maceta2,91,108,64,57,60,0.4166666666666667,1829.1666666666667,16.0,56.0,1,0,0,
2026-05-20,01:15:28,maceta1,78,71,69,72,70,0.0,172.5,,,1,0,0,Lectura invalida de DHT
2026-05-20,01:15:28,maceta2,89,108,65,57,61,0.4166666666666667,1814.1666666666667,15.8,57.2,1,0,0,
2026-05-20,02:15:39,maceta1,128,128,49,49,49,0.0,172.91666666666669,16.5,47.6,1,0,1,
2026-05-20,02:15:39,maceta2,89,108,65,57,61,0.4166666666666667,1732.0833333333335,15.7,57.0,1,0,0,
2026-05-20,03:15:52,maceta1,79,72,69,71,70,0.0,175.83333333333334,,,1,0,0,Lectura invalida de DHT
2026-05-20,03:15:52,maceta2,91,108,64,57,60,0.4166666666666667,1779.5833333333335,15.5,54.3,1,0,0,
2026-05-20,04:16:03,maceta1,128,128,49,49,49,0.0,175.83333333333334,16.2,46.9,1,0,1,
2026-05-20,04:16:03,maceta2,91,108,64,57,60,0.4166666666666667,1781.6666666666667,15.3,57.5,1,0,0,
2026-05-20,05:16:16,maceta1,78,116,69,54,61,0.0,179.16666666666669,16.0,46.4,1,0,1,
2026-05-20,05:16:16,maceta2,90,109,64,57,60,0.4166666666666667,1760.0,15.2,56.5,1,0,0,
2026-05-20,06:16:29,maceta1,78,71,69,72,70,0.0,175.83333333333334,15.9,46.7,1,0,0,
2026-05-20,06:16:29,maceta2,128,128,49,49,49,0.4166666666666667,1794.5833333333335,15.0,54.8,0,0,0,
2026-05-20,07:16:40,maceta1,128,128,49,49,49,0.0,170.41666666666669,15.7,50.1,1,0,1,
2026-05-20,07:16:40,maceta2,90,109,64,57,60,0.4166666666666667,,,,0,0,0,Lectura invalida de DHT
2026-05-20,08:16:51,maceta1,128,73,49,71,60,1.6666666666666667,175.41666666666669,15.5,49.5,1,0,1,
2026-05-20,08:16:51,maceta2,90,128,64,49,56,0.8333333333333334,,,,0,0,0,Lectura invalida de DHT
2026-05-20,09:17:03,maceta1,128,128,49,49,49,27.916666666666668,202.08333333333334,15.6,46.6,0,0,1,
2026-05-20,09:17:03,maceta2,88,109,65,57,61,3.75,,11.7,58.9,0,0,0,
2026-05-20,10:17:15,maceta1,99,73,61,71,66,53.333333333333336,,13.7,49.7,0,0,1,
2026-05-20,10:17:15,maceta2,89,110,65,56,60,7.5,,11.7,59.7,0,0,0,
2026-05-20,11:17:24,maceta1,80,74,68,70,69,75.83333333333334,,13.9,50.3,0,0,1,
2026-05-20,11:17:24,maceta2,128,128,49,49,49,10.833333333333334,,11.8,60.1,0,0,0,
2026-05-20,12:17:33,maceta1,128,128,49,49,49,94.16666666666667,,14.1,54.2,0,0,1,
2026-05-20,12:17:33,maceta2,90,110,64,56,60,13.333333333333334,,12.1,61.9,0,0,0,
2026-05-20,13:17:43,maceta1,128,128,49,49,49,101.66666666666667,,,,0,0,1,Lectura invalida de DHT
2026-05-20,13:17:43,maceta2,91,110,64,56,60,15.416666666666668,,12.3,63.0,0,0,0,
2026-05-20,14:17:52,maceta1,81,74,68,70,69,82.5,,14.6,50.2,0,0,1,
2026-05-20,14:17:52,maceta2,128,128,49,49,49,11.666666666666668,,,,0,0,0,Lectura invalida de DHT
2026-05-20,15:18:01,maceta1,128,128,49,49,49,36.66666666666667,,14.6,63.8,0,0,1,
2026-05-20,15:18:01,maceta2,90,110,64,56,60,3.75,,12.8,68.4,0,0,0,
2026-05-20,16:18:11,maceta1,128,128,49,49,49,20.416666666666668,,14.6,64.2,0,0,1,
2026-05-20,16:18:11,maceta2,89,110,65,56,60,3.3333333333333335,,12.8,66.9,0,0,0,
2026-05-20,17:18:20,maceta1,80,74,68,70,69,17.083333333333336,,14.7,59.9,0,0,1,
2026-05-20,17:18:20,maceta2,112,128,56,49,52,2.5,,13.0,69.3,0,0,0,
2026-05-20,18:18:29,maceta1,128,128,49,49,49,0.4166666666666667,,14.8,66.0,1,0,1,
2026-05-20,18:18:29,maceta2,91,110,64,56,60,1.6666666666666667,,13.1,67.5,1,0,0,
2026-05-20,19:18:39,maceta1,128,128,49,49,49,0.8333333333333334,175.0,17.2,45.8,1,0,1,
2026-05-20,19:18:39,maceta2,93,109,63,57,60,1.25,1796.6666666666667,13.2,66.2,1,0,0,
2026-05-20,20:18:52,maceta1,108,128,57,49,53,0.4166666666666667,186.66666666666669,17.3,46.8,1,0,1,
2026-05-20,20:18:52,maceta2,91,109,64,57,60,1.25,1768.75,16.2,55.2,1,0,0,
2026-05-20,21:19:06,maceta1,79,72,69,71,70,0.8333333333333334,175.41666666666669,17.4,47.7,1,0,0,
2026-05-20,21:19:06,maceta2,128,128,49,49,49,1.25,1826.6666666666667,16.4,54.1,1,0,0,
2026-05-20,22:19:17,maceta1,128,128,49,49,49,0.8333333333333334,177.08333333333334,17.3,48.5,1,0,1,
2026-05-20,22:19:17,maceta2,90,109,64,57,60,1.25,1718.75,16.4,56.2,1,0,0,
2026-05-20,23:19:30,maceta1,79,72,69,71,70,0.0,177.08333333333334,17.2,49.6,1,0,0,
2026-05-20,23:19:30,maceta2,91,109,64,57,60,0.4166666666666667,1795.0,16.4,58.2,1,0,0,
2026-05-21,00:19:41,maceta1,128,128,49,49,49,0.0,179.58333333333334,,,1,0,1,Lectura invalida de DHT
2026-05-21,00:19:41,maceta2,91,109,64,57,60,0.8333333333333334,1826.6666666666667,16.2,54.3,1,0,0,
2026-05-21,01:19:54,maceta1,79,72,69,71,70,0.0,184.58333333333334,,,1,0,0,Lectura invalida de DHT
2026-05-21,01:19:54,maceta2,91,109,64,57,60,0.4166666666666667,1722.5,16.1,56.8,1,0,0,
2026-05-21,02:20:05,maceta1,128,128,49,49,49,0.0,180.0,16.9,48.3,1,0,1,
2026-05-21,02:20:05,maceta2,91,109,64,57,60,0.4166666666666667,1797.9166666666667,16.0,56.6,1,0,0,
2026-05-21,03:20:18,maceta1,79,83,69,67,68,0.0,181.25,16.7,48.7,1,0,1,
2026-05-21,03:20:18,maceta2,92,109,63,57,60,0.4166666666666667,1771.6666666666667,15.9,56.4,1,0,0,
2026-05-21,04:20:31,maceta1,79,73,69,71,70,0.0,175.41666666666669,16.6,48.5,1,0,0,
2026-05-21,04:20:31,maceta2,128,128,49,49,49,0.8333333333333334,1783.3333333333335,,,1,0,0,Lectura invalida de DHT
2026-05-21,05:20:42,maceta1,128,128,49,49,49,0.0,177.91666666666669,,,1,0,1,Lectura invalida de DHT
2026-05-21,05:20:42,maceta2,90,109,64,57,60,0.4166666666666667,1766.6666666666667,15.6,56.3,1,0,0,
2026-05-21,06:20:55,maceta1,79,72,69,71,70,0.0,178.33333333333334,16.4,48.4,1,0,0,
2026-05-21,06:20:55,maceta2,128,128,49,49,49,0.4166666666666667,1824.1666666666667,,,0,0,0,Lectura invalida de DHT
2026-05-21,07:21:06,maceta1,128,128,49,49,49,0.0,181.25,16.4,50.4,1,0,1,
2026-05-21,07:21:06,maceta2,87,109,65,57,61,0.4166666666666667,,15.3,56.6,0,0,0,
2026-05-21,08:21:17,maceta1,80,74,68,70,69,0.4166666666666667,179.16666666666669,16.2,49.5,1,0,1,
2026-05-21,08:21:17,maceta2,128,128,49,49,49,0.8333333333333334,,12.5,61.0,0,0,0,
2026-05-21,09:21:28,maceta1,128,128,49,49,49,12.5,190.0,16.2,50.8,0,0,1,
2026-05-21,09:21:28,maceta2,91,111,64,56,60,1.6666666666666667,,12.2,61.8,0,0,0,
2026-05-21,10:21:40,maceta1,100,74,60,70,65,71.25,,14.2,55.0,0,0,1,
2026-05-21,10:21:40,maceta2,90,111,64,56,60,10.833333333333334,,12.2,63.1,0,0,0,
2026-05-21,11:21:49,maceta1,80,74,68,70,69,35.0,,14.3,54.6,0,0,1,
2026-05-21,11:21:49,maceta2,128,128,49,49,49,5.0,,12.3,62.8,0,0,0,
2026-05-21,12:21:58,maceta1,128,128,49,49,49,109.58333333333334,,,,0,0,1,Lectura invalida de DHT
2026-05-21,12:21:58,maceta2,91,111,64,56,60,15.833333333333334,,12.5,64.4,0,0,0,
2026-05-21,13:22:09,maceta1,81,75,68,70,69,100.83333333333334,,14.6,57.0,0,0,1,
2026-05-21,13:22:09,maceta2,91,111,64,56,60,15.416666666666668,,12.7,65.4,0,0,0,
2026-05-21,14:22:18,maceta1,81,74,68,70,69,45.833333333333336,,14.8,59.1,0,0,1,
2026-05-21,14:22:18,maceta2,90,111,64,56,60,6.25,,13.0,64.8,0,0,0,
2026-05-21,15:22:30,maceta1,128,128,49,49,49,49.16666666666667,,,,0,0,1,Lectura invalida de DHT
2026-05-21,15:22:30,maceta2,91,111,64,56,60,8.333333333333334,,13.1,64.5,0,0,0,
2026-05-21,16:22:39,maceta1,81,75,68,70,69,25.416666666666668,,14.9,57.8,0,0,1,
2026-05-21,16:22:39,maceta2,128,128,49,49,49,5.0,,,,0,0,0,Lectura invalida de DHT
2026-05-21,17:23:00,maceta1,128,128,49,49,49,6.666666666666667,,14.9,59.5,0,0,1,
2026-05-21,17:23:00,maceta2,92,111,63,56,59,0.8333333333333334,,13.3,65.2,0,0,0,
2026-05-21,18:23:09,maceta1,128,128,49,49,49,0.0,,14.9,60.5,1,0,1,
2026-05-21,18:23:09,maceta2,91,109,64,57,60,0.8333333333333334,,13.4,63.9,1,0,0,
2026-05-21,19:23:19,maceta1,80,72,68,71,69,0.4166666666666667,184.58333333333334,17.3,52.1,1,0,1,
2026-05-21,19:23:19,maceta2,128,128,49,49,49,0.8333333333333334,1772.9166666666667,13.5,65.2,1,0,0,
2026-05-21,20:23:32,maceta1,128,128,49,49,49,0.0,178.33333333333334,,,1,0,1,Lectura invalida de DHT
2026-05-21,20:23:32,maceta2,94,110,63,56,59,0.4166666666666667,1793.75,,,1,0,0,Lectura invalida de DHT
2026-05-21,21:23:45,maceta1,80,95,68,62,65,0.0,178.33333333333334,,,1,0,1,Lectura invalida de DHT
2026-05-21,21:23:45,maceta2,95,110,62,56,59,0.8333333333333334,1760.0,16.6,57.0,1,0,0,
2026-05-21,22:23:58,maceta1,80,73,68,71,69,0.0,176.25,17.6,54.1,1,0,1,
2026-05-21,22:23:58,maceta2,128,128,49,49,49,0.8333333333333334,1738.75,16.7,56.9,1,0,0,
2026-05-21,23:24:12,maceta1,128,128,49,49,49,0.0,183.33333333333334,,,1,0,1,Lectura invalida de DHT
2026-05-21,23:24:12,maceta2,94,110,63,56,59,0.8333333333333334,1722.0833333333335,16.6,58.5,1,0,0,
2026-05-22,00:24:25,maceta1,79,72,69,71,70,0.4166666666666667,181.25,17.4,54.0,1,0,0,
2026-05-22,00:24:25,maceta2,93,110,63,56,59,0.8333333333333334,1800.8333333333335,16.5,60.1,1,0,0,
2026-05-22,01:24:36,maceta1,128,128,49,49,49,0.4166666666666667,185.41666666666669,17.4,54.0,1,0,1,
2026-05-22,01:24:36,maceta2,93,110,63,56,59,0.8333333333333334,1807.9166666666667,,,1,0,0,Lectura invalida de DHT
2026-05-22,02:24:49,maceta1,118,128,53,49,51,0.4166666666666667,182.5,,,1,0,1,Lectura invalida de DHT
2026-05-22,02:24:49,maceta2,93,110,63,56,59,0.8333333333333334,1761.25,16.4,59.1,1,0,0,
2026-05-22,03:25:02,maceta1,79,73,69,71,70,0.4166666666666667,188.75,17.1,54.2,1,0,0,
2026-05-22,03:25:02,maceta2,128,128,49,49,49,0.8333333333333334,1765.8333333333335,16.3,58.3,1,0,0,
2026-05-22,04:25:13,maceta1,128,128,49,49,49,0.4166666666666667,183.33333333333334,,,1,0,1,Lectura invalida de DHT
2026-05-22,04:25:13,maceta2,93,110,63,56,59,0.8333333333333334,1780.8333333333335,,,1,0,0,Lectura invalida de DHT
2026-05-22,05:25:26,maceta1,78,72,69,71,70,0.0,189.16666666666669,16.9,53.3,1,0,0,
2026-05-22,05:25:26,maceta2,91,110,64,56,60,0.8333333333333334,1770.4166666666667,16.0,58.8,1,0,0,
2026-05-22,06:25:37,maceta1,128,128,49,49,49,0.0,191.66666666666669,16.8,53.3,1,0,1,
2026-05-22,06:25:37,maceta2,92,110,63,56,59,0.8333333333333334,1764.1666666666667,15.8,58.9,0,0,0,
2026-05-22,07:25:50,maceta1,81,74,68,70,69,0.0,189.58333333333334,,,1,0,1,Lectura invalida de DHT
2026-05-22,07:25:50,maceta2,92,110,63,56,59,0.8333333333333334,,15.8,59.1,0,0,0,
2026-05-22,08:26:01,maceta1,128,128,49,49,49,0.0,190.41666666666669,16.8,54.3,1,0,1,
2026-05-22,08:26:01,maceta2,91,110,64,56,60,0.8333333333333334,,13.0,63.0,0,0,0,
2026-05-22,09:26:13,maceta1,81,74,68,70,69,5.833333333333334,187.91666666666669,16.6,53.9,0,0,1,
2026-05-22,09:26:13,maceta2,91,111,64,56,60,0.4166666666666667,,12.8,63.9,0,0,0,
2026-05-22,10:26:24,maceta1,128,128,49,49,49,16.25,,14.5,60.6,0,0,1,
2026-05-22,10:26:24,maceta2,92,111,63,56,59,2.0833333333333335,,12.7,65.2,0,0,0,
2026-05-22,11:26:34,maceta1,82,76,67,70,68,33.75,,14.3,61.0,0,0,1,
2026-05-22,11:26:34,maceta2,92,111,63,56,59,5.0,,12.7,65.3,0,0,0,
2026-05-22,12:26:43,maceta1,81,74,68,70,69,67.5,,14.3,59.3,0,0,1,
2026-05-22,12:26:43,maceta2,89,111,65,56,60,10.0,,12.6,66.6,0,0,0,
2026-05-22,13:26:52,maceta1,128,128,49,49,49,97.08333333333334,,14.6,59.9,0,0,1,
2026-05-22,13:26:52,maceta2,93,111,63,56,59,14.583333333333334,,12.7,67.7,0,0,0,
2026-05-22,14:27:02,maceta1,100,75,60,70,65,77.91666666666667,,14.7,59.0,0,0,1,
2026-05-22,14:27:02,maceta2,93,112,63,56,59,8.75,,13.0,64.8,0,0,0,
2026-05-22,18:44:15,maceta1,96,132,62,48,55,602.0833333333334,,15.4,64.5,1,0,1,
2026-05-22,18:44:15,maceta2,111,112,56,56,56,101.66666666666667,,13.8,62.3,1,0,0,
2026-05-22,18:44:35,maceta1,115,128,54,49,51,601.6666666666667,,15.5,65.7,1,0,1,
2026-05-22,18:44:35,maceta2,111,113,56,55,55,101.66666666666667,,14.0,60.3,1,0,0,
2026-05-22,18:44:58,maceta1,94,134,63,47,55,602.0833333333334,,15.5,63.6,1,0,1,
2026-05-22,18:44:58,maceta2,111,112,56,56,56,102.91666666666667,,14.0,60.4,1,0,0,
2026-05-22,18:57:11,maceta1,196,107,23,58,40,596.25,,16.8,57.3,1,0,1,
2026-05-22,18:57:11,maceta2,208,211,18,17,17,49.583333333333336,,14.0,60.3,1,0,0,
2026-05-22,18:58:26,maceta1,198,124,22,51,36,588.3333333333334,,16.8,56.2,1,0,1,
2026-05-22,18:58:26,maceta2,208,211,18,17,17,49.583333333333336,,15.3,58.7,1,0,0,
2026-05-22,19:00:43,maceta1,200,133,21,47,34,595.8333333333334,,17.0,57.3,1,0,1,
2026-05-22,19:00:43,maceta2,208,211,18,17,17,94.58333333333334,,15.4,58.6,1,0,1,
2026-05-22,19:02:41,maceta1,201,126,21,50,35,597.5,,17.1,59.8,1,0,1,
2026-05-22,19:02:41,maceta2,128,128,49,49,49,62.5,,,,1,0,1,Lectura invalida de DHT
2026-05-22,19:09:36,maceta1,202,134,20,47,33,593.75,,17.2,59.3,1,0,1,
2026-05-22,19:09:36,maceta2,128,128,49,49,49,40.41666666666667,,,,1,0,1,Lectura invalida de DHT
2026-05-22,19:12:18,maceta1,128,128,49,49,49,597.0833333333334,,17.2,55.7,1,0,1,
2026-05-22,19:12:18,maceta2,209,211,18,17,17,47.91666666666667,,15.6,57.2,1,0,1,
2026-05-22,20:12:35,maceta1,101,137,60,46,53,0.0,182.08333333333334,17.3,55.4,1,0,1,
2026-05-22,20:12:35,maceta2,128,128,49,49,49,0.0,2.5,15.5,59.0,1,0,1,
2026-05-22,21:12:51,maceta1,128,98,49,61,55,0.0,190.0,,,1,0,1,Lectura invalida de DHT
2026-05-22,21:12:51,maceta2,120,106,52,58,55,0.0,2.5,16.0,63.4,1,0,1,
2026-05-22,22:13:06,maceta1,128,128,49,49,49,0.0,184.58333333333334,17.2,54.9,1,0,1,
2026-05-22,22:13:06,maceta2,120,101,52,60,56,0.0,2.5,,,1,0,1,Lectura invalida de DHT
2026-05-22,23:13:22,maceta1,128,128,49,49,49,0.4166666666666667,178.75,,,1,0,1,Lectura invalida de DHT
2026-05-22,23:13:22,maceta2,121,100,52,60,56,0.0,2.5,15.8,60.7,1,0,1,
2026-05-23,00:13:38,maceta1,128,128,49,49,49,0.0,185.41666666666669,17.0,56.0,1,0,1,
2026-05-23,00:13:38,maceta2,121,100,52,60,56,0.0,2.5,15.6,60.8,1,0,1,
2026-05-23,01:13:54,maceta1,118,128,53,49,51,0.0,182.5,,,1,0,1,Lectura invalida de DHT
2026-05-23,01:13:54,maceta2,122,101,52,60,56,0.0,2.5,15.5,58.4,1,0,1,
2026-05-23,02:14:09,maceta1,103,148,59,41,50,0.0,179.16666666666669,16.8,55.7,1,0,1,
2026-05-23,02:14:09,maceta2,122,101,52,60,56,0.0,2.5,,,1,0,1,Lectura invalida de DHT
2026-05-23,03:14:25,maceta1,103,137,59,46,52,0.0,178.33333333333334,16.6,53.2,1,0,1,
2026-05-23,03:14:25,maceta2,128,128,49,49,49,0.0,2.5,15.2,58.2,1,0,1,
2026-05-23,04:14:41,maceta1,103,148,59,41,50,0.0,181.66666666666669,16.5,52.8,1,0,1,
2026-05-23,04:14:41,maceta2,128,128,49,49,49,0.0,2.5,15.1,58.3,1,0,1,
2026-05-23,05:14:57,maceta1,128,128,49,49,49,0.0,185.0,16.4,53.0,1,0,1,
2026-05-23,05:14:57,maceta2,122,101,52,60,56,0.0,2.5,,,1,0,1,Lectura invalida de DHT
2026-05-23,06:15:13,maceta1,128,128,49,49,49,0.0,185.0,16.2,52.0,1,0,1,
2026-05-23,06:15:13,maceta2,122,99,52,61,56,0.0,2.5,,,0,0,1,Lectura invalida de DHT
2026-05-23,07:15:28,maceta1,128,128,49,49,49,0.0,182.08333333333334,,,1,0,1,Lectura invalida de DHT
2026-05-23,07:15:28,maceta2,120,99,52,61,56,0.0,,14.5,57.8,0,0,1,
2026-05-23,08:15:42,maceta1,102,145,60,43,51,1.25,185.83333333333334,16.0,54.1,1,0,1,
2026-05-23,08:15:42,maceta2,121,99,52,61,56,1.6666666666666667,,12.1,64.3,0,0,1,
2026-05-23,09:15:56,maceta1,103,122,59,52,55,25.0,203.75,16.1,54.9,0,0,1,
2026-05-23,09:15:56,maceta2,128,128,49,49,49,12.916666666666668,,,,0,0,1,Lectura invalida de DHT
2026-05-23,10:16:10,maceta1,128,128,49,49,49,48.75,,13.8,59.5,0,0,1,
2026-05-23,10:16:10,maceta2,122,99,52,61,56,17.5,,11.9,67.4,0,0,1,
2026-05-23,11:16:21,maceta1,103,131,59,48,53,71.66666666666667,,,,0,0,1,Lectura invalida de DHT
2026-05-23,11:16:21,maceta2,128,128,49,49,49,21.666666666666668,,,,0,0,1,Lectura invalida de DHT
2026-05-23,12:16:33,maceta1,128,128,49,49,49,88.33333333333334,,13.9,62.5,0,0,1,
2026-05-23,12:16:33,maceta2,122,100,52,60,56,27.083333333333336,,12.0,67.9,0,0,1,
2026-05-23,13:16:45,maceta1,103,136,59,46,52,95.0,,14.2,61.0,0,0,1,
2026-05-23,13:16:45,maceta2,128,128,49,49,49,37.5,,,,0,0,1,Lectura invalida de DHT
2026-05-23,14:16:57,maceta1,128,128,49,49,49,80.41666666666667,,14.4,58.5,0,0,1,
2026-05-23,14:16:57,maceta2,122,100,52,60,56,19.166666666666668,,12.5,68.0,0,0,1,
2026-05-23,15:17:08,maceta1,103,138,59,45,52,27.083333333333336,,14.3,59.7,0,0,1,
2026-05-23,15:17:08,maceta2,128,128,49,49,49,14.166666666666668,,12.5,68.0,0,0,1,
2026-05-23,16:17:20,maceta1,128,128,49,49,49,27.5,,14.4,67.4,0,0,1,
2026-05-23,16:17:20,maceta2,122,99,52,61,56,32.91666666666667,,12.6,69.3,0,0,1,
2026-05-23,17:17:32,maceta1,103,128,59,49,54,12.5,,14.3,60.8,0,0,1,
2026-05-23,17:17:32,maceta2,122,100,52,60,56,17.083333333333336,,12.7,70.5,0,0,1,
2026-05-23,18:17:44,maceta1,128,128,49,49,49,0.0,,14.2,60.1,1,0,1,
2026-05-23,18:17:44,maceta2,121,99,52,61,56,0.8333333333333334,,12.8,70.3,1,0,1,
2026-05-23,19:17:55,maceta1,103,118,59,53,56,0.4166666666666667,190.83333333333334,,,1,0,1,Lectura invalida de DHT
2026-05-23,19:17:55,maceta2,124,100,51,60,55,0.0,2.5,12.8,69.1,1,0,1,
2026-05-23,20:18:11,maceta1,103,117,59,54,56,0.0,183.75,,,1,0,1,Lectura invalida de DHT
2026-05-23,20:18:11,maceta2,122,100,52,60,56,0.0,2.5,15.4,64.2,1,0,1,
2026-05-23,21:18:27,maceta1,103,119,59,53,56,0.0,187.5,16.7,55.2,1,0,1,
2026-05-23,21:18:27,maceta2,128,128,49,49,49,0.0,2.5,,,1,0,1,Lectura invalida de DHT
2026-05-23,22:18:43,maceta1,104,119,59,53,56,0.0,179.58333333333334,16.7,54.5,1,0,1,
2026-05-23,22:18:43,maceta2,128,128,49,49,49,0.0,2.5,15.4,61.8,1,0,1,
2026-05-23,23:18:58,maceta1,128,128,49,49,49,0.0,182.5,16.8,55.4,1,0,1,
2026-05-23,23:18:58,maceta2,123,100,51,60,55,0.0,2.916666666666667,15.3,59.4,1,0,1,
2026-05-24,00:19:14,maceta1,128,128,49,49,49,0.0,183.75,16.7,55.9,1,0,1,
2026-05-24,00:19:14,maceta2,123,101,51,60,55,0.0,2.5,15.4,60.3,1,0,1,
2026-05-24,01:19:30,maceta1,128,128,49,49,49,0.0,181.66666666666669,16.7,57.3,1,0,1,
2026-05-24,01:19:30,maceta2,123,100,51,60,55,0.0,2.5,15.3,60.0,1,0,1,
2026-05-24,02:19:46,maceta1,128,128,49,49,49,0.0,182.5,16.6,55.7,1,0,1,
2026-05-24,02:19:46,maceta2,123,101,51,60,55,0.0,2.5,15.3,60.0,1,0,1,
2026-05-24,03:20:02,maceta1,104,111,59,56,57,0.0,182.5,16.7,55.7,1,0,1,
2026-05-24,03:20:02,maceta2,123,100,51,60,55,0.0,2.5,15.2,59.8,1,0,1,
2026-05-24,04:20:17,maceta1,104,109,59,57,58,0.0,178.75,,,1,0,1,Lectura invalida de DHT
2026-05-24,04:20:17,maceta2,123,101,51,60,55,0.0,2.5,15.3,59.3,1,0,1,
2026-05-24,05:20:33,maceta1,104,116,59,54,56,0.0,179.58333333333334,16.6,54.8,1,0,1,
2026-05-24,05:20:33,maceta2,128,128,49,49,49,0.0,2.5,15.2,59.5,1,0,1,
2026-05-24,06:20:49,maceta1,128,105,49,58,53,0.0,179.58333333333334,16.6,55.6,1,0,1,
2026-05-24,06:20:49,maceta2,123,117,51,54,52,0.0,2.5,15.2,59.6,0,0,1,
2026-05-24,07:21:05,maceta1,128,128,49,49,49,0.0,182.91666666666669,16.5,56.7,1,0,1,
2026-05-24,07:21:05,maceta2,122,99,52,61,56,0.0,,15.2,59.9,0,0,1,
2026-05-24,08:21:18,maceta1,128,128,49,49,49,1.25,188.33333333333334,,,1,0,1,Lectura invalida de DHT
2026-05-24,08:21:18,maceta2,122,99,52,61,56,0.8333333333333334,,12.7,64.5,0,0,1,
2026-05-24,09:21:32,maceta1,104,147,59,42,50,13.75,205.0,,,0,0,1,Lectura invalida de DHT
2026-05-24,09:21:32,maceta2,122,100,52,60,56,5.0,,12.4,66.4,0,0,1,
2026-05-24,10:21:46,maceta1,128,128,49,49,49,31.25,,14.2,62.1,0,0,1,
2026-05-24,10:21:46,maceta2,123,99,51,61,56,11.25,,12.3,68.2,0,0,1,
2026-05-24,11:21:58,maceta1,114,128,55,49,52,80.0,,,,0,0,1,Lectura invalida de DHT
2026-05-24,11:21:58,maceta2,123,99,51,61,56,24.583333333333336,,12.3,67.7,0,0,1,
2026-05-24,12:22:09,maceta1,104,130,59,49,54,53.75,,14.2,59.7,0,0,1,
2026-05-24,12:22:09,maceta2,123,99,51,61,56,19.583333333333336,,12.5,68.7,0,0,1,
2026-05-24,13:22:21,maceta1,128,128,49,49,49,77.5,,,,0,0,1,Lectura invalida de DHT
2026-05-24,13:22:21,maceta2,123,99,51,61,56,30.0,,12.6,67.0,0,0,1,
2026-05-24,14:22:33,maceta1,123,138,51,45,48,51.25,,14.4,60.6,0,0,1,
2026-05-24,14:22:33,maceta2,123,100,51,60,55,20.416666666666668,,12.8,68.7,0,0,1,
2026-05-24,15:22:44,maceta1,128,128,49,49,49,37.083333333333336,,,,0,0,1,Lectura invalida de DHT
2026-05-24,15:22:44,maceta2,123,100,51,60,55,19.166666666666668,,12.8,70.3,0,0,1,
2026-05-24,16:22:56,maceta1,104,143,59,43,51,22.083333333333336,,14.6,63.9,0,0,1,
2026-05-24,16:22:56,maceta2,123,99,51,61,56,12.083333333333334,,12.9,70.9,0,0,1,
2026-05-24,17:23:08,maceta1,128,128,49,49,49,9.166666666666668,,14.5,67.6,0,0,1,
2026-05-24,17:23:08,maceta2,123,100,51,60,55,4.166666666666667,,13.0,70.7,0,0,1,
2026-05-24,18:23:20,maceta1,104,147,59,42,50,0.0,,14.5,62.2,1,0,1,
2026-05-24,18:23:20,maceta2,123,100,51,60,55,0.0,,13.0,71.1,1,0,1,
2026-05-24,19:23:32,maceta1,128,128,49,49,49,0.0,186.66666666666669,17.0,57.9,1,0,1,
2026-05-24,19:23:32,maceta2,124,100,51,60,55,0.0,2.5,13.0,71.7,1,0,1,
2026-05-24,20:23:47,maceta1,128,128,49,49,49,0.0,188.33333333333334,,,1,0,1,Lectura invalida de DHT
2026-05-24,20:23:47,maceta2,124,101,51,60,55,0.0,2.5,15.8,64.2,1,0,1,
2026-05-24,21:24:03,maceta1,104,118,59,53,56,0.0,187.5,,,1,0,1,Lectura invalida de DHT
2026-05-24,21:24:03,maceta2,124,101,51,60,55,0.0,2.5,,,1,0,1,Lectura invalida de DHT
2026-05-24,22:24:19,maceta1,105,114,58,55,56,0.4166666666666667,189.16666666666669,17.4,57.9,1,0,1,
2026-05-24,22:24:19,maceta2,124,100,51,60,55,0.0,2.5,,,1,0,1,Lectura invalida de DHT
2026-05-24,23:24:35,maceta1,104,136,59,46,52,0.0,182.91666666666669,17.4,58.1,1,0,1,
2026-05-24,23:24:35,maceta2,128,128,49,49,49,0.0,2.916666666666667,16.2,64.1,1,0,1,
2026-05-25,00:24:50,maceta1,128,128,49,49,49,0.0,181.66666666666669,17.4,59.6,1,0,1,
2026-05-25,00:24:50,maceta2,125,101,50,60,55,0.0,2.916666666666667,,,1,0,1,Lectura invalida de DHT
2026-05-25,01:25:06,maceta1,128,128,49,49,49,0.0,187.08333333333334,17.4,58.8,1,0,1,
2026-05-25,01:25:06,maceta2,125,102,50,60,55,0.0,2.916666666666667,16.1,63.6,1,0,1,
2026-05-25,02:25:22,maceta1,128,128,49,49,49,0.0,182.91666666666669,,,1,0,1,Lectura invalida de DHT
2026-05-25,02:25:22,maceta2,125,102,50,60,55,0.0,2.5,16.1,63.0,1,0,1,
2026-05-25,03:25:38,maceta1,128,128,49,49,49,0.0,178.75,17.3,58.4,1,0,1,
2026-05-25,03:25:38,maceta2,124,101,51,60,55,0.0,2.5,16.1,62.0,1,0,1,
2026-05-25,04:25:53,maceta1,128,128,49,49,49,0.0,185.83333333333334,,,1,0,1,Lectura invalida de DHT
2026-05-25,04:25:53,maceta2,125,101,50,60,55,0.0,2.5,,,1,0,1,Lectura invalida de DHT
2026-05-25,05:26:09,maceta1,105,107,58,58,58,0.0,180.83333333333334,17.0,57.7,1,0,1,
2026-05-25,05:26:09,maceta2,124,101,51,60,55,0.0,2.916666666666667,,,1,0,1,Lectura invalida de DHT
2026-05-25,06:26:25,maceta1,106,111,58,56,57,0.0,190.41666666666669,17.0,57.5,1,0,1,
2026-05-25,06:26:25,maceta2,124,101,51,60,55,0.0,2.916666666666667,15.6,59.6,0,0,1,
2026-05-25,07:26:41,maceta1,106,132,58,48,53,0.0,178.75,16.8,58.1,1,0,1,
2026-05-25,07:26:41,maceta2,128,128,49,49,49,0.0,,15.5,60.2,0,0,1,
2026-05-25,08:26:54,maceta1,128,128,49,49,49,2.0833333333333335,182.91666666666669,,,1,0,1,Lectura invalida de DHT
2026-05-25,08:26:54,maceta2,122,100,52,60,56,2.5,,12.9,64.3,0,0,1,
2026-05-25,09:27:08,maceta1,128,128,49,49,49,27.916666666666668,210.83333333333334,16.5,56.4,0,0,1,
2026-05-25,09:27:08,maceta2,123,100,51,60,55,13.75,,12.5,66.6,0,0,1,
2026-05-25,10:27:22,maceta1,106,147,58,42,50,51.66666666666667,,14.5,62.4,0,0,1,
2026-05-25,10:27:22,maceta2,123,128,51,49,50,17.5,,12.5,67.5,0,0,1,
2026-05-25,11:27:34,maceta1,128,128,49,49,49,73.75,,,,0,0,1,Lectura invalida de DHT
2026-05-25,11:27:34,maceta2,123,100,51,60,55,21.25,,12.5,68.7,0,0,1,
2026-05-25,12:27:45,maceta1,106,138,58,45,51,89.16666666666667,,14.9,67.1,0,0,1,
2026-05-25,12:27:45,maceta2,128,128,49,49,49,27.083333333333336,,12.9,67.0,0,0,1,
2026-05-25,13:27:57,maceta1,128,128,49,49,49,91.66666666666667,,15.1,63.6,0,0,1,
2026-05-25,13:27:57,maceta2,124,101,51,60,55,35.0,,13.1,69.8,0,0,1,
2026-05-25,14:28:09,maceta1,105,128,58,49,53,73.33333333333334,,15.1,63.8,0,0,1,
2026-05-25,14:28:09,maceta2,128,128,49,49,49,20.0,,,,0,0,1,Lectura invalida de DHT
2026-05-25,15:28:21,maceta1,128,128,49,49,49,21.25,,,,0,0,1,Lectura invalida de DHT
2026-05-25,15:28:21,maceta2,125,100,50,60,55,20.833333333333336,,13.5,71.5,0,0,1,
2026-05-25,16:28:32,maceta1,106,147,58,42,50,13.75,,15.2,68.6,0,0,1,
2026-05-25,16:28:32,maceta2,128,128,49,49,49,19.166666666666668,,,,0,0,1,Lectura invalida de DHT
2026-05-25,17:28:44,maceta1,128,128,49,49,49,6.666666666666667,,15.2,63.3,0,0,1,
2026-05-25,17:28:44,maceta2,124,101,51,60,55,12.083333333333334,,13.6,68.8,0,0,1,
2026-05-25,18:28:56,maceta1,106,161,58,36,47,0.0,,15.2,60.5,1,0,1,
2026-05-25,18:28:56,maceta2,128,128,49,49,49,0.4166666666666667,,13.6,69.7,1,0,1,
2026-05-25,19:29:08,maceta1,128,128,49,49,49,0.4166666666666667,186.25,,,1,0,1,Lectura invalida de DHT
2026-05-25,19:29:08,maceta2,125,101,50,60,55,0.0,2.916666666666667,13.7,70.3,1,0,1,
2026-05-25,20:29:24,maceta1,128,128,49,49,49,0.4166666666666667,190.41666666666669,,,1,0,1,Lectura invalida de DHT
2026-05-25,20:29:24,maceta2,125,101,50,60,55,0.0,2.5,16.4,63.5,1,0,1,
2026-05-25,21:29:39,maceta1,128,128,49,49,49,0.0,185.41666666666669,,,1,0,1,Lectura invalida de DHT
2026-05-25,21:29:39,maceta2,125,101,50,60,55,0.0,2.5,16.6,61.0,1,0,1,
2026-05-25,22:29:55,maceta1,128,128,49,49,49,0.0,180.0,18.2,56.5,1,0,1,
2026-05-25,22:29:55,maceta2,125,101,50,60,55,0.0,2.5,16.8,62.3,1,0,1,
2026-05-25,23:30:11,maceta1,106,102,58,60,59,0.0,184.16666666666669,,,1,0,1,Lectura invalida de DHT
2026-05-25,23:30:11,maceta2,125,101,50,60,55,0.0,2.5,16.8,62.3,1,0,1,
2026-05-26,00:30:26,maceta1,106,104,58,59,58,0.0,181.25,17.9,58.1,1,0,1,
2026-05-26,00:30:26,maceta2,128,128,49,49,49,0.0,2.916666666666667,16.7,61.4,1,0,1,
2026-05-26,01:30:42,maceta1,106,103,58,59,58,0.0,190.83333333333334,17.8,56.2,1,0,1,
2026-05-26,01:30:42,maceta2,128,128,49,49,49,0.0,2.5,16.4,59.8,1,0,1,
2026-05-26,02:30:58,maceta1,128,128,49,49,49,0.0,182.08333333333334,17.5,55.4,1,0,1,
2026-05-26,02:30:58,maceta2,124,101,51,60,55,0.0,2.916666666666667,16.2,59.7,1,0,1,
2026-05-26,03:31:14,maceta1,128,128,49,49,49,0.0,182.08333333333334,17.5,56.3,1,0,1,
2026-05-26,03:31:14,maceta2,125,101,50,60,55,0.0,2.916666666666667,16.1,59.5,1,0,1,
2026-05-26,04:31:30,maceta1,128,128,49,49,49,0.0,187.5,17.3,55.0,1,0,1,
2026-05-26,04:31:30,maceta2,125,100,50,60,55,0.0,2.5,16.0,57.7,1,0,1,
2026-05-26,05:31:45,maceta1,128,128,49,49,49,0.0,189.16666666666669,,,1,0,1,Lectura invalida de DHT
2026-05-26,05:31:45,maceta2,125,101,50,60,55,0.0,2.916666666666667,15.8,58.8,1,0,1,
2026-05-26,06:32:01,maceta1,108,107,57,58,57,0.0,180.0,17.0,54.1,1,0,1,
2026-05-26,06:32:01,maceta2,125,101,50,60,55,0.0,2.916666666666667,15.6,58.7,0,0,1,
2026-05-26,07:32:17,maceta1,108,121,57,52,54,0.0,180.83333333333334,,,1,0,1,Lectura invalida de DHT
2026-05-26,07:32:17,maceta2,123,100,51,60,55,0.0,,15.4,56.7,0,0,1,
2026-05-26,08:32:31,maceta1,128,128,49,49,49,3.3333333333333335,191.25,,,1,0,1,Lectura invalida de DHT
2026-05-26,08:32:31,maceta2,123,117,51,54,52,3.75,,12.9,63.4,0,0,1,
2026-05-26,09:32:44,maceta1,128,128,49,49,49,32.083333333333336,220.41666666666669,,,0,0,1,Lectura invalida de DHT
2026-05-26,09:32:44,maceta2,124,100,51,60,55,14.166666666666668,,12.7,65.3,0,0,1,
2026-05-26,10:32:58,maceta1,108,124,57,51,54,53.333333333333336,,14.7,57.4,0,0,1,
2026-05-26,10:32:58,maceta2,128,128,49,49,49,17.5,,12.7,66.9,0,0,1,
2026-05-26,11:33:10,maceta1,128,128,49,49,49,73.75,,,,0,0,1,Lectura invalida de DHT
2026-05-26,11:33:10,maceta2,124,101,51,60,55,20.416666666666668,,12.9,68.0,0,0,1,
2026-05-26,12:33:22,maceta1,108,121,57,52,54,87.91666666666667,,15.2,64.9,0,0,1,
2026-05-26,12:33:22,maceta2,125,100,50,60,55,28.75,,13.1,66.8,0,0,1,
2026-05-26,13:33:34,maceta1,128,128,49,49,49,91.25,,,,0,0,1,Lectura invalida de DHT
2026-05-26,13:33:34,maceta2,125,101,50,60,55,31.25,,13.4,69.4,0,0,1,
2026-05-26,14:33:45,maceta1,116,128,54,49,51,14.583333333333334,,15.6,70.4,0,0,1,
2026-05-26,14:33:45,maceta2,125,101,50,60,55,7.916666666666667,,13.7,70.2,0,0,1,
2026-05-26,15:33:57,maceta1,128,128,49,49,49,23.333333333333336,,15.6,72.1,0,0,1,
2026-05-26,15:33:57,maceta2,125,101,50,60,55,21.666666666666668,,13.8,69.7,0,0,1,
2026-05-26,16:34:09,maceta1,128,128,49,49,49,13.333333333333334,,,,0,0,1,Lectura invalida de DHT
2026-05-26,16:34:09,maceta2,125,102,50,60,55,16.25,,13.9,69.9,0,0,1,
2026-05-26,17:34:21,maceta1,108,148,57,41,49,5.416666666666667,,15.8,69.6,0,0,1,
2026-05-26,17:34:21,maceta2,125,101,50,60,55,10.416666666666668,,14.1,68.0,0,0,1,
2026-05-26,18:34:32,maceta1,128,128,49,49,49,599.5833333333334,,16.6,67.0,1,0,1,
2026-05-26,18:34:32,maceta2,124,102,51,60,55,91.66666666666667,,14.2,68.4,1,0,1,
2026-05-26,19:34:44,maceta1,108,99,57,61,59,472.08333333333337,640.8333333333334,18.9,55.9,1,0,1,
2026-05-26,19:34:44,maceta2,128,128,49,49,49,16.666666666666668,19.583333333333336,,,1,0,1,Lectura invalida de DHT
2026-05-26,20:35:00,maceta1,128,128,49,49,49,471.6666666666667,647.0833333333334,19.1,58.0,1,0,1,
2026-05-26,20:35:00,maceta2,126,103,50,59,54,16.666666666666668,19.583333333333336,,,1,0,1,Lectura invalida de DHT
2026-05-26,21:07:14,maceta1,108,119,57,53,55,471.25,,19.2,57.8,1,0,1,
2026-05-26,21:07:14,maceta2,127,102,50,60,55,2.5,,17.6,60.5,1,0,1,
2026-05-26,22:07:26,maceta1,108,93,57,63,60,0.0,173.33333333333334,19.1,58.6,1,0,1,
2026-05-26,22:07:26,maceta2,127,102,50,60,55,0.0,2.5,,,1,0,1,Lectura invalida de DHT
2026-05-26,23:07:42,maceta1,108,88,57,65,61,0.0,174.58333333333334,,,1,0,1,Lectura invalida de DHT
2026-05-26,23:07:42,maceta2,126,102,50,60,55,0.0,2.5,17.5,64.9,1,0,1,
2026-05-27,00:07:59,maceta1,108,86,57,66,61,0.0,180.0,18.6,55.9,1,0,1,
2026-05-27,00:07:59,maceta2,125,101,50,60,55,0.0,2.5,17.3,63.6,1,0,1,
2026-05-27,01:08:15,maceta1,109,92,57,63,60,0.0,177.5,18.6,57.1,1,0,1,
2026-05-27,01:08:15,maceta2,128,128,49,49,49,0.0,2.5,17.2,63.7,1,0,1,
2026-05-27,02:08:30,maceta1,109,95,57,62,59,0.0,171.66666666666669,18.5,56.6,1,0,1,
2026-05-27,02:08:30,maceta2,128,128,49,49,49,0.0,2.5,17.0,61.2,1,0,1,
2026-05-27,03:08:46,maceta1,128,128,49,49,49,0.0,174.16666666666669,18.4,56.2,1,0,1,
2026-05-27,03:08:46,maceta2,126,102,50,60,55,0.0,2.5,17.0,59.8,1,0,1,
2026-05-27,04:09:02,maceta1,128,128,49,49,49,0.0,170.0,,,1,0,1,Lectura invalida de DHT
2026-05-27,04:09:02,maceta2,125,101,50,60,55,0.0,2.5,16.9,59.5,1,0,1,
2026-05-27,05:09:18,maceta1,128,128,49,49,49,0.0,179.58333333333334,18.2,55.8,1,0,1,
2026-05-27,05:09:18,maceta2,126,101,50,60,55,0.0,2.5,16.7,59.6,1,0,1,
2026-05-27,06:09:33,maceta1,128,128,49,49,49,0.0,170.41666666666669,,,1,0,1,Lectura invalida de DHT
2026-05-27,06:09:33,maceta2,126,101,50,60,55,0.0,2.5,16.7,58.9,0,0,1,
2026-05-27,07:09:49,maceta1,110,124,56,51,53,0.0,173.75,18.1,58.3,1,0,1,
2026-05-27,07:09:49,maceta2,125,101,50,60,55,0.0,,16.6,58.3,0,0,1,
2026-05-27,08:10:03,maceta1,110,112,56,56,56,0.4166666666666667,178.75,18.0,57.7,1,0,1,
2026-05-27,08:10:03,maceta2,128,128,49,49,49,0.4166666666666667,,,,0,0,1,Lectura invalida de DHT
2026-05-27,09:10:17,maceta1,128,128,49,49,49,20.0,193.75,18.1,58.7,0,0,1,
2026-05-27,09:10:17,maceta2,125,101,50,60,55,8.333333333333334,,13.9,66.7,0,0,1,
2026-05-27,10:10:30,maceta1,110,128,56,49,52,45.0,,15.8,63.8,0,0,1,
2026-05-27,10:10:30,maceta2,125,100,50,60,55,11.666666666666668,,13.9,67.8,0,0,1,
2026-05-27,11:10:42,maceta1,128,128,49,49,49,67.08333333333334,,,,0,0,1,Lectura invalida de DHT
2026-05-27,11:10:42,maceta2,126,101,50,60,55,12.5,,14.0,69.8,0,0,1,
2026-05-27,12:10:54,maceta1,128,128,49,49,49,87.08333333333334,,,,0,0,1,Lectura invalida de DHT
2026-05-27,12:10:54,maceta2,125,101,50,60,55,20.833333333333336,,14.2,68.7,0,0,1,
2026-05-27,13:11:06,maceta1,124,143,51,43,47,79.58333333333334,,16.3,72.1,0,0,1,
2026-05-27,13:11:06,maceta2,126,101,50,60,55,22.083333333333336,,14.4,69.7,0,0,1,
2026-05-27,14:11:18,maceta1,128,128,49,49,49,81.25,,,,0,0,1,Lectura invalida de DHT
2026-05-27,14:11:18,maceta2,126,101,50,60,55,14.166666666666668,,14.6,69.6,0,0,1,
2026-05-27,15:11:29,maceta1,110,125,56,50,53,16.666666666666668,,16.6,74.8,0,0,1,
2026-05-27,15:11:29,maceta2,126,101,50,60,55,12.083333333333334,,14.8,70.2,0,0,1,
2026-05-27,16:11:41,maceta1,128,128,49,49,49,629.5833333333334,,16.9,77.8,0,0,1,
2026-05-27,16:11:41,maceta2,127,102,50,60,55,93.75,,14.9,69.7,0,0,1,
2026-05-27,17:11:53,maceta1,110,141,56,44,50,627.9166666666667,,17.0,72.3,0,0,1,
2026-05-27,17:11:53,maceta2,126,102,50,60,55,70.0,,15.2,69.4,0,0,1,
2026-05-27,18:12:05,maceta1,128,128,49,49,49,0.4166666666666667,,,,1,0,1,Lectura invalida de DHT
2026-05-27,18:12:05,maceta2,126,102,50,60,55,2.916666666666667,,15.4,69.2,1,0,1,
2026-05-27,19:12:17,maceta1,109,95,57,62,59,0.8333333333333334,177.91666666666669,19.3,60.3,1,0,1,
2026-05-27,19:12:17,maceta2,128,128,49,49,49,0.4166666666666667,3.3333333333333335,,,1,0,1,Lectura invalida de DHT
2026-05-27,20:12:32,maceta1,109,94,57,63,60,0.8333333333333334,181.25,19.4,60.5,1,0,1,
2026-05-27,20:12:32,maceta2,128,128,49,49,49,0.4166666666666667,2.916666666666667,18.0,64.6,1,0,1,
2026-05-27,21:12:48,maceta1,109,95,57,62,59,0.4166666666666667,173.75,19.5,60.7,1,0,1,
2026-05-27,21:12:48,maceta2,128,128,49,49,49,0.4166666666666667,2.916666666666667,,,1,0,1,Lectura invalida de DHT
2026-05-27,22:13:04,maceta1,128,128,49,49,49,0.0,172.91666666666669,19.4,61.4,1,0,1,
2026-05-27,22:13:04,maceta2,127,102,50,60,55,0.0,2.5,18.1,64.0,1,0,1,
2026-05-27,23:13:20,maceta1,128,128,49,49,49,0.0,170.83333333333334,19.5,61.8,1,0,1,
2026-05-27,23:13:20,maceta2,127,102,50,60,55,0.0,2.5,18.1,64.4,1,0,1,
2026-05-28,00:13:35,maceta1,128,128,49,49,49,0.0,176.66666666666669,19.6,62.4,1,0,1,
2026-05-28,00:13:35,maceta2,126,102,50,60,55,0.0,2.5,18.1,64.6,1,0,1,
2026-05-28,01:13:51,maceta1,111,83,56,67,61,0.0,171.66666666666669,19.6,62.0,1,0,1,
2026-05-28,01:13:51,maceta2,127,102,50,60,55,0.0,2.5,18.1,65.7,1,0,1,
2026-05-28,02:14:07,maceta1,112,89,56,65,60,0.0,170.0,19.6,62.5,1,0,1,
2026-05-28,02:14:07,maceta2,127,101,50,60,55,0.0,2.5,18.2,63.9,1,0,1,
2026-05-28,03:14:23,maceta1,112,88,56,65,60,0.0,174.58333333333334,19.6,62.9,1,0,1,
2026-05-28,03:14:23,maceta2,128,128,49,49,49,0.0,2.5,18.2,65.3,1,0,1,
2026-05-28,04:14:38,maceta1,128,128,49,49,49,0.0,172.5,19.5,63.8,1,0,1,
2026-05-28,04:14:38,maceta2,127,106,50,58,54,0.0,2.5,,,1,0,1,Lectura invalida de DHT
2026-05-28,05:14:54,maceta1,128,128,49,49,49,0.0,180.0,,,1,0,1,Lectura invalida de DHT
2026-05-28,05:14:54,maceta2,127,101,50,60,55,0.0,2.5,18.1,65.9,1,0,1,
2026-05-28,06:15:10,maceta1,128,128,49,49,49,0.0,171.66666666666669,,,1,0,1,Lectura invalida de DHT
2026-05-28,06:15:10,maceta2,127,102,50,60,55,0.0,2.5,18.0,66.2,0,0,1,
2026-05-28,07:15:26,maceta1,128,128,49,49,49,0.0,179.58333333333334,,,1,0,1,Lectura invalida de DHT
2026-05-28,07:15:26,maceta2,125,101,50,60,55,0.0,,18.0,66.7,0,0,1,
2026-05-28,08:15:40,maceta1,112,123,56,51,53,0.0,172.08333333333334,19.4,65.2,1,0,1,
2026-05-28,08:15:40,maceta2,125,101,50,60,55,0.0,,15.6,72.0,0,0,1,
2026-05-28,09:15:53,maceta1,128,128,49,49,49,7.083333333333334,188.75,19.4,64.7,0,0,1,
2026-05-28,09:15:53,maceta2,126,101,50,60,55,1.25,,,,0,0,1,Lectura invalida de DHT
2026-05-28,10:16:07,maceta1,128,128,49,49,49,15.833333333333334,,17.0,72.7,0,0,1,
2026-05-28,10:16:07,maceta2,126,101,50,60,55,3.75,,15.3,72.7,0,0,1,
2026-05-28,11:16:19,maceta1,112,125,56,50,53,16.25,,16.8,74.2,0,0,1,
2026-05-28,11:16:19,maceta2,127,128,50,49,49,4.166666666666667,,,,0,0,1,Lectura invalida de DHT
2026-05-28,12:16:32,maceta1,128,128,49,49,49,19.583333333333336,,16.8,73.4,0,0,1,
2026-05-28,12:16:32,maceta2,126,101,50,60,55,6.25,,15.2,74.7,0,0,1,
2026-05-28,13:16:44,maceta1,112,124,56,51,53,17.5,,,,0,0,1,Lectura invalida de DHT
2026-05-28,13:16:44,maceta2,128,128,49,49,49,5.0,,,,0,0,1,Lectura invalida de DHT
2026-05-28,14:16:55,maceta1,128,128,49,49,49,20.833333333333336,,16.7,74.7,0,0,1,
2026-05-28,14:16:55,maceta2,126,101,50,60,55,5.416666666666667,,15.3,75.9,0,0,1,
2026-05-28,15:17:07,maceta1,112,118,56,53,54,622.5,,16.9,77.5,0,0,1,
2026-05-28,15:17:07,maceta2,128,128,49,49,49,79.58333333333334,,,,0,0,1,Lectura invalida de DHT
2026-05-28,16:08:40,maceta1,156,142,38,44,41,426.6666666666667,,17.6,75.2,0,0,1,
2026-05-28,16:08:40,maceta2,128,128,49,49,49,27.083333333333336,,,,0,0,1,Lectura invalida de DHT
2026-05-28,16:09:56,maceta1,128,128,65,65,65,427.5,,17.6,75.7,0,0,1,
2026-05-28,16:09:56,maceta2,125,101,66,78,72,30.416666666666668,,15.9,71.6,0,0,1,
2026-05-28,16:10:32,maceta1,155,142,51,57,54,427.08333333333337,,17.6,75.3,0,0,1,
2026-05-28,16:10:32,maceta2,126,103,66,77,71,25.416666666666668,,15.9,72.5,0,0,1,
2026-05-28,16:11:09,maceta1,128,128,65,65,65,427.5,,17.6,76.4,0,0,1,
2026-05-28,16:11:09,maceta2,126,103,66,77,71,26.666666666666668,,16.0,72.5,0,0,1,
2026-05-28,16:11:46,maceta1,155,142,51,57,54,427.5,,17.6,75.5,0,0,1,
2026-05-28,16:11:46,maceta2,126,128,66,65,65,27.916666666666668,,15.9,72.7,0,0,1,
2026-05-28,16:12:23,maceta1,155,142,51,57,54,427.08333333333337,,17.6,76.0,0,0,1,
2026-05-28,16:12:23,maceta2,125,103,66,77,71,27.5,,16.0,73.0,0,0,1,
2026-05-28,16:13:00,maceta1,128,128,65,65,65,427.5,,17.6,76.9,0,0,1,
2026-05-28,16:13:00,maceta2,126,104,66,77,71,30.833333333333336,,16.0,73.0,0,0,1,
2026-05-28,16:13:36,maceta1,155,142,51,57,54,427.5,,17.6,77.0,0,0,1,
2026-05-28,16:13:36,maceta2,126,104,66,77,71,35.833333333333336,,16.0,71.9,0,0,1,
2026-05-28,16:14:13,maceta1,128,130,65,64,64,427.5,,17.7,76.7,0,0,1,
2026-05-28,16:14:13,maceta2,199,137,28,60,44,41.66666666666667,,16.0,72.2,0,0,1,
2026-05-28,16:14:50,maceta1,155,142,51,57,54,427.5,,17.6,75.8,0,0,1,
2026-05-28,16:14:50,maceta2,109,123,74,67,70,41.25,,,,0,0,1,Lectura invalida de DHT
