2026-07-02,19:27:18,maceta1,,,,,,,0.0,,,1,0,0,"Recolectando muestras del sensor. Esperando 3 lecturas... | Lectura invalida de DHT | Lectura invalida de DHT, se omite logica de ventilacion"
2026-07-02,19:27:18,maceta2,,,,,,,0.0,,,1,0,0,"Recolectando muestras del sensor. Esperando 3 lecturas... | Lectura invalida de DHT | Lectura invalida de DHT, se omite logica de ventilacion"
2026-07-02,19:59:27,maceta1,,,,,,788.75,0.0,18.0,50.0,1,0,0,Recolectando muestras del sensor. Esperando 3 lecturas...
2026-07-02,19:59:27,maceta2,,,,,,326.25,0.0,11.9,52.2,1,0,0,Recolectando muestras del sensor. Esperando 3 lecturas...
2026-07-02,20:01:05,maceta1,173,100,,,,763.3333333333334,0.0,18.1,50.5,1,0,0,Recolectando muestras del sensor. Esperando 3 lecturas...
2026-07-02,20:01:05,maceta2,94,87,,,,326.6666666666667,0.0,11.7,52.2,1,0,0,Recolectando muestras del sensor. Esperando 3 lecturas...
2026-07-02,20:01:30,maceta1,202,102,,,,769.5833333333334,0.0,18.1,50.9,1,0,0,Recolectando muestras del sensor. Esperando 3 lecturas...
2026-07-02,20:01:30,maceta2,94,86,,,,326.6666666666667,0.0,11.7,52.4,1,0,0,Recolectando muestras del sensor. Esperando 3 lecturas...
2026-07-02,20:01:59,maceta1,133,99,,,,712.5,0.0,,,1,0,0,"Recolectando muestras del sensor. Esperando 3 lecturas... | Lectura invalida de DHT | Lectura invalida de DHT, se omite logica de ventilacion"
2026-07-02,20:01:59,maceta2,94,128,,,,213.33333333333334,0.0,,,1,0,0,"Recolectando muestras del sensor. Esperando 3 lecturas... | Lectura invalida de DHT | Lectura invalida de DHT, se omite logica de ventilacion"
2026-07-02,20:02:18,maceta1,136,122,,,,787.5,0.0,18.1,50.8,1,0,0,Recolectando muestras del sensor. Esperando 3 lecturas...
2026-07-02,20:02:18,maceta2,94,86,,,,326.25,0.0,11.7,52.4,1,0,0,Recolectando muestras del sensor. Esperando 3 lecturas...
2026-07-02,21:09:38,maceta1,132,124,,,,547.5,0.0,16.7,51.1,1,0,0,Recolectando muestras del sensor. Esperando 3 lecturas...
2026-07-02,21:09:38,maceta2,90,86,,,,233.33333333333334,0.0,12.1,51.1,1,0,0,Recolectando muestras del sensor. Esperando 3 lecturas...
2026-07-02,21:12:05,maceta1,141,136,,,,549.1666666666667,0.0,17.0,45.3,1,0,0,Recolectando muestras del sensor. Esperando 3 lecturas...
2026-07-02,21:12:05,maceta2,102,103,,,,234.58333333333334,0.0,12.1,51.1,1,0,0,Recolectando muestras del sensor. Esperando 3 lecturas...
2026-07-02,21:22:49,maceta1,142,137,,,,566.6666666666667,0.0,,,1,0,0,"Recolectando muestras del sensor. Esperando 3 lecturas... | Lectura invalida de DHT | Lectura invalida de DHT, se omite logica de ventilacion"
2026-07-02,21:22:49,maceta2,104,107,,,,234.58333333333334,0.0,12.5,51.2,1,0,0,Recolectando muestras del sensor. Esperando 3 lecturas...
2026-07-02,21:23:07,maceta1,158,128,,,,733.3333333333334,0.0105,,,1,0,0,"Recolectando muestras del sensor. Esperando 3 lecturas... | Lectura invalida de DHT | Lectura invalida de DHT, se omite logica de ventilacion"
2026-07-02,21:23:07,maceta2,104,106,,,,1924.5833333333335,0.0109,13.5,49.5,1,0,0,Recolectando muestras del sensor. Esperando 3 lecturas...
2026-07-02,21:25:12,maceta1,135,139,,,,567.9166666666667,0.0,17.5,48.5,1,0,0,Recolectando muestras del sensor. Esperando 3 lecturas...
2026-07-02,21:25:12,maceta2,104,107,,,,323.75,0.0,13.5,49.6,1,0,0,Recolectando muestras del sensor. Esperando 3 lecturas...
2026-07-02,21:25:30,maceta1,132,128,,,,731.25,0.0105,,,1,0,0,"Recolectando muestras del sensor. Esperando 3 lecturas... | Lectura invalida de DHT | Lectura invalida de DHT, se omite logica de ventilacion"
2026-07-02,21:25:30,maceta2,104,107,,,,2021.6666666666667,0.0109,13.5,49.7,1,0,0,Recolectando muestras del sensor. Esperando 3 lecturas...
2026-07-02,21:29:09,maceta1,136,141,,,,538.75,0.0,17.5,49.0,1,0,0,Recolectando muestras del sensor. Esperando 3 lecturas...
2026-07-02,21:29:09,maceta2,92,94,,,,323.33333333333337,0.0,13.5,50.4,1,0,0,Recolectando muestras del sensor. Esperando 3 lecturas...
2026-07-02,21:29:26,maceta1,131,128,,,,710.4166666666667,0.0105,,,1,0,0,"Recolectando muestras del sensor. Esperando 3 lecturas... | Lectura invalida de DHT | Lectura invalida de DHT, se omite logica de ventilacion"
2026-07-02,21:29:26,maceta2,94,95,,,,2036.6666666666667,0.0109,13.5,49.6,1,0,0,Recolectando muestras del sensor. Esperando 3 lecturas...
2026-07-02,21:29:45,maceta1,131,128,61,,61,710.8333333333334,0.0213,,,1,0,0,"Fallo sensor de humedad 2, se usa sensor 1 | Lectura invalida de DHT | Lectura invalida de DHT, se omite logica de ventilacion | Tierra seca (Raw: 132.7 >= 80). Riego activado."
2026-07-02,21:29:45,maceta2,100,128,81,,81,1993.75,0.0222,,,1,0,0,"Fallo sensor de humedad 2, se usa sensor 1 | Lectura invalida de DHT | Lectura invalida de DHT, se omite logica de ventilacion | Tierra seca (Raw: 95.3 >= 80). Riego activado."
2026-07-02,21:39:23,maceta1,132,128,,,,560.8333333333334,0.0,,,0,0,0,"Recolectando muestras del sensor. Esperando 3 lecturas... | Lectura invalida de DHT | Lectura invalida de DHT, se omite logica de ventilacion"
2026-07-02,21:39:23,maceta2,95,97,,,,320.0,0.0,13.5,50.0,0,0,0,Recolectando muestras del sensor. Esperando 3 lecturas...
2026-07-02,21:39:41,maceta1,135,137,,,,560.8333333333334,0.0002,17.0,47.9,0,0,0,Recolectando muestras del sensor. Esperando 3 lecturas...
2026-07-02,21:39:41,maceta2,96,98,,,,320.4166666666667,0.0001,13.1,50.4,0,0,0,Recolectando muestras del sensor. Esperando 3 lecturas...
2026-07-02,21:40:00,maceta1,113,115,64,,64,558.75,0.0004,,,0,0,0,"Fallo sensor de humedad 2, se usa sensor 1 | Lectura invalida de DHT | Lectura invalida de DHT, se omite logica de ventilacion"
2026-07-02,21:40:00,maceta2,96,101,81,79,80,320.4166666666667,0.0002,13.1,50.4,0,0,0,
2026-07-02,21:40:13,maceta1,112,115,,,,560.4166666666667,0.0,,,0,0,0,"Recolectando muestras del sensor. Esperando 3 lecturas... | Lectura invalida de DHT | Lectura invalida de DHT, se omite logica de ventilacion"
2026-07-02,21:40:13,maceta2,93,95,,,,320.4166666666667,0.0,13.0,50.2,0,0,0,Recolectando muestras del sensor. Esperando 3 lecturas...
2026-07-02,22:10:17,maceta1,125,128,,,,0.0,0.0,,,0,0,0,"Recolectando muestras del sensor. Esperando 3 lecturas... | Lectura invalida de DHT | Lectura invalida de DHT, se omite logica de ventilacion"
2026-07-02,22:10:17,maceta2,92,95,,,,0.0,0.0,12.9,50.3,0,0,0,Recolectando muestras del sensor. Esperando 3 lecturas...
2026-07-02,22:40:20,maceta1,124,128,68,,68,0.0,0.0,,,0,0,0,"Fallo sensor de humedad 2, se usa sensor 1 | Lectura invalida de DHT | Lectura invalida de DHT, se omite logica de ventilacion"
2026-07-02,22:40:20,maceta2,93,93,82,81,81,0.0,0.0,11.5,51.6,0,0,0,
2026-07-02,23:10:23,maceta1,123,128,66,,66,0.0,0.0,,,0,0,0,"Fallo sensor de humedad 2, se usa sensor 1 | Lectura invalida de DHT | Lectura invalida de DHT, se omite logica de ventilacion"
2026-07-02,23:10:23,maceta2,94,94,82,82,82,0.0,0.0,10.7,52.2,0,0,0,
2026-07-02,23:40:25,maceta1,121,128,67,,67,0.0,0.0,,,0,0,0,"Fallo sensor de humedad 2, se usa sensor 1 | Lectura invalida de DHT | Lectura invalida de DHT, se omite logica de ventilacion"
2026-07-02,23:40:25,maceta2,93,95,82,82,82,0.0,0.0,10.4,52.6,0,0,0,
2026-07-03,00:10:28,maceta1,120,128,67,,67,0.0,0.0,,,0,0,0,"Fallo sensor de humedad 2, se usa sensor 1 | Lectura invalida de DHT | Lectura invalida de DHT, se omite logica de ventilacion"
2026-07-03,00:10:28,maceta2,93,94,82,81,81,0.0,0.0,10.2,53.1,0,0,0,
2026-07-03,00:40:31,maceta1,124,128,67,,67,0.0,0.0,,,0,0,0,"Fallo sensor de humedad 2, se usa sensor 1 | Lectura invalida de DHT | Lectura invalida de DHT, se omite logica de ventilacion"
2026-07-03,00:40:31,maceta2,94,94,82,81,81,0.0,0.0,10.0,53.5,0,0,0,
2026-07-03,01:10:34,maceta1,123,128,67,,67,0.0,0.0,,,0,0,0,"Fallo sensor de humedad 2, se usa sensor 1 | Lectura invalida de DHT | Lectura invalida de DHT, se omite logica de ventilacion"
2026-07-03,01:10:34,maceta2,92,94,82,82,82,0.0,0.0,9.9,54.0,0,0,0,
2026-07-03,01:40:36,maceta1,123,128,66,,66,0.0,0.0,,,0,0,0,"Fallo sensor de humedad 2, se usa sensor 1 | Lectura invalida de DHT | Lectura invalida de DHT, se omite logica de ventilacion"
2026-07-03,01:40:36,maceta2,93,94,82,82,82,0.0,0.0,9.8,54.3,0,0,0,
2026-07-03,02:10:39,maceta1,128,128,66,,66,0.0,0.0,,,0,0,0,"Fallo sensor de humedad 2, se usa sensor 1 | Lectura invalida de DHT | Lectura invalida de DHT, se omite logica de ventilacion"
2026-07-03,02:10:39,maceta2,93,94,82,82,82,0.0,0.0,9.7,54.4,0,0,0,
2026-07-03,02:40:42,maceta1,119,128,67,,67,0.0,0.0,,,0,0,0,"Fallo sensor de humedad 2, se usa sensor 1 | Lectura invalida de DHT | Lectura invalida de DHT, se omite logica de ventilacion"
2026-07-03,02:40:42,maceta2,92,94,82,82,82,0.0,0.0,9.6,54.5,0,0,0,
2026-07-03,03:10:45,maceta1,123,128,67,,67,0.0,0.0,,,0,0,0,"Fallo sensor de humedad 2, se usa sensor 1 | Lectura invalida de DHT | Lectura invalida de DHT, se omite logica de ventilacion"
2026-07-03,03:10:45,maceta2,93,94,82,82,82,0.0,0.0,9.5,54.5,0,0,0,
2026-07-03,03:40:47,maceta1,120,128,68,,68,0.0,0.0,,,0,0,0,"Fallo sensor de humedad 2, se usa sensor 1 | Lectura invalida de DHT | Lectura invalida de DHT, se omite logica de ventilacion"
2026-07-03,03:40:47,maceta2,93,94,82,82,82,0.0,0.0,9.4,54.5,0,0,0,
2026-07-03,04:10:50,maceta1,120,128,67,,67,0.0,0.0,,,0,0,0,"Fallo sensor de humedad 2, se usa sensor 1 | Lectura invalida de DHT | Lectura invalida de DHT, se omite logica de ventilacion"
2026-07-03,04:10:50,maceta2,94,94,82,82,82,0.0,0.0,9.4,54.3,0,0,0,
2026-07-03,04:40:53,maceta1,119,128,68,,68,0.0,0.0,,,0,0,0,"Fallo sensor de humedad 2, se usa sensor 1 | Lectura invalida de DHT | Lectura invalida de DHT, se omite logica de ventilacion"
2026-07-03,04:40:53,maceta2,93,94,82,82,82,0.0,0.0,9.2,54.3,0,0,0,
2026-07-03,05:10:56,maceta1,124,128,67,,67,0.0,0.0,,,0,0,0,"Fallo sensor de humedad 2, se usa sensor 1 | Lectura invalida de DHT | Lectura invalida de DHT, se omite logica de ventilacion"
2026-07-03,05:10:56,maceta2,94,94,82,82,82,0.0,0.0,9.2,54.0,0,0,0,
2026-07-03,05:40:58,maceta1,119,128,68,,68,0.0,0.0,,,0,0,0,"Fallo sensor de humedad 2, se usa sensor 1 | Lectura invalida de DHT | Lectura invalida de DHT, se omite logica de ventilacion"
2026-07-03,05:40:58,maceta2,93,93,82,82,82,0.0,0.0,9.0,54.3,0,0,0,
2026-07-03,06:11:01,maceta1,119,128,68,,68,0.0,0.0,,,1,0,0,"Fallo sensor de humedad 2, se usa sensor 1 | Lectura invalida de DHT | Lectura invalida de DHT, se omite logica de ventilacion"
2026-07-03,06:11:01,maceta2,92,94,82,82,82,1.6666666666666667,0.0001,9.0,53.8,0,0,0,
2026-07-03,06:41:04,maceta1,115,128,69,,69,160.0,1.0447,,,1,0,0,"Fallo sensor de humedad 2, se usa sensor 1 | Lectura invalida de DHT | Lectura invalida de DHT, se omite logica de ventilacion"
2026-07-03,06:41:04,maceta2,92,94,82,82,82,1.6666666666666667,0.0001,8.9,53.6,1,0,0,
2026-07-03,07:11:07,maceta1,119,128,69,,69,165.41666666666669,2.0896,,,1,0,0,"Fallo sensor de humedad 2, se usa sensor 1 | Lectura invalida de DHT | Lectura invalida de DHT, se omite logica de ventilacion"
2026-07-03,07:11:07,maceta2,93,94,82,82,82,1615.4166666666667,1.0934,8.9,53.6,1,0,0,
2026-07-03,07:41:09,maceta1,120,128,69,,69,166.66666666666669,3.1346,,,1,0,0,"Fallo sensor de humedad 2, se usa sensor 1 | Lectura invalida de DHT | Lectura invalida de DHT, se omite logica de ventilacion"
2026-07-03,07:41:09,maceta2,93,95,82,81,81,1597.0833333333335,2.1861,10.6,49.6,1,0,0,
2026-07-03,08:11:12,maceta1,120,128,68,,68,162.08333333333334,4.1794,,,1,0,0,"Fallo sensor de humedad 2, se usa sensor 1 | Lectura invalida de DHT | Lectura invalida de DHT, se omite logica de ventilacion"
2026-07-03,08:11:12,maceta2,94,95,82,81,81,1563.3333333333335,3.2776,10.7,49.0,1,0,0,
2026-07-03,08:41:15,maceta1,120,128,68,,68,167.08333333333334,5.2243,,,1,0,0,"Fallo sensor de humedad 2, se usa sensor 1 | Lectura invalida de DHT | Lectura invalida de DHT, se omite logica de ventilacion"
2026-07-03,08:41:15,maceta2,94,94,82,81,81,1636.25,4.3715,10.7,48.4,1,0,0,
2026-07-03,09:11:18,maceta1,119,128,68,,68,160.0,6.269,,,1,0,0,"Fallo sensor de humedad 2, se usa sensor 1 | Lectura invalida de DHT | Lectura invalida de DHT, se omite logica de ventilacion"
2026-07-03,09:11:18,maceta2,93,93,82,82,82,1615.4166666666667,5.4648,10.7,48.1,1,0,0,
2026-07-03,09:41:20,maceta1,123,128,68,,68,164.16666666666669,7.3138,,,1,0,0,"Fallo sensor de humedad 2, se usa sensor 1 | Lectura invalida de DHT | Lectura invalida de DHT, se omite logica de ventilacion"
2026-07-03,09:41:20,maceta2,93,94,82,82,82,1619.1666666666667,6.5581,10.6,48.0,1,0,0,
2026-07-03,10:11:23,maceta1,120,128,68,,68,166.66666666666669,8.3587,,,1,0,0,"Fallo sensor de humedad 2, se usa sensor 1 | Lectura invalida de DHT | Lectura invalida de DHT, se omite logica de ventilacion"
2026-07-03,10:11:23,maceta2,94,94,82,82,82,1601.6666666666667,7.6509,10.6,47.9,1,0,0,
2026-07-03,10:41:26,maceta1,119,128,68,,68,166.66666666666669,9.4036,,,1,0,0,"Fallo sensor de humedad 2, se usa sensor 1 | Lectura invalida de DHT | Lectura invalida de DHT, se omite logica de ventilacion"
2026-07-03,10:41:26,maceta2,93,94,82,82,82,1567.9166666666667,8.7425,10.6,47.8,1,0,0,
2026-07-03,11:11:28,maceta1,116,128,69,,69,169.16666666666669,10.4486,,,1,0,0,"Fallo sensor de humedad 2, se usa sensor 1 | Lectura invalida de DHT | Lectura invalida de DHT, se omite logica de ventilacion"
2026-07-03,11:11:28,maceta2,93,93,82,82,82,1605.8333333333335,9.8354,10.5,47.2,1,0,0,
2026-07-03,11:41:31,maceta1,120,128,69,,69,177.91666666666669,11.4939,,,1,0,0,"Fallo sensor de humedad 2, se usa sensor 1 | Lectura invalida de DHT | Lectura invalida de DHT, se omite logica de ventilacion"
2026-07-03,11:41:31,maceta2,94,93,82,82,82,1598.75,10.9281,10.6,47.2,1,0,0,
2026-07-03,12:11:34,maceta1,115,128,70,,70,172.91666666666669,12.539,,,1,0,0,"Fallo sensor de humedad 2, se usa sensor 1 | Lectura invalida de DHT | Lectura invalida de DHT, se omite logica de ventilacion"
2026-07-03,12:11:34,maceta2,92,94,82,82,82,1569.5833333333335,12.0198,10.6,47.6,1,0,0,
2026-07-03,12:41:37,maceta1,120,128,69,,69,183.33333333333334,13.5845,,,1,0,0,"Fallo sensor de humedad 2, se usa sensor 1 | Lectura invalida de DHT | Lectura invalida de DHT, se omite logica de ventilacion"
2026-07-03,12:41:37,maceta2,94,94,82,82,82,1597.5,13.1124,10.6,47.7,1,0,0,
2026-07-03,13:11:39,maceta1,124,128,68,,68,175.83333333333334,14.6297,,,0,0,0,"Fallo sensor de humedad 2, se usa sensor 1 | Lectura invalida de DHT | Lectura invalida de DHT, se omite logica de ventilacion"
2026-07-03,13:11:39,maceta2,94,95,82,81,81,1628.3333333333335,14.2061,10.6,47.7,0,0,0,
2026-07-03,13:41:42,maceta1,120,128,67,,67,17.916666666666668,14.6303,,,0,0,0,"Fallo sensor de humedad 2, se usa sensor 1 | Lectura invalida de DHT | Lectura invalida de DHT, se omite logica de ventilacion"
2026-07-03,13:41:42,maceta2,94,94,82,81,81,13.333333333333334,14.2065,10.7,47.8,0,0,0,
2026-07-03,14:11:45,maceta1,120,128,67,,67,17.916666666666668,14.6309,,,0,0,0,"Fallo sensor de humedad 2, se usa sensor 1 | Lectura invalida de DHT | Lectura invalida de DHT, se omite logica de ventilacion"
2026-07-03,14:11:45,maceta2,93,93,82,82,82,13.333333333333334,14.207,8.9,50.3,0,0,0,
2026-07-03,14:41:47,maceta1,124,128,67,,67,17.5,14.6315,,,0,0,0,"Fallo sensor de humedad 2, se usa sensor 1 | Lectura invalida de DHT | Lectura invalida de DHT, se omite logica de ventilacion"
2026-07-03,14:41:47,maceta2,93,94,82,82,82,12.916666666666668,14.2074,8.8,51.2,0,0,0,
2026-07-03,15:11:50,maceta1,124,128,67,,67,26.666666666666668,14.6324,,,0,0,0,"Fallo sensor de humedad 2, se usa sensor 1 | Lectura invalida de DHT | Lectura invalida de DHT, se omite logica de ventilacion"
2026-07-03,15:11:50,maceta2,93,94,82,82,82,19.583333333333336,14.2081,8.7,51.8,0,0,0,
2026-07-03,15:41:53,maceta1,120,128,67,,67,592.9166666666667,14.6522,,,0,0,0,"Fallo sensor de humedad 2, se usa sensor 1 | Lectura invalida de DHT | Lectura invalida de DHT, se omite logica de ventilacion"
2026-07-03,15:41:53,maceta2,94,94,82,82,82,347.9166666666667,14.2197,8.7,51.6,0,0,0,
2026-07-03,16:12:15,maceta1,109,111,69,,69,414.58333333333337,14.6662,10.8,59.1,0,0,0,"Fallo sensor de humedad 2, se usa sensor 1"
2026-07-03,16:12:15,maceta2,95,94,82,82,82,170.41666666666669,14.2254,9.0,52.6,0,0,0,
2026-07-03,16:55:19,maceta1,160,145,,,,403.33333333333337,0.0,11.0,55.8,0,0,0,Recolectando muestras del sensor. Esperando 3 lecturas...
2026-07-03,16:55:19,maceta2,93,93,,,,162.5,0.0,9.0,54.4,0,0,0,Recolectando muestras del sensor. Esperando 3 lecturas...
2026-07-03,16:55:28,maceta1,160,147,,,,395.4166666666667,0.0,11.0,54.8,0,0,0,Recolectando muestras del sensor. Esperando 3 lecturas...
2026-07-03,16:55:28,maceta2,93,96,,,,162.5,0.0,9.0,52.5,0,0,0,Recolectando muestras del sensor. Esperando 3 lecturas...
2026-07-03,16:55:47,maceta1,161,128,,,,394.1666666666667,0.0,,,0,0,0,"Recolectando muestras del sensor. Esperando 3 lecturas... | Lectura invalida de DHT | Lectura invalida de DHT, se omite logica de ventilacion"
2026-07-03,16:55:47,maceta2,95,96,,,,162.08333333333334,0.0,9.0,52.5,0,0,0,Recolectando muestras del sensor. Esperando 3 lecturas...
2026-07-03,16:55:58,maceta1,171,150,,,,398.75,0.0,11.1,55.1,0,0,0,Recolectando muestras del sensor. Esperando 3 lecturas...
2026-07-03,16:55:58,maceta2,95,97,,,,162.5,0.0,9.0,53.0,0,0,0,Recolectando muestras del sensor. Esperando 3 lecturas...
2026-07-03,16:56:10,maceta1,172,136,,,,404.58333333333337,0.0,11.2,54.4,0,0,0,Recolectando muestras del sensor. Esperando 3 lecturas...
2026-07-03,16:56:10,maceta2,94,107,,,,162.08333333333334,0.0,,,0,0,0,"Recolectando muestras del sensor. Esperando 3 lecturas... | Lectura invalida de DHT | Lectura invalida de DHT, se omite logica de ventilacion"
2026-07-03,16:56:22,maceta1,173,135,,,,404.58333333333337,0.0,11.2,53.9,0,0,0,Recolectando muestras del sensor. Esperando 3 lecturas...
2026-07-03,16:56:22,maceta2,94,94,,,,162.08333333333334,0.0,,,0,0,0,"Recolectando muestras del sensor. Esperando 3 lecturas... | Lectura invalida de DHT | Lectura invalida de DHT, se omite logica de ventilacion"
2026-07-03,16:56:35,maceta1,173,115,,,,402.5,0.0,11.2,53.3,0,0,0,Recolectando muestras del sensor. Esperando 3 lecturas...
2026-07-03,16:56:35,maceta2,93,96,,,,162.5,0.0,9.0,52.9,0,0,0,Recolectando muestras del sensor. Esperando 3 lecturas...
2026-07-03,16:57:16,maceta1,175,116,,,,386.6666666666667,0.0,11.3,53.2,0,0,0,Recolectando muestras del sensor. Esperando 3 lecturas...
2026-07-03,16:57:16,maceta2,95,128,,,,162.08333333333334,0.0,,,0,0,0,"Recolectando muestras del sensor. Esperando 3 lecturas... | Lectura invalida de DHT | Lectura invalida de DHT, se omite logica de ventilacion"
2026-07-03,16:57:39,maceta1,165,128,,,,386.6666666666667,0.0002,,,0,0,0,"Recolectando muestras del sensor. Esperando 3 lecturas... | Lectura invalida de DHT | Lectura invalida de DHT, se omite logica de ventilacion"
2026-07-03,16:57:39,maceta2,95,97,,,,162.08333333333334,0.0001,9.1,52.9,0,0,0,Recolectando muestras del sensor. Esperando 3 lecturas...
2026-07-03,16:58:44,maceta1,175,189,,,,509.58333333333337,0.0,11.6,53.1,0,0,0,Recolectando muestras del sensor. Esperando 3 lecturas...
2026-07-03,16:58:44,maceta2,94,95,,,,162.08333333333334,0.0,9.2,52.9,0,0,0,Recolectando muestras del sensor. Esperando 3 lecturas...
2026-07-03,16:58:59,maceta1,164,128,,,,501.25,0.0,,,0,0,0,"Recolectando muestras del sensor. Esperando 3 lecturas... | Lectura invalida de DHT | Lectura invalida de DHT, se omite logica de ventilacion"
2026-07-03,16:58:59,maceta2,93,94,,,,162.08333333333334,0.0,9.2,52.9,0,0,0,Recolectando muestras del sensor. Esperando 3 lecturas...
2026-07-03,16:59:08,maceta1,173,190,,,,502.08333333333337,0.0,11.7,52.4,0,0,0,Recolectando muestras del sensor. Esperando 3 lecturas...
2026-07-03,16:59:08,maceta2,93,95,,,,161.66666666666669,0.0,9.2,52.9,0,0,0,Recolectando muestras del sensor. Esperando 3 lecturas...
2026-07-03,16:59:18,maceta1,173,190,,,,502.9166666666667,0.0,11.7,52.2,0,0,0,Recolectando muestras del sensor. Esperando 3 lecturas...
2026-07-03,16:59:18,maceta2,93,94,,,,161.66666666666669,0.0,9.2,52.7,0,0,0,Recolectando muestras del sensor. Esperando 3 lecturas...
2026-07-03,16:59:40,maceta1,160,184,,,,513.3333333333334,0.0002,11.9,52.8,0,0,0,Recolectando muestras del sensor. Esperando 3 lecturas...
2026-07-03,16:59:40,maceta2,93,95,,,,161.66666666666669,0.0001,9.2,52.7,0,0,0,Recolectando muestras del sensor. Esperando 3 lecturas...
2026-07-03,17:05:07,maceta1,173,191,,,,590.4166666666667,0.0,12.8,49.0,0,0,0,Recolectando muestras del sensor. Esperando 3 lecturas...
2026-07-03,17:05:07,maceta2,94,95,,,,270.0,0.0,9.3,52.7,0,0,0,Recolectando muestras del sensor. Esperando 3 lecturas...
2026-07-03,17:05:30,maceta1,128,128,,,,595.8333333333334,0.0003,,,0,0,0,"Recolectando muestras del sensor. Esperando 3 lecturas... | Lectura invalida de DHT | Lectura invalida de DHT, se omite logica de ventilacion"
2026-07-03,17:05:30,maceta2,94,95,,,,268.75,0.0001,9.7,51.7,0,0,0,Recolectando muestras del sensor. Esperando 3 lecturas...
2026-07-03,17:05:53,maceta1,,,,,,571.25,0.0005,,,0,0,0,"Recolectando muestras del sensor. Esperando 3 lecturas... | Lectura invalida de DHT | Lectura invalida de DHT, se omite logica de ventilacion"
2026-07-03,17:05:53,maceta2,,,,,,269.58333333333337,0.0002,9.7,51.8,0,0,0,Recolectando muestras del sensor. Esperando 3 lecturas...
2026-07-03,17:06:14,maceta1,,,,,,590.8333333333334,0.0007,,,0,0,0,"Recolectando muestras del sensor. Esperando 3 lecturas... | Lectura invalida de DHT | Lectura invalida de DHT, se omite logica de ventilacion"
2026-07-03,17:06:14,maceta2,,,,,,269.58333333333337,0.0003,9.7,52.2,0,0,0,Recolectando muestras del sensor. Esperando 3 lecturas...
2026-07-03,17:06:35,maceta1,,,,,,595.8333333333334,0.001,,,0,0,0,"Recolectando muestras del sensor. Esperando 3 lecturas... | Lectura invalida de DHT | Lectura invalida de DHT, se omite logica de ventilacion"
2026-07-03,17:06:35,maceta2,,,,,,269.58333333333337,0.0004,9.7,51.9,0,0,0,Recolectando muestras del sensor. Esperando 3 lecturas...
2026-07-03,17:06:56,maceta1,,,,,,574.5833333333334,0.0012,,,0,0,0,"Recolectando muestras del sensor. Esperando 3 lecturas... | Lectura invalida de DHT | Lectura invalida de DHT, se omite logica de ventilacion"
2026-07-03,17:06:56,maceta2,,,,,,269.58333333333337,0.0005,9.7,51.6,0,0,0,Recolectando muestras del sensor. Esperando 3 lecturas...
2026-07-03,17:07:18,maceta1,,,,,,575.4166666666667,0.0014,,,0,0,0,"Recolectando muestras del sensor. Esperando 3 lecturas... | Lectura invalida de DHT | Lectura invalida de DHT, se omite logica de ventilacion"
2026-07-03,17:07:18,maceta2,,,,,,269.1666666666667,0.0007,9.8,51.6,0,0,0,Recolectando muestras del sensor. Esperando 3 lecturas...
2026-07-03,17:07:39,maceta1,,,,,,595.0,0.0017,,,0,0,0,"Recolectando muestras del sensor. Esperando 3 lecturas... | Lectura invalida de DHT | Lectura invalida de DHT, se omite logica de ventilacion"
2026-07-03,17:07:39,maceta2,,,,,,269.58333333333337,0.0008,9.8,51.7,0,0,0,Recolectando muestras del sensor. Esperando 3 lecturas...
2026-07-03,17:08:00,maceta1,,,,,,574.1666666666667,0.0019,,,0,0,0,"Recolectando muestras del sensor. Esperando 3 lecturas... | Lectura invalida de DHT | Lectura invalida de DHT, se omite logica de ventilacion"
2026-07-03,17:08:00,maceta2,,,,,,268.75,0.0009,9.8,51.7,0,0,0,Recolectando muestras del sensor. Esperando 3 lecturas...
2026-07-03,17:08:21,maceta1,,,,,,570.4166666666667,0.0021,,,0,0,0,"Recolectando muestras del sensor. Esperando 3 lecturas... | Lectura invalida de DHT | Lectura invalida de DHT, se omite logica de ventilacion"
2026-07-03,17:08:21,maceta2,,,,,,268.75,0.001,9.8,51.5,0,0,0,Recolectando muestras del sensor. Esperando 3 lecturas...
2026-07-03,17:08:43,maceta1,,,,,,572.0833333333334,0.0023,,,0,0,0,"Recolectando muestras del sensor. Esperando 3 lecturas... | Lectura invalida de DHT | Lectura invalida de DHT, se omite logica de ventilacion"
2026-07-03,17:08:43,maceta2,,,,,,268.33333333333337,0.0011,9.8,51.5,0,0,0,Recolectando muestras del sensor. Esperando 3 lecturas...
2026-07-03,17:09:04,maceta1,,,,,,569.5833333333334,0.0026,13.3,47.4,0,0,0,Recolectando muestras del sensor. Esperando 3 lecturas...
2026-07-03,17:09:04,maceta2,,,,,,267.9166666666667,0.0012,9.8,51.4,0,0,0,Recolectando muestras del sensor. Esperando 3 lecturas...
2026-07-03,17:09:25,maceta1,,,,,,570.0,0.0028,13.3,47.3,0,0,0,Recolectando muestras del sensor. Esperando 3 lecturas...
2026-07-03,17:09:25,maceta2,,,,,,267.9166666666667,0.0013,9.9,51.5,0,0,0,Recolectando muestras del sensor. Esperando 3 lecturas...
2026-07-03,17:09:46,maceta1,,,,,,578.75,0.003,,,0,0,0,"Recolectando muestras del sensor. Esperando 3 lecturas... | Lectura invalida de DHT | Lectura invalida de DHT, se omite logica de ventilacion"
2026-07-03,17:09:46,maceta2,,,,,,268.33333333333337,0.0014,9.9,51.2,0,0,0,Recolectando muestras del sensor. Esperando 3 lecturas...
2026-07-03,17:10:08,maceta1,,,,,,590.8333333333334,0.0032,,,0,0,0,"Recolectando muestras del sensor. Esperando 3 lecturas... | Lectura invalida de DHT | Lectura invalida de DHT, se omite logica de ventilacion"
2026-07-03,17:10:08,maceta2,,,,,,268.33333333333337,0.0015,10.0,51.4,0,0,0,Recolectando muestras del sensor. Esperando 3 lecturas...
2026-07-03,17:10:29,maceta1,,,,,,570.4166666666667,0.0035,,,0,0,0,"Recolectando muestras del sensor. Esperando 3 lecturas... | Lectura invalida de DHT | Lectura invalida de DHT, se omite logica de ventilacion"
2026-07-03,17:10:29,maceta2,,,,,,267.9166666666667,0.0016,10.0,51.4,0,0,0,Recolectando muestras del sensor. Esperando 3 lecturas...
2026-07-03,17:10:50,maceta1,,,,,,568.3333333333334,0.0037,13.4,48.1,0,0,0,Recolectando muestras del sensor. Esperando 3 lecturas...
2026-07-03,17:10:50,maceta2,,,,,,267.08333333333337,0.0017,10.0,51.4,0,0,0,Recolectando muestras del sensor. Esperando 3 lecturas...
2026-07-03,17:11:12,maceta1,153,193,,,,569.1666666666667,0.0039,13.5,48.1,0,0,0,Recolectando muestras del sensor. Esperando 3 lecturas...
2026-07-03,17:11:12,maceta2,,,,,,268.33333333333337,0.0018,,,0,0,0,"Recolectando muestras del sensor. Esperando 3 lecturas... | Lectura invalida de DHT | Lectura invalida de DHT, se omite logica de ventilacion"
2026-07-03,17:11:02,maceta1,127,193,,,,594.5833333333334,0.0,13.6,48.1,0,0,0,Recolectando muestras del sensor. Esperando 3 lecturas...
2026-07-03,17:11:02,maceta2,85,84,,,,267.9166666666667,0.0,,,0,0,0,"Recolectando muestras del sensor. Esperando 3 lecturas... | Lectura invalida de DHT | Lectura invalida de DHT, se omite logica de ventilacion"
2026-07-03,17:13:24,maceta1,131,193,,,,581.6666666666667,0.0015,13.6,47.5,0,0,0,Recolectando muestras del sensor. Esperando 3 lecturas...
2026-07-03,17:13:24,maceta2,84,83,,,,267.5,0.0007,10.1,51.2,0,0,0,Recolectando muestras del sensor. Esperando 3 lecturas...
2026-07-03,17:13:46,maceta1,128,128,,,,582.9166666666667,0.0018,,,0,0,0,"Recolectando muestras del sensor. Esperando 3 lecturas... | Lectura invalida de DHT | Lectura invalida de DHT, se omite logica de ventilacion"
2026-07-03,17:13:46,maceta2,85,84,87,87,87,267.5,0.0008,10.1,51.5,0,0,0,
2026-07-03,17:14:09,maceta1,128,128,,,,594.5833333333334,0.002,,,0,0,0,"Recolectando muestras del sensor. Esperando 3 lecturas... | Lectura invalida de DHT | Lectura invalida de DHT, se omite logica de ventilacion"
2026-07-03,17:14:09,maceta2,85,84,87,87,87,267.9166666666667,0.0009,10.1,51.2,0,0,0,
2026-07-03,17:14:32,maceta1,128,128,,,,576.25,0.0023,,,0,0,0,"Recolectando muestras del sensor. Esperando 3 lecturas... | Lectura invalida de DHT | Lectura invalida de DHT, se omite logica de ventilacion"
2026-07-03,17:14:32,maceta2,85,84,86,87,86,267.5,0.001,10.1,51.1,0,0,0,
2026-07-03,17:14:55,maceta1,128,128,,,,586.6666666666667,0.0025,,,0,0,0,"Recolectando muestras del sensor. Esperando 3 lecturas... | Lectura invalida de DHT | Lectura invalida de DHT, se omite logica de ventilacion"
2026-07-03,17:14:55,maceta2,85,84,86,87,86,267.08333333333337,0.0012,10.1,51.2,0,0,0,
2026-07-03,17:15:17,maceta1,128,128,,,,587.0833333333334,0.0028,,,0,0,0,"Recolectando muestras del sensor. Esperando 3 lecturas... | Lectura invalida de DHT | Lectura invalida de DHT, se omite logica de ventilacion"
2026-07-03,17:15:17,maceta2,85,83,86,87,86,267.5,0.0013,10.1,51.2,0,0,0,
2026-07-03,17:15:40,maceta1,128,128,,,,589.5833333333334,0.003,,,0,0,0,"Recolectando muestras del sensor. Esperando 3 lecturas... | Lectura invalida de DHT | Lectura invalida de DHT, se omite logica de ventilacion"
2026-07-03,17:15:40,maceta2,84,84,87,87,87,267.5,0.0014,10.2,51.3,0,0,0,
2026-07-03,17:16:03,maceta1,128,128,,,,594.1666666666667,0.0033,,,0,0,0,"Recolectando muestras del sensor. Esperando 3 lecturas... | Lectura invalida de DHT | Lectura invalida de DHT, se omite logica de ventilacion"
2026-07-03,17:16:03,maceta2,85,84,87,87,87,267.08333333333337,0.0015,10.2,51.2,0,0,0,
2026-07-03,17:16:26,maceta1,128,128,,,,584.1666666666667,0.0035,,,0,0,0,"Recolectando muestras del sensor. Esperando 3 lecturas... | Lectura invalida de DHT | Lectura invalida de DHT, se omite logica de ventilacion"
2026-07-03,17:16:26,maceta2,85,84,87,87,87,267.08333333333337,0.0016,10.2,51.2,0,0,0,
2026-07-03,17:16:48,maceta1,128,128,,,,586.6666666666667,0.0038,,,0,0,0,"Recolectando muestras del sensor. Esperando 3 lecturas... | Lectura invalida de DHT | Lectura invalida de DHT, se omite logica de ventilacion"
2026-07-03,17:16:48,maceta2,84,83,87,87,87,267.08333333333337,0.0017,10.2,51.4,0,0,0,
2026-07-03,17:17:11,maceta1,128,128,,,,587.0833333333334,0.004,,,0,0,0,"Recolectando muestras del sensor. Esperando 3 lecturas... | Lectura invalida de DHT | Lectura invalida de DHT, se omite logica de ventilacion"
2026-07-03,17:17:11,maceta2,85,84,87,87,87,266.6666666666667,0.0018,10.2,51.2,0,0,0,
2026-07-03,17:17:34,maceta1,128,128,,,,594.1666666666667,0.0042,,,0,0,0,"Recolectando muestras del sensor. Esperando 3 lecturas... | Lectura invalida de DHT | Lectura invalida de DHT, se omite logica de ventilacion"
2026-07-03,17:17:34,maceta2,85,84,87,87,87,267.08333333333337,0.0019,10.2,50.9,0,0,0,
2026-07-03,17:17:56,maceta1,128,128,,,,594.1666666666667,0.0045,,,0,0,0,"Recolectando muestras del sensor. Esperando 3 lecturas... | Lectura invalida de DHT | Lectura invalida de DHT, se omite logica de ventilacion"
2026-07-03,17:17:56,maceta2,85,84,86,87,86,267.08333333333337,0.0021,10.2,50.8,0,0,0,
2026-07-03,17:18:19,maceta1,129,193,63,30,46,588.75,0.0047,13.9,46.6,0,0,0,Tierra seca (Raw: 161.0 >= 155). Riego activado.
2026-07-03,17:18:19,maceta2,85,85,86,87,86,173.33333333333334,0.0021,10.3,50.9,0,0,0,
2026-07-03,17:19:44,maceta1,127,194,63,29,46,593.75,0.0057,14.0,47.0,0,0,0,Tierra seca (Raw: 161.2 >= 155). Riego activado.
2026-07-03,17:19:44,maceta2,119,85,80,87,83,266.6666666666667,0.0025,10.3,51.2,0,0,0,
2026-07-03,17:21:10,maceta1,127,195,64,29,46,593.75,0.0066,14.0,47.0,0,0,0,Tierra seca (Raw: 160.8 >= 155). Riego activado.
2026-07-03,17:21:10,maceta2,119,84,74,87,80,266.6666666666667,0.003,10.4,51.7,0,0,0,
2026-07-03,17:22:35,maceta1,128,128,64,29,46,593.3333333333334,0.0076,,,0,0,0,"Lectura invalida de DHT | Lectura invalida de DHT, se omite logica de ventilacion | Tierra seca (Raw: 160.8 >= 155). Riego activado."
2026-07-03,17:22:35,maceta2,128,128,74,87,80,265.0,0.0034,,,0,0,0,"Lectura invalida de DHT | Lectura invalida de DHT, se omite logica de ventilacion"
2026-07-03,17:24:36,maceta1,127,195,,,,588.3333333333334,0.0,14.0,47.5,0,0,0,Recolectando muestras del sensor. Esperando 3 lecturas...
2026-07-03,17:24:36,maceta2,128,128,,,,260.4166666666667,0.0,,,0,0,0,"Recolectando muestras del sensor. Esperando 3 lecturas... | Lectura invalida de DHT | Lectura invalida de DHT, se omite logica de ventilacion"
2026-07-03,17:24:58,maceta1,126,195,,,,590.0,0.0,14.1,47.8,0,0,0,Recolectando muestras del sensor. Esperando 3 lecturas...
2026-07-03,17:24:58,maceta2,85,83,,,,263.75,0.0,10.4,51.9,0,0,0,Recolectando muestras del sensor. Esperando 3 lecturas...
2026-07-03,17:25:21,maceta1,127,128,,,,591.25,0.0003,,,0,0,0,"Recolectando muestras del sensor. Esperando 3 lecturas... | Lectura invalida de DHT | Lectura invalida de DHT, se omite logica de ventilacion"
2026-07-03,17:25:21,maceta2,85,84,,,,262.08333333333337,0.0001,10.4,52.5,0,0,0,Recolectando muestras del sensor. Esperando 3 lecturas...
2026-07-03,17:25:43,maceta1,129,128,64,,64,586.6666666666667,0.0005,,,0,0,0,"Fallo sensor de humedad 2, se usa sensor 1 | Lectura invalida de DHT | Lectura invalida de DHT, se omite logica de ventilacion"
2026-07-03,17:25:43,maceta2,85,83,86,87,86,264.1666666666667,0.0002,,,0,0,0,"Lectura invalida de DHT | Lectura invalida de DHT, se omite logica de ventilacion"
2026-07-03,17:26:06,maceta1,128,128,64,,64,592.5,0.0008,,,0,0,0,"Fallo sensor de humedad 2, se usa sensor 1 | Lectura invalida de DHT | Lectura invalida de DHT, se omite logica de ventilacion"
2026-07-03,17:26:06,maceta2,85,83,86,87,86,265.4166666666667,0.0003,10.5,51.2,0,0,0,
2026-07-03,17:26:29,maceta1,128,128,64,,64,591.6666666666667,0.001,,,0,0,0,"Fallo sensor de humedad 2, se usa sensor 1 | Lectura invalida de DHT | Lectura invalida de DHT, se omite logica de ventilacion"
2026-07-03,17:26:29,maceta2,85,83,86,87,86,203.33333333333334,0.0004,10.5,50.7,0,0,0,
2026-07-03,17:26:52,maceta1,127,128,64,,64,592.0833333333334,0.0012,,,0,0,0,"Fallo sensor de humedad 2, se usa sensor 1 | Lectura invalida de DHT | Lectura invalida de DHT, se omite logica de ventilacion"
2026-07-03,17:26:52,maceta2,85,84,86,87,86,264.1666666666667,0.0005,10.5,50.8,0,0,0,
2026-07-03,17:27:15,maceta1,128,128,64,,64,587.9166666666667,0.0015,,,0,0,0,"Fallo sensor de humedad 2, se usa sensor 1 | Lectura invalida de DHT | Lectura invalida de DHT, se omite logica de ventilacion"
2026-07-03,17:27:15,maceta2,85,83,86,87,86,202.5,0.0006,10.5,50.8,0,0,0,
2026-07-03,17:27:37,maceta1,128,128,64,,64,292.5,0.0016,,,0,0,0,"Fallo sensor de humedad 2, se usa sensor 1 | Lectura invalida de DHT | Lectura invalida de DHT, se omite logica de ventilacion"
2026-07-03,17:27:37,maceta2,85,84,86,87,86,139.58333333333334,0.0007,10.5,51.4,0,0,0,
2026-07-03,17:28:00,maceta1,128,128,64,,64,169.58333333333334,0.0017,,,0,0,0,"Fallo sensor de humedad 2, se usa sensor 1 | Lectura invalida de DHT | Lectura invalida de DHT, se omite logica de ventilacion"
2026-07-03,17:28:00,maceta2,86,84,86,87,86,120.0,0.0007,10.5,51.2,0,0,0,
2026-07-03,17:28:23,maceta1,124,128,64,,64,302.9166666666667,0.0018,,,0,0,0,"Fallo sensor de humedad 2, se usa sensor 1 | Lectura invalida de DHT | Lectura invalida de DHT, se omite logica de ventilacion"
2026-07-03,17:28:23,maceta2,85,84,86,87,86,140.0,0.0008,10.5,50.9,0,0,0,
2026-07-03,17:28:45,maceta1,115,196,67,,67,85.41666666666667,0.0019,14.1,46.2,0,0,0,"Fallo sensor de humedad 2, se usa sensor 1"
2026-07-03,17:28:45,maceta2,84,83,86,87,86,110.83333333333334,0.0008,10.6,50.9,0,0,0,
2026-07-03,17:29:08,maceta1,128,128,67,,67,422.5,0.002,,,0,0,0,"Fallo sensor de humedad 2, se usa sensor 1 | Lectura invalida de DHT | Lectura invalida de DHT, se omite logica de ventilacion"
2026-07-03,17:29:08,maceta2,84,85,87,87,87,165.83333333333334,0.0009,10.6,50.5,0,0,0,
2026-07-03,17:29:35,maceta1,86,88,,,,572.9166666666667,0.0,14.2,46.1,0,0,0,Recolectando muestras del sensor. Esperando 3 lecturas...
2026-07-03,17:29:35,maceta2,110,128,,,,265.0,0.0,,,0,0,0,"Recolectando muestras del sensor. Esperando 3 lecturas... | Lectura invalida de DHT | Lectura invalida de DHT, se omite logica de ventilacion"
2026-07-03,17:29:45,maceta1,84,87,,,,572.0833333333334,0.0,14.2,47.1,0,0,0,Recolectando muestras del sensor. Esperando 3 lecturas...
2026-07-03,17:29:45,maceta2,85,84,,,,265.0,0.0,10.6,50.8,0,0,0,Recolectando muestras del sensor. Esperando 3 lecturas...
2026-07-03,17:30:08,maceta1,128,128,,,,586.6666666666667,0.0003,,,0,0,0,"Recolectando muestras del sensor. Esperando 3 lecturas... | Lectura invalida de DHT | Lectura invalida de DHT, se omite logica de ventilacion"
2026-07-03,17:30:08,maceta2,85,84,,,,266.6666666666667,0.0001,,,0,0,0,"Recolectando muestras del sensor. Esperando 3 lecturas... | Lectura invalida de DHT | Lectura invalida de DHT, se omite logica de ventilacion"
2026-07-03,17:30:31,maceta1,128,128,,,,586.6666666666667,0.0005,,,0,0,0,"Recolectando muestras del sensor. Esperando 3 lecturas... | Lectura invalida de DHT | Lectura invalida de DHT, se omite logica de ventilacion"
2026-07-03,17:30:31,maceta2,85,84,86,87,86,265.4166666666667,0.0002,,,0,0,0,"Lectura invalida de DHT | Lectura invalida de DHT, se omite logica de ventilacion"
2026-07-03,17:30:53,maceta1,128,128,,,,579.5833333333334,0.0007,,,0,0,0,"Recolectando muestras del sensor. Esperando 3 lecturas... | Lectura invalida de DHT | Lectura invalida de DHT, se omite logica de ventilacion"
2026-07-03,17:30:53,maceta2,85,86,86,87,86,265.4166666666667,0.0003,10.6,50.8,0,0,0,
2026-07-03,17:31:16,maceta1,128,128,,,,579.5833333333334,0.001,,,0,0,0,"Recolectando muestras del sensor. Esperando 3 lecturas... | Lectura invalida de DHT | Lectura invalida de DHT, se omite logica de ventilacion"
2026-07-03,17:31:16,maceta2,85,85,86,86,86,264.58333333333337,0.0004,10.6,51.5,0,0,0,
2026-07-03,17:31:39,maceta1,128,128,,,,578.3333333333334,0.0012,,,0,0,0,"Recolectando muestras del sensor. Esperando 3 lecturas... | Lectura invalida de DHT | Lectura invalida de DHT, se omite logica de ventilacion"
2026-07-03,17:31:39,maceta2,84,84,87,86,86,262.5,0.0006,10.6,51.6,0,0,0,
2026-07-03,17:32:02,maceta1,128,128,,,,584.1666666666667,0.0015,,,0,0,0,"Recolectando muestras del sensor. Esperando 3 lecturas... | Lectura invalida de DHT | Lectura invalida de DHT, se omite logica de ventilacion"
2026-07-03,17:32:02,maceta2,94,95,85,85,85,262.5,0.0007,10.6,51.3,0,0,0,
2026-07-03,17:32:24,maceta1,98,101,,,,586.6666666666667,0.0017,14.4,47.1,0,0,0,Recolectando muestras del sensor. Esperando 3 lecturas...
2026-07-03,17:32:24,maceta2,94,95,83,83,83,262.08333333333337,0.0008,10.6,51.0,0,0,0,
2026-07-03,17:32:47,maceta1,98,122,82,77,79,586.6666666666667,0.002,14.4,47.7,0,0,0,
2026-07-03,17:32:47,maceta2,93,95,82,81,81,265.0,0.0009,10.7,51.3,0,0,0,
2026-07-03,17:33:10,maceta1,98,101,80,74,77,586.6666666666667,0.0022,14.4,47.6,0,0,0,
2026-07-03,17:33:10,maceta2,128,102,82,80,81,264.58333333333337,0.001,,,0,0,0,"Lectura invalida de DHT | Lectura invalida de DHT, se omite logica de ventilacion"
2026-07-03,17:33:33,maceta1,98,102,80,74,77,586.6666666666667,0.0025,,,0,0,0,"Lectura invalida de DHT | Lectura invalida de DHT, se omite logica de ventilacion"
2026-07-03,17:33:33,maceta2,93,94,82,80,81,265.0,0.0011,10.7,51.2,0,0,0,
2026-07-03,17:33:55,maceta1,116,128,76,74,75,586.6666666666667,0.0027,,,0,0,0,"Lectura invalida de DHT | Lectura invalida de DHT, se omite logica de ventilacion"
2026-07-03,17:33:55,maceta2,94,95,82,80,81,264.58333333333337,0.0012,,,0,0,0,"Lectura invalida de DHT | Lectura invalida de DHT, se omite logica de ventilacion"
2026-07-03,17:34:16,maceta1,116,128,,,,584.5833333333334,0.0,,,1,0,0,"Recolectando muestras del sensor. Esperando 3 lecturas... | Lectura invalida de DHT | Lectura invalida de DHT, se omite logica de ventilacion"
2026-07-03,17:34:16,maceta2,94,96,,,,266.6666666666667,0.0,10.7,50.7,1,0,0,Recolectando muestras del sensor. Esperando 3 lecturas...
2026-07-03,17:34:39,maceta1,128,128,,,,777.0833333333334,0.0135,,,1,0,0,"Recolectando muestras del sensor. Esperando 3 lecturas... | Lectura invalida de DHT | Lectura invalida de DHT, se omite logica de ventilacion"
2026-07-03,17:34:39,maceta2,95,96,,,,1991.6666666666667,0.014,10.7,50.4,1,0,0,Recolectando muestras del sensor. Esperando 3 lecturas...
2026-07-03,17:35:01,maceta1,128,128,,,,772.9166666666667,0.0269,,,1,0,0,"Recolectando muestras del sensor. Esperando 3 lecturas... | Lectura invalida de DHT | Lectura invalida de DHT, se omite logica de ventilacion"
2026-07-03,17:35:01,maceta2,94,96,81,81,81,2033.75,0.0279,,,1,0,0,"Lectura invalida de DHT | Lectura invalida de DHT, se omite logica de ventilacion"
2026-07-03,17:35:24,maceta1,128,128,,,,753.75,0.0403,,,1,0,0,"Recolectando muestras del sensor. Esperando 3 lecturas... | Lectura invalida de DHT | Lectura invalida de DHT, se omite logica de ventilacion"
2026-07-03,17:35:24,maceta2,94,95,81,81,81,1856.25,0.0418,10.7,51.2,1,0,0,
2026-07-03,17:35:47,maceta1,112,128,,,,662.9166666666667,0.0538,,,1,0,0,"Recolectando muestras del sensor. Esperando 3 lecturas... | Lectura invalida de DHT | Lectura invalida de DHT, se omite logica de ventilacion"
2026-07-03,17:35:47,maceta2,95,97,81,81,81,1846.6666666666667,0.0558,10.8,51.4,1,0,0,
2026-07-03,17:36:10,maceta1,122,128,70,,70,671.25,0.0672,,,1,0,0,"Fallo sensor de humedad 2, se usa sensor 1 | Lectura invalida de DHT | Lectura invalida de DHT, se omite logica de ventilacion | Tierra seca (Raw: 116.7 >= 50). Riego activado."
2026-07-03,17:36:10,maceta2,115,128,78,81,79,1920.0,0.0697,,,1,0,0,"Lectura invalida de DHT | Lectura invalida de DHT, se omite logica de ventilacion"
2026-07-03,17:40:50,maceta1,87,88,,,,582.0833333333334,0.0,15.3,46.0,1,0,0,Recolectando muestras del sensor. Esperando 3 lecturas...
2026-07-03,17:40:50,maceta2,94,96,,,,266.6666666666667,0.0,11.0,51.0,1,0,0,Recolectando muestras del sensor. Esperando 3 lecturas...
2026-07-03,17:41:13,maceta1,86,88,,,,781.25,0.0134,15.3,50.1,1,0,0,Recolectando muestras del sensor. Esperando 3 lecturas...
2026-07-03,17:41:13,maceta2,93,95,,,,1981.25,0.0139,11.4,49.5,1,0,0,Recolectando muestras del sensor. Esperando 3 lecturas...
2026-07-03,17:41:35,maceta1,128,128,,,,773.75,0.0268,,,1,0,0,"Recolectando muestras del sensor. Esperando 3 lecturas... | Lectura invalida de DHT | Lectura invalida de DHT, se omite logica de ventilacion"
2026-07-03,17:41:35,maceta2,94,95,82,81,81,2037.9166666666667,0.0279,,,1,0,0,"Lectura invalida de DHT | Lectura invalida de DHT, se omite logica de ventilacion"
2026-07-03,17:41:58,maceta1,128,128,,,,780.4166666666667,0.0403,,,1,0,0,"Recolectando muestras del sensor. Esperando 3 lecturas... | Lectura invalida de DHT | Lectura invalida de DHT, se omite logica de ventilacion"
2026-07-03,17:41:58,maceta2,94,94,82,81,81,1973.3333333333335,0.0418,11.4,49.8,1,0,0,
2026-07-03,17:42:21,maceta1,128,128,,,,705.0,0.0537,,,1,0,0,"Recolectando muestras del sensor. Esperando 3 lecturas... | Lectura invalida de DHT | Lectura invalida de DHT, se omite logica de ventilacion"
2026-07-03,17:42:21,maceta2,94,94,82,81,81,2006.25,0.0558,11.4,50.4,1,0,0,
2026-07-03,17:42:43,maceta1,128,128,,,,770.8333333333334,0.0671,,,1,0,0,"Recolectando muestras del sensor. Esperando 3 lecturas... | Lectura invalida de DHT | Lectura invalida de DHT, se omite logica de ventilacion"
2026-07-03,17:42:43,maceta2,93,94,82,82,82,1996.6666666666667,0.0697,11.4,50.7,1,0,0,
2026-07-03,17:43:06,maceta1,128,128,,,,775.8333333333334,0.0806,,,1,0,0,"Recolectando muestras del sensor. Esperando 3 lecturas... | Lectura invalida de DHT | Lectura invalida de DHT, se omite logica de ventilacion"
2026-07-03,17:43:06,maceta2,94,95,82,81,81,2018.75,0.0837,11.5,50.0,1,0,0,
2026-07-03,17:43:30,maceta1,128,128,,,,770.8333333333334,0.0944,,,1,0,0,"Recolectando muestras del sensor. Esperando 3 lecturas... | Lectura invalida de DHT | Lectura invalida de DHT, se omite logica de ventilacion"
2026-07-03,17:43:30,maceta2,93,94,82,81,81,2004.1666666666667,0.098,11.5,50.0,1,0,0,
2026-07-03,17:43:52,maceta1,88,90,85,84,84,779.1666666666667,0.1078,15.4,45.2,1,0,0,
2026-07-03,17:43:52,maceta2,101,128,81,81,81,1885.0,0.1119,,,1,0,0,"Lectura invalida de DHT | Lectura invalida de DHT, se omite logica de ventilacion"
2026-07-03,17:44:15,maceta1,87,89,85,84,84,695.8333333333334,0.1212,15.4,49.5,1,0,0,
2026-07-03,17:44:15,maceta2,93,94,81,81,81,1985.4166666666667,0.1258,,,1,0,0,"Lectura invalida de DHT | Lectura invalida de DHT, se omite logica de ventilacion"
2026-07-03,17:44:38,maceta1,87,89,85,84,84,677.9166666666667,0.1346,15.4,49.2,1,0,0,
2026-07-03,17:44:38,maceta2,92,94,81,82,81,1820.0,0.1397,,,1,0,0,"Lectura invalida de DHT | Lectura invalida de DHT, se omite logica de ventilacion"
2026-07-03,17:45:00,maceta1,128,128,85,84,84,660.0,0.1479,,,1,0,0,"Lectura invalida de DHT | Lectura invalida de DHT, se omite logica de ventilacion"
2026-07-03,17:45:00,maceta2,93,94,82,82,82,1807.5,0.1535,11.7,49.1,1,0,0,
2026-07-03,17:45:23,maceta1,128,128,85,84,84,774.1666666666667,0.1613,,,1,0,0,"Lectura invalida de DHT | Lectura invalida de DHT, se omite logica de ventilacion"
2026-07-03,17:45:23,maceta2,94,94,82,82,82,1998.75,0.1675,11.7,49.1,1,0,0,
2026-07-03,17:45:46,maceta1,128,128,85,84,84,775.4166666666667,0.175,,,1,0,0,"Lectura invalida de DHT | Lectura invalida de DHT, se omite logica de ventilacion"
2026-07-03,17:45:46,maceta2,92,94,82,82,82,1927.5,0.1816,11.7,49.0,1,0,0,
2026-07-03,17:46:09,maceta1,128,128,85,84,84,776.6666666666667,0.1884,,,1,0,0,"Lectura invalida de DHT | Lectura invalida de DHT, se omite logica de ventilacion"
2026-07-03,17:46:09,maceta2,93,95,82,81,81,1967.9166666666667,0.1955,11.8,49.0,1,0,0,
2026-07-03,17:46:32,maceta1,88,120,85,79,82,615.0,0.2017,,,1,0,0,"Lectura invalida de DHT | Lectura invalida de DHT, se omite logica de ventilacion"
2026-07-03,17:46:32,maceta2,93,94,82,81,81,1900.4166666666667,0.2094,,,1,0,0,"Lectura invalida de DHT | Lectura invalida de DHT, se omite logica de ventilacion"
2026-07-03,17:46:54,maceta1,128,128,85,79,82,770.0,0.2152,,,1,0,0,"Lectura invalida de DHT | Lectura invalida de DHT, se omite logica de ventilacion"
2026-07-03,17:46:54,maceta2,94,96,82,81,81,1829.1666666666667,0.2233,11.9,48.8,1,0,0,
2026-07-03,17:47:17,maceta1,96,90,84,79,81,755.4166666666667,0.2286,,,1,0,0,"Lectura invalida de DHT | Lectura invalida de DHT, se omite logica de ventilacion"
2026-07-03,17:47:17,maceta2,94,95,82,81,81,1930.4166666666667,0.2372,11.9,48.7,1,0,0,
2026-07-03,17:47:40,maceta1,128,128,84,79,81,775.0,0.242,,,1,0,0,"Lectura invalida de DHT | Lectura invalida de DHT, se omite logica de ventilacion"
2026-07-03,17:47:40,maceta2,94,94,82,81,81,1940.0,0.2511,11.9,48.6,1,0,0,
2026-07-03,17:48:02,maceta1,128,128,84,79,81,776.25,0.2554,,,1,0,0,"Lectura invalida de DHT | Lectura invalida de DHT, se omite logica de ventilacion"
2026-07-03,17:48:02,maceta2,94,96,82,81,81,1970.4166666666667,0.265,12.0,48.6,1,0,0,
2026-07-03,17:48:25,maceta1,128,128,84,79,81,765.4166666666667,0.2688,,,1,0,0,"Lectura invalida de DHT | Lectura invalida de DHT, se omite logica de ventilacion"
2026-07-03,17:48:25,maceta2,94,95,82,81,81,1895.0,0.2789,12.0,48.5,1,0,0,
2026-07-03,17:48:43,maceta1,91,92,,,,586.6666666666667,0.0,15.6,51.0,1,0,0,Recolectando muestras del sensor. Esperando 3 lecturas...
2026-07-03,17:48:43,maceta2,94,95,,,,109.58333333333334,0.0,12.1,48.5,1,0,0,Recolectando muestras del sensor. Esperando 3 lecturas...
2026-07-03,18:18:46,maceta1,128,128,,,,176.66666666666669,1.0452,,,1,0,0,"Recolectando muestras del sensor. Esperando 3 lecturas... | Lectura invalida de DHT | Lectura invalida de DHT, se omite logica de ventilacion"
2026-07-03,18:18:46,maceta2,95,96,,,,1603.3333333333335,1.0928,12.1,48.7,1,0,0,Recolectando muestras del sensor. Esperando 3 lecturas...
2026-07-03,18:48:49,maceta1,128,128,,,,176.25,2.0905,,,1,0,0,"Recolectando muestras del sensor. Esperando 3 lecturas... | Lectura invalida de DHT | Lectura invalida de DHT, se omite logica de ventilacion"
2026-07-03,18:48:49,maceta2,95,95,81,81,81,1567.5,2.1845,12.5,46.0,1,0,0,
2026-07-03,19:18:52,maceta1,128,128,,,,175.0,3.1357,,,1,0,0,"Recolectando muestras del sensor. Esperando 3 lecturas... | Lectura invalida de DHT | Lectura invalida de DHT, se omite logica de ventilacion"
2026-07-03,19:18:52,maceta2,94,96,81,81,81,1548.3333333333335,3.2755,11.7,46.2,1,0,0,
2026-07-03,19:48:55,maceta1,128,128,,,,168.33333333333334,4.181,,,1,0,0,"Recolectando muestras del sensor. Esperando 3 lecturas... | Lectura invalida de DHT | Lectura invalida de DHT, se omite logica de ventilacion"
2026-07-03,19:48:55,maceta2,94,95,81,81,81,1614.1666666666667,4.369,11.4,46.2,1,0,0,
2026-07-03,20:19:07,maceta1,128,128,,,,169.58333333333334,5.2315,,,1,0,0,"Recolectando muestras del sensor. Esperando 3 lecturas... | Lectura invalida de DHT | Lectura invalida de DHT, se omite logica de ventilacion"
2026-07-03,20:19:07,maceta2,94,95,82,81,81,1551.6666666666667,5.4659,11.1,46.4,1,0,0,
2026-07-03,20:49:10,maceta1,128,128,,,,174.58333333333334,6.2767,,,1,0,0,"Recolectando muestras del sensor. Esperando 3 lecturas... | Lectura invalida de DHT | Lectura invalida de DHT, se omite logica de ventilacion"
2026-07-03,20:49:10,maceta2,94,95,82,81,81,1610.4166666666667,6.5589,11.1,46.3,1,0,0,
2026-07-03,21:19:13,maceta1,128,128,,,,166.66666666666669,7.3216,,,1,0,0,"Recolectando muestras del sensor. Esperando 3 lecturas... | Lectura invalida de DHT | Lectura invalida de DHT, se omite logica de ventilacion"
2026-07-03,21:19:13,maceta2,93,95,82,81,81,1581.25,7.651,10.9,46.2,1,0,0,
2026-07-03,21:49:15,maceta1,128,128,,,,174.16666666666669,8.3668,,,1,0,0,"Recolectando muestras del sensor. Esperando 3 lecturas... | Lectura invalida de DHT | Lectura invalida de DHT, se omite logica de ventilacion"
2026-07-03,21:49:15,maceta2,94,96,82,81,81,1550.4166666666667,8.7421,10.8,46.0,1,0,0,
2026-07-03,22:19:19,maceta1,128,128,,,,175.41666666666669,9.4128,,,0,0,0,"Recolectando muestras del sensor. Esperando 3 lecturas... | Lectura invalida de DHT | Lectura invalida de DHT, se omite logica de ventilacion"
2026-07-03,22:19:19,maceta2,94,96,82,81,81,1562.9166666666667,9.8344,10.6,46.3,0,0,0,
2026-07-03,22:49:22,maceta1,128,128,,,,0.0,9.4128,,,0,0,0,"Recolectando muestras del sensor. Esperando 3 lecturas... | Lectura invalida de DHT | Lectura invalida de DHT, se omite logica de ventilacion"
2026-07-03,22:49:22,maceta2,94,95,82,81,81,0.0,9.8344,10.7,46.4,0,0,0,
2026-07-03,23:19:25,maceta1,128,128,,,,0.0,9.4128,,,0,0,0,"Recolectando muestras del sensor. Esperando 3 lecturas... | Lectura invalida de DHT | Lectura invalida de DHT, se omite logica de ventilacion"
2026-07-03,23:19:25,maceta2,94,95,82,81,81,0.0,9.8344,8.9,48.9,0,0,0,
2026-07-03,23:49:28,maceta1,128,128,,,,0.0,9.4128,,,0,0,0,"Recolectando muestras del sensor. Esperando 3 lecturas... | Lectura invalida de DHT | Lectura invalida de DHT, se omite logica de ventilacion"
2026-07-03,23:49:28,maceta2,93,94,82,81,81,0.0,9.8344,8.6,50.0,0,0,0,
2026-07-04,00:19:30,maceta1,128,128,,,,0.0,0.0,,,0,0,0,"Recolectando muestras del sensor. Esperando 3 lecturas... | Lectura invalida de DHT | Lectura invalida de DHT, se omite logica de ventilacion"
2026-07-04,00:19:30,maceta2,94,95,82,81,81,0.0,0.0,8.4,50.4,0,0,0,
2026-07-04,00:49:33,maceta1,128,128,,,,0.0,0.0,,,0,0,0,"Recolectando muestras del sensor. Esperando 3 lecturas... | Lectura invalida de DHT | Lectura invalida de DHT, se omite logica de ventilacion"
2026-07-04,00:49:33,maceta2,94,94,82,81,81,0.0,0.0,8.3,50.9,0,0,0,
2026-07-04,01:19:36,maceta1,128,128,,,,0.0,0.0,,,0,0,0,"Recolectando muestras del sensor. Esperando 3 lecturas... | Lectura invalida de DHT | Lectura invalida de DHT, se omite logica de ventilacion"
2026-07-04,01:19:36,maceta2,93,95,82,81,81,0.0,0.0,8.3,51.3,0,0,0,
2026-07-04,01:49:38,maceta1,128,128,,,,0.0,0.0,,,0,0,0,"Recolectando muestras del sensor. Esperando 3 lecturas... | Lectura invalida de DHT | Lectura invalida de DHT, se omite logica de ventilacion"
2026-07-04,01:49:38,maceta2,94,94,82,81,81,0.0,0.0,8.2,51.4,0,0,0,
2026-07-04,02:19:41,maceta1,128,128,,,,0.0,0.0,,,0,0,0,"Recolectando muestras del sensor. Esperando 3 lecturas... | Lectura invalida de DHT | Lectura invalida de DHT, se omite logica de ventilacion"
2026-07-04,02:19:41,maceta2,94,94,82,81,81,0.0,0.0,8.1,51.5,0,0,0,
2026-07-04,02:49:44,maceta1,128,128,,,,0.0,0.0,,,0,0,0,"Recolectando muestras del sensor. Esperando 3 lecturas... | Lectura invalida de DHT | Lectura invalida de DHT, se omite logica de ventilacion"
2026-07-04,02:49:44,maceta2,93,94,82,82,82,0.0,0.0,8.0,51.5,0,0,0,
2026-07-04,03:19:47,maceta1,128,128,,,,0.0,0.0,,,0,0,0,"Recolectando muestras del sensor. Esperando 3 lecturas... | Lectura invalida de DHT | Lectura invalida de DHT, se omite logica de ventilacion"
2026-07-04,03:19:47,maceta2,92,94,82,82,82,0.0,0.0,8.0,51.5,0,0,0,
2026-07-04,03:49:49,maceta1,128,128,,,,0.0,0.0,,,0,0,0,"Recolectando muestras del sensor. Esperando 3 lecturas... | Lectura invalida de DHT | Lectura invalida de DHT, se omite logica de ventilacion"
2026-07-04,03:49:49,maceta2,95,95,82,81,81,0.0,0.0,7.9,51.7,0,0,0,
2026-07-04,04:19:52,maceta1,128,128,,,,0.0,0.0,,,0,0,0,"Recolectando muestras del sensor. Esperando 3 lecturas... | Lectura invalida de DHT | Lectura invalida de DHT, se omite logica de ventilacion"
2026-07-04,04:19:52,maceta2,93,94,82,81,81,0.0,0.0,7.8,51.5,0,0,0,
2026-07-04,04:49:55,maceta1,128,128,,,,0.0,0.0,,,0,0,0,"Recolectando muestras del sensor. Esperando 3 lecturas... | Lectura invalida de DHT | Lectura invalida de DHT, se omite logica de ventilacion"
2026-07-04,04:49:55,maceta2,93,94,82,81,81,0.0,0.0,7.8,51.1,0,0,0,
2026-07-04,05:19:58,maceta1,128,128,,,,0.0,0.0,,,0,0,0,"Recolectando muestras del sensor. Esperando 3 lecturas... | Lectura invalida de DHT | Lectura invalida de DHT, se omite logica de ventilacion"
2026-07-04,05:19:58,maceta2,92,94,82,82,82,0.0,0.0,7.8,50.6,0,0,0,
2026-07-04,05:50:00,maceta1,128,128,,,,0.0,0.0,,,0,0,0,"Recolectando muestras del sensor. Esperando 3 lecturas... | Lectura invalida de DHT | Lectura invalida de DHT, se omite logica de ventilacion"
2026-07-04,05:50:00,maceta2,94,95,82,81,81,0.0,0.0,7.8,50.7,0,0,0,
2026-07-04,06:20:03,maceta1,128,128,,,,0.0,0.0,,,0,0,0,"Recolectando muestras del sensor. Esperando 3 lecturas... | Lectura invalida de DHT | Lectura invalida de DHT, se omite logica de ventilacion"
2026-07-04,06:20:03,maceta2,93,95,82,81,81,0.0,0.0,7.8,51.0,0,0,0,
2026-07-04,06:50:06,maceta1,128,128,,,,0.0,0.0,,,0,0,0,"Recolectando muestras del sensor. Esperando 3 lecturas... | Lectura invalida de DHT | Lectura invalida de DHT, se omite logica de ventilacion"
2026-07-04,06:50:06,maceta2,93,94,82,81,81,0.0,0.0,7.8,50.9,0,0,0,
2026-07-04,07:20:09,maceta1,128,128,,,,0.0,0.0,,,0,0,0,"Recolectando muestras del sensor. Esperando 3 lecturas... | Lectura invalida de DHT | Lectura invalida de DHT, se omite logica de ventilacion"
2026-07-04,07:20:09,maceta2,94,95,82,81,81,0.0,0.0,7.8,51.0,0,0,0,
2026-07-04,07:50:11,maceta1,128,128,,,,0.0,0.0,,,0,0,0,"Recolectando muestras del sensor. Esperando 3 lecturas... | Lectura invalida de DHT | Lectura invalida de DHT, se omite logica de ventilacion"
2026-07-04,07:50:11,maceta2,94,95,82,81,81,0.0,0.0,7.7,50.8,0,0,0,
2026-07-04,08:20:14,maceta1,128,128,,,,0.0,0.0,,,0,0,0,"Recolectando muestras del sensor. Esperando 3 lecturas... | Lectura invalida de DHT | Lectura invalida de DHT, se omite logica de ventilacion"
2026-07-04,08:20:14,maceta2,93,95,82,81,81,0.0,0.0,7.6,50.9,0,0,0,
2026-07-04,08:50:17,maceta1,128,128,,,,1.6666666666666667,0.0001,,,0,0,0,"Recolectando muestras del sensor. Esperando 3 lecturas... | Lectura invalida de DHT | Lectura invalida de DHT, se omite logica de ventilacion"
2026-07-04,08:50:17,maceta2,93,93,82,81,81,0.8333333333333334,0.0,7.6,51.1,0,0,0,
2026-07-04,09:20:20,maceta1,128,128,,,,6.666666666666667,0.0003,,,0,0,0,"Recolectando muestras del sensor. Esperando 3 lecturas... | Lectura invalida de DHT | Lectura invalida de DHT, se omite logica de ventilacion"
2026-07-04,09:20:20,maceta2,94,94,82,82,82,3.75,0.0002,7.6,51.0,0,0,0,
2026-07-04,09:50:22,maceta1,128,128,,,,12.083333333333334,0.0007,,,0,0,0,"Recolectando muestras del sensor. Esperando 3 lecturas... | Lectura invalida de DHT | Lectura invalida de DHT, se omite logica de ventilacion"
2026-07-04,09:50:22,maceta2,94,96,82,81,81,6.666666666666667,0.0004,7.6,51.0,0,0,0,
2026-07-04,10:20:25,maceta1,128,128,,,,29.166666666666668,0.0017,,,0,0,0,"Recolectando muestras del sensor. Esperando 3 lecturas... | Lectura invalida de DHT | Lectura invalida de DHT, se omite logica de ventilacion"
2026-07-04,10:20:25,maceta2,94,94,82,81,81,16.666666666666668,0.0009,7.6,51.6,0,0,0,
2026-07-04,10:50:28,maceta1,128,128,,,,26.666666666666668,0.0025,,,0,0,0,"Recolectando muestras del sensor. Esperando 3 lecturas... | Lectura invalida de DHT | Lectura invalida de DHT, se omite logica de ventilacion"
2026-07-04,10:50:28,maceta2,94,95,82,81,81,15.0,0.0014,7.7,51.5,0,0,0,
2026-07-04,11:20:30,maceta1,128,128,,,,31.666666666666668,0.0036,,,0,0,0,"Recolectando muestras del sensor. Esperando 3 lecturas... | Lectura invalida de DHT | Lectura invalida de DHT, se omite logica de ventilacion"
2026-07-04,11:20:30,maceta2,93,95,82,81,81,17.916666666666668,0.002,7.8,51.1,0,0,0,
2026-07-04,11:50:33,maceta1,128,128,,,,655.0,0.0254,,,0,0,0,"Recolectando muestras del sensor. Esperando 3 lecturas... | Lectura invalida de DHT | Lectura invalida de DHT, se omite logica de ventilacion"
2026-07-04,11:50:33,maceta2,92,94,82,81,81,338.75,0.0133,7.8,52.4,0,0,0,
2026-07-04,11:59:40,maceta1,87,88,,,,665.4166666666667,0.0,,,0,0,0,"Recolectando muestras del sensor. Esperando 3 lecturas... | Lectura invalida de DHT | Lectura invalida de DHT, se omite logica de ventilacion"
2026-07-04,11:59:40,maceta2,93,93,,,,353.33333333333337,0.0,,,0,0,0,"Recolectando muestras del sensor. Esperando 3 lecturas... | Lectura invalida de DHT | Lectura invalida de DHT, se omite logica de ventilacion"
2026-07-04,12:19:09,maceta1,89,90,,,,659.5833333333334,0.0,12.7,48.6,0,0,0,Recolectando muestras del sensor. Esperando 3 lecturas...
2026-07-04,12:19:09,maceta2,95,95,,,,350.4166666666667,0.0,8.7,54.2,0,0,0,Recolectando muestras del sensor. Esperando 3 lecturas...
2026-07-04,12:23:09,maceta1,89,90,,,,660.4166666666667,0.0,12.8,48.0,1,1,0,Recolectando muestras del sensor. Esperando 3 lecturas... | Temperatura alta (12.8 C). Ventilador activado.
2026-07-04,12:23:09,maceta2,107,128,,,,352.9166666666667,0.0,,,1,0,0,"Recolectando muestras del sensor. Esperando 3 lecturas... | Lectura invalida de DHT | Lectura invalida de DHT, se omite logica de ventilacion"
2026-07-04,12:23:22,maceta1,113,128,,,,853.3333333333334,0.0075,,,1,1,0,Recolectando muestras del sensor. Esperando 3 lecturas... | Lectura invalida de DHT
2026-07-04,12:23:22,maceta2,94,95,,,,2120.8333333333335,0.0078,9.2,57.0,1,1,0,Recolectando muestras del sensor. Esperando 3 lecturas... | Temperatura alta (9.2 C). Ventilador activado.
2026-07-04,12:23:48,maceta1,128,128,,,,659.1666666666667,0.0,,,1,0,0,"Recolectando muestras del sensor. Esperando 3 lecturas... | Lectura invalida de DHT | Lectura invalida de DHT, se omite logica de ventilacion"
2026-07-04,12:23:48,maceta2,93,95,,,,352.08333333333337,0.0,9.2,56.5,1,1,0,Recolectando muestras del sensor. Esperando 3 lecturas... | Temperatura alta (9.2 C). Ventilador activado.
2026-07-04,12:24:01,maceta1,111,128,,,,830.0,0.0075,,,1,0,0,"Recolectando muestras del sensor. Esperando 3 lecturas... | Lectura invalida de DHT | Lectura invalida de DHT, se omite logica de ventilacion"
2026-07-04,12:24:01,maceta2,94,95,,,,2032.0833333333335,0.0078,9.2,53.7,1,1,0,Recolectando muestras del sensor. Esperando 3 lecturas...
2026-07-04,12:24:57,maceta1,87,88,,,,655.4166666666667,0.0,13.3,49.3,1,1,0,Recolectando muestras del sensor. Esperando 3 lecturas... | Temperatura alta (13.3 C). Ventilador activado.
2026-07-04,12:24:57,maceta2,85,86,,,,349.58333333333337,0.0,9.2,52.9,1,1,0,Recolectando muestras del sensor. Esperando 3 lecturas... | Temperatura alta (9.2 C). Ventilador activado.
2026-07-04,12:25:09,maceta1,111,128,,,,831.25,0.0075,,,1,1,0,Recolectando muestras del sensor. Esperando 3 lecturas... | Lectura invalida de DHT
2026-07-04,12:25:09,maceta2,84,85,,,,2044.1666666666667,0.0078,9.4,52.1,1,1,0,Recolectando muestras del sensor. Esperando 3 lecturas...
2026-07-04,12:26:14,maceta1,75,75,,,,553.75,0.0,13.7,48.2,1,1,0,Recolectando muestras del sensor. Esperando 3 lecturas... | Temperatura alta (13.7 C). Ventilador activado.
2026-07-04,12:26:14,maceta2,78,76,,,,352.08333333333337,0.0,,,1,0,0,"Recolectando muestras del sensor. Esperando 3 lecturas... | Lectura invalida de DHT | Lectura invalida de DHT, se omite logica de ventilacion"
2026-07-04,13:13:12,maceta1,73,73,,,,740.8333333333334,1.6632,13.7,48.1,1,1,0,Recolectando muestras del sensor. Esperando 3 lecturas... | Temperatura alta (13.7 C). Ventilador activado.
2026-07-04,13:13:12,maceta2,77,76,,,,2125.416666666667,1.7354,10.0,56.7,1,1,0,Recolectando muestras del sensor. Esperando 3 lecturas... | Temperatura alta (10.0 C). Ventilador activado.
2026-07-04,13:13:24,maceta1,74,73,92,92,92,742.5,1.6707,13.7,49.4,1,1,0,Tierra seca (Raw: 73.8 >= 20). Riego activado.
2026-07-04,13:13:24,maceta2,128,128,,,,2092.0833333333335,1.7432,,,1,1,0,Recolectando muestras del sensor. Esperando 3 lecturas... | Lectura invalida de DHT
2026-07-04,13:13:59,maceta1,75,117,92,85,88,747.9166666666667,1.6915,,,1,1,0,Lectura invalida de DHT | Tierra seca (Raw: 80.8 >= 20). Riego activado.
2026-07-04,13:13:59,maceta2,128,128,,,,2082.0833333333335,1.7648,,,1,1,0,Recolectando muestras del sensor. Esperando 3 lecturas... | Lectura invalida de DHT
2026-07-04,13:14:35,maceta1,128,128,92,85,88,769.5833333333334,1.7123,,,1,1,0,Lectura invalida de DHT | Tierra seca (Raw: 80.8 >= 20). Riego activado.
2026-07-04,13:14:35,maceta2,78,77,90,91,90,2131.25,1.7866,10.1,57.2,1,1,0,Tierra seca (Raw: 77.0 >= 20). Riego activado.
2026-07-04,13:16:03,maceta1,128,128,92,85,88,733.3333333333334,1.7641,,,1,0,0,"Lectura invalida de DHT | Lectura invalida de DHT, se omite logica de ventilacion | Tierra seca (Raw: 80.8 >= 20). Riego activado."
2026-07-04,13:16:03,maceta2,128,128,90,91,90,2093.75,1.8406,,,1,0,0,"Lectura invalida de DHT | Lectura invalida de DHT, se omite logica de ventilacion | Tierra seca (Raw: 77.0 >= 20). Riego activado."
2026-07-04,13:17:30,maceta1,128,128,92,85,88,730.8333333333334,1.8159,,,1,0,0,"Lectura invalida de DHT | Lectura invalida de DHT, se omite logica de ventilacion | Tierra seca (Raw: 80.8 >= 20). Riego activado."
2026-07-04,13:17:30,maceta2,128,128,90,91,90,2039.5833333333335,1.8945,,,1,0,0,"Lectura invalida de DHT | Lectura invalida de DHT, se omite logica de ventilacion | Tierra seca (Raw: 77.0 >= 20). Riego activado."
2026-07-04,13:20:57,maceta1,78,75,,,,580.8333333333334,0.0,,,1,0,0,"Recolectando muestras del sensor. Esperando 3 lecturas... | Lectura invalida de DHT | Lectura invalida de DHT, se omite logica de ventilacion"
2026-07-04,13:20:57,maceta2,78,78,,,,352.08333333333337,0.0,10.8,54.5,1,1,0,Recolectando muestras del sensor. Esperando 3 lecturas... | Temperatura alta (10.8 C). Ventilador activado.
2026-07-04,13:23:29,maceta1,86,85,,,,602.5,0.0,14.6,46.2,1,1,0,Recolectando muestras del sensor. Esperando 3 lecturas... | Temperatura alta (14.6 C). Ventilador activado.
2026-07-04,13:23:29,maceta2,88,90,,,,373.33333333333337,0.0,11.0,54.2,1,1,0,Recolectando muestras del sensor. Esperando 3 lecturas... | Temperatura alta (11.0 C). Ventilador activado.
2026-07-04,13:23:41,maceta1,104,128,,,,777.5,0.0075,,,1,1,0,Recolectando muestras del sensor. Esperando 3 lecturas... | Lectura invalida de DHT
2026-07-04,13:23:41,maceta2,89,91,,,,2112.5,0.0078,11.2,55.0,1,1,0,Recolectando muestras del sensor. Esperando 3 lecturas...
2026-07-04,13:26:38,maceta1,86,86,,,,587.9166666666667,0.0,14.9,45.6,1,1,0,Recolectando muestras del sensor. Esperando 3 lecturas... | Temperatura alta (14.9 C). Ventilador activado.
2026-07-04,13:26:38,maceta2,96,91,,,,365.4166666666667,0.0,11.2,53.3,1,1,0,Recolectando muestras del sensor. Esperando 3 lecturas... | Temperatura alta (11.2 C). Ventilador activado.
2026-07-04,13:28:15,maceta1,86,128,,,,588.75,0.0,,,0,0,0,"Recolectando muestras del sensor. Esperando 3 lecturas... | Lectura invalida de DHT | Lectura invalida de DHT, se omite logica de ventilacion"
2026-07-04,13:28:15,maceta2,88,90,,,,363.33333333333337,0.0,11.2,55.0,0,0,0,Recolectando muestras del sensor. Esperando 3 lecturas...
2026-07-04,13:29:31,maceta1,87,87,,,,561.6666666666667,0.0,14.8,46.4,0,0,0,Recolectando muestras del sensor. Esperando 3 lecturas...
2026-07-04,13:29:31,maceta2,120,120,,,,345.0,0.0,,,0,0,0,"Recolectando muestras del sensor. Esperando 3 lecturas... | Lectura invalida de DHT | Lectura invalida de DHT, se omite logica de ventilacion"
2026-07-04,13:29:58,maceta1,128,103,,,,569.5833333333334,0.0,,,0,0,0,"Recolectando muestras del sensor. Esperando 3 lecturas... | Lectura invalida de DHT | Lectura invalida de DHT, se omite logica de ventilacion"
2026-07-04,13:29:58,maceta2,89,90,,,,350.4166666666667,0.0,11.1,55.8,0,0,0,Recolectando muestras del sensor. Esperando 3 lecturas...
2026-07-04,13:31:33,maceta1,86,86,,,,561.25,0.0,14.7,45.5,0,0,0,Recolectando muestras del sensor. Esperando 3 lecturas...
2026-07-04,13:31:33,maceta2,89,105,,,,346.6666666666667,0.0,,,0,0,0,"Recolectando muestras del sensor. Esperando 3 lecturas... | Lectura invalida de DHT | Lectura invalida de DHT, se omite logica de ventilacion"
2026-07-04,13:36:41,maceta1,86,86,,,,607.0833333333334,0.0,14.4,44.9,1,0,0,Recolectando muestras del sensor. Esperando 3 lecturas...
2026-07-04,13:36:41,maceta2,89,90,,,,374.58333333333337,0.0,11.1,57.1,1,0,0,Recolectando muestras del sensor. Esperando 3 lecturas...
2026-07-04,13:37:43,maceta1,86,128,,,,590.8333333333334,0.0,,,0,0,0,"Recolectando muestras del sensor. Esperando 3 lecturas... | Lectura invalida de DHT | Lectura invalida de DHT, se omite logica de ventilacion"
2026-07-04,13:37:43,maceta2,89,92,,,,363.75,0.0,10.9,57.5,0,0,0,Recolectando muestras del sensor. Esperando 3 lecturas...
2026-07-04,14:07:45,maceta1,128,128,,,,30.0,0.001,,,0,0,0,"Recolectando muestras del sensor. Esperando 3 lecturas... | Lectura invalida de DHT | Lectura invalida de DHT, se omite logica de ventilacion"
2026-07-04,14:07:45,maceta2,89,92,,,,18.75,0.0006,10.9,55.5,0,0,0,Recolectando muestras del sensor. Esperando 3 lecturas...
2026-07-04,14:37:48,maceta1,128,128,,,,31.666666666666668,0.0021,,,0,0,0,"Recolectando muestras del sensor. Esperando 3 lecturas... | Lectura invalida de DHT | Lectura invalida de DHT, se omite logica de ventilacion"
2026-07-04,14:37:48,maceta2,89,91,84,83,83,20.0,0.0013,10.0,51.0,0,0,0,
2026-07-04,15:07:51,maceta1,128,128,,,,26.666666666666668,0.003,,,1,0,0,"Recolectando muestras del sensor. Esperando 3 lecturas... | Lectura invalida de DHT | Lectura invalida de DHT, se omite logica de ventilacion"
2026-07-04,15:07:51,maceta2,89,90,84,83,83,19.166666666666668,0.0019,9.4,53.8,0,0,0,
2026-07-04,15:37:53,maceta1,128,128,,,,188.75,1.0486,,,1,0,0,"Recolectando muestras del sensor. Esperando 3 lecturas... | Lectura invalida de DHT | Lectura invalida de DHT, se omite logica de ventilacion"
2026-07-04,15:37:53,maceta2,88,90,84,84,84,19.166666666666668,0.0026,9.1,53.5,1,0,0,
2026-07-04,16:07:56,maceta1,128,128,,,,179.58333333333334,2.094,,,1,0,0,"Recolectando muestras del sensor. Esperando 3 lecturas... | Lectura invalida de DHT | Lectura invalida de DHT, se omite logica de ventilacion"
2026-07-04,16:07:56,maceta2,89,91,84,84,84,1595.8333333333335,1.0951,9.0,54.5,1,0,0,
2026-07-04,16:37:59,maceta1,128,128,,,,174.16666666666669,3.1391,,,1,0,0,"Recolectando muestras del sensor. Esperando 3 lecturas... | Lectura invalida de DHT | Lectura invalida de DHT, se omite logica de ventilacion"
2026-07-04,16:37:59,maceta2,90,91,84,83,83,1538.75,2.1858,10.9,46.8,1,0,0,
2026-07-04,17:08:02,maceta1,128,128,,,,173.33333333333334,4.1842,,,1,0,0,"Recolectando muestras del sensor. Esperando 3 lecturas... | Lectura invalida de DHT | Lectura invalida de DHT, se omite logica de ventilacion"
2026-07-04,17:08:02,maceta2,89,91,84,83,83,1545.4166666666667,3.2767,11.0,46.5,1,0,0,
2026-07-04,17:38:04,maceta1,128,128,,,,162.91666666666669,5.229,,,1,0,0,"Recolectando muestras del sensor. Esperando 3 lecturas... | Lectura invalida de DHT | Lectura invalida de DHT, se omite logica de ventilacion"
2026-07-04,17:38:04,maceta2,89,91,84,83,83,1593.3333333333335,4.3692,11.0,46.9,1,0,0,
2026-07-04,18:08:07,maceta1,128,128,,,,160.0,6.2737,,,1,0,0,"Recolectando muestras del sensor. Esperando 3 lecturas... | Lectura invalida de DHT | Lectura invalida de DHT, se omite logica de ventilacion"
2026-07-04,18:08:07,maceta2,90,92,84,83,83,1525.4166666666667,5.4594,11.0,47.0,1,0,0,
2026-07-04,18:38:10,maceta1,128,128,,,,155.0,7.3183,,,1,0,0,"Recolectando muestras del sensor. Esperando 3 lecturas... | Lectura invalida de DHT | Lectura invalida de DHT, se omite logica de ventilacion"
2026-07-04,18:38:10,maceta2,90,92,84,83,83,1593.3333333333335,6.5519,10.9,47.2,1,0,0,
2026-07-04,19:08:12,maceta1,128,128,,,,160.41666666666669,8.363,,,1,0,0,"Recolectando muestras del sensor. Esperando 3 lecturas... | Lectura invalida de DHT | Lectura invalida de DHT, se omite logica de ventilacion"
2026-07-04,19:08:12,maceta2,90,92,84,83,83,1536.6666666666667,7.6425,10.9,47.2,1,0,0,
2026-07-04,19:38:16,maceta1,128,128,,,,154.16666666666669,9.4078,,,1,0,0,"Recolectando muestras del sensor. Esperando 3 lecturas... | Lectura invalida de DHT | Lectura invalida de DHT, se omite logica de ventilacion"
2026-07-04,19:38:16,maceta2,90,92,84,83,83,1520.4166666666667,8.733,10.9,47.5,1,0,0,
2026-07-04,20:08:19,maceta1,128,128,,,,160.0,10.4525,,,1,0,0,"Recolectando muestras del sensor. Esperando 3 lecturas... | Lectura invalida de DHT | Lectura invalida de DHT, se omite logica de ventilacion"
2026-07-04,20:08:19,maceta2,91,93,84,82,83,1566.25,9.8246,10.9,47.8,1,0,0,
2026-07-04,20:38:21,maceta1,128,128,,,,162.08333333333334,11.4973,,,1,0,0,"Recolectando muestras del sensor. Esperando 3 lecturas... | Lectura invalida de DHT | Lectura invalida de DHT, se omite logica de ventilacion"
2026-07-04,20:38:21,maceta2,91,93,83,82,82,1529.5833333333335,10.9149,10.9,47.9,1,0,0,
2026-07-04,21:08:24,maceta1,128,128,,,,160.0,12.542,,,1,0,0,"Recolectando muestras del sensor. Esperando 3 lecturas... | Lectura invalida de DHT | Lectura invalida de DHT, se omite logica de ventilacion"
2026-07-04,21:08:24,maceta2,91,92,83,82,82,1577.0833333333335,12.0069,10.7,48.3,1,0,0,
2026-07-04,21:38:27,maceta1,128,128,,,,160.0,13.5867,,,1,0,0,"Recolectando muestras del sensor. Esperando 3 lecturas... | Lectura invalida de DHT | Lectura invalida de DHT, se omite logica de ventilacion"
2026-07-04,21:38:27,maceta2,92,94,83,82,82,1515.4166666666667,13.0968,10.7,48.5,1,0,0,
2026-07-04,22:08:29,maceta1,128,128,,,,160.0,14.6314,,,0,0,0,"Recolectando muestras del sensor. Esperando 3 lecturas... | Lectura invalida de DHT | Lectura invalida de DHT, se omite logica de ventilacion"
2026-07-04,22:08:29,maceta2,92,92,83,82,82,1510.4166666666667,14.1865,10.7,48.5,0,0,0,
2026-07-04,22:38:32,maceta1,128,128,,,,0.0,14.6314,,,0,0,0,"Recolectando muestras del sensor. Esperando 3 lecturas... | Lectura invalida de DHT | Lectura invalida de DHT, se omite logica de ventilacion"
2026-07-04,22:38:32,maceta2,92,93,83,82,82,0.0,14.1865,10.7,48.7,0,0,0,
2026-07-04,23:08:35,maceta1,128,128,,,,0.0,14.6314,,,0,0,0,"Recolectando muestras del sensor. Esperando 3 lecturas... | Lectura invalida de DHT | Lectura invalida de DHT, se omite logica de ventilacion"
2026-07-04,23:08:35,maceta2,90,92,83,82,82,0.0,14.1865,9.1,51.8,0,0,0,
2026-07-04,23:38:38,maceta1,128,128,,,,0.0,14.6314,,,0,0,0,"Recolectando muestras del sensor. Esperando 3 lecturas... | Lectura invalida de DHT | Lectura invalida de DHT, se omite logica de ventilacion"
2026-07-04,23:38:38,maceta2,91,92,83,82,82,0.0,14.1865,8.9,53.1,0,0,0,
2026-07-05,00:08:40,maceta1,128,128,,,,0.0,0.0,,,0,0,0,"Recolectando muestras del sensor. Esperando 3 lecturas... | Lectura invalida de DHT | Lectura invalida de DHT, se omite logica de ventilacion"
2026-07-05,00:08:40,maceta2,90,92,84,83,83,0.0,0.0,8.8,53.4,0,0,0,
2026-07-05,00:38:43,maceta1,128,128,,,,0.0,0.0,,,0,0,0,"Recolectando muestras del sensor. Esperando 3 lecturas... | Lectura invalida de DHT | Lectura invalida de DHT, se omite logica de ventilacion"
2026-07-05,00:38:43,maceta2,92,93,83,82,82,0.0,0.0,8.8,54.1,0,0,0,
2026-07-05,01:08:46,maceta1,128,128,,,,0.0,0.0,,,0,0,0,"Recolectando muestras del sensor. Esperando 3 lecturas... | Lectura invalida de DHT | Lectura invalida de DHT, se omite logica de ventilacion"
2026-07-05,01:08:46,maceta2,92,93,83,82,82,0.0,0.0,8.7,55.0,0,0,0,
2026-07-05,01:38:48,maceta1,128,128,,,,0.0,0.0,,,0,0,0,"Recolectando muestras del sensor. Esperando 3 lecturas... | Lectura invalida de DHT | Lectura invalida de DHT, se omite logica de ventilacion"
2026-07-05,01:38:48,maceta2,91,93,83,82,82,0.0,0.0,8.6,54.4,0,0,0,
2026-07-05,02:08:51,maceta1,128,128,,,,0.0,0.0,,,0,0,0,"Recolectando muestras del sensor. Esperando 3 lecturas... | Lectura invalida de DHT | Lectura invalida de DHT, se omite logica de ventilacion"
2026-07-05,02:08:51,maceta2,92,93,83,82,82,0.0,0.0,8.6,54.9,0,0,0,
2026-07-05,02:38:54,maceta1,128,128,,,,0.0,0.0,,,0,0,0,"Recolectando muestras del sensor. Esperando 3 lecturas... | Lectura invalida de DHT | Lectura invalida de DHT, se omite logica de ventilacion"
2026-07-05,02:38:54,maceta2,91,93,83,82,82,0.0,0.0,8.6,54.8,0,0,0,
2026-07-05,03:08:57,maceta1,128,128,,,,0.0,0.0,,,0,0,0,"Recolectando muestras del sensor. Esperando 3 lecturas... | Lectura invalida de DHT | Lectura invalida de DHT, se omite logica de ventilacion"
2026-07-05,03:08:57,maceta2,91,93,83,82,82,0.0,0.0,8.6,55.0,0,0,0,
2026-07-05,03:38:59,maceta1,128,128,,,,0.0,0.0,,,0,0,0,"Recolectando muestras del sensor. Esperando 3 lecturas... | Lectura invalida de DHT | Lectura invalida de DHT, se omite logica de ventilacion"
2026-07-05,03:38:59,maceta2,91,92,83,82,82,0.0,0.0,8.6,55.2,0,0,0,
2026-07-05,04:09:02,maceta1,128,128,,,,0.0,0.0,,,0,0,0,"Recolectando muestras del sensor. Esperando 3 lecturas... | Lectura invalida de DHT | Lectura invalida de DHT, se omite logica de ventilacion"
2026-07-05,04:09:02,maceta2,90,92,83,82,82,0.0,0.0,8.6,55.4,0,0,0,
2026-07-05,04:39:05,maceta1,128,128,,,,0.0,0.0,,,0,0,0,"Recolectando muestras del sensor. Esperando 3 lecturas... | Lectura invalida de DHT | Lectura invalida de DHT, se omite logica de ventilacion"
2026-07-05,04:39:05,maceta2,89,92,84,83,83,0.0,0.0,8.5,55.5,0,0,0,
2026-07-05,05:09:07,maceta1,128,128,,,,0.0,0.0,,,0,0,0,"Recolectando muestras del sensor. Esperando 3 lecturas... | Lectura invalida de DHT | Lectura invalida de DHT, se omite logica de ventilacion"
2026-07-05,05:09:07,maceta2,90,92,84,83,83,0.0,0.0,8.5,55.7,0,0,0,
2026-07-05,05:39:10,maceta1,128,128,,,,0.0,0.0,,,0,0,0,"Recolectando muestras del sensor. Esperando 3 lecturas... | Lectura invalida de DHT | Lectura invalida de DHT, se omite logica de ventilacion"
2026-07-05,05:39:10,maceta2,91,91,84,83,83,0.0,0.0,8.5,56.0,0,0,0,
2026-07-05,06:09:13,maceta1,128,128,,,,0.0,0.0,,,0,0,0,"Recolectando muestras del sensor. Esperando 3 lecturas... | Lectura invalida de DHT | Lectura invalida de DHT, se omite logica de ventilacion"
2026-07-05,06:09:13,maceta2,91,93,83,83,83,0.0,0.0,8.4,56.5,0,0,0,
2026-07-05,06:39:16,maceta1,128,128,,,,0.0,0.0,,,0,0,0,"Recolectando muestras del sensor. Esperando 3 lecturas... | Lectura invalida de DHT | Lectura invalida de DHT, se omite logica de ventilacion"
2026-07-05,06:39:16,maceta2,90,92,83,83,83,0.0,0.0,8.4,56.8,0,0,0,
2026-07-05,07:09:18,maceta1,128,128,,,,0.0,0.0,,,0,0,0,"Recolectando muestras del sensor. Esperando 3 lecturas... | Lectura invalida de DHT | Lectura invalida de DHT, se omite logica de ventilacion"
2026-07-05,07:09:18,maceta2,92,93,83,82,82,0.0,0.0,8.3,56.8,0,0,0,
2026-07-05,07:39:21,maceta1,128,128,,,,0.0,0.0,,,0,0,0,"Recolectando muestras del sensor. Esperando 3 lecturas... | Lectura invalida de DHT | Lectura invalida de DHT, se omite logica de ventilacion"
2026-07-05,07:39:21,maceta2,91,93,83,82,82,0.0,0.0,8.3,56.9,0,0,0,
2026-07-05,08:09:24,maceta1,128,128,,,,0.0,0.0,,,0,0,0,"Recolectando muestras del sensor. Esperando 3 lecturas... | Lectura invalida de DHT | Lectura invalida de DHT, se omite logica de ventilacion"
2026-07-05,08:09:24,maceta2,91,93,83,82,82,0.0,0.0,8.2,57.1,0,0,0,
2026-07-05,08:39:26,maceta1,128,128,,,,1.25,0.0,,,0,0,0,"Recolectando muestras del sensor. Esperando 3 lecturas... | Lectura invalida de DHT | Lectura invalida de DHT, se omite logica de ventilacion"
2026-07-05,08:39:26,maceta2,91,92,83,82,82,1.25,0.0,8.2,57.4,0,0,0,
2026-07-05,09:09:29,maceta1,128,128,,,,5.416666666666667,0.0002,,,0,0,0,"Recolectando muestras del sensor. Esperando 3 lecturas... | Lectura invalida de DHT | Lectura invalida de DHT, se omite logica de ventilacion"
2026-07-05,09:09:29,maceta2,90,92,83,82,82,3.75,0.0002,8.2,57.7,0,0,0,
2026-07-05,09:39:32,maceta1,128,128,,,,8.75,0.0005,,,0,0,0,"Recolectando muestras del sensor. Esperando 3 lecturas... | Lectura invalida de DHT | Lectura invalida de DHT, se omite logica de ventilacion"
2026-07-05,09:39:32,maceta2,90,92,84,83,83,5.833333333333334,0.0004,8.2,57.9,0,0,0,
2026-07-05,10:09:34,maceta1,128,128,,,,29.583333333333336,0.0015,,,0,0,0,"Recolectando muestras del sensor. Esperando 3 lecturas... | Lectura invalida de DHT | Lectura invalida de DHT, se omite logica de ventilacion"
2026-07-05,10:09:34,maceta2,90,92,84,83,83,19.583333333333336,0.001,8.2,57.9,0,0,0,
2026-07-05,10:39:37,maceta1,128,128,,,,37.5,0.0028,,,0,0,0,"Recolectando muestras del sensor. Esperando 3 lecturas... | Lectura invalida de DHT | Lectura invalida de DHT, se omite logica de ventilacion"
2026-07-05,10:39:37,maceta2,90,92,84,83,83,25.0,0.0018,8.2,58.3,0,0,0,
2026-07-05,11:09:40,maceta1,128,128,,,,45.833333333333336,0.0043,,,0,0,0,"Recolectando muestras del sensor. Esperando 3 lecturas... | Lectura invalida de DHT | Lectura invalida de DHT, se omite logica de ventilacion"
2026-07-05,11:09:40,maceta2,91,92,84,83,83,30.0,0.0028,8.4,60.4,0,0,0,
2026-07-05,11:39:43,maceta1,128,128,,,,53.333333333333336,0.0061,,,0,0,0,"Recolectando muestras del sensor. Esperando 3 lecturas... | Lectura invalida de DHT | Lectura invalida de DHT, se omite logica de ventilacion"
2026-07-05,11:39:43,maceta2,91,93,83,82,82,34.583333333333336,0.004,8.4,62.0,0,0,0,
2026-07-05,12:09:46,maceta1,128,128,,,,58.75,0.008,,,0,0,0,"Recolectando muestras del sensor. Esperando 3 lecturas... | Lectura invalida de DHT | Lectura invalida de DHT, se omite logica de ventilacion"
2026-07-05,12:09:46,maceta2,91,93,83,82,82,38.75,0.0053,8.5,61.3,0,0,0,
2026-07-05,12:39:49,maceta1,128,128,,,,63.333333333333336,0.0101,,,0,0,0,"Recolectando muestras del sensor. Esperando 3 lecturas... | Lectura invalida de DHT | Lectura invalida de DHT, se omite logica de ventilacion"
2026-07-05,12:39:49,maceta2,91,92,83,82,82,41.25,0.0067,8.6,60.7,0,0,0,
2026-07-05,13:09:52,maceta1,128,128,,,,65.0,0.0123,,,0,0,0,"Recolectando muestras del sensor. Esperando 3 lecturas... | Lectura invalida de DHT | Lectura invalida de DHT, se omite logica de ventilacion"
2026-07-05,13:09:52,maceta2,91,92,83,82,82,42.5,0.0081,8.6,62.5,0,0,0,
2026-07-05,13:39:54,maceta1,128,128,,,,64.16666666666667,0.0144,,,0,0,0,"Recolectando muestras del sensor. Esperando 3 lecturas... | Lectura invalida de DHT | Lectura invalida de DHT, se omite logica de ventilacion"
2026-07-05,13:39:54,maceta2,91,93,83,82,82,42.083333333333336,0.0095,8.7,63.1,0,0,0,
2026-07-05,14:09:57,maceta1,128,128,,,,59.16666666666667,0.0164,,,0,0,0,"Recolectando muestras del sensor. Esperando 3 lecturas... | Lectura invalida de DHT | Lectura invalida de DHT, se omite logica de ventilacion"
2026-07-05,14:09:57,maceta2,91,92,83,82,82,39.16666666666667,0.0108,8.8,63.9,0,0,0,
2026-07-05,14:40:00,maceta1,128,128,,,,43.333333333333336,0.0179,,,0,0,0,"Recolectando muestras del sensor. Esperando 3 lecturas... | Lectura invalida de DHT | Lectura invalida de DHT, se omite logica de ventilacion"
2026-07-05,14:40:00,maceta2,92,92,83,82,82,32.91666666666667,0.0119,,,0,0,0,"Lectura invalida de DHT | Lectura invalida de DHT, se omite logica de ventilacion"
2026-07-05,15:10:04,maceta1,128,128,,,,15.0,0.0184,,,1,0,0,"Recolectando muestras del sensor. Esperando 3 lecturas... | Lectura invalida de DHT | Lectura invalida de DHT, se omite logica de ventilacion"
2026-07-05,15:10:04,maceta2,91,91,83,83,83,12.083333333333334,0.0123,9.0,64.1,0,0,0,
2026-07-05,15:40:07,maceta1,128,128,,,,177.91666666666669,1.0636,,,1,0,0,"Recolectando muestras del sensor. Esperando 3 lecturas... | Lectura invalida de DHT | Lectura invalida de DHT, se omite logica de ventilacion"
2026-07-05,15:40:07,maceta2,91,92,83,83,83,14.166666666666668,0.0128,9.0,63.4,1,0,0,
2026-07-05,16:10:10,maceta1,128,128,,,,176.66666666666669,2.1089,,,1,0,0,"Recolectando muestras del sensor. Esperando 3 lecturas... | Lectura invalida de DHT | Lectura invalida de DHT, se omite logica de ventilacion"
2026-07-05,16:10:10,maceta2,91,91,83,83,83,1601.6666666666667,1.1056,,,1,0,0,"Lectura invalida de DHT | Lectura invalida de DHT, se omite logica de ventilacion"
2026-07-05,16:40:12,maceta1,128,128,,,,165.0,3.1538,,,1,0,0,"Recolectando muestras del sensor. Esperando 3 lecturas... | Lectura invalida de DHT | Lectura invalida de DHT, se omite logica de ventilacion"
2026-07-05,16:40:12,maceta2,91,91,83,83,83,1634.1666666666667,2.1994,11.5,57.8,1,0,0,
2026-07-05,17:10:15,maceta1,128,128,,,,167.08333333333334,4.1987,,,1,0,0,"Recolectando muestras del sensor. Esperando 3 lecturas... | Lectura invalida de DHT | Lectura invalida de DHT, se omite logica de ventilacion"
2026-07-05,17:10:15,maceta2,91,92,83,83,83,1605.0,3.2923,11.9,57.4,1,0,0,
2026-07-05,17:40:18,maceta1,128,128,,,,166.25,5.2436,,,1,0,0,"Recolectando muestras del sensor. Esperando 3 lecturas... | Lectura invalida de DHT | Lectura invalida de DHT, se omite logica de ventilacion"
2026-07-05,17:40:18,maceta2,91,93,83,83,83,1613.75,4.3855,12.0,56.6,1,0,0,
2026-07-05,18:10:21,maceta1,128,128,,,,157.5,6.2886,,,1,0,0,"Recolectando muestras del sensor. Esperando 3 lecturas... | Lectura invalida de DHT | Lectura invalida de DHT, se omite logica de ventilacion"
2026-07-05,18:10:21,maceta2,91,93,83,82,82,1610.0,5.4789,12.1,56.5,1,0,0,
2026-07-05,18:40:24,maceta1,128,128,,,,153.75,7.3331,,,1,0,0,"Recolectando muestras del sensor. Esperando 3 lecturas... | Lectura invalida de DHT | Lectura invalida de DHT, se omite logica de ventilacion"
2026-07-05,18:40:24,maceta2,91,92,83,82,82,1560.8333333333335,6.5704,12.1,57.0,1,0,0,
2026-07-05,19:10:27,maceta1,128,128,,,,160.0,8.3778,,,1,0,0,"Recolectando muestras del sensor. Esperando 3 lecturas... | Lectura invalida de DHT | Lectura invalida de DHT, se omite logica de ventilacion"
2026-07-05,19:10:27,maceta2,92,93,83,82,82,1560.8333333333335,7.6618,12.2,52.1,1,0,0,
2026-07-05,19:40:29,maceta1,128,128,,,,155.83333333333334,9.4223,,,1,0,0,"Recolectando muestras del sensor. Esperando 3 lecturas... | Lectura invalida de DHT | Lectura invalida de DHT, se omite logica de ventilacion"
2026-07-05,19:40:29,maceta2,91,93,83,82,82,1534.1666666666667,8.7523,11.9,51.2,1,0,0,
2026-07-05,20:10:32,maceta1,128,128,,,,155.0,10.4668,,,1,0,0,"Recolectando muestras del sensor. Esperando 3 lecturas... | Lectura invalida de DHT | Lectura invalida de DHT, se omite logica de ventilacion"
2026-07-05,20:10:32,maceta2,91,92,83,82,82,1582.5,9.8444,11.9,51.1,1,0,0,
2026-07-05,20:40:35,maceta1,128,128,,,,155.0,11.5115,,,1,0,0,"Recolectando muestras del sensor. Esperando 3 lecturas... | Lectura invalida de DHT | Lectura invalida de DHT, se omite logica de ventilacion"
2026-07-05,20:40:35,maceta2,91,91,83,83,83,1584.5833333333335,10.9367,11.7,51.2,1,0,0,
2026-07-05,21:10:38,maceta1,128,128,,,,160.41666666666669,12.5562,,,1,0,0,"Recolectando muestras del sensor. Esperando 3 lecturas... | Lectura invalida de DHT | Lectura invalida de DHT, se omite logica de ventilacion"
2026-07-05,21:10:38,maceta2,91,92,83,83,83,1533.75,12.0272,11.6,51.3,1,0,0,
2026-07-05,21:40:41,maceta1,128,128,,,,162.08333333333334,13.6013,,,1,0,0,"Recolectando muestras del sensor. Esperando 3 lecturas... | Lectura invalida de DHT | Lectura invalida de DHT, se omite logica de ventilacion"
2026-07-05,21:40:41,maceta2,92,93,83,83,83,1548.75,13.1186,11.5,51.5,1,0,0,
2026-07-05,22:10:44,maceta1,128,128,,,,162.08333333333334,14.6461,,,0,0,0,"Recolectando muestras del sensor. Esperando 3 lecturas... | Lectura invalida de DHT | Lectura invalida de DHT, se omite logica de ventilacion"
2026-07-05,22:10:44,maceta2,92,94,83,82,82,1586.6666666666667,14.2109,11.5,51.6,0,0,0,
2026-07-05,22:40:47,maceta1,128,128,,,,0.0,14.6461,,,0,0,0,"Recolectando muestras del sensor. Esperando 3 lecturas... | Lectura invalida de DHT | Lectura invalida de DHT, se omite logica de ventilacion"
2026-07-05,22:40:47,maceta2,92,94,83,82,82,0.0,14.2109,11.4,51.8,0,0,0,
2026-07-05,23:10:50,maceta1,128,128,,,,0.0,14.6461,,,0,0,0,"Recolectando muestras del sensor. Esperando 3 lecturas... | Lectura invalida de DHT | Lectura invalida de DHT, se omite logica de ventilacion"
2026-07-05,23:10:50,maceta2,92,94,83,82,82,0.0,14.2109,9.6,54.5,0,0,0,
2026-07-05,23:40:53,maceta1,128,128,,,,0.0,14.6461,,,0,0,0,"Recolectando muestras del sensor. Esperando 3 lecturas... | Lectura invalida de DHT | Lectura invalida de DHT, se omite logica de ventilacion"
2026-07-05,23:40:53,maceta2,93,94,82,82,82,0.0,14.2109,9.3,55.5,0,0,0,
2026-07-06,00:10:56,maceta1,128,128,,,,0.0,0.0,,,0,0,0,"Recolectando muestras del sensor. Esperando 3 lecturas... | Lectura invalida de DHT | Lectura invalida de DHT, se omite logica de ventilacion"
2026-07-06,00:10:56,maceta2,91,93,83,82,82,0.0,0.0,9.2,55.3,0,0,0,
2026-07-06,00:40:59,maceta1,128,128,,,,0.0,0.0,,,0,0,0,"Recolectando muestras del sensor. Esperando 3 lecturas... | Lectura invalida de DHT | Lectura invalida de DHT, se omite logica de ventilacion"
2026-07-06,00:40:59,maceta2,92,93,83,82,82,0.0,0.0,9.0,55.2,0,0,0,
2026-07-06,01:11:01,maceta1,128,128,,,,0.0,0.0,,,0,0,0,"Recolectando muestras del sensor. Esperando 3 lecturas... | Lectura invalida de DHT | Lectura invalida de DHT, se omite logica de ventilacion"
2026-07-06,01:11:01,maceta2,92,92,83,82,82,0.0,0.0,8.9,55.2,0,0,0,
2026-07-06,01:41:04,maceta1,128,128,,,,0.0,0.0,,,0,0,0,"Recolectando muestras del sensor. Esperando 3 lecturas... | Lectura invalida de DHT | Lectura invalida de DHT, se omite logica de ventilacion"
2026-07-06,01:41:04,maceta2,91,93,83,82,82,0.0,0.0,8.7,54.8,0,0,0,
2026-07-06,02:11:07,maceta1,128,128,,,,0.0,0.0,,,0,0,0,"Recolectando muestras del sensor. Esperando 3 lecturas... | Lectura invalida de DHT | Lectura invalida de DHT, se omite logica de ventilacion"
2026-07-06,02:11:07,maceta2,93,93,83,82,82,0.0,0.0,8.6,54.6,0,0,0,
2026-07-06,02:41:10,maceta1,128,128,,,,0.0,0.0,,,0,0,0,"Recolectando muestras del sensor. Esperando 3 lecturas... | Lectura invalida de DHT | Lectura invalida de DHT, se omite logica de ventilacion"
2026-07-06,02:41:10,maceta2,92,93,83,82,82,0.0,0.0,8.5,54.7,0,0,0,
2026-07-06,03:11:12,maceta1,128,128,,,,0.0,0.0,,,0,0,0,"Recolectando muestras del sensor. Esperando 3 lecturas... | Lectura invalida de DHT | Lectura invalida de DHT, se omite logica de ventilacion"
2026-07-06,03:11:12,maceta2,91,92,83,82,82,0.0,0.0,8.5,54.7,0,0,0,
2026-07-06,03:41:15,maceta1,128,128,,,,0.0,0.0,,,0,0,0,"Recolectando muestras del sensor. Esperando 3 lecturas... | Lectura invalida de DHT | Lectura invalida de DHT, se omite logica de ventilacion"
2026-07-06,03:41:15,maceta2,92,93,83,82,82,0.0,0.0,8.4,54.8,0,0,0,
2026-07-06,04:11:18,maceta1,128,128,,,,0.0,0.0,,,0,0,0,"Recolectando muestras del sensor. Esperando 3 lecturas... | Lectura invalida de DHT | Lectura invalida de DHT, se omite logica de ventilacion"
2026-07-06,04:11:18,maceta2,92,94,83,82,82,0.0,0.0,8.3,54.5,0,0,0,
2026-07-06,04:41:20,maceta1,128,128,,,,0.0,0.0,,,0,0,0,"Recolectando muestras del sensor. Esperando 3 lecturas... | Lectura invalida de DHT | Lectura invalida de DHT, se omite logica de ventilacion"
2026-07-06,04:41:20,maceta2,92,93,83,82,82,0.0,0.0,8.2,54.8,0,0,0,
2026-07-06,05:11:23,maceta1,128,128,,,,0.0,0.0,,,0,0,0,"Recolectando muestras del sensor. Esperando 3 lecturas... | Lectura invalida de DHT | Lectura invalida de DHT, se omite logica de ventilacion"
2026-07-06,05:11:23,maceta2,91,93,83,82,82,0.0,0.0,8.1,54.7,0,0,0,
2026-07-06,05:41:31,maceta1,128,128,,,,0.0,0.0,,,0,0,0,"Recolectando muestras del sensor. Esperando 3 lecturas... | Lectura invalida de DHT | Lectura invalida de DHT, se omite logica de ventilacion"
2026-07-06,05:41:31,maceta2,93,93,83,82,82,0.0,0.0,8.0,54.6,0,0,0,
2026-07-06,06:11:34,maceta1,128,128,,,,0.0,0.0,,,0,0,0,"Recolectando muestras del sensor. Esperando 3 lecturas... | Lectura invalida de DHT | Lectura invalida de DHT, se omite logica de ventilacion"
2026-07-06,06:11:34,maceta2,93,93,82,82,82,0.0,0.0,7.9,54.5,0,0,0,
2026-07-06,06:41:37,maceta1,128,128,,,,0.0,0.0,,,0,0,0,"Recolectando muestras del sensor. Esperando 3 lecturas... | Lectura invalida de DHT | Lectura invalida de DHT, se omite logica de ventilacion"
2026-07-06,06:41:37,maceta2,92,93,82,82,82,0.0,0.0,7.8,54.5,0,0,0,
2026-07-06,07:11:40,maceta1,128,128,,,,0.0,0.0,,,0,0,0,"Recolectando muestras del sensor. Esperando 3 lecturas... | Lectura invalida de DHT | Lectura invalida de DHT, se omite logica de ventilacion"
2026-07-06,07:11:40,maceta2,91,92,83,82,82,0.0,0.0,7.6,54.4,0,0,0,
2026-07-06,07:41:42,maceta1,128,128,,,,0.0,0.0,,,0,0,0,"Recolectando muestras del sensor. Esperando 3 lecturas... | Lectura invalida de DHT | Lectura invalida de DHT, se omite logica de ventilacion"
2026-07-06,07:41:42,maceta2,92,92,83,82,82,0.0,0.0,7.6,54.7,0,0,0,
2026-07-06,08:11:45,maceta1,128,128,,,,0.0,0.0,,,0,0,0,"Recolectando muestras del sensor. Esperando 3 lecturas... | Lectura invalida de DHT | Lectura invalida de DHT, se omite logica de ventilacion"
2026-07-06,08:11:45,maceta2,92,93,83,82,82,0.0,0.0,7.5,54.6,0,0,0,
2026-07-06,08:41:48,maceta1,128,128,,,,1.6666666666666667,0.0001,,,0,0,0,"Recolectando muestras del sensor. Esperando 3 lecturas... | Lectura invalida de DHT | Lectura invalida de DHT, se omite logica de ventilacion"
2026-07-06,08:41:48,maceta2,93,93,82,82,82,1.25,0.0,7.5,54.5,0,0,0,
2026-07-06,09:11:53,maceta1,128,128,,,,13.333333333333334,0.0005,,,0,0,0,"Recolectando muestras del sensor. Esperando 3 lecturas... | Lectura invalida de DHT | Lectura invalida de DHT, se omite logica de ventilacion"
2026-07-06,09:11:53,maceta2,92,94,82,82,82,9.166666666666668,0.0003,7.4,54.7,0,0,0,
2026-07-06,09:41:56,maceta1,128,128,,,,20.833333333333336,0.0012,,,0,0,0,"Recolectando muestras del sensor. Esperando 3 lecturas... | Lectura invalida de DHT | Lectura invalida de DHT, se omite logica de ventilacion"
2026-07-06,09:41:56,maceta2,92,93,82,82,82,14.583333333333334,0.0008,7.4,54.9,0,0,0,
2026-07-06,10:11:58,maceta1,128,128,,,,30.0,0.0022,,,0,0,0,"Recolectando muestras del sensor. Esperando 3 lecturas... | Lectura invalida de DHT | Lectura invalida de DHT, se omite logica de ventilacion"
2026-07-06,10:11:58,maceta2,92,93,83,82,82,20.0,0.0015,7.5,55.4,0,0,0,
2026-07-06,10:42:01,maceta1,128,128,,,,38.75,0.0035,,,0,0,0,"Recolectando muestras del sensor. Esperando 3 lecturas... | Lectura invalida de DHT | Lectura invalida de DHT, se omite logica de ventilacion"
2026-07-06,10:42:01,maceta2,92,93,83,82,82,25.416666666666668,0.0023,7.7,57.2,0,0,0,
2026-07-06,11:12:04,maceta1,128,128,,,,46.66666666666667,0.005,,,0,0,0,"Recolectando muestras del sensor. Esperando 3 lecturas... | Lectura invalida de DHT | Lectura invalida de DHT, se omite logica de ventilacion"
2026-07-06,11:12:04,maceta2,91,93,83,82,82,30.416666666666668,0.0034,7.8,59.8,0,0,0,
2026-07-06,11:42:07,maceta1,128,128,,,,53.75,0.0068,,,0,0,0,"Recolectando muestras del sensor. Esperando 3 lecturas... | Lectura invalida de DHT | Lectura invalida de DHT, se omite logica de ventilacion"
2026-07-06,11:42:07,maceta2,92,93,83,82,82,35.0,0.0045,8.0,58.9,0,0,0,
2026-07-06,12:12:09,maceta1,128,128,,,,59.583333333333336,0.0088,,,0,0,0,"Recolectando muestras del sensor. Esperando 3 lecturas... | Lectura invalida de DHT | Lectura invalida de DHT, se omite logica de ventilacion"
2026-07-06,12:12:09,maceta2,92,93,83,82,82,39.16666666666667,0.0058,8.1,61.1,0,0,0,
2026-07-06,12:42:12,maceta1,128,128,,,,63.75,0.011,,,0,0,0,"Recolectando muestras del sensor. Esperando 3 lecturas... | Lectura invalida de DHT | Lectura invalida de DHT, se omite logica de ventilacion"
2026-07-06,12:42:12,maceta2,91,93,83,82,82,41.66666666666667,0.0072,8.2,61.2,0,0,0,
2026-07-06,13:12:15,maceta1,128,128,,,,65.41666666666667,0.0131,,,0,0,0,"Recolectando muestras del sensor. Esperando 3 lecturas... | Lectura invalida de DHT | Lectura invalida de DHT, se omite logica de ventilacion"
2026-07-06,13:12:15,maceta2,92,94,83,82,82,42.91666666666667,0.0087,8.4,62.8,0,0,0,
2026-07-06,13:42:18,maceta1,128,128,,,,65.41666666666667,0.0153,,,0,0,0,"Recolectando muestras del sensor. Esperando 3 lecturas... | Lectura invalida de DHT | Lectura invalida de DHT, se omite logica de ventilacion"
2026-07-06,13:42:18,maceta2,92,94,83,82,82,42.91666666666667,0.0101,8.5,64.1,0,0,0,
2026-07-06,14:12:20,maceta1,128,128,,,,60.0,0.0173,,,0,0,0,"Recolectando muestras del sensor. Esperando 3 lecturas... | Lectura invalida de DHT | Lectura invalida de DHT, se omite logica de ventilacion"
2026-07-06,14:12:20,maceta2,93,95,82,81,81,39.583333333333336,0.0114,8.6,63.5,0,0,0,
2026-07-06,14:42:23,maceta1,128,128,,,,40.41666666666667,0.0187,,,0,0,0,"Recolectando muestras del sensor. Esperando 3 lecturas... | Lectura invalida de DHT | Lectura invalida de DHT, se omite logica de ventilacion"
2026-07-06,14:42:23,maceta2,93,93,82,82,82,31.25,0.0125,8.8,63.1,0,0,0,
2026-07-06,15:12:26,maceta1,128,128,,,,14.166666666666668,0.0191,,,1,0,0,"Recolectando muestras del sensor. Esperando 3 lecturas... | Lectura invalida de DHT | Lectura invalida de DHT, se omite logica de ventilacion"
2026-07-06,15:12:26,maceta2,91,93,82,82,82,11.25,0.0128,8.8,62.0,0,0,0,
2026-07-06,15:42:29,maceta1,128,128,,,,169.58333333333334,1.0642,,,1,0,0,"Recolectando muestras del sensor. Esperando 3 lecturas... | Lectura invalida de DHT | Lectura invalida de DHT, se omite logica de ventilacion"
2026-07-06,15:42:29,maceta2,92,94,83,82,82,12.083333333333334,0.0132,8.8,61.4,1,0,0,
2026-07-06,16:12:31,maceta1,128,128,,,,180.83333333333334,2.1096,,,1,0,0,"Recolectando muestras del sensor. Esperando 3 lecturas... | Lectura invalida de DHT | Lectura invalida de DHT, se omite logica de ventilacion"
2026-07-06,16:12:31,maceta2,91,93,83,82,82,1600.4166666666667,1.106,8.9,61.1,1,0,0,
2026-07-06,16:42:34,maceta1,128,128,,,,165.0,3.1544,,,1,0,0,"Recolectando muestras del sensor. Esperando 3 lecturas... | Lectura invalida de DHT | Lectura invalida de DHT, se omite logica de ventilacion"
2026-07-06,16:42:34,maceta2,93,93,83,82,82,1598.75,2.1987,11.5,58.0,1,0,0,
2026-07-06,17:12:37,maceta1,128,128,,,,171.66666666666669,4.1995,,,1,0,0,"Recolectando muestras del sensor. Esperando 3 lecturas... | Lectura invalida de DHT | Lectura invalida de DHT, se omite logica de ventilacion"
2026-07-06,17:12:37,maceta2,92,94,83,82,82,1615.4166666666667,3.2919,11.9,58.5,1,0,0,
2026-07-06,17:42:40,maceta1,128,128,,,,160.0,5.2446,,,1,0,0,"Recolectando muestras del sensor. Esperando 3 lecturas... | Lectura invalida de DHT | Lectura invalida de DHT, se omite logica de ventilacion"
2026-07-06,17:42:40,maceta2,92,94,82,82,82,1613.75,4.3855,12.1,59.5,1,0,0,
2026-07-06,18:12:43,maceta1,128,128,,,,162.91666666666669,6.2894,,,1,0,0,"Recolectando muestras del sensor. Esperando 3 lecturas... | Lectura invalida de DHT | Lectura invalida de DHT, se omite logica de ventilacion"
2026-07-06,18:12:43,maceta2,93,94,82,82,82,1612.9166666666667,5.4786,12.1,58.8,1,0,0,
2026-07-06,18:42:46,maceta1,128,128,,,,157.08333333333334,7.334,,,1,0,0,"Recolectando muestras del sensor. Esperando 3 lecturas... | Lectura invalida de DHT | Lectura invalida de DHT, se omite logica de ventilacion"
2026-07-06,18:42:46,maceta2,92,94,82,82,82,1632.5,6.5724,12.2,60.4,1,0,0,
2026-07-06,19:12:48,maceta1,128,128,,,,162.5,8.3788,,,1,0,0,"Recolectando muestras del sensor. Esperando 3 lecturas... | Lectura invalida de DHT | Lectura invalida de DHT, se omite logica de ventilacion"
2026-07-06,19:12:48,maceta2,92,94,82,82,82,1555.4166666666667,7.6637,12.3,59.8,1,0,0,
2026-07-06,19:42:51,maceta1,128,128,,,,156.66666666666669,9.4234,,,1,0,0,"Recolectando muestras del sensor. Esperando 3 lecturas... | Lectura invalida de DHT | Lectura invalida de DHT, se omite logica de ventilacion"
2026-07-06,19:42:51,maceta2,92,94,83,82,82,1557.0833333333335,8.755,12.3,57.7,1,0,0,
2026-07-06,20:12:54,maceta1,128,128,,,,162.5,10.4682,,,1,0,0,"Recolectando muestras del sensor. Esperando 3 lecturas... | Lectura invalida de DHT | Lectura invalida de DHT, se omite logica de ventilacion"
2026-07-06,20:12:54,maceta2,92,93,83,82,82,1584.5833333333335,9.8472,12.4,56.4,1,0,0,
2026-07-06,20:42:57,maceta1,128,128,,,,164.58333333333334,11.513,,,1,0,0,"Recolectando muestras del sensor. Esperando 3 lecturas... | Lectura invalida de DHT | Lectura invalida de DHT, se omite logica de ventilacion"
2026-07-06,20:42:57,maceta2,92,93,83,82,82,1565.4166666666667,10.9388,12.5,57.1,1,0,0,
2026-07-06,21:12:59,maceta1,128,128,,,,160.0,12.5578,,,1,0,0,"Recolectando muestras del sensor. Esperando 3 lecturas... | Lectura invalida de DHT | Lectura invalida de DHT, se omite logica de ventilacion"
2026-07-06,21:12:59,maceta2,92,94,83,82,82,1541.25,12.0296,12.5,53.3,1,0,0,
2026-07-06,21:43:02,maceta1,128,128,,,,163.33333333333334,13.6026,,,1,0,0,"Recolectando muestras del sensor. Esperando 3 lecturas... | Lectura invalida de DHT | Lectura invalida de DHT, se omite logica de ventilacion"
2026-07-06,21:43:02,maceta2,94,94,82,82,82,1572.9166666666667,13.1214,12.5,50.7,1,0,0,
2026-07-06,22:13:06,maceta1,128,128,,,,155.41666666666669,14.6478,,,0,0,0,"Recolectando muestras del sensor. Esperando 3 lecturas... | Lectura invalida de DHT | Lectura invalida de DHT, se omite logica de ventilacion"
2026-07-06,22:13:06,maceta2,92,94,82,82,82,1544.5833333333335,14.213,12.4,50.3,0,0,0,
2026-07-06,22:43:09,maceta1,128,128,,,,0.0,14.6478,,,0,0,0,"Recolectando muestras del sensor. Esperando 3 lecturas... | Lectura invalida de DHT | Lectura invalida de DHT, se omite logica de ventilacion"
2026-07-06,22:43:09,maceta2,93,93,82,82,82,0.0,14.213,12.0,49.0,0,0,0,
2026-07-06,23:13:11,maceta1,128,128,,,,0.0,14.6478,,,0,0,0,"Recolectando muestras del sensor. Esperando 3 lecturas... | Lectura invalida de DHT | Lectura invalida de DHT, se omite logica de ventilacion"
2026-07-06,23:13:11,maceta2,93,95,82,82,82,0.0,14.213,10.2,57.6,0,0,0,
2026-07-06,23:43:14,maceta1,128,128,,,,0.0,14.6478,,,0,0,0,"Recolectando muestras del sensor. Esperando 3 lecturas... | Lectura invalida de DHT | Lectura invalida de DHT, se omite logica de ventilacion"
2026-07-06,23:43:14,maceta2,92,93,82,82,82,0.0,14.213,9.7,56.2,0,0,0,
2026-07-07,00:13:17,maceta1,128,128,,,,0.0,0.0,,,0,0,0,"Recolectando muestras del sensor. Esperando 3 lecturas... | Lectura invalida de DHT | Lectura invalida de DHT, se omite logica de ventilacion"
2026-07-07,00:13:17,maceta2,93,94,82,82,82,0.0,0.0,9.6,56.2,0,0,0,
2026-07-07,00:43:20,maceta1,128,128,,,,0.0,0.0,,,0,0,0,"Recolectando muestras del sensor. Esperando 3 lecturas... | Lectura invalida de DHT | Lectura invalida de DHT, se omite logica de ventilacion"
2026-07-07,00:43:20,maceta2,92,93,82,82,82,0.0,0.0,9.4,54.8,0,0,0,
2026-07-07,01:13:22,maceta1,128,128,,,,0.0,0.0,,,0,0,0,"Recolectando muestras del sensor. Esperando 3 lecturas... | Lectura invalida de DHT | Lectura invalida de DHT, se omite logica de ventilacion"
2026-07-07,01:13:22,maceta2,92,93,82,82,82,0.0,0.0,9.3,54.1,0,0,0,
2026-07-07,01:43:25,maceta1,128,128,,,,0.0,0.0,,,0,0,0,"Recolectando muestras del sensor. Esperando 3 lecturas... | Lectura invalida de DHT | Lectura invalida de DHT, se omite logica de ventilacion"
2026-07-07,01:43:25,maceta2,92,93,83,82,82,0.0,0.0,9.2,53.4,0,0,0,
2026-07-07,02:13:28,maceta1,128,128,,,,0.0,0.0,,,0,0,0,"Recolectando muestras del sensor. Esperando 3 lecturas... | Lectura invalida de DHT | Lectura invalida de DHT, se omite logica de ventilacion"
2026-07-07,02:13:28,maceta2,93,94,82,82,82,0.0,0.0,9.1,53.3,0,0,0,
2026-07-07,02:43:31,maceta1,128,128,,,,0.0,0.0,,,0,0,0,"Recolectando muestras del sensor. Esperando 3 lecturas... | Lectura invalida de DHT | Lectura invalida de DHT, se omite logica de ventilacion"
2026-07-07,02:43:31,maceta2,92,93,82,82,82,0.0,0.0,9.0,53.1,0,0,0,
2026-07-07,03:13:33,maceta1,128,128,,,,0.0,0.0,,,0,0,0,"Recolectando muestras del sensor. Esperando 3 lecturas... | Lectura invalida de DHT | Lectura invalida de DHT, se omite logica de ventilacion"
2026-07-07,03:13:33,maceta2,92,94,82,82,82,0.0,0.0,8.9,52.8,0,0,0,
2026-07-07,03:43:36,maceta1,128,128,,,,0.0,0.0,,,0,0,0,"Recolectando muestras del sensor. Esperando 3 lecturas... | Lectura invalida de DHT | Lectura invalida de DHT, se omite logica de ventilacion"
2026-07-07,03:43:36,maceta2,93,93,82,82,82,0.0,0.0,8.8,52.7,0,0,0,
2026-07-07,04:13:39,maceta1,128,128,,,,0.0,0.0,,,0,0,0,"Recolectando muestras del sensor. Esperando 3 lecturas... | Lectura invalida de DHT | Lectura invalida de DHT, se omite logica de ventilacion"
2026-07-07,04:13:39,maceta2,92,93,82,82,82,0.0,0.0,8.7,52.9,0,0,0,
2026-07-07,04:43:41,maceta1,128,128,,,,0.0,0.0,,,0,0,0,"Recolectando muestras del sensor. Esperando 3 lecturas... | Lectura invalida de DHT | Lectura invalida de DHT, se omite logica de ventilacion"
2026-07-07,04:43:41,maceta2,91,92,83,82,82,0.0,0.0,8.6,52.8,0,0,0,
2026-07-07,05:13:44,maceta1,128,128,,,,0.0,0.0,,,0,0,0,"Recolectando muestras del sensor. Esperando 3 lecturas... | Lectura invalida de DHT | Lectura invalida de DHT, se omite logica de ventilacion"
2026-07-07,05:13:44,maceta2,91,93,83,82,82,0.0,0.0,8.5,53.4,0,0,0,
2026-07-07,05:43:47,maceta1,128,128,,,,0.0,0.0,,,0,0,0,"Recolectando muestras del sensor. Esperando 3 lecturas... | Lectura invalida de DHT | Lectura invalida de DHT, se omite logica de ventilacion"
2026-07-07,05:43:47,maceta2,93,94,83,82,82,0.0,0.0,8.5,53.2,0,0,0,
2026-07-07,06:13:50,maceta1,128,128,,,,0.0,0.0,,,0,0,0,"Recolectando muestras del sensor. Esperando 3 lecturas... | Lectura invalida de DHT | Lectura invalida de DHT, se omite logica de ventilacion"
2026-07-07,06:13:50,maceta2,92,93,83,82,82,0.0,0.0,8.4,52.6,0,0,0,
2026-07-07,06:43:52,maceta1,111,128,,,,0.0,0.0,,,0,0,0,"Recolectando muestras del sensor. Esperando 3 lecturas... | Lectura invalida de DHT | Lectura invalida de DHT, se omite logica de ventilacion"
2026-07-07,06:43:52,maceta2,92,94,82,82,82,0.0,0.0,8.4,52.6,0,0,0,
2026-07-07,07:13:55,maceta1,128,128,,,,0.0,0.0,,,0,0,0,"Recolectando muestras del sensor. Esperando 3 lecturas... | Lectura invalida de DHT | Lectura invalida de DHT, se omite logica de ventilacion"
2026-07-07,07:13:55,maceta2,93,94,82,82,82,0.0,0.0,8.4,52.6,0,0,0,
2026-07-07,07:43:58,maceta1,128,128,,,,0.0,0.0,,,0,0,0,"Recolectando muestras del sensor. Esperando 3 lecturas... | Lectura invalida de DHT | Lectura invalida de DHT, se omite logica de ventilacion"
2026-07-07,07:43:58,maceta2,92,93,82,82,82,0.0,0.0,8.3,52.9,0,0,0,
2026-07-07,08:14:01,maceta1,128,128,,,,0.0,0.0,,,0,0,0,"Recolectando muestras del sensor. Esperando 3 lecturas... | Lectura invalida de DHT | Lectura invalida de DHT, se omite logica de ventilacion"
2026-07-07,08:14:01,maceta2,92,94,82,82,82,0.0,0.0,8.3,53.1,0,0,0,
2026-07-07,08:44:03,maceta1,128,128,,,,3.3333333333333335,0.0001,,,0,0,0,"Recolectando muestras del sensor. Esperando 3 lecturas... | Lectura invalida de DHT | Lectura invalida de DHT, se omite logica de ventilacion"
2026-07-07,08:44:03,maceta2,92,93,83,82,82,2.0833333333333335,0.0001,8.3,52.7,0,0,0,
2026-07-07,09:14:06,maceta1,128,128,,,,3.75,0.0002,,,0,0,0,"Recolectando muestras del sensor. Esperando 3 lecturas... | Lectura invalida de DHT | Lectura invalida de DHT, se omite logica de ventilacion"
2026-07-07,09:14:06,maceta2,93,94,82,82,82,2.5,0.0002,8.2,53.2,0,0,0,
2026-07-07,09:44:09,maceta1,128,128,,,,23.75,0.001,,,0,0,0,"Recolectando muestras del sensor. Esperando 3 lecturas... | Lectura invalida de DHT | Lectura invalida de DHT, se omite logica de ventilacion"
2026-07-07,09:44:09,maceta2,92,94,82,82,82,16.25,0.0007,,,0,0,0,"Lectura invalida de DHT | Lectura invalida de DHT, se omite logica de ventilacion"
2026-07-07,10:14:12,maceta1,128,128,,,,34.583333333333336,0.0022,,,0,0,0,"Recolectando muestras del sensor. Esperando 3 lecturas... | Lectura invalida de DHT | Lectura invalida de DHT, se omite logica de ventilacion"
2026-07-07,10:14:12,maceta2,93,93,82,82,82,22.5,0.0014,8.3,55.0,0,0,0,
2026-07-07,10:44:14,maceta1,128,128,,,,28.333333333333336,0.0031,,,0,0,0,"Recolectando muestras del sensor. Esperando 3 lecturas... | Lectura invalida de DHT | Lectura invalida de DHT, se omite logica de ventilacion"
2026-07-07,10:44:14,maceta2,93,94,82,82,82,18.333333333333336,0.0021,8.3,58.4,0,0,0,
2026-07-07,11:14:17,maceta1,128,128,,,,27.083333333333336,0.004,,,0,0,0,"Recolectando muestras del sensor. Esperando 3 lecturas... | Lectura invalida de DHT | Lectura invalida de DHT, se omite logica de ventilacion"
2026-07-07,11:14:17,maceta2,93,93,82,82,82,17.916666666666668,0.0027,8.4,55.6,0,0,0,
2026-07-07,11:44:20,maceta1,128,128,,,,54.583333333333336,0.0059,,,0,0,0,"Recolectando muestras del sensor. Esperando 3 lecturas... | Lectura invalida de DHT | Lectura invalida de DHT, se omite logica de ventilacion"
2026-07-07,11:44:20,maceta2,92,95,82,82,82,35.833333333333336,0.0038,8.5,56.8,0,0,0,
2026-07-07,12:14:22,maceta1,128,128,,,,60.0,0.0079,,,0,0,0,"Recolectando muestras del sensor. Esperando 3 lecturas... | Lectura invalida de DHT | Lectura invalida de DHT, se omite logica de ventilacion"
2026-07-07,12:14:22,maceta2,93,94,82,82,82,39.16666666666667,0.0052,8.6,58.6,0,0,0,
2026-07-07,12:44:25,maceta1,128,128,,,,63.75,0.01,,,0,0,0,"Recolectando muestras del sensor. Esperando 3 lecturas... | Lectura invalida de DHT | Lectura invalida de DHT, se omite logica de ventilacion"
2026-07-07,12:44:25,maceta2,92,93,82,82,82,41.66666666666667,0.0065,8.7,58.4,0,0,0,
2026-07-07,13:14:28,maceta1,128,128,,,,69.16666666666667,0.0123,,,0,0,0,"Recolectando muestras del sensor. Esperando 3 lecturas... | Lectura invalida de DHT | Lectura invalida de DHT, se omite logica de ventilacion"
2026-07-07,13:14:28,maceta2,92,94,82,82,82,45.0,0.008,8.8,59.9,0,0,0,
2026-07-07,13:44:41,maceta1,128,128,,,,65.83333333333334,0.0145,,,0,0,0,"Recolectando muestras del sensor. Esperando 3 lecturas... | Lectura invalida de DHT | Lectura invalida de DHT, se omite logica de ventilacion"
2026-07-07,13:44:41,maceta2,92,94,83,82,82,43.333333333333336,0.0095,9.0,60.7,0,0,0,
2026-07-07,14:14:43,maceta1,128,128,,,,61.66666666666667,0.0165,,,0,0,0,"Recolectando muestras del sensor. Esperando 3 lecturas... | Lectura invalida de DHT | Lectura invalida de DHT, se omite logica de ventilacion"
2026-07-07,14:14:43,maceta2,92,94,83,82,82,40.41666666666667,0.0108,9.1,62.2,0,0,0,
2026-07-07,14:44:46,maceta1,128,128,,,,36.25,0.0178,,,0,0,0,"Recolectando muestras del sensor. Esperando 3 lecturas... | Lectura invalida de DHT | Lectura invalida de DHT, se omite logica de ventilacion"
2026-07-07,14:44:46,maceta2,93,95,82,81,81,26.25,0.0117,9.2,61.2,0,0,0,
2026-07-07,15:14:50,maceta1,128,128,,,,15.416666666666668,0.0183,,,1,0,0,"Recolectando muestras del sensor. Esperando 3 lecturas... | Lectura invalida de DHT | Lectura invalida de DHT, se omite logica de ventilacion"
2026-07-07,15:14:50,maceta2,92,94,82,81,81,10.833333333333334,0.0121,9.2,61.2,0,0,0,
2026-07-07,15:44:53,maceta1,128,128,,,,166.25,1.0632,,,1,0,0,"Recolectando muestras del sensor. Esperando 3 lecturas... | Lectura invalida de DHT | Lectura invalida de DHT, se omite logica de ventilacion"
2026-07-07,15:44:53,maceta2,93,94,82,81,81,11.666666666666668,0.0125,9.4,62.0,1,0,0,
2026-07-07,16:14:55,maceta1,128,128,,,,182.5,2.1086,,,1,0,0,"Recolectando muestras del sensor. Esperando 3 lecturas... | Lectura invalida de DHT | Lectura invalida de DHT, se omite logica de ventilacion"
2026-07-07,16:14:55,maceta2,92,93,82,82,82,1586.25,1.1047,9.4,62.3,1,0,0,
2026-07-07,16:44:58,maceta1,128,128,,,,168.75,3.1536,,,1,0,0,"Recolectando muestras del sensor. Esperando 3 lecturas... | Lectura invalida de DHT | Lectura invalida de DHT, se omite logica de ventilacion"
2026-07-07,16:44:58,maceta2,92,93,82,82,82,1600.0,2.1975,12.0,60.9,1,0,0,
2026-07-07,17:15:01,maceta1,128,128,,,,163.33333333333334,4.1984,,,1,0,0,"Recolectando muestras del sensor. Esperando 3 lecturas... | Lectura invalida de DHT | Lectura invalida de DHT, se omite logica de ventilacion"
2026-07-07,17:15:01,maceta2,93,94,82,82,82,1602.0833333333335,3.2903,12.5,63.0,1,0,0,
2026-07-07,17:45:03,maceta1,128,128,,,,162.5,5.2432,,,1,0,0,"Recolectando muestras del sensor. Esperando 3 lecturas... | Lectura invalida de DHT | Lectura invalida de DHT, se omite logica de ventilacion"
2026-07-07,17:45:03,maceta2,94,93,82,82,82,1626.6666666666667,4.3839,12.6,61.0,1,0,0,
2026-07-07,18:15:06,maceta1,128,128,,,,164.16666666666669,6.2881,,,1,0,0,"Recolectando muestras del sensor. Esperando 3 lecturas... | Lectura invalida de DHT | Lectura invalida de DHT, se omite logica de ventilacion"
2026-07-07,18:15:06,maceta2,92,93,82,82,82,1557.0833333333335,5.4752,12.7,58.8,1,0,0,
2026-07-07,18:45:10,maceta1,128,128,,,,160.41666666666669,7.3332,,,1,0,0,"Recolectando muestras del sensor. Esperando 3 lecturas... | Lectura invalida de DHT | Lectura invalida de DHT, se omite logica de ventilacion"
2026-07-07,18:45:10,maceta2,92,95,82,82,82,1619.5833333333335,6.569,12.8,61.0,1,0,0,
2026-07-07,19:15:12,maceta1,128,128,,,,156.25,8.3777,,,1,0,0,"Recolectando muestras del sensor. Esperando 3 lecturas... | Lectura invalida de DHT | Lectura invalida de DHT, se omite logica de ventilacion"
2026-07-07,19:15:12,maceta2,94,95,82,81,81,1559.5833333333335,7.6603,12.9,61.1,1,0,0,
2026-07-07,19:45:16,maceta1,128,128,,,,153.75,9.4226,,,1,0,0,"Recolectando muestras del sensor. Esperando 3 lecturas... | Lectura invalida de DHT | Lectura invalida de DHT, se omite logica de ventilacion"
2026-07-07,19:45:16,maceta2,94,95,82,81,81,1607.5,8.7537,13.0,61.0,1,0,0,
2026-07-07,20:15:18,maceta1,128,128,,,,154.58333333333334,10.4671,,,1,0,0,"Recolectando muestras del sensor. Esperando 3 lecturas... | Lectura invalida de DHT | Lectura invalida de DHT, se omite logica de ventilacion"
2026-07-07,20:15:18,maceta2,93,94,82,81,81,1591.6666666666667,9.8461,13.0,60.4,1,0,0,
2026-07-07,20:45:21,maceta1,128,128,,,,161.66666666666669,11.5119,,,1,0,0,"Recolectando muestras del sensor. Esperando 3 lecturas... | Lectura invalida de DHT | Lectura invalida de DHT, se omite logica de ventilacion"
2026-07-07,20:45:21,maceta2,94,94,82,81,81,1564.5833333333335,10.9377,13.1,61.1,1,0,0,
2026-07-07,21:15:24,maceta1,128,128,,,,160.0,12.5566,,,1,0,0,"Recolectando muestras del sensor. Esperando 3 lecturas... | Lectura invalida de DHT | Lectura invalida de DHT, se omite logica de ventilacion"
2026-07-07,21:15:24,maceta2,93,94,82,82,82,1585.4166666666667,12.0299,13.1,59.5,1,0,0,
2026-07-07,21:45:27,maceta1,128,128,,,,156.66666666666669,13.6013,,,1,0,0,"Recolectando muestras del sensor. Esperando 3 lecturas... | Lectura invalida de DHT | Lectura invalida de DHT, se omite logica de ventilacion"
2026-07-07,21:45:27,maceta2,94,94,82,82,82,1570.8333333333335,13.1218,13.2,60.5,1,0,0,
2026-07-07,22:15:30,maceta1,128,128,,,,153.75,14.6458,,,0,0,0,"Recolectando muestras del sensor. Esperando 3 lecturas... | Lectura invalida de DHT | Lectura invalida de DHT, se omite logica de ventilacion"
2026-07-07,22:15:30,maceta2,94,95,82,81,81,1582.0833333333335,14.2139,13.2,59.7,0,0,0,
2026-07-07,22:45:32,maceta1,128,128,,,,0.0,14.6458,,,0,0,0,"Recolectando muestras del sensor. Esperando 3 lecturas... | Lectura invalida de DHT | Lectura invalida de DHT, se omite logica de ventilacion"
2026-07-07,22:45:32,maceta2,94,96,82,81,81,0.0,14.2139,13.2,55.2,0,0,0,
2026-07-07,23:15:35,maceta1,128,128,,,,0.0,14.6458,,,0,0,0,"Recolectando muestras del sensor. Esperando 3 lecturas... | Lectura invalida de DHT | Lectura invalida de DHT, se omite logica de ventilacion"
2026-07-07,23:15:35,maceta2,93,95,82,81,81,0.0,14.2139,11.1,62.2,0,0,0,
2026-07-07,23:45:38,maceta1,128,128,,,,0.0,14.6458,,,0,0,0,"Recolectando muestras del sensor. Esperando 3 lecturas... | Lectura invalida de DHT | Lectura invalida de DHT, se omite logica de ventilacion"
2026-07-07,23:45:38,maceta2,94,94,82,81,81,0.0,14.2139,10.5,62.3,0,0,0,
2026-07-08,00:15:40,maceta1,128,128,,,,0.0,0.0,,,0,0,0,"Recolectando muestras del sensor. Esperando 3 lecturas... | Lectura invalida de DHT | Lectura invalida de DHT, se omite logica de ventilacion"
2026-07-08,00:15:40,maceta2,93,94,82,81,81,0.0,0.0,10.3,62.7,0,0,0,
2026-07-08,00:45:43,maceta1,128,128,,,,0.0,0.0,,,0,0,0,"Recolectando muestras del sensor. Esperando 3 lecturas... | Lectura invalida de DHT | Lectura invalida de DHT, se omite logica de ventilacion"
2026-07-08,00:45:43,maceta2,93,94,82,82,82,0.0,0.0,10.3,60.4,0,0,0,
2026-07-08,01:15:46,maceta1,128,128,,,,0.0,0.0,,,0,0,0,"Recolectando muestras del sensor. Esperando 3 lecturas... | Lectura invalida de DHT | Lectura invalida de DHT, se omite logica de ventilacion"
2026-07-08,01:15:46,maceta2,93,93,82,82,82,0.0,0.0,10.2,60.2,0,0,0,
2026-07-08,01:45:49,maceta1,128,128,,,,0.0,0.0,,,0,0,0,"Recolectando muestras del sensor. Esperando 3 lecturas... | Lectura invalida de DHT | Lectura invalida de DHT, se omite logica de ventilacion"
2026-07-08,01:45:49,maceta2,92,94,82,82,82,0.0,0.0,10.2,59.6,0,0,0,
2026-07-08,02:15:51,maceta1,128,128,,,,0.0,0.0,,,0,0,0,"Recolectando muestras del sensor. Esperando 3 lecturas... | Lectura invalida de DHT | Lectura invalida de DHT, se omite logica de ventilacion"
2026-07-08,02:15:51,maceta2,94,94,82,82,82,0.0,0.0,10.2,55.7,0,0,0,
2026-07-08,02:45:54,maceta1,128,128,,,,0.0,0.0,,,0,0,0,"Recolectando muestras del sensor. Esperando 3 lecturas... | Lectura invalida de DHT | Lectura invalida de DHT, se omite logica de ventilacion"
2026-07-08,02:45:54,maceta2,93,94,82,82,82,0.0,0.0,10.2,57.4,0,0,0,
2026-07-08,03:15:57,maceta1,128,128,,,,0.0,0.0,,,0,0,0,"Recolectando muestras del sensor. Esperando 3 lecturas... | Lectura invalida de DHT | Lectura invalida de DHT, se omite logica de ventilacion"
2026-07-08,03:15:57,maceta2,92,94,82,82,82,0.0,0.0,10.2,56.7,0,0,0,
2026-07-08,03:46:00,maceta1,128,128,,,,0.0,0.0,,,0,0,0,"Recolectando muestras del sensor. Esperando 3 lecturas... | Lectura invalida de DHT | Lectura invalida de DHT, se omite logica de ventilacion"
2026-07-08,03:46:00,maceta2,93,95,82,81,81,0.0,0.0,10.1,57.7,0,0,0,
2026-07-08,04:16:02,maceta1,128,128,,,,0.0,0.0,,,0,0,0,"Recolectando muestras del sensor. Esperando 3 lecturas... | Lectura invalida de DHT | Lectura invalida de DHT, se omite logica de ventilacion"
2026-07-08,04:16:02,maceta2,92,93,82,82,82,0.0,0.0,10.1,56.7,0,0,0,
2026-07-08,04:46:05,maceta1,128,128,,,,0.0,0.0,,,0,0,0,"Recolectando muestras del sensor. Esperando 3 lecturas... | Lectura invalida de DHT | Lectura invalida de DHT, se omite logica de ventilacion"
2026-07-08,04:46:05,maceta2,93,95,82,81,81,0.0,0.0,10.1,56.2,0,0,0,
2026-07-08,05:16:08,maceta1,128,128,,,,0.0,0.0,,,0,0,0,"Recolectando muestras del sensor. Esperando 3 lecturas... | Lectura invalida de DHT | Lectura invalida de DHT, se omite logica de ventilacion"
2026-07-08,05:16:08,maceta2,92,93,82,82,82,0.0,0.0,10.0,56.2,0,0,0,
2026-07-08,05:46:11,maceta1,128,128,,,,0.0,0.0,,,0,0,0,"Recolectando muestras del sensor. Esperando 3 lecturas... | Lectura invalida de DHT | Lectura invalida de DHT, se omite logica de ventilacion"
2026-07-08,05:46:11,maceta2,93,94,82,82,82,0.0,0.0,10.0,56.2,0,0,0,
2026-07-08,06:16:13,maceta1,128,128,,,,0.0,0.0,,,0,0,0,"Recolectando muestras del sensor. Esperando 3 lecturas... | Lectura invalida de DHT | Lectura invalida de DHT, se omite logica de ventilacion"
2026-07-08,06:16:13,maceta2,93,94,82,82,82,0.0,0.0,10.0,57.1,0,0,0,
2026-07-08,06:46:16,maceta1,128,128,,,,0.0,0.0,,,0,0,0,"Recolectando muestras del sensor. Esperando 3 lecturas... | Lectura invalida de DHT | Lectura invalida de DHT, se omite logica de ventilacion"
2026-07-08,06:46:16,maceta2,94,94,82,82,82,0.0,0.0,10.0,56.7,0,0,0,
2026-07-08,07:16:19,maceta1,128,128,,,,0.0,0.0,,,0,0,0,"Recolectando muestras del sensor. Esperando 3 lecturas... | Lectura invalida de DHT | Lectura invalida de DHT, se omite logica de ventilacion"
2026-07-08,07:16:19,maceta2,94,94,82,82,82,0.0,0.0,9.9,54.3,0,0,0,
2026-07-08,07:46:22,maceta1,128,128,,,,0.0,0.0,,,0,0,0,"Recolectando muestras del sensor. Esperando 3 lecturas... | Lectura invalida de DHT | Lectura invalida de DHT, se omite logica de ventilacion"
2026-07-08,07:46:22,maceta2,94,94,82,82,82,0.0,0.0,9.8,54.6,0,0,0,
2026-07-08,08:16:24,maceta1,128,128,,,,0.0,0.0,,,0,0,0,"Recolectando muestras del sensor. Esperando 3 lecturas... | Lectura invalida de DHT | Lectura invalida de DHT, se omite logica de ventilacion"
2026-07-08,08:16:24,maceta2,92,94,82,82,82,0.0,0.0,9.8,56.5,0,0,0,
2026-07-08,08:46:27,maceta1,128,128,,,,4.166666666666667,0.0001,,,0,0,0,"Recolectando muestras del sensor. Esperando 3 lecturas... | Lectura invalida de DHT | Lectura invalida de DHT, se omite logica de ventilacion"
2026-07-08,08:46:27,maceta2,92,94,82,82,82,2.916666666666667,0.0001,9.8,56.6,0,0,0,
2026-07-08,09:16:30,maceta1,128,128,,,,8.333333333333334,0.0004,,,0,0,0,"Recolectando muestras del sensor. Esperando 3 lecturas... | Lectura invalida de DHT | Lectura invalida de DHT, se omite logica de ventilacion"
2026-07-08,09:16:30,maceta2,93,94,82,82,82,5.416666666666667,0.0003,9.7,55.9,0,0,0,
2026-07-08,09:46:33,maceta1,128,128,,,,12.916666666666668,0.0008,,,0,0,0,"Recolectando muestras del sensor. Esperando 3 lecturas... | Lectura invalida de DHT | Lectura invalida de DHT, se omite logica de ventilacion"
2026-07-08,09:46:33,maceta2,92,94,82,82,82,8.75,0.0006,9.7,56.4,0,0,0,
2026-07-08,10:16:35,maceta1,128,128,,,,40.41666666666667,0.0022,,,0,0,0,"Recolectando muestras del sensor. Esperando 3 lecturas... | Lectura invalida de DHT | Lectura invalida de DHT, se omite logica de ventilacion"
2026-07-08,10:16:35,maceta2,92,95,82,81,81,26.666666666666668,0.0015,9.8,57.2,0,0,0,
2026-07-08,10:46:38,maceta1,128,128,,,,34.583333333333336,0.0033,,,0,0,0,"Recolectando muestras del sensor. Esperando 3 lecturas... | Lectura invalida de DHT | Lectura invalida de DHT, se omite logica de ventilacion"
2026-07-08,10:46:38,maceta2,93,94,82,81,81,22.5,0.0022,9.8,60.2,0,0,0,
2026-07-08,11:16:41,maceta1,128,128,,,,30.833333333333336,0.0044,,,0,0,0,"Recolectando muestras del sensor. Esperando 3 lecturas... | Lectura invalida de DHT | Lectura invalida de DHT, se omite logica de ventilacion"
2026-07-08,11:16:41,maceta2,93,94,82,81,81,20.0,0.0029,9.9,63.2,0,0,0,
2026-07-08,11:46:44,maceta1,128,128,,,,56.66666666666667,0.0063,,,0,0,0,"Recolectando muestras del sensor. Esperando 3 lecturas... | Lectura invalida de DHT | Lectura invalida de DHT, se omite logica de ventilacion"
2026-07-08,11:46:44,maceta2,93,94,82,82,82,37.083333333333336,0.0041,10.0,62.8,0,0,0,
2026-07-08,12:16:46,maceta1,128,128,,,,57.91666666666667,0.0082,,,0,0,0,"Recolectando muestras del sensor. Esperando 3 lecturas... | Lectura invalida de DHT | Lectura invalida de DHT, se omite logica de ventilacion"
2026-07-08,12:16:46,maceta2,92,94,82,82,82,37.91666666666667,0.0054,10.1,63.4,0,0,0,
2026-07-08,12:46:49,maceta1,128,128,,,,60.833333333333336,0.0102,,,0,0,0,"Recolectando muestras del sensor. Esperando 3 lecturas... | Lectura invalida de DHT | Lectura invalida de DHT, se omite logica de ventilacion"
2026-07-08,12:46:49,maceta2,93,95,82,81,81,39.583333333333336,0.0067,10.2,66.4,0,0,0,
2026-07-08,13:16:52,maceta1,128,128,,,,63.75,0.0124,,,0,0,0,"Recolectando muestras del sensor. Esperando 3 lecturas... | Lectura invalida de DHT | Lectura invalida de DHT, se omite logica de ventilacion"
2026-07-08,13:16:52,maceta2,93,94,82,81,81,41.66666666666667,0.0081,10.4,68.2,0,0,0,
2026-07-08,13:46:55,maceta1,128,128,,,,59.16666666666667,0.0143,,,0,0,0,"Recolectando muestras del sensor. Esperando 3 lecturas... | Lectura invalida de DHT | Lectura invalida de DHT, se omite logica de ventilacion"
2026-07-08,13:46:55,maceta2,94,95,82,81,81,38.75,0.0094,10.6,69.5,0,0,0,
2026-07-08,14:16:57,maceta1,128,128,,,,21.666666666666668,0.015,,,0,0,0,"Recolectando muestras del sensor. Esperando 3 lecturas... | Lectura invalida de DHT | Lectura invalida de DHT, se omite logica de ventilacion"
2026-07-08,14:16:57,maceta2,93,95,82,81,81,14.583333333333334,0.0099,10.7,70.3,0,0,0,
2026-07-08,14:47:00,maceta1,128,128,,,,45.41666666666667,0.0166,,,1,0,0,"Recolectando muestras del sensor. Esperando 3 lecturas... | Lectura invalida de DHT | Lectura invalida de DHT, se omite logica de ventilacion"
2026-07-08,14:47:00,maceta2,93,93,82,81,81,36.25,0.0111,10.8,70.7,0,0,0,
2026-07-08,15:17:03,maceta1,128,128,,,,170.83333333333334,1.0616,,,0,0,0,"Recolectando muestras del sensor. Esperando 3 lecturas... | Lectura invalida de DHT | Lectura invalida de DHT, se omite logica de ventilacion"
2026-07-08,15:17:03,maceta2,93,94,82,82,82,9.583333333333334,0.0114,10.9,70.0,1,0,0,
2026-07-08,15:47:06,maceta1,128,128,,,,25.833333333333336,1.0625,,,1,0,0,"Recolectando muestras del sensor. Esperando 3 lecturas... | Lectura invalida de DHT | Lectura invalida de DHT, se omite logica de ventilacion"
2026-07-08,15:47:06,maceta2,93,94,82,82,82,1629.5833333333335,1.1051,11.0,70.7,0,0,0,
2026-07-08,16:17:08,maceta1,128,128,,,,179.58333333333334,2.1078,,,1,0,0,"Recolectando muestras del sensor. Esperando 3 lecturas... | Lectura invalida de DHT | Lectura invalida de DHT, se omite logica de ventilacion"
2026-07-08,16:17:08,maceta2,93,95,82,81,81,17.5,1.1057,13.6,65.8,1,0,0,
2026-07-08,16:47:11,maceta1,128,128,,,,178.75,3.1532,,,1,0,0,"Recolectando muestras del sensor. Esperando 3 lecturas... | Lectura invalida de DHT | Lectura invalida de DHT, se omite logica de ventilacion"
2026-07-08,16:47:11,maceta2,93,95,82,81,81,1610.0,2.1988,11.9,69.9,1,0,0,
2026-07-08,17:17:14,maceta1,128,128,,,,165.41666666666669,4.198,,,1,0,0,"Recolectando muestras del sensor. Esperando 3 lecturas... | Lectura invalida de DHT | Lectura invalida de DHT, se omite logica de ventilacion"
2026-07-08,17:17:14,maceta2,93,94,82,81,81,1570.0,3.2905,14.1,67.3,1,0,0,
2026-07-08,17:47:17,maceta1,128,128,,,,167.08333333333334,5.243,,,1,0,0,"Recolectando muestras del sensor. Esperando 3 lecturas... | Lectura invalida de DHT | Lectura invalida de DHT, se omite logica de ventilacion"
2026-07-08,17:47:17,maceta2,94,96,82,81,81,1582.0833333333335,4.3826,14.5,65.5,1,0,0,
2026-07-08,18:17:19,maceta1,128,128,,,,160.0,6.2877,,,1,0,0,"Recolectando muestras del sensor. Esperando 3 lecturas... | Lectura invalida de DHT | Lectura invalida de DHT, se omite logica de ventilacion"
2026-07-08,18:17:19,maceta2,94,94,82,81,81,1607.5,5.4756,14.7,66.0,1,0,0,
2026-07-08,18:47:22,maceta1,128,128,,,,161.66666666666669,7.3325,,,1,0,0,"Recolectando muestras del sensor. Esperando 3 lecturas... | Lectura invalida de DHT | Lectura invalida de DHT, se omite logica de ventilacion"
2026-07-08,18:47:22,maceta2,93,95,82,81,81,1605.8333333333335,6.5685,14.8,65.1,1,0,0,
2026-07-08,19:17:25,maceta1,128,128,,,,737.0833333333334,8.3964,,,1,0,0,"Recolectando muestras del sensor. Esperando 3 lecturas... | Lectura invalida de DHT | Lectura invalida de DHT, se omite logica de ventilacion"
2026-07-08,19:17:25,maceta2,93,94,82,81,81,1890.0,7.6709,14.9,66.4,1,0,0,
2026-07-08,19:47:27,maceta1,128,128,,,,134.16666666666669,9.4403,,,1,0,0,"Recolectando muestras del sensor. Esperando 3 lecturas... | Lectura invalida de DHT | Lectura invalida de DHT, se omite logica de ventilacion"
2026-07-08,19:47:27,maceta2,95,94,82,81,81,1606.6666666666667,8.7639,14.9,63.3,1,0,0,
2026-07-08,20:17:30,maceta1,128,128,,,,134.16666666666669,10.4841,,,1,0,0,"Recolectando muestras del sensor. Esperando 3 lecturas... | Lectura invalida de DHT | Lectura invalida de DHT, se omite logica de ventilacion"
2026-07-08,20:17:30,maceta2,96,94,81,82,81,1605.0,9.8568,15.3,65.3,1,0,0,
2026-07-08,20:47:33,maceta1,128,128,,,,130.41666666666669,11.5278,,,1,0,0,"Recolectando muestras del sensor. Esperando 3 lecturas... | Lectura invalida de DHT | Lectura invalida de DHT, se omite logica de ventilacion"
2026-07-08,20:47:33,maceta2,95,93,81,82,81,1617.9166666666667,10.9501,15.2,64.6,1,0,0,
2026-07-08,21:17:36,maceta1,128,128,,,,131.25,12.5715,,,1,0,0,"Recolectando muestras del sensor. Esperando 3 lecturas... | Lectura invalida de DHT | Lectura invalida de DHT, se omite logica de ventilacion"
2026-07-08,21:17:36,maceta2,95,94,81,82,81,1587.0833333333335,12.0424,15.3,65.0,1,0,0,
2026-07-08,21:47:38,maceta1,128,128,,,,129.16666666666669,13.6152,,,1,0,0,"Recolectando muestras del sensor. Esperando 3 lecturas... | Lectura invalida de DHT | Lectura invalida de DHT, se omite logica de ventilacion"
2026-07-08,21:47:38,maceta2,95,93,81,82,81,1559.5833333333335,13.1338,15.3,64.5,1,0,0,
2026-07-08,22:17:41,maceta1,128,128,,,,125.41666666666667,14.6588,,,0,0,0,"Recolectando muestras del sensor. Esperando 3 lecturas... | Lectura invalida de DHT | Lectura invalida de DHT, se omite logica de ventilacion"
2026-07-08,22:17:41,maceta2,95,95,81,82,81,1555.0,14.225,15.4,65.6,0,0,0,
2026-07-08,22:47:44,maceta1,128,128,,,,0.0,14.6588,,,0,0,0,"Recolectando muestras del sensor. Esperando 3 lecturas... | Lectura invalida de DHT | Lectura invalida de DHT, se omite logica de ventilacion"
2026-07-08,22:47:44,maceta2,95,94,81,82,81,0.0,14.225,15.4,64.3,0,0,0,
2026-07-08,23:17:47,maceta1,128,128,,,,0.0,14.6588,,,0,0,0,"Recolectando muestras del sensor. Esperando 3 lecturas... | Lectura invalida de DHT | Lectura invalida de DHT, se omite logica de ventilacion"
2026-07-08,23:17:47,maceta2,95,95,81,81,81,0.0,14.225,13.1,69.0,0,0,0,
2026-07-08,23:47:49,maceta1,128,128,,,,0.0,14.6588,,,0,0,0,"Recolectando muestras del sensor. Esperando 3 lecturas... | Lectura invalida de DHT | Lectura invalida de DHT, se omite logica de ventilacion"
2026-07-08,23:47:49,maceta2,95,94,81,81,81,0.0,14.225,12.5,71.3,0,0,0,
2026-07-09,00:17:52,maceta1,128,128,,,,0.0,0.0,,,0,0,0,"Recolectando muestras del sensor. Esperando 3 lecturas... | Lectura invalida de DHT | Lectura invalida de DHT, se omite logica de ventilacion"
2026-07-09,00:17:52,maceta2,95,94,81,81,81,0.0,0.0,12.4,71.3,0,0,0,
2026-07-09,00:47:55,maceta1,128,128,,,,0.0,0.0,,,0,0,0,"Recolectando muestras del sensor. Esperando 3 lecturas... | Lectura invalida de DHT | Lectura invalida de DHT, se omite logica de ventilacion"
2026-07-09,00:47:55,maceta2,94,94,81,82,81,0.0,0.0,12.3,71.2,0,0,0,
2026-07-09,01:17:58,maceta1,128,128,,,,0.0,0.0,,,0,0,0,"Recolectando muestras del sensor. Esperando 3 lecturas... | Lectura invalida de DHT | Lectura invalida de DHT, se omite logica de ventilacion"
2026-07-09,01:17:58,maceta2,95,95,81,81,81,0.0,0.0,12.2,69.7,0,0,0,
2026-07-09,01:48:00,maceta1,128,128,,,,0.0,0.0,,,0,0,0,"Recolectando muestras del sensor. Esperando 3 lecturas... | Lectura invalida de DHT | Lectura invalida de DHT, se omite logica de ventilacion"
2026-07-09,01:48:00,maceta2,94,93,81,82,81,0.0,0.0,12.2,69.6,0,0,0,
2026-07-09,02:18:03,maceta1,128,128,,,,0.0,0.0,,,0,0,0,"Recolectando muestras del sensor. Esperando 3 lecturas... | Lectura invalida de DHT | Lectura invalida de DHT, se omite logica de ventilacion"
2026-07-09,02:18:03,maceta2,95,94,81,82,81,0.0,0.0,12.2,68.4,0,0,0,
2026-07-09,02:48:06,maceta1,128,128,,,,0.0,0.0,,,0,0,0,"Recolectando muestras del sensor. Esperando 3 lecturas... | Lectura invalida de DHT | Lectura invalida de DHT, se omite logica de ventilacion"
2026-07-09,02:48:06,maceta2,95,95,81,82,81,0.0,0.0,12.1,69.0,0,0,0,
2026-07-09,03:18:08,maceta1,128,128,,,,0.0,0.0,,,0,0,0,"Recolectando muestras del sensor. Esperando 3 lecturas... | Lectura invalida de DHT | Lectura invalida de DHT, se omite logica de ventilacion"
2026-07-09,03:18:08,maceta2,94,95,81,81,81,0.0,0.0,12.1,68.9,0,0,0,
2026-07-09,03:48:11,maceta1,128,128,,,,0.0,0.0,,,0,0,0,"Recolectando muestras del sensor. Esperando 3 lecturas... | Lectura invalida de DHT | Lectura invalida de DHT, se omite logica de ventilacion"
2026-07-09,03:48:11,maceta2,95,94,81,81,81,0.0,0.0,12.0,66.8,0,0,0,
2026-07-09,04:18:14,maceta1,128,128,,,,0.0,0.0,,,0,0,0,"Recolectando muestras del sensor. Esperando 3 lecturas... | Lectura invalida de DHT | Lectura invalida de DHT, se omite logica de ventilacion"
2026-07-09,04:18:14,maceta2,95,95,81,81,81,0.0,0.0,12.0,68.2,0,0,0,
2026-07-09,04:48:17,maceta1,128,128,,,,0.0,0.0,,,0,0,0,"Recolectando muestras del sensor. Esperando 3 lecturas... | Lectura invalida de DHT | Lectura invalida de DHT, se omite logica de ventilacion"
2026-07-09,04:48:17,maceta2,94,94,81,81,81,0.0,0.0,11.9,67.9,0,0,0,
2026-07-09,05:18:19,maceta1,128,128,,,,0.0,0.0,,,0,0,0,"Recolectando muestras del sensor. Esperando 3 lecturas... | Lectura invalida de DHT | Lectura invalida de DHT, se omite logica de ventilacion"
2026-07-09,05:18:19,maceta2,95,94,81,81,81,0.0,0.0,11.9,67.6,0,0,0,
2026-07-09,05:48:22,maceta1,128,128,,,,0.0,0.0,,,0,0,0,"Recolectando muestras del sensor. Esperando 3 lecturas... | Lectura invalida de DHT | Lectura invalida de DHT, se omite logica de ventilacion"
2026-07-09,05:48:22,maceta2,95,94,81,82,81,0.0,0.0,11.9,65.1,0,0,0,
2026-07-09,06:18:25,maceta1,128,128,,,,0.0,0.0,,,0,0,0,"Recolectando muestras del sensor. Esperando 3 lecturas... | Lectura invalida de DHT | Lectura invalida de DHT, se omite logica de ventilacion"
2026-07-09,06:18:25,maceta2,94,94,81,82,81,0.0,0.0,11.9,67.1,0,0,0,
2026-07-09,06:48:28,maceta1,128,128,,,,0.0,0.0,,,0,0,0,"Recolectando muestras del sensor. Esperando 3 lecturas... | Lectura invalida de DHT | Lectura invalida de DHT, se omite logica de ventilacion"
2026-07-09,06:48:28,maceta2,95,94,81,82,81,0.0,0.0,11.9,66.5,0,0,0,
2026-07-09,07:18:30,maceta1,128,128,,,,0.0,0.0,,,0,0,0,"Recolectando muestras del sensor. Esperando 3 lecturas... | Lectura invalida de DHT | Lectura invalida de DHT, se omite logica de ventilacion"
2026-07-09,07:18:30,maceta2,94,94,81,82,81,0.0,0.0,11.8,65.9,0,0,0,
2026-07-09,07:48:33,maceta1,128,128,,,,0.0,0.0,,,0,0,0,"Recolectando muestras del sensor. Esperando 3 lecturas... | Lectura invalida de DHT | Lectura invalida de DHT, se omite logica de ventilacion"
2026-07-09,07:48:33,maceta2,94,94,81,82,81,0.0,0.0,11.7,64.1,0,0,0,
2026-07-09,08:18:36,maceta1,128,128,,,,0.0,0.0,,,0,0,0,"Recolectando muestras del sensor. Esperando 3 lecturas... | Lectura invalida de DHT | Lectura invalida de DHT, se omite logica de ventilacion"
2026-07-09,08:18:36,maceta2,95,93,81,82,81,0.0,0.0,11.7,64.3,0,0,0,
2026-07-09,08:48:39,maceta1,128,128,,,,3.3333333333333335,0.0001,,,0,0,0,"Recolectando muestras del sensor. Esperando 3 lecturas... | Lectura invalida de DHT | Lectura invalida de DHT, se omite logica de ventilacion"
2026-07-09,08:48:39,maceta2,95,94,81,82,81,2.0833333333333335,0.0001,11.6,64.7,0,0,0,
2026-07-09,09:18:41,maceta1,128,128,,,,9.583333333333334,0.0004,,,0,0,0,"Recolectando muestras del sensor. Esperando 3 lecturas... | Lectura invalida de DHT | Lectura invalida de DHT, se omite logica de ventilacion"
2026-07-09,09:18:41,maceta2,96,94,81,82,81,6.666666666666667,0.0003,11.5,63.5,0,0,0,
2026-07-09,09:48:44,maceta1,128,128,,,,23.75,0.0012,,,0,0,0,"Recolectando muestras del sensor. Esperando 3 lecturas... | Lectura invalida de DHT | Lectura invalida de DHT, se omite logica de ventilacion"
2026-07-09,09:48:44,maceta2,94,94,81,82,81,15.833333333333334,0.0008,,,0,0,0,"Lectura invalida de DHT | Lectura invalida de DHT, se omite logica de ventilacion"
2026-07-09,10:18:47,maceta1,128,128,,,,27.083333333333336,0.0021,,,0,0,0,"Recolectando muestras del sensor. Esperando 3 lecturas... | Lectura invalida de DHT | Lectura invalida de DHT, se omite logica de ventilacion"
2026-07-09,10:18:47,maceta2,95,94,81,82,81,18.333333333333336,0.0014,11.5,65.5,0,0,0,
2026-07-09,10:48:49,maceta1,128,128,,,,42.5,0.0035,,,0,0,0,"Recolectando muestras del sensor. Esperando 3 lecturas... | Lectura invalida de DHT | Lectura invalida de DHT, se omite logica de ventilacion"
2026-07-09,10:48:49,maceta2,95,95,81,81,81,27.916666666666668,0.0024,11.5,67.2,0,0,0,
2026-07-09,11:18:52,maceta1,128,128,,,,47.91666666666667,0.0051,,,0,0,0,"Recolectando muestras del sensor. Esperando 3 lecturas... | Lectura invalida de DHT | Lectura invalida de DHT, se omite logica de ventilacion"
2026-07-09,11:18:52,maceta2,94,94,81,81,81,31.666666666666668,0.0034,11.7,66.2,0,0,0,
2026-07-09,11:48:55,maceta1,128,128,,,,54.16666666666667,0.0069,,,0,0,0,"Recolectando muestras del sensor. Esperando 3 lecturas... | Lectura invalida de DHT | Lectura invalida de DHT, se omite logica de ventilacion"
2026-07-09,11:48:55,maceta2,94,93,81,82,81,35.833333333333336,0.0046,11.7,66.1,0,0,0,
2026-07-09,12:18:58,maceta1,128,128,,,,59.16666666666667,0.0089,,,0,0,0,"Recolectando muestras del sensor. Esperando 3 lecturas... | Lectura invalida de DHT | Lectura invalida de DHT, se omite logica de ventilacion"
2026-07-09,12:18:58,maceta2,95,94,81,82,81,39.16666666666667,0.0059,11.9,66.6,0,0,0,
2026-07-09,12:49:00,maceta1,128,128,,,,63.75,0.011,,,0,0,0,"Recolectando muestras del sensor. Esperando 3 lecturas... | Lectura invalida de DHT | Lectura invalida de DHT, se omite logica de ventilacion"
2026-07-09,12:49:00,maceta2,96,95,81,82,81,42.083333333333336,0.0073,11.9,66.2,0,0,0,
2026-07-09,13:19:03,maceta1,128,128,,,,66.25,0.0133,,,0,0,0,"Recolectando muestras del sensor. Esperando 3 lecturas... | Lectura invalida de DHT | Lectura invalida de DHT, se omite logica de ventilacion"
2026-07-09,13:19:03,maceta2,95,95,81,81,81,43.75,0.0088,,,0,0,0,"Lectura invalida de DHT | Lectura invalida de DHT, se omite logica de ventilacion"
2026-07-09,13:49:06,maceta1,128,128,,,,62.91666666666667,0.0154,,,0,0,0,"Recolectando muestras del sensor. Esperando 3 lecturas... | Lectura invalida de DHT | Lectura invalida de DHT, se omite logica de ventilacion"
2026-07-09,13:49:06,maceta2,94,95,81,81,81,41.66666666666667,0.0102,12.1,67.0,0,0,0,
2026-07-09,14:19:09,maceta1,128,128,,,,60.0,0.0174,,,0,0,0,"Recolectando muestras del sensor. Esperando 3 lecturas... | Lectura invalida de DHT | Lectura invalida de DHT, se omite logica de ventilacion"
2026-07-09,14:19:09,maceta2,96,95,81,81,81,40.0,0.0115,12.1,67.6,0,0,0,
2026-07-09,14:49:11,maceta1,128,128,,,,14.583333333333334,0.0178,,,1,0,0,"Recolectando muestras del sensor. Esperando 3 lecturas... | Lectura invalida de DHT | Lectura invalida de DHT, se omite logica de ventilacion"
2026-07-09,14:49:11,maceta2,95,94,81,81,81,13.75,0.012,12.2,67.6,0,0,0,
2026-07-09,15:19:14,maceta1,128,128,,,,137.91666666666669,1.0618,,,1,0,0,"Recolectando muestras del sensor. Esperando 3 lecturas... | Lectura invalida de DHT | Lectura invalida de DHT, se omite logica de ventilacion"
2026-07-09,15:19:14,maceta2,95,94,81,81,81,10.833333333333334,0.0123,12.3,67.0,1,0,0,
2026-07-09,15:49:17,maceta1,128,128,,,,143.75,2.106,,,1,0,0,"Recolectando muestras del sensor. Esperando 3 lecturas... | Lectura invalida de DHT | Lectura invalida de DHT, se omite logica de ventilacion"
2026-07-09,15:49:17,maceta2,94,93,81,82,81,1544.1666666666667,1.1032,12.3,66.1,1,0,0,
2026-07-09,16:19:20,maceta1,128,128,,,,141.25,3.1501,,,1,0,0,"Recolectando muestras del sensor. Esperando 3 lecturas... | Lectura invalida de DHT | Lectura invalida de DHT, se omite logica de ventilacion"
2026-07-09,16:19:20,maceta2,95,94,81,82,81,1570.4166666666667,2.1949,15.0,65.5,1,0,0,
2026-07-09,16:49:22,maceta1,128,128,,,,135.41666666666669,4.194,,,1,0,0,"Recolectando muestras del sensor. Esperando 3 lecturas... | Lectura invalida de DHT | Lectura invalida de DHT, se omite logica de ventilacion"
2026-07-09,16:49:22,maceta2,96,95,81,82,81,1585.0,3.2872,15.3,65.1,0,0,0,
2026-07-09,17:19:25,maceta1,128,128,,,,133.75,5.2378,,,1,0,0,"Recolectando muestras del sensor. Esperando 3 lecturas... | Lectura invalida de DHT | Lectura invalida de DHT, se omite logica de ventilacion"
2026-07-09,17:19:25,maceta2,95,94,81,81,81,8.333333333333334,3.2875,15.6,64.8,1,0,0,
2026-07-09,17:49:28,maceta1,128,128,,,,126.25,6.2814,,,1,0,0,"Recolectando muestras del sensor. Esperando 3 lecturas... | Lectura invalida de DHT | Lectura invalida de DHT, se omite logica de ventilacion"
2026-07-09,17:49:28,maceta2,94,94,81,81,81,1525.4166666666667,4.3777,13.3,64.2,1,0,0,
2026-07-09,18:19:31,maceta1,128,128,,,,126.25,7.325,,,1,0,0,"Recolectando muestras del sensor. Esperando 3 lecturas... | Lectura invalida de DHT | Lectura invalida de DHT, se omite logica de ventilacion"
2026-07-09,18:19:31,maceta2,96,94,81,82,81,1529.5833333333335,5.4681,15.4,65.9,1,0,0,
2026-07-09,18:49:34,maceta1,128,128,,,,122.5,8.3686,,,1,0,0,"Recolectando muestras del sensor. Esperando 3 lecturas... | Lectura invalida de DHT | Lectura invalida de DHT, se omite logica de ventilacion"
2026-07-09,18:49:34,maceta2,96,95,81,81,81,1537.5,6.5589,15.7,66.0,1,0,0,
2026-07-09,19:19:37,maceta1,128,128,,,,125.41666666666667,9.4125,,,1,0,0,"Recolectando muestras del sensor. Esperando 3 lecturas... | Lectura invalida de DHT | Lectura invalida de DHT, se omite logica de ventilacion"
2026-07-09,19:19:37,maceta2,95,94,81,81,81,1531.6666666666667,7.6497,15.8,65.4,1,0,0,
2026-07-09,19:49:40,maceta1,128,128,,,,122.91666666666667,10.4559,,,1,0,0,"Recolectando muestras del sensor. Esperando 3 lecturas... | Lectura invalida de DHT | Lectura invalida de DHT, se omite logica de ventilacion"
2026-07-09,19:49:40,maceta2,94,93,81,82,81,1608.3333333333335,8.7427,15.8,65.0,1,0,0,
2026-07-09,20:19:43,maceta1,128,128,,,,126.66666666666667,11.4999,,,1,0,0,"Recolectando muestras del sensor. Esperando 3 lecturas... | Lectura invalida de DHT | Lectura invalida de DHT, se omite logica de ventilacion"
2026-07-09,20:19:43,maceta2,94,93,81,82,81,1612.9166666666667,9.8363,15.8,65.0,1,0,0,
2026-07-09,20:49:46,maceta1,128,128,,,,124.16666666666667,12.5434,,,1,0,0,"Recolectando muestras del sensor. Esperando 3 lecturas... | Lectura invalida de DHT | Lectura invalida de DHT, se omite logica de ventilacion"
2026-07-09,20:49:46,maceta2,95,94,81,82,81,1624.5833333333335,10.9298,15.9,63.3,1,0,0,
2026-07-09,21:19:49,maceta1,128,128,,,,122.5,13.5869,,,0,0,0,"Recolectando muestras del sensor. Esperando 3 lecturas... | Lectura invalida de DHT | Lectura invalida de DHT, se omite logica de ventilacion"
2026-07-09,21:19:49,maceta2,96,95,81,82,81,1562.9166666666667,12.0214,16.0,63.4,1,0,0,
2026-07-09,21:49:51,maceta1,128,128,,,,0.4166666666666667,13.5869,,,1,0,0,"Recolectando muestras del sensor. Esperando 3 lecturas... | Lectura invalida de DHT | Lectura invalida de DHT, se omite logica de ventilacion"
2026-07-09,21:49:51,maceta2,95,94,81,81,81,1568.3333333333335,13.113,16.0,63.6,1,0,0,
2026-07-09,22:19:54,maceta1,128,128,,,,126.66666666666667,14.6305,,,0,0,0,"Recolectando muestras del sensor. Esperando 3 lecturas... | Lectura invalida de DHT | Lectura invalida de DHT, se omite logica de ventilacion"
2026-07-09,22:19:54,maceta2,97,94,81,81,81,1579.5833333333335,14.2051,16.0,59.4,0,0,0,
2026-07-09,22:49:57,maceta1,128,128,,,,0.0,14.6305,,,0,0,0,"Recolectando muestras del sensor. Esperando 3 lecturas... | Lectura invalida de DHT | Lectura invalida de DHT, se omite logica de ventilacion"
2026-07-09,22:49:57,maceta2,96,95,81,81,81,0.0,14.2051,16.0,57.4,0,0,0,
2026-07-09,23:20:00,maceta1,128,128,,,,0.0,14.6305,,,0,0,0,"Recolectando muestras del sensor. Esperando 3 lecturas... | Lectura invalida de DHT | Lectura invalida de DHT, se omite logica de ventilacion"
2026-07-09,23:20:00,maceta2,95,95,81,81,81,0.0,14.2051,13.7,66.7,0,0,0,
2026-07-09,23:50:02,maceta1,128,128,,,,0.0,14.6305,,,0,0,0,"Recolectando muestras del sensor. Esperando 3 lecturas... | Lectura invalida de DHT | Lectura invalida de DHT, se omite logica de ventilacion"
2026-07-09,23:50:02,maceta2,95,95,81,81,81,0.0,14.2051,13.1,66.6,0,0,0,
2026-07-10,00:20:05,maceta1,128,128,,,,0.0,0.0,,,0,0,0,"Recolectando muestras del sensor. Esperando 3 lecturas... | Lectura invalida de DHT | Lectura invalida de DHT, se omite logica de ventilacion"
2026-07-10,00:20:05,maceta2,95,95,81,81,81,0.0,0.0,12.9,65.0,0,0,0,
2026-07-10,00:50:08,maceta1,128,128,,,,0.0,0.0,,,0,0,0,"Recolectando muestras del sensor. Esperando 3 lecturas... | Lectura invalida de DHT | Lectura invalida de DHT, se omite logica de ventilacion"
2026-07-10,00:50:08,maceta2,96,95,81,81,81,0.0,0.0,12.9,64.0,0,0,0,
2026-07-10,01:20:11,maceta1,128,128,,,,0.0,0.0,,,0,0,0,"Recolectando muestras del sensor. Esperando 3 lecturas... | Lectura invalida de DHT | Lectura invalida de DHT, se omite logica de ventilacion"
2026-07-10,01:20:11,maceta2,95,95,81,81,81,0.0,0.0,12.8,62.8,0,0,0,
2026-07-10,01:50:13,maceta1,128,128,,,,0.0,0.0,,,0,0,0,"Recolectando muestras del sensor. Esperando 3 lecturas... | Lectura invalida de DHT | Lectura invalida de DHT, se omite logica de ventilacion"
2026-07-10,01:50:13,maceta2,95,94,81,81,81,0.0,0.0,12.7,62.6,0,0,0,
2026-07-10,02:20:16,maceta1,128,128,,,,0.0,0.0,,,0,0,0,"Recolectando muestras del sensor. Esperando 3 lecturas... | Lectura invalida de DHT | Lectura invalida de DHT, se omite logica de ventilacion"
2026-07-10,02:20:16,maceta2,95,95,81,81,81,0.0,0.0,12.7,62.9,0,0,0,
2026-07-10,02:50:19,maceta1,128,128,,,,0.0,0.0,,,0,0,0,"Recolectando muestras del sensor. Esperando 3 lecturas... | Lectura invalida de DHT | Lectura invalida de DHT, se omite logica de ventilacion"
2026-07-10,02:50:19,maceta2,96,95,81,81,81,0.0,0.0,12.5,61.6,0,0,0,
2026-07-10,03:20:22,maceta1,128,128,,,,0.0,0.0,,,0,0,0,"Recolectando muestras del sensor. Esperando 3 lecturas... | Lectura invalida de DHT | Lectura invalida de DHT, se omite logica de ventilacion"
2026-07-10,03:20:22,maceta2,96,96,81,81,81,0.0,0.0,12.5,61.3,0,0,0,
2026-07-10,03:50:24,maceta1,128,128,,,,0.0,0.0,,,0,0,0,"Recolectando muestras del sensor. Esperando 3 lecturas... | Lectura invalida de DHT | Lectura invalida de DHT, se omite logica de ventilacion"
2026-07-10,03:50:24,maceta2,96,94,81,81,81,0.0,0.0,12.5,61.2,0,0,0,
2026-07-10,04:20:27,maceta1,128,128,,,,0.0,0.0,,,0,0,0,"Recolectando muestras del sensor. Esperando 3 lecturas... | Lectura invalida de DHT | Lectura invalida de DHT, se omite logica de ventilacion"
2026-07-10,04:20:27,maceta2,95,94,81,81,81,0.0,0.0,12.5,60.8,0,0,0,
2026-07-10,04:50:30,maceta1,128,128,,,,0.0,0.0,,,0,0,0,"Recolectando muestras del sensor. Esperando 3 lecturas... | Lectura invalida de DHT | Lectura invalida de DHT, se omite logica de ventilacion"
2026-07-10,04:50:30,maceta2,96,94,81,82,81,0.0,0.0,12.3,59.8,0,0,0,
2026-07-10,05:20:33,maceta1,128,128,,,,0.0,0.0,,,0,0,0,"Recolectando muestras del sensor. Esperando 3 lecturas... | Lectura invalida de DHT | Lectura invalida de DHT, se omite logica de ventilacion"
2026-07-10,05:20:33,maceta2,95,94,81,82,81,0.0,0.0,12.2,60.1,0,0,0,
2026-07-10,05:50:35,maceta1,128,128,,,,0.0,0.0,,,0,0,0,"Recolectando muestras del sensor. Esperando 3 lecturas... | Lectura invalida de DHT | Lectura invalida de DHT, se omite logica de ventilacion"
2026-07-10,05:50:35,maceta2,95,94,81,82,81,0.0,0.0,12.1,58.8,0,0,0,
2026-07-10,06:20:38,maceta1,128,128,,,,0.0,0.0,,,0,0,0,"Recolectando muestras del sensor. Esperando 3 lecturas... | Lectura invalida de DHT | Lectura invalida de DHT, se omite logica de ventilacion"
2026-07-10,06:20:38,maceta2,95,95,81,81,81,0.0,0.0,12.0,58.5,0,0,0,
2026-07-10,06:50:41,maceta1,128,128,,,,0.0,0.0,,,0,0,0,"Recolectando muestras del sensor. Esperando 3 lecturas... | Lectura invalida de DHT | Lectura invalida de DHT, se omite logica de ventilacion"
2026-07-10,06:50:41,maceta2,96,95,81,81,81,0.0,0.0,12.0,59.3,0,0,0,
2026-07-10,07:20:44,maceta1,128,128,,,,0.0,0.0,,,0,0,0,"Recolectando muestras del sensor. Esperando 3 lecturas... | Lectura invalida de DHT | Lectura invalida de DHT, se omite logica de ventilacion"
2026-07-10,07:20:44,maceta2,96,95,81,81,81,0.0,0.0,11.9,57.2,0,0,0,
2026-07-10,07:50:46,maceta1,128,128,,,,0.0,0.0,,,0,0,0,"Recolectando muestras del sensor. Esperando 3 lecturas... | Lectura invalida de DHT | Lectura invalida de DHT, se omite logica de ventilacion"
2026-07-10,07:50:46,maceta2,97,95,80,81,80,0.0,0.0,11.8,58.2,0,0,0,
2026-07-10,08:20:49,maceta1,128,128,,,,0.0,0.0,,,0,0,0,"Recolectando muestras del sensor. Esperando 3 lecturas... | Lectura invalida de DHT | Lectura invalida de DHT, se omite logica de ventilacion"
2026-07-10,08:20:49,maceta2,96,94,80,81,80,0.0,0.0,11.7,59.5,0,0,0,
2026-07-10,08:50:52,maceta1,128,128,,,,2.5,0.0001,,,0,0,0,"Recolectando muestras del sensor. Esperando 3 lecturas... | Lectura invalida de DHT | Lectura invalida de DHT, se omite logica de ventilacion"
2026-07-10,08:50:52,maceta2,95,95,81,81,81,2.0833333333333335,0.0001,,,0,0,0,"Lectura invalida de DHT | Lectura invalida de DHT, se omite logica de ventilacion"
2026-07-10,09:20:54,maceta1,128,128,,,,14.583333333333334,0.0006,,,0,0,0,"Recolectando muestras del sensor. Esperando 3 lecturas... | Lectura invalida de DHT | Lectura invalida de DHT, se omite logica de ventilacion"
2026-07-10,09:20:54,maceta2,95,94,81,81,81,10.0,0.0004,11.5,56.3,0,0,0,
2026-07-10,09:50:57,maceta1,128,128,,,,20.833333333333336,0.0013,,,0,0,0,"Recolectando muestras del sensor. Esperando 3 lecturas... | Lectura invalida de DHT | Lectura invalida de DHT, se omite logica de ventilacion"
2026-07-10,09:50:57,maceta2,94,94,81,81,81,13.75,0.0009,11.5,60.1,0,0,0,
2026-07-10,10:21:00,maceta1,128,128,,,,30.416666666666668,0.0023,,,0,0,0,"Recolectando muestras del sensor. Esperando 3 lecturas... | Lectura invalida de DHT | Lectura invalida de DHT, se omite logica de ventilacion"
2026-07-10,10:21:00,maceta2,96,96,81,81,81,20.416666666666668,0.0015,11.6,61.0,0,0,0,
2026-07-10,10:51:03,maceta1,128,128,,,,40.41666666666667,0.0036,,,0,0,0,"Recolectando muestras del sensor. Esperando 3 lecturas... | Lectura invalida de DHT | Lectura invalida de DHT, se omite logica de ventilacion"
2026-07-10,10:51:03,maceta2,95,94,81,81,81,26.666666666666668,0.0024,11.7,64.8,0,0,0,
2026-07-10,11:21:05,maceta1,128,128,,,,48.75,0.0053,,,0,0,0,"Recolectando muestras del sensor. Esperando 3 lecturas... | Lectura invalida de DHT | Lectura invalida de DHT, se omite logica de ventilacion"
2026-07-10,11:21:05,maceta2,96,96,81,81,81,32.083333333333336,0.0035,11.8,66.3,0,0,0,
2026-07-10,11:51:08,maceta1,128,128,,,,54.16666666666667,0.0071,,,0,0,0,"Recolectando muestras del sensor. Esperando 3 lecturas... | Lectura invalida de DHT | Lectura invalida de DHT, se omite logica de ventilacion"
2026-07-10,11:51:08,maceta2,96,96,81,81,81,35.833333333333336,0.0047,11.9,67.9,0,0,0,
2026-07-10,12:21:11,maceta1,128,128,,,,60.41666666666667,0.0091,,,0,0,0,"Recolectando muestras del sensor. Esperando 3 lecturas... | Lectura invalida de DHT | Lectura invalida de DHT, se omite logica de ventilacion"
2026-07-10,12:21:11,maceta2,95,95,81,81,81,39.583333333333336,0.006,11.9,65.2,0,0,0,
2026-07-10,12:51:14,maceta1,128,128,,,,63.333333333333336,0.0112,,,0,0,0,"Recolectando muestras del sensor. Esperando 3 lecturas... | Lectura invalida de DHT | Lectura invalida de DHT, se omite logica de ventilacion"
2026-07-10,12:51:14,maceta2,96,96,81,81,81,42.083333333333336,0.0074,12.0,63.9,0,0,0,
2026-07-10,13:21:16,maceta1,128,128,,,,66.66666666666667,0.0134,,,0,0,0,"Recolectando muestras del sensor. Esperando 3 lecturas... | Lectura invalida de DHT | Lectura invalida de DHT, se omite logica de ventilacion"
2026-07-10,13:21:16,maceta2,95,96,81,81,81,44.16666666666667,0.0089,12.1,63.3,0,0,0,
2026-07-10,13:51:19,maceta1,128,128,,,,53.333333333333336,0.0152,,,0,0,0,"Recolectando muestras del sensor. Esperando 3 lecturas... | Lectura invalida de DHT | Lectura invalida de DHT, se omite logica de ventilacion"
2026-07-10,13:51:19,maceta2,96,95,81,81,81,34.16666666666667,0.01,12.2,64.1,0,0,0,
2026-07-10,14:21:22,maceta1,128,128,,,,57.083333333333336,0.0171,,,0,0,0,"Recolectando muestras del sensor. Esperando 3 lecturas... | Lectura invalida de DHT | Lectura invalida de DHT, se omite logica de ventilacion"
2026-07-10,14:21:22,maceta2,96,96,81,81,81,38.333333333333336,0.0113,12.3,65.5,0,0,0,
2026-07-10,14:51:24,maceta1,128,128,,,,17.5,0.0177,,,1,0,0,"Recolectando muestras del sensor. Esperando 3 lecturas... | Lectura invalida de DHT | Lectura invalida de DHT, se omite logica de ventilacion"
2026-07-10,14:51:24,maceta2,95,95,81,81,81,16.666666666666668,0.0119,12.5,64.5,0,0,0,
2026-07-10,15:21:27,maceta1,128,128,,,,135.41666666666669,1.0616,,,1,0,0,"Recolectando muestras del sensor. Esperando 3 lecturas... | Lectura invalida de DHT | Lectura invalida de DHT, se omite logica de ventilacion"
2026-07-10,15:21:27,maceta2,95,94,81,81,81,16.25,0.0124,12.5,64.5,1,0,0,
2026-07-10,15:51:30,maceta1,128,128,,,,139.16666666666669,2.1056,,,1,0,0,"Recolectando muestras del sensor. Esperando 3 lecturas... | Lectura invalida de DHT | Lectura invalida de DHT, se omite logica de ventilacion"
2026-07-10,15:51:30,maceta2,94,93,81,82,81,1623.75,1.1059,12.5,65.6,1,0,0,
2026-07-10,16:21:33,maceta1,128,128,,,,140.0,3.1496,,,1,0,0,"Recolectando muestras del sensor. Esperando 3 lecturas... | Lectura invalida de DHT | Lectura invalida de DHT, se omite logica de ventilacion"
2026-07-10,16:21:33,maceta2,97,95,81,82,81,1634.5833333333335,2.1998,15.1,61.8,1,0,0,
2026-07-10,16:51:35,maceta1,128,128,,,,137.08333333333334,4.1935,,,1,0,0,"Recolectando muestras del sensor. Esperando 3 lecturas... | Lectura invalida de DHT | Lectura invalida de DHT, se omite logica de ventilacion"
2026-07-10,16:51:35,maceta2,95,94,81,82,81,1628.75,3.2935,15.5,63.7,1,0,0,
2026-07-10,17:21:38,maceta1,128,128,,,,129.58333333333334,5.2372,,,1,0,0,"Recolectando muestras del sensor. Esperando 3 lecturas... | Lectura invalida de DHT | Lectura invalida de DHT, se omite logica de ventilacion"
2026-07-10,17:21:38,maceta2,95,95,81,81,81,1551.6666666666667,4.3846,15.6,63.2,0,0,0,
2026-07-10,17:51:41,maceta1,128,128,,,,122.91666666666667,6.2807,,,1,0,0,"Recolectando muestras del sensor. Esperando 3 lecturas... | Lectura invalida de DHT | Lectura invalida de DHT, se omite logica de ventilacion"
2026-07-10,17:51:41,maceta2,96,95,81,81,81,4.583333333333334,4.3848,15.7,65.2,1,0,0,
2026-07-10,18:21:44,maceta1,128,128,,,,118.75,7.324,,,1,0,0,"Recolectando muestras del sensor. Esperando 3 lecturas... | Lectura invalida de DHT | Lectura invalida de DHT, se omite logica de ventilacion"
2026-07-10,18:21:44,maceta2,95,94,81,81,81,1607.0833333333335,5.4777,13.5,66.1,1,0,0,
2026-07-10,18:51:46,maceta1,128,128,,,,118.75,8.3673,,,1,0,0,"Recolectando muestras del sensor. Esperando 3 lecturas... | Lectura invalida de DHT | Lectura invalida de DHT, se omite logica de ventilacion"
2026-07-10,18:51:46,maceta2,95,94,81,81,81,1607.9166666666667,6.5707,15.6,60.2,1,0,0,
2026-07-10,19:21:49,maceta1,128,128,,,,121.25,9.4107,,,1,0,0,"Recolectando muestras del sensor. Esperando 3 lecturas... | Lectura invalida de DHT | Lectura invalida de DHT, se omite logica de ventilacion"
2026-07-10,19:21:49,maceta2,96,95,81,81,81,1589.1666666666667,7.6631,15.8,61.3,1,0,0,
2026-07-10,19:51:52,maceta1,128,128,,,,122.5,10.4542,,,1,0,0,"Recolectando muestras del sensor. Esperando 3 lecturas... | Lectura invalida de DHT | Lectura invalida de DHT, se omite logica de ventilacion"
2026-07-10,19:51:52,maceta2,95,94,81,81,81,1594.1666666666667,8.7556,15.8,55.0,1,0,0,
2026-07-10,20:21:54,maceta1,128,128,,,,117.91666666666667,11.4975,,,1,0,0,"Recolectando muestras del sensor. Esperando 3 lecturas... | Lectura invalida de DHT | Lectura invalida de DHT, se omite logica de ventilacion"
2026-07-10,20:21:54,maceta2,94,94,81,81,81,1597.5,9.8482,15.6,52.3,1,0,0,
2026-07-10,20:51:57,maceta1,128,128,,,,124.58333333333334,12.541,,,1,0,0,"Recolectando muestras del sensor. Esperando 3 lecturas... | Lectura invalida de DHT | Lectura invalida de DHT, se omite logica de ventilacion"
2026-07-10,20:51:57,maceta2,96,94,81,82,81,1570.4166666666667,10.94,15.5,52.1,1,0,0,
2026-07-10,21:22:00,maceta1,128,128,,,,121.25,13.5844,,,1,0,0,"Recolectando muestras del sensor. Esperando 3 lecturas... | Lectura invalida de DHT | Lectura invalida de DHT, se omite logica de ventilacion"
2026-07-10,21:22:00,maceta2,95,94,81,82,81,1580.4166666666667,12.032,15.4,52.1,1,0,0,
2026-07-10,21:52:03,maceta1,128,128,,,,118.33333333333334,14.6277,,,1,0,0,"Recolectando muestras del sensor. Esperando 3 lecturas... | Lectura invalida de DHT | Lectura invalida de DHT, se omite logica de ventilacion"
2026-07-10,21:52:03,maceta2,96,95,81,81,81,1532.0833333333335,13.1225,15.4,52.2,1,0,0,
2026-07-10,22:22:05,maceta1,128,128,,,,117.5,15.671,,,0,0,0,"Recolectando muestras del sensor. Esperando 3 lecturas... | Lectura invalida de DHT | Lectura invalida de DHT, se omite logica de ventilacion"
2026-07-10,22:22:05,maceta2,96,95,81,81,81,1520.4166666666667,14.2125,15.3,52.2,0,0,0,
2026-07-10,22:52:08,maceta1,128,128,,,,0.0,15.671,,,0,0,0,"Recolectando muestras del sensor. Esperando 3 lecturas... | Lectura invalida de DHT | Lectura invalida de DHT, se omite logica de ventilacion"
2026-07-10,22:52:08,maceta2,96,95,81,81,81,0.0,14.2125,15.2,52.2,0,0,0,
2026-07-10,23:22:11,maceta1,128,128,,,,0.0,15.671,,,0,0,0,"Recolectando muestras del sensor. Esperando 3 lecturas... | Lectura invalida de DHT | Lectura invalida de DHT, se omite logica de ventilacion"
2026-07-10,23:22:11,maceta2,96,95,81,81,81,0.0,14.2125,13.3,56.6,0,0,0,
2026-07-10,23:52:14,maceta1,128,128,,,,0.0,15.671,,,0,0,0,"Recolectando muestras del sensor. Esperando 3 lecturas... | Lectura invalida de DHT | Lectura invalida de DHT, se omite logica de ventilacion"
2026-07-10,23:52:14,maceta2,96,96,81,81,81,0.0,14.2125,12.9,58.5,0,0,0,
2026-07-11,00:22:16,maceta1,128,128,,,,0.0,0.0,,,0,0,0,"Recolectando muestras del sensor. Esperando 3 lecturas... | Lectura invalida de DHT | Lectura invalida de DHT, se omite logica de ventilacion"
2026-07-11,00:22:16,maceta2,95,95,81,81,81,0.0,0.0,12.7,60.1,0,0,0,
2026-07-11,00:52:19,maceta1,128,128,,,,0.0,0.0,,,0,0,0,"Recolectando muestras del sensor. Esperando 3 lecturas... | Lectura invalida de DHT | Lectura invalida de DHT, se omite logica de ventilacion"
2026-07-11,00:52:19,maceta2,95,95,81,81,81,0.0,0.0,12.7,62.0,0,0,0,
2026-07-11,01:22:22,maceta1,128,128,,,,0.0,0.0,,,0,0,0,"Recolectando muestras del sensor. Esperando 3 lecturas... | Lectura invalida de DHT | Lectura invalida de DHT, se omite logica de ventilacion"
2026-07-11,01:22:22,maceta2,96,95,81,81,81,0.0,0.0,12.6,61.4,0,0,0,
2026-07-11,01:52:24,maceta1,128,128,,,,0.0,0.0,,,0,0,0,"Recolectando muestras del sensor. Esperando 3 lecturas... | Lectura invalida de DHT | Lectura invalida de DHT, se omite logica de ventilacion"
2026-07-11,01:52:24,maceta2,95,95,81,81,81,0.0,0.0,12.5,60.8,0,0,0,
2026-07-11,02:22:27,maceta1,128,128,,,,0.0,0.0,,,0,0,0,"Recolectando muestras del sensor. Esperando 3 lecturas... | Lectura invalida de DHT | Lectura invalida de DHT, se omite logica de ventilacion"
2026-07-11,02:22:27,maceta2,95,95,81,81,81,0.0,0.0,12.5,60.5,0,0,0,
2026-07-11,02:52:30,maceta1,128,128,,,,0.0,0.0,,,0,0,0,"Recolectando muestras del sensor. Esperando 3 lecturas... | Lectura invalida de DHT | Lectura invalida de DHT, se omite logica de ventilacion"
2026-07-11,02:52:30,maceta2,96,95,81,81,81,0.0,0.0,12.5,61.1,0,0,0,
2026-07-11,03:22:33,maceta1,128,128,,,,0.0,0.0,,,0,0,0,"Recolectando muestras del sensor. Esperando 3 lecturas... | Lectura invalida de DHT | Lectura invalida de DHT, se omite logica de ventilacion"
2026-07-11,03:22:33,maceta2,96,96,81,81,81,0.0,0.0,12.5,60.4,0,0,0,
2026-07-11,03:52:35,maceta1,128,128,,,,0.0,0.0,,,0,0,0,"Recolectando muestras del sensor. Esperando 3 lecturas... | Lectura invalida de DHT | Lectura invalida de DHT, se omite logica de ventilacion"
2026-07-11,03:52:35,maceta2,96,96,81,81,81,0.0,0.0,12.5,59.7,0,0,0,
2026-07-11,04:22:38,maceta1,128,128,,,,0.0,0.0,,,0,0,0,"Recolectando muestras del sensor. Esperando 3 lecturas... | Lectura invalida de DHT | Lectura invalida de DHT, se omite logica de ventilacion"
2026-07-11,04:22:38,maceta2,95,95,81,81,81,0.0,0.0,12.3,59.8,0,0,0,
2026-07-11,04:52:41,maceta1,128,128,,,,0.0,0.0,,,0,0,0,"Recolectando muestras del sensor. Esperando 3 lecturas... | Lectura invalida de DHT | Lectura invalida de DHT, se omite logica de ventilacion"
2026-07-11,04:52:41,maceta2,95,94,81,81,81,0.0,0.0,12.3,59.2,0,0,0,
2026-07-11,05:22:43,maceta1,128,128,,,,0.0,0.0,,,0,0,0,"Recolectando muestras del sensor. Esperando 3 lecturas... | Lectura invalida de DHT | Lectura invalida de DHT, se omite logica de ventilacion"
2026-07-11,05:22:43,maceta2,96,96,81,81,81,0.0,0.0,12.2,59.6,0,0,0,
2026-07-11,05:52:46,maceta1,128,128,,,,0.0,0.0,,,0,0,0,"Recolectando muestras del sensor. Esperando 3 lecturas... | Lectura invalida de DHT | Lectura invalida de DHT, se omite logica de ventilacion"
2026-07-11,05:52:46,maceta2,96,95,81,81,81,0.0,0.0,12.2,59.5,0,0,0,
2026-07-11,06:22:49,maceta1,128,128,,,,0.0,0.0,,,0,0,0,"Recolectando muestras del sensor. Esperando 3 lecturas... | Lectura invalida de DHT | Lectura invalida de DHT, se omite logica de ventilacion"
2026-07-11,06:22:49,maceta2,97,95,80,81,80,0.0,0.0,12.1,59.0,0,0,0,
2026-07-11,06:52:52,maceta1,128,128,,,,0.0,0.0,,,0,0,0,"Recolectando muestras del sensor. Esperando 3 lecturas... | Lectura invalida de DHT | Lectura invalida de DHT, se omite logica de ventilacion"
2026-07-11,06:52:52,maceta2,95,95,81,81,81,0.0,0.0,11.9,59.3,0,0,0,
2026-07-11,07:22:54,maceta1,128,128,,,,0.0,0.0,,,0,0,0,"Recolectando muestras del sensor. Esperando 3 lecturas... | Lectura invalida de DHT | Lectura invalida de DHT, se omite logica de ventilacion"
2026-07-11,07:22:54,maceta2,96,94,81,81,81,0.0,0.0,11.9,59.1,0,0,0,
2026-07-11,07:52:57,maceta1,128,128,,,,0.0,0.0,,,0,0,0,"Recolectando muestras del sensor. Esperando 3 lecturas... | Lectura invalida de DHT | Lectura invalida de DHT, se omite logica de ventilacion"
2026-07-11,07:52:57,maceta2,95,94,81,81,81,0.0,0.0,11.8,59.0,0,0,0,
2026-07-11,08:23:00,maceta1,128,128,,,,0.0,0.0,,,0,0,0,"Recolectando muestras del sensor. Esperando 3 lecturas... | Lectura invalida de DHT | Lectura invalida de DHT, se omite logica de ventilacion"
2026-07-11,08:23:00,maceta2,96,95,81,81,81,0.0,0.0,11.7,59.0,0,0,0,
2026-07-11,08:53:03,maceta1,128,128,,,,2.0833333333333335,0.0001,,,0,0,0,"Recolectando muestras del sensor. Esperando 3 lecturas... | Lectura invalida de DHT | Lectura invalida de DHT, se omite logica de ventilacion"
2026-07-11,08:53:03,maceta2,96,95,81,81,81,1.6666666666666667,0.0001,11.6,58.9,0,0,0,
2026-07-11,09:23:05,maceta1,128,128,,,,5.416666666666667,0.0003,,,0,0,0,"Recolectando muestras del sensor. Esperando 3 lecturas... | Lectura invalida de DHT | Lectura invalida de DHT, se omite logica de ventilacion"
2026-07-11,09:23:05,maceta2,96,95,81,81,81,3.75,0.0002,11.5,59.3,0,0,0,
2026-07-11,09:53:08,maceta1,128,128,,,,7.5,0.0005,,,0,0,0,"Recolectando muestras del sensor. Esperando 3 lecturas... | Lectura invalida de DHT | Lectura invalida de DHT, se omite logica de ventilacion"
2026-07-11,09:53:08,maceta2,96,96,81,81,81,5.0,0.0003,11.5,59.6,0,0,0,
2026-07-11,10:23:11,maceta1,128,128,,,,10.416666666666668,0.0008,,,0,0,0,"Recolectando muestras del sensor. Esperando 3 lecturas... | Lectura invalida de DHT | Lectura invalida de DHT, se omite logica de ventilacion"
2026-07-11,10:23:11,maceta2,95,96,81,81,81,6.666666666666667,0.0006,11.4,59.7,0,0,0,
2026-07-11,10:53:14,maceta1,128,128,,,,14.583333333333334,0.0013,,,0,0,0,"Recolectando muestras del sensor. Esperando 3 lecturas... | Lectura invalida de DHT | Lectura invalida de DHT, se omite logica de ventilacion"
2026-07-11,10:53:14,maceta2,95,96,81,81,81,9.166666666666668,0.0009,11.3,60.0,0,0,0,
2026-07-11,11:23:16,maceta1,128,128,,,,20.0,0.002,,,0,0,0,"Recolectando muestras del sensor. Esperando 3 lecturas... | Lectura invalida de DHT | Lectura invalida de DHT, se omite logica de ventilacion"
2026-07-11,11:23:16,maceta2,95,94,81,81,81,12.916666666666668,0.0013,11.3,60.2,0,0,0,
2026-07-11,11:53:19,maceta1,128,128,,,,12.916666666666668,0.0024,,,0,0,0,"Recolectando muestras del sensor. Esperando 3 lecturas... | Lectura invalida de DHT | Lectura invalida de DHT, se omite logica de ventilacion"
2026-07-11,11:53:19,maceta2,96,95,81,81,81,7.916666666666667,0.0016,11.4,60.7,0,0,0,
2026-07-11,12:23:22,maceta1,128,128,,,,20.0,0.0031,,,0,0,0,"Recolectando muestras del sensor. Esperando 3 lecturas... | Lectura invalida de DHT | Lectura invalida de DHT, se omite logica de ventilacion"
2026-07-11,12:23:22,maceta2,96,97,81,81,81,12.916666666666668,0.002,11.4,60.5,0,0,0,
2026-07-11,12:53:25,maceta1,128,128,,,,18.75,0.0037,,,0,0,0,"Recolectando muestras del sensor. Esperando 3 lecturas... | Lectura invalida de DHT | Lectura invalida de DHT, se omite logica de ventilacion"
2026-07-11,12:53:25,maceta2,96,96,81,81,81,12.083333333333334,0.0024,11.4,60.6,0,0,0,
2026-07-11,13:23:27,maceta1,128,128,,,,23.333333333333336,0.0045,,,0,0,0,"Recolectando muestras del sensor. Esperando 3 lecturas... | Lectura invalida de DHT | Lectura invalida de DHT, se omite logica de ventilacion"
2026-07-11,13:23:27,maceta2,97,95,80,81,80,15.0,0.0029,11.4,61.2,0,0,0,
2026-07-11,13:53:30,maceta1,128,128,,,,24.583333333333336,0.0053,,,0,0,0,"Recolectando muestras del sensor. Esperando 3 lecturas... | Lectura invalida de DHT | Lectura invalida de DHT, se omite logica de ventilacion"
2026-07-11,13:53:30,maceta2,96,95,80,81,80,15.833333333333334,0.0034,11.5,61.7,0,0,0,
2026-07-11,14:23:33,maceta1,128,128,,,,26.25,0.0062,,,0,0,0,"Recolectando muestras del sensor. Esperando 3 lecturas... | Lectura invalida de DHT | Lectura invalida de DHT, se omite logica de ventilacion"
2026-07-11,14:23:33,maceta2,97,96,80,81,80,17.083333333333336,0.004,11.5,63.3,0,0,0,
2026-07-11,14:53:35,maceta1,128,128,,,,32.91666666666667,0.0073,,,1,0,0,"Recolectando muestras del sensor. Esperando 3 lecturas... | Lectura invalida de DHT | Lectura invalida de DHT, se omite logica de ventilacion"
2026-07-11,14:53:35,maceta2,95,94,81,81,81,24.166666666666668,0.0048,11.5,64.6,0,0,0,
2026-07-11,15:23:38,maceta1,128,128,,,,135.0,1.0512,,,1,0,0,"Recolectando muestras del sensor. Esperando 3 lecturas... | Lectura invalida de DHT | Lectura invalida de DHT, se omite logica de ventilacion"
2026-07-11,15:23:38,maceta2,94,95,81,81,81,10.833333333333334,0.0052,11.6,65.9,1,0,0,
2026-07-11,15:53:41,maceta1,128,128,,,,136.66666666666669,2.0951,,,1,0,0,"Recolectando muestras del sensor. Esperando 3 lecturas... | Lectura invalida de DHT | Lectura invalida de DHT, se omite logica de ventilacion"
2026-07-11,15:53:41,maceta2,94,93,81,82,81,1600.4166666666667,1.0979,11.7,68.5,1,0,0,
2026-07-11,16:23:44,maceta1,128,128,,,,140.0,3.1391,,,1,0,0,"Recolectando muestras del sensor. Esperando 3 lecturas... | Lectura invalida de DHT | Lectura invalida de DHT, se omite logica de ventilacion"
2026-07-11,16:23:44,maceta2,95,94,81,82,81,1566.6666666666667,2.1895,14.0,57.1,1,0,0,
2026-07-11,16:53:46,maceta1,128,128,,,,134.58333333333334,4.1829,,,1,0,0,"Recolectando muestras del sensor. Esperando 3 lecturas... | Lectura invalida de DHT | Lectura invalida de DHT, se omite logica de ventilacion"
2026-07-11,16:53:46,maceta2,96,95,81,82,81,1603.3333333333335,3.2823,14.3,56.5,1,0,0,
2026-07-11,17:23:49,maceta1,128,128,,,,130.83333333333334,5.2267,,,1,0,0,"Recolectando muestras del sensor. Esperando 3 lecturas... | Lectura invalida de DHT | Lectura invalida de DHT, se omite logica de ventilacion"
2026-07-11,17:23:49,maceta2,96,94,81,81,81,1577.0833333333335,4.3743,14.4,56.5,1,0,0,
2026-07-11,17:53:52,maceta1,128,128,,,,128.33333333333334,6.2703,,,1,0,0,"Recolectando muestras del sensor. Esperando 3 lecturas... | Lectura invalida de DHT | Lectura invalida de DHT, se omite logica de ventilacion"
2026-07-11,17:53:52,maceta2,95,95,81,81,81,1542.5,5.4651,14.3,56.4,0,0,0,
2026-07-11,18:23:55,maceta1,128,128,,,,120.83333333333334,7.3139,,,1,0,0,"Recolectando muestras del sensor. Esperando 3 lecturas... | Lectura invalida de DHT | Lectura invalida de DHT, se omite logica de ventilacion"
2026-07-11,18:23:55,maceta2,95,95,81,81,81,2.0833333333333335,5.4652,14.3,56.5,1,0,0,
2026-07-11,18:53:57,maceta1,128,128,,,,122.5,8.3573,,,1,0,0,"Recolectando muestras del sensor. Esperando 3 lecturas... | Lectura invalida de DHT | Lectura invalida de DHT, se omite logica de ventilacion"
2026-07-11,18:53:57,maceta2,95,95,81,81,81,1559.5833333333335,6.5566,12.5,61.6,1,0,0,
2026-07-11,19:24:00,maceta1,128,128,,,,120.0,9.4007,,,1,0,0,"Recolectando muestras del sensor. Esperando 3 lecturas... | Lectura invalida de DHT | Lectura invalida de DHT, se omite logica de ventilacion"
2026-07-11,19:24:00,maceta2,94,94,81,81,81,1577.5,7.6485,13.9,56.7,1,0,0,
2026-07-11,19:54:03,maceta1,128,128,,,,122.5,10.4441,,,1,0,0,"Recolectando muestras del sensor. Esperando 3 lecturas... | Lectura invalida de DHT | Lectura invalida de DHT, se omite logica de ventilacion"
2026-07-11,19:54:03,maceta2,94,93,81,82,81,1555.4166666666667,8.7398,13.9,56.1,1,0,0,
2026-07-11,20:24:06,maceta1,128,128,,,,125.0,11.4877,,,1,0,0,"Recolectando muestras del sensor. Esperando 3 lecturas... | Lectura invalida de DHT | Lectura invalida de DHT, se omite logica de ventilacion"
2026-07-11,20:24:06,maceta2,94,95,82,82,82,1565.0,9.8314,13.7,56.0,1,0,0,
2026-07-11,20:54:09,maceta1,128,128,,,,120.41666666666667,12.5315,,,1,0,0,"Recolectando muestras del sensor. Esperando 3 lecturas... | Lectura invalida de DHT | Lectura invalida de DHT, se omite logica de ventilacion"
2026-07-11,20:54:09,maceta2,95,95,81,81,81,1578.3333333333335,10.9238,13.6,55.9,1,0,0,
2026-07-11,21:24:12,maceta1,128,128,,,,125.0,13.575,,,1,0,0,"Recolectando muestras del sensor. Esperando 3 lecturas... | Lectura invalida de DHT | Lectura invalida de DHT, se omite logica de ventilacion"
2026-07-11,21:24:12,maceta2,95,94,81,81,81,1602.5,12.0166,13.5,55.9,1,0,0,
2026-07-11,21:54:15,maceta1,128,128,,,,122.08333333333334,14.6184,,,1,0,0,"Recolectando muestras del sensor. Esperando 3 lecturas... | Lectura invalida de DHT | Lectura invalida de DHT, se omite logica de ventilacion"
2026-07-11,21:54:15,maceta2,94,94,81,81,81,1577.5,13.1086,13.6,56.1,1,0,0,
2026-07-11,22:24:17,maceta1,128,128,,,,119.58333333333334,15.6618,,,0,0,0,"Recolectando muestras del sensor. Esperando 3 lecturas... | Lectura invalida de DHT | Lectura invalida de DHT, se omite logica de ventilacion"
2026-07-11,22:24:17,maceta2,95,96,81,81,81,1581.6666666666667,14.2007,13.5,56.0,0,0,0,
2026-07-11,22:54:21,maceta1,128,128,,,,0.0,15.6618,,,0,0,0,"Recolectando muestras del sensor. Esperando 3 lecturas... | Lectura invalida de DHT | Lectura invalida de DHT, se omite logica de ventilacion"
2026-07-11,22:54:21,maceta2,95,95,81,81,81,0.0,14.2007,13.5,56.0,0,0,0,
2026-07-11,23:24:24,maceta1,128,128,,,,0.0,15.6618,,,0,0,0,"Recolectando muestras del sensor. Esperando 3 lecturas... | Lectura invalida de DHT | Lectura invalida de DHT, se omite logica de ventilacion"
2026-07-11,23:24:24,maceta2,96,95,81,81,81,0.0,14.2007,11.7,59.3,0,0,0,
2026-07-11,23:54:27,maceta1,128,128,,,,0.0,15.6618,,,0,0,0,"Recolectando muestras del sensor. Esperando 3 lecturas... | Lectura invalida de DHT | Lectura invalida de DHT, se omite logica de ventilacion"
2026-07-11,23:54:27,maceta2,96,96,81,81,81,0.0,14.2007,11.5,60.2,0,0,0,
2026-07-12,00:24:29,maceta1,128,128,,,,0.0,0.0,,,0,0,0,"Recolectando muestras del sensor. Esperando 3 lecturas... | Lectura invalida de DHT | Lectura invalida de DHT, se omite logica de ventilacion"
2026-07-12,00:24:29,maceta2,95,94,81,81,81,0.0,0.0,11.4,60.5,0,0,0,
2026-07-12,00:54:32,maceta1,128,128,,,,0.0,0.0,,,0,0,0,"Recolectando muestras del sensor. Esperando 3 lecturas... | Lectura invalida de DHT | Lectura invalida de DHT, se omite logica de ventilacion"
2026-07-12,00:54:32,maceta2,95,94,81,81,81,0.0,0.0,11.3,60.5,0,0,0,
2026-07-12,01:24:35,maceta1,128,128,,,,0.0,0.0,,,0,0,0,"Recolectando muestras del sensor. Esperando 3 lecturas... | Lectura invalida de DHT | Lectura invalida de DHT, se omite logica de ventilacion"
2026-07-12,01:24:35,maceta2,97,95,81,81,81,0.0,0.0,11.3,60.7,0,0,0,
2026-07-12,01:54:37,maceta1,128,128,,,,0.0,0.0,,,0,0,0,"Recolectando muestras del sensor. Esperando 3 lecturas... | Lectura invalida de DHT | Lectura invalida de DHT, se omite logica de ventilacion"
2026-07-12,01:54:37,maceta2,97,95,80,81,80,0.0,0.0,11.2,60.9,0,0,0,
2026-07-12,02:24:40,maceta1,128,128,,,,0.0,0.0,,,0,0,0,"Recolectando muestras del sensor. Esperando 3 lecturas... | Lectura invalida de DHT | Lectura invalida de DHT, se omite logica de ventilacion"
2026-07-12,02:24:40,maceta2,97,96,80,81,80,0.0,0.0,11.1,60.7,0,0,0,
2026-07-12,02:54:43,maceta1,128,128,,,,0.0,0.0,,,0,0,0,"Recolectando muestras del sensor. Esperando 3 lecturas... | Lectura invalida de DHT | Lectura invalida de DHT, se omite logica de ventilacion"
2026-07-12,02:54:43,maceta2,97,95,80,81,80,0.0,0.0,11.1,60.7,0,0,0,
2026-07-12,03:24:46,maceta1,128,128,,,,0.0,0.0,,,0,0,0,"Recolectando muestras del sensor. Esperando 3 lecturas... | Lectura invalida de DHT | Lectura invalida de DHT, se omite logica de ventilacion"
2026-07-12,03:24:46,maceta2,97,96,80,81,80,0.0,0.0,11.1,60.7,0,0,0,
2026-07-12,03:54:48,maceta1,128,128,,,,0.0,0.0,,,0,0,0,"Recolectando muestras del sensor. Esperando 3 lecturas... | Lectura invalida de DHT | Lectura invalida de DHT, se omite logica de ventilacion"
2026-07-12,03:54:48,maceta2,96,95,80,81,80,0.0,0.0,11.1,60.7,0,0,0,
2026-07-12,04:24:51,maceta1,128,128,,,,0.0,0.0,,,0,0,0,"Recolectando muestras del sensor. Esperando 3 lecturas... | Lectura invalida de DHT | Lectura invalida de DHT, se omite logica de ventilacion"
2026-07-12,04:24:51,maceta2,96,95,80,81,80,0.0,0.0,11.0,60.9,0,0,0,
2026-07-12,04:54:54,maceta1,128,128,,,,0.0,0.0,,,0,0,0,"Recolectando muestras del sensor. Esperando 3 lecturas... | Lectura invalida de DHT | Lectura invalida de DHT, se omite logica de ventilacion"
2026-07-12,04:54:54,maceta2,97,96,80,81,80,0.0,0.0,11.0,61.0,0,0,0,
2026-07-12,05:24:57,maceta1,128,128,,,,0.0,0.0,,,0,0,0,"Recolectando muestras del sensor. Esperando 3 lecturas... | Lectura invalida de DHT | Lectura invalida de DHT, se omite logica de ventilacion"
2026-07-12,05:24:57,maceta2,97,96,80,81,80,0.0,0.0,10.9,61.1,0,0,0,
2026-07-12,05:54:59,maceta1,128,128,,,,0.0,0.0,,,0,0,0,"Recolectando muestras del sensor. Esperando 3 lecturas... | Lectura invalida de DHT | Lectura invalida de DHT, se omite logica de ventilacion"
2026-07-12,05:54:59,maceta2,96,94,80,81,80,0.0,0.0,10.9,61.1,0,0,0,
2026-07-12,06:25:02,maceta1,128,128,,,,0.0,0.0,,,0,0,0,"Recolectando muestras del sensor. Esperando 3 lecturas... | Lectura invalida de DHT | Lectura invalida de DHT, se omite logica de ventilacion"
2026-07-12,06:25:02,maceta2,96,96,80,81,80,0.0,0.0,10.9,60.9,0,0,0,
2026-07-12,06:55:05,maceta1,128,128,,,,0.0,0.0,,,0,0,0,"Recolectando muestras del sensor. Esperando 3 lecturas... | Lectura invalida de DHT | Lectura invalida de DHT, se omite logica de ventilacion"
2026-07-12,06:55:05,maceta2,96,95,81,81,81,0.0,0.0,10.8,61.2,0,0,0,
2026-07-12,07:25:07,maceta1,128,128,,,,0.0,0.0,,,0,0,0,"Recolectando muestras del sensor. Esperando 3 lecturas... | Lectura invalida de DHT | Lectura invalida de DHT, se omite logica de ventilacion"
2026-07-12,07:25:07,maceta2,97,95,80,81,80,0.0,0.0,10.8,61.2,0,0,0,
2026-07-12,07:55:10,maceta1,128,128,,,,0.0,0.0,,,0,0,0,"Recolectando muestras del sensor. Esperando 3 lecturas... | Lectura invalida de DHT | Lectura invalida de DHT, se omite logica de ventilacion"
2026-07-12,07:55:10,maceta2,97,95,80,81,80,0.0,0.0,10.7,61.2,0,0,0,
2026-07-12,08:25:13,maceta1,128,128,,,,0.0,0.0,,,0,0,0,"Recolectando muestras del sensor. Esperando 3 lecturas... | Lectura invalida de DHT | Lectura invalida de DHT, se omite logica de ventilacion"
2026-07-12,08:25:13,maceta2,97,95,80,81,80,0.0,0.0,10.7,61.3,0,0,0,
2026-07-12,08:55:16,maceta1,128,128,,,,0.4166666666666667,0.0,,,0,0,0,"Recolectando muestras del sensor. Esperando 3 lecturas... | Lectura invalida de DHT | Lectura invalida de DHT, se omite logica de ventilacion"
2026-07-12,08:55:16,maceta2,96,95,80,81,80,0.4166666666666667,0.0,10.7,61.1,0,0,0,
2026-07-12,09:25:18,maceta1,128,128,,,,2.0833333333333335,0.0001,,,0,0,0,"Recolectando muestras del sensor. Esperando 3 lecturas... | Lectura invalida de DHT | Lectura invalida de DHT, se omite logica de ventilacion"
2026-07-12,09:25:18,maceta2,96,95,80,81,80,1.6666666666666667,0.0001,10.6,61.2,0,0,0,
2026-07-12,09:55:21,maceta1,128,128,,,,5.416666666666667,0.0003,,,0,0,0,"Recolectando muestras del sensor. Esperando 3 lecturas... | Lectura invalida de DHT | Lectura invalida de DHT, se omite logica de ventilacion"
2026-07-12,09:55:21,maceta2,97,96,80,81,80,3.75,0.0002,10.6,61.1,0,0,0,
2026-07-12,10:25:24,maceta1,128,128,,,,10.416666666666668,0.0006,,,0,0,0,"Recolectando muestras del sensor. Esperando 3 lecturas... | Lectura invalida de DHT | Lectura invalida de DHT, se omite logica de ventilacion"
2026-07-12,10:25:24,maceta2,97,95,80,81,80,6.666666666666667,0.0004,10.6,61.3,0,0,0,
2026-07-12,10:55:27,maceta1,128,128,,,,22.083333333333336,0.0013,,,0,0,0,"Recolectando muestras del sensor. Esperando 3 lecturas... | Lectura invalida de DHT | Lectura invalida de DHT, se omite logica de ventilacion"
2026-07-12,10:55:27,maceta2,96,95,80,81,80,14.166666666666668,0.0009,10.6,61.4,0,0,0,
2026-07-12,11:25:29,maceta1,128,128,,,,27.5,0.0023,,,0,0,0,"Recolectando muestras del sensor. Esperando 3 lecturas... | Lectura invalida de DHT | Lectura invalida de DHT, se omite logica de ventilacion"
2026-07-12,11:25:29,maceta2,96,94,80,81,80,17.916666666666668,0.0015,10.6,61.4,0,0,0,
2026-07-12,11:55:32,maceta1,128,128,,,,82.5,0.005,,,0,0,0,"Recolectando muestras del sensor. Esperando 3 lecturas... | Lectura invalida de DHT | Lectura invalida de DHT, se omite logica de ventilacion"
2026-07-12,11:55:32,maceta2,96,95,81,81,81,53.75,0.0033,10.6,61.9,0,0,0,
2026-07-12,12:25:35,maceta1,128,128,,,,77.08333333333334,0.0076,,,0,0,0,"Recolectando muestras del sensor. Esperando 3 lecturas... | Lectura invalida de DHT | Lectura invalida de DHT, se omite logica de ventilacion"
2026-07-12,12:25:35,maceta2,96,95,81,81,81,50.833333333333336,0.005,10.7,62.0,0,0,0,
2026-07-12,12:55:37,maceta1,128,128,,,,73.33333333333334,0.01,,,0,0,0,"Recolectando muestras del sensor. Esperando 3 lecturas... | Lectura invalida de DHT | Lectura invalida de DHT, se omite logica de ventilacion"
2026-07-12,12:55:37,maceta2,97,95,80,81,80,48.333333333333336,0.0066,10.8,65.3,0,0,0,
2026-07-12,13:25:40,maceta1,128,128,,,,57.91666666666667,0.012,,,0,0,0,"Recolectando muestras del sensor. Esperando 3 lecturas... | Lectura invalida de DHT | Lectura invalida de DHT, se omite logica de ventilacion"
2026-07-12,13:25:40,maceta2,97,95,80,81,80,38.333333333333336,0.0079,10.9,67.0,0,0,0,
2026-07-12,13:55:43,maceta1,128,128,,,,38.333333333333336,0.0132,,,0,0,0,"Recolectando muestras del sensor. Esperando 3 lecturas... | Lectura invalida de DHT | Lectura invalida de DHT, se omite logica de ventilacion"
2026-07-12,13:55:43,maceta2,97,96,80,81,80,25.0,0.0087,11.0,67.2,0,0,0,
2026-07-12,14:25:46,maceta1,128,128,,,,53.333333333333336,0.015,,,0,0,0,"Recolectando muestras del sensor. Esperando 3 lecturas... | Lectura invalida de DHT | Lectura invalida de DHT, se omite logica de ventilacion"
2026-07-12,14:25:46,maceta2,98,97,80,81,80,35.0,0.0099,11.0,67.4,0,0,0,
2026-07-12,14:55:48,maceta1,128,128,,,,14.583333333333334,0.0155,,,1,0,0,"Recolectando muestras del sensor. Esperando 3 lecturas... | Lectura invalida de DHT | Lectura invalida de DHT, se omite logica de ventilacion"
2026-07-12,14:55:48,maceta2,97,95,80,81,80,13.333333333333334,0.0103,11.1,67.8,0,0,0,
2026-07-12,15:25:51,maceta1,128,128,,,,127.08333333333334,1.0591,,,1,0,0,"Recolectando muestras del sensor. Esperando 3 lecturas... | Lectura invalida de DHT | Lectura invalida de DHT, se omite logica de ventilacion"
2026-07-12,15:25:51,maceta2,97,95,80,81,80,14.166666666666668,0.0108,11.1,67.4,1,0,0,
2026-07-12,15:55:54,maceta1,128,128,,,,124.58333333333334,2.1026,,,1,0,0,"Recolectando muestras del sensor. Esperando 3 lecturas... | Lectura invalida de DHT | Lectura invalida de DHT, se omite logica de ventilacion"
2026-07-12,15:55:54,maceta2,95,95,80,81,80,1580.4166666666667,1.1028,11.1,67.5,1,0,0,
2026-07-12,16:25:57,maceta1,128,128,,,,127.5,3.1462,,,1,0,0,"Recolectando muestras del sensor. Esperando 3 lecturas... | Lectura invalida de DHT | Lectura invalida de DHT, se omite logica de ventilacion"
2026-07-12,16:25:57,maceta2,96,94,81,81,81,1555.0,2.1941,13.7,57.9,1,0,0,
2026-07-12,16:55:59,maceta1,128,128,,,,125.83333333333334,4.1898,,,1,0,0,"Recolectando muestras del sensor. Esperando 3 lecturas... | Lectura invalida de DHT | Lectura invalida de DHT, se omite logica de ventilacion"
2026-07-12,16:55:59,maceta2,97,96,81,81,81,1601.6666666666667,3.2868,14.2,59.9,1,0,0,
2026-07-12,17:26:02,maceta1,128,128,,,,119.58333333333334,5.2331,,,1,0,0,"Recolectando muestras del sensor. Esperando 3 lecturas... | Lectura invalida de DHT | Lectura invalida de DHT, se omite logica de ventilacion"
2026-07-12,17:26:02,maceta2,95,94,81,81,81,1603.3333333333335,4.3797,14.3,59.1,1,0,0,
2026-07-12,17:56:05,maceta1,128,128,,,,117.5,6.2764,,,1,0,0,"Recolectando muestras del sensor. Esperando 3 lecturas... | Lectura invalida de DHT | Lectura invalida de DHT, se omite logica de ventilacion"
2026-07-12,17:56:05,maceta2,97,95,80,81,80,1550.0,5.4707,14.4,58.6,1,0,0,
2026-07-12,18:26:07,maceta1,128,128,,,,113.33333333333334,7.3196,,,1,0,0,"Recolectando muestras del sensor. Esperando 3 lecturas... | Lectura invalida de DHT | Lectura invalida de DHT, se omite logica de ventilacion"
2026-07-12,18:26:07,maceta2,96,95,81,81,81,1553.3333333333335,6.5619,14.4,56.8,1,0,0,
2026-07-12,18:56:10,maceta1,128,128,,,,117.08333333333334,8.3628,,,1,0,0,"Recolectando muestras del sensor. Esperando 3 lecturas... | Lectura invalida de DHT | Lectura invalida de DHT, se omite logica de ventilacion"
2026-07-12,18:56:10,maceta2,95,93,81,81,81,1558.3333333333335,7.6532,14.4,55.9,0,0,0,
2026-07-12,19:26:13,maceta1,128,128,,,,111.66666666666667,9.4059,,,1,0,0,"Recolectando muestras del sensor. Esperando 3 lecturas... | Lectura invalida de DHT | Lectura invalida de DHT, se omite logica de ventilacion"
2026-07-12,19:26:13,maceta2,95,95,81,81,81,1.6666666666666667,7.6533,14.1,55.9,1,0,0,
2026-07-12,19:56:16,maceta1,128,128,,,,115.83333333333334,10.4491,,,1,0,0,"Recolectando muestras del sensor. Esperando 3 lecturas... | Lectura invalida de DHT | Lectura invalida de DHT, se omite logica de ventilacion"
2026-07-12,19:56:16,maceta2,94,94,81,82,81,1588.3333333333335,8.7456,12.2,62.4,1,0,0,
2026-07-12,20:26:18,maceta1,128,128,,,,115.83333333333334,11.4924,,,1,0,0,"Recolectando muestras del sensor. Esperando 3 lecturas... | Lectura invalida de DHT | Lectura invalida de DHT, se omite logica de ventilacion"
2026-07-12,20:26:18,maceta2,96,95,81,81,81,1610.0,9.8387,13.9,56.7,1,0,0,
2026-07-12,20:56:21,maceta1,128,128,,,,111.25,12.5355,,,1,0,0,"Recolectando muestras del sensor. Esperando 3 lecturas... | Lectura invalida de DHT | Lectura invalida de DHT, se omite logica de ventilacion"
2026-07-12,20:56:21,maceta2,96,94,81,81,81,1551.25,10.9298,13.9,56.2,1,0,0,
2026-07-12,21:26:24,maceta1,128,128,,,,111.25,13.5785,,,1,0,0,"Recolectando muestras del sensor. Esperando 3 lecturas... | Lectura invalida de DHT | Lectura invalida de DHT, se omite logica de ventilacion"
2026-07-12,21:26:24,maceta2,96,95,81,81,81,1612.0833333333335,12.0229,13.9,56.0,1,0,0,
2026-07-12,21:56:27,maceta1,128,128,,,,112.08333333333334,14.6216,,,1,0,0,"Recolectando muestras del sensor. Esperando 3 lecturas... | Lectura invalida de DHT | Lectura invalida de DHT, se omite logica de ventilacion"
2026-07-12,21:56:27,maceta2,95,93,81,82,81,1600.0,13.1157,13.9,56.1,1,0,0,
2026-07-12,22:26:29,maceta1,128,128,,,,111.66666666666667,15.6647,,,0,0,0,"Recolectando muestras del sensor. Esperando 3 lecturas... | Lectura invalida de DHT | Lectura invalida de DHT, se omite logica de ventilacion"
2026-07-12,22:26:29,maceta2,97,96,81,81,81,1566.25,14.2073,13.8,56.0,0,0,0,
2026-07-12,22:56:32,maceta1,128,128,,,,0.0,15.6647,,,0,0,0,"Recolectando muestras del sensor. Esperando 3 lecturas... | Lectura invalida de DHT | Lectura invalida de DHT, se omite logica de ventilacion"
2026-07-12,22:56:32,maceta2,97,96,80,81,80,0.0,14.2073,13.7,56.0,0,0,0,
2026-07-12,23:26:35,maceta1,128,128,,,,0.0,15.6647,,,0,0,0,"Recolectando muestras del sensor. Esperando 3 lecturas... | Lectura invalida de DHT | Lectura invalida de DHT, se omite logica de ventilacion"
2026-07-12,23:26:35,maceta2,97,96,80,81,80,0.0,14.2073,11.9,59.8,0,0,0,
2026-07-12,23:56:37,maceta1,128,128,,,,0.0,15.6647,,,0,0,0,"Recolectando muestras del sensor. Esperando 3 lecturas... | Lectura invalida de DHT | Lectura invalida de DHT, se omite logica de ventilacion"
2026-07-12,23:56:37,maceta2,96,96,80,81,80,0.0,14.2073,11.5,60.8,0,0,0,
2026-07-13,00:26:40,maceta1,128,128,,,,0.0,0.0,,,0,0,0,"Recolectando muestras del sensor. Esperando 3 lecturas... | Lectura invalida de DHT | Lectura invalida de DHT, se omite logica de ventilacion"
2026-07-13,00:26:40,maceta2,96,95,80,81,80,0.0,0.0,11.4,61.0,0,0,0,
2026-07-13,00:56:43,maceta1,128,128,,,,0.0,0.0,,,0,0,0,"Recolectando muestras del sensor. Esperando 3 lecturas... | Lectura invalida de DHT | Lectura invalida de DHT, se omite logica de ventilacion"
2026-07-13,00:56:43,maceta2,98,95,80,81,80,0.0,0.0,11.3,61.3,0,0,0,
2026-07-13,01:26:46,maceta1,128,128,,,,0.0,0.0,,,0,0,0,"Recolectando muestras del sensor. Esperando 3 lecturas... | Lectura invalida de DHT | Lectura invalida de DHT, se omite logica de ventilacion"
2026-07-13,01:26:46,maceta2,97,96,80,81,80,0.0,0.0,11.2,60.9,0,0,0,
2026-07-13,01:56:48,maceta1,128,128,,,,0.0,0.0,,,0,0,0,"Recolectando muestras del sensor. Esperando 3 lecturas... | Lectura invalida de DHT | Lectura invalida de DHT, se omite logica de ventilacion"
2026-07-13,01:56:48,maceta2,96,95,80,81,80,0.0,0.0,11.1,61.0,0,0,0,
2026-07-13,02:26:51,maceta1,128,128,,,,0.0,0.0,,,0,0,0,"Recolectando muestras del sensor. Esperando 3 lecturas... | Lectura invalida de DHT | Lectura invalida de DHT, se omite logica de ventilacion"
2026-07-13,02:26:51,maceta2,96,95,80,81,80,0.0,0.0,11.1,61.2,0,0,0,
2026-07-13,02:56:54,maceta1,128,128,,,,0.0,0.0,,,0,0,0,"Recolectando muestras del sensor. Esperando 3 lecturas... | Lectura invalida de DHT | Lectura invalida de DHT, se omite logica de ventilacion"
2026-07-13,02:56:54,maceta2,96,95,81,81,81,0.0,0.0,11.0,61.0,0,0,0,
2026-07-13,03:26:56,maceta1,128,128,,,,0.0,0.0,,,0,0,0,"Recolectando muestras del sensor. Esperando 3 lecturas... | Lectura invalida de DHT | Lectura invalida de DHT, se omite logica de ventilacion"
2026-07-13,03:26:56,maceta2,96,95,81,81,81,0.0,0.0,11.0,61.5,0,0,0,
2026-07-13,03:56:59,maceta1,128,128,,,,0.0,0.0,,,0,0,0,"Recolectando muestras del sensor. Esperando 3 lecturas... | Lectura invalida de DHT | Lectura invalida de DHT, se omite logica de ventilacion"
2026-07-13,03:56:59,maceta2,97,95,80,81,80,0.0,0.0,10.9,61.2,0,0,0,
2026-07-13,04:27:02,maceta1,128,128,,,,0.0,0.0,,,0,0,0,"Recolectando muestras del sensor. Esperando 3 lecturas... | Lectura invalida de DHT | Lectura invalida de DHT, se omite logica de ventilacion"
2026-07-13,04:27:02,maceta2,96,95,80,81,80,0.0,0.0,10.8,61.1,0,0,0,
2026-07-13,04:57:05,maceta1,128,128,,,,0.0,0.0,,,0,0,0,"Recolectando muestras del sensor. Esperando 3 lecturas... | Lectura invalida de DHT | Lectura invalida de DHT, se omite logica de ventilacion"
2026-07-13,04:57:05,maceta2,96,95,80,81,80,0.0,0.0,10.8,61.3,0,0,0,
2026-07-13,05:27:07,maceta1,128,128,,,,0.0,0.0,,,0,0,0,"Recolectando muestras del sensor. Esperando 3 lecturas... | Lectura invalida de DHT | Lectura invalida de DHT, se omite logica de ventilacion"
2026-07-13,05:27:07,maceta2,96,96,81,81,81,0.0,0.0,10.7,61.4,0,0,0,
2026-07-13,05:57:10,maceta1,128,128,,,,0.0,0.0,,,0,0,0,"Recolectando muestras del sensor. Esperando 3 lecturas... | Lectura invalida de DHT | Lectura invalida de DHT, se omite logica de ventilacion"
2026-07-13,05:57:10,maceta2,97,96,80,81,80,0.0,0.0,10.7,61.5,0,0,0,
2026-07-13,06:27:13,maceta1,128,128,,,,0.0,0.0,,,0,0,0,"Recolectando muestras del sensor. Esperando 3 lecturas... | Lectura invalida de DHT | Lectura invalida de DHT, se omite logica de ventilacion"
2026-07-13,06:27:13,maceta2,96,95,80,81,80,0.0,0.0,10.6,61.4,0,0,0,
2026-07-13,06:57:16,maceta1,128,128,,,,0.0,0.0,,,0,0,0,"Recolectando muestras del sensor. Esperando 3 lecturas... | Lectura invalida de DHT | Lectura invalida de DHT, se omite logica de ventilacion"
2026-07-13,06:57:16,maceta2,96,96,80,81,80,0.0,0.0,10.5,61.2,0,0,0,
2026-07-13,07:27:19,maceta1,128,128,,,,0.0,0.0,,,0,0,0,"Recolectando muestras del sensor. Esperando 3 lecturas... | Lectura invalida de DHT | Lectura invalida de DHT, se omite logica de ventilacion"
2026-07-13,07:27:19,maceta2,96,95,81,81,81,0.0,0.0,10.5,61.6,0,0,0,
2026-07-13,07:57:21,maceta1,128,128,,,,0.0,0.0,,,0,0,0,"Recolectando muestras del sensor. Esperando 3 lecturas... | Lectura invalida de DHT | Lectura invalida de DHT, se omite logica de ventilacion"
2026-07-13,07:57:21,maceta2,96,95,81,81,81,0.0,0.0,10.4,61.6,0,0,0,
2026-07-13,08:27:24,maceta1,128,128,,,,0.4166666666666667,0.0,,,0,0,0,"Recolectando muestras del sensor. Esperando 3 lecturas... | Lectura invalida de DHT | Lectura invalida de DHT, se omite logica de ventilacion"
2026-07-13,08:27:24,maceta2,96,94,81,81,81,0.4166666666666667,0.0,10.3,61.7,0,0,0,
2026-07-13,08:57:27,maceta1,128,128,,,,6.666666666666667,0.0002,,,0,0,0,"Recolectando muestras del sensor. Esperando 3 lecturas... | Lectura invalida de DHT | Lectura invalida de DHT, se omite logica de ventilacion"
2026-07-13,08:57:27,maceta2,97,95,80,81,80,4.166666666666667,0.0002,10.3,61.7,0,0,0,
2026-07-13,09:27:30,maceta1,128,128,,,,17.916666666666668,0.0008,,,0,0,0,"Recolectando muestras del sensor. Esperando 3 lecturas... | Lectura invalida de DHT | Lectura invalida de DHT, se omite logica de ventilacion"
2026-07-13,09:27:30,maceta2,97,95,80,81,80,12.5,0.0006,10.3,62.0,0,0,0,
2026-07-13,09:57:32,maceta1,128,128,,,,26.25,0.0017,,,0,0,0,"Recolectando muestras del sensor. Esperando 3 lecturas... | Lectura invalida de DHT | Lectura invalida de DHT, se omite logica de ventilacion"
2026-07-13,09:57:32,maceta2,96,95,80,81,80,17.916666666666668,0.0012,10.3,62.1,0,0,0,
2026-07-13,10:27:35,maceta1,128,128,,,,36.25,0.0029,,,0,0,0,"Recolectando muestras del sensor. Esperando 3 lecturas... | Lectura invalida de DHT | Lectura invalida de DHT, se omite logica de ventilacion"
2026-07-13,10:27:35,maceta2,97,96,80,81,80,24.166666666666668,0.002,10.4,62.8,0,0,0,
2026-07-13,10:57:38,maceta1,128,128,,,,34.16666666666667,0.0041,,,0,0,0,"Recolectando muestras del sensor. Esperando 3 lecturas... | Lectura invalida de DHT | Lectura invalida de DHT, se omite logica de ventilacion"
2026-07-13,10:57:38,maceta2,97,95,80,81,80,22.5,0.0027,10.5,65.3,0,0,0,
2026-07-13,11:27:41,maceta1,128,128,,,,53.333333333333336,0.0058,,,0,0,0,"Recolectando muestras del sensor. Esperando 3 lecturas... | Lectura invalida de DHT | Lectura invalida de DHT, se omite logica de ventilacion"
2026-07-13,11:27:41,maceta2,97,94,80,81,80,34.583333333333336,0.0039,10.6,70.0,0,0,0,
2026-07-13,11:57:43,maceta1,128,128,,,,53.333333333333336,0.0076,,,0,0,0,"Recolectando muestras del sensor. Esperando 3 lecturas... | Lectura invalida de DHT | Lectura invalida de DHT, se omite logica de ventilacion"
2026-07-13,11:57:43,maceta2,97,95,80,81,80,34.16666666666667,0.005,10.7,70.4,0,0,0,
2026-07-13,12:27:46,maceta1,128,128,,,,62.083333333333336,0.0097,,,0,0,0,"Recolectando muestras del sensor. Esperando 3 lecturas... | Lectura invalida de DHT | Lectura invalida de DHT, se omite logica de ventilacion"
2026-07-13,12:27:46,maceta2,96,95,80,81,80,41.25,0.0064,10.8,69.8,0,0,0,
2026-07-13,12:57:49,maceta1,128,128,,,,69.16666666666667,0.012,,,0,0,0,"Recolectando muestras del sensor. Esperando 3 lecturas... | Lectura invalida de DHT | Lectura invalida de DHT, se omite logica de ventilacion"
2026-07-13,12:57:49,maceta2,98,95,80,81,80,45.41666666666667,0.0079,10.9,70.1,0,0,0,
2026-07-13,13:27:51,maceta1,128,128,,,,53.75,0.0138,,,0,0,0,"Recolectando muestras del sensor. Esperando 3 lecturas... | Lectura invalida de DHT | Lectura invalida de DHT, se omite logica de ventilacion"
2026-07-13,13:27:51,maceta2,98,96,80,81,80,35.833333333333336,0.0091,11.1,71.4,0,0,0,
2026-07-13,13:57:54,maceta1,128,128,,,,70.83333333333334,0.0161,,,0,0,0,"Recolectando muestras del sensor. Esperando 3 lecturas... | Lectura invalida de DHT | Lectura invalida de DHT, se omite logica de ventilacion"
2026-07-13,13:57:54,maceta2,98,96,80,81,80,46.66666666666667,0.0107,11.3,71.4,0,0,0,
2026-07-13,14:27:57,maceta1,128,128,,,,44.583333333333336,0.0176,,,0,0,0,"Recolectando muestras del sensor. Esperando 3 lecturas... | Lectura invalida de DHT | Lectura invalida de DHT, se omite logica de ventilacion"
2026-07-13,14:27:57,maceta2,98,97,80,80,80,30.0,0.0117,11.5,72.1,0,0,0,
2026-07-13,14:58:00,maceta1,128,128,,,,27.083333333333336,0.0185,,,1,0,0,"Recolectando muestras del sensor. Esperando 3 lecturas... | Lectura invalida de DHT | Lectura invalida de DHT, se omite logica de ventilacion"
2026-07-13,14:58:00,maceta2,96,94,80,81,80,20.833333333333336,0.0124,11.5,71.7,0,0,0,
2026-07-13,15:28:02,maceta1,128,128,,,,134.16666666666669,1.0624,,,1,0,0,"Recolectando muestras del sensor. Esperando 3 lecturas... | Lectura invalida de DHT | Lectura invalida de DHT, se omite logica de ventilacion"
2026-07-13,15:28:02,maceta2,97,96,80,81,80,17.916666666666668,0.013,11.7,71.9,1,0,0,
2026-07-13,15:58:05,maceta1,128,128,,,,138.33333333333334,2.1064,,,1,0,0,"Recolectando muestras del sensor. Esperando 3 lecturas... | Lectura invalida de DHT | Lectura invalida de DHT, se omite logica de ventilacion"
2026-07-13,15:58:05,maceta2,97,95,80,81,80,1628.3333333333335,1.1066,11.7,71.9,1,0,0,
2026-07-13,16:28:08,maceta1,128,128,,,,134.58333333333334,3.1502,,,1,0,0,"Recolectando muestras del sensor. Esperando 3 lecturas... | Lectura invalida de DHT | Lectura invalida de DHT, se omite logica de ventilacion"
2026-07-13,16:28:08,maceta2,96,96,80,81,80,1603.3333333333335,2.1994,14.5,66.3,1,0,0,
2026-07-13,16:58:11,maceta1,128,128,,,,119.16666666666667,4.1936,,,1,0,0,"Recolectando muestras del sensor. Esperando 3 lecturas... | Lectura invalida de DHT | Lectura invalida de DHT, se omite logica de ventilacion"
2026-07-13,16:58:11,maceta2,96,95,80,81,80,1594.5833333333335,3.292,14.9,64.7,1,0,0,
2026-07-13,17:28:13,maceta1,128,128,,,,116.66666666666667,5.2368,,,1,0,0,"Recolectando muestras del sensor. Esperando 3 lecturas... | Lectura invalida de DHT | Lectura invalida de DHT, se omite logica de ventilacion"
2026-07-13,17:28:13,maceta2,97,94,80,81,80,1508.75,4.3817,15.0,64.6,1,0,0,
2026-07-13,17:58:16,maceta1,128,128,,,,112.5,6.2799,,,1,0,0,"Recolectando muestras del sensor. Esperando 3 lecturas... | Lectura invalida de DHT | Lectura invalida de DHT, se omite logica de ventilacion"
2026-07-13,17:58:16,maceta2,97,96,80,81,80,1554.5833333333335,5.4729,15.2,64.4,1,0,0,
2026-07-13,18:28:19,maceta1,128,128,,,,114.16666666666667,7.3231,,,1,0,0,"Recolectando muestras del sensor. Esperando 3 lecturas... | Lectura invalida de DHT | Lectura invalida de DHT, se omite logica de ventilacion"
2026-07-13,18:28:19,maceta2,96,96,80,81,80,1597.0833333333335,6.5655,15.2,63.4,1,0,0,
2026-07-13,18:58:22,maceta1,128,128,,,,110.0,8.3662,,,1,0,0,"Recolectando muestras del sensor. Esperando 3 lecturas... | Lectura invalida de DHT | Lectura invalida de DHT, se omite logica de ventilacion"
2026-07-13,18:58:22,maceta2,96,94,80,81,80,1590.0,7.6579,15.3,63.3,1,0,0,
2026-07-13,19:28:24,maceta1,128,128,,,,114.16666666666667,9.4093,,,1,0,0,"Recolectando muestras del sensor. Esperando 3 lecturas... | Lectura invalida de DHT | Lectura invalida de DHT, se omite logica de ventilacion"
2026-07-13,19:28:24,maceta2,97,96,80,81,80,1553.3333333333335,8.7491,15.3,63.1,0,0,0,
2026-07-13,19:58:27,maceta1,128,128,,,,110.41666666666667,10.4524,,,1,0,0,"Recolectando muestras del sensor. Esperando 3 lecturas... | Lectura invalida de DHT | Lectura invalida de DHT, se omite logica de ventilacion"
2026-07-13,19:58:27,maceta2,96,96,80,81,80,1.6666666666666667,8.7492,15.3,64.4,1,0,0,
2026-07-13,20:28:30,maceta1,128,128,,,,112.08333333333334,11.4955,,,1,0,0,"Recolectando muestras del sensor. Esperando 3 lecturas... | Lectura invalida de DHT | Lectura invalida de DHT, se omite logica de ventilacion"
2026-07-13,20:28:30,maceta2,97,93,80,81,80,1563.3333333333335,9.8407,13.0,67.5,1,0,0,
2026-07-13,20:58:32,maceta1,128,128,,,,110.0,12.5385,,,1,0,0,"Recolectando muestras del sensor. Esperando 3 lecturas... | Lectura invalida de DHT | Lectura invalida de DHT, se omite logica de ventilacion"
2026-07-13,20:58:32,maceta2,96,95,80,81,80,1533.75,10.9312,15.0,59.6,1,0,0,
2026-07-13,21:28:35,maceta1,128,128,,,,109.58333333333334,13.5815,,,1,0,0,"Recolectando muestras del sensor. Esperando 3 lecturas... | Lectura invalida de DHT | Lectura invalida de DHT, se omite logica de ventilacion"
2026-07-13,21:28:35,maceta2,96,94,80,82,81,1472.0833333333335,12.0196,15.1,57.8,1,0,0,
2026-07-13,21:58:38,maceta1,128,128,,,,112.91666666666667,14.6247,,,1,0,0,"Recolectando muestras del sensor. Esperando 3 lecturas... | Lectura invalida de DHT | Lectura invalida de DHT, se omite logica de ventilacion"
2026-07-13,21:58:38,maceta2,96,94,81,81,81,1415.8333333333335,13.1062,15.0,57.3,1,0,0,
2026-07-13,22:28:41,maceta1,128,128,,,,112.91666666666667,15.6678,,,0,0,0,"Recolectando muestras del sensor. Esperando 3 lecturas... | Lectura invalida de DHT | Lectura invalida de DHT, se omite logica de ventilacion"
2026-07-13,22:28:41,maceta2,97,96,80,81,80,1398.3333333333335,14.1922,15.0,56.4,0,0,0,
2026-07-13,22:58:43,maceta1,128,128,,,,0.0,15.6678,,,0,0,0,"Recolectando muestras del sensor. Esperando 3 lecturas... | Lectura invalida de DHT | Lectura invalida de DHT, se omite logica de ventilacion"
2026-07-13,22:58:43,maceta2,97,96,80,81,80,0.0,14.1922,,,0,0,0,"Lectura invalida de DHT | Lectura invalida de DHT, se omite logica de ventilacion"
2026-07-13,23:28:46,maceta1,128,128,,,,0.0,15.6678,,,0,0,0,"Recolectando muestras del sensor. Esperando 3 lecturas... | Lectura invalida de DHT | Lectura invalida de DHT, se omite logica de ventilacion"
2026-07-13,23:28:46,maceta2,98,96,80,81,80,0.0,14.1922,12.9,63.9,0,0,0,
2026-07-13,23:58:49,maceta1,128,128,,,,0.0,15.6678,,,0,0,0,"Recolectando muestras del sensor. Esperando 3 lecturas... | Lectura invalida de DHT | Lectura invalida de DHT, se omite logica de ventilacion"
2026-07-13,23:58:49,maceta2,97,96,80,81,80,0.0,14.1922,12.5,66.2,0,0,0,
2026-07-14,00:28:52,maceta1,128,128,,,,0.0,0.0,,,0,0,0,"Recolectando muestras del sensor. Esperando 3 lecturas... | Lectura invalida de DHT | Lectura invalida de DHT, se omite logica de ventilacion"
2026-07-14,00:28:52,maceta2,97,95,80,81,80,0.0,0.0,12.3,67.7,0,0,0,
2026-07-14,00:58:54,maceta1,128,128,,,,0.0,0.0,,,0,0,0,"Recolectando muestras del sensor. Esperando 3 lecturas... | Lectura invalida de DHT | Lectura invalida de DHT, se omite logica de ventilacion"
2026-07-14,00:58:54,maceta2,97,95,80,81,80,0.0,0.0,12.3,67.5,0,0,0,
2026-07-14,01:28:57,maceta1,128,128,,,,0.0,0.0,,,0,0,0,"Recolectando muestras del sensor. Esperando 3 lecturas... | Lectura invalida de DHT | Lectura invalida de DHT, se omite logica de ventilacion"
2026-07-14,01:28:57,maceta2,97,96,80,81,80,0.0,0.0,12.2,68.1,0,0,0,
2026-07-14,01:59:00,maceta1,128,128,,,,0.0,0.0,,,0,0,0,"Recolectando muestras del sensor. Esperando 3 lecturas... | Lectura invalida de DHT | Lectura invalida de DHT, se omite logica de ventilacion"
2026-07-14,01:59:00,maceta2,97,95,80,81,80,0.0,0.0,12.2,67.4,0,0,0,
2026-07-14,02:29:03,maceta1,128,128,,,,0.0,0.0,,,0,0,0,"Recolectando muestras del sensor. Esperando 3 lecturas... | Lectura invalida de DHT | Lectura invalida de DHT, se omite logica de ventilacion"
2026-07-14,02:29:03,maceta2,98,96,80,81,80,0.0,0.0,12.2,67.7,0,0,0,
2026-07-14,02:59:05,maceta1,128,128,,,,0.0,0.0,,,0,0,0,"Recolectando muestras del sensor. Esperando 3 lecturas... | Lectura invalida de DHT | Lectura invalida de DHT, se omite logica de ventilacion"
2026-07-14,02:59:05,maceta2,98,95,80,81,80,0.0,0.0,12.1,66.9,0,0,0,
2026-07-14,03:29:08,maceta1,128,128,,,,0.0,0.0,,,0,0,0,"Recolectando muestras del sensor. Esperando 3 lecturas... | Lectura invalida de DHT | Lectura invalida de DHT, se omite logica de ventilacion"
2026-07-14,03:29:08,maceta2,97,95,80,81,80,0.0,0.0,12.1,64.4,0,0,0,
2026-07-14,03:59:11,maceta1,128,128,,,,0.0,0.0,,,0,0,0,"Recolectando muestras del sensor. Esperando 3 lecturas... | Lectura invalida de DHT | Lectura invalida de DHT, se omite logica de ventilacion"
2026-07-14,03:59:11,maceta2,98,96,80,81,80,0.0,0.0,12.0,63.3,0,0,0,
2026-07-14,04:29:14,maceta1,128,128,,,,0.0,0.0,,,0,0,0,"Recolectando muestras del sensor. Esperando 3 lecturas... | Lectura invalida de DHT | Lectura invalida de DHT, se omite logica de ventilacion"
2026-07-14,04:29:14,maceta2,97,95,80,81,80,0.0,0.0,12.0,61.8,0,0,0,
2026-07-14,04:59:16,maceta1,112,128,77,,77,0.0,0.0,,,0,0,0,"Fallo sensor de humedad 2, se usa sensor 1 | Lectura invalida de DHT | Lectura invalida de DHT, se omite logica de ventilacion"
2026-07-14,04:59:16,maceta2,97,96,80,81,80,0.0,0.0,11.9,61.3,0,0,0,
2026-07-14,05:29:19,maceta1,128,128,77,,77,0.0,0.0,,,0,0,0,"Fallo sensor de humedad 2, se usa sensor 1 | Lectura invalida de DHT | Lectura invalida de DHT, se omite logica de ventilacion"
2026-07-14,05:29:19,maceta2,97,95,80,81,80,0.0,0.0,11.9,61.3,0,0,0,
2026-07-14,05:59:22,maceta1,128,128,77,,77,0.0,0.0,,,0,0,0,"Fallo sensor de humedad 2, se usa sensor 1 | Lectura invalida de DHT | Lectura invalida de DHT, se omite logica de ventilacion"
2026-07-14,05:59:22,maceta2,96,96,80,81,80,0.0,0.0,11.7,61.1,0,0,0,
2026-07-14,06:29:25,maceta1,128,128,77,,77,0.0,0.0,,,0,0,0,"Fallo sensor de humedad 2, se usa sensor 1 | Lectura invalida de DHT | Lectura invalida de DHT, se omite logica de ventilacion"
2026-07-14,06:29:25,maceta2,96,95,80,81,80,0.0,0.0,11.7,61.2,0,0,0,
2026-07-14,06:59:28,maceta1,128,128,77,,77,0.0,0.0,,,0,0,0,"Fallo sensor de humedad 2, se usa sensor 1 | Lectura invalida de DHT | Lectura invalida de DHT, se omite logica de ventilacion"
2026-07-14,06:59:28,maceta2,96,95,81,81,81,0.0,0.0,11.6,61.1,0,0,0,
2026-07-14,07:29:30,maceta1,128,128,77,,77,0.0,0.0,,,0,0,0,"Fallo sensor de humedad 2, se usa sensor 1 | Lectura invalida de DHT | Lectura invalida de DHT, se omite logica de ventilacion"
2026-07-14,07:29:30,maceta2,97,96,80,81,80,0.0,0.0,11.5,61.5,0,0,0,
2026-07-14,07:59:33,maceta1,128,128,77,,77,0.0,0.0,,,0,0,0,"Fallo sensor de humedad 2, se usa sensor 1 | Lectura invalida de DHT | Lectura invalida de DHT, se omite logica de ventilacion"
2026-07-14,07:59:33,maceta2,97,95,80,81,80,0.0,0.0,11.5,61.3,0,0,0,
2026-07-14,08:29:36,maceta1,128,128,77,,77,0.4166666666666667,0.0,,,0,0,0,"Fallo sensor de humedad 2, se usa sensor 1 | Lectura invalida de DHT | Lectura invalida de DHT, se omite logica de ventilacion"
2026-07-14,08:29:36,maceta2,97,96,80,81,80,0.4166666666666667,0.0,11.4,61.4,0,0,0,
2026-07-14,08:59:38,maceta1,128,128,77,,77,9.166666666666668,0.0003,,,0,0,0,"Fallo sensor de humedad 2, se usa sensor 1 | Lectura invalida de DHT | Lectura invalida de DHT, se omite logica de ventilacion"
2026-07-14,08:59:38,maceta2,97,96,80,81,80,6.25,0.0002,11.4,61.8,0,0,0,
2026-07-14,09:29:41,maceta1,128,128,77,,77,18.75,0.0009,,,0,0,0,"Fallo sensor de humedad 2, se usa sensor 1 | Lectura invalida de DHT | Lectura invalida de DHT, se omite logica de ventilacion"
2026-07-14,09:29:41,maceta2,98,95,80,81,80,12.5,0.0006,11.3,62.2,0,0,0,
2026-07-14,09:59:44,maceta1,128,128,77,,77,27.5,0.0019,,,0,0,0,"Fallo sensor de humedad 2, se usa sensor 1 | Lectura invalida de DHT | Lectura invalida de DHT, se omite logica de ventilacion"
2026-07-14,09:59:44,maceta2,97,96,80,81,80,18.333333333333336,0.0013,11.4,62.2,0,0,0,
2026-07-14,10:29:47,maceta1,128,128,77,,77,35.0,0.003,,,0,0,0,"Fallo sensor de humedad 2, se usa sensor 1 | Lectura invalida de DHT | Lectura invalida de DHT, se omite logica de ventilacion"
2026-07-14,10:29:47,maceta2,98,96,80,81,80,23.333333333333336,0.002,11.4,63.1,0,0,0,
2026-07-14,10:59:49,maceta1,128,128,77,,77,42.083333333333336,0.0044,,,0,0,0,"Fallo sensor de humedad 2, se usa sensor 1 | Lectura invalida de DHT | Lectura invalida de DHT, se omite logica de ventilacion"
2026-07-14,10:59:49,maceta2,97,95,80,81,80,27.916666666666668,0.003,11.5,66.1,0,0,0,
2026-07-14,11:29:52,maceta1,128,128,77,,77,50.41666666666667,0.0061,,,0,0,0,"Fallo sensor de humedad 2, se usa sensor 1 | Lectura invalida de DHT | Lectura invalida de DHT, se omite logica de ventilacion"
2026-07-14,11:29:52,maceta2,97,96,80,81,80,33.333333333333336,0.0041,11.5,69.5,0,0,0,
2026-07-14,11:59:55,maceta1,128,128,77,,77,57.5,0.008,,,0,0,0,"Fallo sensor de humedad 2, se usa sensor 1 | Lectura invalida de DHT | Lectura invalida de DHT, se omite logica de ventilacion"
2026-07-14,11:59:55,maceta2,97,95,80,81,80,37.91666666666667,0.0053,11.7,70.4,0,0,0,
2026-07-14,12:29:58,maceta1,112,128,72,,72,60.833333333333336,0.0101,,,0,0,0,"Fallo sensor de humedad 2, se usa sensor 1 | Lectura invalida de DHT | Lectura invalida de DHT, se omite logica de ventilacion"
2026-07-14,12:29:58,maceta2,97,96,80,81,80,40.0,0.0067,11.7,68.0,0,0,0,
2026-07-14,13:00:03,maceta1,128,128,72,,72,65.41666666666667,0.0122,,,0,0,0,"Fallo sensor de humedad 2, se usa sensor 1 | Lectura invalida de DHT | Lectura invalida de DHT, se omite logica de ventilacion"
2026-07-14,13:00:03,maceta2,98,97,80,81,80,42.91666666666667,0.0081,11.9,68.6,0,0,0,
2026-07-14,13:30:06,maceta1,128,128,72,,72,64.16666666666667,0.0144,,,0,0,0,"Fallo sensor de humedad 2, se usa sensor 1 | Lectura invalida de DHT | Lectura invalida de DHT, se omite logica de ventilacion"
2026-07-14,13:30:06,maceta2,97,95,80,81,80,42.5,0.0095,12.0,70.2,0,0,0,
2026-07-14,14:00:09,maceta1,128,128,72,,72,64.58333333333334,0.0165,,,0,0,0,"Fallo sensor de humedad 2, se usa sensor 1 | Lectura invalida de DHT | Lectura invalida de DHT, se omite logica de ventilacion"
2026-07-14,14:00:09,maceta2,98,97,80,80,80,42.91666666666667,0.011,12.1,71.1,0,0,0,
2026-07-14,14:30:11,maceta1,128,128,72,,72,53.333333333333336,0.0183,,,0,0,0,"Fallo sensor de humedad 2, se usa sensor 1 | Lectura invalida de DHT | Lectura invalida de DHT, se omite logica de ventilacion"
2026-07-14,14:30:11,maceta2,99,97,80,80,80,39.583333333333336,0.0123,12.3,71.1,0,0,0,
2026-07-14,15:00:14,maceta1,128,128,72,,72,24.166666666666668,0.0191,,,1,0,0,"Fallo sensor de humedad 2, se usa sensor 1 | Lectura invalida de DHT | Lectura invalida de DHT, se omite logica de ventilacion"
2026-07-14,15:00:14,maceta2,96,95,80,80,80,18.75,0.0129,12.3,70.1,0,0,0,
2026-07-14,15:30:17,maceta1,128,128,72,,72,127.91666666666667,1.0628,,,1,0,0,"Fallo sensor de humedad 2, se usa sensor 1 | Lectura invalida de DHT | Lectura invalida de DHT, se omite logica de ventilacion"
2026-07-14,15:30:17,maceta2,96,96,80,81,80,16.666666666666668,0.0135,12.5,70.7,1,0,0,
2026-07-14,16:00:20,maceta1,128,128,72,,72,125.83333333333334,2.1063,,,1,0,0,"Fallo sensor de humedad 2, se usa sensor 1 | Lectura invalida de DHT | Lectura invalida de DHT, se omite logica de ventilacion"
2026-07-14,16:00:20,maceta2,97,97,80,81,80,1559.1666666666667,1.1048,12.6,71.5,1,0,0,
2026-07-14,16:30:22,maceta1,128,128,72,,72,128.75,3.15,,,1,0,0,"Fallo sensor de humedad 2, se usa sensor 1 | Lectura invalida de DHT | Lectura invalida de DHT, se omite logica de ventilacion"
2026-07-14,16:30:22,maceta2,98,96,80,80,80,1592.5,2.1973,15.3,65.6,1,0,0,
2026-07-14,17:00:25,maceta1,128,128,72,,72,122.91666666666667,4.1936,,,1,0,0,"Fallo sensor de humedad 2, se usa sensor 1 | Lectura invalida de DHT | Lectura invalida de DHT, se omite logica de ventilacion"
2026-07-14,17:00:25,maceta2,98,95,80,81,80,1538.75,3.2881,15.8,65.4,1,0,0,
2026-07-14,17:30:28,maceta1,128,128,72,,72,110.83333333333334,5.2366,,,1,0,0,"Fallo sensor de humedad 2, se usa sensor 1 | Lectura invalida de DHT | Lectura invalida de DHT, se omite logica de ventilacion"
2026-07-14,17:30:28,maceta2,97,97,80,81,80,1586.25,4.3804,16.0,67.0,1,0,0,
2026-07-14,18:00:31,maceta1,128,128,72,,72,110.0,6.2796,,,1,0,0,"Fallo sensor de humedad 2, se usa sensor 1 | Lectura invalida de DHT | Lectura invalida de DHT, se omite logica de ventilacion"
2026-07-14,18:00:31,maceta2,98,97,80,80,80,1552.9166666666667,5.4715,16.1,66.8,1,0,0,
2026-07-14,18:30:33,maceta1,128,128,72,,72,111.25,7.3227,,,1,0,0,"Fallo sensor de humedad 2, se usa sensor 1 | Lectura invalida de DHT | Lectura invalida de DHT, se omite logica de ventilacion"
2026-07-14,18:30:33,maceta2,97,95,80,80,80,1394.5833333333335,6.5574,16.2,67.3,1,0,0,
2026-07-14,19:00:36,maceta1,128,128,72,,72,108.75,8.3657,,,1,0,0,"Fallo sensor de humedad 2, se usa sensor 1 | Lectura invalida de DHT | Lectura invalida de DHT, se omite logica de ventilacion"
2026-07-14,19:00:36,maceta2,97,95,80,81,80,1223.3333333333335,7.6376,16.2,67.1,1,0,0,
2026-07-14,19:30:39,maceta1,128,128,72,,72,107.5,9.4087,,,1,0,0,"Fallo sensor de humedad 2, se usa sensor 1 | Lectura invalida de DHT | Lectura invalida de DHT, se omite logica de ventilacion"
2026-07-14,19:30:39,maceta2,97,95,80,81,80,1032.5,8.7113,16.2,65.9,1,0,0,
2026-07-14,20:00:42,maceta1,128,128,72,,72,108.75,10.4517,,,1,0,0,"Fallo sensor de humedad 2, se usa sensor 1 | Lectura invalida de DHT | Lectura invalida de DHT, se omite logica de ventilacion"
2026-07-14,20:00:42,maceta2,96,96,80,81,80,1064.5833333333335,9.7862,16.3,67.8,1,0,0,
2026-07-14,20:30:44,maceta1,128,128,72,,72,111.66666666666667,11.4947,,,1,0,0,"Fallo sensor de humedad 2, se usa sensor 1 | Lectura invalida de DHT | Lectura invalida de DHT, se omite logica de ventilacion"
2026-07-14,20:30:44,maceta2,97,96,80,81,80,1259.5833333333335,10.8676,16.4,65.6,1,0,0,
2026-07-14,21:00:47,maceta1,128,128,72,,72,106.66666666666667,12.5377,,,1,0,0,"Fallo sensor de humedad 2, se usa sensor 1 | Lectura invalida de DHT | Lectura invalida de DHT, se omite logica de ventilacion"
2026-07-14,21:00:47,maceta2,97,97,80,80,80,1414.5833333333335,11.9541,16.4,67.6,0,0,0,
2026-07-14,21:30:50,maceta1,128,128,72,,72,106.66666666666667,13.5806,,,1,0,0,"Fallo sensor de humedad 2, se usa sensor 1 | Lectura invalida de DHT | Lectura invalida de DHT, se omite logica de ventilacion"
2026-07-14,21:30:50,maceta2,99,97,80,80,80,1.25,11.9542,16.4,63.1,1,0,0,
2026-07-14,22:00:53,maceta1,128,128,72,,72,106.66666666666667,14.6235,,,0,0,0,"Fallo sensor de humedad 2, se usa sensor 1 | Lectura invalida de DHT | Lectura invalida de DHT, se omite logica de ventilacion"
2026-07-14,22:00:53,maceta2,97,96,80,80,80,1544.1666666666667,13.045,14.2,69.2,0,0,0,
2026-07-14,22:30:55,maceta1,128,128,72,,72,0.0,14.6235,,,0,0,0,"Fallo sensor de humedad 2, se usa sensor 1 | Lectura invalida de DHT | Lectura invalida de DHT, se omite logica de ventilacion"
2026-07-14,22:30:55,maceta2,99,98,79,80,79,0.0,13.045,16.3,65.2,0,0,0,
2026-07-14,23:00:58,maceta1,128,128,72,,72,0.0,14.6235,,,0,0,0,"Fallo sensor de humedad 2, se usa sensor 1 | Lectura invalida de DHT | Lectura invalida de DHT, se omite logica de ventilacion"
2026-07-14,23:00:58,maceta2,98,96,80,80,80,0.0,13.045,14.2,70.1,0,0,0,
2026-07-14,23:31:01,maceta1,128,128,72,,72,0.0,14.6235,,,0,0,0,"Fallo sensor de humedad 2, se usa sensor 1 | Lectura invalida de DHT | Lectura invalida de DHT, se omite logica de ventilacion"
2026-07-14,23:31:01,maceta2,97,96,80,80,80,0.0,13.045,13.7,72.8,0,0,0,
2026-07-15,00:01:03,maceta1,128,128,72,,72,0.0,0.0,,,0,0,0,"Fallo sensor de humedad 2, se usa sensor 1 | Lectura invalida de DHT | Lectura invalida de DHT, se omite logica de ventilacion"
2026-07-15,00:01:03,maceta2,97,96,80,81,80,0.0,0.0,13.6,72.5,0,0,0,
2026-07-15,00:31:06,maceta1,128,128,72,,72,0.0,0.0,,,0,0,0,"Fallo sensor de humedad 2, se usa sensor 1 | Lectura invalida de DHT | Lectura invalida de DHT, se omite logica de ventilacion"
2026-07-15,00:31:06,maceta2,98,97,80,80,80,0.0,0.0,13.5,72.2,0,0,0,
2026-07-15,01:01:09,maceta1,128,128,72,,72,0.0,0.0,,,0,0,0,"Fallo sensor de humedad 2, se usa sensor 1 | Lectura invalida de DHT | Lectura invalida de DHT, se omite logica de ventilacion"
2026-07-15,01:01:09,maceta2,97,96,80,80,80,0.0,0.0,13.5,71.3,0,0,0,
2026-07-15,01:31:12,maceta1,128,128,72,,72,0.0,0.0,,,0,0,0,"Fallo sensor de humedad 2, se usa sensor 1 | Lectura invalida de DHT | Lectura invalida de DHT, se omite logica de ventilacion"
2026-07-15,01:31:12,maceta2,97,96,80,80,80,0.0,0.0,13.5,70.7,0,0,0,
2026-07-15,02:01:14,maceta1,128,128,72,,72,0.0,0.0,,,0,0,0,"Fallo sensor de humedad 2, se usa sensor 1 | Lectura invalida de DHT | Lectura invalida de DHT, se omite logica de ventilacion"
2026-07-15,02:01:14,maceta2,98,96,80,81,80,0.0,0.0,13.5,70.4,0,0,0,
2026-07-15,02:31:17,maceta1,128,121,72,,72,0.0,0.0,,,0,0,0,"Fallo sensor de humedad 2, se usa sensor 1 | Lectura invalida de DHT | Lectura invalida de DHT, se omite logica de ventilacion"
2026-07-15,02:31:17,maceta2,98,97,80,80,80,0.0,0.0,13.5,70.3,0,0,0,
2026-07-15,03:01:20,maceta1,128,128,72,,72,0.0,0.0,,,0,0,0,"Fallo sensor de humedad 2, se usa sensor 1 | Lectura invalida de DHT | Lectura invalida de DHT, se omite logica de ventilacion"
2026-07-15,03:01:20,maceta2,99,97,79,80,79,0.0,0.0,13.5,69.8,0,0,0,
2026-07-15,03:31:23,maceta1,128,128,72,,72,0.0,0.0,,,0,0,0,"Fallo sensor de humedad 2, se usa sensor 1 | Lectura invalida de DHT | Lectura invalida de DHT, se omite logica de ventilacion"
2026-07-15,03:31:23,maceta2,98,97,79,80,79,0.0,0.0,13.5,69.5,0,0,0,
2026-07-15,04:01:25,maceta1,128,128,72,,72,0.0,0.0,,,0,0,0,"Fallo sensor de humedad 2, se usa sensor 1 | Lectura invalida de DHT | Lectura invalida de DHT, se omite logica de ventilacion"
2026-07-15,04:01:25,maceta2,98,96,79,80,79,0.0,0.0,13.5,69.3,0,0,0,
2026-07-15,04:31:28,maceta1,128,128,72,,72,0.0,0.0,,,0,0,0,"Fallo sensor de humedad 2, se usa sensor 1 | Lectura invalida de DHT | Lectura invalida de DHT, se omite logica de ventilacion"
2026-07-15,04:31:28,maceta2,98,97,80,80,80,0.0,0.0,13.5,69.0,0,0,0,
2026-07-15,05:01:32,maceta1,128,128,72,,72,0.0,0.0,,,0,0,0,"Fallo sensor de humedad 2, se usa sensor 1 | Lectura invalida de DHT | Lectura invalida de DHT, se omite logica de ventilacion"
2026-07-15,05:01:32,maceta2,98,98,80,80,80,0.0,0.0,13.5,70.1,0,0,0,
2026-07-15,05:31:35,maceta1,128,128,72,,72,0.0,0.0,,,0,0,0,"Fallo sensor de humedad 2, se usa sensor 1 | Lectura invalida de DHT | Lectura invalida de DHT, se omite logica de ventilacion"
2026-07-15,05:31:35,maceta2,99,97,79,80,79,0.0,0.0,13.5,70.3,0,0,0,
2026-07-15,06:01:37,maceta1,128,128,72,,72,0.0,0.0,,,0,0,0,"Fallo sensor de humedad 2, se usa sensor 1 | Lectura invalida de DHT | Lectura invalida de DHT, se omite logica de ventilacion"
2026-07-15,06:01:37,maceta2,99,97,79,80,79,0.0,0.0,13.5,70.3,0,0,0,
2026-07-15,06:31:40,maceta1,128,128,72,,72,0.0,0.0,,,0,0,0,"Fallo sensor de humedad 2, se usa sensor 1 | Lectura invalida de DHT | Lectura invalida de DHT, se omite logica de ventilacion"
2026-07-15,06:31:40,maceta2,97,97,79,80,79,0.0,0.0,13.5,70.8,0,0,0,
2026-07-15,07:01:43,maceta1,128,128,72,,72,0.0,0.0,,,0,0,0,"Fallo sensor de humedad 2, se usa sensor 1 | Lectura invalida de DHT | Lectura invalida de DHT, se omite logica de ventilacion"
2026-07-15,07:01:43,maceta2,98,98,80,80,80,0.0,0.0,13.4,70.8,0,0,0,
2026-07-15,07:31:46,maceta1,128,128,72,,72,0.0,0.0,,,0,0,0,"Fallo sensor de humedad 2, se usa sensor 1 | Lectura invalida de DHT | Lectura invalida de DHT, se omite logica de ventilacion"
2026-07-15,07:31:46,maceta2,98,97,80,80,80,0.0,0.0,13.3,70.7,0,0,0,
2026-07-15,08:01:48,maceta1,128,128,72,,72,0.0,0.0,,,0,0,0,"Fallo sensor de humedad 2, se usa sensor 1 | Lectura invalida de DHT | Lectura invalida de DHT, se omite logica de ventilacion"
2026-07-15,08:01:48,maceta2,98,97,80,80,80,0.0,0.0,13.3,70.1,0,0,0,
2026-07-15,08:31:51,maceta1,128,128,72,,72,0.4166666666666667,0.0,,,0,0,0,"Fallo sensor de humedad 2, se usa sensor 1 | Lectura invalida de DHT | Lectura invalida de DHT, se omite logica de ventilacion"
2026-07-15,08:31:51,maceta2,99,97,79,80,79,0.4166666666666667,0.0,13.3,68.9,0,0,0,
2026-07-15,09:01:54,maceta1,128,128,72,,72,5.416666666666667,0.0002,,,0,0,0,"Fallo sensor de humedad 2, se usa sensor 1 | Lectura invalida de DHT | Lectura invalida de DHT, se omite logica de ventilacion"
2026-07-15,09:01:54,maceta2,98,98,79,80,79,3.75,0.0001,13.3,69.4,0,0,0,
2026-07-15,09:31:57,maceta1,128,128,72,,72,12.916666666666668,0.0006,,,0,0,0,"Fallo sensor de humedad 2, se usa sensor 1 | Lectura invalida de DHT | Lectura invalida de DHT, se omite logica de ventilacion"
2026-07-15,09:31:57,maceta2,98,98,79,80,79,8.75,0.0004,13.3,67.4,0,0,0,
2026-07-15,10:01:59,maceta1,128,128,72,,72,28.75,0.0016,,,0,0,0,"Fallo sensor de humedad 2, se usa sensor 1 | Lectura invalida de DHT | Lectura invalida de DHT, se omite logica de ventilacion"
2026-07-15,10:01:59,maceta2,98,97,80,80,80,19.166666666666668,0.0011,13.3,66.7,0,0,0,
2026-07-15,10:32:02,maceta1,128,128,72,,72,33.75,0.0027,,,0,0,0,"Fallo sensor de humedad 2, se usa sensor 1 | Lectura invalida de DHT | Lectura invalida de DHT, se omite logica de ventilacion"
2026-07-15,10:32:02,maceta2,98,98,80,80,80,22.5,0.0018,13.3,70.4,0,0,0,
2026-07-15,11:02:05,maceta1,128,128,72,,72,37.5,0.004,,,0,0,0,"Fallo sensor de humedad 2, se usa sensor 1 | Lectura invalida de DHT | Lectura invalida de DHT, se omite logica de ventilacion"
2026-07-15,11:02:05,maceta2,97,97,80,80,80,24.583333333333336,0.0026,13.3,72.1,0,0,0,
2026-07-15,11:32:08,maceta1,128,128,72,,72,36.25,0.0052,,,0,0,0,"Fallo sensor de humedad 2, se usa sensor 1 | Lectura invalida de DHT | Lectura invalida de DHT, se omite logica de ventilacion"
2026-07-15,11:32:08,maceta2,98,97,80,80,80,23.333333333333336,0.0034,13.3,70.4,0,0,0,
2026-07-15,12:02:10,maceta1,128,128,72,,72,41.66666666666667,0.0066,,,0,0,0,"Fallo sensor de humedad 2, se usa sensor 1 | Lectura invalida de DHT | Lectura invalida de DHT, se omite logica de ventilacion"
2026-07-15,12:02:10,maceta2,98,96,80,80,80,27.083333333333336,0.0043,13.4,68.3,0,0,0,
2026-07-15,12:32:13,maceta1,128,128,72,,72,35.833333333333336,0.0078,,,0,0,0,"Fallo sensor de humedad 2, se usa sensor 1 | Lectura invalida de DHT | Lectura invalida de DHT, se omite logica de ventilacion"
2026-07-15,12:32:13,maceta2,98,97,80,80,80,22.916666666666668,0.0051,13.5,69.0,0,0,0,
2026-07-15,13:02:16,maceta1,128,128,72,,72,40.0,0.0091,,,0,0,0,"Fallo sensor de humedad 2, se usa sensor 1 | Lectura invalida de DHT | Lectura invalida de DHT, se omite logica de ventilacion"
2026-07-15,13:02:16,maceta2,99,98,79,80,79,26.25,0.006,13.5,70.2,0,0,0,
2026-07-15,13:32:19,maceta1,128,128,72,,72,67.91666666666667,0.0114,,,0,0,0,"Fallo sensor de humedad 2, se usa sensor 1 | Lectura invalida de DHT | Lectura invalida de DHT, se omite logica de ventilacion"
2026-07-15,13:32:19,maceta2,98,97,79,80,79,45.41666666666667,0.0075,13.6,71.6,0,0,0,
2026-07-15,14:02:21,maceta1,128,128,72,,72,48.75,0.013,,,0,0,0,"Fallo sensor de humedad 2, se usa sensor 1 | Lectura invalida de DHT | Lectura invalida de DHT, se omite logica de ventilacion"
2026-07-15,14:02:21,maceta2,98,98,79,80,79,32.5,0.0086,13.7,72.7,0,0,0,
2026-07-15,14:32:24,maceta1,128,128,72,,72,53.333333333333336,0.0148,,,0,0,0,"Fallo sensor de humedad 2, se usa sensor 1 | Lectura invalida de DHT | Lectura invalida de DHT, se omite logica de ventilacion"
2026-07-15,14:32:24,maceta2,98,98,80,80,80,40.41666666666667,0.0099,13.9,72.6,0,0,0,
2026-07-15,15:02:27,maceta1,128,128,72,,72,20.416666666666668,0.0154,,,1,0,0,"Fallo sensor de humedad 2, se usa sensor 1 | Lectura invalida de DHT | Lectura invalida de DHT, se omite logica de ventilacion"
2026-07-15,15:02:27,maceta2,97,95,80,80,80,15.416666666666668,0.0104,13.9,73.2,0,0,0,
2026-07-15,15:32:29,maceta1,128,128,72,,72,121.25,1.0588,,,1,0,0,"Fallo sensor de humedad 2, se usa sensor 1 | Lectura invalida de DHT | Lectura invalida de DHT, se omite logica de ventilacion"
2026-07-15,15:32:29,maceta2,98,96,80,80,80,15.0,0.0109,14.0,73.8,1,0,0,
2026-07-15,16:02:32,maceta1,128,128,72,,72,122.5,2.1024,,,1,0,0,"Fallo sensor de humedad 2, se usa sensor 1 | Lectura invalida de DHT | Lectura invalida de DHT, se omite logica de ventilacion"
2026-07-15,16:02:32,maceta2,97,96,80,81,80,537.0833333333334,1.0683,14.0,73.9,1,0,0,
2026-07-15,16:32:36,maceta1,128,128,72,,72,120.41666666666667,3.1461,,,1,0,0,"Fallo sensor de humedad 2, se usa sensor 1 | Lectura invalida de DHT | Lectura invalida de DHT, se omite logica de ventilacion"
2026-07-15,16:32:36,maceta2,97,96,80,81,80,820.4166666666667,2.1354,16.5,70.9,1,0,0,
2026-07-15,17:02:39,maceta1,128,128,72,,72,127.08333333333334,4.1901,,,1,0,0,"Fallo sensor de humedad 2, se usa sensor 1 | Lectura invalida de DHT | Lectura invalida de DHT, se omite logica de ventilacion"
2026-07-15,17:02:39,maceta2,97,96,80,81,80,1346.25,3.22,16.9,70.6,1,0,0,
2026-07-15,17:32:42,maceta1,128,128,72,,72,116.25,5.2335,,,1,0,0,"Fallo sensor de humedad 2, se usa sensor 1 | Lectura invalida de DHT | Lectura invalida de DHT, se omite logica de ventilacion"
2026-07-15,17:32:42,maceta2,98,95,80,81,80,1551.6666666666667,4.3113,17.2,70.0,1,0,0,
2026-07-15,18:02:45,maceta1,128,128,72,,72,106.66666666666667,6.2764,,,1,0,0,"Fallo sensor de humedad 2, se usa sensor 1 | Lectura invalida de DHT | Lectura invalida de DHT, se omite logica de ventilacion"
2026-07-15,18:02:45,maceta2,99,97,80,81,80,1544.5833333333335,5.4022,17.4,69.9,1,0,0,
2026-07-15,18:32:48,maceta1,128,128,72,,72,106.66666666666667,7.3196,,,1,0,0,"Fallo sensor de humedad 2, se usa sensor 1 | Lectura invalida de DHT | Lectura invalida de DHT, se omite logica de ventilacion"
2026-07-15,18:32:48,maceta2,101,96,79,81,80,1584.1666666666667,6.4947,17.5,70.1,1,0,0,
2026-07-15,19:02:51,maceta1,128,128,72,,72,106.66666666666667,8.3626,,,1,0,0,"Fallo sensor de humedad 2, se usa sensor 1 | Lectura invalida de DHT | Lectura invalida de DHT, se omite logica de ventilacion"
2026-07-15,19:02:51,maceta2,101,95,78,81,79,1551.25,7.5859,17.6,69.9,1,0,0,
2026-07-15,19:32:54,maceta1,128,128,72,,72,106.66666666666667,9.4055,,,1,0,0,"Fallo sensor de humedad 2, se usa sensor 1 | Lectura invalida de DHT | Lectura invalida de DHT, se omite logica de ventilacion"
2026-07-15,19:32:54,maceta2,99,95,78,81,79,1530.4166666666667,8.6762,17.6,70.0,1,0,0,
2026-07-15,20:02:56,maceta1,128,128,72,,72,107.5,10.4485,,,1,0,0,"Fallo sensor de humedad 2, se usa sensor 1 | Lectura invalida de DHT | Lectura invalida de DHT, se omite logica de ventilacion"
2026-07-15,20:02:56,maceta2,99,95,79,81,80,1457.9166666666667,9.7642,17.7,69.6,1,0,0,
2026-07-15,20:32:59,maceta1,128,128,72,,72,106.66666666666667,11.4914,,,1,0,0,"Fallo sensor de humedad 2, se usa sensor 1 | Lectura invalida de DHT | Lectura invalida de DHT, se omite logica de ventilacion"
2026-07-15,20:32:59,maceta2,99,96,79,81,80,1408.75,10.8506,17.8,69.3,1,0,0,
2026-07-15,21:03:02,maceta1,128,128,72,,72,103.33333333333334,12.5342,,,1,0,0,"Fallo sensor de humedad 2, se usa sensor 1 | Lectura invalida de DHT | Lectura invalida de DHT, se omite logica de ventilacion"
2026-07-15,21:03:02,maceta2,99,96,79,81,80,1380.0,11.936,17.8,69.7,1,0,0,
2026-07-15,21:33:04,maceta1,128,128,72,,72,102.91666666666667,13.577,,,1,0,0,"Fallo sensor de humedad 2, se usa sensor 1 | Lectura invalida de DHT | Lectura invalida de DHT, se omite logica de ventilacion"
2026-07-15,21:33:04,maceta2,99,96,79,81,80,1378.75,13.0213,17.8,69.2,1,0,0,
2026-07-15,22:03:07,maceta1,128,128,72,,72,102.5,14.6198,,,0,0,0,"Fallo sensor de humedad 2, se usa sensor 1 | Lectura invalida de DHT | Lectura invalida de DHT, se omite logica de ventilacion"
2026-07-15,22:03:07,maceta2,101,96,79,81,80,1366.6666666666667,14.1062,17.8,69.9,0,0,0,
2026-07-15,22:33:10,maceta1,128,128,72,,72,0.0,14.6198,,,0,0,0,"Fallo sensor de humedad 2, se usa sensor 1 | Lectura invalida de DHT | Lectura invalida de DHT, se omite logica de ventilacion"
2026-07-15,22:33:10,maceta2,101,98,78,80,79,0.0,14.1062,17.8,69.9,0,0,0,
2026-07-15,23:03:13,maceta1,128,128,72,,72,0.0,14.6198,,,0,0,0,"Fallo sensor de humedad 2, se usa sensor 1 | Lectura invalida de DHT | Lectura invalida de DHT, se omite logica de ventilacion"
2026-07-15,23:03:13,maceta2,101,98,78,80,79,0.0,14.1062,15.7,72.7,0,0,0,
2026-07-15,23:33:15,maceta1,128,128,72,,72,0.0,14.6198,,,0,0,0,"Fallo sensor de humedad 2, se usa sensor 1 | Lectura invalida de DHT | Lectura invalida de DHT, se omite logica de ventilacion"
2026-07-15,23:33:15,maceta2,101,97,78,80,79,0.0,14.1062,15.2,75.2,0,0,0,
2026-07-16,00:03:18,maceta1,128,128,72,,72,0.0,0.0,,,0,0,0,"Fallo sensor de humedad 2, se usa sensor 1 | Lectura invalida de DHT | Lectura invalida de DHT, se omite logica de ventilacion"
2026-07-16,00:03:18,maceta2,101,97,78,80,79,0.0,0.0,15.0,74.3,0,0,0,
2026-07-16,00:33:21,maceta1,128,128,72,,72,0.0,0.0,,,0,0,0,"Fallo sensor de humedad 2, se usa sensor 1 | Lectura invalida de DHT | Lectura invalida de DHT, se omite logica de ventilacion"
2026-07-16,00:33:21,maceta2,102,98,78,80,79,0.0,0.0,15.0,73.5,0,0,0,
2026-07-16,01:03:24,maceta1,128,128,72,,72,0.0,0.0,,,0,0,0,"Fallo sensor de humedad 2, se usa sensor 1 | Lectura invalida de DHT | Lectura invalida de DHT, se omite logica de ventilacion"
2026-07-16,01:03:24,maceta2,101,98,78,80,79,0.0,0.0,14.9,73.8,0,0,0,
2026-07-16,01:33:26,maceta1,128,128,72,,72,0.0,0.0,,,0,0,0,"Fallo sensor de humedad 2, se usa sensor 1 | Lectura invalida de DHT | Lectura invalida de DHT, se omite logica de ventilacion"
2026-07-16,01:33:26,maceta2,101,98,78,80,79,0.0,0.0,15.0,74.2,0,0,0,
2026-07-16,02:03:29,maceta1,128,128,72,,72,0.0,0.0,,,0,0,0,"Fallo sensor de humedad 2, se usa sensor 1 | Lectura invalida de DHT | Lectura invalida de DHT, se omite logica de ventilacion"
2026-07-16,02:03:29,maceta2,101,99,78,79,78,0.0,0.0,15.0,74.2,0,0,0,
2026-07-16,02:33:32,maceta1,128,128,72,,72,0.0,0.0,,,0,0,0,"Fallo sensor de humedad 2, se usa sensor 1 | Lectura invalida de DHT | Lectura invalida de DHT, se omite logica de ventilacion"
2026-07-16,02:33:32,maceta2,101,98,78,79,78,0.0,0.0,15.0,74.2,0,0,0,
2026-07-16,03:03:35,maceta1,128,128,72,,72,0.0,0.0,,,0,0,0,"Fallo sensor de humedad 2, se usa sensor 1 | Lectura invalida de DHT | Lectura invalida de DHT, se omite logica de ventilacion"
2026-07-16,03:03:35,maceta2,101,97,78,80,79,0.0,0.0,15.0,74.2,0,0,0,
2026-07-16,03:33:37,maceta1,128,128,72,,72,0.0,0.0,,,0,0,0,"Fallo sensor de humedad 2, se usa sensor 1 | Lectura invalida de DHT | Lectura invalida de DHT, se omite logica de ventilacion"
2026-07-16,03:33:37,maceta2,101,98,78,80,79,0.0,0.0,15.0,74.4,0,0,0,
2026-07-16,04:03:40,maceta1,128,128,72,,72,0.0,0.0,,,0,0,0,"Fallo sensor de humedad 2, se usa sensor 1 | Lectura invalida de DHT | Lectura invalida de DHT, se omite logica de ventilacion"
2026-07-16,04:03:40,maceta2,101,98,78,80,79,0.0,0.0,15.0,75.7,0,0,0,
2026-07-16,04:33:43,maceta1,128,128,72,,72,0.0,0.0,,,0,0,0,"Fallo sensor de humedad 2, se usa sensor 1 | Lectura invalida de DHT | Lectura invalida de DHT, se omite logica de ventilacion"
2026-07-16,04:33:43,maceta2,101,98,78,80,79,0.0,0.0,14.9,75.2,0,0,0,
2026-07-16,05:03:46,maceta1,128,128,72,,72,0.0,0.0,,,0,0,0,"Fallo sensor de humedad 2, se usa sensor 1 | Lectura invalida de DHT | Lectura invalida de DHT, se omite logica de ventilacion"
2026-07-16,05:03:46,maceta2,101,98,78,80,79,0.0,0.0,14.9,74.4,0,0,0,
2026-07-16,05:33:48,maceta1,128,128,72,,72,0.0,0.0,,,0,0,0,"Fallo sensor de humedad 2, se usa sensor 1 | Lectura invalida de DHT | Lectura invalida de DHT, se omite logica de ventilacion"
2026-07-16,05:33:48,maceta2,102,97,78,80,79,0.0,0.0,14.9,74.2,0,0,0,
2026-07-16,06:03:51,maceta1,128,128,72,,72,0.0,0.0,,,0,0,0,"Fallo sensor de humedad 2, se usa sensor 1 | Lectura invalida de DHT | Lectura invalida de DHT, se omite logica de ventilacion"
2026-07-16,06:03:51,maceta2,101,99,78,80,79,0.0,0.0,14.8,73.0,0,0,0,
2026-07-16,06:33:54,maceta1,128,128,72,,72,0.0,0.0,,,0,0,0,"Fallo sensor de humedad 2, se usa sensor 1 | Lectura invalida de DHT | Lectura invalida de DHT, se omite logica de ventilacion"
2026-07-16,06:33:54,maceta2,101,98,78,80,79,0.0,0.0,14.7,70.5,0,0,0,
2026-07-16,07:03:57,maceta1,128,128,72,,72,0.0,0.0,,,0,0,0,"Fallo sensor de humedad 2, se usa sensor 1 | Lectura invalida de DHT | Lectura invalida de DHT, se omite logica de ventilacion"
2026-07-16,07:03:57,maceta2,100,98,78,79,78,0.0,0.0,14.7,70.2,0,0,0,
2026-07-16,07:33:59,maceta1,128,128,72,,72,0.0,0.0,,,0,0,0,"Fallo sensor de humedad 2, se usa sensor 1 | Lectura invalida de DHT | Lectura invalida de DHT, se omite logica de ventilacion"
2026-07-16,07:33:59,maceta2,101,98,78,80,79,0.0,0.0,14.7,72.2,0,0,0,
2026-07-16,08:04:02,maceta1,128,128,72,,72,0.0,0.0,,,0,0,0,"Fallo sensor de humedad 2, se usa sensor 1 | Lectura invalida de DHT | Lectura invalida de DHT, se omite logica de ventilacion"
2026-07-16,08:04:02,maceta2,100,97,78,80,79,0.0,0.0,14.6,73.2,0,0,0,
2026-07-16,08:34:05,maceta1,128,128,72,,72,0.8333333333333334,0.0,,,0,0,0,"Fallo sensor de humedad 2, se usa sensor 1 | Lectura invalida de DHT | Lectura invalida de DHT, se omite logica de ventilacion"
2026-07-16,08:34:05,maceta2,100,98,78,80,79,0.8333333333333334,0.0,14.7,74.7,0,0,0,
2026-07-16,09:04:08,maceta1,128,128,72,,72,14.583333333333334,0.0005,,,0,0,0,"Fallo sensor de humedad 2, se usa sensor 1 | Lectura invalida de DHT | Lectura invalida de DHT, se omite logica de ventilacion"
2026-07-16,09:04:08,maceta2,101,97,78,80,79,10.0,0.0004,14.7,75.6,0,0,0,
2026-07-16,09:34:10,maceta1,121,128,71,,71,8.333333333333334,0.0008,,,0,0,0,"Fallo sensor de humedad 2, se usa sensor 1 | Lectura invalida de DHT | Lectura invalida de DHT, se omite logica de ventilacion"
2026-07-16,09:34:10,maceta2,100,98,78,80,79,5.833333333333334,0.0006,14.7,74.7,0,0,0,
2026-07-16,10:04:13,maceta1,128,128,71,,71,30.833333333333336,0.0018,,,0,0,0,"Fallo sensor de humedad 2, se usa sensor 1 | Lectura invalida de DHT | Lectura invalida de DHT, se omite logica de ventilacion"
2026-07-16,10:04:13,maceta2,100,99,78,80,79,20.833333333333336,0.0013,14.7,75.4,0,0,0,
2026-07-16,10:34:16,maceta1,128,128,71,,71,30.833333333333336,0.0028,,,0,0,0,"Fallo sensor de humedad 2, se usa sensor 1 | Lectura invalida de DHT | Lectura invalida de DHT, se omite logica de ventilacion"
2026-07-16,10:34:16,maceta2,102,99,78,79,78,20.416666666666668,0.0019,14.7,75.7,0,0,0,
2026-07-16,11:04:19,maceta1,128,128,71,,71,31.25,0.0039,,,0,0,0,"Fallo sensor de humedad 2, se usa sensor 1 | Lectura invalida de DHT | Lectura invalida de DHT, se omite logica de ventilacion"
2026-07-16,11:04:19,maceta2,100,97,78,79,78,20.416666666666668,0.0026,14.8,74.5,0,0,0,
2026-07-16,11:34:21,maceta1,128,128,71,,71,42.5,0.0053,,,0,0,0,"Fallo sensor de humedad 2, se usa sensor 1 | Lectura invalida de DHT | Lectura invalida de DHT, se omite logica de ventilacion"
2026-07-16,11:34:21,maceta2,101,97,78,80,79,27.5,0.0035,14.9,75.5,0,0,0,
2026-07-16,12:04:24,maceta1,128,128,71,,71,53.333333333333336,0.0071,,,0,0,0,"Fallo sensor de humedad 2, se usa sensor 1 | Lectura invalida de DHT | Lectura invalida de DHT, se omite logica de ventilacion"
2026-07-16,12:04:24,maceta2,101,98,78,80,79,35.41666666666667,0.0047,15.0,76.2,0,0,0,
2026-07-16,12:34:27,maceta1,128,128,71,,71,66.25,0.0093,,,0,0,0,"Fallo sensor de humedad 2, se usa sensor 1 | Lectura invalida de DHT | Lectura invalida de DHT, se omite logica de ventilacion"
2026-07-16,12:34:27,maceta2,102,97,78,80,79,43.333333333333336,0.0062,15.2,77.5,0,0,0,
2026-07-16,13:04:29,maceta1,128,128,71,,71,66.66666666666667,0.0115,,,0,0,0,"Fallo sensor de humedad 2, se usa sensor 1 | Lectura invalida de DHT | Lectura invalida de DHT, se omite logica de ventilacion"
2026-07-16,13:04:29,maceta2,101,98,78,80,79,44.16666666666667,0.0076,15.4,78.6,0,0,0,
2026-07-16,13:34:32,maceta1,128,128,71,,71,70.0,0.0139,,,0,0,0,"Fallo sensor de humedad 2, se usa sensor 1 | Lectura invalida de DHT | Lectura invalida de DHT, se omite logica de ventilacion"
2026-07-16,13:34:32,maceta2,101,98,78,80,79,46.66666666666667,0.0092,15.6,79.2,0,0,0,
2026-07-16,14:04:35,maceta1,128,128,71,,71,60.833333333333336,0.0159,,,0,0,0,"Fallo sensor de humedad 2, se usa sensor 1 | Lectura invalida de DHT | Lectura invalida de DHT, se omite logica de ventilacion"
2026-07-16,14:04:35,maceta2,102,99,78,79,78,40.41666666666667,0.0105,15.7,79.4,0,0,0,
2026-07-16,14:34:38,maceta1,128,128,71,,71,48.75,0.0175,,,0,0,0,"Fallo sensor de humedad 2, se usa sensor 1 | Lectura invalida de DHT | Lectura invalida de DHT, se omite logica de ventilacion"
2026-07-16,14:34:38,maceta2,102,99,78,79,78,37.91666666666667,0.0118,15.8,79.2,0,0,0,
2026-07-16,15:04:40,maceta1,128,128,71,,71,16.25,0.0181,,,1,0,0,"Fallo sensor de humedad 2, se usa sensor 1 | Lectura invalida de DHT | Lectura invalida de DHT, se omite logica de ventilacion"
2026-07-16,15:04:40,maceta2,100,97,78,79,78,11.666666666666668,0.0122,15.9,78.7,0,0,0,
2026-07-16,15:34:43,maceta1,128,128,71,,71,121.66666666666667,1.0615,,,1,0,0,"Fallo sensor de humedad 2, se usa sensor 1 | Lectura invalida de DHT | Lectura invalida de DHT, se omite logica de ventilacion"
2026-07-16,15:34:43,maceta2,100,96,78,80,79,10.833333333333334,0.0125,16.0,78.9,1,0,0,
2026-07-16,16:04:46,maceta1,128,128,71,,71,117.08333333333334,2.1047,,,1,0,0,"Fallo sensor de humedad 2, se usa sensor 1 | Lectura invalida de DHT | Lectura invalida de DHT, se omite logica de ventilacion"
2026-07-16,16:04:46,maceta2,100,97,78,80,79,489.1666666666667,1.0682,16.0,79.0,1,0,0,
2026-07-16,16:34:48,maceta1,128,128,71,,71,116.66666666666667,3.148,,,1,0,0,"Fallo sensor de humedad 2, se usa sensor 1 | Lectura invalida de DHT | Lectura invalida de DHT, se omite logica de ventilacion"
2026-07-16,16:34:48,maceta2,100,97,78,80,79,982.0833333333334,2.1403,18.3,74.5,1,0,0,
2026-07-16,17:04:51,maceta1,128,128,71,,71,123.75,4.1915,,,1,0,0,"Fallo sensor de humedad 2, se usa sensor 1 | Lectura invalida de DHT | Lectura invalida de DHT, se omite logica de ventilacion"
2026-07-16,17:04:51,maceta2,101,98,78,80,79,1460.0,3.2284,18.6,74.6,1,0,0,
2026-07-16,17:34:54,maceta1,128,128,71,,71,113.75,5.2347,,,1,0,0,"Fallo sensor de humedad 2, se usa sensor 1 | Lectura invalida de DHT | Lectura invalida de DHT, se omite logica de ventilacion"
2026-07-16,17:34:54,maceta2,101,98,78,80,79,1549.5833333333335,4.3195,18.9,73.4,1,0,0,
2026-07-16,18:04:57,maceta1,128,128,71,,71,114.58333333333334,6.2779,,,1,0,0,"Fallo sensor de humedad 2, se usa sensor 1 | Lectura invalida de DHT | Lectura invalida de DHT, se omite logica de ventilacion"
2026-07-16,18:04:57,maceta2,100,97,78,80,79,1527.9166666666667,5.4099,19.3,71.9,1,0,0,
2026-07-16,18:35:00,maceta1,91,92,74,,74,710.0,7.341,,,1,0,0,"Fallo sensor de humedad 2, se usa sensor 1 | Lectura invalida de DHT | Lectura invalida de DHT, se omite logica de ventilacion"
2026-07-16,18:35:00,maceta2,103,98,78,80,79,1860.0,6.5113,19.4,70.7,1,0,0,
2026-07-16,19:05:02,maceta1,128,128,74,,74,698.75,8.4036,,,1,0,0,"Fallo sensor de humedad 2, se usa sensor 1 | Lectura invalida de DHT | Lectura invalida de DHT, se omite logica de ventilacion"
2026-07-16,19:05:02,maceta2,99,93,78,81,79,1853.3333333333335,7.6124,19.7,71.1,1,0,0,
2026-07-16,19:35:05,maceta1,128,128,74,,74,722.0833333333334,9.4672,,,1,0,0,"Fallo sensor de humedad 2, se usa sensor 1 | Lectura invalida de DHT | Lectura invalida de DHT, se omite logica de ventilacion"
2026-07-16,19:35:05,maceta2,97,95,79,81,80,1521.6666666666667,8.7027,19.9,69.0,1,0,0,
2026-07-16,19:42:03,maceta1,85,86,,,,573.3333333333334,0.0,,,1,0,0,"Recolectando muestras del sensor. Esperando 3 lecturas... | Lectura invalida de DHT | Lectura invalida de DHT, se omite logica de ventilacion"
2026-07-16,19:42:03,maceta2,98,96,,,,295.83333333333337,0.0,,,1,0,0,"Recolectando muestras del sensor. Esperando 3 lecturas... | Lectura invalida de DHT | Lectura invalida de DHT, se omite logica de ventilacion"
2026-07-16,19:48:48,maceta1,86,87,,,,581.6666666666667,0.0,,,1,0,0,"Recolectando muestras del sensor. Esperando 3 lecturas... | Lectura invalida de DHT | Lectura invalida de DHT, se omite logica de ventilacion"
2026-07-16,19:48:48,maceta2,99,96,,,,302.9166666666667,0.0,20.2,70.4,1,0,0,Recolectando muestras del sensor. Esperando 3 lecturas...
2026-07-16,19:49:15,maceta1,128,128,,,,714.5833333333334,0.0163,,,1,0,0,"Recolectando muestras del sensor. Esperando 3 lecturas... | Lectura invalida de DHT | Lectura invalida de DHT, se omite logica de ventilacion"
2026-07-16,19:49:15,maceta2,98,95,,,,1557.0833333333335,0.0168,20.1,70.4,1,0,0,Recolectando muestras del sensor. Esperando 3 lecturas...
2026-07-16,19:49:43,maceta1,128,128,,,,714.5833333333334,0.0327,,,1,0,0,"Recolectando muestras del sensor. Esperando 3 lecturas... | Lectura invalida de DHT | Lectura invalida de DHT, se omite logica de ventilacion"
2026-07-16,19:49:43,maceta2,97,95,80,81,80,1543.75,0.0335,,,1,0,0,"Lectura invalida de DHT | Lectura invalida de DHT, se omite logica de ventilacion"
2026-07-16,19:50:11,maceta1,128,128,,,,710.8333333333334,0.049,,,1,0,0,"Recolectando muestras del sensor. Esperando 3 lecturas... | Lectura invalida de DHT | Lectura invalida de DHT, se omite logica de ventilacion"
2026-07-16,19:50:11,maceta2,98,96,80,81,80,1552.9166666666667,0.0503,20.1,70.9,1,0,0,
2026-07-16,19:50:39,maceta1,128,128,,,,707.0833333333334,0.0654,,,1,0,0,"Recolectando muestras del sensor. Esperando 3 lecturas... | Lectura invalida de DHT | Lectura invalida de DHT, se omite logica de ventilacion"
2026-07-16,19:50:39,maceta2,98,94,80,81,80,1567.9166666666667,0.0671,20.1,70.8,1,0,0,
2026-07-16,19:51:06,maceta1,84,86,,,,707.0833333333334,0.0817,21.7,73.3,1,0,0,Recolectando muestras del sensor. Esperando 3 lecturas...
2026-07-16,19:51:06,maceta2,98,96,80,81,80,1585.4166666666667,0.0839,20.1,70.8,1,0,0,
2026-07-16,19:51:34,maceta1,128,128,,,,713.3333333333334,0.098,,,1,0,0,"Recolectando muestras del sensor. Esperando 3 lecturas... | Lectura invalida de DHT | Lectura invalida de DHT, se omite logica de ventilacion"
2026-07-16,19:51:34,maceta2,98,96,80,81,80,1583.75,0.1007,20.1,70.7,1,0,0,
2026-07-16,19:52:02,maceta1,110,85,82,86,84,707.0833333333334,0.1144,21.7,73.5,1,0,0,
2026-07-16,19:52:02,maceta2,98,95,80,81,80,1582.9166666666667,0.1175,20.1,70.5,1,0,0,
2026-07-16,19:52:29,maceta1,128,128,82,86,84,712.9166666666667,0.1308,,,1,0,0,"Lectura invalida de DHT | Lectura invalida de DHT, se omite logica de ventilacion"
2026-07-16,19:52:29,maceta2,99,96,79,81,80,1529.1666666666667,0.1342,20.1,70.8,1,0,0,
2026-07-16,19:52:57,maceta1,83,103,82,83,82,712.5,0.1471,,,1,0,0,"Lectura invalida de DHT | Lectura invalida de DHT, se omite logica de ventilacion"
2026-07-16,19:52:57,maceta2,100,96,79,81,80,1543.3333333333335,0.151,20.2,70.5,1,0,0,
2026-07-16,19:53:25,maceta1,128,128,82,83,82,706.6666666666667,0.1635,,,1,0,0,"Lectura invalida de DHT | Lectura invalida de DHT, se omite logica de ventilacion"
2026-07-16,19:53:25,maceta2,99,96,79,81,80,1578.3333333333335,0.1678,,,1,0,0,"Lectura invalida de DHT | Lectura invalida de DHT, se omite logica de ventilacion"
2026-07-16,19:53:48,maceta1,85,87,,,,580.8333333333334,0.0,21.7,74.0,1,0,0,Recolectando muestras del sensor. Esperando 3 lecturas...
2026-07-16,19:53:48,maceta2,128,114,,,,325.4166666666667,0.0,,,1,0,0,"Recolectando muestras del sensor. Esperando 3 lecturas... | Lectura invalida de DHT | Lectura invalida de DHT, se omite logica de ventilacion"
2026-07-16,19:54:16,maceta1,93,86,,,,712.0833333333334,0.0164,,,1,0,0,"Recolectando muestras del sensor. Esperando 3 lecturas... | Lectura invalida de DHT | Lectura invalida de DHT, se omite logica de ventilacion"
2026-07-16,19:54:16,maceta2,97,93,,,,2013.3333333333335,0.017,,,1,0,0,"Recolectando muestras del sensor. Esperando 3 lecturas... | Lectura invalida de DHT | Lectura invalida de DHT, se omite logica de ventilacion"
2026-07-16,19:54:44,maceta1,128,103,,83,83,704.1666666666667,0.0327,,,1,0,0,"Fallo sensor de humedad 1, se usa sensor 2 | Lectura invalida de DHT | Lectura invalida de DHT, se omite logica de ventilacion"
2026-07-16,19:54:44,maceta2,96,92,,79,79,1845.0,0.0339,20.2,69.6,1,0,0,"Fallo sensor de humedad 1, se usa sensor 2"
2026-07-16,19:55:12,maceta1,128,103,,80,80,693.3333333333334,0.049,,,1,0,0,"Fallo sensor de humedad 1, se usa sensor 2 | Lectura invalida de DHT | Lectura invalida de DHT, se omite logica de ventilacion"
2026-07-16,19:55:12,maceta2,97,92,80,82,81,1941.25,0.0509,20.2,70.1,1,0,0,
2026-07-16,19:55:39,maceta1,128,112,,75,75,511.25,0.0652,,,1,0,0,"Fallo sensor de humedad 1, se usa sensor 2 | Lectura invalida de DHT | Lectura invalida de DHT, se omite logica de ventilacion"
2026-07-16,19:55:39,maceta2,97,92,80,83,81,1869.1666666666667,0.0678,20.2,70.2,1,0,0,
2026-07-16,19:56:07,maceta1,128,102,,75,75,734.1666666666667,0.0816,,,1,0,0,"Fallo sensor de humedad 1, se usa sensor 2 | Lectura invalida de DHT | Lectura invalida de DHT, se omite logica de ventilacion"
2026-07-16,19:56:07,maceta2,96,92,80,83,81,2012.0833333333335,0.0848,20.2,70.0,1,0,0,
2026-07-16,19:56:35,maceta1,128,95,,77,77,715.4166666666667,0.0979,,,1,0,0,"Fallo sensor de humedad 1, se usa sensor 2 | Lectura invalida de DHT | Lectura invalida de DHT, se omite logica de ventilacion"
2026-07-16,19:56:35,maceta2,96,93,80,82,81,1997.0833333333335,0.1018,20.2,69.9,1,0,0,
2026-07-16,19:57:02,maceta1,128,95,,80,80,694.5833333333334,0.1143,,,1,0,0,"Fallo sensor de humedad 1, se usa sensor 2 | Lectura invalida de DHT | Lectura invalida de DHT, se omite logica de ventilacion"
2026-07-16,19:57:02,maceta2,93,88,81,83,82,1810.8333333333335,0.1187,20.2,69.7,1,0,0,
2026-07-16,19:57:30,maceta1,128,104,,80,80,713.75,0.1306,,,1,0,0,"Fallo sensor de humedad 1, se usa sensor 2 | Lectura invalida de DHT | Lectura invalida de DHT, se omite logica de ventilacion"
2026-07-16,19:57:30,maceta2,93,93,82,83,82,1875.8333333333335,0.1357,20.2,69.9,1,0,0,
2026-07-16,19:57:58,maceta1,128,110,,77,77,390.0,0.1468,,,1,0,0,"Fallo sensor de humedad 1, se usa sensor 2 | Lectura invalida de DHT | Lectura invalida de DHT, se omite logica de ventilacion"
2026-07-16,19:57:58,maceta2,92,94,82,83,82,1857.5,0.1526,20.2,70.3,1,0,0,
2026-07-16,19:58:26,maceta1,128,105,,75,75,707.0833333333334,0.1631,,,1,0,0,"Fallo sensor de humedad 1, se usa sensor 2 | Lectura invalida de DHT | Lectura invalida de DHT, se omite logica de ventilacion"
2026-07-16,19:58:26,maceta2,94,95,82,82,82,1900.4166666666667,0.1696,,,1,0,0,"Lectura invalida de DHT | Lectura invalida de DHT, se omite logica de ventilacion"
2026-07-16,19:58:53,maceta1,128,104,,75,75,696.25,0.1795,,,1,0,0,"Fallo sensor de humedad 1, se usa sensor 2 | Lectura invalida de DHT | Lectura invalida de DHT, se omite logica de ventilacion"
2026-07-16,19:58:53,maceta2,100,97,81,81,81,1997.0833333333335,0.1866,20.2,70.3,1,0,0,
2026-07-16,19:59:21,maceta1,128,137,,70,70,619.1666666666667,0.1958,,,1,0,0,"Fallo sensor de humedad 1, se usa sensor 2 | Lectura invalida de DHT | Lectura invalida de DHT, se omite logica de ventilacion"
2026-07-16,19:59:21,maceta2,97,95,80,81,80,1754.1666666666667,0.2035,,,1,0,0,"Lectura invalida de DHT | Lectura invalida de DHT, se omite logica de ventilacion"
2026-07-16,19:59:49,maceta1,128,159,,61,61,701.25,0.2121,,,1,0,0,"Fallo sensor de humedad 1, se usa sensor 2 | Lectura invalida de DHT | Lectura invalida de DHT, se omite logica de ventilacion"
2026-07-16,19:59:49,maceta2,97,95,80,81,80,1912.5,0.2204,20.3,70.8,1,0,0,
2026-07-16,20:00:16,maceta1,128,132,,56,56,206.25,0.2282,,,1,0,0,"Fallo sensor de humedad 1, se usa sensor 2 | Lectura invalida de DHT | Lectura invalida de DHT, se omite logica de ventilacion"
2026-07-16,20:00:16,maceta2,97,95,80,81,80,1835.8333333333335,0.2373,20.3,70.9,1,0,0,
                                                                                                                                                                                                                                                                              2026-07-16,19:58:40,maceta1,96,99,,,,610.0,0.0,,,1,0,0,"Recolectando muestras del sensor. Esperando 3 lecturas... | Lectura invalida de DHT | Lectura invalida de DHT, se omite logica de ventilacion"
2026-07-16,19:58:40,maceta2,93,93,,,,325.0,0.0,,,1,0,0,"Recolectando muestras del sensor. Esperando 3 lecturas... | Lectura invalida de DHT | Lectura invalida de DHT, se omite logica de ventilacion"
2026-07-16,20:10:02,maceta1,95,98,,,,762.9166666666667,0.4028,22.3,67.6,1,0,0,Recolectando muestras del sensor. Esperando 3 lecturas...
2026-07-16,20:10:02,maceta2,94,93,,,,2250.0,0.4216,19.5,71.2,1,0,0,Recolectando muestras del sensor. Esperando 3 lecturas...
2026-07-16,20:10:29,maceta1,128,128,,,,762.0833333333334,0.4192,,,1,0,0,"Recolectando muestras del sensor. Esperando 3 lecturas... | Lectura invalida de DHT | Lectura invalida de DHT, se omite logica de ventilacion"
2026-07-16,20:10:29,maceta2,93,92,82,82,82,2175.416666666667,0.4386,19.5,71.8,1,0,0,
2026-07-16,20:10:57,maceta1,128,128,,,,766.25,0.4355,,,1,0,0,"Recolectando muestras del sensor. Esperando 3 lecturas... | Lectura invalida de DHT | Lectura invalida de DHT, se omite logica de ventilacion"
2026-07-16,20:10:57,maceta2,93,93,82,82,82,2190.8333333333335,0.4557,19.5,71.6,1,0,0,
2026-07-16,20:11:16,maceta1,97,101,,,,610.0,0.0,21.8,68.9,1,0,0,Recolectando muestras del sensor. Esperando 3 lecturas...
2026-07-16,20:11:16,maceta2,94,107,,,,325.0,0.0,,,1,0,0,"Recolectando muestras del sensor. Esperando 3 lecturas... | Lectura invalida de DHT | Lectura invalida de DHT, se omite logica de ventilacion"
2026-07-16,20:41:19,maceta1,128,128,,,,130.41666666666669,1.0437,,,1,0,0,"Recolectando muestras del sensor. Esperando 3 lecturas... | Lectura invalida de DHT | Lectura invalida de DHT, se omite logica de ventilacion"
2026-07-16,20:41:19,maceta2,95,94,,,,1607.0833333333335,1.093,19.5,72.3,1,0,0,Recolectando muestras del sensor. Esperando 3 lecturas...
2026-07-16,21:11:22,maceta1,128,128,,,,132.5,2.0875,,,1,0,0,"Recolectando muestras del sensor. Esperando 3 lecturas... | Lectura invalida de DHT | Lectura invalida de DHT, se omite logica de ventilacion"
2026-07-16,21:11:22,maceta2,95,93,81,80,80,1655.4166666666667,2.1875,20.4,71.5,1,0,0,
2026-07-16,21:41:25,maceta1,128,128,,,,133.75,3.1313,,,1,0,0,"Recolectando muestras del sensor. Esperando 3 lecturas... | Lectura invalida de DHT | Lectura invalida de DHT, se omite logica de ventilacion"
2026-07-16,21:41:25,maceta2,95,95,81,82,81,1612.0833333333335,3.2806,20.5,71.7,1,0,0,
2026-07-16,22:11:27,maceta1,128,128,,,,127.5,4.1749,,,0,0,0,"Recolectando muestras del sensor. Esperando 3 lecturas... | Lectura invalida de DHT | Lectura invalida de DHT, se omite logica de ventilacion"
2026-07-16,22:11:27,maceta2,96,95,81,81,81,1596.6666666666667,4.3732,20.5,71.3,0,0,0,
2026-07-16,22:41:30,maceta1,128,128,,,,0.0,4.1749,,,0,0,0,"Recolectando muestras del sensor. Esperando 3 lecturas... | Lectura invalida de DHT | Lectura invalida de DHT, se omite logica de ventilacion"
2026-07-16,22:41:30,maceta2,96,95,81,81,81,0.0,4.3732,20.5,70.6,0,0,0,
2026-07-16,23:11:33,maceta1,128,128,,,,0.0,4.1749,,,0,0,0,"Recolectando muestras del sensor. Esperando 3 lecturas... | Lectura invalida de DHT | Lectura invalida de DHT, se omite logica de ventilacion"
2026-07-16,23:11:33,maceta2,95,95,81,81,81,0.0,4.3732,18.5,76.5,0,0,0,
2026-07-16,23:41:35,maceta1,128,128,,,,0.0,4.1749,,,0,0,0,"Recolectando muestras del sensor. Esperando 3 lecturas... | Lectura invalida de DHT | Lectura invalida de DHT, se omite logica de ventilacion"
2026-07-16,23:41:35,maceta2,95,94,81,81,81,0.0,4.3732,18.0,77.6,0,0,0,
2026-07-17,00:11:38,maceta1,128,128,,,,0.0,0.0,,,0,0,0,"Recolectando muestras del sensor. Esperando 3 lecturas... | Lectura invalida de DHT | Lectura invalida de DHT, se omite logica de ventilacion"
2026-07-17,00:11:38,maceta2,96,94,81,81,81,0.0,0.0,17.8,78.6,0,0,0,
2026-07-17,00:41:41,maceta1,128,128,,,,0.0,0.0,,,0,0,0,"Recolectando muestras del sensor. Esperando 3 lecturas... | Lectura invalida de DHT | Lectura invalida de DHT, se omite logica de ventilacion"
2026-07-17,00:41:41,maceta2,95,95,81,81,81,0.0,0.0,17.8,78.7,0,0,0,
2026-07-17,01:11:44,maceta1,128,128,,,,0.0,0.0,,,0,0,0,"Recolectando muestras del sensor. Esperando 3 lecturas... | Lectura invalida de DHT | Lectura invalida de DHT, se omite logica de ventilacion"
2026-07-17,01:11:44,maceta2,96,95,81,81,81,0.0,0.0,17.8,78.5,0,0,0,
2026-07-17,01:41:46,maceta1,128,128,,,,0.0,0.0,,,0,0,0,"Recolectando muestras del sensor. Esperando 3 lecturas... | Lectura invalida de DHT | Lectura invalida de DHT, se omite logica de ventilacion"
2026-07-17,01:41:46,maceta2,96,94,81,81,81,0.0,0.0,17.7,78.6,0,0,0,
2026-07-17,02:11:49,maceta1,128,128,,,,0.0,0.0,,,0,0,0,"Recolectando muestras del sensor. Esperando 3 lecturas... | Lectura invalida de DHT | Lectura invalida de DHT, se omite logica de ventilacion"
2026-07-17,02:11:49,maceta2,96,94,81,81,81,0.0,0.0,17.6,77.8,0,0,0,
2026-07-17,02:41:52,maceta1,128,128,,,,0.0,0.0,,,0,0,0,"Recolectando muestras del sensor. Esperando 3 lecturas... | Lectura invalida de DHT | Lectura invalida de DHT, se omite logica de ventilacion"
2026-07-17,02:41:52,maceta2,96,95,81,81,81,0.0,0.0,17.6,77.2,0,0,0,
2026-07-17,03:11:55,maceta1,128,128,,,,0.0,0.0,,,0,0,0,"Recolectando muestras del sensor. Esperando 3 lecturas... | Lectura invalida de DHT | Lectura invalida de DHT, se omite logica de ventilacion"
2026-07-17,03:11:55,maceta2,96,95,81,81,81,0.0,0.0,17.6,77.7,0,0,0,
2026-07-17,03:41:57,maceta1,128,128,,,,0.0,0.0,,,0,0,0,"Recolectando muestras del sensor. Esperando 3 lecturas... | Lectura invalida de DHT | Lectura invalida de DHT, se omite logica de ventilacion"
2026-07-17,03:41:57,maceta2,96,95,81,81,81,0.0,0.0,17.6,77.4,0,0,0,
2026-07-17,04:12:00,maceta1,128,128,,,,0.0,0.0,,,0,0,0,"Recolectando muestras del sensor. Esperando 3 lecturas... | Lectura invalida de DHT | Lectura invalida de DHT, se omite logica de ventilacion"
2026-07-17,04:12:00,maceta2,95,95,81,81,81,0.0,0.0,17.6,77.7,0,0,0,
2026-07-17,04:42:03,maceta1,128,128,,,,0.0,0.0,,,0,0,0,"Recolectando muestras del sensor. Esperando 3 lecturas... | Lectura invalida de DHT | Lectura invalida de DHT, se omite logica de ventilacion"
2026-07-17,04:42:03,maceta2,95,95,81,81,81,0.0,0.0,17.6,77.3,0,0,0,
2026-07-17,05:12:06,maceta1,128,128,,,,0.0,0.0,,,0,0,0,"Recolectando muestras del sensor. Esperando 3 lecturas... | Lectura invalida de DHT | Lectura invalida de DHT, se omite logica de ventilacion"
2026-07-17,05:12:06,maceta2,96,94,81,81,81,0.0,0.0,17.5,76.8,0,0,0,
2026-07-17,05:42:08,maceta1,128,128,,,,0.0,0.0,,,0,0,0,"Recolectando muestras del sensor. Esperando 3 lecturas... | Lectura invalida de DHT | Lectura invalida de DHT, se omite logica de ventilacion"
2026-07-17,05:42:08,maceta2,95,94,81,81,81,0.0,0.0,17.5,76.3,0,0,0,
2026-07-17,06:12:11,maceta1,128,128,,,,0.0,0.0,,,0,0,0,"Recolectando muestras del sensor. Esperando 3 lecturas... | Lectura invalida de DHT | Lectura invalida de DHT, se omite logica de ventilacion"
2026-07-17,06:12:11,maceta2,96,95,81,81,81,0.0,0.0,17.5,75.0,0,0,0,
2026-07-17,06:42:14,maceta1,128,128,,,,0.0,0.0,,,0,0,0,"Recolectando muestras del sensor. Esperando 3 lecturas... | Lectura invalida de DHT | Lectura invalida de DHT, se omite logica de ventilacion"
2026-07-17,06:42:14,maceta2,95,94,81,81,81,0.0,0.0,17.4,73.9,0,0,0,
2026-07-17,07:12:16,maceta1,128,128,,,,0.0,0.0,,,0,0,0,"Recolectando muestras del sensor. Esperando 3 lecturas... | Lectura invalida de DHT | Lectura invalida de DHT, se omite logica de ventilacion"
2026-07-17,07:12:16,maceta2,95,94,81,81,81,0.0,0.0,17.4,73.3,0,0,0,
2026-07-17,07:42:19,maceta1,128,128,,,,0.0,0.0,,,0,0,0,"Recolectando muestras del sensor. Esperando 3 lecturas... | Lectura invalida de DHT | Lectura invalida de DHT, se omite logica de ventilacion"
2026-07-17,07:42:19,maceta2,96,95,81,81,81,0.0,0.0,17.4,74.2,0,0,0,
2026-07-17,08:12:22,maceta1,128,128,,,,0.0,0.0,,,0,0,0,"Recolectando muestras del sensor. Esperando 3 lecturas... | Lectura invalida de DHT | Lectura invalida de DHT, se omite logica de ventilacion"
2026-07-17,08:12:22,maceta2,95,95,81,81,81,0.0,0.0,17.4,74.5,0,0,0,
2026-07-17,08:42:24,maceta1,128,128,,,,1.25,0.0,,,0,0,0,"Recolectando muestras del sensor. Esperando 3 lecturas... | Lectura invalida de DHT | Lectura invalida de DHT, se omite logica de ventilacion"
2026-07-17,08:42:24,maceta2,96,94,81,81,81,0.8333333333333334,0.0,17.4,74.1,0,0,0,
2026-07-17,09:12:27,maceta1,128,128,,,,9.583333333333334,0.0004,,,0,0,0,"Recolectando muestras del sensor. Esperando 3 lecturas... | Lectura invalida de DHT | Lectura invalida de DHT, se omite logica de ventilacion"
2026-07-17,09:12:27,maceta2,96,95,81,81,81,6.25,0.0002,17.4,75.3,0,0,0,
2026-07-17,09:42:30,maceta1,128,128,,,,19.583333333333336,0.001,,,0,0,0,"Recolectando muestras del sensor. Esperando 3 lecturas... | Lectura invalida de DHT | Lectura invalida de DHT, se omite logica de ventilacion"
2026-07-17,09:42:30,maceta2,96,95,81,81,81,12.083333333333334,0.0006,17.4,75.9,0,0,0,
2026-07-17,10:12:33,maceta1,128,128,,,,28.333333333333336,0.002,,,0,0,0,"Recolectando muestras del sensor. Esperando 3 lecturas... | Lectura invalida de DHT | Lectura invalida de DHT, se omite logica de ventilacion"
2026-07-17,10:12:33,maceta2,95,94,81,81,81,17.5,0.0012,17.5,75.9,0,0,0,
2026-07-17,10:42:35,maceta1,128,128,,,,36.25,0.0032,,,0,0,0,"Recolectando muestras del sensor. Esperando 3 lecturas... | Lectura invalida de DHT | Lectura invalida de DHT, se omite logica de ventilacion"
2026-07-17,10:42:35,maceta2,95,94,81,81,81,22.083333333333336,0.002,17.5,76.5,0,0,0,
2026-07-17,11:12:38,maceta1,128,128,,,,46.25,0.0047,,,0,0,0,"Recolectando muestras del sensor. Esperando 3 lecturas... | Lectura invalida de DHT | Lectura invalida de DHT, se omite logica de ventilacion"
2026-07-17,11:12:38,maceta2,96,95,81,81,81,28.333333333333336,0.0029,17.6,77.1,0,0,0,
2026-07-17,11:42:41,maceta1,128,128,,,,53.333333333333336,0.0065,,,0,0,0,"Recolectando muestras del sensor. Esperando 3 lecturas... | Lectura invalida de DHT | Lectura invalida de DHT, se omite logica de ventilacion"
2026-07-17,11:42:41,maceta2,95,95,81,81,81,32.5,0.004,17.6,77.2,0,0,0,
2026-07-17,12:12:43,maceta1,128,128,,,,61.25,0.0085,,,0,0,0,"Recolectando muestras del sensor. Esperando 3 lecturas... | Lectura invalida de DHT | Lectura invalida de DHT, se omite logica de ventilacion"
2026-07-17,12:12:43,maceta2,95,95,81,81,81,37.083333333333336,0.0052,17.6,75.5,0,0,0,
2026-07-17,12:42:46,maceta1,128,128,,,,65.0,0.0107,,,0,0,0,"Recolectando muestras del sensor. Esperando 3 lecturas... | Lectura invalida de DHT | Lectura invalida de DHT, se omite logica de ventilacion"
2026-07-17,12:42:46,maceta2,95,94,81,81,81,39.583333333333336,0.0065,17.8,74.1,0,0,0,
2026-07-17,13:12:49,maceta1,128,128,,,,62.083333333333336,0.0128,,,0,0,0,"Recolectando muestras del sensor. Esperando 3 lecturas... | Lectura invalida de DHT | Lectura invalida de DHT, se omite logica de ventilacion"
2026-07-17,13:12:49,maceta2,96,93,81,82,81,37.91666666666667,0.0078,17.8,73.5,0,0,0,
2026-07-17,13:42:52,maceta1,128,128,,,,30.416666666666668,0.0138,,,0,0,0,"Recolectando muestras del sensor. Esperando 3 lecturas... | Lectura invalida de DHT | Lectura invalida de DHT, se omite logica de ventilacion"
2026-07-17,13:42:52,maceta2,96,95,81,82,81,17.916666666666668,0.0084,17.8,75.4,0,0,0,
2026-07-17,14:12:54,maceta1,128,128,,,,68.33333333333334,0.0161,,,0,0,0,"Recolectando muestras del sensor. Esperando 3 lecturas... | Lectura invalida de DHT | Lectura invalida de DHT, se omite logica de ventilacion"
2026-07-17,14:12:54,maceta2,97,95,80,81,80,41.25,0.0098,17.9,75.5,0,0,0,
2026-07-17,14:42:57,maceta1,128,128,,,,48.333333333333336,0.0177,,,0,0,0,"Recolectando muestras del sensor. Esperando 3 lecturas... | Lectura invalida de DHT | Lectura invalida de DHT, se omite logica de ventilacion"
2026-07-17,14:42:57,maceta2,96,94,80,81,80,32.5,0.0109,17.9,76.1,0,0,0,
2026-07-17,15:13:00,maceta1,128,128,,,,16.666666666666668,0.0182,,,1,0,0,"Recolectando muestras del sensor. Esperando 3 lecturas... | Lectura invalida de DHT | Lectura invalida de DHT, se omite logica de ventilacion"
2026-07-17,15:13:00,maceta2,96,95,80,81,80,12.916666666666668,0.0113,18.0,77.2,0,0,0,
2026-07-17,15:43:03,maceta1,128,128,,,,147.91666666666669,1.0625,,,1,0,0,"Recolectando muestras del sensor. Esperando 3 lecturas... | Lectura invalida de DHT | Lectura invalida de DHT, se omite logica de ventilacion"
2026-07-17,15:43:03,maceta2,95,94,81,81,81,14.583333333333334,0.0118,18.0,78.0,1,0,0,
2026-07-17,16:13:05,maceta1,128,128,,,,143.33333333333334,2.1066,,,1,0,0,"Recolectando muestras del sensor. Esperando 3 lecturas... | Lectura invalida de DHT | Lectura invalida de DHT, se omite logica de ventilacion"
2026-07-17,16:13:05,maceta2,96,95,81,81,81,1594.1666666666667,1.1043,18.0,77.4,1,0,0,
2026-07-17,16:43:08,maceta1,128,128,,,,138.33333333333334,3.1506,,,1,0,0,"Recolectando muestras del sensor. Esperando 3 lecturas... | Lectura invalida de DHT | Lectura invalida de DHT, se omite logica de ventilacion"
2026-07-17,16:43:08,maceta2,97,96,81,81,81,1600.0,2.197,20.3,69.4,1,0,0,
2026-07-17,17:13:11,maceta1,128,128,,,,142.91666666666669,4.1947,,,1,0,0,"Recolectando muestras del sensor. Esperando 3 lecturas... | Lectura invalida de DHT | Lectura invalida de DHT, se omite logica de ventilacion"
2026-07-17,17:13:11,maceta2,95,94,81,81,81,1657.5,3.2917,20.7,68.3,1,0,0,
2026-07-17,17:43:13,maceta1,128,128,,,,135.83333333333334,5.2386,,,1,0,0,"Recolectando muestras del sensor. Esperando 3 lecturas... | Lectura invalida de DHT | Lectura invalida de DHT, se omite logica de ventilacion"
2026-07-17,17:43:13,maceta2,96,96,81,81,81,1633.75,4.3855,20.9,67.9,1,0,0,
2026-07-17,18:13:16,maceta1,128,128,,,,128.75,6.2824,,,1,0,0,"Recolectando muestras del sensor. Esperando 3 lecturas... | Lectura invalida de DHT | Lectura invalida de DHT, se omite logica de ventilacion"
2026-07-17,18:13:16,maceta2,97,95,81,81,81,1657.0833333333335,5.4802,20.9,67.0,1,0,0,
2026-07-17,18:36:27,maceta1,104,107,,,,628.75,0.0,,,1,0,0,"Recolectando muestras del sensor. Esperando 3 lecturas... | Lectura invalida de DHT | Lectura invalida de DHT, se omite logica de ventilacion"
2026-07-17,18:36:27,maceta2,0,1,,,,292.9166666666667,0.0,22.0,62.5,1,0,0,Recolectando muestras del sensor. Esperando 3 lecturas...
2026-07-17,19:06:58,maceta1,104,107,,,,628.3333333333334,0.0,23.0,57.1,1,0,0,Recolectando muestras del sensor. Esperando 3 lecturas...
2026-07-17,19:06:58,maceta2,0,1,,,,325.0,0.0,21.9,62.0,1,0,0,Recolectando muestras del sensor. Esperando 3 lecturas...
2026-07-17,19:07:26,maceta1,128,128,,,,736.6666666666667,0.0164,,,1,0,0,"Recolectando muestras del sensor. Esperando 3 lecturas... | Lectura invalida de DHT | Lectura invalida de DHT, se omite logica de ventilacion"
2026-07-17,19:07:26,maceta2,0,1,,,,412.9166666666667,0.0162,21.1,62.9,1,0,0,Recolectando muestras del sensor. Esperando 3 lecturas...
2026-07-17,19:07:54,maceta1,128,128,,,,737.9166666666667,0.0327,,,1,0,0,"Recolectando muestras del sensor. Esperando 3 lecturas... | Lectura invalida de DHT | Lectura invalida de DHT, se omite logica de ventilacion"
2026-07-17,19:07:54,maceta2,0,1,100,100,100,487.9166666666667,0.0324,21.1,62.7,1,0,0,
2026-07-17,19:08:22,maceta1,128,119,,,,737.9166666666667,0.0491,,,1,0,0,"Recolectando muestras del sensor. Esperando 3 lecturas... | Lectura invalida de DHT | Lectura invalida de DHT, se omite logica de ventilacion"
2026-07-17,19:08:22,maceta2,0,1,100,100,100,487.9166666666667,0.0487,21.0,63.0,1,0,0,
2026-07-17,19:08:49,maceta1,128,128,,,,738.3333333333334,0.0655,,,1,0,0,"Recolectando muestras del sensor. Esperando 3 lecturas... | Lectura invalida de DHT | Lectura invalida de DHT, se omite logica de ventilacion"
2026-07-17,19:08:49,maceta2,0,1,100,100,100,489.1666666666667,0.0649,21.0,62.8,1,0,0,
2026-07-17,19:08:59,maceta1,105,107,,,,626.6666666666667,0.0,20.3,63.4,1,0,0,Recolectando muestras del sensor. Esperando 3 lecturas...
2026-07-17,19:08:59,maceta2,0,0,,,,325.83333333333337,0.0,20.9,63.0,1,0,0,Recolectando muestras del sensor. Esperando 3 lecturas...
2026-07-17,19:09:27,maceta1,128,120,,,,739.5833333333334,0.0164,,,1,0,0,"Recolectando muestras del sensor. Esperando 3 lecturas... | Lectura invalida de DHT | Lectura invalida de DHT, se omite logica de ventilacion"
2026-07-17,19:09:27,maceta2,0,1,,,,470.83333333333337,0.0162,20.9,63.7,1,0,0,Recolectando muestras del sensor. Esperando 3 lecturas...
2026-07-17,19:09:54,maceta1,128,118,,71,71,737.5,0.0327,,,1,0,0,"Fallo sensor de humedad 1, se usa sensor 2 | Lectura invalida de DHT | Lectura invalida de DHT, se omite logica de ventilacion"
2026-07-17,19:09:54,maceta2,0,1,100,100,100,482.9166666666667,0.0324,20.9,64.7,1,0,0,
2026-07-17,19:10:22,maceta1,128,147,,64,64,731.25,0.0491,,,1,0,0,"Fallo sensor de humedad 1, se usa sensor 2 | Lectura invalida de DHT | Lectura invalida de DHT, se omite logica de ventilacion"
2026-07-17,19:10:22,maceta2,1,1,100,100,100,456.25,0.0486,20.8,64.0,1,0,0,
2026-07-17,19:10:50,maceta1,128,149,,58,58,734.1666666666667,0.0654,,,1,0,0,"Fallo sensor de humedad 1, se usa sensor 2 | Lectura invalida de DHT | Lectura invalida de DHT, se omite logica de ventilacion"
2026-07-17,19:10:50,maceta2,1,1,100,100,100,484.1666666666667,0.0649,20.8,64.7,1,0,0,
2026-07-17,19:11:17,maceta1,128,128,,58,58,728.75,0.0818,,,1,0,0,"Fallo sensor de humedad 1, se usa sensor 2 | Lectura invalida de DHT | Lectura invalida de DHT, se omite logica de ventilacion"
2026-07-17,19:11:17,maceta2,0,1,100,100,100,444.58333333333337,0.0811,20.8,65.1,1,0,0,
2026-07-17,19:11:45,maceta1,128,136,,55,55,733.3333333333334,0.0981,,,1,0,0,"Fallo sensor de humedad 1, se usa sensor 2 | Lectura invalida de DHT | Lectura invalida de DHT, se omite logica de ventilacion"
2026-07-17,19:11:45,maceta2,0,1,100,100,100,478.33333333333337,0.0973,20.7,65.7,1,0,0,
2026-07-17,19:12:13,maceta1,128,132,,58,58,728.75,0.1146,,,1,0,0,"Fallo sensor de humedad 1, se usa sensor 2 | Lectura invalida de DHT | Lectura invalida de DHT, se omite logica de ventilacion"
2026-07-17,19:12:13,maceta2,0,1,100,100,100,478.75,0.1137,20.7,65.0,1,0,0,
2026-07-17,19:12:41,maceta1,128,137,,60,60,727.0833333333334,0.131,,,1,0,0,"Fallo sensor de humedad 1, se usa sensor 2 | Lectura invalida de DHT | Lectura invalida de DHT, se omite logica de ventilacion"
2026-07-17,19:12:41,maceta2,0,1,100,100,100,444.1666666666667,0.1299,20.7,64.0,1,0,0,
2026-07-17,19:13:08,maceta1,128,139,,60,60,732.9166666666667,0.1473,,,1,0,0,"Fallo sensor de humedad 1, se usa sensor 2 | Lectura invalida de DHT | Lectura invalida de DHT, se omite logica de ventilacion"
2026-07-17,19:13:08,maceta2,0,1,100,100,100,480.0,0.1461,20.7,64.1,1,0,0,
2026-07-17,19:13:36,maceta1,128,138,,58,58,730.0,0.1637,,,1,0,0,"Fallo sensor de humedad 1, se usa sensor 2 | Lectura invalida de DHT | Lectura invalida de DHT, se omite logica de ventilacion"
2026-07-17,19:13:36,maceta2,0,1,100,100,100,480.0,0.1623,20.7,65.1,1,0,0,
2026-07-17,19:14:04,maceta1,128,133,,59,59,722.9166666666667,0.18,,,1,0,0,"Fallo sensor de humedad 1, se usa sensor 2 | Lectura invalida de DHT | Lectura invalida de DHT, se omite logica de ventilacion"
2026-07-17,19:14:04,maceta2,0,1,100,100,100,459.1666666666667,0.1785,20.6,64.3,1,0,0,
2026-07-17,19:14:32,maceta1,128,139,,59,59,656.25,0.1963,,,1,0,0,"Fallo sensor de humedad 1, se usa sensor 2 | Lectura invalida de DHT | Lectura invalida de DHT, se omite logica de ventilacion"
2026-07-17,19:14:32,maceta2,0,1,100,100,100,368.33333333333337,0.1947,20.6,64.1,1,0,0,
2026-07-17,19:14:59,maceta1,128,140,,59,59,702.9166666666667,0.2127,,,1,0,0,"Fallo sensor de humedad 1, se usa sensor 2 | Lectura invalida de DHT | Lectura invalida de DHT, se omite logica de ventilacion"
2026-07-17,19:14:59,maceta2,0,1,100,100,100,440.83333333333337,0.2109,20.6,63.8,1,0,0,
2026-07-17,19:15:27,maceta1,128,137,,58,58,246.25,0.2288,,,1,0,0,"Fallo sensor de humedad 1, se usa sensor 2 | Lectura invalida de DHT | Lectura invalida de DHT, se omite logica de ventilacion"
2026-07-17,19:15:27,maceta2,0,1,100,100,100,360.83333333333337,0.2271,20.6,64.0,1,0,0,
2026-07-17,19:15:55,maceta1,128,138,,58,58,566.25,0.2451,,,1,0,0,"Fallo sensor de humedad 1, se usa sensor 2 | Lectura invalida de DHT | Lectura invalida de DHT, se omite logica de ventilacion"
2026-07-17,19:15:55,maceta2,0,1,100,100,100,375.4166666666667,0.2433,20.6,64.0,1,0,0,
2026-07-17,19:16:22,maceta1,128,140,,58,58,250.41666666666669,0.2612,,,1,0,0,"Fallo sensor de humedad 1, se usa sensor 2 | Lectura invalida de DHT | Lectura invalida de DHT, se omite logica de ventilacion"
2026-07-17,19:16:22,maceta2,0,1,100,100,100,347.5,0.2594,20.6,64.1,1,0,0,
2026-07-17,19:16:50,maceta1,128,134,,59,59,518.75,0.2774,,,1,0,0,"Fallo sensor de humedad 1, se usa sensor 2 | Lectura invalida de DHT | Lectura invalida de DHT, se omite logica de ventilacion"
2026-07-17,19:16:50,maceta2,95,,100,100,100,354.58333333333337,0.2756,20.6,64.7,1,0,0,
2026-07-17,19:17:18,maceta1,128,135,,59,59,410.0,0.2934,,,1,0,0,"Fallo sensor de humedad 1, se usa sensor 2 | Lectura invalida de DHT | Lectura invalida de DHT, se omite logica de ventilacion"
2026-07-17,19:17:18,maceta2,94,97,98,100,99,354.58333333333337,0.2916,20.6,65.1,1,0,0,
2026-07-17,19:17:45,maceta1,128,132,,61,61,353.75,0.3096,,,1,0,0,"Fallo sensor de humedad 1, se usa sensor 2 | Lectura invalida de DHT | Lectura invalida de DHT, se omite logica de ventilacion"
2026-07-17,19:17:45,maceta2,93,98,82,97,89,232.08333333333334,0.3077,20.6,65.0,1,0,0,
2026-07-17,19:18:13,maceta1,94,134,,61,61,728.75,0.326,,,1,0,0,"Fallo sensor de humedad 1, se usa sensor 2 | Lectura invalida de DHT | Lectura invalida de DHT, se omite logica de ventilacion"
2026-07-17,19:18:13,maceta2,94,99,82,80,81,440.83333333333337,0.3239,20.6,65.5,1,0,0,
2026-07-17,19:18:41,maceta1,128,134,,61,61,724.1666666666667,0.3423,,,1,0,0,"Fallo sensor de humedad 1, se usa sensor 2 | Lectura invalida de DHT | Lectura invalida de DHT, se omite logica de ventilacion"
2026-07-17,19:18:41,maceta2,94,100,82,79,80,451.6666666666667,0.3401,20.7,64.8,1,0,0,
2026-07-17,19:19:09,maceta1,128,133,,61,61,562.9166666666667,0.3586,,,1,0,0,"Fallo sensor de humedad 1, se usa sensor 2 | Lectura invalida de DHT | Lectura invalida de DHT, se omite logica de ventilacion"
2026-07-17,19:19:09,maceta2,97,100,81,79,80,413.75,0.3563,20.7,64.5,1,0,0,
2026-07-17,19:19:36,maceta1,128,143,,59,59,725.4166666666667,0.3749,,,1,0,0,"Fallo sensor de humedad 1, se usa sensor 2 | Lectura invalida de DHT | Lectura invalida de DHT, se omite logica de ventilacion"
2026-07-17,19:19:36,maceta2,97,100,81,78,79,415.83333333333337,0.3725,20.6,65.2,1,0,0,
2026-07-17,19:20:04,maceta1,128,126,,61,61,720.4166666666667,0.3913,,,1,0,0,"Fallo sensor de humedad 1, se usa sensor 2 | Lectura invalida de DHT | Lectura invalida de DHT, se omite logica de ventilacion"
2026-07-17,19:20:04,maceta2,97,100,80,78,79,462.5,0.3888,20.7,64.2,1,0,0,
2026-07-17,19:20:32,maceta1,128,123,,62,62,,0.4073,,,1,0,0,"Fallo sensor de humedad 1, se usa sensor 2 | Lectura invalida de DHT | Lectura invalida de DHT, se omite logica de ventilacion"
2026-07-17,19:20:32,maceta2,94,98,81,79,80,295.83333333333337,0.4049,20.7,65.0,1,0,0,
2026-07-17,19:20:59,maceta1,128,122,,66,66,,0.4233,,,1,0,0,"Fallo sensor de humedad 1, se usa sensor 2 | Lectura invalida de DHT | Lectura invalida de DHT, se omite logica de ventilacion"
2026-07-17,19:20:59,maceta2,95,99,81,79,80,469.58333333333337,0.4211,,,1,0,0,"Lectura invalida de DHT | Lectura invalida de DHT, se omite logica de ventilacion"
2026-07-17,19:21:27,maceta1,128,133,,65,65,618.75,0.4396,,,1,0,0,"Fallo sensor de humedad 1, se usa sensor 2 | Lectura invalida de DHT | Lectura invalida de DHT, se omite logica de ventilacion"
2026-07-17,19:21:27,maceta2,92,99,82,79,80,390.0,0.4373,20.7,65.3,1,0,0,
2026-07-17,19:21:55,maceta1,128,128,,65,65,597.5,0.4559,,,1,0,0,"Fallo sensor de humedad 1, se usa sensor 2 | Lectura invalida de DHT | Lectura invalida de DHT, se omite logica de ventilacion"
2026-07-17,19:21:55,maceta2,93,97,82,79,80,404.58333333333337,0.4535,20.7,65.0,1,0,0,
2026-07-17,19:22:23,maceta1,128,131,,63,63,699.5833333333334,0.4722,,,1,0,0,"Fallo sensor de humedad 1, se usa sensor 2 | Lectura invalida de DHT | Lectura invalida de DHT, se omite logica de ventilacion"
2026-07-17,19:22:23,maceta2,93,98,82,80,81,465.83333333333337,0.4697,20.7,64.1,1,0,0,
2026-07-17,19:22:50,maceta1,128,128,,63,63,700.0,0.4886,,,1,0,0,"Fallo sensor de humedad 1, se usa sensor 2 | Lectura invalida de DHT | Lectura invalida de DHT, se omite logica de ventilacion"
2026-07-17,19:22:50,maceta2,95,99,82,80,81,467.08333333333337,0.4859,20.7,64.3,1,0,0,
2026-07-17,19:23:18,maceta1,128,134,,61,61,615.0,0.5049,,,1,0,0,"Fallo sensor de humedad 1, se usa sensor 2 | Lectura invalida de DHT | Lectura invalida de DHT, se omite logica de ventilacion"
2026-07-17,19:23:18,maceta2,96,99,81,79,80,403.75,0.5021,20.7,64.7,1,0,0,
2026-07-17,19:23:46,maceta1,128,155,,57,57,696.25,0.5212,,,1,0,0,"Fallo sensor de humedad 1, se usa sensor 2 | Lectura invalida de DHT | Lectura invalida de DHT, se omite logica de ventilacion"
2026-07-17,19:23:46,maceta2,95,100,81,79,80,466.6666666666667,0.5184,20.7,64.2,1,0,0,
2026-07-17,19:24:14,maceta1,128,159,,52,52,700.4166666666667,0.5376,,,1,0,0,"Fallo sensor de humedad 1, se usa sensor 2 | Lectura invalida de DHT | Lectura invalida de DHT, se omite logica de ventilacion"
2026-07-17,19:24:14,maceta2,96,100,81,79,80,473.33333333333337,0.5346,20.7,64.0,1,0,0,
2026-07-17,19:24:41,maceta1,128,128,,52,52,657.0833333333334,0.5539,,,1,0,0,"Fallo sensor de humedad 1, se usa sensor 2 | Lectura invalida de DHT | Lectura invalida de DHT, se omite logica de ventilacion"
2026-07-17,19:24:41,maceta2,96,100,81,78,79,371.25,0.5507,20.7,63.7,1,0,0,
2026-07-17,19:25:09,maceta1,128,160,,48,48,655.8333333333334,0.5702,,,1,0,0,"Fallo sensor de humedad 1, se usa sensor 2 | Lectura invalida de DHT | Lectura invalida de DHT, se omite logica de ventilacion"
2026-07-17,19:25:09,maceta2,98,100,80,78,79,405.83333333333337,0.5669,20.7,65.0,1,0,0,
2026-07-17,19:25:37,maceta1,128,128,,48,48,657.9166666666667,0.5867,,,1,0,0,"Fallo sensor de humedad 1, se usa sensor 2 | Lectura invalida de DHT | Lectura invalida de DHT, se omite logica de ventilacion"
2026-07-17,19:25:37,maceta2,99,101,80,78,79,408.75,0.5833,20.7,64.5,1,0,0,
2026-07-17,19:26:05,maceta1,128,128,,48,48,661.6666666666667,0.603,,,1,0,0,"Fallo sensor de humedad 1, se usa sensor 2 | Lectura invalida de DHT | Lectura invalida de DHT, se omite logica de ventilacion"
2026-07-17,19:26:05,maceta2,98,101,79,78,78,366.25,0.5995,20.7,64.0,1,0,0,
2026-07-17,19:26:33,maceta1,128,128,,48,48,650.4166666666667,0.6194,,,1,0,0,"Fallo sensor de humedad 1, se usa sensor 2 | Lectura invalida de DHT | Lectura invalida de DHT, se omite logica de ventilacion"
2026-07-17,19:26:33,maceta2,97,94,80,79,79,339.58333333333337,0.6157,20.7,64.0,1,0,0,
2026-07-17,19:27:00,maceta1,128,128,,48,48,652.9166666666667,0.6357,,,1,0,0,"Fallo sensor de humedad 1, se usa sensor 2 | Lectura invalida de DHT | Lectura invalida de DHT, se omite logica de ventilacion"
2026-07-17,19:27:00,maceta2,97,97,80,80,80,364.58333333333337,0.6318,20.7,63.8,1,0,0,
2026-07-17,19:27:28,maceta1,128,128,,48,48,697.5,0.652,,,1,0,0,"Fallo sensor de humedad 1, se usa sensor 2 | Lectura invalida de DHT | Lectura invalida de DHT, se omite logica de ventilacion"
2026-07-17,19:27:28,maceta2,99,97,80,81,80,242.91666666666669,0.6479,20.7,64.8,1,0,0,
2026-07-17,19:27:56,maceta1,128,128,,48,48,697.0833333333334,0.6684,,,1,0,0,"Fallo sensor de humedad 1, se usa sensor 2 | Lectura invalida de DHT | Lectura invalida de DHT, se omite logica de ventilacion"
2026-07-17,19:27:56,maceta2,100,99,79,80,79,358.75,0.6641,20.8,64.8,1,0,0,
2026-07-17,19:28:23,maceta1,128,128,,48,48,696.25,0.6847,,,1,0,0,"Fallo sensor de humedad 1, se usa sensor 2 | Lectura invalida de DHT | Lectura invalida de DHT, se omite logica de ventilacion"
2026-07-17,19:28:23,maceta2,98,97,79,80,79,422.9166666666667,0.6803,21.7,82.8,1,0,0,
2026-07-17,19:28:51,maceta1,128,128,,48,48,645.4166666666667,0.701,,,1,0,0,"Fallo sensor de humedad 1, se usa sensor 2 | Lectura invalida de DHT | Lectura invalida de DHT, se omite logica de ventilacion"
2026-07-17,19:28:51,maceta2,97,96,79,80,79,311.25,0.6964,22.5,74.7,1,0,0,
2026-07-17,19:29:19,maceta1,128,128,,48,48,652.9166666666667,0.7173,,,1,0,0,"Fallo sensor de humedad 1, se usa sensor 2 | Lectura invalida de DHT | Lectura invalida de DHT, se omite logica de ventilacion"
2026-07-17,19:29:19,maceta2,99,104,80,79,79,321.6666666666667,0.7125,23.1,69.9,1,0,0,
2026-07-17,19:29:46,maceta1,128,128,,48,48,641.6666666666667,0.7336,,,1,0,0,"Fallo sensor de humedad 1, se usa sensor 2 | Lectura invalida de DHT | Lectura invalida de DHT, se omite logica de ventilacion"
2026-07-17,19:29:46,maceta2,99,105,79,78,78,285.0,0.7286,,,1,0,0,"Lectura invalida de DHT | Lectura invalida de DHT, se omite logica de ventilacion"
2026-07-17,19:30:14,maceta1,128,128,,48,48,693.3333333333334,0.75,,,1,0,0,"Fallo sensor de humedad 1, se usa sensor 2 | Lectura invalida de DHT | Lectura invalida de DHT, se omite logica de ventilacion"
2026-07-17,19:30:14,maceta2,98,103,79,76,77,310.83333333333337,0.7449,23.3,65.2,1,0,0,
2026-07-17,19:30:42,maceta1,128,128,,48,48,649.5833333333334,0.7664,,,1,0,0,"Fallo sensor de humedad 1, se usa sensor 2 | Lectura invalida de DHT | Lectura invalida de DHT, se omite logica de ventilacion"
2026-07-17,19:30:42,maceta2,98,102,79,77,78,368.33333333333337,0.7611,23.2,64.1,1,0,0,
2026-07-17,19:31:10,maceta1,128,128,,48,48,675.0,0.7827,,,1,0,0,"Fallo sensor de humedad 1, se usa sensor 2 | Lectura invalida de DHT | Lectura invalida de DHT, se omite logica de ventilacion"
2026-07-17,19:31:10,maceta2,98,103,80,77,78,267.5,0.7772,22.9,63.2,1,0,0,
2026-07-17,19:31:38,maceta1,128,128,,48,48,670.0,0.799,,,1,0,0,"Fallo sensor de humedad 1, se usa sensor 2 | Lectura invalida de DHT | Lectura invalida de DHT, se omite logica de ventilacion"
2026-07-17,19:31:38,maceta2,98,103,80,77,78,334.58333333333337,0.7934,,,1,0,0,"Lectura invalida de DHT | Lectura invalida de DHT, se omite logica de ventilacion"
2026-07-17,19:32:05,maceta1,128,128,,48,48,693.3333333333334,0.8154,,,1,0,0,"Fallo sensor de humedad 1, se usa sensor 2 | Lectura invalida de DHT | Lectura invalida de DHT, se omite logica de ventilacion"
2026-07-17,19:32:05,maceta2,97,101,80,77,78,379.58333333333337,0.8095,22.5,62.8,1,0,0,
2026-07-17,19:32:33,maceta1,128,128,,48,48,700.8333333333334,0.8317,,,1,0,0,"Fallo sensor de humedad 1, se usa sensor 2 | Lectura invalida de DHT | Lectura invalida de DHT, se omite logica de ventilacion"
2026-07-17,19:32:33,maceta2,97,102,80,77,78,458.75,0.8257,22.1,62.8,1,0,0,
2026-07-17,19:33:01,maceta1,128,128,,48,48,699.5833333333334,0.848,,,1,0,0,"Fallo sensor de humedad 1, se usa sensor 2 | Lectura invalida de DHT | Lectura invalida de DHT, se omite logica de ventilacion"
2026-07-17,19:33:01,maceta2,98,101,80,78,79,462.08333333333337,0.8419,21.9,62.7,1,0,0,
2026-07-17,19:33:28,maceta1,128,128,,48,48,693.3333333333334,0.8643,,,1,0,0,"Fallo sensor de humedad 1, se usa sensor 2 | Lectura invalida de DHT | Lectura invalida de DHT, se omite logica de ventilacion"
2026-07-17,19:33:28,maceta2,97,101,80,78,79,340.0,0.8581,21.7,62.7,1,0,0,
2026-07-17,19:33:56,maceta1,128,128,,48,48,694.1666666666667,0.8806,,,1,0,0,"Fallo sensor de humedad 1, se usa sensor 2 | Lectura invalida de DHT | Lectura invalida de DHT, se omite logica de ventilacion"
2026-07-17,19:33:56,maceta2,98,101,80,78,79,243.75,0.8742,21.5,62.9,1,0,0,
2026-07-17,19:34:24,maceta1,128,128,,48,48,693.3333333333334,0.897,,,1,0,0,"Fallo sensor de humedad 1, se usa sensor 2 | Lectura invalida de DHT | Lectura invalida de DHT, se omite logica de ventilacion"
2026-07-17,19:34:24,maceta2,98,97,80,79,79,272.08333333333337,0.8903,21.3,63.2,1,0,0,
2026-07-17,19:34:51,maceta1,128,128,,48,48,469.58333333333337,0.9132,,,1,0,0,"Fallo sensor de humedad 1, se usa sensor 2 | Lectura invalida de DHT | Lectura invalida de DHT, se omite logica de ventilacion"
2026-07-17,19:34:51,maceta2,98,98,80,79,79,282.9166666666667,0.9064,21.1,63.4,1,0,0,
2026-07-17,19:35:19,maceta1,128,128,,48,48,412.08333333333337,0.9294,,,1,0,0,"Fallo sensor de humedad 1, se usa sensor 2 | Lectura invalida de DHT | Lectura invalida de DHT, se omite logica de ventilacion"
2026-07-17,19:35:19,maceta2,99,97,79,80,79,310.0,0.9226,21.0,63.6,1,0,0,
2026-07-17,19:35:47,maceta1,128,128,,48,48,675.0,0.9458,,,1,0,0,"Fallo sensor de humedad 1, se usa sensor 2 | Lectura invalida de DHT | Lectura invalida de DHT, se omite logica de ventilacion"
2026-07-17,19:35:47,maceta2,99,97,79,80,79,376.6666666666667,0.9388,20.9,63.6,1,0,0,
2026-07-17,19:36:15,maceta1,128,128,,48,48,679.1666666666667,0.9621,,,1,0,0,"Fallo sensor de humedad 1, se usa sensor 2 | Lectura invalida de DHT | Lectura invalida de DHT, se omite logica de ventilacion"
2026-07-17,19:36:15,maceta2,100,97,79,80,79,330.83333333333337,0.9549,20.8,63.8,1,0,0,
2026-07-17,19:36:42,maceta1,128,128,,48,48,693.3333333333334,0.9784,,,1,0,0,"Fallo sensor de humedad 1, se usa sensor 2 | Lectura invalida de DHT | Lectura invalida de DHT, se omite logica de ventilacion"
2026-07-17,19:36:42,maceta2,98,96,79,80,79,338.75,0.9711,20.6,63.8,1,0,0,
2026-07-17,19:37:10,maceta1,128,128,,48,48,687.0833333333334,0.9948,,,1,0,0,"Fallo sensor de humedad 1, se usa sensor 2 | Lectura invalida de DHT | Lectura invalida de DHT, se omite logica de ventilacion"
2026-07-17,19:37:10,maceta2,99,96,79,80,79,364.58333333333337,0.9873,20.6,63.8,1,0,0,
2026-07-17,19:37:38,maceta1,128,128,,48,48,699.5833333333334,1.0111,,,1,0,0,"Fallo sensor de humedad 1, se usa sensor 2 | Lectura invalida de DHT | Lectura invalida de DHT, se omite logica de ventilacion"
2026-07-17,19:37:38,maceta2,98,97,79,80,79,406.6666666666667,1.0034,20.5,64.0,1,0,0,
2026-07-17,19:38:06,maceta1,128,128,,48,48,676.25,1.0274,,,1,0,0,"Fallo sensor de humedad 1, se usa sensor 2 | Lectura invalida de DHT | Lectura invalida de DHT, se omite logica de ventilacion"
2026-07-17,19:38:06,maceta2,96,96,80,80,80,381.25,1.0196,,,1,0,0,"Lectura invalida de DHT | Lectura invalida de DHT, se omite logica de ventilacion"
2026-07-17,19:38:33,maceta1,128,128,,48,48,675.0,1.0437,,,1,0,0,"Fallo sensor de humedad 1, se usa sensor 2 | Lectura invalida de DHT | Lectura invalida de DHT, se omite logica de ventilacion"
2026-07-17,19:38:33,maceta2,98,96,80,80,80,382.08333333333337,1.0358,20.3,64.3,1,0,0,
2026-07-17,19:39:01,maceta1,128,128,,48,48,685.8333333333334,1.0601,,,1,0,0,"Fallo sensor de humedad 1, se usa sensor 2 | Lectura invalida de DHT | Lectura invalida de DHT, se omite logica de ventilacion"
2026-07-17,19:39:01,maceta2,97,96,80,81,80,459.1666666666667,1.052,20.2,64.4,1,0,0,
2026-07-17,19:39:29,maceta1,128,128,,48,48,681.25,1.0764,,,1,0,0,"Fallo sensor de humedad 1, se usa sensor 2 | Lectura invalida de DHT | Lectura invalida de DHT, se omite logica de ventilacion"
2026-07-17,19:39:29,maceta2,96,95,80,81,80,465.0,1.0683,,,1,0,0,"Lectura invalida de DHT | Lectura invalida de DHT, se omite logica de ventilacion"
                                                                                                                                                                                                                                                                                                    2026-07-17,19:37:45,maceta1,205,209,,,,424.1666666666667,0.0,20.0,65.0,1,0,0,Recolectando muestras del sensor. Esperando 3 lecturas...
2026-07-17,19:37:45,maceta2,96,95,,,,199.16666666666669,0.0,19.7,72.4,1,0,0,Recolectando muestras del sensor. Esperando 3 lecturas...
2026-07-17,19:55:22,maceta1,205,209,,,,752.9166666666667,0.6238,,,1,0,0,"Recolectando muestras del sensor. Esperando 3 lecturas... | Lectura invalida de DHT | Lectura invalida de DHT, se omite logica de ventilacion"
2026-07-17,19:55:22,maceta2,96,96,,,,465.4166666666667,0.6182,19.7,71.7,1,0,0,Recolectando muestras del sensor. Esperando 3 lecturas...
2026-07-17,19:55:50,maceta1,128,128,,,,751.25,0.6402,,,1,0,0,"Recolectando muestras del sensor. Esperando 3 lecturas... | Lectura invalida de DHT | Lectura invalida de DHT, se omite logica de ventilacion"
2026-07-17,19:55:50,maceta2,96,95,81,81,81,472.5,0.6344,19.6,72.3,1,0,0,
2026-07-17,19:56:17,maceta1,128,160,,30,30,749.5833333333334,0.6565,,,1,0,0,"Fallo sensor de humedad 1, se usa sensor 2 | Lectura invalida de DHT | Lectura invalida de DHT, se omite logica de ventilacion | Tierra seca (Raw: 192.7 >= 170). Riego activado."
2026-07-17,19:56:17,maceta2,128,115,81,77,79,377.08333333333337,0.6506,,,1,0,0,"Lectura invalida de DHT | Lectura invalida de DHT, se omite logica de ventilacion"
2026-07-17,19:57:07,maceta1,128,144,,41,41,750.0,0.6862,,,1,0,0,"Fallo sensor de humedad 1, se usa sensor 2 | Lectura invalida de DHT | Lectura invalida de DHT, se omite logica de ventilacion | Tierra seca (Raw: 171.0 >= 170). Riego activado."
2026-07-17,19:57:07,maceta2,128,115,81,74,77,475.83333333333337,0.68,,,1,0,0,"Lectura invalida de DHT | Lectura invalida de DHT, se omite logica de ventilacion"
2026-07-17,19:57:58,maceta1,174,209,29,41,35,762.5,0.7158,,,1,0,0,"Lectura invalida de DHT | Lectura invalida de DHT, se omite logica de ventilacion | Tierra seca (Raw: 182.8 >= 170). Riego activado."
2026-07-17,19:57:58,maceta2,128,103,81,73,77,449.58333333333337,0.7093,,,1,0,0,"Lectura invalida de DHT | Lectura invalida de DHT, se omite logica de ventilacion"
2026-07-17,20:02:02,maceta1,80,81,,,,617.9166666666667,0.0,20.0,64.8,1,0,0,Recolectando muestras del sensor. Esperando 3 lecturas...
2026-07-17,20:02:02,maceta2,85,87,,,,320.83333333333337,0.0,19.9,73.6,1,0,0,Recolectando muestras del sensor. Esperando 3 lecturas...
2026-07-17,20:02:19,maceta1,128,108,,,,719.5833333333334,0.0105,,,1,0,0,"Recolectando muestras del sensor. Esperando 3 lecturas... | Lectura invalida de DHT | Lectura invalida de DHT, se omite logica de ventilacion"
2026-07-17,20:02:19,maceta2,85,87,,,,380.4166666666667,0.0103,20.6,71.7,1,0,0,Recolectando muestras del sensor. Esperando 3 lecturas...
2026-07-17,20:02:37,maceta1,128,109,,79,79,710.4166666666667,0.0209,,,1,0,0,"Fallo sensor de humedad 1, se usa sensor 2 | Lectura invalida de DHT | Lectura invalida de DHT, se omite logica de ventilacion"
2026-07-17,20:02:37,maceta2,85,86,86,85,85,385.0,0.0207,20.7,71.1,1,0,0,
2026-07-17,20:02:55,maceta1,128,118,,72,72,715.4166666666667,0.0313,,,1,0,0,"Fallo sensor de humedad 1, se usa sensor 2 | Lectura invalida de DHT | Lectura invalida de DHT, se omite logica de ventilacion"
2026-07-17,20:02:55,maceta2,85,87,86,85,85,428.33333333333337,0.031,20.8,71.1,1,0,0,
2026-07-17,20:03:13,maceta1,128,108,,72,72,713.3333333333334,0.0418,,,1,0,0,"Fallo sensor de humedad 1, se usa sensor 2 | Lectura invalida de DHT | Lectura invalida de DHT, se omite logica de ventilacion"
2026-07-17,20:03:13,maceta2,85,87,86,85,85,464.58333333333337,0.0414,20.8,71.0,1,0,0,
2026-07-17,20:03:34,maceta1,81,81,,,,618.3333333333334,0.0,20.7,65.7,1,0,0,Recolectando muestras del sensor. Esperando 3 lecturas...
2026-07-17,20:03:34,maceta2,86,87,,,,301.6666666666667,0.0,20.8,71.6,1,0,0,Recolectando muestras del sensor. Esperando 3 lecturas...
2026-07-17,20:03:52,maceta1,128,109,,,,716.25,0.0105,,,1,0,0,"Recolectando muestras del sensor. Esperando 3 lecturas... | Lectura invalida de DHT | Lectura invalida de DHT, se omite logica de ventilacion"
2026-07-17,20:03:52,maceta2,85,87,,,,466.25,0.0104,20.8,71.4,1,0,0,Recolectando muestras del sensor. Esperando 3 lecturas...
2026-07-17,20:04:10,maceta1,128,109,,79,79,715.4166666666667,0.0209,,,1,0,0,"Fallo sensor de humedad 1, se usa sensor 2 | Lectura invalida de DHT | Lectura invalida de DHT, se omite logica de ventilacion"
2026-07-17,20:04:10,maceta2,85,87,86,85,85,468.75,0.0208,20.8,71.7,1,0,0,
2026-07-17,20:04:28,maceta1,128,109,,74,74,716.6666666666667,0.0314,,,1,0,0,"Fallo sensor de humedad 1, se usa sensor 2 | Lectura invalida de DHT | Lectura invalida de DHT, se omite logica de ventilacion"
2026-07-17,20:04:28,maceta2,85,87,86,85,85,465.83333333333337,0.0311,20.9,72.1,1,0,0,
2026-07-17,20:04:45,maceta1,128,128,,74,74,714.5833333333334,0.0418,,,1,0,0,"Fallo sensor de humedad 1, se usa sensor 2 | Lectura invalida de DHT | Lectura invalida de DHT, se omite logica de ventilacion"
2026-07-17,20:04:45,maceta2,86,88,86,85,85,458.75,0.0415,20.9,72.4,1,0,0,
2026-07-17,20:05:03,maceta1,128,118,,72,72,710.8333333333334,0.0523,,,1,0,0,"Fallo sensor de humedad 1, se usa sensor 2 | Lectura invalida de DHT | Lectura invalida de DHT, se omite logica de ventilacion"
2026-07-17,20:05:03,maceta2,86,87,86,85,85,466.6666666666667,0.0519,20.8,72.4,1,0,0,
2026-07-17,20:05:21,maceta1,128,109,,72,72,711.6666666666667,0.0627,,,1,0,0,"Fallo sensor de humedad 1, se usa sensor 2 | Lectura invalida de DHT | Lectura invalida de DHT, se omite logica de ventilacion"
2026-07-17,20:05:21,maceta2,85,87,86,85,85,447.9166666666667,0.0622,20.9,72.3,1,0,0,
2026-07-17,20:05:38,maceta1,89,81,,77,77,712.5,0.0732,,,1,0,0,"Fallo sensor de humedad 1, se usa sensor 2 | Lectura invalida de DHT | Lectura invalida de DHT, se omite logica de ventilacion"
2026-07-17,20:05:38,maceta2,85,87,86,85,85,435.0,0.0726,20.9,72.7,1,0,0,
2026-07-17,20:05:56,maceta1,128,109,,79,79,710.8333333333334,0.0836,,,1,0,0,"Fallo sensor de humedad 1, se usa sensor 2 | Lectura invalida de DHT | Lectura invalida de DHT, se omite logica de ventilacion"
2026-07-17,20:05:56,maceta2,86,87,86,85,85,405.83333333333337,0.0829,20.9,72.9,1,0,0,
2026-07-17,20:06:14,maceta1,128,109,,79,79,712.0833333333334,0.094,,,1,0,0,"Fallo sensor de humedad 1, se usa sensor 2 | Lectura invalida de DHT | Lectura invalida de DHT, se omite logica de ventilacion"
2026-07-17,20:06:14,maceta2,86,87,86,85,85,412.5,0.0933,20.9,73.2,1,0,0,
2026-07-17,20:06:43,maceta1,80,81,,,,617.9166666666667,0.0,20.7,65.3,1,0,0,Recolectando muestras del sensor. Esperando 3 lecturas...
2026-07-17,20:06:43,maceta2,87,87,,,,262.08333333333337,0.0,20.9,72.4,1,0,0,Recolectando muestras del sensor. Esperando 3 lecturas...
2026-07-17,20:07:01,maceta1,80,81,,,,710.0,0.0105,20.7,64.9,1,0,0,Recolectando muestras del sensor. Esperando 3 lecturas...
2026-07-17,20:07:01,maceta2,86,88,,,,430.0,0.0104,20.9,72.5,1,0,0,Recolectando muestras del sensor. Esperando 3 lecturas...
2026-07-17,20:07:18,maceta1,79,80,89,89,89,710.0,0.0209,20.7,65.4,1,0,0,
2026-07-17,20:07:18,maceta2,85,87,86,85,85,445.83333333333337,0.0207,20.9,72.7,1,0,0,
2026-07-17,20:07:36,maceta1,80,80,89,89,89,709.5833333333334,0.0313,20.7,66.0,1,0,0,
2026-07-17,20:07:36,maceta2,86,87,86,85,85,429.58333333333337,0.031,20.9,73.1,1,0,0,
2026-07-17,20:07:54,maceta1,80,81,89,89,89,709.5833333333334,0.0417,20.7,65.5,1,0,0,
2026-07-17,20:07:54,maceta2,86,87,86,85,85,464.1666666666667,0.0414,20.9,73.2,1,0,0,
2026-07-17,20:08:11,maceta1,80,81,89,89,89,714.1666666666667,0.0522,20.7,65.8,1,0,0,
2026-07-17,20:08:11,maceta2,86,87,86,85,85,389.58333333333337,0.0517,20.9,73.3,1,0,0,
2026-07-17,20:08:29,maceta1,80,81,89,88,88,712.9166666666667,0.0626,20.7,67.9,1,0,0,
2026-07-17,20:08:29,maceta2,86,87,86,85,85,376.25,0.062,20.9,73.5,1,0,0,
2026-07-17,20:08:47,maceta1,80,80,89,89,89,711.6666666666667,0.073,20.8,66.5,1,0,0,
2026-07-17,20:08:47,maceta2,86,86,86,85,85,384.58333333333337,0.0723,20.9,73.3,1,0,0,
2026-07-17,20:09:04,maceta1,80,81,89,89,89,709.1666666666667,0.0834,20.8,66.3,1,0,0,
2026-07-17,20:09:04,maceta2,87,87,86,85,85,373.33333333333337,0.0826,20.9,73.1,1,0,0,
2026-07-17,20:09:22,maceta1,80,81,89,89,89,709.1666666666667,0.0939,20.7,65.9,1,0,0,
2026-07-17,20:09:22,maceta2,87,87,85,85,85,436.6666666666667,0.093,,,1,0,0,"Lectura invalida de DHT | Lectura invalida de DHT, se omite logica de ventilacion"
2026-07-17,20:09:40,maceta1,80,81,89,88,88,710.4166666666667,0.1043,20.8,66.0,1,0,0,
2026-07-17,20:09:40,maceta2,86,87,85,85,85,396.6666666666667,0.1034,20.9,72.8,1,0,0,
2026-07-17,20:09:57,maceta1,80,81,89,88,88,713.75,0.1148,20.8,65.5,1,0,0,
2026-07-17,20:09:57,maceta2,86,86,86,85,85,425.0,0.1137,20.9,72.8,1,0,0,
2026-07-17,20:10:15,maceta1,80,81,89,88,88,710.0,0.1252,20.8,66.1,1,0,0,
2026-07-17,20:10:15,maceta2,86,87,86,85,85,365.4166666666667,0.124,20.9,72.6,1,0,0,
2026-07-17,20:22:47,maceta1,81,81,,,,582.0833333333334,0.0,20.8,65.4,1,0,0,Recolectando muestras del sensor. Esperando 3 lecturas...
2026-07-17,20:22:47,maceta2,87,87,,,,266.6666666666667,0.0,,,1,0,0,"Recolectando muestras del sensor. Esperando 3 lecturas... | Lectura invalida de DHT | Lectura invalida de DHT, se omite logica de ventilacion"
2026-07-17,20:23:28,maceta1,81,81,,,,595.0,0.0,22.5,64.5,1,0,0,Recolectando muestras del sensor. Esperando 3 lecturas...
2026-07-17,20:23:28,maceta2,87,87,,,,305.83333333333337,0.0,21.0,71.7,1,0,0,Recolectando muestras del sensor. Esperando 3 lecturas...
2026-07-17,20:23:55,maceta1,80,81,,,,675.4166666666667,0.0163,22.4,64.9,1,0,0,Recolectando muestras del sensor. Esperando 3 lecturas...
2026-07-17,20:23:55,maceta2,87,88,,,,434.1666666666667,0.0162,21.0,71.0,1,0,0,Recolectando muestras del sensor. Esperando 3 lecturas...
2026-07-17,20:24:23,maceta1,81,82,89,88,88,677.9166666666667,0.0326,22.3,65.4,1,0,0,
2026-07-17,20:24:23,maceta2,87,87,85,85,85,503.33333333333337,0.0324,21.0,72.3,1,0,0,
2026-07-17,20:24:46,maceta1,81,83,,,,595.0,0.0,22.2,65.0,1,0,0,Recolectando muestras del sensor. Esperando 3 lecturas...
2026-07-17,20:24:46,maceta2,87,88,,,,320.0,0.0,21.0,70.9,1,0,0,Recolectando muestras del sensor. Esperando 3 lecturas...
2026-07-17,20:54:48,maceta1,86,89,,,,84.58333333333334,1.0422,22.1,64.4,1,0,0,Recolectando muestras del sensor. Esperando 3 lecturas...
2026-07-17,20:54:48,maceta2,87,86,,,,115.83333333333334,1.0432,21.0,69.7,1,0,0,Recolectando muestras del sensor. Esperando 3 lecturas...
2026-07-17,21:24:51,maceta1,88,91,86,85,85,82.91666666666667,2.0843,20.9,64.3,1,0,0,
2026-07-17,21:24:51,maceta2,89,88,85,85,85,121.25,2.0866,20.0,62.5,1,0,0,
2026-07-17,21:54:54,maceta1,90,93,85,83,84,81.66666666666667,3.1264,20.8,64.6,1,0,0,
2026-07-17,21:54:54,maceta2,91,89,84,85,84,117.91666666666667,3.1299,20.0,61.9,1,0,0,
2026-07-17,22:24:56,maceta1,89,91,84,83,83,81.25,4.1684,20.7,64.6,0,0,0,
2026-07-17,22:24:56,maceta2,90,89,84,84,84,118.75,4.1732,19.9,62.1,0,0,0,
2026-07-17,22:54:59,maceta1,91,94,84,82,83,0.0,4.1684,20.7,64.6,0,0,0,
2026-07-17,22:54:59,maceta2,92,91,83,84,83,0.0,4.1732,19.7,61.3,0,0,0,
2026-07-17,23:25:02,maceta1,91,94,84,82,83,0.0,4.1684,19.1,69.6,0,0,0,
2026-07-17,23:25:02,maceta2,92,90,83,84,83,0.0,4.1732,18.7,62.9,0,0,0,
2026-07-17,23:55:04,maceta1,90,91,83,82,82,0.0,4.1684,18.7,69.7,0,0,0,
2026-07-17,23:55:04,maceta2,89,89,83,84,83,0.0,4.1732,18.4,63.3,0,0,0,
2026-07-18,00:25:07,maceta1,90,93,84,82,83,0.0,0.0,18.5,69.3,0,0,0,
2026-07-18,00:25:07,maceta2,91,90,83,84,83,0.0,0.0,18.3,63.3,0,0,0,
2026-07-18,00:55:10,maceta1,89,92,84,83,83,0.0,0.0,18.4,69.3,0,0,0,
2026-07-18,00:55:10,maceta2,91,89,84,84,84,0.0,0.0,18.2,63.4,0,0,0,
2026-07-18,01:25:13,maceta1,90,92,84,82,83,0.0,0.0,18.3,69.3,0,0,0,
2026-07-18,01:25:13,maceta2,91,89,83,84,83,0.0,0.0,18.1,63.9,0,0,0,
2026-07-18,01:55:15,maceta1,91,92,84,83,83,0.0,0.0,18.3,72.5,0,0,0,
2026-07-18,01:55:15,maceta2,92,89,83,84,83,0.0,0.0,18.0,63.5,0,0,0,
2026-07-18,02:25:18,maceta1,90,92,84,83,83,0.0,0.0,18.2,69.5,0,0,0,
2026-07-18,02:25:18,maceta2,91,89,83,84,83,0.0,0.0,18.0,63.8,0,0,0,
2026-07-18,02:55:21,maceta1,90,93,84,82,83,0.0,0.0,18.1,69.7,0,0,0,
2026-07-18,02:55:21,maceta2,92,90,83,84,83,0.0,0.0,17.9,64.0,0,0,0,
2026-07-18,03:25:23,maceta1,90,93,84,82,83,0.0,0.0,18.1,69.3,0,0,0,
2026-07-18,03:25:23,maceta2,91,89,83,84,83,0.0,0.0,17.8,64.2,0,0,0,
2026-07-18,03:55:26,maceta1,90,93,84,82,83,0.0,0.0,18.0,70.8,0,0,0,
2026-07-18,03:55:26,maceta2,92,90,83,84,83,0.0,0.0,17.6,64.0,0,0,0,
2026-07-18,04:25:29,maceta1,90,93,84,82,83,0.0,0.0,17.8,69.4,0,0,0,
2026-07-18,04:25:29,maceta2,92,90,83,84,83,0.0,0.0,17.5,63.9,0,0,0,
2026-07-18,04:55:31,maceta1,90,93,84,82,83,0.0,0.0,17.8,70.2,0,0,0,
2026-07-18,04:55:31,maceta2,91,89,83,84,83,0.0,0.0,17.5,63.8,0,0,0,
2026-07-18,05:25:34,maceta1,90,92,84,82,83,0.0,0.0,17.7,69.8,0,0,0,
2026-07-18,05:25:34,maceta2,91,89,83,84,83,0.0,0.0,17.4,63.5,0,0,0,
2026-07-18,05:55:37,maceta1,90,93,84,82,83,0.0,0.0,17.6,68.4,0,0,0,
2026-07-18,05:55:37,maceta2,92,89,83,84,83,0.0,0.0,17.4,63.2,0,0,0,
2026-07-18,06:25:39,maceta1,90,92,84,82,83,0.0,0.0,17.6,69.6,0,0,0,
2026-07-18,06:25:39,maceta2,90,89,83,84,83,0.0,0.0,17.3,62.4,0,0,0,
2026-07-18,06:55:42,maceta1,90,93,84,82,83,0.0,0.0,17.5,69.7,0,0,0,
2026-07-18,06:55:42,maceta2,91,89,83,84,83,0.0,0.0,17.2,62.5,0,0,0,
2026-07-18,07:25:45,maceta1,90,94,84,82,83,0.0,0.0,17.5,67.0,0,0,0,
2026-07-18,07:25:45,maceta2,92,90,83,84,83,0.0,0.0,17.2,61.9,0,0,0,
2026-07-18,07:55:47,maceta1,91,93,84,82,83,0.0,0.0,,,0,0,0,"Lectura invalida de DHT | Lectura invalida de DHT, se omite logica de ventilacion"
2026-07-18,07:55:47,maceta2,92,89,83,84,83,0.0,0.0,17.1,62.2,0,0,0,
2026-07-18,08:25:50,maceta1,89,92,84,82,83,0.0,0.0,17.4,66.9,0,0,0,
2026-07-18,08:25:50,maceta2,90,89,83,84,83,0.0,0.0,17.1,63.0,0,0,0,
2026-07-18,08:55:53,maceta1,90,93,84,82,83,1.25,0.0,17.4,67.4,0,0,0,
2026-07-18,08:55:53,maceta2,91,88,83,84,83,1.25,0.0,,,0,0,0,"Lectura invalida de DHT | Lectura invalida de DHT, se omite logica de ventilacion"
2026-07-18,09:26:01,maceta1,90,93,84,82,83,1.6666666666666667,0.0001,17.4,67.7,0,0,0,
2026-07-18,09:26:01,maceta2,91,89,83,84,83,1.25,0.0001,17.0,64.7,0,0,0,
2026-07-18,09:56:04,maceta1,90,92,84,82,83,3.3333333333333335,0.0002,17.3,67.0,0,0,0,
2026-07-18,09:56:04,maceta2,91,89,83,84,83,2.5,0.0002,,,0,0,0,"Lectura invalida de DHT | Lectura invalida de DHT, se omite logica de ventilacion"
2026-07-18,10:26:06,maceta1,90,93,84,82,83,5.0,0.0004,17.3,68.8,0,0,0,
2026-07-18,10:26:06,maceta2,91,89,83,84,83,3.3333333333333335,0.0003,17.0,65.4,0,0,0,
2026-07-18,10:56:09,maceta1,91,93,84,82,83,4.166666666666667,0.0005,17.4,69.7,0,0,0,
2026-07-18,10:56:09,maceta2,92,89,83,84,83,2.916666666666667,0.0004,17.0,65.8,0,0,0,
2026-07-18,11:26:12,maceta1,90,93,84,82,83,7.5,0.0008,17.3,67.8,0,0,0,
2026-07-18,11:26:12,maceta2,91,89,83,84,83,5.416666666666667,0.0006,17.0,66.0,0,0,0,
2026-07-18,11:56:14,maceta1,90,93,84,82,83,5.416666666666667,0.0009,17.3,68.8,0,0,0,
2026-07-18,11:56:14,maceta2,92,90,83,84,83,4.166666666666667,0.0007,17.0,66.0,0,0,0,
2026-07-18,12:26:17,maceta1,90,93,84,82,83,7.916666666666667,0.0012,17.2,69.1,0,0,0,
2026-07-18,12:26:17,maceta2,92,90,83,84,83,5.416666666666667,0.0009,17.0,66.2,0,0,0,
2026-07-18,12:56:20,maceta1,90,92,84,82,83,21.666666666666668,0.0019,17.2,68.7,0,0,0,
2026-07-18,12:56:20,maceta2,91,89,83,84,83,15.0,0.0014,17.0,66.4,0,0,0,
2026-07-18,13:26:22,maceta1,90,93,84,82,83,21.666666666666668,0.0027,17.2,69.2,0,0,0,
2026-07-18,13:26:22,maceta2,91,89,83,84,83,15.0,0.0019,17.0,66.0,0,0,0,
2026-07-18,13:56:25,maceta1,91,92,84,82,83,35.0,0.0038,17.2,68.4,0,0,0,
2026-07-18,13:56:25,maceta2,91,89,83,84,83,24.166666666666668,0.0027,17.0,65.8,0,0,0,
2026-07-18,14:26:28,maceta1,91,94,83,82,82,14.583333333333334,0.0043,17.4,68.9,0,0,0,
2026-07-18,14:26:28,maceta2,92,91,83,84,83,10.0,0.003,17.2,67.2,0,0,0,
2026-07-18,14:56:31,maceta1,91,94,83,82,82,20.0,0.005,17.4,70.5,1,0,0,
2026-07-18,14:56:31,maceta2,92,89,83,84,83,16.25,0.0036,17.2,66.9,0,0,0,
2026-07-18,15:26:33,maceta1,90,93,83,82,82,106.66666666666667,1.0479,17.4,69.6,1,0,0,
2026-07-18,15:26:33,maceta2,91,90,83,84,83,17.916666666666668,0.0042,17.2,66.4,1,0,0,
2026-07-18,15:56:36,maceta1,89,92,84,82,83,107.91666666666667,2.0908,19.1,65.6,1,0,0,
2026-07-18,15:56:36,maceta2,91,89,83,84,83,139.16666666666669,1.0481,17.2,66.3,1,0,0,
2026-07-18,16:26:39,maceta1,90,93,84,82,83,95.83333333333334,3.1334,19.4,62.8,1,0,0,
2026-07-18,16:26:39,maceta2,92,90,83,84,83,127.91666666666667,2.0918,18.4,62.2,1,0,0,
2026-07-18,16:56:41,maceta1,90,93,84,82,83,90.41666666666667,4.1757,19.5,63.6,1,0,0,
2026-07-18,16:56:41,maceta2,92,90,83,84,83,127.5,3.1354,18.6,61.5,1,0,0,
2026-07-18,17:26:44,maceta1,89,92,84,82,83,90.0,5.2181,19.6,63.1,1,0,0,
2026-07-18,17:26:44,maceta2,91,89,83,84,83,125.83333333333334,4.1789,18.7,61.2,1,0,0,
2026-07-18,17:56:47,maceta1,90,93,84,82,83,89.58333333333334,6.2604,19.6,63.1,1,0,0,
2026-07-18,17:56:47,maceta2,92,90,83,84,83,125.0,5.2224,18.7,61.0,1,0,0,
2026-07-18,18:26:49,maceta1,90,93,84,82,83,83.75,7.3026,19.6,63.2,1,0,0,
2026-07-18,18:26:49,maceta2,92,90,83,84,83,120.83333333333334,6.2658,18.8,60.8,1,0,0,
2026-07-18,18:56:53,maceta1,89,93,84,82,83,84.58333333333334,8.3451,19.6,63.2,1,0,0,
2026-07-18,18:56:53,maceta2,92,90,83,84,83,119.16666666666667,7.3095,18.8,60.7,1,0,0,
2026-07-18,19:26:56,maceta1,90,94,84,82,83,85.41666666666667,9.3873,19.5,63.4,1,0,0,
2026-07-18,19:26:56,maceta2,92,90,83,84,83,117.5,8.3528,18.8,60.5,1,0,0,
2026-07-18,19:56:59,maceta1,90,93,84,82,83,82.91666666666667,10.4298,19.6,63.8,1,0,0,
2026-07-18,19:56:59,maceta2,92,90,83,84,83,122.91666666666667,9.3966,18.7,60.8,1,0,0,
2026-07-18,20:27:02,maceta1,89,93,84,82,83,82.5,11.4719,19.5,63.5,1,0,0,
2026-07-18,20:27:02,maceta2,92,91,83,84,83,123.75,10.4401,18.6,61.0,1,0,0,
2026-07-18,20:57:04,maceta1,89,92,84,82,83,86.25,12.5142,19.6,64.1,1,0,0,
2026-07-18,20:57:04,maceta2,91,89,83,84,83,119.58333333333334,11.4834,18.6,61.7,1,0,0,
2026-07-18,21:27:07,maceta1,90,93,84,82,83,83.75,13.5563,19.5,64.3,1,0,0,
2026-07-18,21:27:07,maceta2,92,90,83,84,83,121.25,12.5268,18.5,62.0,1,0,0,
2026-07-18,21:57:10,maceta1,89,92,84,82,83,85.83333333333334,14.5985,19.5,64.2,1,0,0,
2026-07-18,21:57:10,maceta2,91,89,83,84,83,123.75,13.5703,18.5,61.8,1,0,0,
2026-07-18,22:27:12,maceta1,90,93,84,82,83,84.16666666666667,15.6407,,,0,0,0,"Lectura invalida de DHT | Lectura invalida de DHT, se omite logica de ventilacion"
2026-07-18,22:27:12,maceta2,93,90,83,84,83,122.08333333333334,14.6138,18.4,61.9,0,0,0,
2026-07-18,22:57:15,maceta1,90,92,84,82,83,0.0,15.6407,19.5,64.0,0,0,0,
2026-07-18,22:57:15,maceta2,92,90,83,84,83,0.0,14.6138,18.4,62.1,0,0,0,
2026-07-18,23:27:18,maceta1,89,91,84,83,83,0.0,15.6407,18.0,69.0,0,0,0,
2026-07-18,23:27:18,maceta2,91,90,83,84,83,0.0,14.6138,17.4,63.9,0,0,0,
2026-07-18,23:57:21,maceta1,90,92,84,83,83,0.0,15.6407,17.5,70.5,0,0,0,
2026-07-18,23:57:21,maceta2,92,91,83,84,83,0.0,14.6138,17.0,64.5,0,0,0,
2026-07-19,00:27:23,maceta1,90,92,84,83,83,0.0,0.0,17.4,70.5,0,0,0,
2026-07-19,00:27:23,maceta2,91,89,83,84,83,0.0,0.0,17.0,64.6,0,0,0,
2026-07-19,00:57:26,maceta1,89,92,84,83,83,0.0,0.0,17.2,71.4,0,0,0,
2026-07-19,00:57:26,maceta2,90,89,83,84,83,0.0,0.0,16.8,64.5,0,0,0,
2026-07-19,01:27:29,maceta1,89,92,84,83,83,0.0,0.0,17.2,70.0,0,0,0,
2026-07-19,01:27:29,maceta2,91,90,83,84,83,0.0,0.0,16.7,65.0,0,0,0,
2026-07-19,01:57:32,maceta1,89,92,84,83,83,0.0,0.0,17.0,70.6,0,0,0,
2026-07-19,01:57:32,maceta2,91,89,83,84,83,0.0,0.0,16.6,64.7,0,0,0,
2026-07-19,02:27:34,maceta1,90,92,84,83,83,0.0,0.0,17.0,70.0,0,0,0,
2026-07-19,02:27:34,maceta2,92,90,83,84,83,0.0,0.0,16.5,64.7,0,0,0,
2026-07-19,02:57:37,maceta1,90,93,84,82,83,0.0,0.0,16.9,70.9,0,0,0,
2026-07-19,02:57:37,maceta2,93,90,83,84,83,0.0,0.0,16.4,64.7,0,0,0,
2026-07-19,03:27:40,maceta1,90,92,84,82,83,0.0,0.0,16.8,71.3,0,0,0,
2026-07-19,03:27:40,maceta2,91,89,83,84,83,0.0,0.0,16.4,64.9,0,0,0,
2026-07-19,03:57:42,maceta1,91,93,84,82,83,0.0,0.0,16.7,70.5,0,0,0,
2026-07-19,03:57:42,maceta2,91,90,83,84,83,0.0,0.0,16.4,64.9,0,0,0,
2026-07-19,04:27:45,maceta1,90,92,84,82,83,0.0,0.0,16.7,71.3,0,0,0,
2026-07-19,04:27:45,maceta2,91,90,83,84,83,0.0,0.0,16.4,64.7,0,0,0,
2026-07-19,04:57:48,maceta1,89,92,84,82,83,0.0,0.0,16.7,71.1,0,0,0,
2026-07-19,04:57:48,maceta2,91,89,83,84,83,0.0,0.0,16.3,64.5,0,0,0,
2026-07-19,05:27:51,maceta1,90,93,84,82,83,0.0,0.0,16.6,71.7,0,0,0,
2026-07-19,05:27:51,maceta2,91,89,83,84,83,0.0,0.0,16.2,64.5,0,0,0,
2026-07-19,05:57:53,maceta1,89,91,84,83,83,0.0,0.0,16.5,71.6,0,0,0,
2026-07-19,05:57:53,maceta2,91,89,83,84,83,0.0,0.0,16.2,64.7,0,0,0,
2026-07-19,06:27:56,maceta1,90,92,84,83,83,0.0,0.0,16.5,71.5,0,0,0,
2026-07-19,06:27:56,maceta2,92,90,83,84,83,0.0,0.0,16.1,64.6,0,0,0,
2026-07-19,06:57:59,maceta1,90,92,84,83,83,0.0,0.0,16.4,70.7,0,0,0,
2026-07-19,06:57:59,maceta2,92,90,83,84,83,0.0,0.0,16.1,65.3,0,0,0,
2026-07-19,07:28:01,maceta1,89,91,84,83,83,0.0,0.0,16.4,69.8,0,0,0,
2026-07-19,07:28:01,maceta2,90,89,83,84,83,0.0,0.0,16.1,64.9,0,0,0,
2026-07-19,07:58:04,maceta1,89,91,84,83,83,0.0,0.0,16.4,70.8,0,0,0,
2026-07-19,07:58:04,maceta2,91,88,83,84,83,0.0,0.0,16.0,65.2,0,0,0,
2026-07-19,08:28:07,maceta1,90,92,84,83,83,0.8333333333333334,0.0,16.3,71.4,0,0,0,
2026-07-19,08:28:07,maceta2,91,89,83,84,83,0.8333333333333334,0.0,16.0,64.8,0,0,0,
2026-07-19,08:58:10,maceta1,89,92,84,83,83,6.666666666666667,0.0003,16.2,70.0,0,0,0,
2026-07-19,08:58:10,maceta2,91,89,83,84,83,4.583333333333334,0.0002,15.9,65.3,0,0,0,
2026-07-19,09:28:12,maceta1,89,91,84,83,83,1.25,0.0003,16.2,71.2,0,0,0,
2026-07-19,09:28:12,maceta2,90,88,83,84,83,1.25,0.0002,15.8,65.2,0,0,0,
2026-07-19,09:58:15,maceta1,89,91,84,83,83,12.5,0.0007,16.1,70.4,0,0,0,
2026-07-19,09:58:15,maceta2,90,88,84,85,84,8.75,0.0005,15.8,65.1,0,0,0,
2026-07-19,10:28:18,maceta1,90,92,84,83,83,5.0,0.0009,16.1,70.9,0,0,0,
2026-07-19,10:28:18,maceta2,92,89,83,85,84,3.75,0.0006,15.7,64.9,0,0,0,
2026-07-19,10:58:20,maceta1,90,92,84,83,83,7.5,0.0011,16.0,71.3,0,0,0,
2026-07-19,10:58:20,maceta2,91,89,83,84,83,5.416666666666667,0.0008,15.6,65.1,0,0,0,
2026-07-19,11:28:23,maceta1,89,91,84,83,83,16.25,0.0017,16.0,68.5,0,0,0,
2026-07-19,11:28:23,maceta2,90,89,83,84,83,11.25,0.0012,15.7,64.8,0,0,0,
2026-07-19,11:58:26,maceta1,90,92,84,83,83,14.583333333333334,0.0022,16.0,70.3,0,0,0,
2026-07-19,11:58:26,maceta2,91,90,83,84,83,10.0,0.0015,15.6,64.7,0,0,0,
2026-07-19,12:28:29,maceta1,90,92,84,83,83,15.833333333333334,0.0027,16.0,69.2,0,0,0,
2026-07-19,12:28:29,maceta2,91,89,83,84,83,11.25,0.0019,15.7,64.8,0,0,0,
2026-07-19,12:58:32,maceta1,89,92,84,83,83,13.75,0.0031,16.0,69.2,0,0,0,
2026-07-19,12:58:32,maceta2,91,89,83,84,83,9.583333333333334,0.0022,15.7,65.0,0,0,0,
2026-07-19,13:28:34,maceta1,90,93,84,82,83,15.0,0.0036,15.9,68.8,0,0,0,
2026-07-19,13:28:34,maceta2,92,89,83,84,83,10.416666666666668,0.0026,15.6,64.5,0,0,0,
2026-07-19,13:58:37,maceta1,89,91,84,83,83,24.166666666666668,0.0044,16.0,68.1,0,0,0,
2026-07-19,13:58:37,maceta2,91,89,83,84,83,17.083333333333336,0.0031,15.7,64.4,0,0,0,
2026-07-19,14:28:40,maceta1,90,91,84,83,83,10.0,0.0048,16.0,69.9,0,0,0,
2026-07-19,14:28:40,maceta2,90,89,83,84,83,7.083333333333334,0.0034,15.7,64.5,0,0,0,
2026-07-19,14:58:42,maceta1,89,92,84,83,83,31.666666666666668,0.0058,16.0,67.7,1,0,0,
2026-07-19,14:58:42,maceta2,89,89,84,84,84,24.166666666666668,0.0042,15.8,63.9,0,0,0,
2026-07-19,15:28:45,maceta1,89,91,84,83,83,111.25,1.0489,16.0,67.0,1,0,0,
2026-07-19,15:28:45,maceta2,91,88,84,84,84,21.666666666666668,0.0049,15.8,64.0,1,0,0,
2026-07-19,15:58:48,maceta1,89,91,84,83,83,95.83333333333334,2.0916,17.6,64.5,1,0,0,
2026-07-19,15:58:48,maceta2,91,89,84,84,84,129.58333333333334,1.0487,15.8,64.4,1,0,0,
2026-07-19,16:28:52,maceta1,89,91,84,83,83,91.25,3.1346,18.0,62.7,1,0,0,
2026-07-19,16:28:52,maceta2,90,89,83,84,83,127.91666666666667,2.093,17.0,61.2,1,0,0,
2026-07-19,16:58:55,maceta1,88,91,84,83,83,93.33333333333334,4.1772,18.0,62.7,1,0,0,
2026-07-19,16:58:55,maceta2,91,89,83,84,83,128.75,3.1367,17.0,61.4,1,0,0,
2026-07-19,17:28:58,maceta1,89,91,84,83,83,87.91666666666667,5.2195,18.0,62.6,1,0,0,
2026-07-19,17:28:58,maceta2,91,89,83,84,83,125.83333333333334,4.1803,17.0,61.3,1,0,0,
2026-07-19,17:59:00,maceta1,89,92,84,83,83,84.58333333333334,6.2618,18.0,62.9,1,0,0,
2026-07-19,17:59:00,maceta2,92,89,83,84,83,121.66666666666667,5.2238,17.0,61.5,1,0,0,
2026-07-19,18:29:04,maceta1,89,91,84,83,83,85.0,7.3045,18.0,62.9,1,0,0,
2026-07-19,18:29:04,maceta2,92,90,83,84,83,122.08333333333334,6.2678,17.0,60.8,1,0,0,
2026-07-19,18:59:07,maceta1,89,91,84,83,83,83.75,8.3467,18.0,62.6,1,0,0,
2026-07-19,18:59:07,maceta2,91,89,83,84,83,120.83333333333334,7.3112,16.9,60.4,1,0,0,
2026-07-19,19:29:10,maceta1,89,90,84,83,83,85.0,9.3893,18.0,62.9,1,0,0,
2026-07-19,19:29:10,maceta2,91,88,83,84,83,124.58333333333334,8.3551,16.9,60.2,1,0,0,
2026-07-19,19:59:13,maceta1,88,91,84,83,83,82.5,10.4314,17.9,62.3,1,0,0,
2026-07-19,19:59:13,maceta2,91,89,83,84,83,121.66666666666667,9.3985,16.9,60.0,1,0,0,
2026-07-19,20:29:16,maceta1,89,92,84,83,83,82.5,11.4735,17.9,62.0,1,0,0,
2026-07-19,20:29:16,maceta2,92,90,83,84,83,122.5,10.442,16.8,59.3,1,0,0,
2026-07-19,20:59:19,maceta1,88,91,85,83,84,84.58333333333334,12.5157,17.9,61.7,1,0,0,
2026-07-19,20:59:19,maceta2,90,89,83,84,83,124.58333333333334,11.4855,16.8,58.7,1,0,0,
2026-07-19,21:29:21,maceta1,88,92,85,83,84,83.75,13.5579,17.8,61.0,1,0,0,
2026-07-19,21:29:21,maceta2,91,90,83,84,83,123.33333333333334,12.529,16.7,57.9,1,0,0,
2026-07-19,21:59:24,maceta1,89,92,85,83,84,80.41666666666667,14.5999,17.8,60.6,1,0,0,
2026-07-19,21:59:24,maceta2,91,90,83,84,83,120.41666666666667,13.5724,16.7,58.3,1,0,0,
2026-07-19,22:29:27,maceta1,88,91,85,83,84,80.41666666666667,15.642,17.8,61.2,0,0,0,
2026-07-19,22:29:27,maceta2,92,90,83,84,83,122.91666666666667,14.6158,16.7,57.5,0,0,0,
2026-07-19,22:59:29,maceta1,88,91,85,83,84,0.0,15.642,17.8,61.0,0,0,0,
2026-07-19,22:59:29,maceta2,91,89,83,84,83,0.0,14.6158,16.6,57.5,0,0,0,
2026-07-19,23:29:32,maceta1,89,92,85,83,84,0.0,15.642,16.2,65.8,0,0,0,
2026-07-19,23:29:32,maceta2,91,90,83,84,83,0.0,14.6158,15.5,58.9,0,0,0,
2026-07-19,23:59:35,maceta1,89,92,84,83,83,0.0,15.642,15.8,67.2,0,0,0,
2026-07-19,23:59:35,maceta2,92,90,83,84,83,0.0,14.6158,15.3,59.5,0,0,0,
2026-07-20,00:29:38,maceta1,88,90,84,83,83,0.0,0.0,15.6,67.1,0,0,0,
2026-07-20,00:29:38,maceta2,90,89,83,84,83,0.0,0.0,15.2,59.5,0,0,0,
2026-07-20,00:59:40,maceta1,89,91,84,83,83,0.0,0.0,15.5,67.3,0,0,0,
2026-07-20,00:59:40,maceta2,92,89,83,84,83,0.0,0.0,15.2,59.6,0,0,0,
2026-07-20,01:29:44,maceta1,88,90,85,84,84,0.0,0.0,15.5,66.4,0,0,0,
2026-07-20,01:29:44,maceta2,90,89,83,84,83,0.0,0.0,15.0,59.8,0,0,0,
2026-07-20,01:59:47,maceta1,89,90,84,84,84,0.0,0.0,15.4,65.9,0,0,0,
2026-07-20,01:59:47,maceta2,91,89,83,84,83,0.0,0.0,15.0,59.7,0,0,0,
2026-07-20,02:29:49,maceta1,89,90,84,84,84,0.0,0.0,15.3,67.9,0,0,0,
2026-07-20,02:29:49,maceta2,91,89,83,84,83,0.0,0.0,15.0,59.6,0,0,0,
2026-07-20,02:59:52,maceta1,89,91,84,84,84,0.0,0.0,15.3,65.6,0,0,0,
2026-07-20,02:59:52,maceta2,91,88,83,84,83,0.0,0.0,14.9,59.5,0,0,0,
2026-07-20,03:29:55,maceta1,89,92,84,83,83,0.0,0.0,15.2,66.6,0,0,0,
2026-07-20,03:29:55,maceta2,92,90,83,84,83,0.0,0.0,14.9,59.8,0,0,0,
2026-07-20,03:59:57,maceta1,90,91,84,83,83,0.0,0.0,15.1,68.2,0,0,0,
2026-07-20,03:59:57,maceta2,91,89,83,84,83,0.0,0.0,14.8,59.8,0,0,0,
2026-07-20,04:30:00,maceta1,88,90,84,83,83,0.0,0.0,15.0,66.4,0,0,0,
2026-07-20,04:30:00,maceta2,90,89,83,84,83,0.0,0.0,14.8,59.8,0,0,0,
2026-07-20,05:00:03,maceta1,89,90,84,84,84,0.0,0.0,15.0,67.1,0,0,0,
2026-07-20,05:00:03,maceta2,90,89,84,84,84,0.0,0.0,14.7,60.3,0,0,0,
2026-07-20,05:30:06,maceta1,90,92,84,83,83,0.0,0.0,15.0,66.7,0,0,0,
2026-07-20,05:30:06,maceta2,92,89,83,84,83,0.0,0.0,14.7,60.1,0,0,0,
2026-07-20,06:00:08,maceta1,89,92,84,83,83,0.0,0.0,15.0,68.3,0,0,0,
2026-07-20,06:00:08,maceta2,92,90,83,84,83,0.0,0.0,,,0,0,0,"Lectura invalida de DHT | Lectura invalida de DHT, se omite logica de ventilacion"
2026-07-20,06:30:11,maceta1,89,91,84,83,83,0.0,0.0,14.9,69.3,0,0,0,
2026-07-20,06:30:11,maceta2,91,89,83,84,83,0.0,0.0,14.6,60.8,0,0,0,
2026-07-20,07:00:14,maceta1,90,92,84,83,83,0.0,0.0,14.9,69.6,0,0,0,
2026-07-20,07:00:14,maceta2,92,90,83,84,83,0.0,0.0,14.5,60.8,0,0,0,
2026-07-20,07:30:17,maceta1,88,91,84,83,83,0.0,0.0,14.9,69.3,0,0,0,
2026-07-20,07:30:17,maceta2,91,89,83,84,83,0.0,0.0,14.5,61.4,0,0,0,
2026-07-20,08:00:19,maceta1,89,92,84,83,83,0.0,0.0,14.8,68.6,0,0,0,
2026-07-20,08:00:19,maceta2,92,90,83,84,83,0.0,0.0,14.4,61.2,0,0,0,
2026-07-20,08:30:22,maceta1,90,91,84,83,83,0.8333333333333334,0.0,14.7,68.3,0,0,0,
2026-07-20,08:30:22,maceta2,91,89,83,84,83,0.8333333333333334,0.0,14.3,61.3,0,0,0,
2026-07-20,09:00:25,maceta1,90,91,84,83,83,1.6666666666666667,0.0001,14.7,68.2,0,0,0,
2026-07-20,09:00:25,maceta2,92,89,83,84,83,1.25,0.0001,14.3,61.5,0,0,0,
2026-07-20,09:30:27,maceta1,90,92,84,83,83,5.416666666666667,0.0003,14.7,68.0,0,0,0,
2026-07-20,09:30:27,maceta2,92,89,83,84,83,3.75,0.0002,14.3,61.6,0,0,0,
2026-07-20,10:00:30,maceta1,89,91,84,83,83,11.25,0.0006,14.6,68.5,0,0,0,
2026-07-20,10:00:30,maceta2,90,89,83,84,83,7.916666666666667,0.0005,14.3,61.4,0,0,0,
2026-07-20,10:30:33,maceta1,89,91,84,83,83,16.666666666666668,0.0012,14.6,68.2,0,0,0,
2026-07-20,10:30:33,maceta2,91,89,83,84,83,11.666666666666668,0.0008,14.3,62.1,0,0,0,
2026-07-20,11:00:35,maceta1,89,90,84,83,83,21.25,0.0019,14.7,68.4,0,0,0,
2026-07-20,11:00:35,maceta2,90,89,84,84,84,14.583333333333334,0.0013,14.4,62.1,0,0,0,
2026-07-20,11:30:38,maceta1,89,92,84,83,83,24.583333333333336,0.0027,14.7,69.1,0,0,0,
2026-07-20,11:30:38,maceta2,92,90,83,84,83,17.083333333333336,0.0019,14.4,62.4,0,0,0,
2026-07-20,12:00:41,maceta1,90,92,84,83,83,32.91666666666667,0.0038,14.7,70.4,0,0,0,
2026-07-20,12:00:41,maceta2,92,90,83,84,83,22.5,0.0027,14.4,62.3,0,0,0,
2026-07-20,12:30:44,maceta1,89,91,84,83,83,20.833333333333336,0.0045,14.7,66.9,0,0,0,
2026-07-20,12:30:44,maceta2,92,89,83,84,83,14.583333333333334,0.0031,14.5,62.6,0,0,0,
2026-07-20,13:00:46,maceta1,89,91,84,83,83,34.16666666666667,0.0057,14.8,68.2,0,0,0,
2026-07-20,13:00:46,maceta2,90,89,83,84,83,24.166666666666668,0.0039,,,0,0,0,"Lectura invalida de DHT | Lectura invalida de DHT, se omite logica de ventilacion"
2026-07-20,13:30:49,maceta1,89,92,84,83,83,43.333333333333336,0.0071,14.8,66.2,0,0,0,
2026-07-20,13:30:49,maceta2,91,90,83,84,83,30.416666666666668,0.005,14.6,62.2,0,0,0,
2026-07-20,14:00:52,maceta1,89,91,84,83,83,61.66666666666667,0.0092,14.8,65.9,0,0,0,
2026-07-20,14:00:52,maceta2,91,89,83,84,83,44.583333333333336,0.0064,14.6,62.2,0,0,0,
2026-07-20,14:30:55,maceta1,89,91,84,83,83,65.83333333333334,0.0114,14.9,66.1,0,0,0,
2026-07-20,14:30:55,maceta2,91,89,83,84,83,51.25,0.0082,14.8,62.1,0,0,0,
2026-07-20,15:00:57,maceta1,88,91,84,83,83,25.416666666666668,0.0122,15.0,65.6,1,0,0,
2026-07-20,15:00:57,maceta2,90,88,83,84,83,20.0,0.0088,14.9,62.2,0,0,0,
2026-07-20,15:31:00,maceta1,89,91,84,83,83,98.33333333333334,1.055,15.1,66.2,1,0,0,
2026-07-20,15:31:00,maceta2,91,88,83,85,84,13.75,0.0093,15.0,61.9,1,0,0,
2026-07-20,16:01:03,maceta1,88,91,85,83,84,100.0,2.0978,16.7,62.7,1,0,0,
2026-07-20,16:01:03,maceta2,91,89,83,85,84,139.16666666666669,1.0534,14.9,62.1,1,0,0,
2026-07-20,16:31:06,maceta1,88,90,85,83,84,91.25,3.1402,17.0,61.5,1,0,0,
2026-07-20,16:31:06,maceta2,90,89,83,84,83,128.75,2.0971,16.1,58.9,1,0,0,
2026-07-20,17:01:09,maceta1,89,91,85,83,84,90.41666666666667,4.1825,17.2,62.0,1,0,0,
2026-07-20,17:01:09,maceta2,92,88,83,84,83,124.58333333333334,3.1405,16.3,59.3,1,0,0,
2026-07-20,17:31:11,maceta1,89,90,84,84,84,82.5,5.2247,17.2,60.9,1,0,0,
2026-07-20,17:31:11,maceta2,91,89,83,84,83,123.33333333333334,4.184,16.4,58.7,1,0,0,
2026-07-20,18:01:14,maceta1,86,89,85,84,84,82.08333333333334,6.2668,17.3,61.3,1,0,0,
2026-07-20,18:01:14,maceta2,90,88,83,85,84,122.5,5.2275,16.4,58.7,1,0,0,
2026-07-20,18:31:17,maceta1,89,91,85,84,84,82.91666666666667,7.3089,17.2,61.1,1,0,0,
2026-07-20,18:31:17,maceta2,91,89,83,84,83,120.0,6.2708,16.3,58.9,1,0,0,
2026-07-20,19:01:20,maceta1,88,90,85,84,84,82.91666666666667,8.351,17.2,61.1,1,0,0,
2026-07-20,19:01:20,maceta2,90,88,84,85,84,121.66666666666667,7.3142,16.3,59.1,1,0,0,
2026-07-20,19:31:23,maceta1,89,91,84,83,83,81.25,9.3936,17.2,60.6,1,0,0,
2026-07-20,19:31:23,maceta2,92,90,83,84,83,126.25,8.3584,16.3,58.9,1,0,0,
2026-07-20,20:01:26,maceta1,88,90,85,84,84,83.75,10.4358,17.2,61.0,1,0,0,
2026-07-20,20:01:26,maceta2,90,89,83,84,83,122.08333333333334,9.4018,16.3,58.8,1,0,0,
2026-07-20,20:31:29,maceta1,89,90,84,84,84,81.66666666666667,11.4779,17.2,61.1,1,0,0,
2026-07-20,20:31:29,maceta2,91,89,83,84,83,125.83333333333334,10.4454,16.2,59.0,1,0,0,
2026-07-20,21:01:32,maceta1,89,91,84,84,84,84.58333333333334,12.5201,17.2,61.2,1,0,0,
2026-07-20,21:01:32,maceta2,92,90,83,84,83,123.33333333333334,11.4889,16.1,59.3,1,0,0,
2026-07-20,21:31:34,maceta1,88,91,84,83,83,85.41666666666667,13.5623,,,1,0,0,"Lectura invalida de DHT | Lectura invalida de DHT, se omite logica de ventilacion"
2026-07-20,21:31:34,maceta2,90,89,83,84,83,120.83333333333334,12.5323,16.2,59.0,1,0,0,
2026-07-20,22:01:37,maceta1,89,91,84,83,83,82.91666666666667,14.6044,17.2,61.2,0,0,0,
2026-07-20,22:01:37,maceta2,92,90,83,84,83,121.25,13.5757,16.1,58.9,0,0,0,
2026-07-20,22:31:40,maceta1,90,92,84,83,83,0.0,14.6044,17.2,61.4,0,0,0,
2026-07-20,22:31:40,maceta2,93,90,83,84,83,0.0,13.5757,16.1,58.9,0,0,0,
2026-07-20,23:01:43,maceta1,89,90,84,83,83,0.0,14.6044,15.7,67.4,0,0,0,
2026-07-20,23:01:43,maceta2,92,89,82,84,83,0.0,13.5757,15.0,60.8,0,0,0,
2026-07-20,23:31:45,maceta1,88,90,84,83,83,0.0,14.6044,15.3,67.4,0,0,0,
2026-07-20,23:31:45,maceta2,91,90,83,84,83,0.0,13.5757,14.9,61.7,0,0,0,
2026-07-21,00:01:48,maceta1,89,89,84,84,84,0.0,0.0,15.2,69.1,0,0,0,
2026-07-21,00:01:48,maceta2,91,89,83,84,83,0.0,0.0,14.8,62.0,0,0,0,
2026-07-21,00:31:51,maceta1,88,90,85,84,84,0.0,0.0,,,0,0,0,"Lectura invalida de DHT | Lectura invalida de DHT, se omite logica de ventilacion"
2026-07-21,00:31:51,maceta2,91,89,83,84,83,0.0,0.0,14.7,62.2,0,0,0,
2026-07-21,01:01:53,maceta1,89,91,84,84,84,0.0,0.0,15.0,69.3,0,0,0,
2026-07-21,01:01:53,maceta2,92,90,83,84,83,0.0,0.0,14.7,62.2,0,0,0,
2026-07-21,01:31:56,maceta1,90,91,84,83,83,0.0,0.0,15.0,68.4,0,0,0,
2026-07-21,01:31:56,maceta2,92,89,83,84,83,0.0,0.0,14.6,62.1,0,0,0,
2026-07-21,02:01:59,maceta1,89,91,84,83,83,0.0,0.0,14.9,68.6,0,0,0,
2026-07-21,02:01:59,maceta2,92,90,83,84,83,0.0,0.0,14.5,61.9,0,0,0,
2026-07-21,02:32:02,maceta1,89,90,84,83,83,0.0,0.0,14.9,69.9,0,0,0,
2026-07-21,02:32:02,maceta2,91,89,83,84,83,0.0,0.0,14.4,61.8,0,0,0,
2026-07-21,03:02:04,maceta1,89,91,84,83,83,0.0,0.0,,,0,0,0,"Lectura invalida de DHT | Lectura invalida de DHT, se omite logica de ventilacion"
2026-07-21,03:02:04,maceta2,92,89,83,84,83,0.0,0.0,14.3,61.7,0,0,0,
2026-07-21,03:32:07,maceta1,88,90,84,84,84,0.0,0.0,14.7,70.0,0,0,0,
2026-07-21,03:32:07,maceta2,91,89,83,84,83,0.0,0.0,14.3,61.6,0,0,0,
2026-07-21,04:02:10,maceta1,89,91,84,83,83,0.0,0.0,14.7,70.7,0,0,0,
2026-07-21,04:02:10,maceta2,92,90,83,84,83,0.0,0.0,14.2,61.7,0,0,0,
2026-07-21,04:32:12,maceta1,89,91,84,83,83,0.0,0.0,14.6,70.0,0,0,0,
2026-07-21,04:32:12,maceta2,92,90,83,84,83,0.0,0.0,14.1,62.0,0,0,0,
2026-07-21,05:02:15,maceta1,88,89,84,84,84,0.0,0.0,14.5,67.9,0,0,0,
2026-07-21,05:02:15,maceta2,91,89,83,84,83,0.0,0.0,14.0,62.1,0,0,0,
2026-07-21,05:32:18,maceta1,88,90,85,84,84,0.0,0.0,14.5,71.2,0,0,0,
2026-07-21,05:32:18,maceta2,91,89,83,84,83,0.0,0.0,14.0,61.5,0,0,0,
2026-07-21,06:02:20,maceta1,89,91,85,84,84,0.0,0.0,14.4,68.9,0,0,0,
2026-07-21,06:02:20,maceta2,91,89,83,84,83,0.0,0.0,14.0,61.4,0,0,0,
2026-07-21,06:32:23,maceta1,88,90,85,84,84,0.0,0.0,14.3,67.2,0,0,0,
2026-07-21,06:32:23,maceta2,91,89,83,84,83,0.0,0.0,13.9,61.9,0,0,0,
2026-07-21,07:02:26,maceta1,89,90,84,84,84,0.0,0.0,14.3,68.0,0,0,0,
2026-07-21,07:02:26,maceta2,91,89,83,84,83,0.0,0.0,13.9,62.2,0,0,0,
2026-07-21,07:32:29,maceta1,89,92,84,83,83,0.0,0.0,14.3,68.3,0,0,0,
2026-07-21,07:32:29,maceta2,91,90,83,84,83,0.0,0.0,13.9,62.3,0,0,0,
2026-07-21,08:02:31,maceta1,90,92,84,83,83,0.0,0.0,14.3,68.4,0,0,0,
2026-07-21,08:02:31,maceta2,92,90,83,84,83,0.0,0.0,13.9,62.4,0,0,0,
2026-07-21,08:32:34,maceta1,89,91,84,83,83,0.0,0.0,14.2,68.3,0,0,0,
2026-07-21,08:32:34,maceta2,91,90,83,84,83,0.0,0.0,13.9,62.5,0,0,0,
2026-07-21,09:02:37,maceta1,88,91,84,83,83,5.0,0.0002,14.2,69.0,0,0,0,
2026-07-21,09:02:37,maceta2,91,89,83,84,83,3.75,0.0001,13.8,62.9,0,0,0,
2026-07-21,09:32:39,maceta1,88,91,85,83,84,7.5,0.0004,14.1,68.0,0,0,0,
2026-07-21,09:32:39,maceta2,90,89,83,84,83,5.416666666666667,0.0003,13.8,63.1,0,0,0,
2026-07-21,10:02:42,maceta1,89,90,85,83,84,5.833333333333334,0.0006,14.1,69.6,0,0,0,
2026-07-21,10:02:42,maceta2,91,88,83,84,83,4.166666666666667,0.0004,13.8,63.0,0,0,0,
2026-07-21,10:32:45,maceta1,89,92,84,83,83,8.333333333333334,0.0009,14.2,68.8,0,0,0,
2026-07-21,10:32:45,maceta2,92,90,83,84,83,5.833333333333334,0.0006,13.8,63.3,0,0,0,
2026-07-21,11:02:47,maceta1,89,91,84,83,83,605.4166666666667,0.0211,14.2,70.8,0,0,0,
2026-07-21,11:02:47,maceta2,91,89,83,84,83,335.0,0.0118,13.9,63.2,0,0,0,
2026-07-21,11:32:50,maceta1,90,91,84,83,83,602.5,0.0412,14.3,70.9,0,0,0,
2026-07-21,11:32:50,maceta2,91,89,83,84,83,333.75,0.0229,14.0,63.3,0,0,0,
2026-07-21,12:02:53,maceta1,89,92,84,83,83,603.75,0.0613,14.4,70.4,0,0,0,
2026-07-21,12:02:53,maceta2,91,90,83,84,83,334.58333333333337,0.0341,14.0,63.3,0,0,0,
2026-07-21,12:32:56,maceta1,90,92,84,83,83,604.1666666666667,0.0815,14.4,69.0,0,0,0,
2026-07-21,12:32:56,maceta2,92,90,83,84,83,335.0,0.0453,14.0,63.0,0,0,0,
2026-07-21,13:02:58,maceta1,89,92,84,83,83,601.25,0.1015,14.4,67.6,0,0,0,
2026-07-21,13:02:58,maceta2,91,90,83,84,83,332.9166666666667,0.0564,14.0,63.5,0,0,0,
2026-07-21,13:33:01,maceta1,88,91,84,83,83,604.5833333333334,0.1217,14.3,67.8,0,0,0,
2026-07-21,13:33:01,maceta2,91,90,83,84,83,335.4166666666667,0.0676,14.0,63.6,0,0,0,
2026-07-21,14:03:04,maceta1,89,91,84,83,83,602.0833333333334,0.1418,14.3,67.7,0,0,0,
2026-07-21,14:03:04,maceta2,91,90,83,84,83,333.33333333333337,0.0787,13.9,63.6,0,0,0,
2026-07-21,14:33:06,maceta1,90,91,84,83,83,609.5833333333334,0.1621,14.3,70.0,0,0,0,
2026-07-21,14:33:06,maceta2,91,90,83,84,83,338.33333333333337,0.09,13.9,64.0,0,0,0,
2026-07-21,15:03:09,maceta1,90,91,84,83,83,604.5833333333334,0.1822,14.3,70.5,1,0,0,
2026-07-21,15:03:09,maceta2,91,88,83,84,83,337.9166666666667,0.1012,13.9,64.1,0,0,0,
2026-07-21,15:33:12,maceta1,89,91,84,83,83,705.4166666666667,1.2451,14.3,69.9,1,0,0,
2026-07-21,15:33:12,maceta2,91,89,83,84,83,346.25,0.1128,13.9,64.5,1,0,0,
2026-07-21,16:03:15,maceta1,89,91,84,83,83,693.3333333333334,2.3076,16.0,67.0,1,0,0,
2026-07-21,16:03:15,maceta2,92,89,83,84,83,462.08333333333337,1.1676,13.9,64.5,1,0,0,
2026-07-21,16:33:17,maceta1,88,91,84,83,83,700.0,3.3703,16.4,63.9,1,0,0,
2026-07-21,16:33:17,maceta2,91,90,83,84,83,468.33333333333337,2.2225,14.9,62.4,1,0,0,
2026-07-21,17:03:20,maceta1,89,92,84,83,83,693.3333333333334,4.4328,16.4,63.1,1,0,0,
2026-07-21,17:03:20,maceta2,91,90,83,84,83,461.6666666666667,3.2773,15.2,61.7,1,0,0,
2026-07-21,17:33:23,maceta1,88,90,85,83,84,685.4166666666667,5.495,16.5,63.0,1,0,0,
2026-07-21,17:33:23,maceta2,91,89,83,84,83,457.08333333333337,4.3319,15.2,61.6,1,0,0,
2026-07-21,18:03:25,maceta1,88,91,85,83,84,680.8333333333334,6.5571,16.5,63.1,1,0,0,
2026-07-21,18:03:25,maceta2,90,88,83,84,83,454.58333333333337,5.3864,15.2,61.4,1,0,0,
2026-07-21,18:33:28,maceta1,88,90,85,84,84,685.0,7.6193,16.6,62.9,1,0,0,
2026-07-21,18:33:28,maceta2,90,89,84,84,84,457.5,6.441,15.1,60.8,1,0,0,
2026-07-21,19:03:31,maceta1,87,91,85,83,84,684.5833333333334,8.6814,16.6,62.8,1,0,0,
2026-07-21,19:03:31,maceta2,90,88,84,85,84,455.83333333333337,7.4955,15.1,60.5,1,0,0,
2026-07-21,19:33:34,maceta1,88,91,85,83,84,682.0833333333334,9.7435,16.5,62.4,1,0,0,
2026-07-21,19:33:34,maceta2,91,89,84,84,84,455.83333333333337,8.5501,15.0,60.2,1,0,0,
2026-07-21,20:03:36,maceta1,89,92,85,83,84,681.25,10.8056,16.5,62.7,1,0,0,
2026-07-21,20:03:36,maceta2,92,90,83,84,83,455.4166666666667,9.6046,15.0,59.8,1,0,0,
2026-07-21,20:33:39,maceta1,88,90,85,83,84,682.5,11.8677,16.5,62.3,1,0,0,
2026-07-21,20:33:39,maceta2,90,89,83,84,83,455.4166666666667,10.6592,15.0,59.7,1,0,0,
2026-07-21,21:03:42,maceta1,89,91,84,83,83,682.0833333333334,12.9298,16.5,62.2,1,0,0,
2026-07-21,21:03:42,maceta2,91,89,83,84,83,455.4166666666667,11.7137,15.0,59.6,1,0,0,
2026-07-21,21:33:44,maceta1,89,91,84,83,83,682.5,13.9919,16.4,62.5,1,0,0,
2026-07-21,21:33:44,maceta2,92,90,83,84,83,456.25,12.7683,15.0,59.4,1,0,0,
2026-07-21,22:03:47,maceta1,88,91,84,83,83,683.3333333333334,15.054,16.4,62.5,0,0,0,
2026-07-21,22:03:47,maceta2,92,90,83,84,83,452.5,13.8227,15.0,59.3,0,0,0,
2026-07-21,22:33:50,maceta1,90,92,84,83,83,595.0,15.0739,16.5,62.4,0,0,0,
2026-07-21,22:33:50,maceta2,92,91,83,84,83,328.33333333333337,13.8337,14.9,59.5,0,0,0,
2026-07-21,23:03:53,maceta1,89,91,84,83,83,594.5833333333334,15.0937,14.9,66.5,0,0,0,
2026-07-21,23:03:53,maceta2,92,90,83,84,83,328.75,13.8446,13.9,61.4,0,0,0,
2026-07-21,23:33:55,maceta1,89,90,84,83,83,594.5833333333334,15.1135,14.5,68.4,0,0,0,
2026-07-21,23:33:55,maceta2,91,89,83,84,83,328.33333333333337,13.8556,13.7,61.9,0,0,0,
2026-07-22,00:03:58,maceta1,88,89,84,84,84,594.1666666666667,0.0198,14.3,70.2,0,0,0,
2026-07-22,00:03:58,maceta2,91,89,83,84,83,328.33333333333337,0.011,13.6,62.0,0,0,0,
2026-07-22,00:34:01,maceta1,88,90,85,84,84,594.1666666666667,0.0396,14.2,69.2,0,0,0,
2026-07-22,00:34:01,maceta2,90,89,83,84,83,328.33333333333337,0.0219,13.5,62.0,0,0,0,
2026-07-22,01:04:03,maceta1,89,90,85,84,84,594.1666666666667,0.0594,14.1,69.7,0,0,0,
2026-07-22,01:04:03,maceta2,91,89,83,84,83,328.75,0.0329,13.4,61.9,0,0,0,
2026-07-22,01:34:06,maceta1,88,91,85,84,84,594.1666666666667,0.0793,14.0,67.9,0,0,0,
2026-07-22,01:34:06,maceta2,90,90,84,84,84,328.33333333333337,0.0438,13.3,62.1,0,0,0,
2026-07-22,02:04:09,maceta1,89,91,84,83,83,593.75,0.0991,14.0,69.0,0,0,0,
2026-07-22,02:04:09,maceta2,92,90,83,84,83,328.33333333333337,0.0548,13.3,61.5,0,0,0,
2026-07-22,02:34:12,maceta1,88,89,85,84,84,594.1666666666667,0.1189,,,0,0,0,"Lectura invalida de DHT | Lectura invalida de DHT, se omite logica de ventilacion"
2026-07-22,02:34:12,maceta2,91,89,83,84,83,328.33333333333337,0.0657,13.3,61.7,0,0,0,
2026-07-22,03:04:14,maceta1,88,91,85,84,84,594.1666666666667,0.1387,13.9,67.7,0,0,0,
2026-07-22,03:04:14,maceta2,91,90,83,84,83,328.33333333333337,0.0767,13.2,61.6,0,0,0,
2026-07-22,03:34:17,maceta1,88,90,85,84,84,594.1666666666667,0.1585,13.8,68.4,0,0,0,
2026-07-22,03:34:17,maceta2,91,90,83,84,83,328.33333333333337,0.0876,13.2,61.6,0,0,0,
2026-07-22,04:04:20,maceta1,89,91,85,83,84,594.1666666666667,0.1783,13.7,67.6,0,0,0,
2026-07-22,04:04:20,maceta2,92,89,83,84,83,328.33333333333337,0.0986,13.1,61.6,0,0,0,
2026-07-22,04:34:22,maceta1,90,92,84,83,83,594.1666666666667,0.1981,13.6,67.0,0,0,0,
2026-07-22,04:34:22,maceta2,91,89,83,84,83,328.33333333333337,0.1095,13.1,61.4,0,0,0,
2026-07-22,05:04:25,maceta1,89,92,84,83,83,594.1666666666667,0.218,13.6,67.4,0,0,0,
2026-07-22,05:04:25,maceta2,90,90,83,84,83,328.33333333333337,0.1205,13.0,61.6,0,0,0,
2026-07-22,05:34:28,maceta1,90,91,84,83,83,594.1666666666667,0.2378,13.5,68.2,0,0,0,
2026-07-22,05:34:28,maceta2,91,89,83,84,83,328.33333333333337,0.1314,12.9,61.2,0,0,0,
2026-07-22,06:04:30,maceta1,90,92,84,83,83,594.1666666666667,0.2576,13.5,67.2,0,0,0,
2026-07-22,06:04:30,maceta2,92,90,83,84,83,328.33333333333337,0.1424,12.9,61.1,0,0,0,
2026-07-22,06:34:33,maceta1,89,91,84,83,83,593.75,0.2774,13.5,66.9,0,0,0,
2026-07-22,06:34:33,maceta2,92,90,83,84,83,328.33333333333337,0.1533,12.9,61.1,0,0,0,
2026-07-22,07:04:36,maceta1,90,92,84,83,83,594.1666666666667,0.2972,13.4,67.5,0,0,0,
2026-07-22,07:04:36,maceta2,91,90,83,84,83,328.33333333333337,0.1643,12.8,60.9,0,0,0,
2026-07-22,07:34:39,maceta1,89,92,84,83,83,594.1666666666667,0.317,13.3,66.8,0,0,0,
2026-07-22,07:34:39,maceta2,91,89,83,84,83,328.33333333333337,0.1752,12.7,61.1,0,0,0,
2026-07-22,08:04:41,maceta1,91,93,84,82,83,594.1666666666667,0.3368,13.3,65.7,0,0,0,
2026-07-22,08:04:41,maceta2,92,90,83,84,83,328.33333333333337,0.1862,12.6,61.0,0,0,0,
2026-07-22,08:34:44,maceta1,90,92,84,82,83,595.0,0.3567,13.2,66.0,0,0,0,
2026-07-22,08:34:44,maceta2,92,89,83,84,83,329.1666666666667,0.1971,12.5,60.7,0,0,0,
2026-07-22,09:04:47,maceta1,90,92,84,82,83,597.5,0.3766,13.1,65.6,0,0,0,
2026-07-22,09:04:47,maceta2,92,90,83,84,83,330.83333333333337,0.2082,12.5,60.7,0,0,0,
2026-07-22,09:34:49,maceta1,90,92,84,83,83,603.3333333333334,0.3967,13.1,66.8,0,0,0,
2026-07-22,09:34:49,maceta2,92,90,83,84,83,335.0,0.2193,12.5,60.4,0,0,0,
2026-07-22,10:04:52,maceta1,90,92,84,83,83,5.833333333333334,0.3969,13.0,65.0,0,0,0,
2026-07-22,10:04:52,maceta2,91,89,83,84,83,4.166666666666667,0.2195,12.5,60.6,0,0,0,
2026-07-22,10:34:55,maceta1,90,93,84,82,83,23.333333333333336,0.3977,12.9,67.4,0,0,0,
2026-07-22,10:34:55,maceta2,92,90,83,84,83,16.25,0.22,12.4,60.5,0,0,0,
2026-07-22,11:04:58,maceta1,90,91,84,83,83,17.083333333333336,0.3983,12.8,66.0,0,0,0,
2026-07-22,11:04:58,maceta2,91,90,83,84,83,12.083333333333334,0.2204,12.3,60.5,0,0,0,
2026-07-22,11:35:00,maceta1,88,91,84,83,83,19.166666666666668,0.3989,12.7,65.7,0,0,0,
2026-07-22,11:35:00,maceta2,90,88,83,84,83,13.333333333333334,0.2209,12.3,60.8,0,0,0,
2026-07-22,12:05:03,maceta1,90,92,84,83,83,17.5,0.3995,12.8,66.1,0,0,0,
2026-07-22,12:05:03,maceta2,92,90,83,84,83,12.083333333333334,0.2213,12.3,61.3,0,0,0,
2026-07-22,12:35:06,maceta1,90,92,84,83,83,28.75,0.4005,12.8,66.2,0,0,0,
2026-07-22,12:35:06,maceta2,91,90,83,84,83,20.0,0.2219,12.3,61.3,0,0,0,
2026-07-22,13:05:08,maceta1,89,92,84,83,83,25.416666666666668,0.4013,12.9,67.4,0,0,0,
2026-07-22,13:05:08,maceta2,91,89,83,84,83,17.916666666666668,0.2225,12.5,61.1,0,0,0,
2026-07-22,13:35:11,maceta1,90,92,84,83,83,38.333333333333336,0.4026,12.8,66.2,0,0,0,
2026-07-22,13:35:11,maceta2,91,90,83,84,83,26.666666666666668,0.2234,12.5,61.2,0,0,0,
2026-07-22,14:05:14,maceta1,89,91,84,83,83,18.333333333333336,0.4032,12.9,65.0,0,0,0,
2026-07-22,14:05:14,maceta2,91,89,83,84,83,12.916666666666668,0.2239,12.5,61.1,0,0,0,
2026-07-22,14:35:16,maceta1,89,91,84,83,83,29.166666666666668,0.4042,12.9,64.7,0,0,0,
2026-07-22,14:35:16,maceta2,91,89,83,84,83,20.416666666666668,0.2245,12.5,60.8,0,0,0,
2026-07-22,15:05:19,maceta1,89,91,84,83,83,29.166666666666668,0.4051,12.9,65.8,1,0,0,
2026-07-22,15:05:19,maceta2,89,88,84,84,84,21.25,0.2253,12.6,60.9,0,0,0,
2026-07-22,15:35:23,maceta1,87,89,85,84,84,87.91666666666667,1.448,13.0,65.4,1,0,0,
2026-07-22,15:35:23,maceta2,90,88,84,85,84,21.25,0.226,12.7,61.2,1,0,0,
2026-07-22,16:05:26,maceta1,88,90,85,84,84,69.16666666666667,2.4897,13.7,62.5,1,0,0,
2026-07-22,16:05:26,maceta2,92,89,84,85,84,129.16666666666669,1.2696,12.8,60.9,1,0,0,
2026-07-22,16:35:28,maceta1,88,90,85,84,84,72.08333333333334,3.5314,14.0,61.0,1,0,0,
2026-07-22,16:35:28,maceta2,91,89,83,84,83,132.91666666666669,2.3134,13.9,57.9,1,0,0,
2026-07-22,17:05:38,maceta1,88,91,85,84,84,675.8333333333334,4.5973,14.0,60.8,1,0,0,
2026-07-22,17:05:38,maceta2,91,89,83,84,83,467.5,3.3723,14.1,57.0,1,0,0,
2026-07-22,17:35:40,maceta1,87,91,85,83,84,663.75,5.6588,14.3,61.2,1,0,0,
2026-07-22,17:35:40,maceta2,93,90,83,84,83,459.58333333333337,4.427,14.3,56.9,1,0,0,
2026-07-22,18:02:53,maceta1,89,92,,,,597.9166666666667,0.0,14.4,61.9,1,0,0,Recolectando muestras del sensor. Esperando 3 lecturas...
2026-07-22,18:02:53,maceta2,92,90,,,,332.08333333333337,0.0,14.4,56.8,1,0,0,Recolectando muestras del sensor. Esperando 3 lecturas...
2026-07-22,18:03:55,maceta1,88,90,,,,661.6666666666667,0.037,14.5,61.4,1,0,0,Recolectando muestras del sensor. Esperando 3 lecturas...
2026-07-22,18:03:55,maceta2,91,88,,,,454.1666666666667,0.0367,14.4,56.9,1,0,0,Recolectando muestras del sensor. Esperando 3 lecturas...
2026-07-22,18:04:58,maceta1,87,90,85,83,84,663.75,0.0739,14.5,62.8,1,0,0,
2026-07-22,18:04:58,maceta2,90,89,83,84,83,458.75,0.0734,14.4,56.9,1,0,0,
2026-07-22,18:06:01,maceta1,87,90,85,84,84,661.25,0.1108,14.5,61.5,1,0,0,
2026-07-22,18:06:01,maceta2,91,90,83,84,83,453.75,0.1101,14.4,56.5,1,0,0,
2026-07-22,18:07:03,maceta1,88,89,85,84,84,663.75,0.1477,14.5,60.8,1,0,0,
2026-07-22,18:07:03,maceta2,91,89,83,84,83,453.33333333333337,0.1467,14.4,57.0,1,0,0,
2026-07-22,18:08:06,maceta1,88,91,85,84,84,663.75,0.1848,14.5,60.7,1,0,0,
2026-07-22,18:08:06,maceta2,91,89,83,84,83,457.9166666666667,0.1836,14.4,56.7,1,0,0,
2026-07-22,18:09:09,maceta1,88,91,85,84,84,661.6666666666667,0.2218,14.5,60.5,1,0,0,
2026-07-22,18:09:09,maceta2,92,90,83,84,83,453.75,0.2203,14.4,56.5,1,0,0,
2026-07-22,18:10:12,maceta1,88,90,85,83,84,662.9166666666667,0.2587,14.5,61.1,1,0,0,
2026-07-22,18:10:12,maceta2,92,90,83,84,83,458.75,0.257,14.4,56.8,1,0,0,
2026-07-22,18:11:15,maceta1,87,90,85,84,84,662.5,0.2956,14.5,60.7,1,0,0,
2026-07-22,18:11:15,maceta2,91,89,83,84,83,452.9166666666667,0.2937,14.4,56.8,1,0,0,
2026-07-22,18:12:17,maceta1,87,89,85,84,84,661.6666666666667,0.3326,14.5,60.5,1,0,0,
2026-07-22,18:12:17,maceta2,91,89,83,84,83,457.9166666666667,0.3304,14.4,57.2,1,0,0,
2026-07-22,18:13:20,maceta1,88,91,85,84,84,661.25,0.3695,14.5,60.6,1,0,0,
2026-07-22,18:13:20,maceta2,91,89,83,84,83,452.9166666666667,0.3671,14.4,56.9,1,0,0,
2026-07-22,18:14:23,maceta1,87,89,85,84,84,663.75,0.4064,14.5,61.0,1,0,0,
2026-07-22,18:14:23,maceta2,91,89,83,84,83,458.33333333333337,0.4037,14.4,57.1,1,0,0,
2026-07-22,18:15:25,maceta1,87,90,85,84,84,662.5,0.4433,14.5,60.4,1,0,0,
2026-07-22,18:15:25,maceta2,91,89,83,84,83,455.4166666666667,0.4404,14.4,57.2,1,0,0,
2026-07-22,18:16:28,maceta1,88,90,85,84,84,664.1666666666667,0.4802,14.5,60.7,1,0,0,
2026-07-22,18:16:28,maceta2,91,89,83,84,83,457.9166666666667,0.4771,14.4,57.3,1,0,0,
2026-07-22,18:17:31,maceta1,88,89,85,84,84,664.1666666666667,0.5172,14.4,60.3,1,0,0,
2026-07-22,18:17:31,maceta2,91,90,83,84,83,454.58333333333337,0.5138,14.4,57.2,1,0,0,
2026-07-22,18:18:34,maceta1,88,90,85,84,84,661.6666666666667,0.5541,14.4,60.9,1,0,0,
2026-07-22,18:18:34,maceta2,92,89,83,84,83,458.33333333333337,0.5505,14.4,57.3,1,0,0,
2026-07-22,18:19:36,maceta1,87,90,85,84,84,663.3333333333334,0.591,14.4,60.4,1,0,0,
2026-07-22,18:19:36,maceta2,91,89,83,84,83,456.25,0.5872,14.3,57.3,1,0,0,
2026-07-22,18:20:39,maceta1,88,90,85,84,84,663.75,0.628,14.4,60.5,1,0,0,
2026-07-22,18:20:39,maceta2,92,90,83,84,83,458.75,0.6239,14.3,57.3,1,0,0,
2026-07-22,18:21:42,maceta1,87,90,85,84,84,662.5,0.6649,14.4,60.4,1,0,0,
2026-07-22,18:21:42,maceta2,90,89,83,84,83,452.9166666666667,0.6606,14.3,57.4,1,0,0,
2026-07-22,18:22:44,maceta1,88,91,85,84,84,661.25,0.7018,14.4,61.0,1,0,0,
2026-07-22,18:22:44,maceta2,91,90,83,84,83,452.9166666666667,0.6973,14.3,57.8,1,0,0,
2026-07-22,18:23:47,maceta1,87,90,85,84,84,661.6666666666667,0.7388,14.4,60.7,1,0,0,
2026-07-22,18:23:47,maceta2,91,88,83,84,83,456.6666666666667,0.734,14.3,57.5,1,0,0,
2026-07-22,18:24:50,maceta1,87,91,85,83,84,661.25,0.7757,14.4,60.4,1,0,0,
2026-07-22,18:24:50,maceta2,91,90,83,84,83,455.4166666666667,0.7706,14.3,57.5,1,0,0,
2026-07-22,18:25:53,maceta1,87,90,85,84,84,663.3333333333334,0.8126,14.4,60.7,1,0,0,
2026-07-22,18:25:53,maceta2,91,90,83,84,83,452.5,0.8073,14.3,57.4,1,0,0,
2026-07-22,18:26:55,maceta1,87,90,85,84,84,662.9166666666667,0.8495,14.4,60.6,1,0,0,
2026-07-22,18:26:55,maceta2,91,89,83,84,83,457.9166666666667,0.844,14.3,57.3,1,0,0,
2026-07-22,18:27:58,maceta1,87,90,85,84,84,660.8333333333334,0.8864,14.4,60.5,1,0,0,
2026-07-22,18:27:58,maceta2,91,89,83,84,83,458.33333333333337,0.8806,14.3,57.5,1,0,0,
2026-07-22,18:29:01,maceta1,88,90,85,84,84,662.0833333333334,0.9233,,,1,0,0,"Lectura invalida de DHT | Lectura invalida de DHT, se omite logica de ventilacion"
2026-07-22,18:29:01,maceta2,91,90,83,84,83,457.08333333333337,0.9173,14.3,57.6,1,0,0,
2026-07-22,18:30:03,maceta1,88,91,85,84,84,663.3333333333334,0.9602,14.4,62.5,1,0,0,
2026-07-22,18:30:03,maceta2,91,90,83,84,83,455.83333333333337,0.954,14.3,57.4,1,0,0,
2026-07-22,18:31:06,maceta1,87,91,85,83,84,660.8333333333334,0.9971,14.4,60.7,1,0,0,
2026-07-22,18:31:06,maceta2,91,89,83,84,83,452.5,0.9907,14.3,57.7,1,0,0,
2026-07-22,18:32:24,maceta1,88,90,85,83,84,662.5,1.0429,14.4,61.1,1,0,0,
2026-07-22,18:32:24,maceta2,91,89,83,84,83,452.08333333333337,1.0361,14.3,57.4,1,0,0,
2026-07-22,18:33:26,maceta1,88,91,85,83,84,662.5,1.0798,14.4,60.3,1,0,0,
2026-07-22,18:33:26,maceta2,91,89,83,84,83,452.5,1.0728,14.3,57.3,1,0,0,
2026-07-22,18:34:29,maceta1,87,89,85,84,84,660.8333333333334,1.1168,14.4,61.0,1,0,0,
2026-07-22,18:34:29,maceta2,91,89,83,84,83,453.33333333333337,1.1095,14.3,57.6,1,0,0,
2026-07-22,18:35:32,maceta1,87,90,85,84,84,660.8333333333334,1.1537,14.4,60.5,1,0,0,
2026-07-22,18:35:32,maceta2,90,89,83,84,83,457.5,1.1462,14.3,57.2,1,0,0,
2026-07-22,18:36:35,maceta1,87,90,85,84,84,664.1666666666667,1.1906,14.4,60.2,1,0,0,
2026-07-22,18:36:35,maceta2,91,90,83,84,83,452.5,1.1829,14.3,57.5,1,0,0,
2026-07-22,18:37:37,maceta1,88,90,85,84,84,661.25,1.2276,14.4,60.2,1,0,0,
2026-07-22,18:37:37,maceta2,92,90,83,84,83,455.4166666666667,1.2196,14.3,57.2,1,0,0,
2026-07-22,18:38:40,maceta1,87,90,85,84,84,663.75,1.2645,14.4,60.5,1,0,0,
2026-07-22,18:38:40,maceta2,90,88,83,84,83,451.6666666666667,1.2563,14.3,57.7,1,0,0,
2026-07-22,18:39:43,maceta1,87,90,85,84,84,662.0833333333334,1.3016,14.4,61.1,1,0,0,
2026-07-22,18:39:43,maceta2,91,89,83,84,83,459.1666666666667,1.2931,14.3,57.4,1,0,0,
2026-07-22,18:40:46,maceta1,88,91,85,84,84,662.0833333333334,1.3385,14.4,60.4,1,0,0,
2026-07-22,18:40:46,maceta2,91,90,83,84,83,453.33333333333337,1.3298,14.3,57.1,1,0,0,
2026-07-22,18:41:49,maceta1,88,90,85,84,84,663.75,1.3756,14.4,60.5,1,0,0,
2026-07-22,18:41:49,maceta2,91,89,83,84,83,459.1666666666667,1.3666,14.3,57.2,1,0,0,
2026-07-22,18:42:51,maceta1,87,90,85,84,84,661.6666666666667,1.4125,14.4,60.7,1,0,0,
2026-07-22,18:42:51,maceta2,90,89,83,84,83,458.33333333333337,1.4033,14.3,57.4,1,0,0,
2026-07-22,18:43:54,maceta1,88,90,85,84,84,661.25,1.4494,14.4,60.3,1,0,0,
2026-07-22,18:43:54,maceta2,91,89,83,84,83,453.33333333333337,1.44,14.3,57.3,1,0,0,
2026-07-22,18:44:57,maceta1,88,90,85,84,84,661.6666666666667,1.4864,14.4,60.2,1,0,0,
2026-07-22,18:44:57,maceta2,92,90,83,84,83,455.4166666666667,1.4767,14.3,57.4,1,0,0,
2026-07-22,18:46:00,maceta1,88,91,85,84,84,662.9166666666667,1.5233,14.4,60.3,1,0,0,
2026-07-22,18:46:00,maceta2,91,89,83,84,83,454.58333333333337,1.5134,14.3,57.4,1,0,0,
2026-07-22,18:47:02,maceta1,87,90,85,84,84,662.9166666666667,1.5602,14.4,60.7,1,0,0,
2026-07-22,18:47:02,maceta2,91,89,83,84,83,454.1666666666667,1.5501,14.3,57.2,1,0,0,
2026-07-22,18:48:05,maceta1,87,90,85,84,84,661.6666666666667,1.5972,14.4,60.0,1,0,0,
2026-07-22,18:48:05,maceta2,91,89,83,84,83,452.5,1.5868,14.3,57.4,1,0,0,
2026-07-22,18:49:08,maceta1,88,91,85,84,84,662.0833333333334,1.6341,14.4,60.6,1,0,0,
2026-07-22,18:49:08,maceta2,91,90,83,84,83,455.0,1.6235,14.4,57.6,1,0,0,
2026-07-22,18:50:11,maceta1,88,91,85,83,84,661.25,1.671,14.4,60.5,1,0,0,
2026-07-22,18:50:11,maceta2,92,90,83,84,83,452.9166666666667,1.6602,14.3,57.7,1,0,0,
2026-07-22,18:51:13,maceta1,88,90,85,83,84,660.0,1.708,,,1,0,0,"Lectura invalida de DHT | Lectura invalida de DHT, se omite logica de ventilacion"
2026-07-22,18:51:13,maceta2,92,90,83,84,83,454.1666666666667,1.6969,14.3,57.5,1,0,0,
2026-07-22,18:52:16,maceta1,88,90,85,84,84,660.4166666666667,1.7449,14.4,60.7,1,0,0,
2026-07-22,18:52:16,maceta2,92,90,83,84,83,453.33333333333337,1.7335,14.3,57.6,1,0,0,
2026-07-22,18:53:19,maceta1,88,90,85,84,84,660.4166666666667,1.7818,14.4,60.7,1,0,0,
2026-07-22,18:53:19,maceta2,91,89,83,84,83,458.33333333333337,1.7702,14.3,57.8,1,0,0,
2026-07-22,18:54:21,maceta1,88,91,85,84,84,660.4166666666667,1.8187,14.5,61.6,1,0,0,
2026-07-22,18:54:21,maceta2,92,90,83,84,83,458.75,1.8069,14.3,57.8,1,0,0,
2026-07-22,18:55:24,maceta1,87,90,85,84,84,663.3333333333334,1.8557,,,1,0,0,"Lectura invalida de DHT | Lectura invalida de DHT, se omite logica de ventilacion"
2026-07-22,18:55:24,maceta2,91,89,83,84,83,456.6666666666667,1.8437,14.3,57.6,1,0,0,
2026-07-22,18:56:27,maceta1,88,90,85,84,84,661.6666666666667,1.8926,14.5,61.0,1,0,0,
2026-07-22,18:56:27,maceta2,92,89,83,84,83,457.9166666666667,1.8803,14.3,57.7,1,0,0,
2026-07-22,18:57:30,maceta1,88,90,85,84,84,663.3333333333334,1.9296,14.5,61.6,1,0,0,
2026-07-22,18:57:30,maceta2,92,90,83,84,83,457.9166666666667,1.917,14.3,57.8,1,0,0,
2026-07-22,18:58:32,maceta1,88,91,85,84,84,663.3333333333334,1.9665,14.5,61.0,1,0,0,
2026-07-22,18:58:32,maceta2,92,90,83,84,83,458.75,1.9537,14.3,57.7,1,0,0,
2026-07-22,18:59:35,maceta1,88,90,85,84,84,660.4166666666667,2.0034,14.5,61.1,1,0,0,
2026-07-22,18:59:35,maceta2,91,89,83,84,83,457.9166666666667,1.9903,14.3,57.6,1,0,0,
2026-07-22,19:00:38,maceta1,87,89,85,84,84,661.25,2.0403,14.5,61.0,1,0,0,
2026-07-22,19:00:38,maceta2,90,89,83,84,83,459.1666666666667,2.027,14.3,57.6,1,0,0,
2026-07-22,19:01:40,maceta1,88,90,85,84,84,663.3333333333334,2.0772,14.5,62.5,1,0,0,
2026-07-22,19:01:40,maceta2,92,89,83,84,83,457.08333333333337,2.0637,14.3,57.6,1,0,0,
2026-07-22,19:02:43,maceta1,88,90,85,84,84,662.9166666666667,2.1141,14.5,61.6,1,0,0,
2026-07-22,19:02:43,maceta2,91,90,83,84,83,454.58333333333337,2.1004,14.4,57.8,1,0,0,
2026-07-22,19:03:46,maceta1,88,90,85,84,84,663.75,2.1511,14.5,61.2,1,0,0,
2026-07-22,19:03:46,maceta2,92,90,83,84,83,456.6666666666667,2.1371,14.4,58.0,1,0,0,
2026-07-22,19:04:48,maceta1,87,89,85,84,84,661.6666666666667,2.188,14.5,62.9,1,0,0,
2026-07-22,19:04:48,maceta2,91,89,83,84,83,453.33333333333337,2.1738,14.4,57.8,1,0,0,
2026-07-22,19:05:51,maceta1,88,91,85,84,84,660.0,2.2249,14.5,62.9,1,0,0,
2026-07-22,19:05:51,maceta2,91,90,83,84,83,454.58333333333337,2.2105,14.4,57.6,1,0,0,
2026-07-22,19:06:54,maceta1,88,91,85,84,84,659.5833333333334,2.2618,14.5,62.0,1,0,0,
2026-07-22,19:06:54,maceta2,92,90,83,84,83,455.0,2.2472,14.4,57.5,1,0,0,
2026-07-22,19:07:57,maceta1,88,90,85,83,84,661.25,2.2988,14.6,61.5,1,0,0,
2026-07-22,19:07:57,maceta2,92,89,83,84,83,456.25,2.2839,14.4,57.6,1,0,0,
2026-07-22,19:08:59,maceta1,88,91,85,83,84,660.4166666666667,2.3358,14.5,61.9,1,0,0,
2026-07-22,19:08:59,maceta2,92,90,83,84,83,456.25,2.3206,14.4,57.7,1,0,0,
2026-07-22,19:10:02,maceta1,88,90,85,84,84,662.9166666666667,2.3727,14.5,62.5,1,0,0,
2026-07-22,19:10:02,maceta2,91,90,83,84,83,456.6666666666667,2.3573,14.4,58.0,1,0,0,
2026-07-22,19:11:05,maceta1,89,91,85,83,84,662.9166666666667,2.4096,14.5,62.1,1,0,0,
2026-07-22,19:11:05,maceta2,92,90,83,84,83,456.25,2.394,14.4,57.7,1,0,0,
2026-07-22,19:12:08,maceta1,87,90,85,84,84,662.9166666666667,2.4466,14.6,62.2,1,0,0,
2026-07-22,19:12:08,maceta2,91,89,83,84,83,457.08333333333337,2.4307,14.4,57.7,1,0,0,
2026-07-22,19:13:11,maceta1,88,90,85,84,84,661.25,2.4836,14.6,62.1,1,0,0,
2026-07-22,19:13:11,maceta2,92,89,83,84,83,452.5,2.4675,14.4,57.3,1,0,0,
2026-07-22,19:14:13,maceta1,88,91,85,84,84,659.5833333333334,2.5205,14.6,61.7,1,0,0,
2026-07-22,19:14:13,maceta2,92,90,83,84,83,453.33333333333337,2.5042,14.4,57.4,1,0,0,
2026-07-22,19:15:16,maceta1,88,91,85,83,84,662.5,2.5574,14.6,63.6,1,0,0,
2026-07-22,19:15:16,maceta2,92,90,83,84,83,455.83333333333337,2.5408,14.4,57.7,1,0,0,
2026-07-22,19:16:19,maceta1,89,91,85,83,84,659.1666666666667,2.5944,14.6,62.9,1,0,0,
2026-07-22,19:16:19,maceta2,92,90,83,84,83,457.08333333333337,2.5775,14.4,57.7,1,0,0,
2026-07-22,19:17:21,maceta1,88,91,85,83,84,660.4166666666667,2.6313,14.6,64.1,1,0,0,
2026-07-22,19:17:21,maceta2,91,90,83,84,83,452.5,2.6142,14.4,57.9,1,0,0,
2026-07-22,19:18:24,maceta1,88,91,85,83,84,660.8333333333334,2.6682,14.7,63.8,1,0,0,
2026-07-22,19:18:24,maceta2,92,90,83,84,83,453.33333333333337,2.6509,14.4,57.8,1,0,0,
2026-07-22,19:19:27,maceta1,88,91,85,83,84,662.0833333333334,2.7051,14.7,64.4,1,0,0,
2026-07-22,19:19:27,maceta2,94,90,82,84,83,456.25,2.6876,14.4,57.4,1,0,0,
2026-07-22,19:20:29,maceta1,87,90,85,83,84,659.5833333333334,2.742,14.7,63.5,1,0,0,
2026-07-22,19:20:29,maceta2,91,90,82,84,83,456.25,2.7242,14.5,57.7,1,0,0,
2026-07-22,19:21:32,maceta1,88,91,85,83,84,662.0833333333334,2.779,14.8,64.4,1,0,0,
2026-07-22,19:21:32,maceta2,92,90,82,84,83,453.75,2.7609,14.5,57.4,1,0,0,
2026-07-22,19:22:35,maceta1,87,90,85,84,84,661.25,2.8159,,,1,0,0,"Lectura invalida de DHT | Lectura invalida de DHT, se omite logica de ventilacion"
2026-07-22,19:22:35,maceta2,91,89,83,84,83,455.0,2.7976,14.5,57.5,1,0,0,
2026-07-22,19:23:38,maceta1,88,90,85,84,84,686.25,2.8528,14.9,63.0,1,0,0,
2026-07-22,19:23:38,maceta2,91,89,83,84,83,453.75,2.8343,14.6,57.5,1,0,0,
2026-07-22,19:24:40,maceta1,89,92,85,83,84,687.9166666666667,2.8898,14.9,64.1,1,0,0,
2026-07-22,19:24:40,maceta2,89,89,84,84,84,457.9166666666667,2.871,,,1,0,0,"Lectura invalida de DHT | Lectura invalida de DHT, se omite logica de ventilacion"
2026-07-22,19:25:43,maceta1,88,91,85,83,84,687.5,2.9267,15.0,65.6,1,0,0,
2026-07-22,19:25:43,maceta2,92,90,83,84,83,455.4166666666667,2.9077,14.6,57.6,1,0,0,
2026-07-22,19:26:46,maceta1,89,92,84,83,83,688.3333333333334,2.9637,15.0,66.2,1,0,0,
2026-07-22,19:26:46,maceta2,92,91,83,84,83,458.75,2.9443,14.6,57.3,1,0,0,
2026-07-22,19:27:48,maceta1,89,91,84,83,83,688.3333333333334,3.0006,15.2,67.2,1,0,0,
2026-07-22,19:27:48,maceta2,92,90,83,84,83,456.6666666666667,2.981,14.6,57.2,1,0,0,
2026-07-22,19:28:51,maceta1,88,91,84,83,83,687.9166666666667,3.0376,15.3,66.9,1,0,0,
2026-07-22,19:28:51,maceta2,91,90,83,84,83,458.75,3.0177,14.6,57.1,1,0,0,
2026-07-22,19:29:54,maceta1,88,91,85,83,84,687.0833333333334,3.0746,15.4,66.3,1,0,0,
2026-07-22,19:29:54,maceta2,92,90,83,84,83,458.75,3.0544,14.6,57.1,1,0,0,
2026-07-22,19:30:57,maceta1,89,91,85,83,84,686.6666666666667,3.1115,15.4,66.0,1,0,0,
2026-07-22,19:30:57,maceta2,93,90,83,84,83,455.4166666666667,3.0911,14.6,57.0,1,0,0,
2026-07-22,19:31:59,maceta1,89,91,84,83,83,683.75,3.1485,15.5,65.6,1,0,0,
2026-07-22,19:31:59,maceta2,92,90,82,84,83,455.4166666666667,3.1278,,,1,0,0,"Lectura invalida de DHT | Lectura invalida de DHT, se omite logica de ventilacion"
2026-07-22,19:33:02,maceta1,89,91,84,83,83,685.8333333333334,3.1855,15.6,64.6,1,0,0,
2026-07-22,19:33:02,maceta2,92,90,82,84,83,458.33333333333337,3.1646,14.7,57.1,1,0,0,
2026-07-22,19:34:05,maceta1,88,91,84,83,83,682.9166666666667,3.2225,15.6,63.8,1,0,0,
2026-07-22,19:34:05,maceta2,92,89,83,84,83,458.33333333333337,3.2013,14.7,57.1,1,0,0,
2026-07-22,19:35:08,maceta1,89,92,84,83,83,683.3333333333334,3.2594,15.8,64.0,1,0,0,
2026-07-22,19:35:08,maceta2,92,90,83,84,83,456.6666666666667,3.238,14.7,57.1,1,0,0,
2026-07-22,19:36:10,maceta1,89,92,84,83,83,687.0833333333334,3.2964,15.8,63.3,1,0,0,
2026-07-22,19:36:10,maceta2,92,90,83,84,83,456.6666666666667,3.2747,14.7,56.9,1,0,0,
2026-07-22,19:37:13,maceta1,89,91,84,83,83,686.25,3.3334,15.9,62.6,1,0,0,
2026-07-22,19:37:13,maceta2,91,90,83,84,83,456.25,3.3114,,,1,0,0,"Lectura invalida de DHT | Lectura invalida de DHT, se omite logica de ventilacion"
2026-07-22,19:38:16,maceta1,88,91,84,83,83,687.0833333333334,3.3703,16.0,63.1,1,0,0,
2026-07-22,19:38:16,maceta2,91,90,83,84,83,454.1666666666667,3.348,14.7,56.8,1,0,0,
2026-07-22,19:39:19,maceta1,89,92,84,83,83,684.5833333333334,3.4072,16.0,63.8,1,0,0,
2026-07-22,19:39:19,maceta2,92,91,83,84,83,454.1666666666667,3.3847,14.8,56.9,1,0,0,
2026-07-22,19:40:41,maceta1,88,91,85,83,84,686.6666666666667,3.4557,16.0,63.2,1,0,0,
2026-07-22,19:40:41,maceta2,91,90,83,84,83,457.5,3.4328,14.8,57.0,1,0,0,
2026-07-22,19:41:43,maceta1,89,91,84,83,83,682.5,3.4926,16.1,61.6,1,0,0,
2026-07-22,19:41:43,maceta2,92,90,83,84,83,455.83333333333337,3.4695,14.8,57.0,1,0,0,
2026-07-22,19:42:46,maceta1,89,91,84,83,83,683.3333333333334,3.5296,,,1,0,0,"Lectura invalida de DHT | Lectura invalida de DHT, se omite logica de ventilacion"
2026-07-22,19:42:46,maceta2,93,90,83,84,83,453.33333333333337,3.5062,14.8,57.3,1,0,0,
2026-07-22,19:43:49,maceta1,89,91,84,83,83,684.5833333333334,3.5665,16.2,62.2,1,0,0,
2026-07-22,19:43:49,maceta2,93,90,82,84,83,453.33333333333337,3.5428,14.8,57.1,1,0,0,
2026-07-22,19:44:52,maceta1,89,91,84,83,83,682.5,3.6035,16.2,62.1,1,0,0,
2026-07-22,19:44:52,maceta2,91,90,82,84,83,459.1666666666667,3.5795,14.8,56.9,1,0,0,
2026-07-22,19:45:54,maceta1,89,91,84,83,83,683.75,3.6405,16.3,61.4,1,0,0,
2026-07-22,19:45:54,maceta2,92,90,83,84,83,458.33333333333337,3.6163,14.8,56.8,1,0,0,
2026-07-22,19:46:57,maceta1,89,91,84,83,83,686.25,3.6775,16.4,61.3,1,0,0,
2026-07-22,19:46:57,maceta2,92,90,83,84,83,457.5,3.653,14.8,56.9,1,0,0,
2026-07-22,19:48:00,maceta1,89,92,84,83,83,685.4166666666667,3.7145,16.4,61.7,1,0,0,
2026-07-22,19:48:00,maceta2,92,90,83,84,83,453.75,3.6897,14.8,56.7,1,0,0,
2026-07-22,19:49:03,maceta1,89,91,84,83,83,685.0,3.7514,16.4,62.1,1,0,0,
2026-07-22,19:49:03,maceta2,92,90,83,84,83,453.75,3.7264,14.8,56.7,1,0,0,
2026-07-22,19:50:05,maceta1,89,92,84,83,83,684.1666666666667,3.7884,16.4,62.1,1,0,0,
2026-07-22,19:50:05,maceta2,92,91,83,84,83,456.25,3.7631,14.9,56.7,1,0,0,
2026-07-22,19:51:08,maceta1,89,91,84,83,83,685.8333333333334,3.8254,16.4,62.5,1,0,0,
2026-07-22,19:51:08,maceta2,92,90,83,84,83,459.58333333333337,3.7998,14.9,56.6,1,0,0,
2026-07-22,19:52:11,maceta1,89,91,84,83,83,685.8333333333334,3.8623,16.5,62.3,1,0,0,
2026-07-22,19:52:11,maceta2,92,89,83,84,83,454.1666666666667,3.8365,14.9,56.5,1,0,0,
2026-07-22,19:53:14,maceta1,89,91,84,83,83,686.6666666666667,3.8993,16.5,61.7,1,0,0,
2026-07-22,19:53:14,maceta2,91,90,83,84,83,453.75,3.8732,14.9,56.5,1,0,0,
2026-07-22,19:54:16,maceta1,89,91,84,83,83,682.9166666666667,3.9362,16.5,62.2,1,0,0,
2026-07-22,19:54:16,maceta2,92,90,83,84,83,455.83333333333337,3.9099,15.0,56.9,1,0,0,
2026-07-22,19:55:19,maceta1,88,91,84,83,83,686.6666666666667,3.9732,16.5,61.0,1,0,0,
2026-07-22,19:55:19,maceta2,91,90,83,84,83,453.75,3.9466,15.0,56.6,1,0,0,
2026-07-22,19:56:22,maceta1,88,91,85,83,84,682.5,4.0101,16.6,61.8,1,0,0,
2026-07-22,19:56:22,maceta2,91,89,83,84,83,456.25,3.9832,15.0,56.4,1,0,0,
2026-07-22,19:57:24,maceta1,90,92,84,83,83,682.0833333333334,4.0471,16.6,61.2,1,0,0,
2026-07-22,19:57:24,maceta2,93,91,83,84,83,455.4166666666667,4.0199,15.0,56.4,1,0,0,
2026-07-22,19:58:27,maceta1,89,91,84,83,83,682.5,4.084,16.6,61.5,1,0,0,
2026-07-22,19:58:27,maceta2,92,89,83,84,83,458.33333333333337,4.0566,15.0,56.5,1,0,0,
2026-07-22,19:59:30,maceta1,90,91,84,83,83,682.9166666666667,4.121,16.7,60.5,1,0,0,
2026-07-22,19:59:30,maceta2,93,90,82,84,83,453.33333333333337,4.0933,15.0,56.4,1,0,0,
2026-07-22,20:00:33,maceta1,89,92,84,83,83,685.0,4.1579,16.7,61.3,1,0,0,
2026-07-22,20:00:33,maceta2,93,90,82,84,83,457.9166666666667,4.13,15.1,56.3,1,0,0,
2026-07-22,20:01:35,maceta1,88,91,84,83,83,685.4166666666667,4.1949,16.8,60.6,1,0,0,
2026-07-22,20:01:35,maceta2,92,91,82,84,83,458.33333333333337,4.1667,15.2,56.3,1,0,0,
2026-07-22,20:02:38,maceta1,89,91,84,83,83,682.0833333333334,4.2318,16.8,61.0,1,0,0,
2026-07-22,20:02:38,maceta2,92,89,82,84,83,452.5,4.2034,15.2,56.2,1,0,0,
2026-07-22,20:03:41,maceta1,88,91,85,83,84,681.6666666666667,4.2689,16.8,61.2,1,0,0,
2026-07-22,20:03:41,maceta2,91,89,83,84,83,457.9166666666667,4.2402,15.2,56.0,1,0,0,
2026-07-22,20:04:44,maceta1,89,92,84,83,83,682.0833333333334,4.3058,,,1,0,0,"Lectura invalida de DHT | Lectura invalida de DHT, se omite logica de ventilacion"
2026-07-22,20:04:44,maceta2,92,90,83,84,83,457.9166666666667,4.2768,15.2,56.0,1,0,0,
2026-07-22,20:05:46,maceta1,89,91,84,83,83,683.3333333333334,4.3428,16.9,61.3,1,0,0,
2026-07-22,20:05:46,maceta2,91,90,83,84,83,452.9166666666667,4.3135,15.3,56.1,1,0,0,
2026-07-22,20:06:49,maceta1,88,91,84,83,83,682.0833333333334,4.3797,16.9,61.9,1,0,0,
2026-07-22,20:06:49,maceta2,91,90,83,84,83,454.58333333333337,4.3502,15.3,56.1,1,0,0,
2026-07-22,20:07:52,maceta1,89,92,84,83,83,686.25,4.4167,16.9,61.1,1,0,0,
2026-07-22,20:07:52,maceta2,91,89,83,84,83,457.08333333333337,4.3869,15.3,56.1,1,0,0,
2026-07-22,20:08:54,maceta1,90,91,84,83,83,685.0,4.4536,16.9,62.2,1,0,0,
2026-07-22,20:08:54,maceta2,93,90,83,84,83,455.4166666666667,4.4236,15.3,56.1,1,0,0,
2026-07-22,20:09:57,maceta1,90,91,84,83,83,682.0833333333334,4.4907,17.0,61.6,1,0,0,
2026-07-22,20:09:57,maceta2,93,91,82,84,83,456.25,4.4604,15.3,56.1,1,0,0,
2026-07-22,20:11:00,maceta1,89,91,84,83,83,686.25,4.5276,17.0,60.7,1,0,0,
2026-07-22,20:11:00,maceta2,91,90,82,84,83,455.4166666666667,4.497,15.3,56.1,1,0,0,
2026-07-22,20:12:03,maceta1,89,91,84,83,83,685.0,4.5646,17.0,60.5,1,0,0,
2026-07-22,20:12:03,maceta2,91,90,83,84,83,458.33333333333337,4.5337,15.4,56.0,1,0,0,
2026-07-22,20:13:05,maceta1,88,91,84,83,83,686.6666666666667,4.6015,17.0,60.9,1,0,0,
2026-07-22,20:13:05,maceta2,91,90,83,84,83,457.08333333333337,4.5704,15.4,55.9,1,0,0,
2026-07-22,20:14:08,maceta1,89,92,84,83,83,683.75,4.6385,17.1,60.6,1,0,0,
2026-07-22,20:14:08,maceta2,93,91,83,84,83,457.9166666666667,4.6071,15.4,56.0,1,0,0,
2026-07-22,20:15:11,maceta1,89,92,84,83,83,684.1666666666667,4.6754,17.1,61.0,1,0,0,
2026-07-22,20:15:11,maceta2,93,90,82,84,83,456.25,4.6438,,,1,0,0,"Lectura invalida de DHT | Lectura invalida de DHT, se omite logica de ventilacion"
2026-07-22,20:16:14,maceta1,89,92,84,83,83,683.3333333333334,4.7124,17.2,60.2,1,0,0,
2026-07-22,20:16:14,maceta2,92,90,82,84,83,456.25,4.6805,15.4,55.9,1,0,0,
2026-07-22,20:17:16,maceta1,90,91,84,83,83,681.6666666666667,4.7493,17.2,59.9,1,0,0,
2026-07-22,20:17:16,maceta2,92,90,82,84,83,457.9166666666667,4.7172,15.4,55.7,1,0,0,
2026-07-22,20:18:19,maceta1,89,91,84,83,83,684.1666666666667,4.7863,17.2,60.6,1,0,0,
2026-07-22,20:18:19,maceta2,91,90,83,84,83,457.9166666666667,4.7539,15.4,55.7,1,0,0,
2026-07-22,20:19:22,maceta1,89,91,84,83,83,681.6666666666667,4.8232,17.2,60.6,1,0,0,
2026-07-22,20:19:22,maceta2,92,90,83,84,83,452.9166666666667,4.7906,15.4,55.8,1,0,0,
2026-07-22,20:20:24,maceta1,89,93,84,83,83,681.6666666666667,4.8602,17.2,59.7,1,0,0,
2026-07-22,20:20:24,maceta2,92,91,83,84,83,452.9166666666667,4.8273,15.5,55.8,1,0,0,
2026-07-22,20:21:27,maceta1,89,91,84,83,83,684.5833333333334,4.8972,17.2,60.6,1,0,0,
2026-07-22,20:21:27,maceta2,92,90,83,84,83,457.9166666666667,4.864,15.5,56.0,1,0,0,
2026-07-22,20:22:30,maceta1,89,91,84,83,83,684.5833333333334,4.9342,17.2,60.5,1,0,0,
2026-07-22,20:22:30,maceta2,92,88,83,84,83,453.75,4.9007,15.5,55.6,1,0,0,
2026-07-22,20:23:33,maceta1,88,92,84,83,83,682.5,4.9711,17.2,60.7,1,0,0,
2026-07-22,20:23:33,maceta2,92,90,83,84,83,455.0,4.9374,15.5,55.5,1,0,0,
2026-07-22,20:24:35,maceta1,89,91,84,83,83,684.1666666666667,5.0081,17.2,59.8,1,0,0,
2026-07-22,20:24:35,maceta2,92,90,83,84,83,432.5,4.974,15.5,55.7,1,0,0,
2026-07-22,20:25:38,maceta1,90,92,84,83,83,684.5833333333334,5.045,17.2,59.9,1,0,0,
2026-07-22,20:25:38,maceta2,92,90,83,84,83,457.5,5.0107,15.5,55.7,1,0,0,
2026-07-22,20:26:41,maceta1,89,92,84,83,83,682.5,5.082,17.2,60.5,1,0,0,
2026-07-22,20:26:41,maceta2,92,91,83,84,83,454.1666666666667,5.0474,15.5,55.9,1,0,0,
2026-07-22,20:27:44,maceta1,88,91,84,83,83,682.0833333333334,5.1189,17.2,61.3,1,0,0,
2026-07-22,20:27:44,maceta2,92,90,83,84,83,452.9166666666667,5.0841,15.5,55.7,1,0,0,
2026-07-22,20:28:46,maceta1,89,92,84,83,83,684.1666666666667,5.1559,17.2,60.5,1,0,0,
2026-07-22,20:28:46,maceta2,93,91,82,83,82,455.83333333333337,5.1208,15.5,55.5,1,0,0,
2026-07-22,20:29:49,maceta1,89,91,84,83,83,657.9166666666667,5.1928,17.2,59.1,1,0,0,
2026-07-22,20:29:49,maceta2,92,90,82,84,83,368.33333333333337,5.1574,15.4,55.8,1,0,0,
2026-07-22,20:30:52,maceta1,89,91,84,83,83,685.8333333333334,5.2297,17.2,60.3,1,0,0,
2026-07-22,20:30:52,maceta2,92,90,82,84,83,455.83333333333337,5.194,15.4,55.9,1,0,0,
2026-07-22,20:31:54,maceta1,88,91,84,83,83,683.75,5.2667,17.1,60.8,1,0,0,
2026-07-22,20:31:54,maceta2,91,92,83,83,83,451.6666666666667,5.2307,15.4,55.9,1,0,0,
2026-07-22,20:32:57,maceta1,89,91,84,83,83,685.0,5.3036,17.0,60.0,1,0,0,
2026-07-22,20:32:57,maceta2,92,90,83,83,83,453.75,5.2674,15.4,55.7,1,0,0,
2026-07-22,20:34:00,maceta1,89,91,84,83,83,681.6666666666667,5.3406,17.0,61.7,1,0,0,
2026-07-22,20:34:00,maceta2,92,90,83,83,83,454.58333333333337,5.3041,15.3,55.8,1,0,0,
2026-07-22,20:35:03,maceta1,89,91,84,83,83,681.6666666666667,5.3775,17.0,60.7,1,0,0,
2026-07-22,20:35:03,maceta2,91,90,83,84,83,451.6666666666667,5.3408,15.3,55.9,1,0,0,
2026-07-22,20:36:05,maceta1,89,92,84,83,83,87.5,5.4138,16.9,60.5,1,0,0,
2026-07-22,20:36:05,maceta2,92,91,83,84,83,121.66666666666667,5.377,15.2,56.4,1,0,0,
2026-07-22,20:37:08,maceta1,89,92,84,83,83,87.91666666666667,5.45,16.9,60.5,1,0,0,
2026-07-22,20:37:08,maceta2,93,91,83,83,83,121.66666666666667,5.4133,15.2,56.5,1,0,0,
2026-07-22,20:38:11,maceta1,89,92,84,83,83,85.83333333333334,5.4863,16.8,60.2,1,0,0,
2026-07-22,20:38:11,maceta2,92,91,82,83,82,127.08333333333334,5.4497,15.1,56.5,1,0,0,
2026-07-22,20:39:13,maceta1,88,91,84,83,83,84.16666666666667,5.5226,16.8,59.8,1,0,0,
2026-07-22,20:39:13,maceta2,91,89,83,84,83,123.75,5.486,15.0,56.7,1,0,0,
2026-07-22,20:40:16,maceta1,88,91,85,83,84,86.66666666666667,5.5588,16.7,60.8,1,0,0,
2026-07-22,20:40:16,maceta2,91,91,83,84,83,125.83333333333334,5.5223,15.0,56.9,1,0,0,
2026-07-22,20:41:20,maceta1,89,92,85,83,84,86.25,5.5959,16.7,60.9,1,0,0,
2026-07-22,20:41:20,maceta2,92,89,83,84,83,124.16666666666667,5.5594,15.0,56.5,1,0,0,
2026-07-22,20:42:23,maceta1,89,91,84,83,83,84.16666666666667,5.6322,16.7,60.9,1,0,0,
2026-07-22,20:42:23,maceta2,92,90,83,84,83,126.25,5.5957,14.9,56.7,1,0,0,
2026-07-22,20:43:26,maceta1,88,91,84,83,83,86.25,5.6684,16.6,61.2,1,0,0,
2026-07-22,20:43:26,maceta2,91,89,83,84,83,124.58333333333334,5.632,14.9,57.0,1,0,0,
2026-07-22,20:44:28,maceta1,89,91,84,83,83,87.91666666666667,5.7047,16.6,62.1,1,0,0,
2026-07-22,20:44:28,maceta2,92,90,83,84,83,127.5,5.6683,14.8,57.1,1,0,0,
2026-07-22,20:45:31,maceta1,89,91,84,83,83,85.41666666666667,5.7409,16.6,61.5,1,0,0,
2026-07-22,20:45:31,maceta2,92,89,83,84,83,123.33333333333334,5.7046,14.8,57.3,1,0,0,
2026-07-22,20:46:34,maceta1,89,91,84,83,83,85.83333333333334,5.7772,16.5,60.9,1,0,0,
2026-07-22,20:46:34,maceta2,92,89,83,84,83,127.91666666666667,5.7409,14.8,57.3,1,0,0,
2026-07-22,20:47:36,maceta1,89,91,84,83,83,84.58333333333334,5.8134,16.5,60.8,1,0,0,
2026-07-22,20:47:36,maceta2,92,91,83,84,83,126.66666666666667,5.7772,14.8,57.3,1,0,0,
2026-07-22,20:48:40,maceta1,89,91,84,83,83,87.91666666666667,5.8499,16.5,61.9,1,0,0,
2026-07-22,20:48:40,maceta2,92,90,83,84,83,121.66666666666667,5.8138,14.7,57.4,1,0,0,
2026-07-22,20:49:42,maceta1,88,91,84,83,83,84.16666666666667,5.8862,16.4,61.4,1,0,0,
2026-07-22,20:49:42,maceta2,91,90,83,84,83,124.16666666666667,5.8501,14.7,57.2,1,0,0,
2026-07-22,20:50:46,maceta1,88,90,85,83,84,84.58333333333334,5.923,16.4,61.9,1,0,0,
2026-07-22,20:50:46,maceta2,91,89,83,84,83,127.5,5.8869,14.6,57.2,1,0,0,
2026-07-22,20:51:49,maceta1,88,92,85,83,84,86.66666666666667,5.9595,16.4,61.2,1,0,0,
2026-07-22,20:51:49,maceta2,91,90,83,84,83,127.08333333333334,5.9235,14.6,57.5,1,0,0,
2026-07-22,20:52:52,maceta1,89,91,85,83,84,87.08333333333334,5.9958,16.4,60.8,1,0,0,
2026-07-22,20:52:52,maceta2,91,90,83,84,83,127.5,5.9598,14.6,57.1,1,0,0,
2026-07-22,20:53:55,maceta1,88,91,85,83,84,85.0,6.0322,16.4,61.7,1,0,0,
2026-07-22,20:53:55,maceta2,91,90,83,84,83,126.66666666666667,5.9962,14.6,57.6,1,0,0,
2026-07-22,20:54:59,maceta1,89,91,84,83,83,87.91666666666667,6.0691,16.3,61.5,1,0,0,
2026-07-22,20:54:59,maceta2,92,90,83,84,83,125.83333333333334,6.0332,14.6,57.6,1,0,0,
2026-07-22,20:56:03,maceta1,89,91,84,83,83,85.83333333333334,6.106,16.3,62.2,1,0,0,
2026-07-22,20:56:03,maceta2,92,91,83,84,83,122.5,6.0702,,,1,0,0,"Lectura invalida de DHT | Lectura invalida de DHT, se omite logica de ventilacion"
2026-07-22,20:57:06,maceta1,88,90,84,83,83,84.58333333333334,6.1427,16.2,62.1,1,0,0,
2026-07-22,20:57:06,maceta2,91,89,83,84,83,123.33333333333334,6.1069,14.5,57.6,1,0,0,
2026-07-22,20:58:09,maceta1,89,91,84,83,83,86.66666666666667,6.1793,16.2,62.0,1,0,0,
2026-07-22,20:58:09,maceta2,91,89,83,84,83,122.08333333333334,6.1436,14.5,57.5,1,0,0,
2026-07-22,20:59:12,maceta1,88,91,85,83,84,85.41666666666667,6.2156,16.2,61.9,1,0,0,
2026-07-22,20:59:12,maceta2,92,90,83,84,83,126.66666666666667,6.1799,14.5,57.5,1,0,0,
2026-07-22,21:00:15,maceta1,88,91,85,83,84,85.0,6.2518,16.2,61.9,1,0,0,
2026-07-22,21:00:15,maceta2,91,90,83,84,83,124.58333333333334,6.2161,14.5,57.7,1,0,0,
2026-07-22,21:01:18,maceta1,88,91,85,83,84,84.58333333333334,6.2881,16.2,61.6,1,0,0,
2026-07-22,21:01:18,maceta2,92,90,83,84,83,126.66666666666667,6.2525,14.5,57.4,1,0,0,
2026-07-22,21:02:22,maceta1,89,91,85,83,84,84.58333333333334,6.3251,16.2,61.2,1,0,0,
2026-07-22,21:02:22,maceta2,92,90,83,84,83,125.83333333333334,6.2895,14.5,57.6,1,0,0,
2026-07-22,21:03:24,maceta1,89,92,84,83,83,86.66666666666667,6.3614,16.2,60.7,1,0,0,
2026-07-22,21:03:24,maceta2,93,90,82,84,83,122.91666666666667,6.3259,14.5,57.3,1,0,0,
2026-07-22,21:04:27,maceta1,88,90,84,83,83,84.58333333333334,6.3977,16.1,60.8,1,0,0,
2026-07-22,21:04:27,maceta2,91,90,83,84,83,122.08333333333334,6.3622,14.5,57.4,1,0,0,
2026-07-22,21:05:30,maceta1,88,91,85,83,84,87.08333333333334,6.4339,16.1,62.4,1,0,0,
2026-07-22,21:05:30,maceta2,91,89,83,84,83,127.08333333333334,6.3985,14.5,57.2,1,0,0,
2026-07-22,21:06:33,maceta1,89,92,85,83,84,87.91666666666667,6.4702,16.1,62.7,1,0,0,
2026-07-22,21:06:33,maceta2,93,91,83,84,83,125.0,6.4348,14.4,57.6,1,0,0,
2026-07-22,21:07:35,maceta1,89,92,84,83,83,86.25,6.5064,16.1,61.5,1,0,0,
2026-07-22,21:07:35,maceta2,92,90,83,84,83,125.0,6.4711,14.4,57.4,1,0,0,
2026-07-22,21:08:38,maceta1,88,91,84,83,83,88.75,6.5427,16.1,62.5,1,0,0,
2026-07-22,21:08:38,maceta2,91,89,83,84,83,127.08333333333334,6.5074,14.4,57.7,1,0,0,
2026-07-22,21:09:41,maceta1,89,91,84,83,83,87.5,6.579,16.0,61.7,1,0,0,
2026-07-22,21:09:41,maceta2,92,89,83,84,83,127.08333333333334,6.5437,14.4,57.8,1,0,0,
2026-07-22,21:10:43,maceta1,89,91,84,83,83,84.58333333333334,6.6152,16.0,61.8,1,0,0,
2026-07-22,21:10:43,maceta2,92,89,83,84,83,123.33333333333334,6.58,14.4,57.7,1,0,0,
2026-07-22,21:11:46,maceta1,88,90,84,83,83,87.08333333333334,6.6516,16.0,61.1,1,0,0,
2026-07-22,21:11:46,maceta2,90,90,83,84,83,126.66666666666667,6.6164,14.4,57.5,1,0,0,
2026-07-22,21:12:49,maceta1,88,90,85,84,84,88.33333333333334,6.6878,16.0,60.7,1,0,0,
2026-07-22,21:12:49,maceta2,91,89,83,84,83,121.66666666666667,6.6527,14.4,57.7,1,0,0,
2026-07-22,21:13:52,maceta1,88,90,85,84,84,86.66666666666667,6.7241,16.0,61.1,1,0,0,
2026-07-22,21:13:52,maceta2,91,89,83,84,83,127.08333333333334,6.689,14.4,57.4,1,0,0,
2026-07-22,21:14:54,maceta1,89,91,85,84,84,85.41666666666667,6.7603,16.0,61.4,1,0,0,
2026-07-22,21:14:54,maceta2,92,90,83,84,83,127.5,6.7253,14.3,57.4,1,0,0,
2026-07-22,21:15:57,maceta1,89,91,84,83,83,88.33333333333334,6.7966,16.0,61.2,1,0,0,
2026-07-22,21:15:57,maceta2,92,90,83,84,83,127.08333333333334,6.7616,14.3,57.0,1,0,0,
2026-07-22,21:17:00,maceta1,89,91,84,83,83,88.75,6.8329,16.0,61.2,1,0,0,
2026-07-22,21:17:00,maceta2,92,88,83,84,83,125.0,6.7979,14.3,57.6,1,0,0,
2026-07-22,21:18:02,maceta1,87,91,85,83,84,87.5,6.8691,15.9,61.6,1,0,0,
2026-07-22,21:18:02,maceta2,91,90,83,84,83,125.41666666666667,6.8342,14.3,57.5,1,0,0,
2026-07-22,21:19:05,maceta1,88,90,85,83,84,87.08333333333334,6.9053,16.0,62.3,1,0,0,
2026-07-22,21:19:05,maceta2,91,89,83,84,83,127.08333333333334,6.8705,14.3,57.5,1,0,0,
2026-07-22,21:20:08,maceta1,87,90,85,84,84,85.0,6.9416,16.0,61.7,1,0,0,
2026-07-22,21:20:08,maceta2,91,89,83,84,83,127.08333333333334,6.9068,14.3,57.5,1,0,0,
2026-07-22,21:21:11,maceta1,89,92,85,83,84,86.25,6.9778,15.9,61.3,1,0,0,
2026-07-22,21:21:11,maceta2,92,90,83,84,83,124.58333333333334,6.9431,14.3,57.7,1,0,0,
2026-07-22,21:22:13,maceta1,89,91,85,83,84,86.66666666666667,7.0141,15.9,61.6,1,0,0,
2026-07-22,21:22:13,maceta2,92,90,83,84,83,124.58333333333334,6.9794,14.3,57.8,1,0,0,
2026-07-22,21:23:16,maceta1,89,92,84,83,83,84.16666666666667,7.0503,15.9,61.5,1,0,0,
2026-07-22,21:23:16,maceta2,92,90,83,84,83,122.08333333333334,7.0157,14.3,57.5,1,0,0,
2026-07-22,21:24:19,maceta1,87,90,85,83,84,86.66666666666667,7.0866,15.9,61.3,1,0,0,
2026-07-22,21:24:19,maceta2,92,89,83,84,83,125.41666666666667,7.052,14.3,57.6,1,0,0,
2026-07-22,21:25:21,maceta1,89,92,85,83,84,88.33333333333334,7.1229,15.8,61.7,1,0,0,
2026-07-22,21:25:21,maceta2,92,90,83,84,83,126.66666666666667,7.0883,14.3,57.5,1,0,0,
2026-07-22,21:26:24,maceta1,88,91,85,83,84,85.0,7.1591,15.8,61.2,1,0,0,
2026-07-22,21:26:24,maceta2,91,90,83,84,83,124.16666666666667,7.1246,14.3,57.8,1,0,0,
2026-07-22,21:27:27,maceta1,89,92,84,83,83,85.41666666666667,7.1954,15.8,60.7,1,0,0,
2026-07-22,21:27:27,maceta2,92,91,83,84,83,125.41666666666667,7.1609,14.3,57.9,1,0,0,
2026-07-22,21:28:30,maceta1,88,91,85,83,84,84.16666666666667,7.2317,15.9,62.5,1,0,0,
2026-07-22,21:28:30,maceta2,91,89,83,84,83,124.16666666666667,7.1972,14.3,57.8,1,0,0,
2026-07-22,21:29:32,maceta1,89,92,84,83,83,87.08333333333334,7.2679,15.8,61.3,1,0,0,
2026-07-22,21:29:32,maceta2,92,91,83,84,83,125.41666666666667,7.2335,14.3,57.6,1,0,0,
2026-07-22,21:30:35,maceta1,89,91,84,83,83,84.58333333333334,7.3042,15.8,62.1,1,0,0,
2026-07-22,21:30:35,maceta2,92,89,83,84,83,123.33333333333334,7.2698,14.3,57.5,1,0,0,
2026-07-22,21:31:38,maceta1,88,91,84,83,83,83.75,7.3404,15.8,61.4,1,0,0,
2026-07-22,21:31:38,maceta2,91,90,83,84,83,125.0,7.3061,,,1,0,0,"Lectura invalida de DHT | Lectura invalida de DHT, se omite logica de ventilacion"
2026-07-22,21:32:40,maceta1,88,91,85,83,84,84.16666666666667,7.3767,15.8,61.0,1,0,0,
2026-07-22,21:32:40,maceta2,91,90,83,84,83,122.91666666666667,7.3424,14.3,57.7,1,0,0,
2026-07-22,21:33:43,maceta1,89,91,85,83,84,86.25,7.4129,15.8,61.3,1,0,0,
2026-07-22,21:33:43,maceta2,92,91,83,84,83,125.41666666666667,7.3787,14.3,57.8,1,0,0,
2026-07-22,21:34:46,maceta1,88,91,85,83,84,87.5,7.4492,15.8,61.6,1,0,0,
2026-07-22,21:34:46,maceta2,91,90,83,84,83,125.83333333333334,7.415,14.2,57.9,1,0,0,
2026-07-22,21:35:49,maceta1,89,91,84,83,83,84.16666666666667,7.4854,15.8,62.5,1,0,0,
2026-07-22,21:35:49,maceta2,92,89,83,84,83,125.83333333333334,7.4513,14.2,57.9,1,0,0,
2026-07-22,21:36:51,maceta1,88,90,85,83,84,84.16666666666667,7.5217,,,1,0,0,"Lectura invalida de DHT | Lectura invalida de DHT, se omite logica de ventilacion"
2026-07-22,21:36:51,maceta2,91,89,83,84,83,120.0,7.4877,14.2,57.7,1,0,0,
2026-07-22,21:37:54,maceta1,89,91,84,83,83,85.83333333333334,7.558,15.8,61.1,1,0,0,
2026-07-22,21:37:54,maceta2,92,90,83,84,83,125.83333333333334,7.5239,14.2,57.4,1,0,0,
2026-07-22,21:38:57,maceta1,88,91,85,83,84,85.41666666666667,7.5942,15.8,60.9,1,0,0,
2026-07-22,21:38:57,maceta2,91,89,83,84,83,125.41666666666667,7.5602,14.2,57.1,1,0,0,
2026-07-22,21:39:59,maceta1,89,91,84,83,83,87.91666666666667,7.6305,15.8,60.7,1,0,0,
2026-07-22,21:39:59,maceta2,92,90,83,84,83,125.41666666666667,7.5965,14.2,57.2,1,0,0,
2026-07-22,21:41:04,maceta1,89,91,84,83,83,86.66666666666667,7.6675,15.8,61.2,1,0,0,
2026-07-22,21:41:04,maceta2,92,90,83,84,83,125.41666666666667,7.6336,14.2,57.4,1,0,0,
2026-07-22,21:42:06,maceta1,89,92,84,83,83,85.41666666666667,7.7038,15.8,60.9,1,0,0,
2026-07-22,21:42:06,maceta2,93,90,82,84,83,121.66666666666667,7.6699,14.2,57.3,1,0,0,
2026-07-22,21:43:09,maceta1,88,92,84,83,83,84.16666666666667,7.7401,15.8,60.9,1,0,0,
2026-07-22,21:43:09,maceta2,91,90,83,84,83,125.41666666666667,7.7063,14.1,57.4,1,0,0,
2026-07-22,21:44:12,maceta1,89,92,84,83,83,85.41666666666667,7.7763,15.7,60.9,1,0,0,
2026-07-22,21:44:12,maceta2,92,92,83,83,83,123.33333333333334,7.7426,14.1,57.2,1,0,0,
2026-07-22,21:45:14,maceta1,89,92,84,83,83,85.0,7.8126,15.7,60.7,1,0,0,
2026-07-22,21:45:14,maceta2,92,91,83,83,83,124.58333333333334,7.7789,14.1,57.2,1,0,0,
2026-07-22,21:46:17,maceta1,89,91,84,83,83,84.16666666666667,7.8488,15.7,61.2,1,0,0,
2026-07-22,21:46:17,maceta2,92,90,83,83,83,122.5,7.8152,14.1,57.4,1,0,0,
2026-07-22,21:47:20,maceta1,89,92,84,83,83,85.41666666666667,7.8851,15.6,60.5,1,0,0,
2026-07-22,21:47:20,maceta2,92,90,83,84,83,125.41666666666667,7.8515,14.1,58.0,1,0,0,
2026-07-22,21:48:23,maceta1,88,92,84,83,83,87.91666666666667,7.9214,,,1,0,0,"Lectura invalida de DHT | Lectura invalida de DHT, se omite logica de ventilacion"
2026-07-22,21:48:23,maceta2,92,90,83,84,83,120.0,7.8878,14.1,57.4,1,0,0,
2026-07-22,21:49:25,maceta1,90,92,84,83,83,86.66666666666667,7.9576,15.6,60.4,1,0,0,
2026-07-22,21:49:25,maceta2,93,90,82,84,83,120.0,7.924,14.1,57.3,1,0,0,
2026-07-22,21:50:28,maceta1,89,92,84,83,83,86.25,7.9939,15.6,61.4,1,0,0,
2026-07-22,21:50:28,maceta2,92,90,82,84,83,120.83333333333334,7.9603,14.1,57.6,1,0,0,
2026-07-22,21:51:31,maceta1,90,92,84,83,83,86.66666666666667,8.0301,15.6,61.0,1,0,0,
2026-07-22,21:51:31,maceta2,92,90,82,84,83,122.5,7.9966,14.1,57.6,1,0,0,
2026-07-22,21:52:33,maceta1,88,92,84,83,83,87.5,8.0664,15.6,60.7,1,0,0,
2026-07-22,21:52:33,maceta2,92,90,83,84,83,125.0,8.0329,14.1,57.8,1,0,0,
2026-07-22,21:53:36,maceta1,89,90,84,83,83,87.08333333333334,8.1026,15.6,60.3,1,0,0,
2026-07-22,21:53:36,maceta2,91,90,83,84,83,122.08333333333334,8.0692,14.1,57.5,1,0,0,
2026-07-22,21:54:39,maceta1,89,92,84,83,83,87.08333333333334,8.1389,15.6,60.4,1,0,0,
2026-07-22,21:54:39,maceta2,92,90,83,84,83,120.0,8.1055,14.2,57.3,1,0,0,
2026-07-22,21:55:42,maceta1,89,92,84,83,83,86.66666666666667,8.1752,15.6,60.9,1,0,0,
2026-07-22,21:55:42,maceta2,92,90,83,84,83,120.0,8.1419,14.1,57.6,1,0,0,
2026-07-22,21:56:44,maceta1,89,92,84,83,83,84.58333333333334,8.2115,15.6,60.5,1,0,0,
2026-07-22,21:56:44,maceta2,92,91,83,84,83,125.83333333333334,8.1782,14.1,57.6,1,0,0,
2026-07-22,21:57:47,maceta1,89,92,84,83,83,85.0,8.2477,15.6,60.3,1,0,0,
2026-07-22,21:57:47,maceta2,92,90,83,84,83,120.0,8.2145,14.1,57.4,1,0,0,
2026-07-22,21:58:50,maceta1,89,92,84,83,83,83.75,8.284,15.6,60.7,1,0,0,
2026-07-22,21:58:50,maceta2,92,90,83,84,83,122.91666666666667,8.2508,14.1,57.5,1,0,0,
2026-07-22,21:59:52,maceta1,89,93,84,82,83,85.41666666666667,8.3202,15.6,61.0,1,0,0,
2026-07-22,21:59:52,maceta2,93,91,82,84,83,122.5,8.2871,14.1,57.2,1,0,0,
2026-07-22,22:00:55,maceta1,88,91,84,83,83,83.75,8.3565,15.6,60.2,0,0,0,
2026-07-22,22:00:55,maceta2,92,91,82,83,82,118.33333333333334,8.3234,14.1,57.0,0,0,0,
2026-07-22,22:01:58,maceta1,90,93,84,82,83,0.0,8.3565,15.6,59.7,0,0,0,
2026-07-22,22:01:58,maceta2,93,92,82,83,82,0.0,8.3234,14.1,57.3,0,0,0,
2026-07-22,22:03:01,maceta1,91,93,84,82,83,0.0,8.3565,15.6,60.1,0,0,0,
2026-07-22,22:03:01,maceta2,94,91,82,83,82,0.0,8.3234,14.1,57.2,0,0,0,
2026-07-22,22:04:03,maceta1,91,92,83,82,82,0.0,8.3565,15.5,60.0,0,0,0,
2026-07-22,22:04:03,maceta2,94,91,82,83,82,0.0,8.3234,14.1,57.1,0,0,0,
2026-07-22,22:05:06,maceta1,90,92,83,82,82,0.0,8.3565,15.4,60.2,0,0,0,
2026-07-22,22:05:06,maceta2,93,91,82,83,82,0.0,8.3234,14.0,57.3,0,0,0,
2026-07-22,22:06:09,maceta1,90,92,84,83,83,0.0,8.3565,15.3,61.3,0,0,0,
2026-07-22,22:06:09,maceta2,92,90,82,83,82,0.0,8.3234,14.0,57.4,0,0,0,
2026-07-22,22:07:12,maceta1,90,93,84,82,83,0.0,8.3565,15.2,60.6,0,0,0,
2026-07-22,22:07:12,maceta2,93,92,82,83,82,0.0,8.3234,13.9,57.4,0,0,0,
2026-07-22,22:08:14,maceta1,90,92,84,82,83,0.0,8.3565,15.2,60.7,0,0,0,
2026-07-22,22:08:14,maceta2,93,91,82,83,82,0.0,8.3234,13.9,57.3,0,0,0,
2026-07-22,22:09:17,maceta1,89,92,84,82,83,0.0,8.3565,15.0,60.8,0,0,0,
2026-07-22,22:09:17,maceta2,93,91,82,83,82,0.0,8.3234,13.8,57.2,0,0,0,
2026-07-22,22:10:20,maceta1,90,93,84,82,83,0.0,8.3565,15.0,61.6,0,0,0,
2026-07-22,22:10:20,maceta2,93,91,82,83,82,0.0,8.3234,13.7,57.4,0,0,0,
2026-07-22,22:11:22,maceta1,90,92,84,82,83,0.0,8.3565,14.9,62.4,0,0,0,
2026-07-22,22:11:22,maceta2,93,92,82,83,82,0.0,8.3234,13.7,57.3,0,0,0,
2026-07-22,22:12:25,maceta1,90,93,84,82,83,0.0,8.3565,14.9,62.1,0,0,0,
2026-07-22,22:12:25,maceta2,93,90,82,83,82,0.0,8.3234,13.6,57.4,0,0,0,
2026-07-22,22:13:28,maceta1,89,92,84,82,83,0.0,8.3565,14.8,62.9,0,0,0,
2026-07-22,22:13:28,maceta2,93,91,82,83,82,0.0,8.3234,13.6,57.5,0,0,0,
2026-07-22,22:14:31,maceta1,90,93,84,82,83,0.0,8.3565,14.7,64.0,0,0,0,
2026-07-22,22:14:31,maceta2,93,92,82,83,82,0.0,8.3234,13.5,57.8,0,0,0,
2026-07-22,22:15:33,maceta1,90,93,84,82,83,0.0,8.3565,14.7,64.4,0,0,0,
2026-07-22,22:15:33,maceta2,93,92,82,83,82,0.0,8.3234,13.5,57.8,0,0,0,
2026-07-22,22:16:36,maceta1,88,92,84,82,83,0.0,8.3565,14.6,64.7,0,0,0,
2026-07-22,22:16:36,maceta2,92,90,82,83,82,0.0,8.3234,13.5,57.9,0,0,0,
2026-07-22,22:17:39,maceta1,89,92,84,82,83,0.0,8.3565,14.6,63.9,0,0,0,
2026-07-22,22:17:39,maceta2,92,91,82,83,82,0.0,8.3234,13.5,57.9,0,0,0,
2026-07-22,22:18:41,maceta1,90,92,84,83,83,0.0,8.3565,14.5,65.7,0,0,0,
2026-07-22,22:18:41,maceta2,94,91,82,83,82,0.0,8.3234,13.4,58.0,0,0,0,
2026-07-22,22:19:44,maceta1,90,92,84,83,83,0.0,8.3565,14.4,64.7,0,0,0,
2026-07-22,22:19:44,maceta2,93,91,82,83,82,0.0,8.3234,,,0,0,0,"Lectura invalida de DHT | Lectura invalida de DHT, se omite logica de ventilacion"
2026-07-22,22:20:47,maceta1,90,93,84,82,83,0.0,8.3565,14.4,64.8,0,0,0,
2026-07-22,22:20:47,maceta2,93,91,82,83,82,0.0,8.3234,13.3,58.4,0,0,0,
2026-07-22,22:21:50,maceta1,89,91,84,83,83,0.0,8.3565,14.3,65.0,0,0,0,
2026-07-22,22:21:50,maceta2,92,90,82,83,82,0.0,8.3234,13.3,58.4,0,0,0,
2026-07-22,22:22:52,maceta1,89,91,84,83,83,0.0,8.3565,14.2,65.6,0,0,0,
2026-07-22,22:22:52,maceta2,92,90,82,84,83,0.0,8.3234,13.3,58.6,0,0,0,
2026-07-22,22:23:55,maceta1,90,92,84,83,83,0.0,8.3565,14.2,65.7,0,0,0,
2026-07-22,22:23:55,maceta2,93,91,82,84,83,0.0,8.3234,13.3,58.5,0,0,0,
2026-07-22,22:24:58,maceta1,90,92,84,83,83,0.0,8.3565,14.1,65.5,0,0,0,
2026-07-22,22:24:58,maceta2,93,91,82,83,82,0.0,8.3234,13.2,58.4,0,0,0,
2026-07-22,22:26:00,maceta1,88,92,84,83,83,0.0,8.3565,14.1,66.0,0,0,0,
2026-07-22,22:26:00,maceta2,92,91,82,83,82,0.0,8.3234,13.2,58.4,0,0,0,
2026-07-22,22:27:03,maceta1,90,92,84,83,83,0.0,8.3565,14.0,66.4,0,0,0,
2026-07-22,22:27:03,maceta2,93,91,82,83,82,0.0,8.3234,13.1,58.4,0,0,0,
2026-07-22,22:28:06,maceta1,89,91,84,83,83,0.0,8.3565,14.0,65.3,0,0,0,
2026-07-22,22:28:06,maceta2,92,89,82,84,83,0.0,8.3234,13.1,58.4,0,0,0,
2026-07-22,22:29:09,maceta1,89,91,84,83,83,0.0,8.3565,13.9,66.4,0,0,0,
2026-07-22,22:29:09,maceta2,92,91,82,84,83,0.0,8.3234,13.1,58.5,0,0,0,
2026-07-22,22:30:11,maceta1,89,90,84,83,83,0.0,8.3565,13.9,66.0,0,0,0,
2026-07-22,22:30:11,maceta2,91,89,83,84,83,0.0,8.3234,13.1,58.9,0,0,0,
2026-07-22,22:31:14,maceta1,90,91,84,83,83,0.0,8.3565,13.9,66.4,0,0,0,
2026-07-22,22:31:14,maceta2,92,90,83,84,83,0.0,8.3234,13.1,58.6,0,0,0,
2026-07-22,22:32:17,maceta1,89,91,84,83,83,0.0,8.3565,13.9,66.2,0,0,0,
2026-07-22,22:32:17,maceta2,91,90,83,84,83,0.0,8.3234,13.1,58.7,0,0,0,
2026-07-22,22:33:19,maceta1,89,92,84,83,83,0.0,8.3565,13.9,66.4,0,0,0,
2026-07-22,22:33:19,maceta2,93,91,83,84,83,0.0,8.3234,13.1,58.9,0,0,0,
2026-07-22,22:34:22,maceta1,89,91,84,83,83,0.0,8.3565,13.8,66.5,0,0,0,
2026-07-22,22:34:22,maceta2,92,90,83,84,83,0.0,8.3234,13.1,58.7,0,0,0,
2026-07-22,22:35:25,maceta1,89,92,84,83,83,0.0,8.3565,13.8,67.1,0,0,0,
2026-07-22,22:35:25,maceta2,92,91,82,83,82,0.0,8.3234,13.1,58.8,0,0,0,
2026-07-22,22:36:28,maceta1,89,91,84,83,83,0.0,8.3565,13.7,66.6,0,0,0,
2026-07-22,22:36:28,maceta2,92,90,83,84,83,0.0,8.3234,13.0,58.9,0,0,0,
2026-07-22,22:37:30,maceta1,90,92,84,83,83,0.0,8.3565,,,0,0,0,"Lectura invalida de DHT | Lectura invalida de DHT, se omite logica de ventilacion"
2026-07-22,22:37:30,maceta2,92,91,83,83,83,0.0,8.3234,13.1,58.9,0,0,0,
2026-07-22,22:38:33,maceta1,90,92,84,83,83,0.0,8.3565,13.7,66.9,0,0,0,
2026-07-22,22:38:33,maceta2,93,91,82,83,82,0.0,8.3234,13.0,58.9,0,0,0,
2026-07-22,22:39:36,maceta1,89,92,84,83,83,0.0,8.3565,13.7,68.1,0,0,0,
2026-07-22,22:39:36,maceta2,93,91,82,83,82,0.0,8.3234,13.0,59.0,0,0,0,
2026-07-22,22:40:39,maceta1,88,91,84,83,83,0.0,8.3565,13.6,67.1,0,0,0,
2026-07-22,22:40:39,maceta2,91,90,82,83,82,0.0,8.3234,13.0,58.9,0,0,0,
2026-07-22,22:41:41,maceta1,89,92,84,83,83,0.0,8.3565,13.6,66.9,0,0,0,
2026-07-22,22:41:41,maceta2,92,91,83,83,83,0.0,8.3234,13.0,58.9,0,0,0,
2026-07-22,22:42:44,maceta1,88,91,85,83,84,0.0,8.3565,13.6,66.4,0,0,0,
2026-07-22,22:42:44,maceta2,92,90,83,84,83,0.0,8.3234,13.0,58.9,0,0,0,
2026-07-22,22:43:47,maceta1,89,91,84,83,83,0.0,8.3565,13.6,67.3,0,0,0,
2026-07-22,22:43:47,maceta2,92,91,83,83,83,0.0,8.3234,13.0,59.1,0,0,0,
2026-07-22,22:44:50,maceta1,89,91,84,83,83,0.0,8.3565,13.6,66.8,0,0,0,
2026-07-22,22:44:50,maceta2,92,89,83,84,83,0.0,8.3234,13.0,58.8,0,0,0,
2026-07-22,22:46:02,maceta1,89,92,84,83,83,0.0,8.3565,13.5,67.5,0,0,0,
2026-07-22,22:46:02,maceta2,92,91,83,84,83,0.0,8.3234,13.0,58.7,0,0,0,
2026-07-22,22:47:05,maceta1,89,91,84,83,83,0.0,8.3565,13.5,66.9,0,0,0,
2026-07-22,22:47:05,maceta2,92,90,83,84,83,0.0,8.3234,13.0,59.2,0,0,0,
2026-07-22,22:48:08,maceta1,89,91,84,83,83,0.0,8.3565,13.5,67.8,0,0,0,
2026-07-22,22:48:08,maceta2,91,90,83,84,83,0.0,8.3234,13.0,59.3,0,0,0,
2026-07-22,22:49:10,maceta1,90,92,84,83,83,0.0,8.3565,13.5,67.7,0,0,0,
2026-07-22,22:49:10,maceta2,93,91,83,84,83,0.0,8.3234,13.0,59.0,0,0,0,
2026-07-22,22:50:13,maceta1,89,91,84,83,83,0.0,8.3565,13.5,68.0,0,0,0,
2026-07-22,22:50:13,maceta2,92,91,83,83,83,0.0,8.3234,12.9,59.1,0,0,0,
2026-07-22,22:51:16,maceta1,89,91,84,83,83,0.0,8.3565,13.5,68.0,0,0,0,
2026-07-22,22:51:16,maceta2,92,90,82,83,82,0.0,8.3234,12.9,59.0,0,0,0,
2026-07-22,22:52:19,maceta1,88,91,84,83,83,0.0,8.3565,13.5,67.7,0,0,0,
2026-07-22,22:52:19,maceta2,91,90,83,84,83,0.0,8.3234,12.9,58.8,0,0,0,
2026-07-22,22:53:21,maceta1,89,91,84,83,83,0.0,8.3565,13.5,68.2,0,0,0,
2026-07-22,22:53:21,maceta2,93,90,83,84,83,0.0,8.3234,12.9,59.1,0,0,0,
2026-07-22,22:54:24,maceta1,89,91,84,83,83,0.0,8.3565,13.5,68.0,0,0,0,
2026-07-22,22:54:24,maceta2,92,90,83,84,83,0.0,8.3234,12.9,59.0,0,0,0,
2026-07-22,22:55:27,maceta1,89,92,84,83,83,0.0,8.3565,13.5,67.4,0,0,0,
2026-07-22,22:55:27,maceta2,93,91,82,84,83,0.0,8.3234,12.9,58.9,0,0,0,
2026-07-22,22:56:29,maceta1,88,91,84,83,83,0.0,8.3565,13.5,67.2,0,0,0,
2026-07-22,22:56:29,maceta2,91,90,83,84,83,0.0,8.3234,12.9,58.9,0,0,0,
2026-07-22,22:57:32,maceta1,89,91,84,83,83,0.0,8.3565,13.5,67.5,0,0,0,
2026-07-22,22:57:32,maceta2,93,90,82,84,83,0.0,8.3234,12.9,59.2,0,0,0,
2026-07-22,22:58:35,maceta1,89,91,84,83,83,0.0,8.3565,13.4,67.9,0,0,0,
2026-07-22,22:58:35,maceta2,92,91,83,84,83,0.0,8.3234,12.9,59.2,0,0,0,
2026-07-22,22:59:38,maceta1,89,91,84,83,83,0.0,8.3565,13.4,68.0,0,0,0,
2026-07-22,22:59:38,maceta2,92,89,82,84,83,0.0,8.3234,12.9,58.9,0,0,0,
2026-07-22,23:00:40,maceta1,89,91,84,83,83,0.0,8.3565,13.4,68.2,0,0,0,
2026-07-22,23:00:40,maceta2,92,90,83,84,83,0.0,8.3234,12.9,59.0,0,0,0,
2026-07-22,23:01:43,maceta1,89,92,84,83,83,0.0,8.3565,,,0,0,0,"Lectura invalida de DHT | Lectura invalida de DHT, se omite logica de ventilacion"
2026-07-22,23:01:43,maceta2,93,90,82,84,83,0.0,8.3234,12.9,59.1,0,0,0,
2026-07-22,23:02:46,maceta1,88,91,84,83,83,0.0,8.3565,13.4,70.1,0,0,0,
2026-07-22,23:02:46,maceta2,92,91,82,84,83,0.0,8.3234,12.9,59.2,0,0,0,
2026-07-22,23:03:48,maceta1,88,91,85,83,84,0.0,8.3565,13.4,68.4,0,0,0,
2026-07-22,23:03:48,maceta2,92,90,82,84,83,0.0,8.3234,12.9,59.0,0,0,0,
2026-07-22,23:04:51,maceta1,89,92,85,83,84,0.0,8.3565,13.3,68.9,0,0,0,
2026-07-22,23:04:51,maceta2,93,91,82,83,82,0.0,8.3234,12.9,59.1,0,0,0,
2026-07-22,23:05:54,maceta1,89,91,84,83,83,0.0,8.3565,13.3,69.0,0,0,0,
2026-07-22,23:05:54,maceta2,92,90,82,84,83,0.0,8.3234,12.9,59.0,0,0,0,
2026-07-22,23:06:57,maceta1,88,90,84,83,83,0.0,8.3565,13.3,69.1,0,0,0,
2026-07-22,23:06:57,maceta2,91,89,83,84,83,0.0,8.3234,12.9,59.2,0,0,0,
2026-07-22,23:07:59,maceta1,89,92,84,83,83,0.0,8.3565,13.3,68.9,0,0,0,
2026-07-22,23:07:59,maceta2,93,91,83,84,83,0.0,8.3234,12.9,59.6,0,0,0,
2026-07-22,23:09:02,maceta1,88,91,85,83,84,0.0,8.3565,13.3,68.8,0,0,0,
2026-07-22,23:09:02,maceta2,91,90,83,84,83,0.0,8.3234,12.8,59.4,0,0,0,
2026-07-22,23:10:05,maceta1,89,91,84,83,83,0.0,8.3565,13.3,68.6,0,0,0,
2026-07-22,23:10:05,maceta2,92,91,83,83,83,0.0,8.3234,12.8,59.3,0,0,0,
2026-07-22,23:11:08,maceta1,89,91,84,83,83,0.0,8.3565,13.3,69.6,0,0,0,
2026-07-22,23:11:08,maceta2,92,90,83,84,83,0.0,8.3234,12.8,59.2,0,0,0,
2026-07-22,23:12:10,maceta1,89,90,84,83,83,0.0,8.3565,13.3,69.6,0,0,0,
2026-07-22,23:12:10,maceta2,91,90,83,84,83,0.0,8.3234,12.8,59.1,0,0,0,
2026-07-22,23:13:13,maceta1,89,91,84,83,83,0.0,8.3565,13.3,70.4,0,0,0,
2026-07-22,23:13:13,maceta2,91,90,83,84,83,0.0,8.3234,12.8,59.1,0,0,0,
2026-07-22,23:14:16,maceta1,89,92,84,83,83,0.0,8.3565,13.3,69.4,0,0,0,
2026-07-22,23:14:16,maceta2,93,91,83,84,83,0.0,8.3234,12.8,59.2,0,0,0,
2026-07-22,23:15:19,maceta1,88,92,84,83,83,0.0,8.3565,13.3,69.6,0,0,0,
2026-07-22,23:15:19,maceta2,92,90,83,84,83,0.0,8.3234,12.8,59.4,0,0,0,
2026-07-22,23:16:21,maceta1,89,90,84,83,83,0.0,8.3565,13.3,69.0,0,0,0,
2026-07-22,23:16:21,maceta2,91,89,83,84,83,0.0,8.3234,12.8,59.5,0,0,0,
2026-07-22,23:17:24,maceta1,89,91,84,83,83,0.0,8.3565,13.3,68.4,0,0,0,
2026-07-22,23:17:24,maceta2,92,90,83,84,83,0.0,8.3234,12.8,59.3,0,0,0,
2026-07-22,23:18:27,maceta1,89,92,84,83,83,0.0,8.3565,13.3,69.1,0,0,0,
2026-07-22,23:18:27,maceta2,92,91,83,84,83,0.0,8.3234,12.8,59.3,0,0,0,
2026-07-22,23:19:29,maceta1,89,91,84,83,83,0.0,8.3565,13.3,69.5,0,0,0,
2026-07-22,23:19:29,maceta2,93,90,82,84,83,0.0,8.3234,12.8,59.4,0,0,0,
2026-07-22,23:20:32,maceta1,88,91,84,83,83,0.0,8.3565,13.3,69.5,0,0,0,
2026-07-22,23:20:32,maceta2,91,90,83,84,83,0.0,8.3234,12.8,59.6,0,0,0,
2026-07-22,23:21:35,maceta1,88,90,85,83,84,0.0,8.3565,13.3,68.6,0,0,0,
2026-07-22,23:21:35,maceta2,92,89,83,84,83,0.0,8.3234,12.8,59.4,0,0,0,
2026-07-22,23:22:37,maceta1,90,91,84,83,83,0.0,8.3565,13.3,68.7,0,0,0,
2026-07-22,23:22:37,maceta2,92,90,83,84,83,0.0,8.3234,12.8,59.6,0,0,0,
2026-07-22,23:23:40,maceta1,90,90,84,84,84,0.0,8.3565,13.3,68.9,0,0,0,
2026-07-22,23:23:40,maceta2,92,90,83,84,83,0.0,8.3234,12.8,59.6,0,0,0,
2026-07-22,23:24:43,maceta1,89,91,84,83,83,0.0,8.3565,13.3,70.1,0,0,0,
2026-07-22,23:24:43,maceta2,92,90,83,84,83,0.0,8.3234,12.8,59.5,0,0,0,
2026-07-22,23:25:46,maceta1,88,91,84,83,83,0.0,8.3565,13.3,71.0,0,0,0,
2026-07-22,23:25:46,maceta2,91,90,83,84,83,0.0,8.3234,12.8,59.4,0,0,0,
2026-07-22,23:26:48,maceta1,88,90,85,83,84,0.0,8.3565,13.3,70.0,0,0,0,
2026-07-22,23:26:48,maceta2,92,90,83,84,83,0.0,8.3234,12.8,59.2,0,0,0,
2026-07-22,23:27:51,maceta1,87,90,85,84,84,0.0,8.3565,13.3,70.6,0,0,0,
2026-07-22,23:27:51,maceta2,90,89,83,84,83,0.0,8.3234,12.8,59.4,0,0,0,
2026-07-22,23:28:54,maceta1,88,90,85,84,84,0.0,8.3565,13.3,70.5,0,0,0,
2026-07-22,23:28:54,maceta2,90,89,83,84,83,0.0,8.3234,12.8,59.5,0,0,0,
2026-07-22,23:29:57,maceta1,88,91,85,84,84,0.0,8.3565,13.3,69.0,0,0,0,
2026-07-22,23:29:57,maceta2,91,90,84,84,84,0.0,8.3234,12.8,59.6,0,0,0,
2026-07-22,23:30:59,maceta1,88,89,85,84,84,0.0,8.3565,13.3,69.2,0,0,0,
2026-07-22,23:30:59,maceta2,92,89,83,84,83,0.0,8.3234,12.8,59.8,0,0,0,
2026-07-22,23:32:02,maceta1,87,90,85,84,84,0.0,8.3565,13.3,69.4,0,0,0,
2026-07-22,23:32:02,maceta2,91,89,83,84,83,0.0,8.3234,12.8,59.9,0,0,0,
2026-07-22,23:33:05,maceta1,88,91,85,84,84,0.0,8.3565,13.2,69.9,0,0,0,
2026-07-22,23:33:05,maceta2,91,90,83,84,83,0.0,8.3234,12.8,59.7,0,0,0,
2026-07-22,23:34:07,maceta1,87,90,85,84,84,0.0,8.3565,13.3,69.9,0,0,0,
2026-07-22,23:34:07,maceta2,91,89,83,84,83,0.0,8.3234,12.8,59.9,0,0,0,
2026-07-22,23:35:10,maceta1,89,91,85,83,84,0.0,8.3565,13.2,70.9,0,0,0,
2026-07-22,23:35:10,maceta2,92,90,83,84,83,0.0,8.3234,12.8,59.8,0,0,0,
2026-07-22,23:36:13,maceta1,87,90,85,84,84,0.0,8.3565,13.2,69.5,0,0,0,
2026-07-22,23:36:13,maceta2,90,89,83,84,83,0.0,8.3234,12.8,59.5,0,0,0,
2026-07-22,23:37:16,maceta1,88,89,85,84,84,0.0,8.3565,13.3,69.4,0,0,0,
2026-07-22,23:37:16,maceta2,89,89,84,84,84,0.0,8.3234,12.8,59.7,0,0,0,
2026-07-22,23:38:18,maceta1,88,91,85,84,84,0.0,8.3565,13.2,70.4,0,0,0,
2026-07-22,23:38:18,maceta2,92,90,84,84,84,0.0,8.3234,12.8,59.6,0,0,0,
2026-07-22,23:39:21,maceta1,88,91,85,84,84,0.0,8.3565,13.2,70.7,0,0,0,
2026-07-22,23:39:21,maceta2,92,90,83,84,83,0.0,8.3234,12.8,59.7,0,0,0,
2026-07-22,23:40:24,maceta1,89,90,85,83,84,0.0,8.3565,13.2,70.0,0,0,0,
2026-07-22,23:40:24,maceta2,91,89,83,84,83,0.0,8.3234,12.7,59.6,0,0,0,
2026-07-22,23:41:26,maceta1,88,90,85,84,84,0.0,8.3565,13.2,70.8,0,0,0,
2026-07-22,23:41:26,maceta2,91,90,83,84,83,0.0,8.3234,12.7,59.7,0,0,0,
2026-07-22,23:42:29,maceta1,88,89,85,84,84,0.0,8.3565,13.2,71.1,0,0,0,
2026-07-22,23:42:29,maceta2,91,89,83,84,83,0.0,8.3234,12.7,59.6,0,0,0,
2026-07-22,23:43:32,maceta1,87,90,85,84,84,0.0,8.3565,13.2,70.4,0,0,0,
2026-07-22,23:43:32,maceta2,90,89,83,84,83,0.0,8.3234,12.7,59.7,0,0,0,
2026-07-22,23:44:35,maceta1,88,90,85,84,84,0.0,8.3565,13.2,71.0,0,0,0,
2026-07-22,23:44:35,maceta2,91,90,83,84,83,0.0,8.3234,12.7,59.8,0,0,0,
2026-07-22,23:45:37,maceta1,89,90,85,84,84,0.0,8.3565,13.1,69.7,0,0,0,
2026-07-22,23:45:37,maceta2,92,90,83,84,83,0.0,8.3234,12.7,59.6,0,0,0,
2026-07-22,23:46:40,maceta1,88,89,85,84,84,0.0,8.3565,13.1,70.3,0,0,0,
2026-07-22,23:46:40,maceta2,91,89,83,84,83,0.0,8.3234,12.7,59.6,0,0,0,
2026-07-22,23:47:43,maceta1,88,91,85,84,84,0.0,8.3565,13.1,70.5,0,0,0,
2026-07-22,23:47:43,maceta2,92,90,83,84,83,0.0,8.3234,12.7,59.5,0,0,0,
2026-07-22,23:48:45,maceta1,87,90,85,84,84,0.0,8.3565,13.1,71.0,0,0,0,
2026-07-22,23:48:45,maceta2,91,90,83,84,83,0.0,8.3234,12.7,59.8,0,0,0,
2026-07-22,23:49:48,maceta1,88,91,85,83,84,0.0,8.3565,13.1,70.8,0,0,0,
2026-07-22,23:49:48,maceta2,91,90,83,84,83,0.0,8.3234,12.7,60.2,0,0,0,
2026-07-22,23:50:51,maceta1,88,90,85,84,84,0.0,8.3565,13.1,70.5,0,0,0,
2026-07-22,23:50:51,maceta2,91,89,83,84,83,0.0,8.3234,12.7,59.7,0,0,0,
2026-07-22,23:51:54,maceta1,88,89,85,84,84,0.0,8.3565,13.1,70.7,0,0,0,
2026-07-22,23:51:54,maceta2,91,89,83,84,83,0.0,8.3234,12.8,59.7,0,0,0,
2026-07-22,23:52:56,maceta1,88,90,85,84,84,0.0,8.3565,13.1,71.4,0,0,0,
2026-07-22,23:52:56,maceta2,91,89,83,84,83,0.0,8.3234,12.7,59.6,0,0,0,
2026-07-22,23:53:59,maceta1,88,89,85,84,84,0.0,8.3565,13.1,70.5,0,0,0,
2026-07-22,23:53:59,maceta2,91,89,83,84,83,0.0,8.3234,12.7,59.6,0,0,0,
2026-07-22,23:55:02,maceta1,88,90,85,84,84,0.0,8.3565,13.1,70.1,0,0,0,
2026-07-22,23:55:02,maceta2,91,90,83,84,83,0.0,8.3234,12.7,59.8,0,0,0,
2026-07-22,23:56:04,maceta1,88,91,85,84,84,0.0,8.3565,13.1,70.2,0,0,0,
2026-07-22,23:56:04,maceta2,91,90,83,84,83,0.0,8.3234,12.7,59.7,0,0,0,
2026-07-22,23:57:07,maceta1,88,90,85,84,84,0.0,8.3565,13.1,70.4,0,0,0,
2026-07-22,23:57:07,maceta2,91,90,83,84,83,0.0,8.3234,,,0,0,0,"Lectura invalida de DHT | Lectura invalida de DHT, se omite logica de ventilacion"
2026-07-22,23:58:10,maceta1,88,91,85,83,84,0.0,8.3565,13.1,71.4,0,0,0,
2026-07-22,23:58:10,maceta2,91,90,83,84,83,0.0,8.3234,12.7,59.8,0,0,0,
2026-07-22,23:59:13,maceta1,88,90,85,84,84,0.0,8.3565,13.1,72.0,0,0,0,
2026-07-22,23:59:13,maceta2,91,90,83,84,83,0.0,8.3234,12.7,59.8,0,0,0,
2026-07-23,00:00:15,maceta1,88,90,85,84,84,0.0,0.0,13.1,71.8,0,0,0,
2026-07-23,00:00:15,maceta2,91,89,83,84,83,0.0,0.0,12.7,59.7,0,0,0,
2026-07-23,00:01:18,maceta1,89,91,85,84,84,0.0,0.0,13.1,71.4,0,0,0,
2026-07-23,00:01:18,maceta2,92,90,83,84,83,0.0,0.0,12.7,59.8,0,0,0,
2026-07-23,00:02:21,maceta1,89,91,84,83,83,0.0,0.0,13.1,70.5,0,0,0,
2026-07-23,00:02:21,maceta2,92,90,83,84,83,0.0,0.0,12.7,59.9,0,0,0,
2026-07-23,00:03:23,maceta1,88,90,84,83,83,0.0,0.0,,,0,0,0,"Lectura invalida de DHT | Lectura invalida de DHT, se omite logica de ventilacion"
2026-07-23,00:03:23,maceta2,91,89,83,84,83,0.0,0.0,12.7,59.7,0,0,0,
2026-07-23,00:04:26,maceta1,88,91,85,83,84,0.0,0.0,13.1,70.5,0,0,0,
2026-07-23,00:04:26,maceta2,92,90,83,84,83,0.0,0.0,12.7,59.8,0,0,0,
2026-07-23,00:05:29,maceta1,88,90,85,84,84,0.0,0.0,13.1,71.1,0,0,0,
2026-07-23,00:05:29,maceta2,91,90,83,84,83,0.0,0.0,12.7,59.8,0,0,0,
2026-07-23,00:06:31,maceta1,88,91,85,83,84,0.0,0.0,13.1,70.5,0,0,0,
2026-07-23,00:06:31,maceta2,91,90,83,84,83,0.0,0.0,12.7,60.0,0,0,0,
2026-07-23,00:07:34,maceta1,89,90,85,84,84,0.0,0.0,13.1,69.8,0,0,0,
2026-07-23,00:07:34,maceta2,91,90,83,84,83,0.0,0.0,12.7,60.0,0,0,0,
2026-07-23,00:08:37,maceta1,88,91,85,83,84,0.0,0.0,13.1,70.5,0,0,0,
2026-07-23,00:08:37,maceta2,91,89,83,84,83,0.0,0.0,12.7,59.9,0,0,0,
2026-07-23,00:09:40,maceta1,87,89,85,84,84,0.0,0.0,13.1,70.4,0,0,0,
2026-07-23,00:09:40,maceta2,90,89,83,84,83,0.0,0.0,12.7,60.0,0,0,0,
2026-07-23,00:10:42,maceta1,88,90,85,84,84,0.0,0.0,13.1,70.5,0,0,0,
2026-07-23,00:10:42,maceta2,91,89,83,84,83,0.0,0.0,12.7,59.8,0,0,0,
2026-07-23,00:11:45,maceta1,87,90,85,84,84,0.0,0.0,13.1,70.1,0,0,0,
2026-07-23,00:11:45,maceta2,90,89,84,84,84,0.0,0.0,12.7,59.8,0,0,0,
2026-07-23,00:12:48,maceta1,88,90,85,84,84,0.0,0.0,13.1,71.2,0,0,0,
2026-07-23,00:12:48,maceta2,91,89,83,84,83,0.0,0.0,12.7,59.8,0,0,0,
2026-07-23,00:13:50,maceta1,88,90,85,84,84,0.0,0.0,13.1,72.0,0,0,0,
2026-07-23,00:13:50,maceta2,91,90,83,84,83,0.0,0.0,12.7,60.2,0,0,0,
2026-07-23,00:14:53,maceta1,88,91,85,84,84,0.0,0.0,13.1,70.8,0,0,0,
2026-07-23,00:14:53,maceta2,92,90,83,84,83,0.0,0.0,12.7,59.7,0,0,0,
2026-07-23,00:15:56,maceta1,88,90,85,84,84,0.0,0.0,13.1,70.9,0,0,0,
2026-07-23,00:15:56,maceta2,92,90,83,84,83,0.0,0.0,12.7,59.7,0,0,0,
2026-07-23,00:16:59,maceta1,88,90,85,84,84,0.0,0.0,,,0,0,0,"Lectura invalida de DHT | Lectura invalida de DHT, se omite logica de ventilacion"
2026-07-23,00:16:59,maceta2,91,89,83,84,83,0.0,0.0,12.7,59.8,0,0,0,
2026-07-23,00:18:01,maceta1,89,90,85,84,84,0.0,0.0,13.1,71.1,0,0,0,
2026-07-23,00:18:01,maceta2,91,90,83,84,83,0.0,0.0,12.7,60.1,0,0,0,
2026-07-23,00:19:04,maceta1,88,90,85,84,84,0.0,0.0,13.1,71.1,0,0,0,
2026-07-23,00:19:04,maceta2,91,89,83,84,83,0.0,0.0,12.7,60.0,0,0,0,
2026-07-23,00:20:07,maceta1,88,90,85,84,84,0.0,0.0,13.1,71.2,0,0,0,
2026-07-23,00:20:07,maceta2,91,90,83,84,83,0.0,0.0,12.7,60.2,0,0,0,
2026-07-23,00:21:10,maceta1,89,90,85,84,84,0.0,0.0,13.1,71.0,0,0,0,
2026-07-23,00:21:10,maceta2,91,90,83,84,83,0.0,0.0,12.7,60.1,0,0,0,
2026-07-23,00:22:12,maceta1,89,90,84,84,84,0.0,0.0,13.1,71.2,0,0,0,
2026-07-23,00:22:12,maceta2,92,90,83,84,83,0.0,0.0,12.7,59.8,0,0,0,
2026-07-23,00:23:15,maceta1,88,90,84,84,84,0.0,0.0,13.1,71.8,0,0,0,
2026-07-23,00:23:15,maceta2,91,90,83,84,83,0.0,0.0,12.7,59.9,0,0,0,
2026-07-23,00:24:18,maceta1,88,90,85,84,84,0.0,0.0,13.1,71.4,0,0,0,
2026-07-23,00:24:18,maceta2,92,90,83,84,83,0.0,0.0,12.7,59.9,0,0,0,
2026-07-23,00:25:20,maceta1,89,90,85,84,84,0.0,0.0,13.1,69.9,0,0,0,
2026-07-23,00:25:20,maceta2,92,90,83,84,83,0.0,0.0,12.7,60.0,0,0,0,
2026-07-23,00:26:23,maceta1,88,91,85,84,84,0.0,0.0,13.1,70.7,0,0,0,
2026-07-23,00:26:23,maceta2,92,90,83,84,83,0.0,0.0,12.7,59.9,0,0,0,
2026-07-23,00:27:26,maceta1,88,89,85,84,84,0.0,0.0,13.1,71.2,0,0,0,
2026-07-23,00:27:26,maceta2,91,89,83,84,83,0.0,0.0,12.7,60.2,0,0,0,
2026-07-23,00:28:29,maceta1,88,90,85,84,84,0.0,0.0,13.1,72.0,0,0,0,
2026-07-23,00:28:29,maceta2,91,89,83,84,83,0.0,0.0,12.6,59.9,0,0,0,
2026-07-23,00:29:31,maceta1,87,89,85,84,84,0.0,0.0,13.1,70.4,0,0,0,
2026-07-23,00:29:31,maceta2,91,89,83,84,83,0.0,0.0,12.7,60.1,0,0,0,
2026-07-23,00:30:34,maceta1,88,90,85,84,84,0.0,0.0,13.1,70.7,0,0,0,
2026-07-23,00:30:34,maceta2,91,90,83,84,83,0.0,0.0,12.7,60.1,0,0,0,
2026-07-23,00:31:37,maceta1,87,89,85,84,84,0.0,0.0,13.1,71.3,0,0,0,
2026-07-23,00:31:37,maceta2,91,89,83,84,83,0.0,0.0,12.7,60.1,0,0,0,
2026-07-23,00:32:40,maceta1,88,91,85,84,84,0.0,0.0,13.1,70.7,0,0,0,
2026-07-23,00:32:40,maceta2,92,89,83,84,83,0.0,0.0,12.7,60.3,0,0,0,
2026-07-23,00:33:42,maceta1,88,89,85,84,84,0.0,0.0,13.1,69.2,0,0,0,
2026-07-23,00:33:42,maceta2,91,89,83,84,83,0.0,0.0,12.7,60.1,0,0,0,
2026-07-23,00:34:45,maceta1,88,89,85,84,84,0.0,0.0,13.1,71.0,0,0,0,
2026-07-23,00:34:45,maceta2,90,89,83,84,83,0.0,0.0,12.7,60.1,0,0,0,
2026-07-23,00:35:48,maceta1,88,91,85,84,84,0.0,0.0,13.1,71.6,0,0,0,
2026-07-23,00:35:48,maceta2,91,90,83,84,83,0.0,0.0,12.7,60.2,0,0,0,
2026-07-23,00:36:50,maceta1,88,90,85,84,84,0.0,0.0,13.1,71.8,0,0,0,
2026-07-23,00:36:50,maceta2,91,89,83,84,83,0.0,0.0,12.7,60.1,0,0,0,
2026-07-23,00:37:53,maceta1,89,90,85,84,84,0.0,0.0,13.1,70.0,0,0,0,
2026-07-23,00:37:53,maceta2,91,90,83,84,83,0.0,0.0,12.7,60.4,0,0,0,
2026-07-23,00:38:56,maceta1,87,89,85,84,84,0.0,0.0,13.1,68.9,0,0,0,
2026-07-23,00:38:56,maceta2,90,89,83,84,83,0.0,0.0,12.7,60.1,0,0,0,
2026-07-23,00:39:59,maceta1,89,91,85,84,84,0.0,0.0,13.1,70.3,0,0,0,
2026-07-23,00:39:59,maceta2,92,90,83,84,83,0.0,0.0,12.6,59.8,0,0,0,
2026-07-23,00:41:01,maceta1,88,91,85,84,84,0.0,0.0,13.1,71.6,0,0,0,
2026-07-23,00:41:01,maceta2,91,90,83,84,83,0.0,0.0,12.7,59.8,0,0,0,
2026-07-23,00:42:04,maceta1,87,89,85,84,84,0.0,0.0,13.1,70.7,0,0,0,
2026-07-23,00:42:04,maceta2,91,89,83,84,83,0.0,0.0,12.7,60.0,0,0,0,
2026-07-23,00:43:07,maceta1,87,90,85,84,84,0.0,0.0,13.1,69.4,0,0,0,
2026-07-23,00:43:07,maceta2,92,90,83,84,83,0.0,0.0,12.6,59.8,0,0,0,
2026-07-23,00:44:09,maceta1,88,90,85,84,84,0.0,0.0,13.1,69.6,0,0,0,
2026-07-23,00:44:09,maceta2,91,90,83,84,83,0.0,0.0,12.6,60.2,0,0,0,
2026-07-23,00:45:12,maceta1,88,90,85,84,84,0.0,0.0,13.1,71.2,0,0,0,
2026-07-23,00:45:12,maceta2,92,90,83,84,83,0.0,0.0,12.6,60.2,0,0,0,
2026-07-23,00:46:15,maceta1,88,90,85,84,84,0.0,0.0,13.1,70.5,0,0,0,
2026-07-23,00:46:15,maceta2,91,89,83,84,83,0.0,0.0,12.6,59.9,0,0,0,
2026-07-23,00:47:18,maceta1,88,89,85,84,84,0.0,0.0,13.1,68.5,0,0,0,
2026-07-23,00:47:18,maceta2,91,89,83,84,83,0.0,0.0,12.6,60.0,0,0,0,
2026-07-23,00:48:20,maceta1,87,90,85,84,84,0.0,0.0,13.0,70.3,0,0,0,
2026-07-23,00:48:20,maceta2,90,89,83,84,83,0.0,0.0,12.6,59.9,0,0,0,
2026-07-23,00:49:23,maceta1,88,90,85,84,84,0.0,0.0,13.1,70.1,0,0,0,
2026-07-23,00:49:23,maceta2,91,90,83,84,83,0.0,0.0,12.6,60.3,0,0,0,
2026-07-23,00:50:26,maceta1,88,91,85,84,84,0.0,0.0,13.0,68.9,0,0,0,
2026-07-23,00:50:26,maceta2,92,89,83,84,83,0.0,0.0,12.6,60.1,0,0,0,
2026-07-23,00:51:28,maceta1,88,90,85,84,84,0.0,0.0,13.0,70.9,0,0,0,
2026-07-23,00:51:28,maceta2,92,89,83,84,83,0.0,0.0,12.6,60.1,0,0,0,
2026-07-23,00:52:31,maceta1,88,90,85,84,84,0.0,0.0,13.1,70.7,0,0,0,
2026-07-23,00:52:31,maceta2,92,89,83,84,83,0.0,0.0,12.6,59.8,0,0,0,
2026-07-23,00:53:34,maceta1,88,90,85,84,84,0.0,0.0,13.0,70.7,0,0,0,
2026-07-23,00:53:34,maceta2,91,90,83,84,83,0.0,0.0,12.6,59.9,0,0,0,
2026-07-23,00:54:37,maceta1,89,90,85,84,84,0.0,0.0,13.0,70.2,0,0,0,
2026-07-23,00:54:37,maceta2,92,89,83,84,83,0.0,0.0,12.6,60.2,0,0,0,
2026-07-23,00:55:39,maceta1,88,90,85,84,84,0.0,0.0,13.0,70.7,0,0,0,
2026-07-23,00:55:39,maceta2,91,89,83,84,83,0.0,0.0,12.5,60.0,0,0,0,
2026-07-23,00:56:42,maceta1,88,91,85,84,84,0.0,0.0,13.0,69.9,0,0,0,
2026-07-23,00:56:42,maceta2,92,90,83,84,83,0.0,0.0,12.6,60.2,0,0,0,
2026-07-23,00:57:45,maceta1,88,91,85,83,84,0.0,0.0,13.0,69.5,0,0,0,
2026-07-23,00:57:45,maceta2,92,90,83,84,83,0.0,0.0,12.6,60.3,0,0,0,
2026-07-23,00:58:47,maceta1,87,89,85,84,84,0.0,0.0,13.0,68.8,0,0,0,
2026-07-23,00:58:47,maceta2,90,89,83,84,83,0.0,0.0,12.5,60.7,0,0,0,
2026-07-23,00:59:50,maceta1,88,89,85,84,84,0.0,0.0,13.0,69.1,0,0,0,
2026-07-23,00:59:50,maceta2,92,89,83,84,83,0.0,0.0,12.5,60.1,0,0,0,
2026-07-23,01:00:53,maceta1,87,89,85,84,84,0.0,0.0,13.0,71.0,0,0,0,
2026-07-23,01:00:53,maceta2,91,89,83,84,83,0.0,0.0,12.5,60.3,0,0,0,
2026-07-23,01:01:56,maceta1,88,90,85,84,84,0.0,0.0,13.0,69.7,0,0,0,
2026-07-23,01:01:56,maceta2,92,90,83,84,83,0.0,0.0,,,0,0,0,"Lectura invalida de DHT | Lectura invalida de DHT, se omite logica de ventilacion"
2026-07-23,01:02:58,maceta1,88,90,85,84,84,0.0,0.0,13.0,70.7,0,0,0,
2026-07-23,01:02:58,maceta2,91,89,83,84,83,0.0,0.0,12.5,60.1,0,0,0,
2026-07-23,01:04:01,maceta1,88,90,85,84,84,0.0,0.0,13.0,69.3,0,0,0,
2026-07-23,01:04:01,maceta2,92,90,83,84,83,0.0,0.0,12.5,60.3,0,0,0,
2026-07-23,01:05:04,maceta1,89,90,85,84,84,0.0,0.0,13.0,70.7,0,0,0,
2026-07-23,01:05:04,maceta2,92,90,83,84,83,0.0,0.0,12.5,60.2,0,0,0,
2026-07-23,01:06:06,maceta1,87,89,85,84,84,0.0,0.0,13.0,69.9,0,0,0,
2026-07-23,01:06:06,maceta2,91,89,83,84,83,0.0,0.0,12.5,60.3,0,0,0,
2026-07-23,01:07:09,maceta1,87,89,85,84,84,0.0,0.0,13.0,70.1,0,0,0,
2026-07-23,01:07:09,maceta2,91,88,83,84,83,0.0,0.0,,,0,0,0,"Lectura invalida de DHT | Lectura invalida de DHT, se omite logica de ventilacion"
2026-07-23,01:08:12,maceta1,87,90,85,84,84,0.0,0.0,13.0,70.7,0,0,0,
2026-07-23,01:08:12,maceta2,90,89,83,84,83,0.0,0.0,12.5,60.5,0,0,0,
2026-07-23,01:09:15,maceta1,88,90,85,84,84,0.0,0.0,13.0,71.5,0,0,0,
2026-07-23,01:09:15,maceta2,90,89,84,84,84,0.0,0.0,12.5,60.3,0,0,0,
2026-07-23,01:10:17,maceta1,88,90,85,84,84,0.0,0.0,13.0,70.6,0,0,0,
2026-07-23,01:10:17,maceta2,91,89,84,84,84,0.0,0.0,,,0,0,0,"Lectura invalida de DHT | Lectura invalida de DHT, se omite logica de ventilacion"
2026-07-23,01:11:20,maceta1,88,91,85,84,84,0.0,0.0,13.0,70.9,0,0,0,
2026-07-23,01:11:20,maceta2,91,90,83,84,83,0.0,0.0,12.5,60.2,0,0,0,
2026-07-23,01:12:23,maceta1,88,89,85,84,84,0.0,0.0,13.0,70.4,0,0,0,
2026-07-23,01:12:23,maceta2,91,89,83,84,83,0.0,0.0,12.5,60.5,0,0,0,
2026-07-23,01:13:25,maceta1,88,90,85,84,84,0.0,0.0,13.0,72.0,0,0,0,
2026-07-23,01:13:25,maceta2,91,89,83,84,83,0.0,0.0,12.6,60.5,0,0,0,
2026-07-23,01:14:28,maceta1,88,90,85,84,84,0.0,0.0,13.0,71.5,0,0,0,
2026-07-23,01:14:28,maceta2,91,90,83,84,83,0.0,0.0,12.5,60.5,0,0,0,
2026-07-23,01:15:31,maceta1,87,89,85,84,84,0.0,0.0,13.0,70.0,0,0,0,
2026-07-23,01:15:31,maceta2,91,88,83,84,83,0.0,0.0,12.5,60.5,0,0,0,
2026-07-23,01:16:33,maceta1,88,90,85,84,84,0.0,0.0,13.0,70.0,0,0,0,
2026-07-23,01:16:33,maceta2,91,89,83,84,83,0.0,0.0,12.5,60.5,0,0,0,
2026-07-23,01:17:36,maceta1,88,90,85,84,84,0.0,0.0,13.0,70.6,0,0,0,
2026-07-23,01:17:36,maceta2,91,89,83,84,83,0.0,0.0,12.5,60.3,0,0,0,
2026-07-23,01:18:39,maceta1,88,90,85,84,84,0.0,0.0,13.0,70.3,0,0,0,
2026-07-23,01:18:39,maceta2,91,90,83,84,83,0.0,0.0,12.5,60.5,0,0,0,
2026-07-23,01:19:42,maceta1,87,90,85,84,84,0.0,0.0,13.0,70.7,0,0,0,
2026-07-23,01:19:42,maceta2,91,89,83,84,83,0.0,0.0,12.5,60.5,0,0,0,
2026-07-23,01:20:44,maceta1,88,90,85,84,84,0.0,0.0,13.0,70.8,0,0,0,
2026-07-23,01:20:44,maceta2,91,89,83,84,83,0.0,0.0,12.5,60.4,0,0,0,
2026-07-23,01:21:47,maceta1,88,90,85,84,84,0.0,0.0,13.0,70.6,0,0,0,
2026-07-23,01:21:47,maceta2,88,89,84,84,84,0.0,0.0,12.5,60.3,0,0,0,
2026-07-23,01:22:50,maceta1,88,90,85,84,84,0.0,0.0,13.0,71.0,0,0,0,
2026-07-23,01:22:50,maceta2,91,90,84,84,84,0.0,0.0,12.5,60.5,0,0,0,
2026-07-23,01:23:53,maceta1,88,90,85,84,84,0.0,0.0,13.0,68.4,0,0,0,
2026-07-23,01:23:53,maceta2,91,90,84,84,84,0.0,0.0,12.5,60.7,0,0,0,
2026-07-23,01:24:55,maceta1,88,90,85,84,84,0.0,0.0,12.9,69.0,0,0,0,
2026-07-23,01:24:55,maceta2,91,89,83,84,83,0.0,0.0,12.5,60.7,0,0,0,
2026-07-23,01:25:58,maceta1,89,91,85,84,84,0.0,0.0,13.0,69.4,0,0,0,
2026-07-23,01:25:58,maceta2,91,90,83,84,83,0.0,0.0,12.5,60.4,0,0,0,
2026-07-23,01:27:01,maceta1,88,90,85,84,84,0.0,0.0,13.0,70.3,0,0,0,
2026-07-23,01:27:01,maceta2,91,90,83,84,83,0.0,0.0,12.5,60.3,0,0,0,
2026-07-23,01:28:04,maceta1,88,90,85,84,84,0.0,0.0,13.0,70.4,0,0,0,
2026-07-23,01:28:04,maceta2,91,89,83,84,83,0.0,0.0,12.5,60.5,0,0,0,
2026-07-23,01:29:06,maceta1,88,90,85,84,84,0.0,0.0,13.0,71.0,0,0,0,
2026-07-23,01:29:06,maceta2,91,89,83,84,83,0.0,0.0,,,0,0,0,"Lectura invalida de DHT | Lectura invalida de DHT, se omite logica de ventilacion"
2026-07-23,01:30:09,maceta1,88,90,85,84,84,0.0,0.0,13.0,71.5,0,0,0,
2026-07-23,01:30:09,maceta2,92,89,83,84,83,0.0,0.0,12.5,60.5,0,0,0,
2026-07-23,01:31:12,maceta1,88,90,85,84,84,0.0,0.0,13.0,69.8,0,0,0,
2026-07-23,01:31:12,maceta2,90,89,83,84,83,0.0,0.0,12.5,60.6,0,0,0,
2026-07-23,01:32:14,maceta1,87,90,85,84,84,0.0,0.0,13.0,70.4,0,0,0,
2026-07-23,01:32:14,maceta2,91,89,83,84,83,0.0,0.0,12.5,60.5,0,0,0,
2026-07-23,01:33:17,maceta1,89,90,85,84,84,0.0,0.0,13.0,71.5,0,0,0,
2026-07-23,01:33:17,maceta2,92,90,83,84,83,0.0,0.0,12.5,60.3,0,0,0,
2026-07-23,01:34:20,maceta1,89,91,85,84,84,0.0,0.0,13.0,71.0,0,0,0,
2026-07-23,01:34:20,maceta2,92,90,83,84,83,0.0,0.0,12.5,60.3,0,0,0,
2026-07-23,01:35:23,maceta1,88,90,84,84,84,0.0,0.0,13.0,71.5,0,0,0,
2026-07-23,01:35:23,maceta2,90,89,83,84,83,0.0,0.0,12.5,60.4,0,0,0,
2026-07-23,01:36:25,maceta1,89,91,84,83,83,0.0,0.0,12.9,71.4,0,0,0,
2026-07-23,01:36:25,maceta2,92,90,83,84,83,0.0,0.0,12.5,60.6,0,0,0,
2026-07-23,01:37:28,maceta1,88,91,85,83,84,0.0,0.0,13.0,70.4,0,0,0,
2026-07-23,01:37:28,maceta2,91,90,83,84,83,0.0,0.0,12.5,60.4,0,0,0,
2026-07-23,01:38:31,maceta1,88,90,85,83,84,0.0,0.0,13.0,68.9,0,0,0,
2026-07-23,01:38:31,maceta2,91,89,83,84,83,0.0,0.0,12.5,60.4,0,0,0,
2026-07-23,01:39:34,maceta1,88,90,85,84,84,0.0,0.0,12.9,70.1,0,0,0,
2026-07-23,01:39:34,maceta2,91,90,83,84,83,0.0,0.0,12.5,60.6,0,0,0,
2026-07-23,01:40:36,maceta1,88,91,85,84,84,0.0,0.0,12.9,70.9,0,0,0,
2026-07-23,01:40:36,maceta2,92,90,83,84,83,0.0,0.0,12.5,60.5,0,0,0,
2026-07-23,01:41:39,maceta1,88,91,85,83,84,0.0,0.0,13.0,70.9,0,0,0,
2026-07-23,01:41:39,maceta2,92,90,83,84,83,0.0,0.0,12.5,60.7,0,0,0,
2026-07-23,01:42:42,maceta1,88,90,85,83,84,0.0,0.0,12.9,70.3,0,0,0,
2026-07-23,01:42:42,maceta2,91,90,83,84,83,0.0,0.0,12.5,60.8,0,0,0,
2026-07-23,01:43:45,maceta1,87,89,85,84,84,0.0,0.0,,,0,0,0,"Lectura invalida de DHT | Lectura invalida de DHT, se omite logica de ventilacion"
2026-07-23,01:43:45,maceta2,91,89,83,84,83,0.0,0.0,12.5,60.8,0,0,0,
2026-07-23,01:44:47,maceta1,87,90,85,84,84,0.0,0.0,,,0,0,0,"Lectura invalida de DHT | Lectura invalida de DHT, se omite logica de ventilacion"
2026-07-23,01:44:47,maceta2,91,90,83,84,83,0.0,0.0,12.5,60.2,0,0,0,
2026-07-23,01:45:50,maceta1,88,90,85,84,84,0.0,0.0,12.9,71.6,0,0,0,
2026-07-23,01:45:50,maceta2,91,89,83,84,83,0.0,0.0,12.5,60.6,0,0,0,
2026-07-23,01:46:53,maceta1,88,89,85,84,84,0.0,0.0,12.9,70.4,0,0,0,
2026-07-23,01:46:53,maceta2,91,89,83,84,83,0.0,0.0,12.5,60.6,0,0,0,
2026-07-23,01:47:55,maceta1,87,90,85,84,84,0.0,0.0,12.9,71.6,0,0,0,
2026-07-23,01:47:55,maceta2,90,90,83,84,83,0.0,0.0,12.5,60.7,0,0,0,
2026-07-23,01:48:58,maceta1,88,91,85,84,84,0.0,0.0,12.9,70.9,0,0,0,
2026-07-23,01:48:58,maceta2,91,90,83,84,83,0.0,0.0,12.5,60.5,0,0,0,
2026-07-23,01:50:01,maceta1,88,90,85,84,84,0.0,0.0,12.9,70.7,0,0,0,
2026-07-23,01:50:01,maceta2,91,89,83,84,83,0.0,0.0,12.5,60.7,0,0,0,
2026-07-23,01:51:04,maceta1,87,90,85,84,84,0.0,0.0,12.9,68.1,0,0,0,
2026-07-23,01:51:04,maceta2,91,89,83,84,83,0.0,0.0,12.5,60.7,0,0,0,
2026-07-23,01:52:06,maceta1,89,91,85,84,84,0.0,0.0,12.9,68.3,0,0,0,
2026-07-23,01:52:06,maceta2,91,90,83,84,83,0.0,0.0,12.5,60.5,0,0,0,
2026-07-23,01:53:09,maceta1,88,90,85,84,84,0.0,0.0,12.9,68.3,0,0,0,
2026-07-23,01:53:09,maceta2,91,89,83,84,83,0.0,0.0,12.5,60.9,0,0,0,
2026-07-23,01:54:12,maceta1,87,90,85,84,84,0.0,0.0,12.9,68.7,0,0,0,
2026-07-23,01:54:12,maceta2,91,89,83,84,83,0.0,0.0,12.5,60.9,0,0,0,
2026-07-23,01:55:14,maceta1,88,91,85,84,84,0.0,0.0,12.9,68.2,0,0,0,
2026-07-23,01:55:14,maceta2,92,90,83,84,83,0.0,0.0,12.5,60.9,0,0,0,
2026-07-23,01:56:17,maceta1,89,91,85,83,84,0.0,0.0,12.9,68.8,0,0,0,
2026-07-23,01:56:17,maceta2,92,90,83,84,83,0.0,0.0,12.5,60.9,0,0,0,
2026-07-23,01:57:20,maceta1,88,90,85,83,84,0.0,0.0,12.9,68.7,0,0,0,
2026-07-23,01:57:20,maceta2,92,89,83,84,83,0.0,0.0,12.5,61.0,0,0,0,
2026-07-23,01:58:23,maceta1,88,89,85,84,84,0.0,0.0,12.9,67.3,0,0,0,
2026-07-23,01:58:23,maceta2,90,89,83,84,83,0.0,0.0,12.5,60.9,0,0,0,
2026-07-23,01:59:25,maceta1,88,90,85,84,84,0.0,0.0,12.9,68.2,0,0,0,
2026-07-23,01:59:25,maceta2,92,89,83,84,83,0.0,0.0,12.5,60.7,0,0,0,
2026-07-23,02:00:28,maceta1,88,90,85,84,84,0.0,0.0,12.9,67.6,0,0,0,
2026-07-23,02:00:28,maceta2,91,90,83,84,83,0.0,0.0,12.5,60.6,0,0,0,
2026-07-23,02:01:31,maceta1,89,91,85,84,84,0.0,0.0,12.9,69.6,0,0,0,
2026-07-23,02:01:31,maceta2,92,90,83,84,83,0.0,0.0,12.5,60.8,0,0,0,
2026-07-23,02:02:34,maceta1,88,90,85,84,84,0.0,0.0,12.9,68.2,0,0,0,
2026-07-23,02:02:34,maceta2,90,89,83,84,83,0.0,0.0,12.5,60.6,0,0,0,
2026-07-23,02:03:36,maceta1,88,90,85,84,84,0.0,0.0,12.9,68.2,0,0,0,
2026-07-23,02:03:36,maceta2,91,89,83,84,83,0.0,0.0,12.5,60.7,0,0,0,
2026-07-23,02:04:39,maceta1,88,91,85,84,84,0.0,0.0,12.9,67.6,0,0,0,
2026-07-23,02:04:39,maceta2,91,90,83,84,83,0.0,0.0,12.5,61.1,0,0,0,
2026-07-23,02:05:42,maceta1,89,90,85,84,84,0.0,0.0,12.9,68.9,0,0,0,
2026-07-23,02:05:42,maceta2,90,90,83,84,83,0.0,0.0,12.5,60.8,0,0,0,
2026-07-23,02:06:44,maceta1,88,90,85,84,84,0.0,0.0,12.9,67.3,0,0,0,
2026-07-23,02:06:44,maceta2,91,89,83,84,83,0.0,0.0,12.5,60.8,0,0,0,
2026-07-23,02:07:47,maceta1,88,90,85,84,84,0.0,0.0,12.9,67.5,0,0,0,
2026-07-23,02:07:47,maceta2,91,89,83,84,83,0.0,0.0,12.5,60.8,0,0,0,
2026-07-23,02:08:50,maceta1,89,90,85,84,84,0.0,0.0,,,0,0,0,"Lectura invalida de DHT | Lectura invalida de DHT, se omite logica de ventilacion"
2026-07-23,02:08:50,maceta2,92,90,83,84,83,0.0,0.0,12.5,60.9,0,0,0,
2026-07-23,02:09:52,maceta1,88,90,85,84,84,0.0,0.0,12.9,67.4,0,0,0,
2026-07-23,02:09:52,maceta2,92,90,83,84,83,0.0,0.0,12.5,61.0,0,0,0,
2026-07-23,02:10:55,maceta1,88,90,85,84,84,0.0,0.0,12.8,66.7,0,0,0,
2026-07-23,02:10:55,maceta2,92,90,83,84,83,0.0,0.0,12.5,60.8,0,0,0,
2026-07-23,02:11:58,maceta1,88,90,85,84,84,0.0,0.0,12.8,67.8,0,0,0,
2026-07-23,02:11:58,maceta2,91,90,83,84,83,0.0,0.0,12.5,60.8,0,0,0,
2026-07-23,02:13:01,maceta1,89,90,85,84,84,0.0,0.0,12.8,66.6,0,0,0,
2026-07-23,02:13:01,maceta2,92,90,83,84,83,0.0,0.0,12.5,60.6,0,0,0,
2026-07-23,02:14:03,maceta1,88,91,85,84,84,0.0,0.0,12.8,66.7,0,0,0,
2026-07-23,02:14:03,maceta2,91,89,83,84,83,0.0,0.0,12.5,60.8,0,0,0,
2026-07-23,02:15:06,maceta1,88,90,85,84,84,0.0,0.0,12.8,68.2,0,0,0,
2026-07-23,02:15:06,maceta2,91,90,83,84,83,0.0,0.0,12.5,60.9,0,0,0,
2026-07-23,02:16:09,maceta1,88,90,85,84,84,0.0,0.0,12.8,67.2,0,0,0,
2026-07-23,02:16:09,maceta2,91,89,83,84,83,0.0,0.0,12.5,60.7,0,0,0,
2026-07-23,02:17:12,maceta1,88,90,85,84,84,0.0,0.0,12.8,66.7,0,0,0,
2026-07-23,02:17:12,maceta2,91,89,83,84,83,0.0,0.0,12.5,60.8,0,0,0,
2026-07-23,02:18:14,maceta1,89,91,85,84,84,0.0,0.0,12.8,66.7,0,0,0,
2026-07-23,02:18:14,maceta2,92,90,83,84,83,0.0,0.0,12.5,61.0,0,0,0,
2026-07-23,02:19:17,maceta1,88,90,85,84,84,0.0,0.0,12.8,66.4,0,0,0,
2026-07-23,02:19:17,maceta2,91,90,83,84,83,0.0,0.0,12.5,60.8,0,0,0,
2026-07-23,02:20:20,maceta1,88,90,85,84,84,0.0,0.0,12.8,66.8,0,0,0,
2026-07-23,02:20:20,maceta2,91,90,83,84,83,0.0,0.0,12.5,60.9,0,0,0,
2026-07-23,02:21:22,maceta1,89,91,85,84,84,0.0,0.0,12.8,66.5,0,0,0,
2026-07-23,02:21:22,maceta2,92,90,83,84,83,0.0,0.0,12.5,60.7,0,0,0,
2026-07-23,02:22:25,maceta1,88,91,85,83,84,0.0,0.0,12.8,68.0,0,0,0,
2026-07-23,02:22:25,maceta2,91,90,83,84,83,0.0,0.0,12.4,60.7,0,0,0,
2026-07-23,02:23:28,maceta1,89,91,84,83,83,0.0,0.0,12.8,66.5,0,0,0,
2026-07-23,02:23:28,maceta2,92,89,83,84,83,0.0,0.0,12.4,60.7,0,0,0,
2026-07-23,02:24:30,maceta1,88,91,85,83,84,0.0,0.0,12.8,66.8,0,0,0,
2026-07-23,02:24:30,maceta2,91,89,83,84,83,0.0,0.0,12.4,60.8,0,0,0,
2026-07-23,02:25:33,maceta1,88,90,85,83,84,0.0,0.0,,,0,0,0,"Lectura invalida de DHT | Lectura invalida de DHT, se omite logica de ventilacion"
2026-07-23,02:25:33,maceta2,91,89,83,84,83,0.0,0.0,12.4,60.9,0,0,0,
2026-07-23,02:26:36,maceta1,88,90,85,84,84,0.0,0.0,12.8,66.9,0,0,0,
2026-07-23,02:26:36,maceta2,91,90,83,84,83,0.0,0.0,12.4,60.9,0,0,0,
2026-07-23,02:27:39,maceta1,88,90,85,84,84,0.0,0.0,12.8,67.5,0,0,0,
2026-07-23,02:27:39,maceta2,92,90,83,84,83,0.0,0.0,12.4,60.7,0,0,0,
2026-07-23,02:28:41,maceta1,88,89,85,84,84,0.0,0.0,12.8,66.7,0,0,0,
2026-07-23,02:28:41,maceta2,91,89,83,84,83,0.0,0.0,12.4,60.7,0,0,0,
2026-07-23,02:29:44,maceta1,88,90,85,84,84,0.0,0.0,12.8,66.6,0,0,0,
2026-07-23,02:29:44,maceta2,92,90,83,84,83,0.0,0.0,12.4,60.7,0,0,0,
2026-07-23,02:30:47,maceta1,89,90,85,84,84,0.0,0.0,12.8,66.2,0,0,0,
2026-07-23,02:30:47,maceta2,91,89,83,84,83,0.0,0.0,12.3,60.7,0,0,0,
2026-07-23,02:31:49,maceta1,88,91,85,84,84,0.0,0.0,12.8,66.8,0,0,0,
2026-07-23,02:31:49,maceta2,91,90,83,84,83,0.0,0.0,12.3,60.9,0,0,0,
2026-07-23,02:32:52,maceta1,88,90,85,84,84,0.0,0.0,12.8,67.7,0,0,0,
2026-07-23,02:32:52,maceta2,91,89,83,84,83,0.0,0.0,12.3,60.7,0,0,0,
2026-07-23,02:33:55,maceta1,88,90,85,84,84,0.0,0.0,12.7,67.5,0,0,0,
2026-07-23,02:33:55,maceta2,92,90,83,84,83,0.0,0.0,12.3,61.0,0,0,0,
2026-07-23,02:34:58,maceta1,88,90,85,84,84,0.0,0.0,12.8,68.2,0,0,0,
2026-07-23,02:34:58,maceta2,91,90,83,84,83,0.0,0.0,12.3,61.0,0,0,0,
2026-07-23,02:36:01,maceta1,88,90,85,84,84,0.0,0.0,12.8,68.0,0,0,0,
2026-07-23,02:36:01,maceta2,91,90,83,84,83,0.0,0.0,12.3,60.8,0,0,0,
2026-07-23,02:37:04,maceta1,88,90,85,84,84,0.0,0.0,12.8,67.2,0,0,0,
2026-07-23,02:37:04,maceta2,90,89,83,84,83,0.0,0.0,12.3,60.7,0,0,0,
2026-07-23,02:38:06,maceta1,89,91,85,84,84,0.0,0.0,12.8,68.3,0,0,0,
2026-07-23,02:38:06,maceta2,92,90,83,84,83,0.0,0.0,12.3,60.8,0,0,0,
2026-07-23,02:39:09,maceta1,88,90,85,84,84,0.0,0.0,12.8,67.0,0,0,0,
2026-07-23,02:39:09,maceta2,91,89,83,84,83,0.0,0.0,12.3,60.7,0,0,0,
2026-07-23,02:40:12,maceta1,88,91,85,83,84,0.0,0.0,12.8,66.6,0,0,0,
2026-07-23,02:40:12,maceta2,91,90,83,84,83,0.0,0.0,12.3,60.8,0,0,0,
2026-07-23,02:41:14,maceta1,88,90,85,84,84,0.0,0.0,12.7,66.7,0,0,0,
2026-07-23,02:41:14,maceta2,91,89,83,84,83,0.0,0.0,12.3,60.7,0,0,0,
2026-07-23,02:42:17,maceta1,89,90,85,84,84,0.0,0.0,12.7,67.6,0,0,0,
2026-07-23,02:42:17,maceta2,91,89,83,84,83,0.0,0.0,12.3,60.8,0,0,0,
2026-07-23,02:43:20,maceta1,88,90,85,84,84,0.0,0.0,,,0,0,0,"Lectura invalida de DHT | Lectura invalida de DHT, se omite logica de ventilacion"
2026-07-23,02:43:20,maceta2,92,89,83,84,83,0.0,0.0,12.3,60.9,0,0,0,
2026-07-23,02:44:23,maceta1,88,90,85,84,84,0.0,0.0,12.8,67.6,0,0,0,
2026-07-23,02:44:23,maceta2,91,90,83,84,83,0.0,0.0,12.3,60.7,0,0,0,
2026-07-23,02:45:25,maceta1,88,90,85,84,84,0.0,0.0,12.7,67.9,0,0,0,
2026-07-23,02:45:25,maceta2,91,90,83,84,83,0.0,0.0,12.3,60.7,0,0,0,
2026-07-23,02:46:28,maceta1,89,90,85,84,84,0.0,0.0,12.7,67.1,0,0,0,
2026-07-23,02:46:28,maceta2,91,89,83,84,83,0.0,0.0,12.3,60.7,0,0,0,
2026-07-23,02:47:31,maceta1,88,90,85,84,84,0.0,0.0,12.7,66.7,0,0,0,
2026-07-23,02:47:31,maceta2,91,90,83,84,83,0.0,0.0,12.3,60.8,0,0,0,
2026-07-23,02:48:33,maceta1,89,91,84,84,84,0.0,0.0,12.7,66.2,0,0,0,
2026-07-23,02:48:33,maceta2,92,90,83,84,83,0.0,0.0,12.3,60.9,0,0,0,
2026-07-23,02:49:36,maceta1,89,91,84,83,83,0.0,0.0,12.7,66.9,0,0,0,
2026-07-23,02:49:36,maceta2,91,89,83,84,83,0.0,0.0,12.3,60.8,0,0,0,
2026-07-23,02:50:39,maceta1,89,90,84,83,83,0.0,0.0,,,0,0,0,"Lectura invalida de DHT | Lectura invalida de DHT, se omite logica de ventilacion"
2026-07-23,02:50:39,maceta2,92,90,83,84,83,0.0,0.0,12.3,60.9,0,0,0,
2026-07-23,02:51:42,maceta1,88,90,84,84,84,0.0,0.0,12.7,67.2,0,0,0,
2026-07-23,02:51:42,maceta2,91,89,83,84,83,0.0,0.0,12.3,61.0,0,0,0,
2026-07-23,02:52:44,maceta1,89,92,84,83,83,0.0,0.0,12.7,67.3,0,0,0,
2026-07-23,02:52:44,maceta2,92,89,83,84,83,0.0,0.0,12.3,61.0,0,0,0,
2026-07-23,02:53:47,maceta1,88,91,85,83,84,0.0,0.0,12.7,66.8,0,0,0,
2026-07-23,02:53:47,maceta2,91,89,83,84,83,0.0,0.0,12.3,60.7,0,0,0,
2026-07-23,02:54:50,maceta1,88,92,85,83,84,0.0,0.0,12.7,67.2,0,0,0,
2026-07-23,02:54:50,maceta2,92,90,83,84,83,0.0,0.0,12.3,61.0,0,0,0,
2026-07-23,02:55:52,maceta1,88,90,85,83,84,0.0,0.0,12.7,67.0,0,0,0,
2026-07-23,02:55:52,maceta2,91,89,83,84,83,0.0,0.0,12.3,60.9,0,0,0,
2026-07-23,02:56:55,maceta1,89,90,85,83,84,0.0,0.0,12.7,67.5,0,0,0,
2026-07-23,02:56:55,maceta2,91,90,83,84,83,0.0,0.0,12.3,61.0,0,0,0,
2026-07-23,02:57:58,maceta1,89,91,84,84,84,0.0,0.0,12.7,67.2,0,0,0,
2026-07-23,02:57:58,maceta2,92,90,83,84,83,0.0,0.0,12.3,60.8,0,0,0,
2026-07-23,02:59:00,maceta1,88,90,84,84,84,0.0,0.0,12.7,67.3,0,0,0,
2026-07-23,02:59:00,maceta2,91,89,83,84,83,0.0,0.0,,,0,0,0,"Lectura invalida de DHT | Lectura invalida de DHT, se omite logica de ventilacion"
2026-07-23,03:00:03,maceta1,88,90,85,84,84,0.0,0.0,12.7,67.3,0,0,0,
2026-07-23,03:00:03,maceta2,91,89,83,84,83,0.0,0.0,12.3,60.9,0,0,0,
2026-07-23,03:01:06,maceta1,88,91,85,84,84,0.0,0.0,12.7,67.1,0,0,0,
2026-07-23,03:01:06,maceta2,91,89,83,84,83,0.0,0.0,12.3,61.0,0,0,0,
2026-07-23,03:02:09,maceta1,89,91,85,83,84,0.0,0.0,12.7,68.5,0,0,0,
2026-07-23,03:02:09,maceta2,91,90,83,84,83,0.0,0.0,12.3,61.0,0,0,0,
2026-07-23,03:03:11,maceta1,88,90,85,83,84,0.0,0.0,12.7,67.3,0,0,0,
2026-07-23,03:03:11,maceta2,91,89,83,84,83,0.0,0.0,12.2,60.9,0,0,0,
2026-07-23,03:04:14,maceta1,88,91,85,83,84,0.0,0.0,12.7,68.4,0,0,0,
2026-07-23,03:04:14,maceta2,91,90,83,84,83,0.0,0.0,12.3,60.9,0,0,0,
2026-07-23,03:05:17,maceta1,88,91,85,83,84,0.0,0.0,12.7,68.7,0,0,0,
2026-07-23,03:05:17,maceta2,92,90,83,84,83,0.0,0.0,12.3,60.9,0,0,0,
2026-07-23,03:06:20,maceta1,89,90,85,83,84,0.0,0.0,12.7,68.7,0,0,0,
2026-07-23,03:06:20,maceta2,92,90,83,84,83,0.0,0.0,12.3,60.8,0,0,0,
2026-07-23,03:07:22,maceta1,89,91,84,83,83,0.0,0.0,12.7,67.5,0,0,0,
2026-07-23,03:07:22,maceta2,92,90,83,84,83,0.0,0.0,12.2,61.0,0,0,0,
2026-07-23,03:08:25,maceta1,89,91,84,83,83,0.0,0.0,12.7,68.8,0,0,0,
2026-07-23,03:08:25,maceta2,91,90,83,84,83,0.0,0.0,12.2,61.0,0,0,0,
2026-07-23,03:09:28,maceta1,89,91,84,83,83,0.0,0.0,12.7,68.0,0,0,0,
2026-07-23,03:09:28,maceta2,92,90,83,84,83,0.0,0.0,12.2,61.0,0,0,0,
2026-07-23,03:10:30,maceta1,89,91,84,83,83,0.0,0.0,12.7,67.1,0,0,0,
2026-07-23,03:10:30,maceta2,92,90,83,84,83,0.0,0.0,12.2,60.9,0,0,0,
2026-07-23,03:11:33,maceta1,88,90,84,83,83,0.0,0.0,12.7,66.7,0,0,0,
2026-07-23,03:11:33,maceta2,90,89,83,84,83,0.0,0.0,12.2,60.8,0,0,0,
2026-07-23,03:12:36,maceta1,88,90,85,84,84,0.0,0.0,12.7,66.8,0,0,0,
2026-07-23,03:12:36,maceta2,92,89,83,84,83,0.0,0.0,12.2,60.8,0,0,0,
2026-07-23,03:13:38,maceta1,88,91,85,84,84,0.0,0.0,12.7,68.5,0,0,0,
2026-07-23,03:13:38,maceta2,92,90,83,84,83,0.0,0.0,12.2,60.7,0,0,0,
2026-07-23,03:14:41,maceta1,89,91,85,83,84,0.0,0.0,12.7,68.7,0,0,0,
2026-07-23,03:14:41,maceta2,91,89,83,84,83,0.0,0.0,12.2,61.0,0,0,0,
2026-07-23,03:15:44,maceta1,87,90,85,83,84,0.0,0.0,12.7,69.3,0,0,0,
2026-07-23,03:15:44,maceta2,90,89,83,84,83,0.0,0.0,12.2,60.9,0,0,0,
2026-07-23,03:16:47,maceta1,88,90,85,84,84,0.0,0.0,12.7,67.9,0,0,0,
2026-07-23,03:16:47,maceta2,90,89,84,84,84,0.0,0.0,12.2,60.7,0,0,0,
2026-07-23,03:17:49,maceta1,88,90,85,84,84,0.0,0.0,12.7,69.5,0,0,0,
2026-07-23,03:17:49,maceta2,92,89,83,84,83,0.0,0.0,12.2,60.8,0,0,0,
2026-07-23,03:18:52,maceta1,88,91,85,84,84,0.0,0.0,12.7,67.7,0,0,0,
2026-07-23,03:18:52,maceta2,92,90,83,84,83,0.0,0.0,12.2,60.9,0,0,0,
2026-07-23,03:19:55,maceta1,88,91,85,83,84,0.0,0.0,12.7,68.4,0,0,0,
2026-07-23,03:19:55,maceta2,91,90,83,84,83,0.0,0.0,12.2,61.0,0,0,0,
2026-07-23,03:20:58,maceta1,87,90,85,83,84,0.0,0.0,12.7,67.5,0,0,0,
2026-07-23,03:20:58,maceta2,91,89,83,84,83,0.0,0.0,12.2,60.8,0,0,0,
2026-07-23,03:22:01,maceta1,88,91,85,83,84,0.0,0.0,12.7,69.1,0,0,0,
2026-07-23,03:22:01,maceta2,92,90,83,84,83,0.0,0.0,12.2,60.9,0,0,0,
2026-07-23,03:23:04,maceta1,88,90,85,84,84,0.0,0.0,12.7,68.4,0,0,0,
2026-07-23,03:23:04,maceta2,91,89,83,84,83,0.0,0.0,12.2,61.1,0,0,0,
2026-07-23,03:24:06,maceta1,88,90,85,84,84,0.0,0.0,12.7,69.1,0,0,0,
2026-07-23,03:24:06,maceta2,91,89,83,84,83,0.0,0.0,12.2,61.1,0,0,0,
2026-07-23,03:25:10,maceta1,89,91,85,84,84,0.0,0.0,12.7,67.5,0,0,0,
2026-07-23,03:25:10,maceta2,91,89,83,84,83,0.0,0.0,12.2,60.8,0,0,0,
2026-07-23,03:26:12,maceta1,88,90,85,84,84,0.0,0.0,12.6,66.7,0,0,0,
2026-07-23,03:26:12,maceta2,91,89,83,84,83,0.0,0.0,12.2,61.1,0,0,0,
2026-07-23,03:27:15,maceta1,88,90,85,84,84,0.0,0.0,12.6,67.2,0,0,0,
2026-07-23,03:27:15,maceta2,91,89,83,84,83,0.0,0.0,12.2,60.8,0,0,0,
2026-07-23,03:28:18,maceta1,88,91,85,84,84,0.0,0.0,12.6,67.1,0,0,0,
2026-07-23,03:28:18,maceta2,92,90,83,84,83,0.0,0.0,12.2,60.7,0,0,0,
2026-07-23,03:29:20,maceta1,86,90,85,84,84,0.0,0.0,12.6,67.0,0,0,0,
2026-07-23,03:29:20,maceta2,91,89,83,84,83,0.0,0.0,12.2,60.9,0,0,0,
2026-07-23,03:30:23,maceta1,88,89,85,84,84,0.0,0.0,12.6,67.7,0,0,0,
2026-07-23,03:30:23,maceta2,90,89,83,84,83,0.0,0.0,12.2,60.7,0,0,0,
2026-07-23,03:31:26,maceta1,89,91,85,84,84,0.0,0.0,12.6,67.7,0,0,0,
2026-07-23,03:31:26,maceta2,92,90,83,84,83,0.0,0.0,12.2,60.8,0,0,0,
2026-07-23,03:32:28,maceta1,89,91,84,84,84,0.0,0.0,12.6,67.5,0,0,0,
2026-07-23,03:32:28,maceta2,92,90,83,84,83,0.0,0.0,12.2,60.9,0,0,0,
2026-07-23,03:33:31,maceta1,88,90,84,83,83,0.0,0.0,12.6,67.0,0,0,0,
2026-07-23,03:33:31,maceta2,91,89,83,84,83,0.0,0.0,12.2,60.8,0,0,0,
2026-07-23,03:34:34,maceta1,88,90,85,84,84,0.0,0.0,12.6,67.1,0,0,0,
2026-07-23,03:34:34,maceta2,91,89,83,84,83,0.0,0.0,12.2,60.8,0,0,0,
2026-07-23,03:35:37,maceta1,88,90,85,84,84,0.0,0.0,12.6,68.3,0,0,0,
2026-07-23,03:35:37,maceta2,91,90,83,84,83,0.0,0.0,12.2,60.7,0,0,0,
2026-07-23,03:36:39,maceta1,88,91,85,84,84,0.0,0.0,12.6,67.0,0,0,0,
2026-07-23,03:36:39,maceta2,92,90,83,84,83,0.0,0.0,12.2,60.7,0,0,0,
2026-07-23,03:37:42,maceta1,88,90,85,84,84,0.0,0.0,12.6,68.0,0,0,0,
2026-07-23,03:37:42,maceta2,91,90,83,84,83,0.0,0.0,12.2,60.8,0,0,0,
2026-07-23,03:38:45,maceta1,89,90,85,84,84,0.0,0.0,12.5,67.5,0,0,0,
2026-07-23,03:38:45,maceta2,92,90,83,84,83,0.0,0.0,12.2,61.0,0,0,0,
2026-07-23,03:39:48,maceta1,88,90,85,84,84,0.0,0.0,12.5,67.7,0,0,0,
2026-07-23,03:39:48,maceta2,92,90,83,84,83,0.0,0.0,12.2,60.8,0,0,0,
2026-07-23,03:40:51,maceta1,88,91,85,84,84,0.0,0.0,12.6,67.6,0,0,0,
2026-07-23,03:40:51,maceta2,92,90,83,84,83,0.0,0.0,12.2,60.8,0,0,0,
2026-07-23,03:41:53,maceta1,89,91,85,83,84,0.0,0.0,12.6,67.1,0,0,0,
2026-07-23,03:41:53,maceta2,92,90,83,84,83,0.0,0.0,12.2,60.8,0,0,0,
2026-07-23,03:42:56,maceta1,88,90,85,83,84,0.0,0.0,12.5,67.0,0,0,0,
2026-07-23,03:42:56,maceta2,91,89,83,84,83,0.0,0.0,12.2,60.9,0,0,0,
2026-07-23,03:43:59,maceta1,88,90,85,84,84,0.0,0.0,12.5,66.7,0,0,0,
2026-07-23,03:43:59,maceta2,91,89,83,84,83,0.0,0.0,12.2,60.9,0,0,0,
2026-07-23,03:45:01,maceta1,88,89,85,84,84,0.0,0.0,12.5,67.7,0,0,0,
2026-07-23,03:45:01,maceta2,91,89,83,84,83,0.0,0.0,12.2,60.9,0,0,0,
2026-07-23,03:46:04,maceta1,88,90,85,84,84,0.0,0.0,12.5,67.3,0,0,0,
2026-07-23,03:46:04,maceta2,91,89,83,84,83,0.0,0.0,12.2,60.9,0,0,0,
2026-07-23,03:47:07,maceta1,89,91,85,84,84,0.0,0.0,12.5,66.6,0,0,0,
2026-07-23,03:47:07,maceta2,92,90,83,84,83,0.0,0.0,12.2,61.2,0,0,0,
2026-07-23,03:48:10,maceta1,89,90,84,84,84,0.0,0.0,12.5,66.6,0,0,0,
2026-07-23,03:48:10,maceta2,92,90,83,84,83,0.0,0.0,12.1,61.1,0,0,0,
2026-07-23,03:49:12,maceta1,88,90,84,84,84,0.0,0.0,12.5,66.4,0,0,0,
2026-07-23,03:49:12,maceta2,90,89,83,84,83,0.0,0.0,12.1,61.0,0,0,0,
2026-07-23,03:50:15,maceta1,89,90,84,84,84,0.0,0.0,12.5,67.5,0,0,0,
2026-07-23,03:50:15,maceta2,92,90,83,84,83,0.0,0.0,12.1,61.2,0,0,0,
2026-07-23,03:51:18,maceta1,89,91,84,84,84,0.0,0.0,12.5,66.4,0,0,0,
2026-07-23,03:51:18,maceta2,92,91,83,84,83,0.0,0.0,12.1,61.1,0,0,0,
2026-07-23,03:52:20,maceta1,88,90,84,84,84,0.0,0.0,,,0,0,0,"Lectura invalida de DHT | Lectura invalida de DHT, se omite logica de ventilacion"
2026-07-23,03:52:20,maceta2,91,89,83,84,83,0.0,0.0,12.1,60.9,0,0,0,
2026-07-23,03:53:23,maceta1,88,91,85,83,84,0.0,0.0,12.5,68.0,0,0,0,
2026-07-23,03:53:23,maceta2,92,90,83,84,83,0.0,0.0,12.1,61.1,0,0,0,
2026-07-23,03:54:26,maceta1,88,90,85,84,84,0.0,0.0,12.5,67.6,0,0,0,
2026-07-23,03:54:26,maceta2,91,90,83,84,83,0.0,0.0,12.1,61.2,0,0,0,
2026-07-23,03:55:29,maceta1,88,91,85,83,84,0.0,0.0,12.5,67.9,0,0,0,
2026-07-23,03:55:29,maceta2,91,90,83,84,83,0.0,0.0,12.1,61.0,0,0,0,
2026-07-23,03:56:31,maceta1,88,90,85,84,84,0.0,0.0,12.5,67.5,0,0,0,
2026-07-23,03:56:31,maceta2,90,89,83,84,83,0.0,0.0,12.1,61.1,0,0,0,
2026-07-23,03:57:34,maceta1,89,91,85,83,84,0.0,0.0,12.5,69.0,0,0,0,
2026-07-23,03:57:34,maceta2,92,90,83,84,83,0.0,0.0,12.1,61.0,0,0,0,
2026-07-23,03:58:37,maceta1,89,91,84,83,83,0.0,0.0,12.5,67.4,0,0,0,
2026-07-23,03:58:37,maceta2,91,90,83,84,83,0.0,0.0,12.1,61.0,0,0,0,
2026-07-23,03:59:39,maceta1,89,90,84,83,83,0.0,0.0,12.5,67.3,0,0,0,
2026-07-23,03:59:39,maceta2,91,89,83,84,83,0.0,0.0,12.1,60.9,0,0,0,
2026-07-23,04:00:42,maceta1,88,90,84,84,84,0.0,0.0,12.5,66.9,0,0,0,
2026-07-23,04:00:42,maceta2,91,89,83,84,83,0.0,0.0,12.1,61.1,0,0,0,
2026-07-23,04:01:45,maceta1,88,91,85,84,84,0.0,0.0,12.5,68.1,0,0,0,
2026-07-23,04:01:45,maceta2,91,90,83,84,83,0.0,0.0,12.1,61.1,0,0,0,
2026-07-23,04:02:48,maceta1,88,90,85,84,84,0.0,0.0,12.5,67.5,0,0,0,
2026-07-23,04:02:48,maceta2,92,90,83,84,83,0.0,0.0,12.1,61.4,0,0,0,
2026-07-23,04:03:50,maceta1,89,91,85,83,84,0.0,0.0,12.5,67.5,0,0,0,
2026-07-23,04:03:50,maceta2,92,90,83,84,83,0.0,0.0,12.1,61.2,0,0,0,
2026-07-23,04:04:53,maceta1,88,90,85,84,84,0.0,0.0,12.5,66.9,0,0,0,
2026-07-23,04:04:53,maceta2,90,89,83,84,83,0.0,0.0,12.1,61.2,0,0,0,
2026-07-23,04:05:56,maceta1,89,91,84,83,83,0.0,0.0,12.5,66.2,0,0,0,
2026-07-23,04:05:56,maceta2,92,90,83,84,83,0.0,0.0,12.1,61.2,0,0,0,
2026-07-23,04:06:58,maceta1,89,92,84,83,83,0.0,0.0,12.5,67.1,0,0,0,
2026-07-23,04:06:58,maceta2,92,90,83,84,83,0.0,0.0,12.1,61.2,0,0,0,
2026-07-23,04:08:01,maceta1,89,91,84,83,83,0.0,0.0,12.5,67.2,0,0,0,
2026-07-23,04:08:01,maceta2,92,90,83,84,83,0.0,0.0,12.1,61.1,0,0,0,
2026-07-23,04:09:05,maceta1,89,91,84,83,83,0.0,0.0,12.5,66.5,0,0,0,
2026-07-23,04:09:05,maceta2,92,90,83,84,83,0.0,0.0,12.1,61.4,0,0,0,
2026-07-23,04:10:07,maceta1,88,90,84,83,83,0.0,0.0,12.5,67.0,0,0,0,
2026-07-23,04:10:07,maceta2,91,89,83,84,83,0.0,0.0,12.1,61.4,0,0,0,
2026-07-23,04:11:10,maceta1,88,91,85,83,84,0.0,0.0,12.5,66.5,0,0,0,
2026-07-23,04:11:10,maceta2,91,89,83,84,83,0.0,0.0,12.1,61.1,0,0,0,
2026-07-23,04:12:13,maceta1,88,91,85,83,84,0.0,0.0,12.5,67.7,0,0,0,
2026-07-23,04:12:13,maceta2,91,90,83,84,83,0.0,0.0,12.1,61.1,0,0,0,
2026-07-23,04:13:16,maceta1,88,90,85,83,84,0.0,0.0,12.5,66.9,0,0,0,
2026-07-23,04:13:16,maceta2,91,89,83,84,83,0.0,0.0,12.1,61.3,0,0,0,
2026-07-23,04:14:18,maceta1,89,91,85,83,84,0.0,0.0,12.5,67.3,0,0,0,
2026-07-23,04:14:18,maceta2,92,90,83,84,83,0.0,0.0,12.1,61.2,0,0,0,
2026-07-23,04:15:21,maceta1,88,90,85,84,84,0.0,0.0,12.5,66.9,0,0,0,
2026-07-23,04:15:21,maceta2,91,90,83,84,83,0.0,0.0,12.1,60.9,0,0,0,
2026-07-23,04:16:24,maceta1,88,90,85,84,84,0.0,0.0,12.5,67.0,0,0,0,
2026-07-23,04:16:24,maceta2,91,89,83,84,83,0.0,0.0,12.1,61.0,0,0,0,
2026-07-23,04:17:26,maceta1,88,90,85,84,84,0.0,0.0,12.5,66.4,0,0,0,
2026-07-23,04:17:26,maceta2,92,89,83,84,83,0.0,0.0,12.1,61.2,0,0,0,
2026-07-23,04:18:29,maceta1,88,91,85,84,84,0.0,0.0,12.5,66.6,0,0,0,
2026-07-23,04:18:29,maceta2,91,89,83,84,83,0.0,0.0,12.1,61.1,0,0,0,
2026-07-23,04:19:32,maceta1,88,90,85,84,84,0.0,0.0,12.5,66.9,0,0,0,
2026-07-23,04:19:32,maceta2,92,90,83,84,83,0.0,0.0,12.1,61.0,0,0,0,
2026-07-23,04:20:34,maceta1,88,91,85,83,84,0.0,0.0,12.5,67.4,0,0,0,
2026-07-23,04:20:34,maceta2,91,89,83,84,83,0.0,0.0,12.1,61.2,0,0,0,
2026-07-23,04:21:37,maceta1,89,91,85,83,84,0.0,0.0,12.5,67.0,0,0,0,
2026-07-23,04:21:37,maceta2,92,90,83,84,83,0.0,0.0,12.1,61.2,0,0,0,
2026-07-23,04:22:40,maceta1,88,90,85,83,84,0.0,0.0,12.5,67.0,0,0,0,
2026-07-23,04:22:40,maceta2,92,90,83,84,83,0.0,0.0,12.1,61.0,0,0,0,
2026-07-23,04:23:43,maceta1,88,90,85,84,84,0.0,0.0,12.5,66.4,0,0,0,
2026-07-23,04:23:43,maceta2,92,90,83,84,83,0.0,0.0,12.1,60.9,0,0,0,
2026-07-23,04:24:45,maceta1,89,91,85,84,84,0.0,0.0,12.5,67.2,0,0,0,
2026-07-23,04:24:45,maceta2,92,90,83,84,83,0.0,0.0,12.1,61.1,0,0,0,
2026-07-23,04:25:48,maceta1,89,92,84,83,83,0.0,0.0,12.5,68.6,0,0,0,
2026-07-23,04:25:48,maceta2,91,90,83,84,83,0.0,0.0,12.1,61.2,0,0,0,
2026-07-23,04:26:51,maceta1,89,90,84,83,83,0.0,0.0,12.5,68.8,0,0,0,
2026-07-23,04:26:51,maceta2,92,89,83,84,83,0.0,0.0,12.1,61.2,0,0,0,
2026-07-23,04:27:53,maceta1,88,89,84,84,84,0.0,0.0,12.5,67.5,0,0,0,
2026-07-23,04:27:53,maceta2,91,89,83,84,83,0.0,0.0,12.1,61.0,0,0,0,
2026-07-23,04:28:56,maceta1,88,90,85,84,84,0.0,0.0,12.5,67.6,0,0,0,
2026-07-23,04:28:56,maceta2,90,89,83,84,83,0.0,0.0,12.1,61.2,0,0,0,
2026-07-23,04:29:59,maceta1,88,90,85,84,84,0.0,0.0,12.5,67.8,0,0,0,
2026-07-23,04:29:59,maceta2,92,90,83,84,83,0.0,0.0,12.1,61.0,0,0,0,
2026-07-23,04:31:04,maceta1,88,90,85,84,84,0.0,0.0,12.5,67.8,0,0,0,
2026-07-23,04:31:04,maceta2,91,89,83,84,83,0.0,0.0,12.1,61.2,0,0,0,
2026-07-23,04:32:06,maceta1,88,90,85,84,84,0.0,0.0,12.5,67.3,0,0,0,
2026-07-23,04:32:06,maceta2,91,90,83,84,83,0.0,0.0,12.1,61.2,0,0,0,
2026-07-23,04:33:09,maceta1,89,91,85,84,84,0.0,0.0,12.5,67.2,0,0,0,
2026-07-23,04:33:09,maceta2,92,90,83,84,83,0.0,0.0,12.1,61.1,0,0,0,
2026-07-23,04:34:12,maceta1,88,91,85,83,84,0.0,0.0,12.5,67.0,0,0,0,
2026-07-23,04:34:12,maceta2,91,90,83,84,83,0.0,0.0,12.1,61.3,0,0,0,
2026-07-23,04:35:14,maceta1,88,91,85,83,84,0.0,0.0,12.5,68.7,0,0,0,
2026-07-23,04:35:14,maceta2,91,89,83,84,83,0.0,0.0,12.1,61.3,0,0,0,
2026-07-23,04:36:17,maceta1,88,90,85,83,84,0.0,0.0,12.5,68.3,0,0,0,
2026-07-23,04:36:17,maceta2,92,89,83,84,83,0.0,0.0,12.1,61.2,0,0,0,
2026-07-23,04:37:20,maceta1,88,90,85,84,84,0.0,0.0,12.5,67.9,0,0,0,
2026-07-23,04:37:20,maceta2,91,89,83,84,83,0.0,0.0,12.1,61.1,0,0,0,
2026-07-23,04:38:23,maceta1,88,89,85,84,84,0.0,0.0,12.5,67.2,0,0,0,
2026-07-23,04:38:23,maceta2,91,89,83,84,83,0.0,0.0,12.1,61.3,0,0,0,
2026-07-23,04:39:25,maceta1,89,91,85,84,84,0.0,0.0,12.5,66.8,0,0,0,
2026-07-23,04:39:25,maceta2,92,90,83,84,83,0.0,0.0,12.1,61.6,0,0,0,
2026-07-23,04:40:28,maceta1,88,90,85,84,84,0.0,0.0,12.5,67.3,0,0,0,
2026-07-23,04:40:28,maceta2,91,89,83,84,83,0.0,0.0,12.1,61.5,0,0,0,
2026-07-23,04:41:31,maceta1,88,90,85,84,84,0.0,0.0,12.5,67.1,0,0,0,
2026-07-23,04:41:31,maceta2,91,89,83,84,83,0.0,0.0,12.1,61.2,0,0,0,
2026-07-23,04:42:34,maceta1,88,90,85,84,84,0.0,0.0,12.5,68.0,0,0,0,
2026-07-23,04:42:34,maceta2,92,90,83,84,83,0.0,0.0,12.1,61.4,0,0,0,
2026-07-23,04:43:36,maceta1,88,90,85,84,84,0.0,0.0,12.5,68.0,0,0,0,
2026-07-23,04:43:36,maceta2,92,89,83,84,83,0.0,0.0,12.1,61.3,0,0,0,
2026-07-23,04:44:39,maceta1,88,90,85,84,84,0.0,0.0,12.5,67.5,0,0,0,
2026-07-23,04:44:39,maceta2,91,89,83,84,83,0.0,0.0,12.1,61.2,0,0,0,
2026-07-23,04:45:42,maceta1,88,90,85,84,84,0.0,0.0,12.5,66.9,0,0,0,
2026-07-23,04:45:42,maceta2,91,89,83,84,83,0.0,0.0,12.1,61.4,0,0,0,
2026-07-23,04:46:44,maceta1,89,91,85,84,84,0.0,0.0,12.5,67.1,0,0,0,
2026-07-23,04:46:44,maceta2,92,90,83,84,83,0.0,0.0,12.1,61.3,0,0,0,
2026-07-23,04:47:47,maceta1,87,90,85,84,84,0.0,0.0,12.5,68.1,0,0,0,
2026-07-23,04:47:47,maceta2,91,89,83,84,83,0.0,0.0,12.1,61.1,0,0,0,
2026-07-23,04:48:50,maceta1,88,90,85,84,84,0.0,0.0,12.5,66.7,0,0,0,
2026-07-23,04:48:50,maceta2,91,90,83,84,83,0.0,0.0,12.1,61.3,0,0,0,
2026-07-23,04:49:53,maceta1,88,90,85,84,84,0.0,0.0,12.5,67.3,0,0,0,
2026-07-23,04:49:53,maceta2,92,89,83,84,83,0.0,0.0,12.1,61.2,0,0,0,
2026-07-23,04:50:55,maceta1,88,91,85,84,84,0.0,0.0,12.5,67.1,0,0,0,
2026-07-23,04:50:55,maceta2,91,89,83,84,83,0.0,0.0,12.1,61.4,0,0,0,
2026-07-23,04:51:58,maceta1,88,90,85,84,84,0.0,0.0,12.5,67.0,0,0,0,
2026-07-23,04:51:58,maceta2,91,90,83,84,83,0.0,0.0,,,0,0,0,"Lectura invalida de DHT | Lectura invalida de DHT, se omite logica de ventilacion"
2026-07-23,04:53:01,maceta1,89,91,85,83,84,0.0,0.0,12.5,67.6,0,0,0,
2026-07-23,04:53:01,maceta2,91,90,83,84,83,0.0,0.0,12.1,61.2,0,0,0,
2026-07-23,04:54:03,maceta1,89,91,84,83,83,0.0,0.0,12.5,68.0,0,0,0,
2026-07-23,04:54:03,maceta2,91,90,83,84,83,0.0,0.0,12.1,61.2,0,0,0,
2026-07-23,04:55:06,maceta1,88,91,84,83,83,0.0,0.0,12.5,67.2,0,0,0,
2026-07-23,04:55:06,maceta2,91,90,83,84,83,0.0,0.0,12.1,61.5,0,0,0,
2026-07-23,04:56:09,maceta1,88,90,85,83,84,0.0,0.0,,,0,0,0,"Lectura invalida de DHT | Lectura invalida de DHT, se omite logica de ventilacion"
2026-07-23,04:56:09,maceta2,91,89,83,84,83,0.0,0.0,12.1,61.2,0,0,0,
2026-07-23,04:57:11,maceta1,88,90,85,84,84,0.0,0.0,12.5,67.7,0,0,0,
2026-07-23,04:57:11,maceta2,91,89,83,84,83,0.0,0.0,12.1,61.3,0,0,0,
2026-07-23,04:58:14,maceta1,89,91,85,84,84,0.0,0.0,12.5,66.9,0,0,0,
2026-07-23,04:58:14,maceta2,92,90,83,84,83,0.0,0.0,12.1,61.3,0,0,0,
2026-07-23,04:59:17,maceta1,88,90,85,84,84,0.0,0.0,12.5,66.6,0,0,0,
2026-07-23,04:59:17,maceta2,92,89,83,84,83,0.0,0.0,12.0,61.5,0,0,0,
2026-07-23,05:00:20,maceta1,88,90,85,84,84,0.0,0.0,12.5,67.1,0,0,0,
2026-07-23,05:00:20,maceta2,91,89,83,84,83,0.0,0.0,12.1,61.5,0,0,0,
2026-07-23,05:01:22,maceta1,87,90,85,84,84,0.0,0.0,12.5,68.4,0,0,0,
2026-07-23,05:01:22,maceta2,90,89,83,84,83,0.0,0.0,12.1,61.5,0,0,0,
2026-07-23,05:02:25,maceta1,87,90,85,84,84,0.0,0.0,12.5,67.8,0,0,0,
2026-07-23,05:02:25,maceta2,90,89,84,84,84,0.0,0.0,12.1,61.4,0,0,0,
2026-07-23,05:03:28,maceta1,88,90,85,84,84,0.0,0.0,12.5,67.5,0,0,0,
2026-07-23,05:03:28,maceta2,91,89,84,84,84,0.0,0.0,12.1,61.4,0,0,0,
2026-07-23,05:04:30,maceta1,89,90,85,84,84,0.0,0.0,12.5,66.7,0,0,0,
2026-07-23,05:04:30,maceta2,91,89,83,84,83,0.0,0.0,12.1,61.7,0,0,0,
2026-07-23,05:05:33,maceta1,88,90,85,84,84,0.0,0.0,12.5,67.0,0,0,0,
2026-07-23,05:05:33,maceta2,91,89,83,84,83,0.0,0.0,12.0,61.9,0,0,0,
2026-07-23,05:06:36,maceta1,88,91,85,84,84,0.0,0.0,12.5,66.6,0,0,0,
2026-07-23,05:06:36,maceta2,91,90,83,84,83,0.0,0.0,12.1,61.6,0,0,0,
2026-07-23,05:07:39,maceta1,88,90,85,84,84,0.0,0.0,12.5,66.7,0,0,0,
2026-07-23,05:07:39,maceta2,91,89,83,84,83,0.0,0.0,12.1,61.9,0,0,0,
2026-07-23,05:08:41,maceta1,89,90,85,84,84,0.0,0.0,12.5,66.4,0,0,0,
2026-07-23,05:08:41,maceta2,91,89,83,84,83,0.0,0.0,12.0,61.8,0,0,0,
2026-07-23,05:09:44,maceta1,89,90,84,84,84,0.0,0.0,12.5,67.1,0,0,0,
2026-07-23,05:09:44,maceta2,91,89,83,84,83,0.0,0.0,12.0,61.7,0,0,0,
2026-07-23,05:10:47,maceta1,88,91,84,84,84,0.0,0.0,12.5,66.6,0,0,0,
2026-07-23,05:10:47,maceta2,91,90,83,84,83,0.0,0.0,12.0,61.5,0,0,0,
2026-07-23,05:11:49,maceta1,87,90,85,84,84,0.0,0.0,,,0,0,0,"Lectura invalida de DHT | Lectura invalida de DHT, se omite logica de ventilacion"
2026-07-23,05:11:49,maceta2,91,90,83,84,83,0.0,0.0,12.0,61.7,0,0,0,
2026-07-23,05:12:52,maceta1,88,90,85,84,84,0.0,0.0,12.5,66.9,0,0,0,
2026-07-23,05:12:52,maceta2,90,89,83,84,83,0.0,0.0,12.0,61.5,0,0,0,
2026-07-23,05:13:55,maceta1,88,89,85,84,84,0.0,0.0,12.5,67.3,0,0,0,
2026-07-23,05:13:55,maceta2,91,89,83,84,83,0.0,0.0,12.0,61.6,0,0,0,
2026-07-23,05:14:58,maceta1,88,91,85,84,84,0.0,0.0,12.5,67.0,0,0,0,
2026-07-23,05:14:58,maceta2,92,90,83,84,83,0.0,0.0,12.0,61.5,0,0,0,
2026-07-23,05:16:00,maceta1,89,91,85,84,84,0.0,0.0,12.5,66.6,0,0,0,
2026-07-23,05:16:00,maceta2,92,90,83,84,83,0.0,0.0,12.0,61.6,0,0,0,
2026-07-23,05:17:03,maceta1,88,90,85,83,84,0.0,0.0,12.5,66.6,0,0,0,
2026-07-23,05:17:03,maceta2,90,89,83,84,83,0.0,0.0,12.0,61.7,0,0,0,
2026-07-23,05:18:06,maceta1,88,89,85,84,84,0.0,0.0,12.5,66.5,0,0,0,
2026-07-23,05:18:06,maceta2,90,89,83,84,83,0.0,0.0,12.1,61.5,0,0,0,
2026-07-23,05:19:09,maceta1,88,90,85,84,84,0.0,0.0,12.5,66.8,0,0,0,
2026-07-23,05:19:09,maceta2,90,90,84,84,84,0.0,0.0,12.0,61.6,0,0,0,
2026-07-23,05:20:11,maceta1,88,90,85,84,84,0.0,0.0,12.5,67.2,0,0,0,
2026-07-23,05:20:11,maceta2,91,89,84,84,84,0.0,0.0,12.1,61.8,0,0,0,
2026-07-23,05:21:14,maceta1,89,91,85,84,84,0.0,0.0,12.5,67.0,0,0,0,
2026-07-23,05:21:14,maceta2,92,90,83,84,83,0.0,0.0,12.0,61.7,0,0,0,
2026-07-23,05:22:17,maceta1,88,91,85,83,84,0.0,0.0,12.5,67.0,0,0,0,
2026-07-23,05:22:17,maceta2,91,90,83,84,83,0.0,0.0,12.0,61.6,0,0,0,
2026-07-23,05:23:19,maceta1,87,90,85,83,84,0.0,0.0,12.5,68.6,0,0,0,
2026-07-23,05:23:19,maceta2,91,90,83,84,83,0.0,0.0,12.0,61.7,0,0,0,
2026-07-23,05:24:32,maceta1,88,91,85,83,84,0.0,0.0,12.5,69.5,0,0,0,
2026-07-23,05:24:32,maceta2,91,90,83,84,83,0.0,0.0,12.1,61.6,0,0,0,
2026-07-23,05:25:35,maceta1,88,91,85,83,84,0.0,0.0,12.5,68.5,0,0,0,
2026-07-23,05:25:35,maceta2,91,90,83,84,83,0.0,0.0,12.0,61.8,0,0,0,
2026-07-23,05:26:38,maceta1,89,91,85,83,84,0.0,0.0,12.5,68.5,0,0,0,
2026-07-23,05:26:38,maceta2,92,90,83,84,83,0.0,0.0,12.0,61.7,0,0,0,
2026-07-23,05:27:40,maceta1,88,90,85,83,84,0.0,0.0,12.5,67.8,0,0,0,
2026-07-23,05:27:40,maceta2,90,89,83,84,83,0.0,0.0,12.0,61.6,0,0,0,
2026-07-23,05:28:43,maceta1,88,90,85,84,84,0.0,0.0,12.5,67.1,0,0,0,
2026-07-23,05:28:43,maceta2,90,89,83,84,83,0.0,0.0,12.0,61.7,0,0,0,
2026-07-23,05:29:46,maceta1,89,90,85,84,84,0.0,0.0,12.5,67.5,0,0,0,
2026-07-23,05:29:46,maceta2,92,89,83,84,83,0.0,0.0,12.0,61.5,0,0,0,
2026-07-23,05:30:49,maceta1,87,90,85,84,84,0.0,0.0,12.5,67.8,0,0,0,
2026-07-23,05:30:49,maceta2,91,89,83,84,83,0.0,0.0,12.0,61.5,0,0,0,
2026-07-23,05:31:51,maceta1,88,90,85,84,84,0.0,0.0,12.5,66.6,0,0,0,
2026-07-23,05:31:51,maceta2,90,89,83,84,83,0.0,0.0,12.0,61.7,0,0,0,
2026-07-23,05:32:54,maceta1,88,90,85,84,84,0.0,0.0,12.5,67.5,0,0,0,
2026-07-23,05:32:54,maceta2,91,89,83,84,83,0.0,0.0,12.0,61.8,0,0,0,
2026-07-23,05:33:57,maceta1,88,91,85,84,84,0.0,0.0,12.5,67.2,0,0,0,
2026-07-23,05:33:57,maceta2,92,90,83,84,83,0.0,0.0,12.0,62.1,0,0,0,
2026-07-23,05:34:59,maceta1,89,90,85,84,84,0.0,0.0,12.5,68.3,0,0,0,
2026-07-23,05:34:59,maceta2,92,90,83,84,83,0.0,0.0,12.0,62.0,0,0,0,
2026-07-23,05:36:02,maceta1,87,90,85,84,84,0.0,0.0,12.5,67.5,0,0,0,
2026-07-23,05:36:02,maceta2,91,89,83,84,83,0.0,0.0,12.0,62.0,0,0,0,
2026-07-23,05:37:05,maceta1,88,90,85,84,84,0.0,0.0,12.5,68.4,0,0,0,
2026-07-23,05:37:05,maceta2,92,89,83,84,83,0.0,0.0,12.0,61.8,0,0,0,
2026-07-23,05:38:07,maceta1,88,90,85,84,84,0.0,0.0,12.5,67.5,0,0,0,
2026-07-23,05:38:07,maceta2,91,89,83,84,83,0.0,0.0,12.0,61.8,0,0,0,
2026-07-23,05:39:10,maceta1,88,90,85,84,84,0.0,0.0,12.5,67.2,0,0,0,
2026-07-23,05:39:10,maceta2,91,89,83,84,83,0.0,0.0,12.0,61.7,0,0,0,
2026-07-23,05:40:13,maceta1,88,90,85,84,84,0.0,0.0,12.5,66.5,0,0,0,
2026-07-23,05:40:13,maceta2,90,89,83,84,83,0.0,0.0,12.0,61.8,0,0,0,
2026-07-23,05:41:16,maceta1,88,90,85,84,84,0.0,0.0,12.5,67.3,0,0,0,
2026-07-23,05:41:16,maceta2,91,90,83,84,83,0.0,0.0,12.0,61.7,0,0,0,
2026-07-23,05:42:18,maceta1,89,91,85,84,84,0.0,0.0,12.5,67.2,0,0,0,
2026-07-23,05:42:18,maceta2,91,90,83,84,83,0.0,0.0,12.0,61.7,0,0,0,
2026-07-23,05:43:21,maceta1,88,91,85,83,84,0.0,0.0,12.5,68.0,0,0,0,
2026-07-23,05:43:21,maceta2,91,90,83,84,83,0.0,0.0,12.0,61.6,0,0,0,
2026-07-23,05:44:24,maceta1,88,91,85,83,84,0.0,0.0,12.5,67.7,0,0,0,
2026-07-23,05:44:24,maceta2,91,90,83,84,83,0.0,0.0,12.0,62.0,0,0,0,
2026-07-23,05:45:26,maceta1,88,90,85,83,84,0.0,0.0,12.5,67.9,0,0,0,
2026-07-23,05:45:26,maceta2,91,90,83,84,83,0.0,0.0,12.0,61.6,0,0,0,
2026-07-23,05:46:29,maceta1,89,90,85,84,84,0.0,0.0,12.5,68.4,0,0,0,
2026-07-23,05:46:29,maceta2,92,90,83,84,83,0.0,0.0,12.0,61.9,0,0,0,
2026-07-23,05:47:32,maceta1,88,91,85,84,84,0.0,0.0,12.5,68.5,0,0,0,
2026-07-23,05:47:32,maceta2,91,89,83,84,83,0.0,0.0,12.0,61.7,0,0,0,
2026-07-23,05:48:35,maceta1,88,90,85,84,84,0.0,0.0,12.5,69.1,0,0,0,
2026-07-23,05:48:35,maceta2,91,90,83,84,83,0.0,0.0,12.0,61.9,0,0,0,
2026-07-23,05:49:37,maceta1,89,91,85,83,84,0.0,0.0,,,0,0,0,"Lectura invalida de DHT | Lectura invalida de DHT, se omite logica de ventilacion"
2026-07-23,05:49:37,maceta2,92,90,83,84,83,0.0,0.0,12.0,61.8,0,0,0,
2026-07-23,05:50:40,maceta1,89,91,84,83,83,0.0,0.0,12.5,67.8,0,0,0,
2026-07-23,05:50:40,maceta2,92,90,83,84,83,0.0,0.0,12.0,61.6,0,0,0,
2026-07-23,05:51:43,maceta1,88,91,84,83,83,0.0,0.0,12.5,68.2,0,0,0,
2026-07-23,05:51:43,maceta2,92,90,83,84,83,0.0,0.0,12.0,61.6,0,0,0,
2026-07-23,05:52:45,maceta1,88,90,85,83,84,0.0,0.0,12.5,67.8,0,0,0,
2026-07-23,05:52:45,maceta2,91,90,83,84,83,0.0,0.0,12.1,61.7,0,0,0,
2026-07-23,05:53:48,maceta1,88,90,85,84,84,0.0,0.0,12.5,67.3,0,0,0,
2026-07-23,05:53:48,maceta2,91,89,83,84,83,0.0,0.0,12.0,61.9,0,0,0,
2026-07-23,05:54:51,maceta1,89,91,85,84,84,0.0,0.0,12.5,66.9,0,0,0,
2026-07-23,05:54:51,maceta2,92,90,83,84,83,0.0,0.0,12.0,61.9,0,0,0,
2026-07-23,05:55:53,maceta1,89,90,84,84,84,0.0,0.0,12.5,67.3,0,0,0,
2026-07-23,05:55:53,maceta2,91,89,83,84,83,0.0,0.0,12.0,61.8,0,0,0,
2026-07-23,05:56:56,maceta1,89,91,84,83,83,0.0,0.0,12.5,66.3,0,0,0,
2026-07-23,05:56:56,maceta2,92,90,83,84,83,0.0,0.0,12.0,61.8,0,0,0,
2026-07-23,05:57:59,maceta1,88,90,84,84,84,0.0,0.0,12.5,67.6,0,0,0,
2026-07-23,05:57:59,maceta2,90,89,83,84,83,0.0,0.0,12.0,61.9,0,0,0,
2026-07-23,05:59:02,maceta1,89,91,84,83,83,0.0,0.0,12.5,67.7,0,0,0,
2026-07-23,05:59:02,maceta2,91,90,83,84,83,0.0,0.0,12.0,62.0,0,0,0,
2026-07-23,06:00:04,maceta1,88,90,85,84,84,0.0,0.0,12.5,67.0,0,0,0,
2026-07-23,06:00:04,maceta2,90,89,84,84,84,0.0,0.0,12.0,62.1,0,0,0,
2026-07-23,06:01:07,maceta1,88,90,85,84,84,0.0,0.0,12.5,67.6,0,0,0,
2026-07-23,06:01:07,maceta2,91,89,83,84,83,0.0,0.0,12.0,61.9,0,0,0,
2026-07-23,06:02:10,maceta1,88,90,85,84,84,0.0,0.0,12.5,67.9,0,0,0,
2026-07-23,06:02:10,maceta2,91,89,83,84,83,0.0,0.0,12.0,61.6,0,0,0,
2026-07-23,06:03:12,maceta1,89,91,85,84,84,0.0,0.0,12.5,68.5,0,0,0,
2026-07-23,06:03:12,maceta2,92,90,83,84,83,0.0,0.0,12.0,61.8,0,0,0,
2026-07-23,06:04:15,maceta1,89,91,84,83,83,0.0,0.0,12.5,67.5,0,0,0,
2026-07-23,06:04:15,maceta2,92,91,83,84,83,0.0,0.0,12.0,61.7,0,0,0,
2026-07-23,06:05:18,maceta1,88,90,84,83,83,0.0,0.0,12.5,67.5,0,0,0,
2026-07-23,06:05:18,maceta2,91,89,83,84,83,0.0,0.0,12.0,61.9,0,0,0,
2026-07-23,06:06:21,maceta1,88,91,85,83,84,0.0,0.0,12.5,69.1,0,0,0,
2026-07-23,06:06:21,maceta2,91,89,83,84,83,0.0,0.0,12.0,61.9,0,0,0,
2026-07-23,06:07:23,maceta1,88,91,85,83,84,0.0,0.0,12.5,68.0,0,0,0,
2026-07-23,06:07:23,maceta2,92,91,83,84,83,0.0,0.0,12.0,61.9,0,0,0,
2026-07-23,06:08:26,maceta1,89,90,85,83,84,0.0,0.0,12.5,67.9,0,0,0,
2026-07-23,06:08:26,maceta2,92,90,83,84,83,0.0,0.0,12.0,62.1,0,0,0,
2026-07-23,06:09:29,maceta1,88,91,85,83,84,0.0,0.0,12.5,67.8,0,0,0,
2026-07-23,06:09:29,maceta2,91,89,83,84,83,0.0,0.0,12.0,62.0,0,0,0,
2026-07-23,06:10:31,maceta1,89,91,84,83,83,0.0,0.0,12.5,68.2,0,0,0,
2026-07-23,06:10:31,maceta2,92,90,83,84,83,0.0,0.0,12.0,62.1,0,0,0,
2026-07-23,06:11:34,maceta1,89,91,84,83,83,0.0,0.0,12.5,67.7,0,0,0,
2026-07-23,06:11:34,maceta2,92,90,83,84,83,0.0,0.0,12.0,62.1,0,0,0,
2026-07-23,06:12:37,maceta1,88,90,84,83,83,0.0,0.0,12.5,67.6,0,0,0,
2026-07-23,06:12:37,maceta2,91,89,83,84,83,0.0,0.0,12.0,62.1,0,0,0,
2026-07-23,06:13:39,maceta1,88,90,85,84,84,0.0,0.0,12.5,68.0,0,0,0,
2026-07-23,06:13:39,maceta2,91,89,83,84,83,0.0,0.0,12.0,61.9,0,0,0,
2026-07-23,06:14:42,maceta1,88,91,85,84,84,0.0,0.0,12.5,67.4,0,0,0,
2026-07-23,06:14:42,maceta2,92,90,83,84,83,0.0,0.0,12.0,61.9,0,0,0,
2026-07-23,06:15:45,maceta1,89,91,85,83,84,0.0,0.0,12.5,67.4,0,0,0,
2026-07-23,06:15:45,maceta2,91,90,83,84,83,0.0,0.0,12.0,62.3,0,0,0,
2026-07-23,06:16:48,maceta1,88,90,85,83,84,0.0,0.0,12.4,67.5,0,0,0,
2026-07-23,06:16:48,maceta2,91,90,83,84,83,0.0,0.0,12.0,62.0,0,0,0,
2026-07-23,06:17:50,maceta1,89,90,84,84,84,0.0,0.0,12.4,67.2,0,0,0,
2026-07-23,06:17:50,maceta2,91,89,83,84,83,0.0,0.0,12.0,61.9,0,0,0,
2026-07-23,06:18:53,maceta1,89,91,84,84,84,0.0,0.0,12.4,67.1,0,0,0,
2026-07-23,06:18:53,maceta2,92,90,83,84,83,0.0,0.0,12.0,61.9,0,0,0,
2026-07-23,06:19:56,maceta1,88,90,84,84,84,0.0,0.0,12.4,67.2,0,0,0,
2026-07-23,06:19:56,maceta2,91,89,83,84,83,0.0,0.0,12.0,61.9,0,0,0,
2026-07-23,06:20:59,maceta1,88,90,85,84,84,0.0,0.0,12.5,66.8,0,0,0,
2026-07-23,06:20:59,maceta2,91,89,83,84,83,0.0,0.0,12.0,61.9,0,0,0,
2026-07-23,06:22:01,maceta1,88,91,85,84,84,0.0,0.0,12.4,68.9,0,0,0,
2026-07-23,06:22:01,maceta2,91,89,83,84,83,0.0,0.0,,,0,0,0,"Lectura invalida de DHT | Lectura invalida de DHT, se omite logica de ventilacion"
2026-07-23,06:23:04,maceta1,88,90,85,84,84,0.0,0.0,12.5,67.2,0,0,0,
2026-07-23,06:23:04,maceta2,91,89,83,84,83,0.0,0.0,12.0,62.2,0,0,0,
2026-07-23,06:24:07,maceta1,90,91,84,83,83,0.0,0.0,12.4,67.9,0,0,0,
2026-07-23,06:24:07,maceta2,92,90,83,84,83,0.0,0.0,12.0,62.2,0,0,0,
2026-07-23,06:25:09,maceta1,88,90,84,84,84,0.0,0.0,12.4,66.6,0,0,0,
2026-07-23,06:25:09,maceta2,92,90,83,84,83,0.0,0.0,12.0,62.5,0,0,0,
2026-07-23,06:26:12,maceta1,88,90,84,84,84,0.0,0.0,12.4,67.5,0,0,0,
2026-07-23,06:26:12,maceta2,91,89,83,84,83,0.0,0.0,12.0,62.3,0,0,0,
2026-07-23,06:27:15,maceta1,89,91,85,84,84,0.0,0.0,12.4,66.6,0,0,0,
2026-07-23,06:27:15,maceta2,91,90,83,84,83,0.0,0.0,12.0,62.2,0,0,0,
2026-07-23,06:28:18,maceta1,88,91,85,83,84,0.0,0.0,12.4,66.9,0,0,0,
2026-07-23,06:28:18,maceta2,91,89,83,84,83,0.0,0.0,12.0,62.0,0,0,0,
2026-07-23,06:29:20,maceta1,89,91,84,83,83,0.0,0.0,12.4,67.8,0,0,0,
2026-07-23,06:29:20,maceta2,91,90,83,84,83,0.0,0.0,12.0,62.1,0,0,0,
2026-07-23,06:30:23,maceta1,88,90,85,83,84,0.0,0.0,12.4,67.7,0,0,0,
2026-07-23,06:30:23,maceta2,91,89,83,84,83,0.0,0.0,12.0,62.2,0,0,0,
2026-07-23,06:31:26,maceta1,89,91,84,83,83,0.0,0.0,12.4,67.6,0,0,0,
2026-07-23,06:31:26,maceta2,92,90,83,84,83,0.0,0.0,12.0,62.4,0,0,0,
2026-07-23,06:32:29,maceta1,88,91,85,83,84,0.0,0.0,12.4,68.1,0,0,0,
2026-07-23,06:32:29,maceta2,92,90,83,84,83,0.0,0.0,12.0,62.2,0,0,0,
2026-07-23,06:33:32,maceta1,88,91,85,83,84,0.0,0.0,12.4,68.1,0,0,0,
2026-07-23,06:33:32,maceta2,92,90,83,84,83,0.0,0.0,12.0,62.0,0,0,0,
2026-07-23,06:34:35,maceta1,89,91,85,83,84,0.0,0.0,12.4,67.8,0,0,0,
2026-07-23,06:34:35,maceta2,91,90,83,84,83,0.0,0.0,12.0,62.0,0,0,0,
2026-07-23,06:35:37,maceta1,88,90,85,83,84,0.0,0.0,12.4,67.9,0,0,0,
2026-07-23,06:35:37,maceta2,91,89,83,84,83,0.0,0.0,12.0,62.2,0,0,0,
2026-07-23,06:36:40,maceta1,88,91,85,83,84,0.0,0.0,12.4,68.0,0,0,0,
2026-07-23,06:36:40,maceta2,91,90,83,84,83,0.0,0.0,12.0,62.3,0,0,0,
2026-07-23,06:37:43,maceta1,88,90,85,84,84,0.0,0.0,12.4,67.3,0,0,0,
2026-07-23,06:37:43,maceta2,91,89,83,84,83,0.0,0.0,12.0,62.1,0,0,0,
2026-07-23,06:38:45,maceta1,88,90,85,84,84,0.0,0.0,12.4,67.8,0,0,0,
2026-07-23,06:38:45,maceta2,92,90,83,84,83,0.0,0.0,12.0,62.3,0,0,0,
2026-07-23,06:39:48,maceta1,87,91,85,84,84,0.0,0.0,12.4,67.8,0,0,0,
2026-07-23,06:39:48,maceta2,92,90,83,84,83,0.0,0.0,12.0,62.1,0,0,0,
2026-07-23,06:40:51,maceta1,89,91,85,83,84,0.0,0.0,12.4,67.6,0,0,0,
2026-07-23,06:40:51,maceta2,91,90,83,84,83,0.0,0.0,12.0,62.5,0,0,0,
2026-07-23,06:41:54,maceta1,89,91,85,83,84,0.0,0.0,12.4,66.7,0,0,0,
2026-07-23,06:41:54,maceta2,92,90,83,84,83,0.0,0.0,12.0,62.4,0,0,0,
2026-07-23,06:42:56,maceta1,90,91,84,83,83,0.0,0.0,12.4,66.9,0,0,0,
2026-07-23,06:42:56,maceta2,92,90,83,84,83,0.0,0.0,12.0,62.4,0,0,0,
2026-07-23,06:43:59,maceta1,89,91,84,83,83,0.0,0.0,12.4,67.6,0,0,0,
2026-07-23,06:43:59,maceta2,92,90,83,84,83,0.0,0.0,12.0,62.3,0,0,0,
2026-07-23,06:45:02,maceta1,89,91,84,83,83,0.0,0.0,12.4,67.3,0,0,0,
2026-07-23,06:45:02,maceta2,92,89,83,84,83,0.0,0.0,12.0,62.1,0,0,0,
2026-07-23,06:46:04,maceta1,88,91,84,83,83,0.0,0.0,12.4,67.6,0,0,0,
2026-07-23,06:46:04,maceta2,92,90,83,84,83,0.0,0.0,12.0,62.0,0,0,0,
2026-07-23,06:47:07,maceta1,89,91,84,83,83,0.0,0.0,12.4,67.2,0,0,0,
2026-07-23,06:47:07,maceta2,92,90,83,84,83,0.0,0.0,12.0,62.2,0,0,0,
2026-07-23,06:48:10,maceta1,88,91,85,83,84,0.0,0.0,12.4,67.6,0,0,0,
2026-07-23,06:48:10,maceta2,91,90,83,84,83,0.0,0.0,12.0,62.1,0,0,0,
2026-07-23,06:49:13,maceta1,89,92,84,83,83,0.0,0.0,12.4,66.9,0,0,0,
2026-07-23,06:49:13,maceta2,92,91,83,84,83,0.0,0.0,12.0,62.4,0,0,0,
2026-07-23,06:50:15,maceta1,89,91,84,83,83,0.0,0.0,,,0,0,0,"Lectura invalida de DHT | Lectura invalida de DHT, se omite logica de ventilacion"
2026-07-23,06:50:15,maceta2,91,90,83,84,83,0.0,0.0,12.0,62.3,0,0,0,
2026-07-23,06:51:18,maceta1,88,90,84,83,83,0.0,0.0,12.4,67.5,0,0,0,
2026-07-23,06:51:18,maceta2,91,89,83,84,83,0.0,0.0,12.0,62.2,0,0,0,
2026-07-23,06:52:21,maceta1,88,90,85,84,84,0.0,0.0,12.3,67.8,0,0,0,
2026-07-23,06:52:21,maceta2,92,90,83,84,83,0.0,0.0,12.0,62.0,0,0,0,
2026-07-23,06:53:23,maceta1,89,92,85,83,84,0.0,0.0,12.4,67.5,0,0,0,
2026-07-23,06:53:23,maceta2,92,90,83,84,83,0.0,0.0,12.0,62.2,0,0,0,
2026-07-23,06:54:26,maceta1,89,90,84,83,83,0.0,0.0,12.4,67.3,0,0,0,
2026-07-23,06:54:26,maceta2,91,89,83,84,83,0.0,0.0,12.0,62.1,0,0,0,
2026-07-23,06:55:29,maceta1,89,92,84,83,83,0.0,0.0,12.4,66.5,0,0,0,
2026-07-23,06:55:29,maceta2,92,90,83,84,83,0.0,0.0,12.0,62.2,0,0,0,
2026-07-23,06:56:31,maceta1,88,90,84,83,83,0.0,0.0,12.4,67.5,0,0,0,
2026-07-23,06:56:31,maceta2,91,89,83,84,83,0.0,0.0,12.0,62.1,0,0,0,
2026-07-23,06:57:34,maceta1,88,90,85,83,84,0.0,0.0,12.4,67.0,0,0,0,
2026-07-23,06:57:34,maceta2,91,89,83,84,83,0.0,0.0,12.0,62.0,0,0,0,
2026-07-23,06:58:37,maceta1,89,92,85,83,84,0.0,0.0,12.4,66.9,0,0,0,
2026-07-23,06:58:37,maceta2,91,90,83,84,83,0.0,0.0,12.0,62.3,0,0,0,
2026-07-23,06:59:40,maceta1,89,92,84,83,83,0.0,0.0,12.4,67.1,0,0,0,
2026-07-23,06:59:40,maceta2,92,90,83,84,83,0.0,0.0,12.0,62.0,0,0,0,
2026-07-23,07:00:42,maceta1,88,91,84,83,83,0.0,0.0,12.3,67.0,0,0,0,
2026-07-23,07:00:42,maceta2,92,90,83,84,83,0.0,0.0,12.0,62.0,0,0,0,
2026-07-23,07:01:45,maceta1,88,90,85,83,84,0.0,0.0,12.3,67.8,0,0,0,
2026-07-23,07:01:45,maceta2,91,89,83,84,83,0.0,0.0,12.0,62.2,0,0,0,
2026-07-23,07:02:48,maceta1,89,91,85,83,84,0.0,0.0,12.4,67.7,0,0,0,
2026-07-23,07:02:48,maceta2,93,90,83,84,83,0.0,0.0,12.0,62.3,0,0,0,
2026-07-23,07:03:50,maceta1,88,90,85,84,84,0.0,0.0,12.4,67.5,0,0,0,
2026-07-23,07:03:50,maceta2,91,90,83,84,83,0.0,0.0,12.0,62.3,0,0,0,
2026-07-23,07:04:53,maceta1,89,91,84,83,83,0.0,0.0,12.4,67.7,0,0,0,
2026-07-23,07:04:53,maceta2,93,90,82,84,83,0.0,0.0,12.0,62.3,0,0,0,
2026-07-23,07:05:56,maceta1,89,91,84,83,83,0.0,0.0,12.4,68.0,0,0,0,
2026-07-23,07:05:56,maceta2,92,90,83,84,83,0.0,0.0,12.0,62.0,0,0,0,
2026-07-23,07:06:59,maceta1,89,90,84,83,83,0.0,0.0,12.4,68.0,0,0,0,
2026-07-23,07:06:59,maceta2,92,89,82,84,83,0.0,0.0,12.0,62.0,0,0,0,
2026-07-23,07:08:01,maceta1,88,90,84,84,84,0.0,0.0,12.4,68.2,0,0,0,
2026-07-23,07:08:01,maceta2,90,89,83,84,83,0.0,0.0,12.0,62.1,0,0,0,
2026-07-23,07:09:04,maceta1,89,91,84,84,84,0.0,0.0,12.4,67.4,0,0,0,
2026-07-23,07:09:04,maceta2,91,89,83,84,83,0.0,0.0,12.0,62.3,0,0,0,
2026-07-23,07:10:07,maceta1,88,90,85,84,84,0.0,0.0,12.4,68.3,0,0,0,
2026-07-23,07:10:07,maceta2,91,89,83,84,83,0.0,0.0,12.0,62.1,0,0,0,
2026-07-23,07:11:09,maceta1,89,92,84,83,83,0.0,0.0,12.4,67.1,0,0,0,
2026-07-23,07:11:09,maceta2,92,90,83,84,83,0.0,0.0,12.0,62.1,0,0,0,
2026-07-23,07:12:12,maceta1,89,91,84,83,83,0.0,0.0,12.4,68.3,0,0,0,
2026-07-23,07:12:12,maceta2,92,90,83,84,83,0.0,0.0,12.0,62.1,0,0,0,
2026-07-23,07:13:15,maceta1,88,90,84,83,83,0.0,0.0,12.4,67.2,0,0,0,
2026-07-23,07:13:15,maceta2,90,89,83,84,83,0.0,0.0,12.0,62.1,0,0,0,
2026-07-23,07:14:18,maceta1,89,91,84,83,83,0.0,0.0,12.4,67.2,0,0,0,
2026-07-23,07:14:18,maceta2,92,90,83,84,83,0.0,0.0,12.0,62.2,0,0,0,
2026-07-23,07:15:20,maceta1,89,92,84,83,83,0.0,0.0,12.4,67.3,0,0,0,
2026-07-23,07:15:20,maceta2,91,90,83,84,83,0.0,0.0,12.0,62.3,0,0,0,
2026-07-23,07:16:23,maceta1,87,90,85,83,84,0.0,0.0,12.4,67.2,0,0,0,
2026-07-23,07:16:23,maceta2,90,90,83,84,83,0.0,0.0,12.0,62.2,0,0,0,
2026-07-23,07:17:28,maceta1,89,90,85,83,84,0.0,0.0,12.4,67.9,0,0,0,
2026-07-23,07:17:28,maceta2,91,89,83,84,83,0.0,0.0,12.0,62.3,0,0,0,
2026-07-23,07:18:30,maceta1,88,90,85,84,84,0.0,0.0,12.3,67.6,0,0,0,
2026-07-23,07:18:30,maceta2,89,89,84,84,84,0.0,0.0,,,0,0,0,"Lectura invalida de DHT | Lectura invalida de DHT, se omite logica de ventilacion"
2026-07-23,07:19:33,maceta1,89,91,84,84,84,0.0,0.0,12.3,67.5,0,0,0,
2026-07-23,07:19:33,maceta2,91,89,84,84,84,0.0,0.0,12.0,62.4,0,0,0,
2026-07-23,07:20:36,maceta1,89,91,84,83,83,0.0,0.0,12.3,67.6,0,0,0,
2026-07-23,07:20:36,maceta2,92,90,83,84,83,0.0,0.0,12.0,62.3,0,0,0,
2026-07-23,07:21:38,maceta1,88,90,84,83,83,0.0,0.0,12.3,67.1,0,0,0,
2026-07-23,07:21:38,maceta2,91,89,83,84,83,0.0,0.0,12.0,62.2,0,0,0,
2026-07-23,07:22:41,maceta1,89,91,84,83,83,0.0,0.0,12.3,67.4,0,0,0,
2026-07-23,07:22:41,maceta2,91,89,83,84,83,0.0,0.0,12.0,62.1,0,0,0,
2026-07-23,07:23:44,maceta1,88,90,85,84,84,0.0,0.0,12.4,69.1,0,0,0,
2026-07-23,07:23:44,maceta2,91,89,83,84,83,0.0,0.0,12.0,62.0,0,0,0,
2026-07-23,07:24:47,maceta1,89,92,84,83,83,0.0,0.0,12.3,68.5,0,0,0,
2026-07-23,07:24:47,maceta2,92,90,83,84,83,0.0,0.0,12.0,62.3,0,0,0,
2026-07-23,07:25:50,maceta1,88,90,85,83,84,0.0,0.0,12.3,68.2,0,0,0,
2026-07-23,07:25:50,maceta2,91,89,83,84,83,0.0,0.0,12.0,62.5,0,0,0,
2026-07-23,07:26:53,maceta1,89,91,84,83,83,0.0,0.0,12.3,67.7,0,0,0,
2026-07-23,07:26:53,maceta2,92,91,83,84,83,0.0,0.0,12.0,62.2,0,0,0,
2026-07-23,07:27:56,maceta1,89,91,84,83,83,0.0,0.0,12.3,67.6,0,0,0,
2026-07-23,07:27:56,maceta2,92,89,83,84,83,0.0,0.0,12.0,61.9,0,0,0,
2026-07-23,07:28:59,maceta1,89,92,84,83,83,0.0,0.0,12.3,67.2,0,0,0,
2026-07-23,07:28:59,maceta2,92,90,83,84,83,0.0,0.0,,,0,0,0,"Lectura invalida de DHT | Lectura invalida de DHT, se omite logica de ventilacion"
2026-07-23,07:30:02,maceta1,88,90,84,83,83,0.0,0.0,12.3,68.7,0,0,0,
2026-07-23,07:30:02,maceta2,91,89,83,84,83,0.0,0.0,12.0,62.2,0,0,0,
2026-07-23,07:31:05,maceta1,88,91,85,83,84,0.0,0.0,12.4,67.6,0,0,0,
2026-07-23,07:31:05,maceta2,92,90,83,84,83,0.0,0.0,12.0,62.2,0,0,0,
2026-07-23,07:32:18,maceta1,89,91,85,83,84,0.0,0.0,12.3,67.6,0,0,0,
2026-07-23,07:32:18,maceta2,91,89,83,84,83,0.0,0.0,12.0,62.3,0,0,0,
2026-07-23,07:33:21,maceta1,89,92,84,83,83,0.0,0.0,12.3,67.4,0,0,0,
2026-07-23,07:33:21,maceta2,92,91,83,84,83,0.0,0.0,12.0,62.4,0,0,0,
2026-07-23,07:34:24,maceta1,89,91,84,83,83,0.0,0.0,12.3,66.7,0,0,0,
2026-07-23,07:34:24,maceta2,93,90,83,84,83,0.0,0.0,12.0,62.2,0,0,0,
2026-07-23,07:35:26,maceta1,89,91,84,83,83,0.0,0.0,12.3,67.1,0,0,0,
2026-07-23,07:35:26,maceta2,92,89,82,84,83,0.0,0.0,12.0,62.2,0,0,0,
2026-07-23,07:36:29,maceta1,88,90,84,83,83,0.0,0.0,12.3,67.4,0,0,0,
2026-07-23,07:36:29,maceta2,91,89,83,84,83,0.0,0.0,12.0,62.2,0,0,0,
2026-07-23,07:37:32,maceta1,88,91,85,83,84,0.0,0.0,,,0,0,0,"Lectura invalida de DHT | Lectura invalida de DHT, se omite logica de ventilacion"
2026-07-23,07:37:32,maceta2,91,90,83,84,83,0.0,0.0,12.0,62.0,0,0,0,
2026-07-23,07:38:34,maceta1,89,91,85,83,84,0.0,0.0,12.3,67.4,0,0,0,
2026-07-23,07:38:34,maceta2,91,90,83,84,83,0.0,0.0,12.0,61.9,0,0,0,
2026-07-23,07:39:37,maceta1,88,90,85,83,84,0.0,0.0,12.3,67.2,0,0,0,
2026-07-23,07:39:37,maceta2,91,89,83,84,83,0.0,0.0,12.0,62.1,0,0,0,
2026-07-23,07:40:40,maceta1,89,90,84,84,84,0.0,0.0,12.3,67.3,0,0,0,
2026-07-23,07:40:40,maceta2,92,90,83,84,83,0.0,0.0,12.0,62.2,0,0,0,
2026-07-23,07:41:42,maceta1,88,90,85,84,84,0.0,0.0,12.3,68.6,0,0,0,
2026-07-23,07:41:42,maceta2,91,89,83,84,83,0.0,0.0,12.0,62.1,0,0,0,
2026-07-23,07:42:45,maceta1,89,91,84,84,84,0.0,0.0,12.4,69.5,0,0,0,
2026-07-23,07:42:45,maceta2,93,90,83,84,83,0.0,0.0,12.0,62.2,0,0,0,
2026-07-23,07:43:48,maceta1,88,90,85,84,84,0.0,0.0,12.3,68.0,0,0,0,
2026-07-23,07:43:48,maceta2,91,89,83,84,83,0.0,0.0,12.0,62.0,0,0,0,
2026-07-23,07:44:51,maceta1,88,90,85,84,84,0.0,0.0,12.3,68.2,0,0,0,
2026-07-23,07:44:51,maceta2,91,89,83,84,83,0.0,0.0,12.0,62.3,0,0,0,
2026-07-23,07:45:53,maceta1,88,91,85,84,84,0.0,0.0,,,0,0,0,"Lectura invalida de DHT | Lectura invalida de DHT, se omite logica de ventilacion"
2026-07-23,07:45:53,maceta2,91,90,83,84,83,0.0,0.0,12.0,62.1,0,0,0,
2026-07-23,07:46:56,maceta1,89,91,85,83,84,0.0,0.0,12.3,68.7,0,0,0,
2026-07-23,07:46:56,maceta2,93,90,83,84,83,0.0,0.0,12.0,62.5,0,0,0,
2026-07-23,07:47:59,maceta1,89,91,84,83,83,0.0,0.0,12.3,69.0,0,0,0,
2026-07-23,07:47:59,maceta2,92,91,83,84,83,0.0,0.0,12.0,62.2,0,0,0,
2026-07-23,07:49:02,maceta1,88,91,84,83,83,0.0,0.0,12.3,68.2,0,0,0,
2026-07-23,07:49:02,maceta2,92,90,82,84,83,0.0,0.0,12.0,62.5,0,0,0,
2026-07-23,07:50:04,maceta1,88,90,85,83,84,0.0,0.0,12.3,68.4,0,0,0,
2026-07-23,07:50:04,maceta2,91,89,83,84,83,0.0,0.0,12.0,62.4,0,0,0,
2026-07-23,07:51:07,maceta1,89,91,85,83,84,0.0,0.0,12.3,68.7,0,0,0,
2026-07-23,07:51:07,maceta2,92,90,83,84,83,0.0,0.0,12.0,62.4,0,0,0,
2026-07-23,07:52:10,maceta1,89,91,84,83,83,0.0,0.0,12.3,68.7,0,0,0,
2026-07-23,07:52:10,maceta2,91,90,83,84,83,0.0,0.0,12.0,62.6,0,0,0,
2026-07-23,07:53:12,maceta1,89,91,84,83,83,0.0,0.0,,,0,0,0,"Lectura invalida de DHT | Lectura invalida de DHT, se omite logica de ventilacion"
2026-07-23,07:53:12,maceta2,92,90,83,84,83,0.0,0.0,12.0,62.4,0,0,0,
2026-07-23,07:54:15,maceta1,89,91,84,83,83,0.0,0.0,12.3,68.3,0,0,0,
2026-07-23,07:54:15,maceta2,92,89,83,84,83,0.0,0.0,12.0,62.2,0,0,0,
2026-07-23,07:55:18,maceta1,88,91,84,83,83,0.0,0.0,12.3,68.3,0,0,0,
2026-07-23,07:55:18,maceta2,92,90,83,84,83,0.0,0.0,12.0,62.3,0,0,0,
2026-07-23,07:56:21,maceta1,89,91,84,83,83,0.0,0.0,,,0,0,0,"Lectura invalida de DHT | Lectura invalida de DHT, se omite logica de ventilacion"
2026-07-23,07:56:21,maceta2,92,90,83,84,83,0.0,0.0,12.0,62.2,0,0,0,
2026-07-23,07:57:23,maceta1,89,91,84,83,83,0.0,0.0,12.3,68.0,0,0,0,
2026-07-23,07:57:23,maceta2,92,91,83,84,83,0.0,0.0,12.0,62.2,0,0,0,
2026-07-23,07:58:36,maceta1,89,91,84,83,83,0.0,0.0,12.3,67.8,0,0,0,
2026-07-23,07:58:36,maceta2,92,90,83,84,83,0.0,0.0,,,0,0,0,"Lectura invalida de DHT | Lectura invalida de DHT, se omite logica de ventilacion"
2026-07-23,07:59:39,maceta1,88,91,84,83,83,0.0,0.0,12.3,67.7,0,0,0,
2026-07-23,07:59:39,maceta2,91,89,83,84,83,0.0,0.0,12.0,62.4,0,0,0,
2026-07-23,08:00:42,maceta1,89,92,84,83,83,0.0,0.0,12.3,67.4,0,0,0,
2026-07-23,08:00:42,maceta2,92,90,83,84,83,0.0,0.0,12.0,62.3,0,0,0,
2026-07-23,08:01:44,maceta1,89,90,84,83,83,0.0,0.0,12.3,67.6,0,0,0,
2026-07-23,08:01:44,maceta2,92,90,83,84,83,0.0,0.0,12.0,62.3,0,0,0,
2026-07-23,08:02:47,maceta1,89,91,84,83,83,0.0,0.0,12.3,67.8,0,0,0,
2026-07-23,08:02:47,maceta2,92,91,83,84,83,0.0,0.0,12.0,62.4,0,0,0,
2026-07-23,08:03:50,maceta1,88,90,84,84,84,0.0,0.0,12.3,67.4,0,0,0,
2026-07-23,08:03:50,maceta2,91,89,83,84,83,0.0,0.0,12.0,62.0,0,0,0,
2026-07-23,08:04:52,maceta1,89,91,84,83,83,0.0,0.0,12.3,67.9,0,0,0,
2026-07-23,08:04:52,maceta2,92,90,83,84,83,0.0,0.0,12.0,62.2,0,0,0,
2026-07-23,08:05:55,maceta1,88,90,85,84,84,0.0,0.0,12.3,67.0,0,0,0,
2026-07-23,08:05:55,maceta2,90,90,83,84,83,0.0,0.0,12.0,62.5,0,0,0,
2026-07-23,08:06:58,maceta1,88,91,85,83,84,0.0,0.0,12.3,66.7,0,0,0,
2026-07-23,08:06:58,maceta2,92,90,83,84,83,0.0,0.0,12.0,62.5,0,0,0,
2026-07-23,08:08:00,maceta1,88,90,85,84,84,0.0,0.0,12.3,67.3,0,0,0,
2026-07-23,08:08:00,maceta2,90,89,83,84,83,0.0,0.0,12.0,62.4,0,0,0,
2026-07-23,08:09:03,maceta1,89,91,85,83,84,0.0,0.0,12.3,67.7,0,0,0,
2026-07-23,08:09:03,maceta2,92,90,83,84,83,0.0,0.0,12.0,62.5,0,0,0,
2026-07-23,08:10:06,maceta1,89,91,84,83,83,0.0,0.0,12.3,67.0,0,0,0,
2026-07-23,08:10:06,maceta2,91,90,83,84,83,0.0,0.0,12.0,62.5,0,0,0,
2026-07-23,08:11:09,maceta1,88,90,84,83,83,0.0,0.0,12.3,68.4,0,0,0,
2026-07-23,08:11:09,maceta2,91,89,83,84,83,0.0,0.0,12.0,62.5,0,0,0,
2026-07-23,08:12:11,maceta1,88,91,85,83,84,0.0,0.0,12.3,68.3,0,0,0,
2026-07-23,08:12:11,maceta2,91,90,83,84,83,0.0,0.0,12.0,62.2,0,0,0,
2026-07-23,08:13:14,maceta1,89,90,85,84,84,0.0,0.0,12.3,68.8,0,0,0,
2026-07-23,08:13:14,maceta2,92,89,83,84,83,0.0,0.0,12.0,62.3,0,0,0,
2026-07-23,08:14:17,maceta1,88,91,85,83,84,0.0,0.0,12.3,67.8,0,0,0,
2026-07-23,08:14:17,maceta2,91,90,83,84,83,0.0,0.0,12.0,62.5,0,0,0,
2026-07-23,08:15:20,maceta1,88,90,85,84,84,0.0,0.0,12.3,67.4,0,0,0,
2026-07-23,08:15:20,maceta2,91,89,83,84,83,0.0,0.0,12.0,62.3,0,0,0,
2026-07-23,08:16:22,maceta1,88,91,85,83,84,0.0,0.0,12.3,68.2,0,0,0,
2026-07-23,08:16:22,maceta2,92,90,83,84,83,0.0,0.0,11.9,62.6,0,0,0,
2026-07-23,08:17:25,maceta1,88,91,85,83,84,0.0,0.0,12.3,67.0,0,0,0,
2026-07-23,08:17:25,maceta2,92,90,83,84,83,0.0,0.0,11.9,62.5,0,0,0,
2026-07-23,08:18:28,maceta1,88,90,85,83,84,0.0,0.0,12.3,67.6,0,0,0,
2026-07-23,08:18:28,maceta2,91,89,83,84,83,0.0,0.0,12.0,62.6,0,0,0,
2026-07-23,08:19:31,maceta1,88,89,85,84,84,0.0,0.0,12.3,69.3,0,0,0,
2026-07-23,08:19:31,maceta2,91,89,83,84,83,0.0,0.0,11.9,62.7,0,0,0,
2026-07-23,08:20:33,maceta1,89,91,85,84,84,0.0,0.0,12.3,69.5,0,0,0,
2026-07-23,08:20:33,maceta2,92,90,83,84,83,0.0,0.0,12.0,62.6,0,0,0,
2026-07-23,08:21:36,maceta1,88,91,85,84,84,0.0,0.0,12.3,69.1,0,0,0,
2026-07-23,08:21:36,maceta2,92,90,83,84,83,0.0,0.0,12.0,62.6,0,0,0,
2026-07-23,08:22:39,maceta1,88,90,85,83,84,0.0,0.0,12.3,68.5,0,0,0,
2026-07-23,08:22:39,maceta2,91,89,83,84,83,0.4166666666666667,0.0,12.0,62.9,0,0,0,
2026-07-23,08:23:41,maceta1,89,91,85,83,84,0.0,0.0,12.3,69.1,0,0,0,
2026-07-23,08:23:41,maceta2,92,90,83,84,83,0.4166666666666667,0.0,12.0,62.6,0,0,0,
2026-07-23,08:24:44,maceta1,88,91,85,83,84,0.0,0.0,12.3,69.7,0,0,0,
2026-07-23,08:24:44,maceta2,91,90,83,84,83,0.4166666666666667,0.0,12.0,62.7,0,0,0,
2026-07-23,08:25:47,maceta1,88,90,85,83,84,0.0,0.0,12.3,69.8,0,0,0,
2026-07-23,08:25:47,maceta2,90,89,83,84,83,0.4166666666666667,0.0,12.0,62.7,0,0,0,
2026-07-23,08:26:50,maceta1,89,91,85,83,84,0.0,0.0,12.3,70.9,0,0,0,
2026-07-23,08:26:50,maceta2,92,89,83,84,83,0.4166666666666667,0.0,12.0,62.7,0,0,0,
2026-07-23,08:27:52,maceta1,88,90,85,84,84,0.0,0.0,12.3,69.7,0,0,0,
2026-07-23,08:27:52,maceta2,91,89,83,84,83,0.4166666666666667,0.0,12.0,62.7,0,0,0,
2026-07-23,08:28:55,maceta1,87,90,85,84,84,0.0,0.0,12.3,69.0,0,0,0,
2026-07-23,08:28:55,maceta2,91,89,83,84,83,0.8333333333333334,0.0,12.0,62.8,0,0,0,
2026-07-23,08:29:58,maceta1,89,90,85,84,84,0.0,0.0,12.3,69.4,0,0,0,
2026-07-23,08:29:58,maceta2,91,90,83,84,83,0.8333333333333334,0.0,11.9,62.6,0,0,0,
2026-07-23,08:31:01,maceta1,88,90,85,84,84,0.0,0.0,12.3,68.6,0,0,0,
2026-07-23,08:31:01,maceta2,91,89,83,84,83,0.8333333333333334,0.0,11.9,62.6,0,0,0,
2026-07-23,08:32:03,maceta1,88,90,85,84,84,0.4166666666666667,0.0,12.3,68.3,0,0,0,
2026-07-23,08:32:03,maceta2,90,90,83,84,83,0.8333333333333334,0.0,12.0,62.6,0,0,0,
2026-07-23,08:33:06,maceta1,89,91,85,84,84,0.4166666666666667,0.0,12.3,68.0,0,0,0,
2026-07-23,08:33:06,maceta2,92,89,83,84,83,0.8333333333333334,0.0,11.9,62.5,0,0,0,
2026-07-23,08:34:09,maceta1,88,91,85,83,84,0.4166666666666667,0.0,12.3,68.0,0,0,0,
2026-07-23,08:34:09,maceta2,92,90,83,84,83,0.8333333333333334,0.0,11.9,62.6,0,0,0,
2026-07-23,08:35:11,maceta1,88,90,85,83,84,0.8333333333333334,0.0,12.3,69.0,0,0,0,
2026-07-23,08:35:11,maceta2,91,89,83,84,83,1.25,0.0,12.0,62.7,0,0,0,
2026-07-23,08:36:14,maceta1,88,90,85,84,84,0.8333333333333334,0.0,,,0,0,0,"Lectura invalida de DHT | Lectura invalida de DHT, se omite logica de ventilacion"
2026-07-23,08:36:14,maceta2,90,89,83,84,83,0.8333333333333334,0.0,11.9,63.0,0,0,0,
2026-07-23,08:37:17,maceta1,88,91,85,84,84,0.8333333333333334,0.0,12.3,68.5,0,0,0,
2026-07-23,08:37:17,maceta2,92,90,83,84,83,0.8333333333333334,0.0,11.9,62.8,0,0,0,
2026-07-23,08:38:20,maceta1,89,91,85,83,84,0.8333333333333334,0.0,12.3,67.8,0,0,0,
2026-07-23,08:38:20,maceta2,92,90,83,84,83,1.25,0.0,11.9,62.8,0,0,0,
2026-07-23,08:39:22,maceta1,89,91,84,83,83,0.8333333333333334,0.0,12.3,68.4,0,0,0,
2026-07-23,08:39:22,maceta2,91,89,83,84,83,1.25,0.0,12.0,62.7,0,0,0,
2026-07-23,08:40:25,maceta1,89,90,84,83,83,1.25,0.0,12.3,69.2,0,0,0,
2026-07-23,08:40:25,maceta2,91,89,83,84,83,1.25,0.0,11.9,63.0,0,0,0,
2026-07-23,08:41:28,maceta1,89,90,84,84,84,1.25,0.0,12.3,70.2,0,0,0,
2026-07-23,08:41:28,maceta2,91,89,83,84,83,1.25,0.0,11.9,63.1,0,0,0,
2026-07-23,08:42:31,maceta1,88,91,84,84,84,1.25,0.0,12.3,69.0,0,0,0,
2026-07-23,08:42:31,maceta2,91,90,83,84,83,1.25,0.0,11.9,63.0,0,0,0,
2026-07-23,08:43:33,maceta1,88,90,85,84,84,1.25,0.0,12.3,69.2,0,0,0,
2026-07-23,08:43:33,maceta2,91,89,83,84,83,1.25,0.0,12.0,63.4,0,0,0,
2026-07-23,08:44:36,maceta1,88,91,85,83,84,0.8333333333333334,0.0,12.3,70.5,0,0,0,
2026-07-23,08:44:36,maceta2,91,89,83,84,83,1.25,0.0,12.0,63.4,0,0,0,
2026-07-23,08:45:39,maceta1,88,90,85,84,84,1.25,0.0,12.3,70.4,0,0,0,
2026-07-23,08:45:39,maceta2,91,89,83,84,83,1.25,0.0,12.0,63.2,0,0,0,
2026-07-23,08:46:41,maceta1,89,92,85,83,84,0.8333333333333334,0.0,12.3,69.4,0,0,0,
2026-07-23,08:46:41,maceta2,90,90,83,84,83,1.25,0.0,12.0,63.4,0,0,0,
2026-07-23,08:47:44,maceta1,88,91,85,83,84,1.25,0.0,12.3,69.2,0,0,0,
2026-07-23,08:47:44,maceta2,91,90,83,84,83,1.25,0.0,12.0,63.5,0,0,0,
2026-07-23,08:48:47,maceta1,89,91,84,83,83,1.25,0.0,12.3,70.3,0,0,0,
2026-07-23,08:48:47,maceta2,92,90,83,84,83,1.25,0.0,12.0,63.4,0,0,0,
2026-07-23,08:49:50,maceta1,87,90,85,83,84,1.25,0.0,12.3,68.9,0,0,0,
2026-07-23,08:49:50,maceta2,91,89,83,84,83,1.25,0.0,12.0,63.2,0,0,0,
2026-07-23,08:50:52,maceta1,89,91,85,83,84,1.25,0.0,12.3,69.3,0,0,0,
2026-07-23,08:50:52,maceta2,92,90,83,84,83,1.25,0.0,12.0,63.3,0,0,0,
2026-07-23,08:51:55,maceta1,89,91,85,83,84,1.25,0.0,12.3,69.4,0,0,0,
2026-07-23,08:51:55,maceta2,92,90,83,84,83,1.25,0.0,12.0,63.3,0,0,0,
2026-07-23,08:52:58,maceta1,88,90,84,83,83,1.25,0.0,12.3,68.7,0,0,0,
2026-07-23,08:52:58,maceta2,91,89,83,84,83,1.25,0.0,12.0,63.1,0,0,0,
2026-07-23,08:54:00,maceta1,88,90,85,84,84,1.25,0.0,12.3,69.5,0,0,0,
2026-07-23,08:54:00,maceta2,91,89,83,84,83,1.25,0.0,12.0,62.9,0,0,0,
2026-07-23,08:55:03,maceta1,89,91,85,84,84,1.25,0.0,12.3,71.5,0,0,0,
2026-07-23,08:55:03,maceta2,92,90,83,84,83,1.25,0.0,12.0,63.2,0,0,0,
2026-07-23,08:56:06,maceta1,88,90,85,84,84,1.25,0.0,12.3,70.0,0,0,0,
2026-07-23,08:56:06,maceta2,91,89,83,84,83,1.25,0.0,12.0,63.0,0,0,0,
2026-07-23,08:57:09,maceta1,88,90,85,84,84,1.25,0.0,12.3,71.1,0,0,0,
2026-07-23,08:57:09,maceta2,91,89,83,84,83,1.25,0.0,11.9,63.2,0,0,0,
2026-07-23,08:58:11,maceta1,88,91,85,84,84,1.25,0.0,12.3,70.1,0,0,0,
2026-07-23,08:58:11,maceta2,91,90,83,84,83,1.25,0.0,12.0,63.1,0,0,0,
2026-07-23,08:59:14,maceta1,89,92,85,83,84,1.6666666666666667,0.0,12.3,71.2,0,0,0,
2026-07-23,08:59:14,maceta2,92,90,83,84,83,1.6666666666666667,0.0,12.0,63.0,0,0,0,
2026-07-23,09:00:17,maceta1,88,90,85,83,84,1.25,0.0,12.3,69.7,0,0,0,
2026-07-23,09:00:17,maceta2,91,89,83,84,83,1.6666666666666667,0.0,12.0,63.3,0,0,0,
2026-07-23,09:01:20,maceta1,88,90,85,83,84,1.25,0.0,12.3,70.4,0,0,0,
2026-07-23,09:01:20,maceta2,91,89,83,84,83,1.25,0.0,12.0,63.3,0,0,0,
2026-07-23,09:02:22,maceta1,88,90,85,84,84,1.25,0.0,12.3,68.9,0,0,0,
2026-07-23,09:02:22,maceta2,90,90,83,84,83,1.25,0.0,11.9,63.3,0,0,0,
2026-07-23,09:03:25,maceta1,89,90,85,84,84,1.25,0.0,12.3,69.5,0,0,0,
2026-07-23,09:03:25,maceta2,90,89,84,84,84,1.6666666666666667,0.0,12.0,63.3,0,0,0,
2026-07-23,09:04:28,maceta1,88,89,85,84,84,2.0833333333333335,0.0,12.3,70.2,0,0,0,
2026-07-23,09:04:28,maceta2,90,89,84,84,84,2.0833333333333335,0.0001,12.0,63.2,0,0,0,
2026-07-23,09:05:30,maceta1,88,91,85,84,84,2.5,0.0,12.3,69.8,0,0,0,
2026-07-23,09:05:30,maceta2,91,90,84,84,84,2.0833333333333335,0.0001,12.0,63.6,0,0,0,
2026-07-23,09:06:33,maceta1,88,90,85,84,84,2.916666666666667,0.0,12.3,71.0,0,0,0,
2026-07-23,09:06:33,maceta2,91,89,83,84,83,2.5,0.0001,12.0,63.2,0,0,0,
2026-07-23,09:07:36,maceta1,88,91,85,83,84,2.5,0.0001,12.3,69.0,0,0,0,
2026-07-23,09:07:36,maceta2,92,90,83,84,83,2.0833333333333335,0.0001,12.0,63.3,0,0,0,
2026-07-23,09:08:39,maceta1,89,90,85,84,84,2.0833333333333335,0.0001,12.3,68.7,0,0,0,
2026-07-23,09:08:39,maceta2,91,89,83,84,83,2.0833333333333335,0.0001,12.0,63.2,0,0,0,
2026-07-23,09:09:41,maceta1,87,90,85,84,84,2.0833333333333335,0.0001,12.3,71.2,0,0,0,
2026-07-23,09:09:41,maceta2,90,89,83,84,83,2.0833333333333335,0.0001,11.9,63.2,0,0,0,
2026-07-23,09:10:44,maceta1,87,90,85,84,84,2.5,0.0001,12.3,69.5,0,0,0,
2026-07-23,09:10:44,maceta2,91,89,83,84,83,2.0833333333333335,0.0001,12.0,63.5,0,0,0,
2026-07-23,09:11:47,maceta1,88,90,85,84,84,2.916666666666667,0.0001,12.3,69.8,0,0,0,
2026-07-23,09:11:47,maceta2,90,89,84,84,84,2.5,0.0001,,,0,0,0,"Lectura invalida de DHT | Lectura invalida de DHT, se omite logica de ventilacion"
2026-07-23,09:12:50,maceta1,87,90,85,84,84,4.166666666666667,0.0001,12.3,70.3,0,0,0,
2026-07-23,09:12:50,maceta2,90,90,84,84,84,3.3333333333333335,0.0001,11.9,63.4,0,0,0,
2026-07-23,09:13:52,maceta1,88,91,85,84,84,5.0,0.0001,12.3,69.6,0,0,0,
2026-07-23,09:13:52,maceta2,91,90,84,84,84,4.166666666666667,0.0001,11.9,63.4,0,0,0,
2026-07-23,09:14:55,maceta1,88,90,85,84,84,5.0,0.0001,,,0,0,0,"Lectura invalida de DHT | Lectura invalida de DHT, se omite logica de ventilacion"
2026-07-23,09:14:55,maceta2,92,89,83,84,83,4.166666666666667,0.0001,12.0,63.4,0,0,0,
2026-07-23,09:15:58,maceta1,88,90,85,84,84,5.0,0.0001,12.3,69.4,0,0,0,
2026-07-23,09:15:58,maceta2,90,89,83,84,83,4.166666666666667,0.0001,11.9,63.4,0,0,0,
2026-07-23,09:17:01,maceta1,88,90,85,84,84,5.0,0.0001,12.3,69.9,0,0,0,
2026-07-23,09:17:01,maceta2,91,89,83,84,83,3.75,0.0001,11.9,63.3,0,0,0,
2026-07-23,09:18:04,maceta1,88,91,85,84,84,5.0,0.0001,12.3,69.3,0,0,0,
2026-07-23,09:18:04,maceta2,91,90,83,84,83,3.75,0.0001,12.0,63.8,0,0,0,
2026-07-23,09:19:06,maceta1,89,90,85,84,84,5.0,0.0001,12.3,69.7,0,0,0,
2026-07-23,09:19:06,maceta2,91,89,83,84,83,3.75,0.0001,12.0,63.6,0,0,0,
2026-07-23,09:20:09,maceta1,88,91,85,83,84,5.416666666666667,0.0001,12.3,68.9,0,0,0,
2026-07-23,09:20:09,maceta2,92,90,83,84,83,4.166666666666667,0.0001,11.9,63.7,0,0,0,
2026-07-23,09:21:12,maceta1,88,90,85,84,84,5.416666666666667,0.0001,12.3,69.3,0,0,0,
2026-07-23,09:21:12,maceta2,91,89,83,84,83,4.583333333333334,0.0001,12.0,63.5,0,0,0,
2026-07-23,09:22:14,maceta1,87,90,85,84,84,5.833333333333334,0.0001,12.3,68.3,0,0,0,
2026-07-23,09:22:14,maceta2,91,89,83,84,83,4.583333333333334,0.0001,11.9,63.7,0,0,0,
2026-07-23,09:23:17,maceta1,89,90,85,84,84,6.666666666666667,0.0001,12.3,69.6,0,0,0,
2026-07-23,09:23:17,maceta2,91,89,83,84,83,4.583333333333334,0.0001,11.9,63.4,0,0,0,
2026-07-23,09:24:20,maceta1,89,90,85,84,84,7.083333333333334,0.0001,12.3,69.7,0,0,0,
2026-07-23,09:24:20,maceta2,92,89,83,84,83,5.0,0.0001,11.9,63.4,0,0,0,
2026-07-23,09:25:23,maceta1,88,90,84,84,84,5.416666666666667,0.0001,,,0,0,0,"Lectura invalida de DHT | Lectura invalida de DHT, se omite logica de ventilacion"
2026-07-23,09:25:23,maceta2,91,89,83,84,83,4.166666666666667,0.0001,12.0,63.5,0,0,0,
2026-07-23,09:26:25,maceta1,88,90,85,84,84,6.666666666666667,0.0002,12.3,70.2,0,0,0,
2026-07-23,09:26:25,maceta2,91,89,83,84,83,5.0,0.0001,12.0,63.8,0,0,0,
2026-07-23,09:27:28,maceta1,89,91,85,84,84,7.083333333333334,0.0002,12.3,69.1,0,0,0,
2026-07-23,09:27:28,maceta2,92,90,83,84,83,5.0,0.0001,11.9,63.5,0,0,0,
2026-07-23,09:28:31,maceta1,88,90,85,84,84,5.416666666666667,0.0002,12.3,70.9,0,0,0,
2026-07-23,09:28:31,maceta2,91,89,83,84,83,3.75,0.0001,12.0,63.6,0,0,0,
2026-07-23,09:29:33,maceta1,88,91,85,83,84,5.833333333333334,0.0002,12.3,69.1,0,0,0,
2026-07-23,09:29:33,maceta2,91,89,83,84,83,4.166666666666667,0.0002,12.0,63.5,0,0,0,
2026-07-23,09:30:36,maceta1,89,91,85,83,84,7.5,0.0002,12.3,69.2,0,0,0,
2026-07-23,09:30:36,maceta2,91,89,83,84,83,5.416666666666667,0.0002,11.9,63.5,0,0,0,
2026-07-23,09:31:39,maceta1,88,91,85,83,84,7.083333333333334,0.0002,12.3,69.3,0,0,0,
2026-07-23,09:31:39,maceta2,91,89,83,84,83,5.0,0.0002,12.0,63.4,0,0,0,
2026-07-23,09:32:42,maceta1,88,90,85,83,84,7.083333333333334,0.0002,12.3,69.6,0,0,0,
2026-07-23,09:32:42,maceta2,91,89,83,84,83,5.0,0.0002,11.9,63.7,0,0,0,
2026-07-23,09:33:44,maceta1,88,91,85,83,84,6.666666666666667,0.0002,12.3,69.2,0,0,0,
2026-07-23,09:33:44,maceta2,91,90,83,84,83,4.583333333333334,0.0002,12.0,63.5,0,0,0,
2026-07-23,09:34:47,maceta1,89,90,85,84,84,6.666666666666667,0.0002,12.3,68.5,0,0,0,
2026-07-23,09:34:47,maceta2,93,90,83,84,83,4.583333333333334,0.0002,12.0,63.7,0,0,0,
2026-07-23,09:35:50,maceta1,87,90,85,84,84,5.416666666666667,0.0002,12.3,68.7,0,0,0,
2026-07-23,09:35:50,maceta2,90,89,83,84,83,4.166666666666667,0.0002,12.0,63.7,0,0,0,
2026-07-23,09:36:53,maceta1,88,90,85,84,84,5.0,0.0002,12.3,70.1,0,0,0,
2026-07-23,09:36:53,maceta2,92,90,83,84,83,3.75,0.0002,12.0,63.7,0,0,0,
2026-07-23,09:37:55,maceta1,89,92,85,83,84,4.166666666666667,0.0002,12.3,68.9,0,0,0,
2026-07-23,09:37:55,maceta2,91,90,83,84,83,3.3333333333333335,0.0002,11.9,63.6,0,0,0,
2026-07-23,09:38:58,maceta1,88,90,85,83,84,5.416666666666667,0.0002,12.3,68.6,0,0,0,
2026-07-23,09:38:58,maceta2,92,90,83,84,83,3.75,0.0002,11.9,63.8,0,0,0,
2026-07-23,09:40:01,maceta1,88,90,85,83,84,7.916666666666667,0.0002,12.3,68.1,0,0,0,
2026-07-23,09:40:01,maceta2,91,89,83,84,83,5.833333333333334,0.0002,11.9,63.8,0,0,0,
2026-07-23,09:41:03,maceta1,88,90,85,84,84,10.0,0.0003,12.3,69.6,0,0,0,
2026-07-23,09:41:03,maceta2,91,90,83,84,83,7.083333333333334,0.0002,12.0,63.7,0,0,0,
2026-07-23,09:42:06,maceta1,88,90,85,84,84,7.083333333333334,0.0003,12.3,69.1,0,0,0,
2026-07-23,09:42:06,maceta2,90,89,83,84,83,5.416666666666667,0.0002,11.9,63.5,0,0,0,
2026-07-23,09:43:09,maceta1,88,90,85,84,84,6.666666666666667,0.0003,12.3,69.3,0,0,0,
2026-07-23,09:43:09,maceta2,91,89,83,84,83,5.0,0.0002,,,0,0,0,"Lectura invalida de DHT | Lectura invalida de DHT, se omite logica de ventilacion"
2026-07-23,09:44:11,maceta1,88,90,85,84,84,8.333333333333334,0.0003,12.3,69.4,0,0,0,
2026-07-23,09:44:11,maceta2,91,89,83,84,83,5.833333333333334,0.0002,12.0,63.7,0,0,0,
2026-07-23,09:45:14,maceta1,88,90,85,84,84,9.166666666666668,0.0003,12.3,68.4,0,0,0,
2026-07-23,09:45:14,maceta2,92,90,83,84,83,6.666666666666667,0.0002,11.9,63.9,0,0,0,
2026-07-23,09:46:17,maceta1,88,90,85,84,84,8.75,0.0003,12.3,68.1,0,0,0,
2026-07-23,09:46:17,maceta2,91,89,83,84,83,6.25,0.0002,12.0,63.7,0,0,0,
2026-07-23,09:47:20,maceta1,88,90,85,84,84,10.833333333333334,0.0003,12.3,68.2,0,0,0,
2026-07-23,09:47:20,maceta2,91,89,83,84,83,7.5,0.0003,12.0,63.8,0,0,0,
2026-07-23,09:48:22,maceta1,87,90,85,84,84,10.833333333333334,0.0003,12.3,68.7,0,0,0,
2026-07-23,09:48:22,maceta2,90,89,83,84,83,7.916666666666667,0.0003,12.0,64.0,0,0,0,
2026-07-23,09:49:25,maceta1,88,89,85,84,84,10.833333333333334,0.0003,12.3,68.7,0,0,0,
2026-07-23,09:49:25,maceta2,91,89,83,84,83,7.916666666666667,0.0003,12.0,64.0,0,0,0,
2026-07-23,09:50:28,maceta1,87,90,85,84,84,7.916666666666667,0.0004,12.3,68.9,0,0,0,
2026-07-23,09:50:28,maceta2,90,89,84,84,84,5.833333333333334,0.0003,12.0,64.0,0,0,0,
2026-07-23,09:51:30,maceta1,88,90,85,84,84,7.5,0.0004,12.3,70.0,0,0,0,
2026-07-23,09:51:30,maceta2,90,89,84,84,84,5.416666666666667,0.0003,12.0,63.7,0,0,0,
2026-07-23,09:52:33,maceta1,88,90,85,84,84,6.666666666666667,0.0004,12.3,69.7,0,0,0,
2026-07-23,09:52:33,maceta2,90,89,84,84,84,5.0,0.0003,12.0,63.9,0,0,0,
2026-07-23,09:53:36,maceta1,87,90,85,84,84,5.416666666666667,0.0004,12.3,71.0,0,0,0,
2026-07-23,09:53:36,maceta2,91,89,84,84,84,4.166666666666667,0.0003,12.0,64.0,0,0,0,
2026-07-23,09:54:39,maceta1,88,90,85,84,84,4.583333333333334,0.0004,12.3,69.7,0,0,0,
2026-07-23,09:54:39,maceta2,91,90,83,84,83,3.3333333333333335,0.0003,12.0,64.0,0,0,0,
2026-07-23,09:55:41,maceta1,88,89,85,84,84,4.583333333333334,0.0004,12.3,69.4,0,0,0,
2026-07-23,09:55:41,maceta2,90,88,83,84,83,3.3333333333333335,0.0003,12.0,63.9,0,0,0,
2026-07-23,09:56:44,maceta1,88,91,85,84,84,5.833333333333334,0.0004,12.3,70.7,0,0,0,
2026-07-23,09:56:44,maceta2,91,90,83,84,83,4.166666666666667,0.0003,12.0,64.0,0,0,0,
2026-07-23,09:57:47,maceta1,88,89,85,84,84,6.666666666666667,0.0004,12.3,69.2,0,0,0,
2026-07-23,09:57:47,maceta2,91,89,83,84,83,5.0,0.0003,12.0,63.7,0,0,0,
2026-07-23,09:58:49,maceta1,88,89,85,84,84,5.833333333333334,0.0004,12.3,70.2,0,0,0,
2026-07-23,09:58:49,maceta2,91,89,83,84,83,4.583333333333334,0.0003,12.0,63.9,0,0,0,
2026-07-23,09:59:57,maceta1,88,90,85,84,84,5.416666666666667,0.0004,12.3,70.0,0,0,0,
2026-07-23,09:59:57,maceta2,91,89,83,84,83,3.75,0.0003,12.0,63.9,0,0,0,
2026-07-23,10:01:00,maceta1,88,90,85,84,84,4.583333333333334,0.0004,12.3,70.2,0,0,0,
2026-07-23,10:01:00,maceta2,90,89,83,84,83,3.75,0.0003,12.0,64.1,0,0,0,
2026-07-23,10:02:03,maceta1,88,90,85,84,84,4.583333333333334,0.0004,12.3,69.2,0,0,0,
2026-07-23,10:02:03,maceta2,91,89,83,84,83,3.3333333333333335,0.0003,12.0,64.0,0,0,0,
2026-07-23,10:03:06,maceta1,89,90,85,84,84,5.0,0.0004,12.3,68.7,0,0,0,
2026-07-23,10:03:06,maceta2,91,90,83,84,83,3.75,0.0003,12.0,63.8,0,0,0,
2026-07-23,10:04:08,maceta1,87,90,85,84,84,5.416666666666667,0.0004,12.3,68.7,0,0,0,
2026-07-23,10:04:08,maceta2,90,89,83,84,83,4.166666666666667,0.0003,12.0,63.9,0,0,0,
2026-07-23,10:05:11,maceta1,89,91,85,84,84,5.833333333333334,0.0004,12.3,69.0,0,0,0,
2026-07-23,10:05:11,maceta2,92,90,83,84,83,4.583333333333334,0.0004,12.0,63.9,0,0,0,
2026-07-23,10:06:14,maceta1,88,90,85,84,84,5.416666666666667,0.0004,12.3,69.0,0,0,0,
2026-07-23,10:06:14,maceta2,91,89,83,84,83,4.166666666666667,0.0004,12.0,64.1,0,0,0,
2026-07-23,10:07:16,maceta1,88,90,85,84,84,6.666666666666667,0.0005,12.3,68.7,0,0,0,
2026-07-23,10:07:16,maceta2,91,90,83,84,83,5.0,0.0004,12.0,64.2,0,0,0,
2026-07-23,10:08:19,maceta1,88,90,85,84,84,7.5,0.0005,12.3,68.6,0,0,0,
2026-07-23,10:08:19,maceta2,91,89,83,84,83,5.416666666666667,0.0004,12.0,64.2,0,0,0,
2026-07-23,10:09:22,maceta1,88,89,85,84,84,9.583333333333334,0.0005,12.3,69.0,0,0,0,
2026-07-23,10:09:22,maceta2,91,89,83,84,83,6.666666666666667,0.0004,12.0,64.0,0,0,0,
2026-07-23,10:10:25,maceta1,88,91,85,84,84,8.75,0.0005,12.3,68.7,0,0,0,
2026-07-23,10:10:25,maceta2,91,89,83,84,83,6.25,0.0004,12.0,64.4,0,0,0,
2026-07-23,10:11:27,maceta1,88,91,85,84,84,9.166666666666668,0.0005,12.3,68.0,0,0,0,
2026-07-23,10:11:27,maceta2,91,90,83,84,83,6.666666666666667,0.0004,12.0,64.6,0,0,0,
2026-07-23,10:12:30,maceta1,88,90,85,83,84,10.0,0.0005,12.3,70.0,0,0,0,
2026-07-23,10:12:30,maceta2,91,89,83,84,83,7.083333333333334,0.0004,12.0,64.3,0,0,0,
2026-07-23,10:13:33,maceta1,89,91,85,83,84,9.583333333333334,0.0005,12.3,69.0,0,0,0,
2026-07-23,10:13:33,maceta2,92,90,83,84,83,7.083333333333334,0.0004,12.0,64.3,0,0,0,
2026-07-23,10:14:35,maceta1,89,92,84,83,83,10.416666666666668,0.0005,12.3,69.9,0,0,0,
2026-07-23,10:14:35,maceta2,92,90,83,84,83,7.5,0.0004,12.0,64.4,0,0,0,
2026-07-23,10:15:38,maceta1,88,90,84,83,83,9.583333333333334,0.0005,12.3,70.2,0,0,0,
2026-07-23,10:15:38,maceta2,90,89,83,84,83,6.666666666666667,0.0004,12.0,64.2,0,0,0,
2026-07-23,10:16:41,maceta1,88,90,85,83,84,8.75,0.0006,,,0,0,0,"Lectura invalida de DHT | Lectura invalida de DHT, se omite logica de ventilacion"
2026-07-23,10:16:41,maceta2,91,89,83,84,83,6.25,0.0004,12.0,64.1,0,0,0,
2026-07-23,10:17:44,maceta1,88,91,85,84,84,10.0,0.0006,12.3,69.5,0,0,0,
2026-07-23,10:17:44,maceta2,92,90,83,84,83,7.083333333333334,0.0004,12.0,64.4,0,0,0,
2026-07-23,10:18:46,maceta1,89,91,85,83,84,8.75,0.0006,12.3,69.0,0,0,0,
2026-07-23,10:18:46,maceta2,92,90,83,84,83,6.25,0.0004,12.0,64.3,0,0,0,
2026-07-23,10:19:49,maceta1,89,91,84,83,83,9.583333333333334,0.0006,12.3,70.1,0,0,0,
2026-07-23,10:19:49,maceta2,92,90,83,84,83,6.666666666666667,0.0005,12.0,64.5,0,0,0,
2026-07-23,10:20:52,maceta1,88,89,84,84,84,13.333333333333334,0.0006,12.3,69.2,0,0,0,
2026-07-23,10:20:52,maceta2,91,89,83,84,83,9.166666666666668,0.0005,12.0,64.4,0,0,0,
2026-07-23,10:21:54,maceta1,88,90,85,84,84,13.75,0.0006,12.3,70.6,0,0,0,
2026-07-23,10:21:54,maceta2,91,89,83,84,83,9.583333333333334,0.0005,12.0,64.5,0,0,0,
2026-07-23,10:22:57,maceta1,88,90,85,84,84,12.916666666666668,0.0006,12.3,70.7,0,0,0,
2026-07-23,10:22:57,maceta2,91,89,83,84,83,9.166666666666668,0.0005,12.0,64.6,0,0,0,
2026-07-23,10:24:00,maceta1,87,90,85,84,84,16.666666666666668,0.0007,12.3,70.4,0,0,0,
2026-07-23,10:24:00,maceta2,91,89,83,84,83,11.666666666666668,0.0005,12.0,64.7,0,0,0,
2026-07-23,10:25:03,maceta1,88,90,85,84,84,19.166666666666668,0.0007,12.3,69.5,0,0,0,
2026-07-23,10:25:03,maceta2,91,89,83,84,83,12.916666666666668,0.0005,12.0,64.7,0,0,0,
2026-07-23,10:26:05,maceta1,88,90,85,84,84,14.166666666666668,0.0007,12.3,70.4,0,0,0,
2026-07-23,10:26:05,maceta2,91,89,83,84,83,10.0,0.0005,12.0,64.8,0,0,0,
2026-07-23,10:27:08,maceta1,89,91,85,84,84,13.75,0.0007,12.3,69.4,0,0,0,
2026-07-23,10:27:08,maceta2,92,90,83,84,83,9.583333333333334,0.0005,12.0,64.7,0,0,0,
2026-07-23,10:28:11,maceta1,89,90,84,84,84,15.416666666666668,0.0007,12.3,69.9,0,0,0,
2026-07-23,10:28:11,maceta2,89,89,83,84,83,10.833333333333334,0.0005,12.0,64.6,0,0,0,
2026-07-23,10:29:13,maceta1,87,90,85,84,84,17.083333333333336,0.0007,12.3,69.9,0,0,0,
2026-07-23,10:29:13,maceta2,90,89,84,84,84,11.666666666666668,0.0006,12.0,64.6,0,0,0,
2026-07-23,10:30:16,maceta1,89,91,85,84,84,19.166666666666668,0.0008,12.3,69.2,0,0,0,
2026-07-23,10:30:16,maceta2,91,90,84,84,84,13.333333333333334,0.0006,11.9,64.6,0,0,0,
2026-07-23,10:31:19,maceta1,88,90,85,84,84,16.666666666666668,0.0008,12.3,70.2,0,0,0,
2026-07-23,10:31:19,maceta2,91,90,83,84,83,11.25,0.0006,12.0,64.6,0,0,0,
2026-07-23,10:32:22,maceta1,89,91,84,83,83,19.583333333333336,0.0008,12.3,69.3,0,0,0,
2026-07-23,10:32:22,maceta2,92,90,83,84,83,13.75,0.0006,12.0,64.7,0,0,0,
2026-07-23,10:33:24,maceta1,89,91,84,83,83,17.916666666666668,0.0008,,,0,0,0,"Lectura invalida de DHT | Lectura invalida de DHT, se omite logica de ventilacion"
2026-07-23,10:33:24,maceta2,92,90,83,84,83,12.5,0.0006,12.0,64.6,0,0,0,
2026-07-23,10:34:27,maceta1,88,90,84,83,83,17.083333333333336,0.0008,,,0,0,0,"Lectura invalida de DHT | Lectura invalida de DHT, se omite logica de ventilacion"
2026-07-23,10:34:27,maceta2,91,89,83,84,83,11.666666666666668,0.0006,12.0,64.7,0,0,0,
2026-07-23,10:35:30,maceta1,88,90,85,84,84,16.666666666666668,0.0009,12.3,71.2,0,0,0,
2026-07-23,10:35:30,maceta2,91,89,83,84,83,11.666666666666668,0.0006,,,0,0,0,"Lectura invalida de DHT | Lectura invalida de DHT, se omite logica de ventilacion"
2026-07-23,10:36:32,maceta1,88,91,85,84,84,19.166666666666668,0.0009,12.3,71.1,0,0,0,
2026-07-23,10:36:32,maceta2,91,90,83,84,83,13.333333333333334,0.0007,12.0,64.9,0,0,0,
2026-07-23,10:37:35,maceta1,89,91,85,83,84,16.25,0.0009,12.3,70.8,0,0,0,
2026-07-23,10:37:35,maceta2,91,90,83,84,83,11.25,0.0007,12.0,64.9,0,0,0,
2026-07-23,10:38:38,maceta1,88,90,85,83,84,18.333333333333336,0.0009,12.3,71.7,0,0,0,
2026-07-23,10:38:38,maceta2,91,89,83,84,83,12.5,0.0007,12.0,64.8,0,0,0,
2026-07-23,10:39:41,maceta1,89,91,84,83,83,20.416666666666668,0.001,12.3,70.6,0,0,0,
2026-07-23,10:39:41,maceta2,90,90,83,84,83,14.166666666666668,0.0007,12.0,64.8,0,0,0,
2026-07-23,10:40:43,maceta1,88,90,85,84,84,20.833333333333336,0.001,12.3,72.7,0,0,0,
2026-07-23,10:40:43,maceta2,91,89,83,84,83,14.166666666666668,0.0007,12.0,64.8,0,0,0,
2026-07-23,10:41:46,maceta1,89,90,84,84,84,17.5,0.001,12.3,70.3,0,0,0,
2026-07-23,10:41:46,maceta2,91,89,83,84,83,12.083333333333334,0.0007,12.0,65.2,0,0,0,
2026-07-23,10:42:49,maceta1,88,90,85,84,84,18.333333333333336,0.001,12.3,69.5,0,0,0,
2026-07-23,10:42:49,maceta2,91,89,83,84,83,12.5,0.0008,12.0,65.2,0,0,0,
2026-07-23,10:43:52,maceta1,88,91,85,84,84,17.083333333333336,0.001,12.3,70.5,0,0,0,
2026-07-23,10:43:52,maceta2,92,90,83,84,83,11.666666666666668,0.0008,12.0,65.0,0,0,0,
2026-07-23,10:44:54,maceta1,89,90,85,84,84,20.833333333333336,0.0011,12.3,69.8,0,0,0,
2026-07-23,10:44:54,maceta2,92,89,83,84,83,14.583333333333334,0.0008,12.0,64.8,0,0,0,
2026-07-23,10:45:57,maceta1,88,91,85,83,84,20.416666666666668,0.0011,12.3,71.4,0,0,0,
2026-07-23,10:45:57,maceta2,92,89,83,84,83,14.166666666666668,0.0008,12.0,65.1,0,0,0,
2026-07-23,10:47:00,maceta1,89,91,84,83,83,21.25,0.0011,12.3,70.4,0,0,0,
2026-07-23,10:47:00,maceta2,92,90,83,84,83,14.583333333333334,0.0008,12.0,64.9,0,0,0,
2026-07-23,10:48:02,maceta1,89,91,84,83,83,24.166666666666668,0.0011,12.3,70.9,0,0,0,
2026-07-23,10:48:02,maceta2,92,89,83,84,83,16.666666666666668,0.0008,12.0,64.9,0,0,0,
2026-07-23,10:49:05,maceta1,88,90,84,83,83,25.833333333333336,0.0012,12.3,71.2,0,0,0,
2026-07-23,10:49:05,maceta2,91,89,83,84,83,17.916666666666668,0.0009,12.0,65.0,0,0,0,
2026-07-23,10:50:09,maceta1,88,89,85,84,84,23.75,0.0012,12.3,69.9,0,0,0,
2026-07-23,10:50:09,maceta2,91,89,83,84,83,16.666666666666668,0.0009,12.0,65.0,0,0,0,
2026-07-23,10:51:12,maceta1,88,90,85,84,84,23.75,0.0012,12.3,70.1,0,0,0,
2026-07-23,10:51:12,maceta2,91,89,83,84,83,16.25,0.0009,12.0,65.1,0,0,0,
2026-07-23,10:52:14,maceta1,87,90,85,84,84,22.083333333333336,0.0013,12.3,68.7,0,0,0,
2026-07-23,10:52:14,maceta2,91,90,83,84,83,15.0,0.0009,12.0,64.9,0,0,0,
2026-07-23,10:53:17,maceta1,88,91,85,84,84,19.583333333333336,0.0013,12.3,71.4,0,0,0,
2026-07-23,10:53:17,maceta2,92,90,83,84,83,13.75,0.0009,12.0,65.0,0,0,0,
2026-07-23,10:54:20,maceta1,89,90,85,84,84,18.333333333333336,0.0013,12.3,72.5,0,0,0,
2026-07-23,10:54:20,maceta2,92,89,83,84,83,12.916666666666668,0.0009,12.0,65.0,0,0,0,
2026-07-23,10:55:22,maceta1,87,90,85,84,84,20.416666666666668,0.0013,12.3,71.4,0,0,0,
2026-07-23,10:55:22,maceta2,91,90,83,84,83,14.166666666666668,0.001,12.0,64.9,0,0,0,
2026-07-23,10:56:25,maceta1,89,92,85,83,84,14.166666666666668,0.0013,12.3,70.2,0,0,0,
2026-07-23,10:56:25,maceta2,92,91,83,84,83,10.0,0.001,12.0,65.3,0,0,0,
2026-07-23,10:57:28,maceta1,89,90,85,83,84,13.333333333333334,0.0013,12.3,71.2,0,0,0,
2026-07-23,10:57:28,maceta2,91,90,83,84,83,9.583333333333334,0.001,12.0,65.2,0,0,0,
2026-07-23,10:58:31,maceta1,87,89,85,84,84,15.416666666666668,0.0014,12.3,70.5,0,0,0,
2026-07-23,10:58:31,maceta2,90,89,83,84,83,10.833333333333334,0.001,12.0,65.1,0,0,0,
2026-07-23,10:59:33,maceta1,87,90,85,84,84,17.083333333333336,0.0014,12.3,70.2,0,0,0,
2026-07-23,10:59:33,maceta2,92,90,83,84,83,12.083333333333334,0.001,12.0,64.9,0,0,0,
2026-07-23,11:00:36,maceta1,88,91,85,84,84,18.75,0.0014,12.3,69.8,0,0,0,
2026-07-23,11:00:36,maceta2,91,90,83,84,83,13.333333333333334,0.001,12.0,64.8,0,0,0,
2026-07-23,11:01:39,maceta1,89,91,85,83,84,20.0,0.0014,12.3,69.0,0,0,0,
2026-07-23,11:01:39,maceta2,92,90,83,84,83,14.166666666666668,0.001,12.0,64.8,0,0,0,
2026-07-23,11:02:41,maceta1,88,90,85,83,84,19.583333333333336,0.0015,12.3,69.8,0,0,0,
2026-07-23,11:02:41,maceta2,91,90,83,84,83,13.75,0.0011,12.0,65.2,0,0,0,
2026-07-23,11:03:44,maceta1,88,90,85,84,84,27.5,0.0015,12.3,71.0,0,0,0,
2026-07-23,11:03:44,maceta2,92,89,83,84,83,19.166666666666668,0.0011,12.0,65.2,0,0,0,
2026-07-23,11:04:47,maceta1,87,90,85,84,84,23.75,0.0015,12.3,70.3,0,0,0,
2026-07-23,11:04:47,maceta2,91,89,83,84,83,16.666666666666668,0.0011,12.0,65.1,0,0,0,
2026-07-23,11:05:50,maceta1,89,90,85,84,84,22.083333333333336,0.0015,12.3,70.2,0,0,0,
2026-07-23,11:05:50,maceta2,91,89,83,84,83,15.416666666666668,0.0011,12.0,65.2,0,0,0,
2026-07-23,11:06:52,maceta1,88,91,85,84,84,20.0,0.0016,12.3,70.3,0,0,0,
2026-07-23,11:06:52,maceta2,91,89,83,84,83,13.75,0.0011,12.0,65.2,0,0,0,
2026-07-23,11:07:55,maceta1,88,90,85,84,84,22.083333333333336,0.0016,12.3,71.3,0,0,0,
2026-07-23,11:07:55,maceta2,91,90,83,84,83,15.833333333333334,0.0012,12.0,65.3,0,0,0,
2026-07-23,11:08:58,maceta1,88,91,85,83,84,24.583333333333336,0.0016,12.3,70.6,0,0,0,
2026-07-23,11:08:58,maceta2,92,91,83,84,83,17.083333333333336,0.0012,12.0,65.2,0,0,0,
2026-07-23,11:10:00,maceta1,89,91,85,83,84,27.083333333333336,0.0016,12.3,69.6,0,0,0,
2026-07-23,11:10:00,maceta2,92,90,83,84,83,19.166666666666668,0.0012,12.0,65.1,0,0,0,
2026-07-23,11:11:03,maceta1,88,90,85,83,84,27.083333333333336,0.0017,12.3,69.4,0,0,0,
2026-07-23,11:11:03,maceta2,91,89,83,84,83,18.75,0.0012,12.0,65.2,0,0,0,
2026-07-23,11:12:06,maceta1,88,90,85,84,84,25.833333333333336,0.0017,12.3,71.1,0,0,0,
2026-07-23,11:12:06,maceta2,91,90,83,84,83,18.333333333333336,0.0012,12.0,65.0,0,0,0,
2026-07-23,11:13:09,maceta1,88,90,85,84,84,171.66666666666669,0.0019,12.3,70.2,0,0,0,
2026-07-23,11:13:09,maceta2,90,89,83,84,83,82.91666666666667,0.0013,12.0,64.9,0,0,0,
2026-07-23,11:14:11,maceta1,89,90,85,84,84,169.16666666666669,0.0021,12.3,70.2,0,0,0,
2026-07-23,11:14:11,maceta2,91,89,83,84,83,129.16666666666669,0.0015,12.0,65.0,0,0,0,
2026-07-23,11:15:14,maceta1,88,90,85,84,84,19.166666666666668,0.0021,12.3,69.0,0,0,0,
2026-07-23,11:15:14,maceta2,92,89,83,84,83,13.75,0.0015,12.0,65.1,0,0,0,
2026-07-23,11:16:17,maceta1,88,89,85,84,84,18.333333333333336,0.0021,12.3,69.9,0,0,0,
2026-07-23,11:16:17,maceta2,91,89,83,84,83,12.916666666666668,0.0015,12.1,65.1,0,0,0,
2026-07-23,11:17:19,maceta1,89,90,85,84,84,22.083333333333336,0.0022,12.4,71.4,0,0,0,
2026-07-23,11:17:19,maceta2,92,90,83,84,83,15.416666666666668,0.0015,12.1,65.2,0,0,0,
2026-07-23,11:18:22,maceta1,87,90,85,84,84,26.666666666666668,0.0022,12.4,71.9,0,0,0,
2026-07-23,11:18:22,maceta2,91,89,83,84,83,18.75,0.0016,12.1,65.4,0,0,0,
2026-07-23,11:19:25,maceta1,88,89,85,84,84,23.333333333333336,0.0022,12.4,70.9,0,0,0,
2026-07-23,11:19:25,maceta2,91,89,83,84,83,16.25,0.0016,12.1,65.3,0,0,0,
2026-07-23,11:20:28,maceta1,88,90,85,84,84,21.666666666666668,0.0023,12.4,70.4,0,0,0,
2026-07-23,11:20:28,maceta2,91,89,83,84,83,15.0,0.0016,12.2,65.2,0,0,0,
2026-07-23,11:21:30,maceta1,88,90,85,84,84,21.666666666666668,0.0023,12.4,70.9,0,0,0,
2026-07-23,11:21:30,maceta2,91,89,83,84,83,15.416666666666668,0.0016,12.1,65.3,0,0,0,
2026-07-23,11:22:33,maceta1,88,90,85,84,84,24.166666666666668,0.0023,12.4,70.2,0,0,0,
2026-07-23,11:22:33,maceta2,92,89,83,84,83,17.083333333333336,0.0016,12.2,65.1,0,0,0,
2026-07-23,11:23:36,maceta1,88,90,85,84,84,25.416666666666668,0.0023,12.4,71.1,0,0,0,
2026-07-23,11:23:36,maceta2,91,90,83,84,83,17.916666666666668,0.0016,12.2,65.5,0,0,0,
2026-07-23,11:24:38,maceta1,88,91,85,84,84,24.583333333333336,0.0024,12.5,72.2,0,0,0,
2026-07-23,11:24:38,maceta2,92,90,83,84,83,17.083333333333336,0.0017,12.2,65.5,0,0,0,
2026-07-23,11:25:41,maceta1,88,90,85,84,84,24.583333333333336,0.0024,12.5,71.3,0,0,0,
2026-07-23,11:25:41,maceta2,91,89,83,84,83,17.083333333333336,0.0017,12.2,65.4,0,0,0,
2026-07-23,11:26:44,maceta1,87,89,85,84,84,24.166666666666668,0.0024,12.5,71.5,0,0,0,
2026-07-23,11:26:44,maceta2,91,90,83,84,83,17.083333333333336,0.0017,12.2,65.4,0,0,0,
2026-07-23,11:27:46,maceta1,88,90,85,84,84,21.666666666666668,0.0025,12.5,71.5,0,0,0,
2026-07-23,11:27:46,maceta2,91,90,83,84,83,15.416666666666668,0.0017,12.1,65.5,0,0,0,
2026-07-23,11:28:49,maceta1,88,91,85,84,84,21.666666666666668,0.0025,12.5,70.2,0,0,0,
2026-07-23,11:28:49,maceta2,92,90,83,84,83,15.0,0.0017,12.1,65.3,0,0,0,
2026-07-23,11:29:52,maceta1,88,90,85,84,84,22.5,0.0025,12.5,70.7,0,0,0,
2026-07-23,11:29:52,maceta2,91,89,83,84,83,15.833333333333334,0.0018,12.2,65.4,0,0,0,
2026-07-23,11:30:55,maceta1,87,89,85,84,84,22.916666666666668,0.0025,12.5,71.2,0,0,0,
2026-07-23,11:30:55,maceta2,91,90,83,84,83,16.25,0.0018,12.1,65.4,0,0,0,
2026-07-23,11:31:57,maceta1,88,90,85,84,84,24.166666666666668,0.0026,12.5,71.8,0,0,0,
2026-07-23,11:31:57,maceta2,91,90,83,84,83,17.083333333333336,0.0018,12.1,65.1,0,0,0,
2026-07-23,11:33:00,maceta1,89,90,85,84,84,26.25,0.0026,12.5,71.4,0,0,0,
2026-07-23,11:33:00,maceta2,91,89,83,84,83,18.333333333333336,0.0018,12.1,65.2,0,0,0,
2026-07-23,11:34:03,maceta1,88,91,85,84,84,27.083333333333336,0.0026,12.4,70.9,0,0,0,
2026-07-23,11:34:03,maceta2,92,90,83,84,83,19.166666666666668,0.0018,12.1,65.4,0,0,0,
2026-07-23,11:34:26,maceta1,89,91,,,,27.083333333333336,0.0,12.5,70.4,0,0,0,Recolectando muestras del sensor. Esperando 3 lecturas...
2026-07-23,11:34:26,maceta2,92,90,,,,18.75,0.0,12.1,65.5,0,0,0,Recolectando muestras del sensor. Esperando 3 lecturas...
2026-07-23,11:35:28,maceta1,88,90,,,,24.583333333333336,0.0,,,0,0,0,"Recolectando muestras del sensor. Esperando 3 lecturas... | Lectura invalida de DHT | Lectura invalida de DHT, se omite logica de ventilacion"
2026-07-23,11:35:28,maceta2,92,90,,,,17.083333333333336,0.0,12.1,65.4,0,0,0,Recolectando muestras del sensor. Esperando 3 lecturas...
2026-07-23,11:36:31,maceta1,88,91,85,83,84,22.5,0.0001,12.4,70.0,0,0,0,
2026-07-23,11:36:31,maceta2,91,90,83,84,83,15.833333333333334,0.0,12.1,65.5,0,0,0,
2026-07-23,11:37:34,maceta1,88,91,85,83,84,23.333333333333336,0.0001,12.4,69.8,0,0,0,
2026-07-23,11:37:34,maceta2,92,90,83,84,83,16.25,0.0001,12.1,65.5,0,0,0,
2026-07-23,11:38:37,maceta1,88,91,85,83,84,23.75,0.0001,12.4,70.9,0,0,0,
2026-07-23,11:38:37,maceta2,92,90,83,84,83,16.666666666666668,0.0001,12.1,65.4,0,0,0,
2026-07-23,11:39:39,maceta1,89,91,85,83,84,24.166666666666668,0.0001,12.4,71.1,0,0,0,
2026-07-23,11:39:39,maceta2,92,90,83,84,83,17.083333333333336,0.0001,12.1,65.4,0,0,0,
2026-07-23,11:40:42,maceta1,89,90,84,83,83,24.583333333333336,0.0002,12.4,71.0,0,0,0,
2026-07-23,11:40:42,maceta2,92,90,83,84,83,17.083333333333336,0.0001,12.1,65.3,0,0,0,
2026-07-23,11:41:45,maceta1,87,90,85,84,84,25.416666666666668,0.0002,,,0,0,0,"Lectura invalida de DHT | Lectura invalida de DHT, se omite logica de ventilacion"
2026-07-23,11:41:45,maceta2,91,90,83,84,83,17.916666666666668,0.0001,12.1,65.5,0,0,0,
2026-07-23,11:42:48,maceta1,88,90,85,84,84,29.583333333333336,0.0002,12.4,71.2,0,0,0,
2026-07-23,11:42:48,maceta2,91,89,83,84,83,20.833333333333336,0.0002,12.1,65.3,0,0,0,
2026-07-23,11:43:50,maceta1,88,90,85,84,84,30.416666666666668,0.0003,12.5,71.5,0,0,0,
2026-07-23,11:43:50,maceta2,91,89,83,84,83,21.25,0.0002,12.1,65.3,0,0,0,
2026-07-23,11:44:53,maceta1,88,90,85,84,84,34.583333333333336,0.0003,12.4,71.0,0,0,0,
2026-07-23,11:44:53,maceta2,92,89,83,84,83,24.166666666666668,0.0002,12.1,65.5,0,0,0,
2026-07-23,11:45:56,maceta1,88,89,85,84,84,35.833333333333336,0.0003,12.5,71.6,0,0,0,
2026-07-23,11:45:56,maceta2,91,90,83,84,83,25.0,0.0002,12.1,65.6,0,0,0,
2026-07-23,11:46:58,maceta1,88,90,85,84,84,49.16666666666667,0.0004,,,0,0,0,"Lectura invalida de DHT | Lectura invalida de DHT, se omite logica de ventilacion"
2026-07-23,11:46:58,maceta2,91,90,83,84,83,35.41666666666667,0.0003,,,0,0,0,"Lectura invalida de DHT | Lectura invalida de DHT, se omite logica de ventilacion"
2026-07-23,11:48:01,maceta1,89,91,85,84,84,65.0,0.0005,12.4,71.0,0,0,0,
2026-07-23,11:48:01,maceta2,91,89,83,84,83,47.91666666666667,0.0003,12.1,65.5,0,0,0,
2026-07-23,11:49:04,maceta1,88,91,85,83,84,81.25,0.0006,12.4,70.7,0,0,0,
2026-07-23,11:49:04,maceta2,91,90,83,84,83,56.66666666666667,0.0004,12.1,65.7,0,0,0,
2026-07-23,11:56:21,maceta1,88,91,,,,678.75,0.0,12.4,70.5,0,0,0,Recolectando muestras del sensor. Esperando 3 lecturas...
2026-07-23,11:56:21,maceta2,92,90,,,,386.6666666666667,0.0,12.1,65.6,0,0,0,Recolectando muestras del sensor. Esperando 3 lecturas...
2026-07-23,11:57:24,maceta1,88,90,,,,693.3333333333334,0.0008,12.5,71.1,0,0,0,Recolectando muestras del sensor. Esperando 3 lecturas...
2026-07-23,11:57:24,maceta2,91,89,,,,395.83333333333337,0.0005,12.2,65.7,0,0,0,Recolectando muestras del sensor. Esperando 3 lecturas...
2026-07-23,11:58:27,maceta1,88,91,85,83,84,683.3333333333334,0.0016,12.5,69.8,0,0,0,
2026-07-23,11:58:27,maceta2,92,90,83,84,83,392.5,0.0009,12.2,65.8,0,0,0,
2026-07-23,11:59:29,maceta1,89,91,85,83,84,642.0833333333334,0.0024,12.5,70.7,0,0,0,
2026-07-23,11:59:29,maceta2,92,90,83,84,83,361.25,0.0013,12.2,65.8,0,0,0,
2026-07-23,12:00:32,maceta1,89,91,84,83,83,647.0833333333334,0.0031,12.5,72.5,0,0,0,
2026-07-23,12:00:32,maceta2,93,91,82,84,83,365.4166666666667,0.0018,12.2,65.8,0,0,0,
2026-07-23,12:01:35,maceta1,89,91,84,83,83,637.0833333333334,0.0038,12.5,72.2,0,0,0,
2026-07-23,12:01:35,maceta2,92,90,82,84,83,358.33333333333337,0.0022,,,0,0,0,"Lectura invalida de DHT | Lectura invalida de DHT, se omite logica de ventilacion"
2026-07-23,12:02:37,maceta1,88,92,84,83,83,640.0,0.0046,12.5,71.3,0,0,0,
2026-07-23,12:02:37,maceta2,92,90,82,84,83,360.4166666666667,0.0026,,,0,0,0,"Lectura invalida de DHT | Lectura invalida de DHT, se omite logica de ventilacion"
2026-07-23,12:03:40,maceta1,88,91,85,83,84,640.0,0.0053,12.5,70.0,0,0,0,
2026-07-23,12:03:40,maceta2,92,90,83,84,83,359.1666666666667,0.003,12.3,65.6,0,0,0,
2026-07-23,12:04:43,maceta1,88,91,85,83,84,656.6666666666667,0.0061,12.5,70.6,0,0,0,
2026-07-23,12:04:43,maceta2,91,90,83,84,83,371.6666666666667,0.0034,12.3,65.9,0,0,0,
2026-07-23,12:05:46,maceta1,89,92,85,83,84,644.5833333333334,0.0068,12.5,71.6,0,0,0,
2026-07-23,12:05:46,maceta2,92,90,83,84,83,363.33333333333337,0.0039,,,0,0,0,"Lectura invalida de DHT | Lectura invalida de DHT, se omite logica de ventilacion"
2026-07-23,12:06:49,maceta1,88,91,85,83,84,628.75,0.0076,,,0,0,0,"Lectura invalida de DHT | Lectura invalida de DHT, se omite logica de ventilacion"
2026-07-23,12:06:49,maceta2,91,89,83,84,83,353.33333333333337,0.0043,12.4,66.0,0,0,0,
2026-07-23,12:07:52,maceta1,89,91,84,83,83,625.4166666666667,0.0083,12.5,73.9,0,0,0,
2026-07-23,12:07:52,maceta2,92,90,83,84,83,350.4166666666667,0.0047,12.4,66.2,0,0,0,
2026-07-23,12:08:54,maceta1,89,91,84,83,83,624.5833333333334,0.009,12.6,73.2,0,0,0,
2026-07-23,12:08:54,maceta2,91,91,83,84,83,350.0,0.0051,12.4,66.2,0,0,0,
2026-07-23,12:09:57,maceta1,89,91,84,83,83,627.0833333333334,0.0098,,,0,0,0,"Lectura invalida de DHT | Lectura invalida de DHT, se omite logica de ventilacion"
2026-07-23,12:09:57,maceta2,92,90,83,84,83,351.6666666666667,0.0055,12.5,65.8,0,0,0,
2026-07-23,12:11:00,maceta1,89,91,84,83,83,628.75,0.0105,12.7,70.7,0,0,0,
2026-07-23,12:11:00,maceta2,93,90,83,84,83,353.33333333333337,0.0059,12.5,65.7,0,0,0,
2026-07-23,12:11:28,maceta1,88,90,,,,634.5833333333334,0.0,12.7,70.8,0,0,0,Recolectando muestras del sensor. Esperando 3 lecturas...
2026-07-23,12:11:28,maceta2,91,90,,,,357.5,0.0,12.5,65.7,0,0,0,Recolectando muestras del sensor. Esperando 3 lecturas...
2026-07-23,12:12:31,maceta1,88,90,,,,635.4166666666667,0.0007,12.7,70.8,0,0,0,Recolectando muestras del sensor. Esperando 3 lecturas...
2026-07-23,12:12:31,maceta2,92,89,,,,357.9166666666667,0.0004,12.5,65.9,0,0,0,Recolectando muestras del sensor. Esperando 3 lecturas...
2026-07-23,12:13:34,maceta1,88,90,85,84,84,634.5833333333334,0.0015,12.7,71.2,0,0,0,
2026-07-23,12:13:34,maceta2,91,89,83,84,83,357.5,0.0008,12.5,65.7,0,0,0,
2026-07-23,12:10:27,maceta1,88,90,,,,640.8333333333334,0.0,12.9,70.1,0,0,0,Recolectando muestras del sensor. Esperando 3 lecturas...
2026-07-23,12:10:27,maceta2,91,90,,,,361.25,0.0,,,0,0,0,"Recolectando muestras del sensor. Esperando 3 lecturas... | Lectura invalida de DHT | Lectura invalida de DHT, se omite logica de ventilacion"
2026-07-23,12:16:44,maceta1,88,90,,,,629.1666666666667,0.0044,12.7,70.3,0,0,0,Recolectando muestras del sensor. Esperando 3 lecturas...
2026-07-23,12:16:44,maceta2,91,89,,,,353.33333333333337,0.0025,12.5,65.3,0,0,0,Recolectando muestras del sensor. Esperando 3 lecturas...
2026-07-23,12:17:47,maceta1,89,90,85,84,84,641.6666666666667,0.0051,12.8,70.9,0,0,0,
2026-07-23,12:17:47,maceta2,92,90,83,84,83,361.6666666666667,0.0029,12.5,65.6,0,0,0,
2026-07-23,12:18:43,maceta1,88,91,,,,629.5833333333334,0.0,12.8,71.8,0,0,0,Recolectando muestras del sensor. Esperando 3 lecturas...
2026-07-23,12:18:43,maceta2,91,90,,,,353.33333333333337,0.0,12.5,65.5,0,0,0,Recolectando muestras del sensor. Esperando 3 lecturas...
2026-07-23,12:48:45,maceta1,88,90,,,,32.083333333333336,0.0011,12.8,72.1,0,0,0,Recolectando muestras del sensor. Esperando 3 lecturas...
2026-07-23,12:48:45,maceta2,91,89,,,,22.5,0.0008,12.5,65.4,0,0,0,Recolectando muestras del sensor. Esperando 3 lecturas...
2026-07-23,13:18:48,maceta1,88,90,85,84,84,56.66666666666667,0.003,12.7,68.4,0,0,0,
2026-07-23,13:18:48,maceta2,91,89,83,84,83,40.0,0.0021,12.5,65.2,0,0,0,
2026-07-23,13:48:51,maceta1,89,91,85,84,84,36.66666666666667,0.0042,12.8,68.5,0,0,0,
2026-07-23,13:48:51,maceta2,92,90,83,84,83,25.416666666666668,0.0029,12.6,65.2,0,0,0,
2026-07-23,14:18:53,maceta1,88,91,85,83,84,26.666666666666668,0.0051,12.9,68.9,0,0,0,
2026-07-23,14:18:53,maceta2,91,89,83,84,83,18.75,0.0036,12.8,63.9,0,0,0,
2026-07-23,14:48:56,maceta1,88,90,85,83,84,33.75,0.0062,13.0,67.8,1,0,0,
2026-07-23,14:48:56,maceta2,91,89,83,84,83,26.25,0.0044,12.9,63.4,0,0,0,
2026-07-23,15:18:59,maceta1,88,90,85,84,84,107.5,1.0491,13.0,67.1,1,0,0,
2026-07-23,15:18:59,maceta2,91,89,83,84,83,17.083333333333336,0.005,12.8,63.2,1,0,0,
2026-07-23,15:49:02,maceta1,88,89,85,84,84,115.83333333333334,2.0923,14.7,63.9,1,0,0,
2026-07-23,15:49:02,maceta2,90,89,83,84,83,135.41666666666669,1.0489,12.9,63.8,1,0,0,
2026-07-23,16:19:04,maceta1,88,91,85,84,84,97.91666666666667,3.1349,15.2,63.5,1,0,0,
2026-07-23,16:19:04,maceta2,91,88,83,84,83,125.83333333333334,2.0924,14.1,61.1,1,0,0,
2026-07-23,16:49:07,maceta1,88,91,85,84,84,97.08333333333334,4.1778,15.4,62.7,1,0,0,
2026-07-23,16:49:07,maceta2,91,90,83,84,83,127.08333333333334,3.1362,,,1,0,0,"Lectura invalida de DHT | Lectura invalida de DHT, se omite logica de ventilacion"
2026-07-23,17:19:10,maceta1,88,91,85,83,84,92.08333333333334,5.2202,15.4,62.6,1,0,0,
2026-07-23,17:19:10,maceta2,92,90,83,84,83,123.75,4.1797,14.4,60.2,1,0,0,
2026-07-23,17:49:13,maceta1,89,91,85,83,84,89.58333333333334,6.2625,15.5,62.5,1,0,0,
2026-07-23,17:49:13,maceta2,92,90,83,84,83,122.08333333333334,5.2231,14.4,60.0,1,0,0,
2026-07-23,18:19:15,maceta1,88,90,85,83,84,85.83333333333334,7.3047,15.5,62.8,1,0,0,
2026-07-23,18:19:15,maceta2,91,89,83,84,83,115.41666666666667,6.2663,14.4,60.2,1,0,0,
2026-07-23,18:49:18,maceta1,88,90,85,84,84,86.25,8.3469,15.5,63.4,1,0,0,
2026-07-23,18:49:18,maceta2,90,89,83,84,83,115.83333333333334,7.3095,,,1,0,0,"Lectura invalida de DHT | Lectura invalida de DHT, se omite logica de ventilacion"
2026-07-23,19:19:21,maceta1,88,91,85,84,84,87.08333333333334,9.3892,15.4,62.2,1,0,0,
2026-07-23,19:19:21,maceta2,91,89,83,84,83,117.91666666666667,8.3528,14.1,60.1,1,0,0,
2026-07-23,19:49:23,maceta1,89,92,85,83,84,86.25,10.4314,15.4,62.4,1,0,0,
2026-07-23,19:49:23,maceta2,92,89,83,84,83,117.08333333333334,9.396,14.0,60.2,1,0,0,
2026-07-23,20:19:26,maceta1,88,91,85,83,84,85.83333333333334,11.4736,15.3,62.8,1,0,0,
2026-07-23,20:19:26,maceta2,91,89,83,84,83,115.83333333333334,10.4392,14.0,60.1,1,0,0,
2026-07-23,20:49:29,maceta1,89,92,84,83,83,82.91666666666667,12.5157,15.3,62.5,1,0,0,
2026-07-23,20:49:29,maceta2,92,90,83,84,83,117.08333333333334,11.4825,13.9,60.3,1,0,0,
2026-07-23,21:19:32,maceta1,89,92,84,83,83,82.91666666666667,13.5578,15.2,62.9,1,0,0,
2026-07-23,21:19:32,maceta2,92,90,83,84,83,116.25,12.5257,13.9,60.6,1,0,0,
2026-07-23,21:49:34,maceta1,90,92,84,83,83,87.08333333333334,14.6001,,,1,0,0,"Lectura invalida de DHT | Lectura invalida de DHT, se omite logica de ventilacion"
2026-07-23,21:49:34,maceta2,92,90,83,84,83,113.33333333333334,13.5688,13.9,60.4,1,0,0,
2026-07-23,22:19:37,maceta1,89,91,84,83,83,85.0,15.6423,15.2,62.7,0,0,0,
2026-07-23,22:19:37,maceta2,93,91,82,84,83,115.41666666666667,14.612,13.9,60.8,0,0,0,
2026-07-23,22:49:40,maceta1,89,91,84,83,83,0.0,15.6423,15.3,63.6,0,0,0,
2026-07-23,22:49:40,maceta2,91,90,83,84,83,0.0,14.612,13.9,60.8,0,0,0,
2026-07-23,23:19:42,maceta1,89,92,84,83,83,0.0,15.6423,13.6,68.5,0,0,0,
2026-07-23,23:19:42,maceta2,92,89,83,84,83,0.0,14.612,12.9,62.6,0,0,0,
2026-07-23,23:49:45,maceta1,89,90,84,83,83,0.0,15.6423,13.2,69.1,0,0,0,
2026-07-23,23:49:45,maceta2,91,89,83,84,83,0.0,14.612,12.7,62.9,0,0,0,
2026-07-24,00:19:48,maceta1,89,91,84,83,83,0.0,0.0,13.1,69.2,0,0,0,
2026-07-24,00:19:48,maceta2,91,89,83,84,83,0.0,0.0,12.7,62.7,0,0,0,
2026-07-24,00:49:50,maceta1,88,91,84,83,83,0.0,0.0,13.0,70.4,0,0,0,
2026-07-24,00:49:50,maceta2,90,89,83,84,83,0.0,0.0,12.6,62.8,0,0,0,
2026-07-24,01:19:53,maceta1,90,92,84,83,83,0.0,0.0,12.9,69.9,0,0,0,
2026-07-24,01:19:53,maceta2,92,91,83,84,83,0.0,0.0,12.5,62.8,0,0,0,
2026-07-24,01:49:56,maceta1,89,92,84,83,83,0.0,0.0,12.8,71.1,0,0,0,
2026-07-24,01:49:56,maceta2,91,90,83,84,83,0.0,0.0,,,0,0,0,"Lectura invalida de DHT | Lectura invalida de DHT, se omite logica de ventilacion"
2026-07-24,02:19:59,maceta1,89,91,84,83,83,0.0,0.0,12.8,72.3,0,0,0,
2026-07-24,02:19:59,maceta2,91,89,83,84,83,0.0,0.0,12.3,63.2,0,0,0,
2026-07-24,02:50:03,maceta1,90,92,84,83,83,0.0,0.0,12.7,70.8,0,0,0,
2026-07-24,02:50:03,maceta2,92,90,83,84,83,0.0,0.0,12.3,63.4,0,0,0,
2026-07-24,03:20:06,maceta1,90,92,84,83,83,0.0,0.0,,,0,0,0,"Lectura invalida de DHT | Lectura invalida de DHT, se omite logica de ventilacion"
2026-07-24,03:20:06,maceta2,92,91,83,84,83,0.0,0.0,12.3,63.1,0,0,0,
2026-07-24,03:50:09,maceta1,90,92,84,83,83,0.0,0.0,12.7,71.8,0,0,0,
2026-07-24,03:50:09,maceta2,92,89,83,84,83,0.0,0.0,12.3,63.3,0,0,0,
2026-07-24,04:20:11,maceta1,90,91,84,83,83,0.0,0.0,12.7,71.5,0,0,0,
2026-07-24,04:20:11,maceta2,91,90,83,84,83,0.0,0.0,12.3,63.7,0,0,0,
2026-07-24,04:50:14,maceta1,89,91,84,83,83,0.0,0.0,12.6,72.0,0,0,0,
2026-07-24,04:50:14,maceta2,91,89,83,84,83,0.0,0.0,12.2,63.8,0,0,0,
2026-07-24,05:20:17,maceta1,89,91,84,83,83,0.0,0.0,12.5,70.3,0,0,0,
2026-07-24,05:20:17,maceta2,91,89,83,84,83,0.0,0.0,12.2,63.8,0,0,0,
2026-07-24,05:50:20,maceta1,89,91,84,83,83,0.0,0.0,12.5,69.2,0,0,0,
2026-07-24,05:50:20,maceta2,91,89,83,84,83,0.0,0.0,12.2,64.0,0,0,0,
2026-07-24,06:20:22,maceta1,89,92,84,83,83,0.0,0.0,12.5,69.2,0,0,0,
2026-07-24,06:20:22,maceta2,93,89,83,84,83,0.0,0.0,12.1,64.1,0,0,0,
2026-07-24,06:50:25,maceta1,90,92,84,83,83,0.0,0.0,12.5,69.6,0,0,0,
2026-07-24,06:50:25,maceta2,92,90,83,84,83,0.0,0.0,12.1,64.4,0,0,0,
2026-07-24,07:20:28,maceta1,89,90,84,83,83,0.0,0.0,12.5,69.0,0,0,0,
2026-07-24,07:20:28,maceta2,90,89,83,84,83,0.0,0.0,12.1,64.4,0,0,0,
2026-07-24,07:50:30,maceta1,88,91,84,83,83,0.0,0.0,12.4,69.1,0,0,0,
2026-07-24,07:50:30,maceta2,91,89,83,84,83,0.0,0.0,12.0,64.5,0,0,0,
2026-07-24,08:20:33,maceta1,90,92,84,83,83,0.0,0.0,12.4,69.5,0,0,0,
2026-07-24,08:20:33,maceta2,92,91,83,84,83,0.0,0.0,12.0,64.8,0,0,0,
2026-07-24,08:50:36,maceta1,89,91,84,83,83,2.0833333333333335,0.0001,12.4,69.3,0,0,0,
2026-07-24,08:50:36,maceta2,91,90,83,84,83,1.6666666666666667,0.0001,12.0,64.6,0,0,0,
2026-07-24,09:20:38,maceta1,89,91,84,83,83,4.166666666666667,0.0002,12.3,69.4,0,0,0,
2026-07-24,09:20:38,maceta2,91,89,83,84,83,3.3333333333333335,0.0002,,,0,0,0,"Lectura invalida de DHT | Lectura invalida de DHT, se omite logica de ventilacion"
2026-07-24,09:50:41,maceta1,89,91,84,83,83,12.083333333333334,0.0006,12.3,68.8,0,0,0,
2026-07-24,09:50:41,maceta2,92,89,83,84,83,8.75,0.0005,12.0,64.6,0,0,0,
2026-07-24,10:20:44,maceta1,89,91,84,83,83,5.416666666666667,0.0008,12.3,69.1,0,0,0,
2026-07-24,10:20:44,maceta2,91,91,83,84,83,3.75,0.0006,12.0,64.9,0,0,0,
2026-07-24,10:50:46,maceta1,90,92,84,83,83,22.5,0.0015,12.3,70.0,0,0,0,
2026-07-24,10:50:46,maceta2,92,90,83,84,83,15.833333333333334,0.0011,12.0,65.1,0,0,0,
2026-07-24,11:20:49,maceta1,88,91,84,83,83,17.083333333333336,0.0021,12.3,70.4,0,0,0,
2026-07-24,11:20:49,maceta2,91,89,83,84,83,11.666666666666668,0.0015,,,0,0,0,"Lectura invalida de DHT | Lectura invalida de DHT, se omite logica de ventilacion"
2026-07-24,11:50:52,maceta1,88,91,84,83,83,19.166666666666668,0.0028,12.3,71.1,0,0,0,
2026-07-24,11:50:52,maceta2,91,89,83,84,83,13.75,0.002,12.1,65.7,0,0,0,
2026-07-24,12:20:55,maceta1,88,92,85,83,84,23.333333333333336,0.0035,12.4,70.8,0,0,0,
2026-07-24,12:20:55,maceta2,92,90,83,84,83,16.25,0.0025,12.2,65.5,0,0,0,
2026-07-24,12:50:57,maceta1,89,91,85,83,84,84.58333333333334,0.0064,12.5,69.0,0,0,0,
2026-07-24,12:50:57,maceta2,91,89,83,84,83,58.75,0.0045,12.3,66.0,0,0,0,
2026-07-24,13:21:00,maceta1,89,92,84,83,83,38.333333333333336,0.0076,12.5,69.4,0,0,0,
2026-07-24,13:21:00,maceta2,91,90,83,84,83,27.083333333333336,0.0054,12.5,66.2,0,0,0,
2026-07-24,13:51:03,maceta1,90,92,84,83,83,53.333333333333336,0.0094,12.7,70.5,0,0,0,
2026-07-24,13:51:03,maceta2,92,90,83,84,83,37.91666666666667,0.0066,12.5,65.9,0,0,0,
2026-07-24,14:21:06,maceta1,89,91,84,83,83,63.333333333333336,0.0115,12.9,70.8,0,0,0,
2026-07-24,14:21:06,maceta2,91,89,83,84,83,45.41666666666667,0.0081,12.7,66.0,0,0,0,
2026-07-24,14:51:08,maceta1,89,91,84,83,83,30.416666666666668,0.0125,12.9,71.1,1,0,0,
2026-07-24,14:51:08,maceta2,89,89,83,84,83,26.25,0.009,12.8,66.1,0,0,0,
2026-07-24,15:21:11,maceta1,89,90,84,83,83,125.41666666666667,1.056,13.0,70.8,1,0,0,
2026-07-24,15:21:11,maceta2,91,88,84,84,84,28.75,0.01,12.9,66.2,1,0,0,
2026-07-24,15:51:14,maceta1,88,91,84,83,83,109.16666666666667,2.099,14.8,65.7,1,0,0,
2026-07-24,15:51:14,maceta2,91,89,84,84,84,131.25,1.0537,12.9,66.3,1,0,0,
2026-07-24,16:21:16,maceta1,88,91,85,83,84,96.66666666666667,3.1416,,,1,0,0,"Lectura invalida de DHT | Lectura invalida de DHT, se omite logica de ventilacion"
2026-07-24,16:21:16,maceta2,92,90,83,84,83,123.75,2.0972,14.2,63.3,1,0,0,
2026-07-24,16:51:19,maceta1,89,91,85,83,84,90.41666666666667,4.184,15.3,63.7,1,0,0,
2026-07-24,16:51:19,maceta2,91,89,83,84,83,116.66666666666667,3.1404,14.4,62.7,1,0,0,
2026-07-24,17:21:22,maceta1,89,91,84,83,83,94.16666666666667,5.2264,15.3,64.6,1,0,0,
2026-07-24,17:21:22,maceta2,92,89,83,84,83,122.5,4.1838,14.4,62.9,1,0,0,
2026-07-24,17:51:24,maceta1,88,92,84,83,83,89.16666666666667,6.2688,15.4,65.4,1,0,0,
2026-07-24,17:51:24,maceta2,92,90,83,84,83,120.41666666666667,5.2272,14.4,62.9,1,0,0,
2026-07-24,18:21:27,maceta1,88,92,85,83,84,87.08333333333334,7.311,15.4,65.7,1,0,0,
2026-07-24,18:21:27,maceta2,91,90,83,84,83,115.41666666666667,6.2704,14.4,62.9,1,0,0,
2026-07-24,18:51:30,maceta1,88,91,85,83,84,85.0,8.3532,15.4,64.1,1,0,0,
2026-07-24,18:51:30,maceta2,91,89,83,84,83,113.33333333333334,7.3135,14.4,62.8,1,0,0,
2026-07-24,19:21:32,maceta1,89,92,85,83,84,87.5,9.3954,,,1,0,0,"Lectura invalida de DHT | Lectura invalida de DHT, se omite logica de ventilacion"
2026-07-24,19:21:32,maceta2,91,90,83,84,83,116.66666666666667,8.3567,14.2,62.8,1,0,0,
2026-07-24,19:51:35,maceta1,89,92,84,83,83,85.41666666666667,10.4376,15.4,64.6,1,0,0,
2026-07-24,19:51:35,maceta2,92,90,83,84,83,116.66666666666667,9.3999,,,1,0,0,"Lectura invalida de DHT | Lectura invalida de DHT, se omite logica de ventilacion"
2026-07-24,20:21:38,maceta1,88,91,84,83,83,85.0,11.4798,15.4,64.7,1,0,0,
2026-07-24,20:21:38,maceta2,91,89,83,84,83,112.08333333333334,10.443,14.0,62.7,1,0,0,
2026-07-24,20:51:40,maceta1,88,91,85,83,84,84.16666666666667,12.5219,15.4,65.0,1,0,0,
2026-07-24,20:51:40,maceta2,91,89,83,84,83,112.5,11.4861,14.0,62.6,1,0,0,
2026-07-24,21:21:43,maceta1,88,91,85,83,84,82.91666666666667,13.564,15.3,65.0,1,0,0,
2026-07-24,21:21:43,maceta2,91,89,83,84,83,114.58333333333334,12.5292,14.0,62.8,1,0,0,
2026-07-24,21:51:46,maceta1,88,91,85,83,84,86.66666666666667,14.6062,15.4,65.0,1,0,0,
2026-07-24,21:51:46,maceta2,91,89,83,84,83,115.0,13.5724,14.0,63.0,1,0,0,
2026-07-24,22:21:49,maceta1,88,92,85,83,84,85.41666666666667,15.6484,15.4,64.9,0,0,0,
2026-07-24,22:21:49,maceta2,92,91,83,84,83,111.66666666666667,14.6155,14.0,63.2,0,0,0,
2026-07-24,22:51:51,maceta1,90,91,84,83,83,0.0,15.6484,15.3,65.0,0,0,0,
2026-07-24,22:51:51,maceta2,92,90,83,84,83,0.0,14.6155,13.9,63.6,0,0,0,
2026-07-24,23:21:54,maceta1,90,92,84,83,83,0.0,15.6484,13.7,70.7,0,0,0,
2026-07-24,23:21:54,maceta2,92,90,83,84,83,0.0,14.6155,13.0,65.3,0,0,0,
2026-07-24,23:51:57,maceta1,90,92,84,83,83,0.0,15.6484,13.3,71.8,0,0,0,
2026-07-24,23:51:57,maceta2,93,90,82,84,83,0.0,14.6155,12.8,65.9,0,0,0,
2026-07-25,00:21:59,maceta1,89,91,84,83,83,0.0,0.0,,,0,0,0,"Lectura invalida de DHT | Lectura invalida de DHT, se omite logica de ventilacion"
2026-07-25,00:21:59,maceta2,92,90,82,84,83,0.0,0.0,12.7,66.0,0,0,0,
2026-07-25,00:52:02,maceta1,89,92,84,83,83,0.0,0.0,13.1,72.6,0,0,0,
2026-07-25,00:52:02,maceta2,91,90,83,84,83,0.0,0.0,12.6,66.1,0,0,0,
2026-07-25,01:22:05,maceta1,90,92,84,83,83,0.0,0.0,13.0,73.0,0,0,0,
2026-07-25,01:22:05,maceta2,91,90,83,84,83,0.0,0.0,12.5,66.1,0,0,0,
2026-07-25,01:52:07,maceta1,91,93,84,82,83,0.0,0.0,13.0,73.8,0,0,0,
2026-07-25,01:52:07,maceta2,92,91,83,84,83,0.0,0.0,12.5,66.0,0,0,0,
2026-07-25,02:22:10,maceta1,90,92,84,82,83,0.0,0.0,12.9,74.1,0,0,0,
2026-07-25,02:22:10,maceta2,92,90,83,84,83,0.0,0.0,12.5,66.1,0,0,0,
2026-07-25,02:52:13,maceta1,91,94,83,82,82,0.0,0.0,12.8,73.5,0,0,0,
2026-07-25,02:52:13,maceta2,93,91,82,83,82,0.0,0.0,12.5,66.1,0,0,0,
2026-07-25,03:22:16,maceta1,91,94,83,82,82,0.0,0.0,12.8,73.6,0,0,0,
2026-07-25,03:22:16,maceta2,92,91,82,83,82,0.0,0.0,12.4,65.9,0,0,0,
2026-07-25,03:52:18,maceta1,90,93,83,82,82,0.0,0.0,12.8,74.3,0,0,0,
2026-07-25,03:52:18,maceta2,92,90,82,83,82,0.0,0.0,12.4,65.8,0,0,0,
2026-07-25,04:22:21,maceta1,91,93,83,82,82,0.0,0.0,,,0,0,0,"Lectura invalida de DHT | Lectura invalida de DHT, se omite logica de ventilacion"
2026-07-25,04:22:21,maceta2,93,90,82,84,83,0.0,0.0,12.3,65.5,0,0,0,
2026-07-25,04:52:24,maceta1,91,93,83,82,82,0.0,0.0,12.6,73.5,0,0,0,
2026-07-25,04:52:24,maceta2,92,90,82,84,83,0.0,0.0,12.2,65.5,0,0,0,
2026-07-25,05:22:26,maceta1,91,94,83,82,82,0.0,0.0,12.6,74.1,0,0,0,
2026-07-25,05:22:26,maceta2,93,90,82,84,83,0.0,0.0,12.2,65.3,0,0,0,
2026-07-25,05:52:29,maceta1,91,93,83,82,82,0.0,0.0,12.5,73.6,0,0,0,
2026-07-25,05:52:29,maceta2,92,90,82,84,83,0.0,0.0,12.2,65.4,0,0,0,
2026-07-25,06:22:32,maceta1,92,94,83,82,82,0.0,0.0,12.5,72.0,0,0,0,
2026-07-25,06:22:32,maceta2,93,90,82,84,83,0.0,0.0,12.1,65.5,0,0,0,
2026-07-25,06:52:34,maceta1,90,93,83,82,82,0.0,0.0,12.5,73.1,0,0,0,
2026-07-25,06:52:34,maceta2,92,91,82,84,83,0.0,0.0,12.1,65.6,0,0,0,
2026-07-25,07:22:37,maceta1,91,94,83,82,82,0.0,0.0,12.4,72.3,0,0,0,
2026-07-25,07:22:37,maceta2,92,90,82,84,83,0.0,0.0,12.0,65.9,0,0,0,
2026-07-25,07:52:40,maceta1,91,94,83,82,82,0.0,0.0,12.3,71.7,0,0,0,
2026-07-25,07:52:40,maceta2,92,90,83,84,83,0.0,0.0,12.0,65.9,0,0,0,
2026-07-25,08:22:43,maceta1,91,95,83,81,82,0.4166666666666667,0.0,12.3,71.1,0,0,0,
2026-07-25,08:22:43,maceta2,92,91,83,84,83,0.4166666666666667,0.0,11.9,65.9,0,0,0,
2026-07-25,08:52:45,maceta1,91,95,83,81,82,6.25,0.0002,12.3,72.7,0,0,0,
2026-07-25,08:52:45,maceta2,91,90,83,84,83,4.583333333333334,0.0002,11.9,66.4,0,0,0,
2026-07-25,09:22:48,maceta1,92,94,83,81,82,10.833333333333334,0.0006,12.3,71.6,0,0,0,
2026-07-25,09:22:48,maceta2,93,91,83,83,83,7.5,0.0004,11.9,66.8,0,0,0,
2026-07-25,09:52:51,maceta1,92,95,83,81,82,22.916666666666668,0.0013,12.3,73.1,0,0,0,
2026-07-25,09:52:51,maceta2,92,90,83,84,83,16.25,0.001,11.9,67.5,0,0,0,
2026-07-25,10:22:53,maceta1,92,95,83,81,82,22.5,0.0021,12.3,72.3,0,0,0,
2026-07-25,10:22:53,maceta2,92,90,82,84,83,16.25,0.0015,12.0,68.2,0,0,0,
2026-07-25,10:52:56,maceta1,91,94,83,81,82,21.25,0.0028,,,0,0,0,"Lectura invalida de DHT | Lectura invalida de DHT, se omite logica de ventilacion"
2026-07-25,10:52:56,maceta2,91,90,83,84,83,15.0,0.002,12.1,68.6,0,0,0,
2026-07-25,11:22:59,maceta1,92,94,83,81,82,33.75,0.0039,12.4,71.5,0,0,0,
2026-07-25,11:22:59,maceta2,93,91,83,84,83,23.333333333333336,0.0028,12.2,69.1,0,0,0,
2026-07-25,11:53:01,maceta1,92,94,83,82,82,42.91666666666667,0.0054,12.5,72.6,0,0,0,
2026-07-25,11:53:01,maceta2,92,90,83,84,83,30.0,0.0038,12.3,69.5,0,0,0,
2026-07-25,12:23:04,maceta1,91,95,83,81,82,62.083333333333336,0.0074,12.7,75.0,0,0,0,
2026-07-25,12:23:04,maceta2,92,90,82,84,83,44.583333333333336,0.0053,12.5,69.5,0,0,0,
2026-07-25,12:53:07,maceta1,92,95,83,81,82,63.75,0.0096,12.9,77.0,0,0,0,
2026-07-25,12:53:07,maceta2,93,91,82,84,83,45.833333333333336,0.0068,12.7,70.3,0,0,0,
2026-07-25,13:23:09,maceta1,93,95,83,81,82,66.25,0.0118,13.1,77.5,0,0,0,
2026-07-25,13:23:09,maceta2,93,91,82,83,82,47.5,0.0084,12.9,70.7,0,0,0,
2026-07-25,13:53:12,maceta1,92,95,82,81,81,62.91666666666667,0.0139,13.2,77.8,0,0,0,
2026-07-25,13:53:12,maceta2,93,92,82,83,82,45.833333333333336,0.0099,13.1,72.1,0,0,0,
2026-07-25,14:23:15,maceta1,92,95,82,81,81,57.91666666666667,0.0158,13.4,77.2,0,0,0,
2026-07-25,14:23:15,maceta2,93,91,82,83,82,42.083333333333336,0.0113,,,0,0,0,"Lectura invalida de DHT | Lectura invalida de DHT, se omite logica de ventilacion"
2026-07-25,14:53:18,maceta1,92,94,83,81,82,26.666666666666668,0.0167,13.5,76.8,1,0,0,
2026-07-25,14:53:18,maceta2,91,89,82,83,82,23.75,0.0121,13.3,70.7,0,0,0,
2026-07-25,15:23:20,maceta1,89,91,83,82,82,103.75,1.0595,13.5,77.9,1,0,0,
2026-07-25,15:23:20,maceta2,92,90,83,84,83,21.25,0.0128,13.4,71.2,1,0,0,
2026-07-25,15:53:23,maceta1,89,92,84,82,83,92.08333333333334,2.1019,15.5,72.0,1,0,0,
2026-07-25,15:53:23,maceta2,91,89,83,84,83,120.0,1.0561,13.4,71.3,1,0,0,
2026-07-25,16:23:26,maceta1,90,93,84,83,83,97.91666666666667,3.1446,16.0,71.5,1,0,0,
2026-07-25,16:23:26,maceta2,92,90,83,84,83,127.08333333333334,2.0998,14.7,67.9,1,0,0,
2026-07-25,16:53:28,maceta1,89,92,84,82,83,91.66666666666667,4.187,16.2,71.2,1,0,0,
2026-07-25,16:53:28,maceta2,92,89,83,84,83,117.91666666666667,3.1431,15.0,67.4,1,0,0,
2026-07-25,17:23:31,maceta1,89,93,84,82,83,85.0,5.2292,16.4,71.0,1,0,0,
2026-07-25,17:23:31,maceta2,91,90,83,84,83,115.41666666666667,4.1863,15.2,67.2,1,0,0,
2026-07-25,17:53:34,maceta1,90,92,84,82,83,80.41666666666667,6.2712,16.5,70.8,1,0,0,
2026-07-25,17:53:34,maceta2,92,90,83,84,83,117.08333333333334,5.2296,15.3,67.2,1,0,0,
2026-07-25,18:23:37,maceta1,89,92,84,82,83,79.16666666666667,7.3132,16.5,71.1,1,0,0,
2026-07-25,18:23:37,maceta2,91,90,83,84,83,115.0,6.2727,15.4,67.2,1,0,0,
2026-07-25,18:53:39,maceta1,89,92,84,83,83,79.58333333333334,8.3552,16.6,71.2,1,0,0,
2026-07-25,18:53:39,maceta2,92,91,83,84,83,113.75,7.3159,,,1,0,0,"Lectura invalida de DHT | Lectura invalida de DHT, se omite logica de ventilacion"
2026-07-25,19:23:42,maceta1,89,91,84,83,83,80.0,9.3972,16.5,71.2,1,0,0,
2026-07-25,19:23:42,maceta2,93,91,83,83,83,114.16666666666667,8.359,15.5,67.2,1,0,0,
2026-07-25,19:53:45,maceta1,90,92,84,83,83,76.66666666666667,10.4391,16.5,69.8,1,0,0,
2026-07-25,19:53:45,maceta2,93,89,82,84,83,116.25,9.4022,15.5,67.4,1,0,0,
2026-07-25,20:23:47,maceta1,88,91,84,83,83,80.41666666666667,11.4811,16.3,69.0,1,0,0,
2026-07-25,20:23:47,maceta2,93,90,82,84,83,116.25,10.4455,15.5,67.6,1,0,0,
2026-07-25,20:53:50,maceta1,89,91,84,83,83,78.33333333333334,12.5231,16.2,68.9,1,0,0,
2026-07-25,20:53:50,maceta2,90,89,83,84,83,112.91666666666667,11.4886,15.5,68.0,1,0,0,
2026-07-25,21:23:53,maceta1,89,92,84,83,83,76.66666666666667,13.565,16.3,69.4,1,0,0,
2026-07-25,21:23:53,maceta2,92,90,83,84,83,116.66666666666667,12.5318,15.5,68.0,1,0,0,
2026-07-25,21:53:55,maceta1,88,92,84,83,83,77.5,14.6069,16.4,69.7,1,0,0,
2026-07-25,21:53:55,maceta2,91,90,83,84,83,117.08333333333334,13.575,15.6,68.0,1,0,0,
2026-07-25,22:23:58,maceta1,90,93,84,82,83,76.66666666666667,15.6488,16.4,69.5,0,0,0,
2026-07-25,22:23:58,maceta2,94,91,82,84,83,114.16666666666667,14.6182,15.6,67.6,0,0,0,
2026-07-25,22:54:01,maceta1,90,93,84,82,83,0.0,15.6488,16.4,70.4,0,0,0,
2026-07-25,22:54:01,maceta2,93,91,82,83,82,0.0,14.6182,15.7,67.5,0,0,0,
2026-07-25,23:24:04,maceta1,91,93,84,82,83,0.0,15.6488,15.0,74.0,0,0,0,
2026-07-25,23:24:04,maceta2,93,91,82,83,82,0.0,14.6182,14.7,70.7,0,0,0,
2026-07-25,23:54:06,maceta1,91,94,83,82,82,0.0,15.6488,14.6,75.8,0,0,0,
2026-07-25,23:54:06,maceta2,94,92,82,83,82,0.0,14.6182,14.4,72.0,0,0,0,
2026-07-26,00:24:09,maceta1,92,94,83,82,82,0.0,0.0,14.5,76.7,0,0,0,
2026-07-26,00:24:09,maceta2,94,91,82,83,82,0.0,0.0,14.2,72.0,0,0,0,
2026-07-26,00:54:12,maceta1,92,95,83,81,82,0.0,0.0,14.4,77.1,0,0,0,
2026-07-26,00:54:12,maceta2,94,91,82,83,82,0.0,0.0,14.2,72.1,0,0,0,
2026-07-26,01:24:14,maceta1,92,94,83,81,82,0.0,0.0,14.3,77.2,0,0,0,
2026-07-26,01:24:14,maceta2,91,91,82,83,82,0.0,0.0,14.1,71.9,0,0,0,
2026-07-26,01:54:17,maceta1,91,95,83,81,82,0.0,0.0,14.3,77.0,0,0,0,
2026-07-26,01:54:17,maceta2,92,90,82,83,82,0.0,0.0,14.1,71.6,0,0,0,
2026-07-26,02:24:20,maceta1,92,95,83,81,82,0.0,0.0,14.2,77.3,0,0,0,
2026-07-26,02:24:20,maceta2,93,91,83,83,83,0.0,0.0,14.0,71.3,0,0,0,
2026-07-26,02:54:23,maceta1,91,95,83,81,82,0.0,0.0,14.2,77.2,0,0,0,
2026-07-26,02:54:23,maceta2,93,92,82,83,82,0.0,0.0,14.0,71.3,0,0,0,
2026-07-26,03:24:25,maceta1,92,95,83,81,82,0.0,0.0,14.1,76.4,0,0,0,
2026-07-26,03:24:25,maceta2,93,91,82,83,82,0.0,0.0,13.9,70.9,0,0,0,
2026-07-26,03:54:28,maceta1,92,94,83,81,82,0.0,0.0,14.1,75.9,0,0,0,
2026-07-26,03:54:28,maceta2,93,91,82,83,82,0.0,0.0,13.9,70.8,0,0,0,
2026-07-26,04:24:31,maceta1,92,95,83,81,82,0.0,0.0,14.1,77.1,0,0,0,
2026-07-26,04:24:31,maceta2,93,91,82,83,82,0.0,0.0,13.8,70.8,0,0,0,
2026-07-26,04:54:33,maceta1,91,94,83,81,82,0.0,0.0,14.0,76.9,0,0,0,
2026-07-26,04:54:33,maceta2,92,90,82,83,82,0.0,0.0,13.9,70.7,0,0,0,
2026-07-26,05:24:37,maceta1,92,94,83,81,82,0.0,0.0,14.0,76.6,0,0,0,
2026-07-26,05:24:37,maceta2,92,90,82,84,83,0.0,0.0,13.8,70.3,0,0,0,
2026-07-26,05:54:40,maceta1,92,95,83,81,82,0.0,0.0,13.9,76.5,0,0,0,
2026-07-26,05:54:40,maceta2,94,91,82,84,83,0.0,0.0,13.7,70.1,0,0,0,
2026-07-26,06:24:42,maceta1,91,95,83,81,82,0.0,0.0,13.9,76.1,0,0,0,
2026-07-26,06:24:42,maceta2,93,92,82,83,82,0.0,0.0,13.7,69.8,0,0,0,
2026-07-26,06:54:45,maceta1,92,95,83,81,82,0.0,0.0,13.9,76.2,0,0,0,
2026-07-26,06:54:45,maceta2,93,90,82,83,82,0.0,0.0,13.6,69.5,0,0,0,
2026-07-26,07:24:48,maceta1,91,94,83,81,82,0.0,0.0,13.8,76.4,0,0,0,
2026-07-26,07:24:48,maceta2,93,91,82,83,82,0.0,0.0,13.6,69.4,0,0,0,
2026-07-26,07:54:50,maceta1,92,95,83,81,82,0.0,0.0,13.8,75.5,0,0,0,
2026-07-26,07:54:50,maceta2,92,90,82,84,83,0.0,0.0,13.5,69.0,0,0,0,
2026-07-26,08:24:53,maceta1,92,95,83,81,82,0.4166666666666667,0.0,13.7,76.5,0,0,0,
2026-07-26,08:24:53,maceta2,92,90,82,84,83,0.4166666666666667,0.0,13.5,68.9,0,0,0,
2026-07-26,08:54:56,maceta1,91,94,83,81,82,11.25,0.0004,13.6,76.2,0,0,0,
2026-07-26,08:54:56,maceta2,93,92,82,83,82,8.333333333333334,0.0003,13.4,68.7,0,0,0,
2026-07-26,09:24:58,maceta1,91,94,83,81,82,18.75,0.001,13.6,75.3,0,0,0,
2026-07-26,09:24:58,maceta2,92,90,82,83,82,13.75,0.0008,13.3,68.6,0,0,0,
2026-07-26,09:55:01,maceta1,92,94,83,82,82,27.083333333333336,0.0019,13.6,77.1,0,0,0,
2026-07-26,09:55:01,maceta2,94,90,82,83,82,19.583333333333336,0.0014,13.4,68.9,0,0,0,
2026-07-26,10:25:04,maceta1,92,96,83,81,82,36.25,0.0031,13.7,73.2,0,0,0,
2026-07-26,10:25:04,maceta2,93,91,82,84,83,26.25,0.0023,13.5,69.9,0,0,0,
2026-07-26,10:55:06,maceta1,92,95,83,81,82,25.833333333333336,0.004,13.8,74.3,0,0,0,
2026-07-26,10:55:06,maceta2,93,91,82,83,82,18.75,0.0029,13.7,70.9,0,0,0,
2026-07-26,11:25:09,maceta1,92,95,83,81,82,55.0,0.0058,13.9,75.1,0,0,0,
2026-07-26,11:25:09,maceta2,93,91,82,83,82,39.16666666666667,0.0042,13.9,70.7,0,0,0,
2026-07-26,11:55:12,maceta1,92,95,83,81,82,66.25,0.008,14.1,75.7,0,0,0,
2026-07-26,11:55:12,maceta2,93,91,82,83,82,47.5,0.0058,13.9,71.6,0,0,0,
2026-07-26,12:25:14,maceta1,91,94,83,81,82,62.5,0.0101,14.1,76.0,0,0,0,
2026-07-26,12:25:14,maceta2,92,91,82,83,82,45.0,0.0073,14.0,72.4,0,0,0,
2026-07-26,12:55:17,maceta1,92,94,83,81,82,62.5,0.0122,14.3,77.5,0,0,0,
2026-07-26,12:55:17,maceta2,94,89,82,84,83,45.0,0.0088,14.1,72.9,0,0,0,
2026-07-26,13:25:20,maceta1,91,95,83,81,82,65.0,0.0144,14.3,78.3,0,0,0,
2026-07-26,13:25:20,maceta2,93,91,82,84,83,46.66666666666667,0.0104,14.2,73.0,0,0,0,
2026-07-26,13:55:23,maceta1,92,95,83,81,82,60.0,0.0164,14.5,79.0,0,0,0,
2026-07-26,13:55:23,maceta2,94,93,82,83,82,43.333333333333336,0.0118,14.3,74.2,0,0,0,
2026-07-26,14:25:25,maceta1,91,94,83,81,82,40.0,0.0177,14.6,79.6,0,0,0,
2026-07-26,14:25:25,maceta2,93,91,82,83,82,28.333333333333336,0.0127,14.5,74.5,0,0,0,
2026-07-26,14:55:28,maceta1,92,95,83,81,82,22.5,0.0185,14.6,79.6,1,0,0,
2026-07-26,14:55:28,maceta2,92,90,82,83,82,20.833333333333336,0.0134,14.5,74.6,0,0,0,
2026-07-26,15:25:31,maceta1,90,94,83,81,82,95.0,1.061,14.7,79.8,1,0,0,
2026-07-26,15:25:31,maceta2,92,91,82,83,82,20.833333333333336,0.0141,14.6,73.6,1,0,0,
2026-07-26,15:55:33,maceta1,90,93,83,82,82,80.0,2.103,16.6,73.0,1,0,0,
2026-07-26,15:55:33,maceta2,93,91,82,83,82,121.25,1.0575,14.7,74.2,1,0,0,
2026-07-26,16:25:36,maceta1,90,93,84,82,83,87.5,3.1452,17.0,71.7,1,0,0,
2026-07-26,16:25:36,maceta2,93,90,82,83,82,124.58333333333334,2.101,16.0,68.4,1,0,0,
2026-07-26,16:55:39,maceta1,90,93,84,82,83,82.5,4.1873,17.3,71.2,1,0,0,
2026-07-26,16:55:39,maceta2,92,90,82,84,83,122.91666666666667,3.1445,16.2,67.4,1,0,0,
2026-07-26,17:25:41,maceta1,90,93,84,82,83,77.5,5.2293,17.5,71.2,1,0,0,
2026-07-26,17:25:41,maceta2,91,90,83,84,83,121.25,4.1878,16.4,66.9,1,0,0,
2026-07-26,17:55:44,maceta1,90,93,84,82,83,75.41666666666667,6.2711,17.6,70.8,1,0,0,
2026-07-26,17:55:44,maceta2,93,91,83,84,83,117.5,5.2311,16.5,66.9,1,0,0,
2026-07-26,18:25:47,maceta1,90,93,84,82,83,71.25,7.3128,17.6,71.1,1,0,0,
2026-07-26,18:25:47,maceta2,93,91,82,83,82,116.25,6.2743,16.5,66.9,1,0,0,
2026-07-26,18:55:49,maceta1,89,93,84,82,83,67.91666666666667,8.3544,17.7,71.3,1,0,0,
2026-07-26,18:55:49,maceta2,91,90,82,83,82,113.33333333333334,7.3174,16.6,66.7,1,0,0,
2026-07-26,19:25:52,maceta1,89,92,84,82,83,72.08333333333334,9.3962,17.7,71.0,1,0,0,
2026-07-26,19:25:52,maceta2,91,90,83,84,83,116.66666666666667,8.3607,16.7,66.5,1,0,0,
2026-07-26,19:55:55,maceta1,90,93,84,82,83,69.58333333333334,10.4378,17.7,70.6,1,0,0,
2026-07-26,19:55:55,maceta2,93,91,83,84,83,113.75,9.4038,16.7,66.1,1,0,0,
2026-07-26,20:25:57,maceta1,90,92,84,82,83,67.91666666666667,11.4794,17.6,68.7,1,0,0,
2026-07-26,20:25:57,maceta2,92,90,83,84,83,116.25,10.447,16.7,66.2,1,0,0,
2026-07-26,20:56:00,maceta1,89,92,84,82,83,70.41666666666667,12.5212,17.5,68.5,1,0,0,
2026-07-26,20:56:00,maceta2,92,90,82,84,83,116.25,11.4903,16.7,66.4,1,0,0,
2026-07-26,21:26:03,maceta1,88,92,84,83,83,72.08333333333334,13.563,17.5,69.4,1,0,0,
2026-07-26,21:26:03,maceta2,91,89,83,84,83,117.08333333333334,12.5336,16.7,66.6,1,0,0,
2026-07-26,21:56:06,maceta1,88,92,85,83,84,68.75,14.6047,17.5,68.8,1,0,0,
2026-07-26,21:56:06,maceta2,92,90,83,84,83,117.91666666666667,13.5769,16.7,66.5,1,0,0,
2026-07-26,22:26:09,maceta1,89,93,85,82,83,70.83333333333334,15.6464,17.5,68.9,0,0,0,
2026-07-26,22:26:09,maceta2,94,92,82,84,83,112.08333333333334,14.62,16.7,67.0,0,0,0,
2026-07-26,22:56:11,maceta1,91,93,84,82,83,0.0,15.6464,17.6,69.1,0,0,0,
2026-07-26,22:56:11,maceta2,93,91,82,83,82,0.0,14.62,16.8,66.6,0,0,0,
2026-07-26,23:26:14,maceta1,90,93,84,82,83,0.0,15.6464,16.1,73.3,0,0,0,
2026-07-26,23:26:14,maceta2,94,91,82,83,82,0.0,14.62,15.8,68.9,0,0,0,
2026-07-26,23:56:17,maceta1,90,92,84,82,83,0.0,15.6464,15.8,74.7,0,0,0,
2026-07-26,23:56:17,maceta2,93,91,82,83,82,0.0,14.62,15.6,69.9,0,0,0,
2026-07-27,00:26:19,maceta1,91,94,84,82,83,0.0,0.0,15.6,75.7,0,0,0,
2026-07-27,00:26:19,maceta2,93,91,82,83,82,0.0,0.0,15.5,70.5,0,0,0,
2026-07-27,00:56:22,maceta1,91,93,83,82,82,0.0,0.0,15.6,75.7,0,0,0,
2026-07-27,00:56:22,maceta2,94,92,82,83,82,0.0,0.0,15.5,70.7,0,0,0,
2026-07-27,01:26:25,maceta1,91,93,83,82,82,0.0,0.0,15.6,75.6,0,0,0,
2026-07-27,01:26:25,maceta2,93,91,82,83,82,0.0,0.0,15.4,70.7,0,0,0,
2026-07-27,01:56:27,maceta1,92,94,83,82,82,0.0,0.0,15.6,76.6,0,0,0,
2026-07-27,01:56:27,maceta2,94,92,82,83,82,0.0,0.0,15.4,71.0,0,0,0,
2026-07-27,02:26:30,maceta1,92,95,83,82,82,0.0,0.0,15.5,76.1,0,0,0,
2026-07-27,02:26:30,maceta2,94,92,82,83,82,0.0,0.0,15.4,71.0,0,0,0,
2026-07-27,02:56:33,maceta1,91,93,83,82,82,0.0,0.0,15.5,75.8,0,0,0,
2026-07-27,02:56:33,maceta2,93,91,82,83,82,0.0,0.0,15.4,71.3,0,0,0,
2026-07-27,03:26:36,maceta1,92,95,83,81,82,0.0,0.0,15.5,76.0,0,0,0,
2026-07-27,03:26:36,maceta2,94,92,82,83,82,0.0,0.0,15.4,71.2,0,0,0,
2026-07-27,03:56:38,maceta1,90,94,83,82,82,0.0,0.0,15.5,76.1,0,0,0,
2026-07-27,03:56:38,maceta2,93,91,82,83,82,0.0,0.0,15.4,71.3,0,0,0,
2026-07-27,04:26:41,maceta1,91,94,83,81,82,0.0,0.0,15.4,75.7,0,0,0,
2026-07-27,04:26:41,maceta2,93,91,82,83,82,0.0,0.0,15.3,71.5,0,0,0,
2026-07-27,04:56:44,maceta1,92,95,83,81,82,0.0,0.0,15.4,76.3,0,0,0,
2026-07-27,04:56:44,maceta2,94,92,82,83,82,0.0,0.0,15.3,71.4,0,0,0,
2026-07-27,05:26:46,maceta1,92,95,83,81,82,0.0,0.0,15.4,76.1,0,0,0,
2026-07-27,05:26:46,maceta2,94,91,82,83,82,0.0,0.0,15.3,71.1,0,0,0,
2026-07-27,05:56:49,maceta1,91,94,83,81,82,0.0,0.0,15.4,76.7,0,0,0,
2026-07-27,05:56:49,maceta2,93,91,82,83,82,0.0,0.0,15.2,70.8,0,0,0,
2026-07-27,06:26:52,maceta1,92,95,83,81,82,0.0,0.0,15.3,76.6,0,0,0,
2026-07-27,06:26:52,maceta2,93,91,82,83,82,0.0,0.0,15.2,70.9,0,0,0,
2026-07-27,06:56:54,maceta1,92,95,83,81,82,0.0,0.0,15.3,75.9,0,0,0,
2026-07-27,06:56:54,maceta2,94,91,82,83,82,0.0,0.0,15.1,70.8,0,0,0,
2026-07-27,07:26:57,maceta1,91,94,83,81,82,0.0,0.0,15.3,76.1,0,0,0,
2026-07-27,07:26:57,maceta2,93,91,82,83,82,0.0,0.0,15.0,70.4,0,0,0,
2026-07-27,07:57:00,maceta1,92,95,83,81,82,0.0,0.0,,,0,0,0,"Lectura invalida de DHT | Lectura invalida de DHT, se omite logica de ventilacion"
2026-07-27,07:57:00,maceta2,93,91,82,83,82,0.0,0.0,15.0,70.4,0,0,0,
2026-07-27,08:27:02,maceta1,92,95,83,81,82,0.4166666666666667,0.0,15.2,75.5,0,0,0,
2026-07-27,08:27:02,maceta2,93,91,82,83,82,0.4166666666666667,0.0,14.9,70.1,0,0,0,
2026-07-27,08:57:05,maceta1,91,94,83,81,82,4.583333333333334,0.0002,15.1,75.7,0,0,0,
2026-07-27,08:57:05,maceta2,93,91,82,83,82,3.3333333333333335,0.0001,14.9,69.9,0,0,0,
2026-07-27,09:27:08,maceta1,92,94,83,81,82,12.5,0.0006,15.0,75.8,0,0,0,
2026-07-27,09:27:08,maceta2,93,91,82,83,82,8.75,0.0004,14.8,70.1,0,0,0,
2026-07-27,09:57:11,maceta1,92,95,83,81,82,15.833333333333334,0.0011,15.0,76.5,0,0,0,
2026-07-27,09:57:11,maceta2,93,92,82,83,82,11.25,0.0008,14.8,70.2,0,0,0,
2026-07-27,10:27:13,maceta1,91,95,83,81,82,26.25,0.002,15.0,74.0,0,0,0,
2026-07-27,10:27:13,maceta2,93,91,82,83,82,18.333333333333336,0.0014,15.0,71.0,0,0,0,
2026-07-27,10:57:16,maceta1,92,95,83,81,82,28.333333333333336,0.0029,15.2,76.9,0,0,0,
2026-07-27,10:57:16,maceta2,93,92,82,83,82,20.416666666666668,0.0021,15.0,70.6,0,0,0,
2026-07-27,11:27:19,maceta1,91,95,83,81,82,36.66666666666667,0.0042,15.3,78.0,0,0,0,
2026-07-27,11:27:19,maceta2,93,92,82,83,82,26.25,0.003,15.2,72.6,0,0,0,
2026-07-27,11:57:21,maceta1,92,95,83,81,82,30.833333333333336,0.0052,15.5,77.7,0,0,0,
2026-07-27,11:57:21,maceta2,94,92,82,83,82,22.083333333333336,0.0037,15.3,72.1,0,0,0,
2026-07-27,12:27:24,maceta1,92,94,83,81,82,39.583333333333336,0.0065,15.5,77.6,0,0,0,
2026-07-27,12:27:24,maceta2,93,91,82,83,82,27.916666666666668,0.0046,15.4,73.5,0,0,0,
2026-07-27,12:57:27,maceta1,91,95,83,81,82,677.0833333333334,0.0291,15.6,77.2,0,0,0,
2026-07-27,12:57:27,maceta2,93,91,82,83,82,382.9166666666667,0.0174,15.5,72.4,0,0,0,
2026-07-27,13:27:29,maceta1,92,95,83,81,82,671.6666666666667,0.0515,15.8,77.5,0,0,0,
2026-07-27,13:27:29,maceta2,94,92,82,83,82,385.0,0.0302,15.6,73.0,0,0,0,
2026-07-27,13:57:32,maceta1,93,95,83,81,82,659.5833333333334,0.0735,16.1,77.8,0,0,0,
2026-07-27,13:57:32,maceta2,94,92,82,83,82,376.6666666666667,0.0428,,,0,0,0,"Lectura invalida de DHT | Lectura invalida de DHT, se omite logica de ventilacion"
2026-07-27,14:27:35,maceta1,92,95,82,81,81,659.1666666666667,0.0955,16.4,78.0,0,0,0,
2026-07-27,14:27:35,maceta2,93,92,82,83,82,376.25,0.0553,16.2,73.5,0,0,0,
2026-07-27,14:57:38,maceta1,92,95,82,81,81,622.5,0.1162,16.5,77.3,1,0,0,
2026-07-27,14:57:38,maceta2,92,90,82,83,82,355.4166666666667,0.0672,16.4,71.5,0,0,0,
2026-07-27,15:27:41,maceta1,90,94,83,81,82,688.75,1.1786,16.7,76.5,1,0,0,
2026-07-27,15:27:41,maceta2,92,91,82,83,82,352.08333333333337,0.0789,16.5,72.3,1,0,0,
2026-07-27,15:57:43,maceta1,90,94,83,81,82,682.0833333333334,2.2407,,,1,0,0,"Lectura invalida de DHT | Lectura invalida de DHT, se omite logica de ventilacion"
2026-07-27,15:57:43,maceta2,93,92,82,83,82,455.0,1.1335,16.6,72.7,1,0,0,
2026-07-27,16:27:46,maceta1,89,93,84,82,83,681.6666666666667,3.3027,19.1,69.8,1,0,0,
2026-07-27,16:27:46,maceta2,93,91,82,83,82,454.58333333333337,2.188,18.0,65.7,1,0,0,
2026-07-27,16:57:49,maceta1,91,94,84,82,83,685.8333333333334,4.365,19.4,69.1,1,0,0,
2026-07-27,16:57:49,maceta2,93,91,82,83,82,457.5,3.2426,18.2,65.0,1,0,0,
2026-07-27,17:27:51,maceta1,89,93,84,82,83,675.0,5.4268,19.5,69.6,1,0,0,
2026-07-27,17:27:51,maceta2,93,91,82,83,82,445.4166666666667,4.2968,18.4,65.3,1,0,0,
2026-07-27,17:57:54,maceta1,91,94,84,82,83,672.0833333333334,6.4886,19.7,69.5,1,0,0,
2026-07-27,17:57:54,maceta2,94,92,82,83,82,446.6666666666667,5.351,18.6,65.4,1,0,0,
2026-07-27,18:27:57,maceta1,90,93,84,82,83,669.5833333333334,7.5503,19.7,69.0,1,0,0,
2026-07-27,18:27:57,maceta2,93,91,82,83,82,447.9166666666667,6.4053,18.6,65.1,1,0,0,
2026-07-27,18:57:59,maceta1,89,92,84,82,83,668.3333333333334,8.6119,19.7,68.4,1,0,0,
2026-07-27,18:57:59,maceta2,92,91,82,83,82,447.9166666666667,7.4596,18.7,64.7,1,0,0,
2026-07-27,19:28:02,maceta1,91,94,84,82,83,668.75,9.6736,19.7,68.6,1,0,0,
2026-07-27,19:28:02,maceta2,92,92,82,83,82,443.33333333333337,8.5137,18.7,64.7,1,0,0,
2026-07-27,19:58:05,maceta1,90,93,84,82,83,668.75,10.7352,19.7,68.9,1,0,0,
2026-07-27,19:58:05,maceta2,94,92,82,83,82,447.5,9.568,18.8,64.5,1,0,0,
2026-07-27,20:28:08,maceta1,90,93,84,82,83,665.8333333333334,11.7968,19.7,68.2,1,0,0,
2026-07-27,20:28:08,maceta2,94,92,82,83,82,444.58333333333337,10.6222,18.8,64.1,1,0,0,
2026-07-27,20:58:10,maceta1,89,93,84,82,83,667.9166666666667,12.8584,19.8,67.6,0,0,0,
2026-07-27,20:58:10,maceta2,94,93,82,82,82,444.58333333333337,11.6764,18.8,64.5,1,0,0,
2026-07-27,21:28:13,maceta1,91,93,84,82,83,594.1666666666667,12.8782,19.8,66.3,1,0,0,
2026-07-27,21:28:13,maceta2,93,90,82,83,82,447.08333333333337,12.7307,18.9,64.1,1,0,0,
2026-07-27,21:58:16,maceta1,90,94,84,82,83,667.0833333333334,13.9398,18.3,70.7,1,0,0,
2026-07-27,21:58:16,maceta2,93,92,82,83,82,445.0,13.7848,18.8,63.9,1,0,0,
2026-07-27,22:28:18,maceta1,89,93,84,82,83,666.25,15.0014,19.4,65.2,0,0,0,
2026-07-27,22:28:18,maceta2,94,92,82,83,82,439.1666666666667,14.8388,18.9,63.5,0,0,0,
2026-07-27,22:58:21,maceta1,90,94,84,82,83,592.0833333333334,15.0211,19.5,64.5,0,0,0,
2026-07-27,22:58:21,maceta2,94,92,82,83,82,327.9166666666667,14.8498,18.8,63.4,0,0,0,
2026-07-27,23:28:24,maceta1,91,93,84,82,83,591.6666666666667,15.0408,18.2,69.4,0,0,0,
2026-07-27,23:28:24,maceta2,95,92,81,83,82,327.9166666666667,14.8607,17.8,65.4,0,0,0,
2026-07-27,23:58:26,maceta1,91,94,83,82,82,591.6666666666667,15.0606,17.8,71.4,0,0,0,
2026-07-27,23:58:26,maceta2,95,93,81,82,81,327.9166666666667,14.8716,17.5,66.0,0,0,0,
2026-07-28,00:28:29,maceta1,92,94,83,82,82,591.25,0.0197,17.6,70.1,0,0,0,
2026-07-28,00:28:29,maceta2,95,93,81,82,81,327.9166666666667,0.0109,17.5,66.3,0,0,0,
2026-07-28,00:58:32,maceta1,91,93,83,82,82,591.25,0.0394,17.6,71.6,0,0,0,
2026-07-28,00:58:32,maceta2,95,92,81,82,81,327.5,0.0219,17.4,66.3,0,0,0,
2026-07-28,01:28:35,maceta1,92,94,83,82,82,591.25,0.0592,17.5,70.5,0,0,0,
2026-07-28,01:28:35,maceta2,95,92,81,82,81,327.5,0.0328,17.4,66.2,0,0,0,
2026-07-28,01:58:37,maceta1,92,95,83,82,82,591.25,0.0789,17.5,72.0,0,0,0,
2026-07-28,01:58:37,maceta2,95,93,81,82,81,327.5,0.0437,17.3,66.0,0,0,0,
2026-07-28,02:28:40,maceta1,92,94,83,81,82,591.25,0.0986,17.5,71.2,0,0,0,
2026-07-28,02:28:40,maceta2,96,93,81,82,81,327.5,0.0546,17.2,66.0,0,0,0,
2026-07-28,02:58:43,maceta1,91,95,83,81,82,591.25,0.1183,17.4,72.7,0,0,0,
2026-07-28,02:58:43,maceta2,95,93,81,82,81,327.5,0.0655,17.2,65.8,0,0,0,
2026-07-28,03:28:45,maceta1,92,94,83,81,82,591.25,0.138,17.4,73.2,0,0,0,
2026-07-28,03:28:45,maceta2,95,94,81,82,81,327.5,0.0765,17.2,66.2,0,0,0,
2026-07-28,03:58:48,maceta1,91,95,83,81,82,591.25,0.1577,17.4,72.8,0,0,0,
2026-07-28,03:58:48,maceta2,95,93,81,82,81,327.5,0.0874,17.1,65.9,0,0,0,
2026-07-28,04:28:51,maceta1,91,94,83,81,82,591.25,0.1775,17.3,73.0,0,0,0,
2026-07-28,04:28:51,maceta2,95,92,81,82,81,327.5,0.0983,17.0,66.4,0,0,0,
2026-07-28,04:58:54,maceta1,92,95,83,81,82,591.25,0.1972,17.2,73.7,0,0,0,
2026-07-28,04:58:54,maceta2,95,93,81,82,81,327.5,0.1092,17.0,66.0,0,0,0,
2026-07-28,05:28:56,maceta1,91,95,83,81,82,590.8333333333334,0.2169,17.2,73.2,0,0,0,
2026-07-28,05:28:56,maceta2,95,92,81,82,81,327.5,0.1202,16.9,66.1,0,0,0,
2026-07-28,05:58:59,maceta1,90,94,83,81,82,590.4166666666667,0.2366,17.2,72.4,0,0,0,
2026-07-28,05:58:59,maceta2,94,92,81,82,81,327.08333333333337,0.1311,16.8,66.0,0,0,0,
2026-07-28,06:29:02,maceta1,90,94,84,81,82,590.8333333333334,0.2563,17.0,72.8,0,0,0,
2026-07-28,06:29:02,maceta2,94,93,81,82,81,327.08333333333337,0.142,16.8,66.0,0,0,0,
2026-07-28,06:59:05,maceta1,91,94,84,82,83,590.8333333333334,0.276,17.0,72.9,0,0,0,
2026-07-28,06:59:05,maceta2,94,93,82,82,82,327.5,0.1529,16.7,66.1,0,0,0,
2026-07-28,07:29:08,maceta1,91,94,83,82,82,590.8333333333334,0.2957,17.0,72.7,0,0,0,
2026-07-28,07:29:08,maceta2,95,92,81,82,81,327.5,0.1638,16.7,66.2,0,0,0,
2026-07-28,07:59:10,maceta1,91,94,83,82,82,590.8333333333334,0.3154,17.0,72.8,0,0,0,
2026-07-28,07:59:10,maceta2,93,92,82,82,82,327.5,0.1747,16.6,65.6,0,0,0,
2026-07-28,08:29:13,maceta1,90,93,83,82,82,592.5,0.3352,16.9,73.9,0,0,0,
2026-07-28,08:29:13,maceta2,93,91,82,83,82,328.75,0.1857,16.5,66.1,0,0,0,
2026-07-28,08:59:16,maceta1,89,93,84,82,83,596.6666666666667,0.3551,16.9,73.6,0,0,0,
2026-07-28,08:59:16,maceta2,93,91,82,83,82,331.6666666666667,0.1968,16.5,66.4,0,0,0,
2026-07-28,09:29:19,maceta1,90,93,84,82,83,601.25,0.3751,16.9,73.0,0,0,0,
2026-07-28,09:29:19,maceta2,93,91,82,83,82,335.0,0.2079,16.6,66.3,0,0,0,
2026-07-28,09:59:21,maceta1,91,94,84,82,83,605.0,0.3953,17.0,71.7,0,0,0,
2026-07-28,09:59:21,maceta2,95,93,82,83,82,337.08333333333337,0.2192,16.7,66.5,0,0,0,
2026-07-28,10:29:24,maceta1,91,93,83,82,82,607.0833333333334,0.4155,17.0,72.5,0,0,0,
2026-07-28,10:29:24,maceta2,95,93,81,82,81,338.33333333333337,0.2305,16.7,67.2,0,0,0,
2026-07-28,10:59:27,maceta1,92,95,83,82,82,643.75,0.437,17.0,72.5,0,0,0,
2026-07-28,10:59:27,maceta2,94,92,81,82,81,365.83333333333337,0.2427,16.7,66.8,0,0,0,
2026-07-28,11:29:29,maceta1,91,94,83,82,82,643.3333333333334,0.4585,17.0,72.3,0,0,0,
2026-07-28,11:29:29,maceta2,94,92,81,82,81,365.0,0.2548,16.8,67.3,0,0,0,
2026-07-28,11:59:32,maceta1,90,94,83,81,82,648.3333333333334,0.4801,17.2,70.5,0,0,0,
2026-07-28,11:59:32,maceta2,94,93,82,82,82,368.75,0.2671,17.0,67.8,0,0,0,
2026-07-28,12:29:35,maceta1,92,94,83,82,82,653.75,0.5019,17.4,72.8,0,0,0,
2026-07-28,12:29:35,maceta2,95,93,81,82,81,372.08333333333337,0.2795,17.0,68.7,0,0,0,
2026-07-28,12:59:37,maceta1,92,95,83,81,82,656.25,0.5238,17.5,74.7,0,0,0,
2026-07-28,12:59:37,maceta2,95,93,81,82,81,374.1666666666667,0.292,17.2,69.2,0,0,0,
2026-07-28,13:29:40,maceta1,91,94,83,81,82,658.75,0.5457,17.6,75.5,0,0,0,
2026-07-28,13:29:40,maceta2,95,92,81,82,81,375.4166666666667,0.3045,17.3,68.4,0,0,0,
2026-07-28,13:59:43,maceta1,92,95,83,81,82,649.5833333333334,0.5674,17.8,75.5,0,0,0,
2026-07-28,13:59:43,maceta2,95,93,81,82,81,370.0,0.3169,17.5,68.3,0,0,0,
2026-07-28,14:29:45,maceta1,91,94,83,81,82,652.5,0.5892,18.0,76.3,0,0,0,
2026-07-28,14:29:45,maceta2,95,92,81,82,81,373.33333333333337,0.3293,17.6,68.5,0,0,0,
2026-07-28,14:59:48,maceta1,92,95,83,81,82,625.4166666666667,0.61,18.0,76.4,0,0,0,
2026-07-28,14:59:48,maceta2,96,94,81,82,81,351.6666666666667,0.3411,17.7,68.4,0,0,0,
2026-07-28,15:29:51,maceta1,90,94,83,81,82,629.1666666666667,0.631,18.1,76.9,1,0,0,
2026-07-28,15:29:51,maceta2,93,91,81,82,81,357.5,0.353,17.8,69.9,1,0,0,
2026-07-28,15:59:54,maceta1,89,93,84,82,83,693.3333333333334,1.6935,18.1,76.8,1,0,0,
2026-07-28,15:59:54,maceta2,94,92,81,82,81,456.25,1.4076,17.8,72.0,1,0,0,
2026-07-28,16:29:56,maceta1,88,93,84,82,83,675.8333333333334,2.7554,20.0,70.2,1,0,0,
2026-07-28,16:29:56,maceta2,94,93,82,83,82,447.9166666666667,2.4619,19.1,67.2,1,0,0,
2026-07-28,16:59:59,maceta1,90,93,84,82,83,672.0833333333334,3.8171,20.0,69.0,1,0,0,
2026-07-28,16:59:59,maceta2,95,92,81,82,81,445.0,3.516,19.3,66.7,1,0,0,
2026-07-28,17:30:04,maceta1,89,92,84,82,83,669.1666666666667,4.88,20.0,69.2,1,0,0,
2026-07-28,17:30:04,maceta2,94,92,81,82,81,447.08333333333337,4.5714,19.4,66.8,1,0,0,
2026-07-28,18:00:06,maceta1,89,92,84,82,83,669.1666666666667,5.9416,20.1,69.6,1,0,0,
2026-07-28,18:00:06,maceta2,93,91,82,83,82,445.0,5.6256,19.4,66.5,1,0,0,
2026-07-28,18:30:09,maceta1,89,91,84,83,83,670.8333333333334,7.0033,20.1,69.6,1,0,0,
2026-07-28,18:30:09,maceta2,91,91,82,83,82,442.5,6.6797,19.4,66.6,1,0,0,
2026-07-28,19:00:12,maceta1,87,91,85,83,84,670.8333333333334,8.0651,20.3,69.6,1,0,0,
2026-07-28,19:00:12,maceta2,93,91,82,83,82,443.75,7.7339,,,1,0,0,"Lectura invalida de DHT | Lectura invalida de DHT, se omite logica de ventilacion"
2026-07-28,19:30:14,maceta1,89,92,85,83,84,667.5,9.1267,20.3,69.5,1,0,0,
2026-07-28,19:30:14,maceta2,94,92,82,83,82,441.6666666666667,8.788,19.5,67.1,1,0,0,
2026-07-28,20:00:17,maceta1,89,93,85,83,84,669.5833333333334,10.1883,20.5,69.3,1,0,0,
2026-07-28,20:00:17,maceta2,94,93,82,83,82,445.83333333333337,9.8422,19.5,67.5,1,0,0,
2026-07-28,20:30:20,maceta1,88,92,84,82,83,670.4166666666667,11.2501,20.5,69.9,1,0,0,
2026-07-28,20:30:20,maceta2,93,91,82,83,82,441.6666666666667,10.8963,19.7,67.4,0,0,0,
2026-07-28,21:00:23,maceta1,88,92,85,82,83,664.5833333333334,12.3115,20.6,70.2,1,0,0,
2026-07-28,21:00:23,maceta2,93,92,82,83,82,329.1666666666667,10.9072,19.7,67.4,1,0,0,
2026-07-28,21:30:25,maceta1,88,91,85,83,84,666.6666666666667,13.3731,20.6,70.2,1,0,0,
2026-07-28,21:30:25,maceta2,93,91,82,83,82,441.25,11.9613,18.7,70.1,1,0,0,
2026-07-28,22:00:28,maceta1,89,92,85,83,84,670.0,14.4348,20.6,70.2,0,0,0,
2026-07-28,22:00:28,maceta2,95,92,82,83,82,442.5,13.0154,19.6,68.5,0,0,0,
2026-07-28,22:30:31,maceta1,90,93,84,83,83,590.8333333333334,14.4545,20.7,70.5,0,0,0,
2026-07-28,22:30:31,maceta2,95,93,81,83,82,327.08333333333337,13.0263,19.7,68.1,0,0,0,
2026-07-28,23:00:33,maceta1,89,93,84,82,83,590.8333333333334,14.4742,19.3,73.4,0,0,0,
2026-07-28,23:00:33,maceta2,94,93,81,82,81,327.5,13.0372,18.8,70.3,0,0,0,
2026-07-28,23:30:36,maceta1,90,93,84,82,83,590.4166666666667,14.4939,18.9,75.2,0,0,0,
2026-07-28,23:30:36,maceta2,94,93,81,82,81,327.08333333333337,13.0481,18.5,70.8,0,0,0,
2026-07-29,00:00:39,maceta1,91,94,84,82,83,590.4166666666667,0.0197,18.8,76.2,0,0,0,
2026-07-29,00:00:39,maceta2,96,93,81,82,81,327.08333333333337,0.0109,18.4,71.0,0,0,0,
2026-07-29,00:30:41,maceta1,91,94,83,82,82,590.4166666666667,0.0394,18.7,77.0,0,0,0,
2026-07-29,00:30:41,maceta2,95,91,81,82,81,327.08333333333337,0.0218,18.4,71.2,0,0,0,
2026-07-29,01:00:44,maceta1,91,95,83,81,82,590.8333333333334,0.0591,18.7,76.6,0,0,0,
2026-07-29,01:00:44,maceta2,95,92,81,83,82,327.08333333333337,0.0327,18.4,71.1,0,0,0,
2026-07-29,01:30:47,maceta1,91,95,83,81,82,590.4166666666667,0.0788,18.7,76.9,0,0,0,
2026-07-29,01:30:47,maceta2,96,93,81,83,82,327.08333333333337,0.0436,18.3,71.6,0,0,0,
2026-07-29,02:00:50,maceta1,90,94,83,81,82,590.0,0.0985,18.6,77.0,0,0,0,
2026-07-29,02:00:50,maceta2,95,93,81,82,81,327.08333333333337,0.0545,18.3,71.4,0,0,0,
2026-07-29,02:30:52,maceta1,92,95,83,81,82,590.4166666666667,0.1181,18.6,77.0,0,0,0,
2026-07-29,02:30:52,maceta2,95,93,81,82,81,327.08333333333337,0.0654,18.2,71.5,0,0,0,
2026-07-29,03:00:55,maceta1,91,94,83,81,82,590.4166666666667,0.1378,18.5,76.5,0,0,0,
2026-07-29,03:00:55,maceta2,95,92,81,82,81,327.08333333333337,0.0764,18.2,71.4,0,0,0,
2026-07-29,03:30:58,maceta1,91,94,83,81,82,590.4166666666667,0.1575,18.5,76.5,0,0,0,
2026-07-29,03:30:58,maceta2,95,93,81,82,81,326.6666666666667,0.0873,18.2,71.2,0,0,0,
2026-07-29,04:01:01,maceta1,92,94,83,82,82,590.0,0.1772,18.5,76.4,0,0,0,
2026-07-29,04:01:01,maceta2,95,93,81,82,81,327.08333333333337,0.0982,18.2,70.8,0,0,0,
2026-07-29,04:31:03,maceta1,91,95,83,81,82,590.0,0.1969,18.5,76.4,0,0,0,
2026-07-29,04:31:03,maceta2,95,93,81,82,81,327.08333333333337,0.1091,18.1,71.0,0,0,0,
2026-07-29,05:01:06,maceta1,91,95,83,81,82,590.0,0.2166,18.4,76.4,0,0,0,
2026-07-29,05:01:06,maceta2,95,93,81,82,81,327.08333333333337,0.12,18.1,70.6,0,0,0,
2026-07-29,05:31:09,maceta1,91,94,83,81,82,590.0,0.2362,18.4,76.2,0,0,0,
2026-07-29,05:31:09,maceta2,94,93,81,82,81,326.6666666666667,0.1309,18.1,71.1,0,0,0,
2026-07-29,06:01:12,maceta1,90,94,83,81,82,590.0,0.2559,18.4,76.8,0,0,0,
2026-07-29,06:01:12,maceta2,95,93,81,82,81,326.6666666666667,0.1418,,,0,0,0,"Lectura invalida de DHT | Lectura invalida de DHT, se omite logica de ventilacion"
2026-07-29,06:31:14,maceta1,91,94,83,82,82,590.0,0.2756,18.4,77.1,0,0,0,
2026-07-29,06:31:14,maceta2,94,92,81,82,81,326.6666666666667,0.1527,,,0,0,0,"Lectura invalida de DHT | Lectura invalida de DHT, se omite logica de ventilacion"
2026-07-29,07:01:17,maceta1,91,95,83,81,82,590.4166666666667,0.2953,18.3,76.6,0,0,0,
2026-07-29,07:01:17,maceta2,94,92,81,82,81,327.08333333333337,0.1636,17.8,70.9,0,0,0,
2026-07-29,07:31:20,maceta1,91,95,83,81,82,590.4166666666667,0.315,18.3,76.3,0,0,0,
2026-07-29,07:31:20,maceta2,95,93,81,82,81,327.08333333333337,0.1745,17.9,71.1,0,0,0,
2026-07-29,08:01:22,maceta1,92,95,83,81,82,590.0,0.3346,18.2,76.5,0,0,0,
2026-07-29,08:01:22,maceta2,95,94,81,82,81,326.6666666666667,0.1854,17.8,71.1,0,0,0,
2026-07-29,08:31:25,maceta1,90,95,83,81,82,590.8333333333334,0.3543,18.2,76.5,0,0,0,
2026-07-29,08:31:25,maceta2,95,93,81,82,81,327.5,0.1963,17.8,70.9,0,0,0,
2026-07-29,09:01:28,maceta1,91,94,83,81,82,594.5833333333334,0.3742,18.2,76.8,0,0,0,
2026-07-29,09:01:28,maceta2,95,92,81,82,81,330.0,0.2073,17.6,70.8,0,0,0,
2026-07-29,09:31:30,maceta1,91,94,83,81,82,600.4166666666667,0.3942,18.1,76.7,0,0,0,
2026-07-29,09:31:30,maceta2,94,92,81,82,81,333.75,0.2184,17.6,70.7,0,0,0,
2026-07-29,10:01:33,maceta1,92,94,83,82,82,607.0833333333334,0.4144,18.1,77.2,0,0,0,
2026-07-29,10:01:33,maceta2,95,93,81,82,81,338.33333333333337,0.2297,17.7,70.7,0,0,0,
2026-07-29,10:31:36,maceta1,90,94,83,82,82,601.25,0.4345,18.1,77.5,0,0,0,
2026-07-29,10:31:36,maceta2,95,92,81,82,81,334.58333333333337,0.2409,17.6,70.5,0,0,0,
2026-07-29,11:01:39,maceta1,91,94,83,82,82,607.9166666666667,0.4548,18.1,76.5,0,0,0,
2026-07-29,11:01:39,maceta2,95,93,81,82,81,339.1666666666667,0.2522,17.8,70.6,0,0,0,
2026-07-29,11:31:43,maceta1,90,93,84,82,83,605.8333333333334,0.475,18.1,76.5,0,0,0,
2026-07-29,11:31:43,maceta2,96,92,81,82,81,337.9166666666667,0.2635,17.8,70.3,0,0,0,
2026-07-29,12:01:45,maceta1,91,94,83,82,82,600.8333333333334,0.495,,,0,0,0,"Lectura invalida de DHT | Lectura invalida de DHT, se omite logica de ventilacion"
2026-07-29,12:01:45,maceta2,95,93,81,82,81,334.1666666666667,0.2746,17.8,70.4,0,0,0,
2026-07-29,12:31:48,maceta1,90,94,84,82,83,610.4166666666667,0.5154,18.1,75.2,0,0,0,
2026-07-29,12:31:48,maceta2,94,93,81,82,81,341.25,0.286,17.8,70.2,0,0,0,
2026-07-29,13:01:51,maceta1,91,94,83,82,82,607.0833333333334,0.5356,18.1,75.7,0,0,0,
2026-07-29,13:01:51,maceta2,94,92,81,82,81,338.75,0.2973,17.8,70.1,0,0,0,
2026-07-29,13:31:53,maceta1,91,95,83,81,82,610.4166666666667,0.556,18.1,76.0,0,0,0,
2026-07-29,13:31:53,maceta2,94,93,82,82,82,340.83333333333337,0.3087,17.8,69.6,0,0,0,
2026-07-29,14:01:56,maceta1,90,94,83,81,82,606.25,0.5762,18.1,75.0,0,0,0,
2026-07-29,14:01:56,maceta2,94,93,82,82,82,337.9166666666667,0.3199,17.8,69.5,0,0,0,
2026-07-29,14:31:59,maceta1,90,93,84,82,83,603.75,0.5963,18.1,74.3,0,0,0,
2026-07-29,14:31:59,maceta2,95,93,81,82,81,336.25,0.3311,,,0,0,0,"Lectura invalida de DHT | Lectura invalida de DHT, se omite logica de ventilacion"
2026-07-29,15:02:02,maceta1,91,95,84,82,83,610.8333333333334,0.6167,18.1,74.9,0,0,0,
2026-07-29,15:02:02,maceta2,95,93,81,82,81,340.83333333333337,0.3425,17.8,69.3,0,0,0,
2026-07-29,15:32:04,maceta1,91,94,83,82,82,625.0,0.6376,18.1,73.6,1,0,0,
2026-07-29,15:32:04,maceta2,94,92,81,82,81,353.75,0.3543,17.8,68.6,1,0,0,
2026-07-29,16:02:07,maceta1,89,93,84,82,83,686.25,1.6998,18.1,74.0,1,0,0,
2026-07-29,16:02:07,maceta2,93,92,82,82,82,456.6666666666667,1.4089,,,1,0,0,"Lectura invalida de DHT | Lectura invalida de DHT, se omite logica de ventilacion"
2026-07-29,16:32:11,maceta1,89,92,84,82,83,690.4166666666667,2.763,19.7,67.8,1,0,0,
2026-07-29,16:32:11,maceta2,94,91,82,83,82,463.33333333333337,2.4645,19.0,65.7,1,0,0,
2026-07-29,17:02:14,maceta1,89,92,84,82,83,681.6666666666667,3.8251,20.0,66.1,1,0,0,
2026-07-29,17:02:14,maceta2,93,90,82,83,82,450.0,3.5189,19.3,65.0,1,0,0,
2026-07-29,17:32:16,maceta1,89,94,84,82,83,672.9166666666667,4.8869,20.1,66.0,1,0,0,
2026-07-29,17:32:16,maceta2,94,92,82,83,82,448.33333333333337,4.5731,19.3,64.9,1,0,0,
2026-07-29,18:02:19,maceta1,88,92,84,82,83,667.9166666666667,5.9485,20.2,66.1,1,0,0,
2026-07-29,18:02:19,maceta2,93,91,82,83,82,441.25,5.6272,19.4,64.3,1,0,0,
2026-07-29,18:32:22,maceta1,89,93,84,82,83,667.5,7.0101,20.2,65.7,1,0,0,
2026-07-29,18:32:22,maceta2,94,93,82,83,82,442.08333333333337,6.6813,19.4,63.4,1,0,0,
2026-07-29,19:02:25,maceta1,89,92,84,82,83,666.6666666666667,8.0718,20.1,65.5,1,0,0,
2026-07-29,19:02:25,maceta2,94,93,82,82,82,441.6666666666667,7.7355,19.3,63.2,1,0,0,
2026-07-29,19:32:27,maceta1,87,91,85,83,84,665.8333333333334,9.1333,20.2,65.6,1,0,0,
2026-07-29,19:32:27,maceta2,92,91,82,82,82,442.5,8.7896,19.1,63.1,1,0,0,
2026-07-29,20:02:30,maceta1,88,91,85,83,84,667.0833333333334,10.195,20.3,66.7,1,0,0,
2026-07-29,20:02:30,maceta2,93,91,82,83,82,445.4166666666667,9.8438,19.0,62.9,1,0,0,
2026-07-29,20:32:33,maceta1,88,90,85,83,84,666.6666666666667,11.2566,20.3,67.4,1,0,0,
2026-07-29,20:32:33,maceta2,93,91,82,83,82,445.83333333333337,10.8981,19.0,62.9,1,0,0,
2026-07-29,21:02:36,maceta1,88,91,85,83,84,665.8333333333334,12.3182,20.3,66.8,1,0,0,
2026-07-29,21:02:36,maceta2,93,91,82,83,82,446.25,11.9523,18.9,62.7,1,0,0,
2026-07-29,21:32:38,maceta1,88,92,85,83,84,668.3333333333334,13.3798,20.3,67.0,1,0,0,
2026-07-29,21:32:38,maceta2,94,92,82,83,82,442.9166666666667,13.0065,18.8,62.5,1,0,0,
2026-07-29,22:02:41,maceta1,87,92,85,83,84,665.4166666666667,14.4413,20.2,66.2,0,0,0,
2026-07-29,22:02:41,maceta2,94,92,82,83,82,442.9166666666667,14.0606,18.7,62.5,0,0,0,
2026-07-29,22:32:44,maceta1,89,92,85,83,84,590.4166666666667,14.461,20.1,66.7,0,0,0,
2026-07-29,22:32:44,maceta2,95,93,81,82,81,326.6666666666667,14.0715,18.7,62.5,0,0,0,
2026-07-29,23:02:46,maceta1,88,92,85,83,84,590.0,14.4807,18.5,70.8,0,0,0,
2026-07-29,23:02:46,maceta2,94,93,81,82,81,327.08333333333337,14.0824,17.8,64.7,0,0,0,
2026-07-29,23:32:49,maceta1,88,91,85,83,84,589.5833333333334,14.5004,18.1,72.0,0,0,0,
2026-07-29,23:32:49,maceta2,93,91,82,82,82,326.6666666666667,14.0933,17.5,65.1,0,0,0,
2026-07-30,00:02:52,maceta1,88,92,85,83,84,589.5833333333334,0.0197,18.0,72.2,0,0,0,
2026-07-30,00:02:52,maceta2,94,92,82,83,82,326.6666666666667,0.0109,17.5,65.4,0,0,0,
2026-07-30,00:32:55,maceta1,89,92,85,83,84,589.5833333333334,0.0393,17.9,72.1,0,0,0,
2026-07-30,00:32:55,maceta2,95,92,82,83,82,326.6666666666667,0.0218,17.4,65.5,0,0,0,
2026-07-30,01:02:57,maceta1,88,92,85,83,84,590.0,0.059,17.8,72.8,0,0,0,
2026-07-30,01:02:57,maceta2,94,92,81,83,82,326.6666666666667,0.0327,17.3,65.7,0,0,0,
2026-07-30,01:33:00,maceta1,88,91,85,83,84,589.5833333333334,0.0787,17.8,72.0,0,0,0,
2026-07-30,01:33:00,maceta2,93,91,82,83,82,326.6666666666667,0.0436,17.3,66.3,0,0,0,
2026-07-30,02:03:03,maceta1,89,92,85,83,84,589.5833333333334,0.0983,17.7,71.9,0,0,0,
2026-07-30,02:03:03,maceta2,93,92,82,83,82,326.6666666666667,0.0545,17.2,66.0,0,0,0,
2026-07-30,02:33:05,maceta1,89,92,84,83,83,589.5833333333334,0.118,17.6,72.9,0,0,0,
2026-07-30,02:33:05,maceta2,95,93,82,83,82,326.6666666666667,0.0654,17.1,66.1,0,0,0,
2026-07-30,03:03:08,maceta1,89,92,84,83,83,589.5833333333334,0.1377,17.5,72.2,0,0,0,
2026-07-30,03:03:08,maceta2,94,92,82,82,82,326.6666666666667,0.0763,17.0,65.9,0,0,0,
2026-07-30,03:33:11,maceta1,89,92,84,83,83,589.5833333333334,0.1573,17.5,70.8,0,0,0,
2026-07-30,03:33:11,maceta2,94,92,81,82,81,326.6666666666667,0.0872,17.0,65.9,0,0,0,
2026-07-30,04:03:13,maceta1,90,93,84,82,83,589.5833333333334,0.177,17.4,72.1,0,0,0,
2026-07-30,04:03:13,maceta2,95,93,81,82,81,326.6666666666667,0.098,16.9,65.5,0,0,0,
2026-07-30,04:33:16,maceta1,89,93,84,82,83,589.5833333333334,0.1966,17.3,72.2,0,0,0,
2026-07-30,04:33:16,maceta2,93,93,82,82,82,326.6666666666667,0.1089,16.8,65.3,0,0,0,
2026-07-30,05:03:19,maceta1,89,93,84,82,83,589.5833333333334,0.2163,17.3,72.0,0,0,0,
2026-07-30,05:03:19,maceta2,95,93,81,82,81,326.6666666666667,0.1198,16.8,65.2,0,0,0,
2026-07-30,05:33:22,maceta1,89,93,84,82,83,589.5833333333334,0.236,17.2,72.1,0,0,0,
2026-07-30,05:33:22,maceta2,95,92,81,82,81,326.6666666666667,0.1307,16.7,65.1,0,0,0,
2026-07-30,06:03:24,maceta1,88,92,84,82,83,589.5833333333334,0.2556,17.2,72.3,0,0,0,
2026-07-30,06:03:24,maceta2,94,92,81,82,81,326.6666666666667,0.1416,16.7,65.5,0,0,0,
2026-07-30,06:33:27,maceta1,89,93,84,82,83,589.5833333333334,0.2753,17.1,73.0,0,0,0,
2026-07-30,06:33:27,maceta2,94,92,81,83,82,326.6666666666667,0.1525,16.6,65.3,0,0,0,
2026-07-30,07:03:30,maceta1,88,92,85,82,83,589.5833333333334,0.295,17.1,73.0,0,0,0,
2026-07-30,07:03:30,maceta2,94,92,82,83,82,326.6666666666667,0.1634,16.6,65.4,0,0,0,
2026-07-30,07:33:32,maceta1,89,94,84,82,83,590.0,0.3146,17.0,71.9,0,0,0,
2026-07-30,07:33:32,maceta2,95,93,81,82,81,327.08333333333337,0.1743,16.5,65.2,0,0,0,
2026-07-30,08:03:35,maceta1,89,93,84,82,83,590.0,0.3343,17.0,73.0,0,0,0,
2026-07-30,08:03:35,maceta2,94,92,81,82,81,326.6666666666667,0.1852,16.4,65.3,0,0,0,
2026-07-30,08:33:38,maceta1,90,93,84,82,83,590.8333333333334,0.354,17.0,73.0,0,0,0,
2026-07-30,08:33:38,maceta2,95,93,81,82,81,327.5,0.1961,16.4,66.0,0,0,0,
2026-07-30,09:03:40,maceta1,89,92,84,82,83,593.75,0.3738,16.9,72.4,0,0,0,
2026-07-30,09:03:40,maceta2,95,92,81,82,81,329.58333333333337,0.2071,16.4,65.7,0,0,0,
2026-07-30,09:33:43,maceta1,89,92,84,82,83,596.6666666666667,0.3937,16.9,72.8,0,0,0,
2026-07-30,09:33:43,maceta2,94,92,81,82,81,331.25,0.2182,16.4,65.4,0,0,0,
2026-07-30,10:03:46,maceta1,88,92,84,83,83,596.25,0.4136,16.9,73.2,0,0,0,
2026-07-30,10:03:46,maceta2,94,92,81,83,82,331.25,0.2292,16.4,65.9,0,0,0,
2026-07-30,10:33:49,maceta1,89,92,84,83,83,605.0,0.4338,16.9,73.5,0,0,0,
2026-07-30,10:33:49,maceta2,94,92,82,83,82,337.08333333333337,0.2405,16.4,66.0,0,0,0,
2026-07-30,11:03:51,maceta1,89,93,84,82,83,602.5,0.4539,16.9,73.2,0,0,0,
2026-07-30,11:03:51,maceta2,94,93,82,82,82,335.83333333333337,0.2517,16.4,66.3,0,0,0,
2026-07-30,11:33:54,maceta1,89,92,84,82,83,612.5,0.4743,16.9,71.7,0,0,0,
2026-07-30,11:33:54,maceta2,94,92,82,82,82,342.5,0.2631,16.5,66.2,0,0,0,
2026-07-30,12:03:57,maceta1,90,92,84,82,83,603.75,0.4944,16.9,72.7,0,0,0,
2026-07-30,12:03:57,maceta2,95,92,81,82,81,336.6666666666667,0.2743,16.5,66.5,0,0,0,
2026-07-30,12:33:59,maceta1,89,92,84,83,83,604.1666666666667,0.5146,16.9,73.8,0,0,0,
2026-07-30,12:33:59,maceta2,95,93,81,82,81,337.08333333333337,0.2856,16.5,66.9,0,0,0,
2026-07-30,13:04:02,maceta1,88,92,84,83,83,602.9166666666667,0.5347,16.9,74.5,0,0,0,
2026-07-30,13:04:02,maceta2,94,92,81,82,81,336.25,0.2968,16.5,67.4,0,0,0,
2026-07-30,13:34:15,maceta1,89,93,84,82,83,606.25,0.555,16.9,73.1,0,0,0,
2026-07-30,13:34:15,maceta2,94,92,81,82,81,338.33333333333337,0.3081,,,0,0,0,"Lectura invalida de DHT | Lectura invalida de DHT, se omite logica de ventilacion"
2026-07-30,14:04:18,maceta1,89,93,84,82,83,615.0,0.5755,16.9,72.5,0,0,0,
2026-07-30,14:04:18,maceta2,95,93,81,82,81,344.1666666666667,0.3196,16.6,67.4,0,0,0,
2026-07-30,14:34:20,maceta1,88,93,84,82,83,622.0833333333334,0.5963,17.0,72.5,0,0,0,
2026-07-30,14:34:20,maceta2,95,93,81,82,81,349.1666666666667,0.3312,16.7,68.0,0,0,0,
2026-07-30,15:04:23,maceta1,89,93,84,82,83,640.0,0.6176,,,0,0,0,"Lectura invalida de DHT | Lectura invalida de DHT, se omite logica de ventilacion"
2026-07-30,15:04:23,maceta2,96,94,81,82,81,358.75,0.3432,16.8,67.9,0,0,0,
2026-07-30,15:34:26,maceta1,90,94,84,82,83,616.25,0.6382,17.2,71.4,1,0,0,
2026-07-30,15:34:26,maceta2,94,92,81,82,81,347.5,0.3548,16.9,68.2,1,0,0,
2026-07-30,16:04:28,maceta1,87,92,84,82,83,685.8333333333334,1.7004,17.3,72.0,1,0,0,
2026-07-30,16:04:28,maceta2,94,92,81,82,81,457.08333333333337,1.4094,17.0,68.5,1,0,0,
2026-07-30,16:34:31,maceta1,87,91,85,82,83,683.75,2.7625,19.1,68.4,1,0,0,
2026-07-30,16:34:31,maceta2,93,92,82,83,82,457.9166666666667,2.464,18.2,65.9,1,0,0,
2026-07-30,17:04:34,maceta1,88,92,85,83,84,686.25,3.8247,19.5,68.7,1,0,0,
2026-07-30,17:04:34,maceta2,93,92,82,83,82,462.08333333333337,3.5187,18.5,65.2,1,0,0,
2026-07-30,17:34:36,maceta1,88,91,85,83,84,666.6666666666667,4.8863,19.5,67.6,1,0,0,
2026-07-30,17:34:36,maceta2,95,93,82,82,82,446.6666666666667,4.573,18.6,65.2,1,0,0,
2026-07-30,18:04:39,maceta1,88,91,85,83,84,666.6666666666667,5.9479,19.5,67.8,1,0,0,
2026-07-30,18:04:39,maceta2,93,92,82,82,82,444.1666666666667,5.6271,18.7,65.5,1,0,0,
2026-07-30,18:34:42,maceta1,87,90,85,83,84,666.25,7.0095,19.5,68.0,1,0,0,
2026-07-30,18:34:42,maceta2,93,91,82,83,82,446.25,6.6814,18.7,65.4,1,0,0,
2026-07-30,19:04:45,maceta1,87,90,85,84,84,665.4166666666667,8.071,19.5,67.8,1,0,0,
2026-07-30,19:04:45,maceta2,94,91,82,83,82,446.6666666666667,7.7356,18.7,65.4,1,0,0,
2026-07-30,19:34:47,maceta1,87,90,85,84,84,665.8333333333334,9.1326,19.7,67.9,1,0,0,
2026-07-30,19:34:47,maceta2,93,91,82,83,82,442.9166666666667,8.7898,18.7,65.8,1,0,0,
2026-07-30,20:04:50,maceta1,87,90,85,84,84,669.1666666666667,10.1942,19.6,67.7,1,0,0,
2026-07-30,20:04:50,maceta2,93,92,82,83,82,446.25,9.844,18.7,65.8,1,0,0,
2026-07-30,20:34:53,maceta1,86,90,85,84,84,670.4166666666667,11.2559,19.7,68.0,1,0,0,
2026-07-30,20:34:53,maceta2,93,92,82,83,82,443.33333333333337,10.8981,18.7,65.7,1,0,0,
2026-07-30,21:04:55,maceta1,87,90,85,84,84,669.5833333333334,12.3176,19.7,67.9,1,0,0,
2026-07-30,21:04:55,maceta2,92,92,82,83,82,445.83333333333337,11.9523,18.7,66.0,1,0,0,
2026-07-30,21:34:58,maceta1,87,91,85,84,84,667.5,13.3792,19.7,68.2,1,0,0,
2026-07-30,21:34:58,maceta2,93,92,82,83,82,446.25,13.0065,18.7,65.8,1,0,0,
2026-07-30,22:05:01,maceta1,88,91,85,83,84,670.8333333333334,14.4409,19.7,68.2,0,0,0,
2026-07-30,22:05:01,maceta2,94,92,82,83,82,443.33333333333337,14.0607,18.7,65.8,0,0,0,
2026-07-30,22:35:03,maceta1,87,90,85,83,84,590.0,14.4606,19.7,68.0,0,0,0,
2026-07-30,22:35:03,maceta2,94,92,82,83,82,327.08333333333337,14.0716,18.7,66.0,0,0,0,
2026-07-30,23:05:06,maceta1,88,90,85,84,84,590.0,14.4803,18.3,73.4,0,0,0,
2026-07-30,23:05:06,maceta2,94,92,82,83,82,327.08333333333337,14.0825,17.7,68.4,0,0,0,
2026-07-30,23:35:09,maceta1,87,91,85,84,84,590.0,14.5,18.0,73.7,0,0,0,
2026-07-30,23:35:09,maceta2,94,92,82,83,82,327.08333333333337,14.0934,17.5,70.5,0,0,0,
2026-07-31,00:05:12,maceta1,89,93,85,83,84,590.4166666666667,0.0197,17.8,76.0,0,0,0,
2026-07-31,00:05:12,maceta2,96,94,81,82,81,327.5,0.0109,17.5,70.2,0,0,0,
2026-07-31,00:35:14,maceta1,88,92,85,83,84,590.0,0.0394,17.8,76.9,0,0,0,
2026-07-31,00:35:14,maceta2,95,93,81,82,81,327.08333333333337,0.0218,17.5,71.2,0,0,0,
2026-07-31,01:05:17,maceta1,90,93,84,82,83,590.4166666666667,0.0591,17.8,76.5,0,0,0,
2026-07-31,01:05:17,maceta2,96,94,81,82,81,327.5,0.0328,17.5,71.5,0,0,0,
2026-07-31,01:35:20,maceta1,89,93,84,82,83,590.0,0.0787,17.9,76.8,0,0,0,
2026-07-31,01:35:20,maceta2,95,94,81,82,81,327.08333333333337,0.0437,17.6,72.5,0,0,0,
2026-07-31,02:05:22,maceta1,89,94,84,82,83,590.0,0.0984,17.9,78.0,0,0,0,
2026-07-31,02:05:22,maceta2,97,94,81,82,81,327.08333333333337,0.0546,17.6,72.7,0,0,0,
2026-07-31,02:35:25,maceta1,89,93,84,82,83,590.0,0.1181,18.0,77.5,0,0,0,
2026-07-31,02:35:25,maceta2,96,93,81,82,81,327.08333333333337,0.0655,17.6,73.2,0,0,0,
2026-07-31,03:05:28,maceta1,90,93,84,82,83,590.0,0.1378,18.0,77.8,0,0,0,
2026-07-31,03:05:28,maceta2,96,94,80,82,81,327.08333333333337,0.0764,17.6,73.0,0,0,0,
2026-07-31,03:35:31,maceta1,90,94,84,82,83,590.0,0.1574,18.0,77.9,0,0,0,
2026-07-31,03:35:31,maceta2,95,94,81,82,81,327.08333333333337,0.0873,17.7,72.8,0,0,0,
2026-07-31,04:05:33,maceta1,90,94,84,82,83,590.0,0.1771,18.0,78.2,0,0,0,
2026-07-31,04:05:33,maceta2,96,94,81,82,81,327.08333333333337,0.0982,17.7,73.4,0,0,0,
2026-07-31,04:35:36,maceta1,89,93,84,82,83,590.0,0.1968,18.0,78.7,0,0,0,
2026-07-31,04:35:36,maceta2,95,93,81,82,81,327.08333333333337,0.1091,17.7,73.3,0,0,0,
2026-07-31,05:05:39,maceta1,89,94,84,82,83,589.5833333333334,0.2165,18.0,78.3,0,0,0,
2026-07-31,05:05:39,maceta2,95,93,81,82,81,327.08333333333337,0.12,17.8,73.5,0,0,0,
2026-07-31,05:35:41,maceta1,90,93,84,82,83,589.5833333333334,0.2361,18.0,78.9,0,0,0,
2026-07-31,05:35:41,maceta2,97,93,81,82,81,327.08333333333337,0.1309,17.7,74.4,0,0,0,
2026-07-31,06:05:44,maceta1,89,94,84,82,83,590.0,0.2558,18.0,79.4,0,0,0,
2026-07-31,06:05:44,maceta2,96,93,81,82,81,327.08333333333337,0.1418,17.7,74.9,0,0,0,
2026-07-31,06:35:47,maceta1,90,93,84,82,83,590.0,0.2755,18.0,80.0,0,0,0,
2026-07-31,06:35:47,maceta2,95,93,81,82,81,327.08333333333337,0.1527,17.7,75.3,0,0,0,
2026-07-31,07:05:49,maceta1,89,94,84,82,83,589.5833333333334,0.2951,18.0,79.4,0,0,0,
2026-07-31,07:05:49,maceta2,95,94,81,82,81,327.08333333333337,0.1637,17.7,74.9,0,0,0,
2026-07-31,07:35:52,maceta1,89,93,84,82,83,589.5833333333334,0.3148,18.0,79.7,0,0,0,
2026-07-31,07:35:52,maceta2,95,92,81,82,81,327.08333333333337,0.1746,17.7,74.9,0,0,0,
2026-07-31,08:05:55,maceta1,89,94,84,82,83,590.0,0.3345,18.0,79.7,0,0,0,
2026-07-31,08:05:55,maceta2,96,94,81,82,81,327.08333333333337,0.1855,17.8,74.7,0,0,0,
2026-07-31,08:35:57,maceta1,90,94,84,82,83,590.8333333333334,0.3542,18.0,79.6,0,0,0,
2026-07-31,08:35:57,maceta2,96,93,81,82,81,327.9166666666667,0.1964,17.8,74.5,0,0,0,
2026-07-31,09:06:00,maceta1,89,93,84,82,83,592.5,0.3739,18.0,80.0,0,0,0,
2026-07-31,09:06:00,maceta2,96,93,81,82,81,328.75,0.2074,17.8,74.8,0,0,0,
2026-07-31,09:36:04,maceta1,91,94,84,82,83,603.3333333333334,0.3941,18.0,79.5,0,0,0,
2026-07-31,09:36:04,maceta2,97,94,80,82,81,336.6666666666667,0.2186,17.8,74.7,0,0,0,
2026-07-31,10:06:07,maceta1,90,94,84,82,83,609.5833333333334,0.4144,18.0,79.7,0,0,0,
2026-07-31,10:06:07,maceta2,96,95,80,82,81,340.83333333333337,0.23,17.8,74.8,0,0,0,
2026-07-31,10:36:09,maceta1,90,94,84,82,83,619.5833333333334,0.4351,18.1,79.4,0,0,0,
2026-07-31,10:36:09,maceta2,96,93,80,82,81,347.5,0.2416,17.8,74.7,0,0,0,
2026-07-31,11:06:12,maceta1,90,94,84,82,83,612.0833333333334,0.4555,18.1,79.5,0,0,0,
2026-07-31,11:06:12,maceta2,95,94,81,82,81,342.9166666666667,0.253,17.8,74.6,0,0,0,
2026-07-31,11:36:15,maceta1,91,95,84,81,82,634.1666666666667,0.4766,18.2,79.7,0,0,0,
2026-07-31,11:36:15,maceta2,96,94,81,82,81,357.9166666666667,0.2649,17.9,73.8,0,0,0,
2026-07-31,12:06:17,maceta1,90,95,84,81,82,665.4166666666667,0.4988,18.3,79.1,0,0,0,
2026-07-31,12:06:17,maceta2,97,94,81,82,81,380.83333333333337,0.2776,18.0,74.0,0,0,0,
2026-07-31,12:36:20,maceta1,89,94,84,81,82,656.25,0.5207,18.4,79.7,0,0,0,
2026-07-31,12:36:20,maceta2,96,94,80,82,81,373.75,0.2901,18.1,74.3,0,0,0,
2026-07-31,13:06:23,maceta1,89,93,84,82,83,657.9166666666667,0.5426,18.5,80.2,0,0,0,
2026-07-31,13:06:23,maceta2,96,94,80,82,81,375.4166666666667,0.3026,18.2,75.9,0,0,0,
2026-07-31,13:36:25,maceta1,89,93,84,82,83,659.5833333333334,0.5646,18.7,81.4,0,1,0,Humedad alta prolongada (Promedio: 80.0%). Ventilador activado.
2026-07-31,13:36:25,maceta2,97,95,80,81,80,376.25,0.3152,18.3,76.2,0,0,0,
2026-07-31,14:06:29,maceta1,91,95,84,82,83,656.6666666666667,0.5866,19.0,81.6,0,0,0,
2026-07-31,14:06:29,maceta2,97,95,80,81,80,376.25,0.3277,18.5,76.9,0,0,0,
2026-07-31,14:36:32,maceta1,91,95,84,81,82,640.0,0.6079,19.2,78.3,0,0,0,
2026-07-31,14:36:32,maceta2,97,94,80,81,80,367.5,0.34,18.6,77.7,0,0,0,
2026-07-31,15:06:35,maceta1,91,95,83,81,82,621.25,0.6286,19.2,81.2,1,0,0,
2026-07-31,15:06:35,maceta2,95,93,80,82,81,350.0,0.3516,18.7,77.7,0,0,0,
2026-07-31,15:36:38,maceta1,88,92,84,82,83,685.0,1.6908,19.4,81.7,1,0,0,
2026-07-31,15:36:38,maceta2,95,93,81,82,81,344.58333333333337,0.3631,18.8,77.5,1,0,0,
2026-07-31,16:06:40,maceta1,88,92,84,82,83,679.5833333333334,2.7528,21.1,76.5,1,0,0,
2026-07-31,16:06:40,maceta2,94,94,81,82,81,445.83333333333337,1.4174,18.9,77.5,1,0,0,
2026-07-31,16:36:45,maceta1,88,92,85,83,84,679.5833333333334,3.8159,21.5,74.3,0,0,0,
2026-07-31,16:36:45,maceta2,95,93,81,82,81,447.9166666666667,2.4727,20.1,75.0,1,0,0,
2026-07-31,17:06:47,maceta1,87,92,85,83,84,606.25,3.8361,21.6,73.0,1,0,0,
2026-07-31,17:06:47,maceta2,96,93,81,82,81,448.75,3.527,20.3,73.6,1,0,0,
2026-07-31,17:36:50,maceta1,87,90,85,83,84,672.5,4.8979,20.2,75.9,1,0,0,
2026-07-31,17:36:50,maceta2,94,92,81,82,81,442.5,4.5811,20.4,72.4,1,0,0,
2026-07-31,18:06:53,maceta1,87,91,85,83,84,670.0,5.9595,21.4,72.4,1,0,0,
2026-07-31,18:06:53,maceta2,95,93,81,82,81,445.0,5.6353,20.4,71.8,1,0,0,
2026-07-31,18:36:55,maceta1,87,90,85,84,84,669.5833333333334,7.0212,21.6,72.0,1,0,0,
2026-07-31,18:36:55,maceta2,95,92,81,82,81,443.75,6.6894,20.5,71.5,1,0,0,
2026-07-31,19:06:58,maceta1,88,91,85,83,84,665.0,8.0827,21.7,72.1,1,0,0,
2026-07-31,19:06:58,maceta2,96,93,81,82,81,438.33333333333337,7.7434,20.5,71.2,1,0,0,
2026-07-31,19:37:01,maceta1,87,90,85,84,84,666.25,9.1443,21.7,70.8,1,0,0,
2026-07-31,19:37:01,maceta2,95,93,81,82,81,440.0,8.7974,20.5,71.4,1,0,0,
2026-07-31,20:07:04,maceta1,87,90,85,84,84,667.9166666666667,10.2059,21.8,71.8,1,0,0,
2026-07-31,20:07:04,maceta2,95,93,81,82,81,440.0,9.8514,20.6,70.9,1,0,0,
2026-07-31,20:37:06,maceta1,87,91,85,84,84,666.25,11.2676,21.9,70.4,1,0,0,
2026-07-31,20:37:06,maceta2,94,93,81,82,81,445.83333333333337,10.9057,20.7,70.9,1,0,0,
2026-07-31,21:07:09,maceta1,87,90,85,84,84,669.1666666666667,12.3293,21.9,70.5,1,0,0,
2026-07-31,21:07:09,maceta2,95,93,81,82,81,441.25,11.9598,20.7,70.9,1,0,0,
2026-07-31,21:37:12,maceta1,86,89,85,84,84,666.6666666666667,13.3908,21.9,70.3,1,0,0,
2026-07-31,21:37:12,maceta2,93,92,82,82,82,446.25,13.014,20.7,70.2,1,0,0,
2026-07-31,22:07:15,maceta1,85,90,86,84,85,667.0833333333334,14.4524,21.8,67.8,0,0,0,
2026-07-31,22:07:15,maceta2,95,93,81,82,81,442.08333333333337,14.0681,20.8,69.1,0,0,0,
2026-07-31,22:37:17,maceta1,88,91,86,84,85,589.5833333333334,14.4721,21.7,65.8,0,0,0,
2026-07-31,22:37:17,maceta2,96,94,81,82,81,326.25,14.079,20.8,67.6,0,0,0,
2026-07-31,23:07:20,maceta1,87,91,85,83,84,589.1666666666667,14.4917,20.3,67.9,0,0,0,
2026-07-31,23:07:20,maceta2,95,94,81,82,81,325.83333333333337,14.0898,19.7,68.4,0,0,0,
2026-07-31,23:37:23,maceta1,88,91,85,83,84,589.1666666666667,14.5114,20.0,68.7,0,0,0,
2026-07-31,23:37:23,maceta2,95,93,81,82,81,325.83333333333337,14.1007,19.5,67.8,0,0,0,
2026-08-01,00:07:25,maceta1,87,90,85,83,84,588.75,0.0196,19.8,69.6,0,0,0,
2026-08-01,00:07:25,maceta2,95,93,81,82,81,325.83333333333337,0.0109,19.4,66.9,0,0,0,
2026-08-01,00:37:28,maceta1,88,91,85,83,84,588.75,0.0393,19.8,68.2,0,0,0,
2026-08-01,00:37:28,maceta2,96,94,81,82,81,325.83333333333337,0.0217,19.3,65.9,0,0,0,
2026-08-01,01:07:31,maceta1,87,91,85,83,84,588.75,0.0589,19.7,67.6,0,0,0,
2026-08-01,01:07:31,maceta2,95,93,81,82,81,325.83333333333337,0.0326,19.3,66.9,0,0,0,
2026-08-01,01:37:33,maceta1,87,90,85,83,84,588.75,0.0785,19.7,68.4,0,0,0,
2026-08-01,01:37:33,maceta2,95,93,81,82,81,325.83333333333337,0.0435,19.3,67.9,0,0,0,
2026-08-01,02:07:36,maceta1,87,91,85,83,84,588.75,0.0982,19.7,67.4,0,0,0,
2026-08-01,02:07:36,maceta2,96,93,81,82,81,325.83333333333337,0.0543,19.4,67.0,0,0,0,
2026-08-01,02:37:39,maceta1,87,90,85,84,84,588.75,0.1178,19.6,70.3,0,0,0,
2026-08-01,02:37:39,maceta2,95,93,81,82,81,326.25,0.0652,19.3,67.2,0,0,0,
2026-08-01,03:07:41,maceta1,88,91,85,83,84,589.1666666666667,0.1375,19.5,70.2,0,0,0,
2026-08-01,03:07:41,maceta2,96,94,81,82,81,326.25,0.0761,19.3,67.6,0,0,0,
2026-08-01,03:37:44,maceta1,88,91,85,83,84,588.75,0.1571,19.5,69.7,0,0,0,
2026-08-01,03:37:44,maceta2,96,93,81,82,81,326.25,0.087,19.3,67.7,0,0,0,
2026-08-01,04:07:47,maceta1,87,91,85,83,84,588.75,0.1767,19.5,70.2,0,0,0,
2026-08-01,04:07:47,maceta2,96,94,81,82,81,325.83333333333337,0.0978,19.2,66.9,0,0,0,
2026-08-01,04:37:49,maceta1,87,91,85,83,84,588.3333333333334,0.1963,19.5,70.6,0,0,0,
2026-08-01,04:37:49,maceta2,95,93,81,82,81,325.83333333333337,0.1087,19.1,66.1,0,0,0,
2026-08-01,05:07:52,maceta1,87,91,85,83,84,588.3333333333334,0.216,19.4,71.7,0,0,0,
2026-08-01,05:07:52,maceta2,95,93,81,82,81,325.83333333333337,0.1196,19.1,65.5,0,0,0,
2026-08-01,05:37:55,maceta1,87,92,85,83,84,588.3333333333334,0.2356,19.3,69.2,0,0,0,
2026-08-01,05:37:55,maceta2,96,94,81,82,81,325.83333333333337,0.1304,19.0,64.1,0,0,0,
2026-08-01,06:07:58,maceta1,87,90,85,83,84,588.75,0.2552,19.2,68.4,0,0,0,
2026-08-01,06:07:58,maceta2,95,94,81,82,81,325.83333333333337,0.1413,18.9,63.0,0,0,0,
2026-08-01,06:38:00,maceta1,88,91,85,83,84,588.3333333333334,0.2748,19.0,67.6,0,0,0,
2026-08-01,06:38:00,maceta2,95,93,81,82,81,325.83333333333337,0.1522,18.8,61.8,0,0,0,
2026-08-01,07:08:03,maceta1,87,90,85,84,84,588.3333333333334,0.2945,19.0,68.7,0,0,0,
2026-08-01,07:08:03,maceta2,94,93,81,82,81,325.83333333333337,0.163,18.7,61.1,0,0,0,
2026-08-01,07:38:06,maceta1,88,92,85,83,84,588.75,0.3141,18.9,66.7,0,0,0,
2026-08-01,07:38:06,maceta2,96,94,81,82,81,325.4166666666667,0.1739,18.6,60.3,0,0,0,
2026-08-01,08:08:08,maceta1,87,92,85,83,84,589.1666666666667,0.3337,18.8,67.5,0,0,0,
2026-08-01,08:08:08,maceta2,96,94,81,82,81,325.83333333333337,0.1848,18.5,59.2,0,0,0,
2026-08-01,08:38:11,maceta1,87,91,85,83,84,591.6666666666667,0.3535,18.7,66.4,0,0,0,
2026-08-01,08:38:11,maceta2,96,93,81,82,81,327.9166666666667,0.1957,18.3,58.3,0,0,0,
2026-08-01,09:08:14,maceta1,87,91,85,83,84,604.5833333333334,0.3736,18.6,65.6,0,0,0,
2026-08-01,09:08:14,maceta2,96,94,81,82,81,337.08333333333337,0.2069,18.2,58.0,0,0,0,
2026-08-01,09:38:16,maceta1,87,91,85,83,84,612.5,0.3941,18.5,64.6,0,0,0,
2026-08-01,09:38:16,maceta2,96,94,81,82,81,342.9166666666667,0.2184,18.2,57.2,0,0,0,
2026-08-01,10:08:19,maceta1,87,90,85,83,84,620.8333333333334,0.4148,18.5,61.1,0,0,0,
2026-08-01,10:08:19,maceta2,96,93,81,82,81,348.75,0.23,18.2,57.6,0,0,0,
2026-08-01,10:38:22,maceta1,88,92,85,83,84,629.1666666666667,0.4358,18.6,57.3,0,0,0,
2026-08-01,10:38:22,maceta2,97,94,80,82,81,354.58333333333337,0.2418,18.3,58.1,0,0,0,
2026-08-01,11:08:24,maceta1,88,91,85,83,84,637.5,0.457,18.7,60.3,0,0,0,
2026-08-01,11:08:24,maceta2,97,95,80,82,81,360.0,0.2538,18.4,59.7,0,0,0,
2026-08-01,11:38:27,maceta1,88,92,85,83,84,645.0,0.4785,18.8,57.8,0,0,0,
2026-08-01,11:38:27,maceta2,97,95,80,81,80,365.4166666666667,0.266,18.4,57.8,0,0,0,
2026-08-01,12:08:30,maceta1,87,92,85,83,84,652.0833333333334,0.5003,18.9,57.8,0,0,0,
2026-08-01,12:08:30,maceta2,97,96,80,81,80,370.4166666666667,0.2784,18.5,57.9,0,0,0,
2026-08-01,12:38:32,maceta1,88,92,85,83,84,657.0833333333334,0.5222,18.9,60.0,0,0,0,
2026-08-01,12:38:32,maceta2,98,96,80,81,80,373.75,0.2908,18.6,58.5,0,0,0,
2026-08-01,13:08:35,maceta1,88,93,85,82,83,659.1666666666667,0.5442,19.0,61.1,0,0,0,
2026-08-01,13:08:35,maceta2,98,97,80,80,80,375.0,0.3033,18.7,59.0,0,0,0,
2026-08-01,13:38:38,maceta1,87,93,85,82,83,660.4166666666667,0.5662,19.1,64.4,0,0,0,
2026-08-01,13:38:38,maceta2,95,95,80,81,80,375.83333333333337,0.3159,18.8,55.2,0,0,0,
2026-08-01,14:08:41,maceta1,88,92,85,82,83,655.0,0.588,19.2,62.3,0,0,0,
2026-08-01,14:08:41,maceta2,99,96,80,81,80,372.08333333333337,0.3283,18.9,54.1,0,0,0,
2026-08-01,14:38:43,maceta1,88,92,85,82,83,637.0833333333334,0.6093,19.3,63.2,0,0,0,
2026-08-01,14:38:43,maceta2,98,96,80,81,80,366.25,0.3405,18.9,52.6,0,0,0,
2026-08-01,15:08:46,maceta1,87,92,85,83,84,625.8333333333334,0.6302,19.2,63.4,1,0,0,
2026-08-01,15:08:46,maceta2,96,95,80,81,80,352.9166666666667,0.3523,18.9,51.7,0,0,0,
2026-08-01,15:38:49,maceta1,87,91,85,83,84,677.9166666666667,1.6921,19.2,60.5,1,0,0,
2026-08-01,15:38:49,maceta2,98,96,80,81,80,342.08333333333337,0.3637,18.9,52.2,1,0,0,
2026-08-01,16:08:51,maceta1,87,91,85,83,84,677.5,2.7541,20.7,54.4,1,0,0,
2026-08-01,16:08:51,maceta2,98,96,80,81,80,450.83333333333337,1.4181,18.9,51.1,1,0,0,
2026-08-01,16:38:54,maceta1,87,90,85,83,84,674.5833333333334,3.8159,21.1,51.0,1,0,0,
2026-08-01,16:38:54,maceta2,97,95,80,81,80,452.5,2.4725,,,1,0,0,"Lectura invalida de DHT | Lectura invalida de DHT, se omite logica de ventilacion"
2026-08-01,17:08:57,maceta1,85,89,86,84,85,682.5,4.878,21.3,48.7,1,0,0,
2026-08-01,17:08:57,maceta2,97,96,80,81,80,458.33333333333337,3.5272,20.3,47.6,1,0,0,
2026-08-01,17:39:00,maceta1,86,89,86,84,85,671.25,5.9398,21.4,49.3,1,0,0,
2026-08-01,17:39:00,maceta2,98,96,80,81,80,453.75,4.5816,20.3,47.2,1,0,0,
2026-08-01,18:09:02,maceta1,85,90,86,84,85,671.6666666666667,7.0015,21.3,48.1,1,0,0,
2026-08-01,18:09:02,maceta2,98,97,80,80,80,456.25,5.6362,20.4,47.2,1,0,0,
2026-08-01,18:39:05,maceta1,85,90,86,84,85,664.5833333333334,8.0631,21.3,48.0,0,0,0,
2026-08-01,18:39:05,maceta2,99,98,79,80,79,447.5,6.6905,20.5,47.7,1,0,0,
2026-08-01,19:09:08,maceta1,85,90,86,84,85,591.6666666666667,8.0828,21.2,46.9,1,0,0,
2026-08-01,19:09:08,maceta2,98,97,79,80,79,451.25,7.7449,20.5,47.9,1,0,0,
2026-08-01,19:39:10,maceta1,85,89,86,84,85,665.0,9.1443,19.9,48.0,1,0,0,
2026-08-01,19:39:10,maceta2,98,96,79,80,79,449.1666666666667,8.7992,20.5,48.0,1,0,0,
2026-08-01,20:09:13,maceta1,86,90,86,84,85,667.9166666666667,10.206,21.0,48.9,1,0,0,
2026-08-01,20:09:13,maceta2,98,97,80,80,80,447.08333333333337,9.8535,20.5,47.9,1,0,0,
2026-08-01,20:39:16,maceta1,85,90,86,84,85,668.3333333333334,11.2676,21.1,50.1,1,0,0,
2026-08-01,20:39:16,maceta2,99,98,79,80,79,448.75,10.9078,20.4,48.5,1,0,0,
2026-08-01,21:09:18,maceta1,86,90,86,84,85,668.3333333333334,12.3292,21.1,51.8,1,0,0,
2026-08-01,21:09:18,maceta2,99,96,79,80,79,447.08333333333337,11.9621,20.4,48.5,1,0,0,
2026-08-01,21:39:21,maceta1,86,90,86,84,85,665.8333333333334,13.3908,21.2,52.1,1,0,0,
2026-08-01,21:39:21,maceta2,100,97,79,80,79,450.83333333333337,13.0164,20.4,48.7,1,0,0,
2026-08-01,22:09:24,maceta1,85,89,86,84,85,666.25,14.4523,21.1,51.1,0,0,0,
2026-08-01,22:09:24,maceta2,99,97,79,80,79,448.33333333333337,14.0707,20.3,47.3,0,0,0,
2026-08-01,22:39:27,maceta1,87,91,86,84,85,590.4166666666667,14.472,21.1,51.4,0,0,0,
2026-08-01,22:39:27,maceta2,101,98,78,80,79,325.4166666666667,14.0816,20.3,48.6,0,0,0,
2026-08-01,23:09:29,maceta1,86,90,86,84,85,590.0,14.4917,19.6,58.2,0,0,0,
2026-08-01,23:09:29,maceta2,99,98,79,80,79,325.4166666666667,14.0924,19.2,50.0,0,0,0,
2026-08-01,23:39:32,maceta1,87,90,85,84,84,589.5833333333334,14.5113,19.2,58.6,0,0,0,
2026-08-01,23:39:32,maceta2,100,99,78,79,78,325.4166666666667,14.1033,18.9,50.5,0,0,0,
2026-08-02,00:09:35,maceta1,87,91,85,84,84,589.5833333333334,0.0197,19.1,57.6,0,0,0,
2026-08-02,00:09:35,maceta2,100,99,79,79,79,325.4166666666667,0.0109,18.8,50.9,0,0,0,
2026-08-02,00:39:38,maceta1,88,90,85,84,84,590.0,0.0393,19.0,59.2,0,0,0,
2026-08-02,00:39:38,maceta2,100,100,78,79,78,325.4166666666667,0.0217,18.7,50.7,0,0,0,
2026-08-02,01:09:40,maceta1,86,90,85,84,84,590.0,0.059,18.9,58.2,0,0,0,
2026-08-02,01:09:40,maceta2,100,99,78,79,78,325.4166666666667,0.0326,18.6,51.4,0,0,0,
2026-08-02,01:39:43,maceta1,86,91,85,84,84,590.0,0.0787,18.9,58.6,0,0,0,
2026-08-02,01:39:43,maceta2,100,98,78,79,78,325.83333333333337,0.0434,18.6,51.7,0,0,0,
2026-08-02,02:09:46,maceta1,86,91,86,83,84,590.0,0.0984,18.9,57.6,0,0,0,
2026-08-02,02:09:46,maceta2,101,99,78,79,78,325.83333333333337,0.0543,,,0,0,0,"Lectura invalida de DHT | Lectura invalida de DHT, se omite logica de ventilacion"
2026-08-02,02:39:49,maceta1,86,90,86,83,84,590.0,0.118,18.9,59.3,0,0,0,
2026-08-02,02:39:49,maceta2,100,97,78,80,79,325.83333333333337,0.0652,18.6,53.9,0,0,0,
2026-08-02,03:09:51,maceta1,87,89,86,84,85,590.0,0.1377,18.8,59.7,0,0,0,
2026-08-02,03:09:51,maceta2,101,98,78,80,79,325.83333333333337,0.076,18.6,53.6,0,0,0,
2026-08-02,03:39:54,maceta1,87,91,85,84,84,590.0,0.1574,18.8,59.8,0,0,0,
2026-08-02,03:39:54,maceta2,101,100,78,79,78,325.83333333333337,0.0869,18.5,52.5,0,0,0,
2026-08-02,04:09:57,maceta1,86,90,85,84,84,590.0,0.1771,18.8,63.2,0,0,0,
2026-08-02,04:09:57,maceta2,101,99,78,79,78,325.83333333333337,0.0978,18.4,52.2,0,0,0,
2026-08-02,04:39:59,maceta1,87,91,85,83,84,590.0,0.1968,18.7,59.6,0,0,0,
2026-08-02,04:39:59,maceta2,100,100,78,79,78,325.83333333333337,0.1086,18.4,51.9,0,0,0,
2026-08-02,05:10:04,maceta1,87,90,85,84,84,589.5833333333334,0.2164,18.7,60.7,0,0,0,
2026-08-02,05:10:04,maceta2,100,98,78,79,78,325.0,0.1195,18.4,54.0,0,0,0,
2026-08-02,05:40:07,maceta1,87,92,85,83,84,589.5833333333334,0.2361,18.7,63.9,0,0,0,
2026-08-02,05:40:07,maceta2,101,100,78,79,78,325.83333333333337,0.1303,18.4,55.5,0,0,0,
2026-08-02,06:10:09,maceta1,87,90,85,83,84,589.5833333333334,0.2558,18.6,63.6,0,0,0,
2026-08-02,06:10:09,maceta2,101,99,78,79,78,325.83333333333337,0.1412,18.4,56.6,0,0,0,
2026-08-02,06:40:12,maceta1,86,90,85,83,84,589.1666666666667,0.2754,18.6,65.9,0,0,0,
2026-08-02,06:40:12,maceta2,100,98,78,79,78,325.4166666666667,0.1521,18.3,57.5,0,0,0,
2026-08-02,07:10:15,maceta1,87,91,85,84,84,589.1666666666667,0.2951,18.6,67.6,0,0,0,
2026-08-02,07:10:15,maceta2,101,99,78,79,78,325.83333333333337,0.1629,18.2,59.4,0,0,0,
2026-08-02,07:40:17,maceta1,86,90,86,84,85,589.1666666666667,0.3147,18.6,68.2,0,0,0,
2026-08-02,07:40:17,maceta2,100,99,78,79,78,325.83333333333337,0.1738,18.2,59.4,0,0,0,
2026-08-02,08:10:20,maceta1,87,91,85,83,84,590.0,0.3344,18.6,68.6,0,0,0,
2026-08-02,08:10:20,maceta2,101,99,78,79,78,326.25,0.1847,18.2,60.2,0,0,0,
2026-08-02,08:40:23,maceta1,87,90,85,84,84,594.5833333333334,0.3542,18.6,69.4,0,0,0,
2026-08-02,08:40:23,maceta2,101,99,78,79,78,329.58333333333337,0.1957,18.1,60.3,0,0,0,
2026-08-02,09:10:25,maceta1,87,90,85,84,84,607.9166666666667,0.3745,18.5,67.8,0,0,0,
2026-08-02,09:10:25,maceta2,101,99,78,79,78,339.58333333333337,0.207,18.1,60.2,0,0,0,
2026-08-02,09:40:28,maceta1,85,89,86,84,85,617.5,0.3951,18.5,68.6,0,0,0,
2026-08-02,09:40:28,maceta2,99,97,78,79,78,346.6666666666667,0.2186,18.1,60.0,0,0,0,
2026-08-02,10:10:31,maceta1,86,90,86,84,85,618.75,0.4157,18.5,66.5,0,0,0,
2026-08-02,10:10:31,maceta2,100,100,78,79,78,347.08333333333337,0.2301,18.1,60.2,0,0,0,
2026-08-02,10:40:33,maceta1,86,91,86,84,85,625.0,0.4366,18.6,66.7,0,0,0,
2026-08-02,10:40:33,maceta2,101,99,78,79,78,351.25,0.2418,18.2,59.6,0,0,0,
2026-08-02,11:10:36,maceta1,87,91,86,83,84,644.1666666666667,0.458,18.7,66.2,0,0,0,
2026-08-02,11:10:36,maceta2,100,99,78,79,78,365.4166666666667,0.254,18.3,59.4,0,0,0,
2026-08-02,11:40:39,maceta1,86,91,86,83,84,633.3333333333334,0.4792,18.8,62.6,0,0,0,
2026-08-02,11:40:39,maceta2,101,100,78,79,78,357.08333333333337,0.2659,18.4,59.6,0,0,0,
2026-08-02,12:10:42,maceta1,86,91,86,83,84,640.0,0.5005,18.9,61.6,0,0,0,
2026-08-02,12:10:42,maceta2,101,100,78,79,78,361.6666666666667,0.278,18.6,60.5,0,0,0,
2026-08-02,12:40:44,maceta1,87,90,86,83,84,645.8333333333334,0.522,19.1,64.0,0,0,0,
2026-08-02,12:40:44,maceta2,100,99,78,79,78,365.83333333333337,0.2902,18.6,60.9,0,0,0,
2026-08-02,13:10:47,maceta1,87,90,85,84,84,640.0,0.5434,19.1,65.4,0,0,0,
2026-08-02,13:10:47,maceta2,101,99,78,79,78,361.25,0.3022,18.8,60.3,0,0,0,
2026-08-02,13:40:50,maceta1,86,90,85,84,84,653.75,0.5652,19.2,66.4,0,0,0,
2026-08-02,13:40:50,maceta2,100,98,78,79,78,372.08333333333337,0.3147,18.9,59.2,0,0,0,
2026-08-02,14:10:53,maceta1,86,90,86,84,85,647.9166666666667,0.5868,19.3,67.6,0,0,0,
2026-08-02,14:10:53,maceta2,100,98,78,79,78,367.5,0.3269,19.0,58.7,0,0,0,
2026-08-02,14:40:55,maceta1,86,91,86,84,85,634.1666666666667,0.608,19.5,68.6,0,0,0,
2026-08-02,14:40:55,maceta2,100,99,78,79,78,362.5,0.339,19.1,58.1,0,0,0,
2026-08-02,15:10:58,maceta1,86,90,86,84,85,617.0833333333334,0.6285,19.5,69.1,1,0,0,
2026-08-02,15:10:58,maceta2,100,97,78,80,79,346.6666666666667,0.3506,19.1,58.3,0,0,0,
2026-08-02,15:41:01,maceta1,86,90,86,84,85,689.1666666666667,1.6909,19.5,68.0,1,0,0,
2026-08-02,15:41:01,maceta2,99,98,79,80,79,343.75,0.362,19.2,58.4,1,0,0,
2026-08-02,16:11:04,maceta1,87,91,86,84,85,687.9166666666667,2.7532,21.1,59.4,1,0,0,
2026-08-02,16:11:04,maceta2,101,99,78,80,79,460.0,1.4167,19.2,58.1,1,0,0,
2026-08-02,16:41:06,maceta1,87,91,85,83,84,691.25,3.8155,21.7,60.8,1,0,0,
2026-08-02,16:41:06,maceta2,100,98,78,79,78,461.6666666666667,2.4714,20.5,56.4,1,0,0,
2026-08-02,17:11:09,maceta1,87,90,85,83,84,680.8333333333334,4.8776,22.0,61.8,1,0,0,
2026-08-02,17:11:09,maceta2,100,99,78,79,78,455.83333333333337,3.526,,,1,0,0,"Lectura invalida de DHT | Lectura invalida de DHT, se omite logica de ventilacion"
2026-08-02,17:41:12,maceta1,86,90,85,84,84,675.4166666666667,5.9397,22.0,60.4,1,0,0,
2026-08-02,17:41:12,maceta2,100,98,78,79,78,449.1666666666667,4.5805,21.0,57.9,1,0,0,
2026-08-02,18:11:15,maceta1,86,91,86,84,85,675.4166666666667,7.0016,22.0,60.0,1,0,0,
2026-08-02,18:11:15,maceta2,101,99,78,79,78,447.08333333333337,5.6348,21.1,58.3,1,0,0,
2026-08-02,18:41:17,maceta1,85,90,86,84,85,668.75,8.0632,21.9,60.4,1,0,0,
2026-08-02,18:41:17,maceta2,100,98,78,79,78,448.75,6.6891,21.1,58.8,1,0,0,
2026-08-02,19:11:20,maceta1,86,90,86,84,85,671.6666666666667,9.125,21.9,60.2,1,0,0,
2026-08-02,19:11:20,maceta2,100,99,78,79,78,447.5,7.7434,21.1,58.4,1,0,0,
2026-08-02,19:41:23,maceta1,86,90,86,84,85,671.6666666666667,10.1867,21.8,60.2,1,0,0,
2026-08-02,19:41:23,maceta2,100,97,78,80,79,447.5,8.7977,21.1,58.4,1,0,0,
2026-08-02,20:11:26,maceta1,86,90,86,84,85,669.1666666666667,11.2484,21.9,61.1,0,0,0,
2026-08-02,20:11:26,maceta2,102,100,78,79,78,442.08333333333337,9.8517,21.1,58.9,1,0,0,
2026-08-02,20:41:28,maceta1,86,91,86,84,85,591.6666666666667,11.2681,21.9,62.2,1,0,0,
2026-08-02,20:41:28,maceta2,100,98,78,79,78,446.25,10.906,,,1,0,0,"Lectura invalida de DHT | Lectura invalida de DHT, se omite logica de ventilacion"
2026-08-02,21:11:31,maceta1,86,91,86,83,84,670.4166666666667,12.3298,20.6,64.8,1,0,0,
2026-08-02,21:11:31,maceta2,100,100,78,79,78,448.33333333333337,11.9603,21.1,60.0,1,0,0,
2026-08-02,21:41:34,maceta1,86,91,86,83,84,670.4166666666667,13.3915,21.9,63.5,1,0,0,
2026-08-02,21:41:34,maceta2,100,99,78,79,78,447.08333333333337,13.0145,21.1,59.8,1,0,0,
2026-08-02,22:11:36,maceta1,86,89,86,84,85,670.8333333333334,14.4532,22.1,63.1,0,0,0,
2026-08-02,22:11:36,maceta2,101,99,78,79,78,446.6666666666667,14.0688,21.2,59.6,0,0,0,
2026-08-02,22:41:39,maceta1,87,91,86,84,85,589.5833333333334,14.4729,22.1,62.1,0,0,0,
2026-08-02,22:41:39,maceta2,102,100,78,79,78,325.83333333333337,14.0796,21.2,59.5,0,0,0,
2026-08-02,23:11:42,maceta1,87,92,85,83,84,589.1666666666667,14.4925,20.6,66.3,0,0,0,
2026-08-02,23:11:42,maceta2,102,100,78,79,78,325.83333333333337,14.0905,20.2,61.6,0,0,0,
2026-08-02,23:41:44,maceta1,87,91,85,83,84,589.1666666666667,14.5122,20.3,67.3,0,0,0,
2026-08-02,23:41:44,maceta2,102,101,77,78,77,325.83333333333337,14.1014,19.9,62.4,0,0,0,
2026-08-03,00:11:47,maceta1,87,90,85,83,84,588.75,0.0196,20.1,68.2,0,0,0,
2026-08-03,00:11:47,maceta2,101,99,78,78,78,325.4166666666667,0.0109,19.9,62.7,0,0,0,
2026-08-03,00:41:50,maceta1,86,90,85,84,84,588.3333333333334,0.0393,,,0,0,0,"Lectura invalida de DHT | Lectura invalida de DHT, se omite logica de ventilacion"
2026-08-03,00:41:50,maceta2,101,100,78,78,78,325.83333333333337,0.0217,19.8,62.7,0,0,0,
2026-08-03,01:11:52,maceta1,87,90,85,84,84,588.75,0.0589,20.0,69.6,0,0,0,
2026-08-03,01:11:52,maceta2,101,100,78,79,78,325.83333333333337,0.0326,19.7,63.2,0,0,0,
2026-08-03,01:41:55,maceta1,86,91,86,84,85,588.75,0.0785,20.0,69.2,0,0,0,
2026-08-03,01:41:55,maceta2,102,101,78,78,78,325.4166666666667,0.0434,19.7,63.0,0,0,0,
2026-08-03,02:11:58,maceta1,86,90,86,84,85,588.3333333333334,0.0981,20.0,69.7,0,0,0,
2026-08-03,02:11:58,maceta2,101,99,78,78,78,325.83333333333337,0.0543,19.7,63.2,0,0,0,
2026-08-03,02:42:00,maceta1,86,91,86,83,84,588.3333333333334,0.1178,19.9,69.6,0,0,0,
2026-08-03,02:42:00,maceta2,101,99,78,79,78,325.4166666666667,0.0652,19.6,63.3,0,0,0,
2026-08-03,03:12:03,maceta1,87,91,86,83,84,588.3333333333334,0.1374,19.9,71.2,0,0,0,
2026-08-03,03:12:03,maceta2,101,100,78,79,78,325.83333333333337,0.076,19.5,63.3,0,0,0,
2026-08-03,03:42:06,maceta1,87,92,85,83,84,588.3333333333334,0.157,19.9,70.0,0,0,0,
2026-08-03,03:42:06,maceta2,102,101,78,78,78,325.83333333333337,0.0869,19.5,63.4,0,0,0,
2026-08-03,04:12:09,maceta1,86,91,85,83,84,588.3333333333334,0.1766,19.8,70.3,0,0,0,
2026-08-03,04:12:09,maceta2,101,100,78,78,78,325.83333333333337,0.0978,19.4,63.6,0,0,0,
2026-08-03,04:42:13,maceta1,87,92,85,83,84,588.3333333333334,0.1963,19.7,70.4,0,0,0,
2026-08-03,04:42:13,maceta2,102,100,78,78,78,325.83333333333337,0.1086,19.4,63.9,0,0,0,
2026-08-03,05:12:16,maceta1,87,91,85,83,84,588.3333333333334,0.2159,19.7,70.7,0,0,0,
2026-08-03,05:12:16,maceta2,102,100,78,78,78,325.83333333333337,0.1195,19.3,63.8,0,0,0,
2026-08-03,05:42:19,maceta1,87,91,85,83,84,588.3333333333334,0.2355,19.7,70.0,0,0,0,
2026-08-03,05:42:19,maceta2,101,100,78,78,78,325.83333333333337,0.1304,19.3,64.1,0,0,0,
2026-08-03,06:12:21,maceta1,86,90,85,83,84,588.3333333333334,0.2551,19.6,70.1,0,0,0,
2026-08-03,06:12:21,maceta2,100,99,78,79,78,325.83333333333337,0.1412,19.2,63.7,0,0,0,
2026-08-03,06:42:24,maceta1,87,92,85,83,84,588.3333333333334,0.2748,19.5,70.6,0,0,0,
2026-08-03,06:42:24,maceta2,101,100,78,79,78,325.83333333333337,0.1521,19.2,63.9,0,0,0,
2026-08-03,07:12:27,maceta1,87,91,85,83,84,588.3333333333334,0.2944,19.5,70.0,0,0,0,
2026-08-03,07:12:27,maceta2,101,99,78,79,78,325.83333333333337,0.163,19.1,63.9,0,0,0,
2026-08-03,07:42:29,maceta1,87,91,85,83,84,588.75,0.314,19.5,70.1,0,0,0,
2026-08-03,07:42:29,maceta2,102,100,78,79,78,325.83333333333337,0.1738,19.0,63.7,0,0,0,
2026-08-03,08:12:32,maceta1,87,92,85,83,84,589.5833333333334,0.3337,19.4,70.6,0,0,0,
2026-08-03,08:12:32,maceta2,101,100,78,79,78,326.6666666666667,0.1847,18.9,63.9,0,0,0,
2026-08-03,08:42:35,maceta1,86,91,85,83,84,595.4166666666667,0.3535,19.4,71.4,0,0,0,
2026-08-03,08:42:35,maceta2,100,100,78,78,78,330.4166666666667,0.1957,18.9,63.9,0,0,0,
2026-08-03,09:12:37,maceta1,87,91,85,83,84,606.6666666666667,0.3738,19.3,71.1,0,0,0,
2026-08-03,09:12:37,maceta2,101,100,78,78,78,338.75,0.207,18.9,64.2,0,0,0,
2026-08-03,09:42:40,maceta1,87,91,85,83,84,604.5833333333334,0.3939,19.3,70.7,0,0,0,
2026-08-03,09:42:40,maceta2,101,99,78,79,78,337.08333333333337,0.2183,18.9,64.2,0,0,0,
2026-08-03,10:12:43,maceta1,86,91,85,83,84,610.4166666666667,0.4143,19.3,69.2,0,0,0,
2026-08-03,10:12:43,maceta2,101,100,78,79,78,341.25,0.2297,18.9,63.9,0,0,0,
2026-08-03,10:42:46,maceta1,87,92,85,83,84,617.9166666666667,0.4349,19.4,70.5,0,0,0,
2026-08-03,10:42:46,maceta2,102,100,78,79,78,346.25,0.2412,19.0,63.7,0,0,0,
