fecha,hora,maceta,humedad_raw_1,humedad_raw_2,humedad_pct_1,humedad_pct_2,humedad_pct_promedio,lux,lux_foco,temperatura_c,humedad_ambiente_pct,luz_encendida,ventilador_encendido,riego_pendiente,alertas
2026-04-02,18:13:18,maceta1,27.0,26.0,81.9,82.4,82.2,10.1,12.9,25.9,77.7,0,0,0,
2026-04-02,18:14:51,maceta1,27.0,27.0,81.8,82.3,82.0,14.1,15.1,,,0,0,0,Lectura invalida de DHT
2026-04-02,19:15:01,maceta1,28.0,27.0,81.6,82.0,81.8,9.9,27.0,26.3,75.4,0,0,0,
2026-04-02,20:15:13,maceta1,28.0,27.0,81.4,81.9,81.6,22.6,7.8,,,0,0,0,Lectura invalida de DHT
2026-04-02,21:15:18,maceta1,28.0,27.0,81.3,81.7,81.5,9.9,26.0,27.2,69.0,0,0,0,
2026-04-02,22:15:24,maceta1,28.0,28.0,81.1,81.5,81.3,4.1,19.3,,,0,0,0,Lectura invalida de DHT
2026-04-02,23:15:30,maceta1,29.0,28.0,80.9,81.3,81.1,12.0,0.6,25.6,77.5,0,0,0,
2026-04-03,00:15:36,maceta1,29.0,28.0,80.7,81.2,80.9,29.4,21.7,25.4,74.0,0,0,0,
2026-04-03,01:15:42,maceta1,29.0,28.0,80.6,81.0,80.8,6.8,1.1,,,0,0,0,Lectura invalida de DHT
2026-04-03,02:15:47,maceta1,29.0,29.0,80.5,80.9,80.7,18.4,29.9,25.6,87.4,0,0,0,
2026-04-03,03:15:53,maceta1,29.0,29.0,80.4,80.7,80.6,13.0,26.2,,,0,0,0,Lectura invalida de DHT
2026-04-03,04:15:59,maceta1,30.0,29.0,80.3,80.6,80.4,2.1,8.9,25.7,85.5,0,0,0,
2026-04-03,05:16:04,maceta1,30.0,29.0,80.2,80.5,80.3,14.6,7.7,25.8,84.5,0,0,0,
2026-04-03,06:16:10,maceta1,30.0,30.0,79.9,80.3,80.1,6062.2,19429.6,,,1,0,0,Lectura invalida de DHT
2026-04-03,07:16:16,maceta1,30.0,30.0,79.9,80.1,80.0,6465.5,20295.2,25.7,84.5,1,0,0,
2026-04-03,08:16:20,maceta1,30.0,30.0,79.7,79.8,79.8,6312.4,19535.0,24.5,90.0,1,0,0,
2026-04-03,09:16:23,maceta1,31.0,30.0,79.6,79.7,79.7,6219.1,19708.2,24.8,86.0,1,0,0,
2026-04-03,10:16:33,maceta1,31.0,31.0,79.5,79.5,79.5,5909.2,20000.8,25.1,84.7,1,0,0,
2026-04-03,11:16:37,maceta1,31.0,31.0,79.4,79.3,79.3,5909.2,21029.7,25.4,84.4,1,0,0,
2026-04-03,12:16:41,maceta1,31.0,31.0,79.3,79.1,79.2,5840.7,19034.7,25.7,84.5,1,0,0,
2026-04-03,13:16:50,maceta1,31.0,32.0,79.3,78.8,79.0,6406.3,20623.4,25.9,79.9,1,0,0,
2026-04-03,14:16:54,maceta1,31.0,32.0,79.1,78.7,78.9,6220.8,20672.2,26.0,80.9,1,0,0,
2026-04-03,15:16:58,maceta1,32.0,32.0,78.9,78.5,78.7,6295.7,20996.6,25.9,82.1,1,0,0,
2026-04-03,16:17:08,maceta1,32.0,32.0,78.7,78.4,78.5,5814.4,21331.9,25.4,76.2,1,0,0,
2026-04-03,17:17:11,maceta1,32.0,33.0,78.5,78.2,78.4,6478.9,19050.3,24.1,76.4,1,0,0,
2026-04-03,18:17:15,maceta1,32.0,33.0,78.4,78.1,78.2,21.1,11.4,23.3,68.6,0,0,0,
2026-04-03,19:17:25,maceta1,33.0,33.0,78.3,77.9,78.1,15.4,10.7,25.4,84.7,0,0,0,
2026-04-03,20:17:30,maceta1,33.0,33.0,78.1,77.8,78.0,26.2,11.2,27.0,90.5,0,0,0,
2026-04-03,21:17:36,maceta1,33.0,34.0,78.0,77.6,77.8,8.7,9.5,27.2,84.0,0,0,0,
2026-04-03,22:17:42,maceta1,33.0,34.0,77.8,77.6,77.7,2.6,18.6,26.9,83.9,0,0,0,
2026-04-03,23:17:49,maceta1,34.0,34.0,77.6,77.5,77.5,28.1,4.9,27.0,85.9,0,0,0,
2026-04-04,00:17:54,maceta1,34.0,34.0,77.5,77.3,77.4,11.3,25.4,26.9,86.6,0,0,0,
2026-04-04,01:18:00,maceta1,34.0,34.0,77.3,77.2,77.2,17.3,24.4,,,0,0,0,Lectura invalida de DHT
2026-04-04,02:18:06,maceta1,34.0,35.0,77.1,76.9,77.0,23.8,14.3,26.4,88.5,0,0,0,
2026-04-04,03:18:12,maceta1,34.0,35.0,77.0,76.7,76.9,9.7,25.6,,,0,0,0,Lectura invalida de DHT
2026-04-04,04:18:17,maceta1,35.0,35.0,76.8,76.5,76.7,21.5,7.4,25.7,93.5,0,0,0,
2026-04-04,05:18:23,maceta1,35.0,35.0,76.7,76.4,76.6,4.1,0.5,,,0,0,0,Lectura invalida de DHT
2026-04-04,06:18:29,maceta1,35.0,36.0,76.5,76.3,76.4,6382.7,19384.5,,,1,0,0,Lectura invalida de DHT
2026-04-04,07:18:34,maceta1,35.0,36.0,76.4,76.1,76.3,5948.6,21215.4,25.4,98.6,1,0,0,
2026-04-04,08:18:38,maceta1,35.0,36.0,76.3,75.9,76.1,5927.3,20146.3,24.9,91.8,1,0,0,
2026-04-04,09:18:42,maceta1,36.0,36.0,76.2,75.7,75.9,5928.4,20411.5,24.5,90.5,1,0,0,
2026-04-04,10:18:52,maceta1,36.0,37.0,76.0,75.6,75.8,6013.0,20657.6,,,1,0,0,Lectura invalida de DHT
2026-04-04,11:18:55,maceta1,36.0,37.0,75.8,75.4,75.6,6167.3,20697.7,,,1,0,0,Lectura invalida de DHT
2026-04-04,12:18:59,maceta1,36.0,37.0,75.7,75.2,75.4,6102.4,21329.4,,,1,0,0,Lectura invalida de DHT
2026-04-04,13:19:09,maceta1,37.0,37.0,75.5,75.1,75.3,6003.9,21492.4,22.7,77.4,1,0,0,
2026-04-04,14:19:12,maceta1,37.0,37.0,75.3,75.0,75.2,6228.3,20800.4,22.5,81.1,1,0,0,
2026-04-04,15:19:16,maceta1,37.0,38.0,75.2,74.8,75.0,5897.6,19718.1,,,1,0,0,Lectura invalida de DHT
2026-04-04,16:19:26,maceta1,38.0,38.0,75.0,74.7,74.8,6004.5,21199.4,22.0,73.0,1,0,0,
2026-04-04,16:57:28,maceta1,38.0,38.0,74.9,74.6,74.7,6056.5,19123.1,21.9,71.4,1,0,0,
2026-04-04,17:57:32,maceta1,38.0,38.0,74.7,74.4,74.6,6119.2,19577.7,21.5,65.6,1,0,0,
2026-04-04,18:57:38,maceta1,38.0,39.0,74.6,74.3,74.5,8.7,18.6,22.6,73.7,0,0,0,
2026-04-04,19:57:44,maceta1,38.0,39.0,74.4,74.2,74.3,4.3,13.7,22.2,74.7,0,0,0,
2026-04-04,20:57:49,maceta1,39.0,39.0,74.3,73.9,74.1,24.3,17.0,21.7,73.0,0,0,0,
2026-04-04,21:57:55,maceta1,39.0,39.0,74.1,73.7,73.9,6.7,27.0,,,0,0,0,Lectura invalida de DHT
2026-04-04,22:58:01,maceta1,39.0,40.0,74.1,73.6,73.8,21.5,29.1,22.0,60.7,0,0,0,
2026-04-04,23:58:07,maceta1,39.0,40.0,73.9,73.5,73.7,28.3,19.0,22.4,77.3,0,0,0,
2026-04-05,00:58:10,maceta1,39.0,40.0,73.7,73.3,73.5,15.8,22.9,21.5,65.6,0,0,0,
2026-04-05,01:58:19,maceta1,40.0,40.0,73.7,73.1,73.4,16.2,2.5,,,0,0,0,Lectura invalida de DHT
2026-04-05,02:58:23,maceta1,40.0,40.0,73.5,73.0,73.2,13.8,4.8,22.0,65.0,0,0,0,
2026-04-05,03:58:27,maceta1,40.0,41.0,73.3,72.9,73.1,9.8,22.0,,,0,0,0,Lectura invalida de DHT
2026-04-05,04:58:36,maceta1,40.0,41.0,73.2,72.8,73.0,14.3,12.9,22.0,70.1,0,0,0,
2026-04-05,05:58:40,maceta1,40.0,41.0,73.0,72.7,72.9,18.1,13.4,21.7,67.6,0,0,0,
2026-04-05,06:58:44,maceta1,41.0,41.0,72.9,72.5,72.7,6349.6,21243.5,21.5,67.6,1,0,0,
2026-04-05,07:58:54,maceta1,41.0,41.0,72.7,72.4,72.6,5939.8,19640.5,21.5,68.2,1,0,0,
2026-04-05,08:58:57,maceta1,41.0,42.0,72.5,72.3,72.4,6160.0,19551.6,21.3,68.1,1,0,0,
2026-04-05,09:59:01,maceta1,41.0,42.0,72.4,72.2,72.3,6214.7,19345.3,21.1,70.7,1,0,0,
2026-04-05,10:59:11,maceta1,42.0,42.0,72.2,72.1,72.2,5832.5,21147.8,21.0,68.0,1,0,0,
2026-04-05,11:59:15,maceta1,42.0,42.0,72.1,72.0,72.0,6225.3,20250.1,20.6,65.2,1,0,0,
2026-04-05,12:59:20,maceta1,42.0,42.0,72.0,71.8,71.9,5919.4,20687.2,21.5,68.7,1,0,0,
2026-04-05,13:59:26,maceta1,42.0,43.0,71.8,71.7,71.7,5845.5,19597.7,21.7,68.5,1,0,0,
2026-04-05,14:59:32,maceta1,42.0,43.0,71.7,71.6,71.6,6464.2,20895.1,21.7,66.1,1,0,0,
2026-04-05,15:59:38,maceta1,43.0,43.0,71.5,71.4,71.5,6475.9,20900.0,21.7,67.6,1,0,0,
2026-04-05,16:59:43,maceta1,43.0,43.0,71.4,71.2,71.3,6365.9,19781.5,21.5,67.8,1,0,0,
2026-04-05,17:59:49,maceta1,43.0,43.0,71.3,71.1,71.2,6013.2,20026.7,21.7,68.3,1,0,0,
2026-04-05,18:59:55,maceta1,43.0,44.0,71.3,70.9,71.1,29.6,9.3,21.7,70.5,0,0,0,
2026-04-05,20:00:00,maceta1,43.0,44.0,71.1,70.7,70.9,28.1,18.2,21.3,72.5,0,0,0,
2026-04-05,21:00:06,maceta1,44.0,44.0,71.0,70.5,70.7,25.9,5.6,21.3,72.4,0,0,0,
2026-04-05,22:00:12,maceta1,44.0,44.0,70.8,70.4,70.6,26.7,18.8,21.4,70.6,0,0,0,
2026-04-05,23:00:18,maceta1,44.0,45.0,70.6,70.2,70.4,14.0,5.2,21.3,62.3,0,0,0,
2026-04-06,00:00:22,maceta1,44.0,45.0,70.4,70.1,70.3,19.7,1.9,21.2,70.5,0,0,0,
2026-04-06,01:00:32,maceta1,45.0,45.0,70.3,69.9,70.1,26.9,9.9,21.7,73.4,0,0,0,
2026-04-06,02:00:35,maceta1,45.0,45.0,70.2,69.8,70.0,11.8,6.9,21.8,74.8,0,0,0,
2026-04-06,03:00:39,maceta1,45.0,45.0,70.1,69.7,69.9,28.9,26.7,21.9,74.4,0,0,0,
2026-04-06,04:00:49,maceta1,45.0,46.0,70.0,69.6,69.8,12.5,1.6,21.9,70.8,0,0,0,
2026-04-06,05:00:53,maceta1,45.0,46.0,69.9,69.4,69.7,18.0,5.3,21.8,67.4,0,0,0,
2026-04-06,06:00:56,maceta1,45.0,46.0,69.8,69.3,69.6,5868.4,19524.2,,,1,0,0,Lectura invalida de DHT
2026-04-06,07:01:06,maceta1,46.0,46.0,69.6,69.2,69.4,6279.0,21441.4,21.8,72.1,1,0,0,
2026-04-06,08:01:10,maceta1,46.0,47.0,69.4,69.0,69.2,6108.1,20614.0,21.8,73.0,1,0,0,
2026-04-09,14:41:19,maceta1,46.0,47.0,69.2,68.9,69.1,5885.4,21336.4,21.0,55.4,1,0,0,
2026-04-09,14:42:20,maceta1,46.0,47.0,69.1,68.8,68.9,6146.6,19758.5,,,1,0,0,Lectura invalida de DHT
2026-04-09,14:43:19,maceta1,47.0,47.0,69.0,68.5,68.7,5824.1,20954.7,20.9,55.5,1,0,0,
2026-04-09,14:43:51,maceta1,47.0,48.0,68.7,68.3,68.5,6436.5,20914.6,21.0,55.6,1,0,0,
2026-04-09,14:44:13,maceta1,47.0,48.0,68.6,68.2,68.4,5981.1,20729.1,21.0,59.2,1,0,0,
2026-04-09,14:44:21,maceta1,47.0,48.0,68.4,68.1,68.2,6263.8,21414.1,21.2,59.6,1,0,0,
2026-04-09,14:44:31,maceta1,48.0,48.0,68.3,67.9,68.1,6018.2,19983.9,21.4,58.7,1,0,0,
2026-04-10,14:35:35,maceta1,48.0,48.0,68.2,67.8,68.0,6164.0,19326.8,22.1,69.1,1,0,0,
2026-04-10,14:36:34,maceta1,48.0,48.0,67.9,67.7,67.8,6182.7,20679.3,21.9,73.9,1,0,0,
2026-04-10,14:37:14,maceta1,48.0,49.0,67.9,67.6,67.7,5929.4,20823.3,22.0,65.7,1,0,0,
2026-04-10,14:37:56,maceta1,48.0,49.0,67.7,67.5,67.6,6478.7,20437.7,22.2,67.3,1,0,0,
2026-04-10,14:38:37,maceta1,49.0,49.0,67.6,67.3,67.5,6342.6,19517.0,22.3,60.5,1,0,0,
2026-04-10,14:39:19,maceta1,49.0,49.0,67.3,67.2,67.3,6457.6,20261.1,22.4,62.2,1,0,0,
2026-04-10,14:40:01,maceta1,49.0,49.0,67.1,67.1,67.1,6426.4,19780.5,22.6,62.4,1,0,0,
2026-04-10,14:40:43,maceta1,50.0,49.0,66.9,67.0,67.0,6218.5,20068.7,,,1,0,0,Lectura invalida de DHT
2026-04-10,14:41:24,maceta1,50.0,50.0,66.9,66.8,66.8,6445.3,20613.0,22.9,62.6,1,0,0,
2026-04-10,14:42:06,maceta1,50.0,50.0,66.8,66.7,66.8,5861.9,20863.0,23.0,64.2,1,0,0,
2026-04-11,13:11:43,maceta1,50.0,50.0,66.7,66.6,66.6,5937.2,19580.6,21.5,70.2,1,0,0,
2026-04-11,13:11:43,maceta2,25.0,27.0,83.6,82.3,82.9,6037.2,21420.1,,,1,0,0,Lectura invalida de DHT
2026-04-11,13:12:46,maceta1,50.0,50.0,66.6,66.5,66.5,5831.7,20013.3,21.4,73.1,1,0,0,
2026-04-11,13:12:46,maceta2,25.0,27.0,83.4,82.1,82.8,6361.8,21286.9,,,1,0,0,Lectura invalida de DHT
2026-04-11,13:13:26,maceta1,50.0,51.0,66.5,66.3,66.4,6027.7,19672.9,,,1,0,0,Lectura invalida de DHT
2026-04-11,13:13:26,maceta2,25.0,27.0,83.2,82.0,82.6,6200.4,19417.4,,,1,0,0,Lectura invalida de DHT
2026-04-11,13:14:08,maceta1,50.0,51.0,66.4,66.2,66.3,6072.1,19496.6,21.7,68.9,1,0,0,
2026-04-11,13:14:08,maceta2,26.0,27.0,83.0,81.9,82.4,6158.9,19302.9,,,1,0,0,Lectura invalida de DHT
2026-04-11,13:34:09,maceta1,51.0,51.0,66.3,66.1,66.2,5989.9,20958.5,21.9,65.6,1,0,0,
2026-04-11,13:34:09,maceta2,26.0,27.0,82.9,81.9,82.4,6005.4,19213.5,,,1,0,0,Lectura invalida de DHT
2026-04-11,14:34:12,maceta1,51.0,51.0,66.1,65.9,66.0,6380.1,21273.1,22.1,58.2,1,0,0,
2026-04-11,14:34:12,maceta2,26.0,27.0,82.6,81.7,82.2,6452.2,21273.6,,,1,0,0,Lectura invalida de DHT
2026-04-11,15:34:24,maceta1,51.0,51.0,65.9,65.8,65.9,6049.7,19925.6,25.0,53.1,1,0,0,
2026-04-11,15:34:24,maceta2,26.0,28.0,82.5,81.5,82.0,6077.9,19484.1,,,1,0,0,Lectura invalida de DHT
2026-04-11,16:34:36,maceta1,52.0,51.0,65.6,65.7,65.7,5996.7,20878.2,25.4,53.8,1,0,0,
2026-04-11,16:34:36,maceta2,27.0,28.0,82.2,81.5,81.8,5861.0,20040.7,,,1,0,0,Lectura invalida de DHT
2026-04-11,17:34:48,maceta1,52.0,52.0,65.4,65.6,65.5,6179.9,21242.5,,,1,0,0,Lectura invalida de DHT
2026-04-11,17:34:48,maceta2,27.0,28.0,82.0,81.4,81.7,6231.9,20122.1,,,1,0,0,Lectura invalida de DHT
2026-04-11,18:34:59,maceta1,52.0,52.0,65.2,65.5,65.4,21.3,16.5,25.6,54.7,0,0,0,
2026-04-11,18:34:59,maceta2,27.0,28.0,81.8,81.2,81.5,13.9,23.0,,,0,0,0,Lectura invalida de DHT
2026-04-11,19:35:05,maceta1,52.0,52.0,65.1,65.3,65.2,28.5,14.4,25.6,55.0,0,0,0,
2026-04-11,19:35:05,maceta2,27.0,28.0,81.7,81.1,81.4,8.4,11.4,,,0,0,0,Lectura invalida de DHT
2026-04-11,20:35:16,maceta1,53.0,52.0,64.9,65.0,65.0,7.3,1.4,25.6,58.7,0,0,0,
2026-04-11,20:35:16,maceta2,28.0,29.0,81.6,80.9,81.3,6.9,14.4,,,0,0,0,Lectura invalida de DHT
2026-04-11,21:35:28,maceta1,53.0,53.0,64.7,64.9,64.8,22.4,0.2,25.6,58.8,0,0,0,
2026-04-11,21:35:28,maceta2,28.0,29.0,81.4,80.8,81.1,26.2,5.6,,,0,0,0,Lectura invalida de DHT
2026-04-11,22:35:40,maceta1,53.0,53.0,64.7,64.6,64.7,15.6,29.6,,,0,0,0,Lectura invalida de DHT
2026-04-11,22:35:40,maceta2,28.0,29.0,81.1,80.7,80.9,5.1,8.8,,,0,0,0,Lectura invalida de DHT
2026-04-11,23:35:52,maceta1,53.0,53.0,64.5,64.5,64.5,8.1,19.8,25.6,60.8,0,0,0,
2026-04-11,23:35:52,maceta2,29.0,29.0,80.9,80.5,80.7,12.8,23.3,,,0,0,0,Lectura invalida de DHT
2026-04-12,00:35:55,maceta1,53.0,54.0,64.4,64.3,64.3,23.3,11.0,21.8,77.0,0,0,0,
2026-04-12,00:35:55,maceta2,29.0,29.0,80.7,80.4,80.5,5.6,26.8,,,0,0,0,Lectura invalida de DHT
2026-04-12,01:36:05,maceta1,54.0,54.0,64.2,64.2,64.2,16.6,14.1,21.3,79.4,0,0,0,
2026-04-12,01:36:05,maceta2,29.0,29.0,80.5,80.3,80.4,23.2,21.7,,,0,0,0,Lectura invalida de DHT
2026-04-12,02:36:09,maceta1,54.0,54.0,64.0,64.1,64.1,19.8,8.0,21.1,74.4,0,0,0,
2026-04-12,02:36:09,maceta2,29.0,30.0,80.4,80.2,80.3,14.2,14.0,,,0,0,0,Lectura invalida de DHT
2026-04-12,03:36:12,maceta1,54.0,54.0,63.8,64.1,64.0,9.7,10.3,20.8,75.7,0,0,0,
2026-04-12,03:36:12,maceta2,30.0,30.0,80.2,80.1,80.1,10.5,2.6,,,0,0,0,Lectura invalida de DHT
2026-04-12,04:36:22,maceta1,54.0,54.0,63.8,64.0,63.9,14.4,19.5,20.5,77.1,0,0,0,
2026-04-12,04:36:22,maceta2,30.0,30.0,80.0,79.9,80.0,10.8,1.7,,,0,0,0,Lectura invalida de DHT
2026-04-12,05:36:26,maceta1,55.0,54.0,63.6,63.8,63.7,18.5,26.5,20.1,75.4,0,0,0,
2026-04-12,05:36:26,maceta2,30.0,30.0,80.0,79.8,79.9,25.6,11.2,,,0,0,0,Lectura invalida de DHT
2026-04-12,06:36:35,maceta1,55.0,55.0,63.6,63.6,63.6,5898.6,21115.3,19.7,73.4,1,0,0,
2026-04-12,06:36:35,maceta2,30.0,30.0,79.8,79.7,79.8,5879.7,20497.5,,,1,0,0,Lectura invalida de DHT
2026-04-12,07:36:39,maceta1,55.0,55.0,63.3,63.5,63.4,6361.5,19457.0,19.7,78.5,1,0,0,
2026-04-12,07:36:39,maceta2,31.0,31.0,79.6,79.6,79.6,6041.7,19179.3,,,1,0,0,Lectura invalida de DHT
2026-04-12,08:36:43,maceta1,55.0,55.0,63.1,63.3,63.2,5852.2,21390.7,19.6,78.9,1,0,0,
2026-04-12,08:36:43,maceta2,31.0,31.0,79.4,79.5,79.4,6155.2,19566.9,,,1,0,0,Lectura invalida de DHT
2026-04-12,09:36:52,maceta1,55.0,55.0,63.0,63.2,63.1,6490.8,19941.7,19.6,80.6,1,0,0,
2026-04-12,09:36:52,maceta2,31.0,31.0,79.1,79.4,79.3,6412.0,21328.7,,,1,0,0,Lectura invalida de DHT
2026-04-12,10:36:56,maceta1,56.0,55.0,62.9,63.1,63.0,6340.6,19848.1,19.6,81.0,1,0,0,
2026-04-12,10:36:56,maceta2,31.0,31.0,79.0,79.3,79.2,6145.5,21271.0,,,1,0,0,Lectura invalida de DHT
2026-04-12,11:37:00,maceta1,56.0,56.0,62.8,62.9,62.8,5939.1,19156.1,19.8,81.1,1,0,0,
2026-04-12,11:37:00,maceta2,32.0,31.0,78.8,79.1,79.0,6291.6,20953.2,,,1,0,0,Lectura invalida de DHT
2026-04-12,12:37:11,maceta1,56.0,56.0,62.6,62.7,62.7,5803.9,20215.4,24.2,68.5,1,0,0,
2026-04-12,12:37:11,maceta2,32.0,31.0,78.7,79.1,78.9,6495.0,19048.5,,,1,0,0,Lectura invalida de DHT
2026-04-12,13:37:23,maceta1,56.0,56.0,62.5,62.5,62.5,6370.8,19272.5,25.3,59.6,1,0,0,
2026-04-12,13:37:23,maceta2,32.0,32.0,78.6,79.0,78.8,5892.0,19817.5,,,1,0,0,Lectura invalida de DHT
2026-04-12,14:37:35,maceta1,56.0,56.0,62.4,62.4,62.4,6294.8,19621.3,26.0,56.0,1,0,0,
2026-04-12,14:37:35,maceta2,32.0,32.0,78.5,78.8,78.6,5992.3,20569.9,,,1,0,0,Lectura invalida de DHT
2026-04-12,15:37:46,maceta1,57.0,57.0,62.2,62.2,62.2,6310.3,19792.4,26.5,58.8,1,0,0,
2026-04-12,15:37:46,maceta2,33.0,32.0,78.2,78.6,78.4,6076.2,19688.0,,,1,0,0,Lectura invalida de DHT
2026-04-12,16:37:58,maceta1,57.0,57.0,62.1,62.0,62.0,6339.9,21022.1,,,1,0,0,Lectura invalida de DHT
2026-04-12,16:37:58,maceta2,33.0,32.0,78.0,78.5,78.3,6095.3,21274.0,,,1,0,0,Lectura invalida de DHT
2026-04-12,17:38:10,maceta1,57.0,57.0,61.9,61.8,61.8,5851.8,21188.7,26.7,47.6,1,0,0,
2026-04-12,17:38:10,maceta2,33.0,32.0,77.9,78.4,78.1,6087.7,20584.7,,,1,0,0,Lectura invalida de DHT
2026-04-12,18:38:16,maceta1,57.0,58.0,61.8,61.6,61.7,12.1,5.5,26.6,52.7,0,0,0,
2026-04-12,18:38:16,maceta2,33.0,33.0,77.8,78.2,78.0,16.6,13.9,,,0,0,0,Lectura invalida de DHT
2026-04-12,19:38:21,maceta1,57.0,58.0,61.7,61.4,61.5,6.0,25.2,26.7,48.2,0,0,0,
2026-04-12,19:38:21,maceta2,34.0,33.0,77.5,78.0,77.7,21.5,18.3,,,0,0,0,Lectura invalida de DHT
2026-04-12,20:38:27,maceta1,58.0,58.0,61.5,61.3,61.4,28.8,3.6,26.3,53.0,0,0,0,
2026-04-12,20:38:27,maceta2,34.0,33.0,77.4,77.9,77.7,26.9,0.2,,,0,0,0,Lectura invalida de DHT
2026-04-12,21:38:33,maceta1,58.0,58.0,61.5,61.1,61.3,15.3,6.4,26.4,55.5,0,0,0,
2026-04-12,21:38:33,maceta2,34.0,34.0,77.2,77.6,77.4,27.1,29.7,,,0,0,0,Lectura invalida de DHT
2026-04-12,22:38:38,maceta1,58.0,58.0,61.3,61.1,61.2,22.0,1.1,26.2,55.3,0,0,0,
2026-04-12,22:38:38,maceta2,34.0,34.0,77.1,77.4,77.3,9.9,10.9,,,0,0,0,Lectura invalida de DHT
2026-04-12,23:38:44,maceta1,58.0,59.0,61.1,60.9,61.0,12.3,4.2,26.4,58.1,0,0,0,
2026-04-12,23:38:44,maceta2,35.0,34.0,76.9,77.3,77.1,28.6,25.4,,,0,0,0,Lectura invalida de DHT
2026-04-13,00:38:54,maceta1,59.0,59.0,61.0,60.7,60.8,10.7,27.5,22.4,70.2,0,0,0,
2026-04-13,00:38:54,maceta2,35.0,34.0,76.8,77.1,77.0,0.7,16.0,,,0,0,0,Lectura invalida de DHT
2026-04-13,01:38:58,maceta1,59.0,59.0,60.8,60.6,60.7,12.2,13.8,22.0,76.3,0,0,0,
2026-04-13,01:38:58,maceta2,35.0,35.0,76.7,77.0,76.8,11.3,3.9,,,0,0,0,Lectura invalida de DHT
2026-04-13,02:39:01,maceta1,59.0,59.0,60.7,60.5,60.6,12.3,2.3,21.8,76.2,0,0,0,
2026-04-13,02:39:01,maceta2,35.0,35.0,76.5,76.8,76.6,26.9,23.9,,,0,0,0,Lectura invalida de DHT
2026-04-13,03:39:11,maceta1,59.0,60.0,60.6,60.3,60.4,16.3,28.8,21.6,75.7,0,0,0,
2026-04-13,03:39:11,maceta2,36.0,35.0,76.2,76.7,76.5,8.2,21.3,,,0,0,0,Lectura invalida de DHT
2026-04-13,04:39:15,maceta1,59.0,60.0,60.5,60.2,60.3,16.3,26.4,21.3,74.9,0,0,0,
2026-04-13,04:39:15,maceta2,36.0,35.0,76.0,76.6,76.3,8.2,15.8,,,0,0,0,Lectura invalida de DHT
2026-04-13,05:39:18,maceta1,59.0,60.0,60.4,60.0,60.2,14.9,22.6,21.1,75.6,0,0,0,
2026-04-13,05:39:18,maceta2,36.0,35.0,75.8,76.4,76.1,9.1,15.4,,,0,0,0,Lectura invalida de DHT
2026-04-13,06:39:28,maceta1,60.0,60.0,60.3,59.8,60.0,6050.9,19756.2,21.0,77.0,1,0,0,
2026-04-13,06:39:28,maceta2,36.0,36.0,75.7,76.3,76.0,6435.3,19179.8,,,1,0,0,Lectura invalida de DHT
2026-04-13,07:39:31,maceta1,60.0,61.0,60.2,59.5,59.9,5881.1,21146.7,20.8,77.3,1,0,0,
2026-04-13,07:39:31,maceta2,37.0,36.0,75.5,76.1,75.8,6299.8,21272.5,,,1,0,0,Lectura invalida de DHT
2026-04-13,08:39:36,maceta1,60.0,61.0,60.0,59.3,59.7,6404.2,21143.1,20.7,78.6,1,0,0,
2026-04-13,08:39:36,maceta2,37.0,36.0,75.3,76.0,75.7,6225.5,21394.4,,,1,0,0,Lectura invalida de DHT
2026-04-13,09:39:46,maceta1,60.0,61.0,59.9,59.1,59.5,6236.3,20911.6,20.9,79.1,1,0,0,
2026-04-13,09:39:46,maceta2,37.0,36.0,75.3,76.0,75.6,6016.6,19194.3,,,1,0,0,Lectura invalida de DHT
2026-04-13,10:39:49,maceta1,60.0,61.0,59.8,59.1,59.5,6031.6,19366.7,21.1,82.0,1,0,0,
2026-04-13,10:39:49,maceta2,37.0,36.0,75.0,75.8,75.4,6376.7,20330.9,,,1,0,0,Lectura invalida de DHT
2026-04-13,11:39:53,maceta1,60.0,62.0,59.7,58.9,59.3,5844.5,20725.8,21.4,91.3,1,0,0,
2026-04-13,11:39:53,maceta2,38.0,36.0,74.8,75.7,75.2,6468.5,19758.4,,,1,0,0,Lectura invalida de DHT
2026-04-13,12:40:05,maceta1,61.0,62.0,59.5,58.7,59.1,6017.7,21362.6,25.8,60.4,1,0,0,
2026-04-13,12:40:05,maceta2,38.0,37.0,74.6,75.6,75.1,6374.8,19982.1,,,1,0,0,Lectura invalida de DHT
2026-04-13,13:40:16,maceta1,61.0,62.0,59.3,58.6,59.0,6027.6,20706.4,26.2,55.4,1,0,0,
2026-04-13,13:40:16,maceta2,38.0,37.0,74.4,75.5,75.0,5801.1,19449.1,,,1,0,0,Lectura invalida de DHT
2026-04-13,14:40:22,maceta1,61.0,62.0,59.1,58.4,58.8,6310.7,19829.0,26.6,53.6,1,0,0,
2026-04-13,14:40:22,maceta2,39.0,37.0,74.3,75.4,74.8,6245.5,20445.2,,,1,0,0,Lectura invalida de DHT
2026-04-13,15:34:29,maceta1,62.0,63.0,58.9,58.3,58.6,6246.3,20251.4,26.4,52.3,1,0,0,
2026-04-13,15:34:29,maceta2,39.0,37.0,74.2,75.2,74.7,5835.8,21394.9,,,1,0,0,Lectura invalida de DHT
2026-04-13,16:34:45,maceta1,62.0,63.0,58.7,58.0,58.4,6421.0,20614.3,,,1,0,0,Lectura invalida de DHT
2026-04-13,16:34:45,maceta2,39.0,38.0,74.0,75.0,74.5,5980.3,20257.7,,,1,0,0,Lectura invalida de DHT
2026-04-13,16:41:26,maceta1,62.0,63.0,58.5,57.9,58.2,6130.6,20276.4,22.5,79.4,1,0,0,
2026-04-13,16:41:26,maceta2,39.0,38.0,73.8,74.9,74.3,5841.7,19207.3,,,1,0,0,Lectura invalida de DHT
2026-04-13,16:44:26,maceta1,62.0,63.0,58.3,57.8,58.0,5883.7,19299.9,22.6,79.5,1,0,0,
2026-04-13,16:44:26,maceta2,40.0,38.0,73.6,74.6,74.1,6222.7,20550.0,,,1,0,0,Lectura invalida de DHT
2026-04-13,16:49:52,maceta1,63.0,64.0,58.2,57.6,57.9,6299.3,19780.2,22.7,79.3,1,0,0,
2026-04-13,16:49:52,maceta2,40.0,38.0,73.5,74.6,74.0,6280.6,19850.6,,,1,0,0,Lectura invalida de DHT
2026-04-13,17:00:41,maceta1,63.0,64.0,58.1,57.5,57.8,6332.5,21006.0,,,1,0,0,Lectura invalida de DHT
2026-04-13,17:00:41,maceta2,40.0,38.0,73.3,74.5,73.9,5880.1,21139.8,,,1,0,0,Lectura invalida de DHT
2026-04-13,17:01:16,maceta1,63.0,64.0,57.9,57.4,57.7,6192.9,21153.5,23.4,74.9,1,0,0,
2026-04-13,17:01:16,maceta2,40.0,38.0,73.2,74.5,73.8,6068.7,20086.7,,,1,0,0,Lectura invalida de DHT
2026-04-13,17:02:42,maceta1,63.0,64.0,57.7,57.2,57.5,6339.7,19343.3,23.3,73.8,1,0,0,
2026-04-13,17:36:45,maceta1,63.0,64.0,57.7,57.1,57.4,6145.7,21381.0,22.2,83.9,1,0,0,
2026-04-13,17:36:45,maceta2,40.0,38.0,73.1,74.4,73.8,6119.4,19482.1,,,1,0,0,Lectura invalida de DHT
2026-04-13,18:36:59,maceta1,64.0,65.0,57.5,56.9,57.2,4.0,28.0,21.8,97.7,0,0,0,
2026-04-13,18:36:59,maceta2,40.0,39.0,73.0,74.3,73.7,18.4,2.6,,,0,0,0,Lectura invalida de DHT
2026-04-13,19:37:13,maceta1,64.0,65.0,57.3,56.7,57.0,14.9,6.6,24.5,70.2,0,0,0,
2026-04-13,19:37:13,maceta2,41.0,39.0,72.9,74.2,73.6,13.1,19.7,,,0,0,0,Lectura invalida de DHT
2026-04-13,20:37:29,maceta1,64.0,65.0,57.3,56.4,56.8,5.1,25.1,,,0,0,0,Lectura invalida de DHT
2026-04-13,20:37:29,maceta2,41.0,39.0,72.8,74.1,73.4,21.8,27.3,,,0,0,0,Lectura invalida de DHT
2026-04-13,21:37:45,maceta1,64.0,65.0,57.2,56.4,56.8,3.8,20.7,,,0,0,0,Lectura invalida de DHT
2026-04-13,21:37:45,maceta2,41.0,39.0,72.7,74.0,73.3,26.8,2.8,,,0,0,0,Lectura invalida de DHT
2026-04-13,22:38:00,maceta1,64.0,66.0,57.0,56.2,56.6,28.0,26.1,24.8,62.9,0,0,0,
2026-04-13,22:38:00,maceta2,41.0,39.0,72.6,73.8,73.2,20.2,7.9,,,0,0,0,Lectura invalida de DHT
2026-04-13,23:38:10,maceta1,65.0,66.0,56.9,56.0,56.5,18.1,23.9,,,0,0,0,Lectura invalida de DHT
2026-04-13,23:38:10,maceta2,41.0,40.0,72.5,73.7,73.1,6.1,27.1,,,0,0,0,Lectura invalida de DHT
2026-04-14,00:38:26,maceta1,65.0,66.0,56.7,55.9,56.3,19.8,10.4,,,0,0,0,Lectura invalida de DHT
2026-04-14,00:38:26,maceta2,42.0,40.0,72.3,73.4,72.9,28.0,8.5,,,0,0,0,Lectura invalida de DHT
2026-04-14,01:38:42,maceta1,65.0,66.0,56.5,55.8,56.2,12.1,23.2,24.4,62.7,0,0,0,
2026-04-14,01:38:42,maceta2,42.0,40.0,72.1,73.3,72.7,7.9,19.6,,,0,0,0,Lectura invalida de DHT
2026-04-14,02:38:51,maceta1,65.0,67.0,56.5,55.6,56.1,27.3,7.9,,,0,0,0,Lectura invalida de DHT
2026-04-14,02:38:51,maceta2,42.0,40.0,72.0,73.1,72.6,4.5,16.0,,,0,0,0,Lectura invalida de DHT
2026-04-14,03:39:07,maceta1,65.0,67.0,56.4,55.4,55.9,19.1,9.9,24.2,63.9,0,0,0,
2026-04-14,03:39:07,maceta2,42.0,41.0,72.0,72.9,72.4,2.7,17.9,,,0,0,0,Lectura invalida de DHT
2026-04-14,04:39:23,maceta1,66.0,67.0,56.2,55.4,55.8,23.1,3.2,24.2,65.0,0,0,0,
2026-04-14,04:39:23,maceta2,42.0,41.0,71.8,72.7,72.3,16.9,12.5,,,0,0,0,Lectura invalida de DHT
2026-04-14,05:39:38,maceta1,66.0,67.0,56.1,55.3,55.7,11.1,28.1,,,0,0,0,Lectura invalida de DHT
2026-04-14,05:39:38,maceta2,43.0,41.0,71.6,72.5,72.0,3.4,9.0,,,0,0,0,Lectura invalida de DHT
2026-04-14,06:39:48,maceta1,66.0,67.0,55.9,55.1,55.5,6165.9,19822.1,,,1,0,0,Lectura invalida de DHT
2026-04-14,06:39:48,maceta2,43.0,41.0,71.5,72.4,72.0,6058.3,19477.8,,,1,0,0,Lectura invalida de DHT
2026-04-14,07:40:04,maceta1,66.0,68.0,55.8,55.0,55.4,6099.3,20655.8,24.3,66.2,1,0,0,
2026-04-14,07:40:04,maceta2,43.0,42.0,71.3,72.3,71.8,5884.7,20921.9,,,1,0,0,Lectura invalida de DHT
2026-04-14,08:40:16,maceta1,67.0,68.0,55.6,54.9,55.3,5817.8,20879.6,21.1,82.2,1,0,0,
2026-04-14,08:40:16,maceta2,43.0,42.0,71.2,72.1,71.6,6093.3,19664.0,,,1,0,0,Lectura invalida de DHT
2026-04-14,09:40:23,maceta1,67.0,68.0,55.4,54.7,55.1,5875.5,21029.9,20.9,87.3,1,0,0,
2026-04-14,09:40:23,maceta2,44.0,42.0,71.0,71.8,71.4,6325.8,20918.1,,,1,0,0,Lectura invalida de DHT
2026-04-14,10:40:29,maceta1,67.0,68.0,55.3,54.5,54.9,5822.0,21364.4,20.8,85.4,1,0,0,
2026-04-14,10:40:29,maceta2,44.0,42.0,70.8,71.7,71.2,5849.7,19514.7,,,1,0,0,Lectura invalida de DHT
2026-04-14,11:40:36,maceta1,67.0,68.0,55.1,54.5,54.8,6245.5,19782.3,20.9,84.1,1,0,0,
2026-04-14,11:40:36,maceta2,44.0,43.0,70.7,71.5,71.1,5856.1,19804.2,,,1,0,0,Lectura invalida de DHT
2026-04-14,12:40:43,maceta1,68.0,69.0,55.0,54.2,54.6,6020.0,21146.3,,,1,0,0,Lectura invalida de DHT
2026-04-14,12:40:43,maceta2,44.0,43.0,70.5,71.3,70.9,6048.3,20163.7,,,1,0,0,Lectura invalida de DHT
2026-04-14,13:40:55,maceta1,68.0,69.0,54.9,54.1,54.5,6156.0,19329.2,21.3,91.1,1,0,0,
2026-04-14,13:40:55,maceta2,45.0,43.0,70.2,71.1,70.7,6459.2,21358.0,,,1,0,0,Lectura invalida de DHT
2026-04-14,14:41:02,maceta1,68.0,69.0,54.7,53.9,54.3,6435.3,20762.6,21.6,94.3,1,0,0,
2026-04-14,14:41:02,maceta2,45.0,44.0,70.1,70.9,70.5,6268.0,21329.3,,,1,0,0,Lectura invalida de DHT
2026-04-14,15:41:08,maceta1,68.0,69.0,54.5,53.7,54.1,5974.5,20854.9,21.6,85.1,1,0,0,
2026-04-14,15:41:08,maceta2,45.0,44.0,69.9,70.9,70.4,6275.1,19517.2,,,1,0,0,Lectura invalida de DHT
2026-04-14,16:41:15,maceta1,69.0,70.0,54.3,53.5,53.9,6087.3,20694.3,21.6,82.5,1,0,0,
2026-04-14,16:41:15,maceta2,45.0,44.0,69.8,70.7,70.2,6053.3,19895.5,,,1,0,0,Lectura invalida de DHT
2026-04-15,16:58:36,maceta1,69.0,70.0,54.2,53.4,53.8,6328.9,19630.8,22.2,71.2,1,0,0,
2026-04-15,16:58:36,maceta2,46.0,44.0,69.6,70.5,70.1,6215.6,19373.5,,,1,0,0,Lectura invalida de DHT
2026-04-15,16:59:37,maceta1,69.0,70.0,54.0,53.2,53.6,5960.2,21182.6,22.2,81.6,1,0,0,
2026-04-15,16:59:37,maceta2,46.0,45.0,69.5,70.2,69.9,5807.1,20275.0,,,1,0,0,Lectura invalida de DHT
2026-04-15,17:02:34,maceta1,69.0,70.0,53.8,53.1,53.4,5853.9,19422.1,,,1,0,0,Lectura invalida de DHT
2026-04-15,17:02:34,maceta2,46.0,45.0,69.4,70.1,69.8,6245.3,20151.5,,,1,0,0,Lectura invalida de DHT
2026-04-15,17:03:06,maceta1,70.0,71.0,53.7,52.8,53.3,6002.8,19134.1,22.2,77.5,1,0,0,
2026-04-15,17:03:06,maceta2,46.0,45.0,69.3,70.0,69.6,6439.3,21251.9,,,1,0,0,Lectura invalida de DHT
2026-04-15,17:03:39,maceta1,70.0,71.0,53.5,52.8,53.1,5912.9,20793.7,22.3,83.0,1,0,0,
2026-04-15,17:03:39,maceta2,46.0,45.0,69.1,69.9,69.5,6228.8,21325.0,,,1,0,0,Lectura invalida de DHT
2026-04-15,17:06:36,maceta1,70.0,71.0,53.3,52.5,52.9,6450.8,20188.7,22.4,80.0,1,0,0,
2026-04-15,17:06:36,maceta2,47.0,45.0,69.0,69.8,69.4,6411.6,19958.9,,,1,0,0,Lectura invalida de DHT
2026-04-15,17:08:03,maceta1,70.0,72.0,53.1,52.3,52.7,6365.7,21122.7,22.4,83.9,1,0,0,
2026-04-15,17:08:03,maceta2,47.0,46.0,68.8,69.6,69.2,6306.8,20229.3,,,1,0,0,Lectura invalida de DHT
2026-04-15,17:08:13,maceta1,70.0,72.0,53.0,52.1,52.5,6243.4,19958.5,22.6,68.4,1,0,0,
2026-04-15,17:08:13,maceta2,47.0,46.0,68.6,69.4,69.0,5884.4,21240.6,,,1,0,0,Lectura invalida de DHT
2026-04-15,17:08:25,maceta1,71.0,72.0,52.9,51.9,52.4,6410.0,19420.7,22.4,68.9,1,0,0,
2026-04-15,17:08:25,maceta2,47.0,46.0,68.4,69.3,68.9,6431.7,21016.8,,,1,0,0,Lectura invalida de DHT
2026-04-15,17:08:40,maceta1,71.0,72.0,52.7,51.8,52.3,6362.6,21091.1,22.6,68.3,1,0,0,
2026-04-15,17:08:40,maceta2,48.0,46.0,68.2,69.1,68.6,5846.5,19009.1,,,1,0,0,Lectura invalida de DHT
2026-04-15,17:09:03,maceta1,71.0,72.0,52.6,51.7,52.1,5930.6,20372.3,22.5,78.3,1,0,0,
2026-04-15,17:09:03,maceta2,48.0,47.0,68.1,69.0,68.5,6173.8,19800.1,,,1,0,0,Lectura invalida de DHT
2026-04-15,17:09:13,maceta1,71.0,73.0,52.4,51.4,51.9,6424.8,19473.0,,,1,0,0,Lectura invalida de DHT
2026-04-15,17:09:13,maceta2,48.0,47.0,68.0,68.9,68.4,5899.5,20054.4,,,1,0,0,Lectura invalida de DHT
2026-04-15,17:09:39,maceta1,72.0,73.0,52.2,51.2,51.7,6177.5,20801.0,,,1,0,0,Lectura invalida de DHT
2026-04-15,17:09:39,maceta2,48.0,47.0,67.8,68.7,68.3,5808.2,19574.3,,,1,0,0,Lectura invalida de DHT
2026-04-15,17:10:09,maceta1,72.0,73.0,52.1,51.0,51.5,6365.2,20277.8,22.8,79.0,1,0,0,
2026-04-15,17:10:09,maceta2,48.0,47.0,67.7,68.5,68.1,6095.4,19498.9,,,1,0,0,Lectura invalida de DHT
2026-04-15,17:10:57,maceta1,72.0,74.0,51.9,50.8,51.3,6427.3,20510.8,,,1,0,0,Lectura invalida de DHT
2026-04-15,17:10:57,maceta2,49.0,48.0,67.5,68.3,67.9,6006.5,19094.5,,,1,0,0,Lectura invalida de DHT
2026-04-15,17:12:02,maceta1,72.0,74.0,51.7,50.6,51.2,6022.6,20152.2,22.9,68.1,1,0,0,
2026-04-15,17:12:02,maceta2,49.0,48.0,67.4,68.2,67.8,6140.2,20608.4,,,1,0,0,Lectura invalida de DHT
2026-04-15,17:12:51,maceta1,73.0,74.0,51.5,50.5,51.0,5877.0,21071.8,23.1,69.6,1,0,0,
2026-04-15,17:12:51,maceta2,49.0,48.0,67.2,67.9,67.6,6204.0,19656.3,,,1,0,0,Lectura invalida de DHT
2026-04-15,17:20:32,maceta1,73.0,75.0,51.3,50.3,50.8,5959.6,21073.9,23.2,64.4,1,0,0,
2026-04-15,17:20:32,maceta2,49.0,48.0,67.1,67.8,67.5,5830.6,19130.9,,,1,0,0,Lectura invalida de DHT
2026-04-15,17:21:09,maceta1,73.0,75.0,51.2,50.1,50.6,6099.0,20773.5,23.3,68.6,1,0,0,
2026-04-15,17:21:09,maceta2,50.0,49.0,66.9,67.7,67.3,5886.1,19577.4,,,1,0,0,Lectura invalida de DHT
2026-04-15,17:26:04,maceta1,74.0,75.0,51.0,49.9,50.4,6372.6,19263.5,23.3,67.8,1,0,1,
2026-04-15,17:26:04,maceta2,50.0,49.0,66.7,67.6,67.2,6191.0,21004.8,,,1,0,0,Lectura invalida de DHT
2026-04-15,17:45:46,maceta1,25.0,23.0,83.0,84.7,83.9,6402.5,21097.1,22.5,74.7,1,0,0,
2026-04-15,17:45:46,maceta2,50.0,49.0,66.6,67.5,67.0,6040.2,21128.7,,,1,0,0,Lectura invalida de DHT
2026-04-15,17:46:25,maceta1,26.0,23.0,82.8,84.5,83.6,5804.9,20677.5,22.5,71.4,1,0,0,
2026-04-15,17:46:25,maceta2,50.0,49.0,66.5,67.3,66.9,6310.4,20207.7,,,1,0,0,Lectura invalida de DHT
2026-04-15,17:54:25,maceta1,26.0,23.0,82.6,84.4,83.5,6157.5,20742.6,23.0,66.7,1,0,0,
2026-04-15,17:54:25,maceta2,50.0,49.0,66.4,67.2,66.8,6256.6,20040.2,,,1,0,0,Lectura invalida de DHT
2026-04-15,18:26:56,maceta1,26.0,24.0,82.6,84.2,83.4,28.8,8.7,23.0,67.5,0,0,0,
2026-04-15,18:26:56,maceta2,51.0,49.0,66.2,67.0,66.6,4.2,1.5,,,0,0,0,Lectura invalida de DHT
2026-04-15,19:27:11,maceta1,26.0,24.0,82.5,83.9,83.2,24.6,15.6,22.3,72.9,0,0,0,
2026-04-15,19:27:11,maceta2,51.0,50.0,66.1,66.9,66.5,9.0,22.3,,,0,0,0,Lectura invalida de DHT
2026-04-15,20:27:25,maceta1,27.0,24.0,82.3,83.7,83.0,25.6,11.7,,,0,0,0,Lectura invalida de DHT
2026-04-15,20:27:25,maceta2,51.0,50.0,66.0,66.8,66.4,8.4,22.4,,,0,0,0,Lectura invalida de DHT
2026-04-15,21:27:41,maceta1,27.0,25.0,82.2,83.6,82.9,5.2,28.8,22.1,71.8,0,0,0,
2026-04-15,21:27:41,maceta2,51.0,50.0,65.9,66.7,66.3,18.1,20.1,,,0,0,0,Lectura invalida de DHT
2026-04-15,22:27:56,maceta1,27.0,25.0,82.0,83.4,82.7,8.1,10.1,22.0,74.6,0,0,0,
2026-04-15,22:27:56,maceta2,52.0,50.0,65.7,66.6,66.1,24.5,19.3,,,0,0,0,Lectura invalida de DHT
2026-04-15,23:28:12,maceta1,27.0,25.0,81.8,83.3,82.6,8.6,23.4,21.9,74.4,0,0,0,
2026-04-15,23:28:12,maceta2,52.0,50.0,65.5,66.4,65.9,22.8,7.3,,,0,0,0,Lectura invalida de DHT
2026-04-16,00:28:28,maceta1,27.0,25.0,81.8,83.1,82.4,8.1,25.7,,,0,0,0,Lectura invalida de DHT
2026-04-16,00:28:28,maceta2,52.0,51.0,65.2,66.3,65.7,7.9,0.7,,,0,0,0,Lectura invalida de DHT
2026-04-16,01:28:44,maceta1,28.0,26.0,81.5,82.8,82.2,25.7,13.1,21.7,74.0,0,0,0,
2026-04-16,01:28:44,maceta2,53.0,51.0,65.0,66.0,65.5,7.4,24.3,,,0,0,0,Lectura invalida de DHT
2026-04-16,02:28:59,maceta1,28.0,26.0,81.4,82.6,82.0,1.0,11.3,21.4,73.8,0,0,0,
2026-04-16,02:28:59,maceta2,53.0,51.0,64.9,65.9,65.4,29.0,14.7,,,0,0,0,Lectura invalida de DHT
2026-04-16,03:29:15,maceta1,28.0,26.0,81.3,82.4,81.9,2.3,22.4,21.0,73.0,0,0,0,
2026-04-16,03:29:15,maceta2,53.0,51.0,64.8,65.7,65.3,0.2,9.2,,,0,0,0,Lectura invalida de DHT
2026-04-16,04:29:31,maceta1,28.0,27.0,81.1,82.2,81.6,8.2,27.4,20.8,72.3,0,0,0,
2026-04-16,04:29:31,maceta2,53.0,52.0,64.7,65.6,65.1,26.4,3.1,,,0,0,0,Lectura invalida de DHT
2026-04-16,05:29:47,maceta1,29.0,27.0,80.9,82.0,81.4,6.0,22.6,,,0,0,0,Lectura invalida de DHT
2026-04-16,05:29:47,maceta2,53.0,52.0,64.5,65.6,65.0,6.0,1.9,,,0,0,0,Lectura invalida de DHT
2026-04-16,06:30:02,maceta1,29.0,27.0,80.7,81.7,81.2,6092.2,19907.5,20.5,72.7,1,0,0,
2026-04-16,06:30:02,maceta2,54.0,52.0,64.2,65.5,64.9,6391.9,21444.6,,,1,0,0,Lectura invalida de DHT
2026-04-16,07:30:18,maceta1,29.0,28.0,80.6,81.5,81.1,5955.5,21198.2,,,1,0,0,Lectura invalida de DHT
2026-04-16,07:30:18,maceta2,54.0,52.0,64.1,65.4,64.8,6284.7,19501.4,,,1,0,0,Lectura invalida de DHT
2026-04-16,08:30:31,maceta1,29.0,28.0,80.4,81.4,80.9,5883.9,20813.4,20.1,73.3,1,0,0,
2026-04-16,08:30:31,maceta2,54.0,52.0,64.0,65.2,64.6,6101.0,19538.4,,,1,0,0,Lectura invalida de DHT
2026-04-16,09:30:43,maceta1,29.0,28.0,80.4,81.2,80.8,6036.3,19281.5,,,1,0,0,Lectura invalida de DHT
2026-04-16,09:30:43,maceta2,54.0,52.0,63.9,65.1,64.5,6271.1,19729.7,,,1,0,0,Lectura invalida de DHT
2026-04-16,10:30:56,maceta1,30.0,28.0,80.2,81.1,80.7,6460.0,20019.4,20.7,70.8,1,0,0,
2026-04-16,10:30:56,maceta2,55.0,52.0,63.6,65.0,64.3,5992.8,19431.9,,,1,0,0,Lectura invalida de DHT
2026-04-16,11:31:09,maceta1,30.0,29.0,80.1,80.8,80.4,6026.2,21216.0,,,1,0,0,Lectura invalida de DHT
2026-04-16,11:31:09,maceta2,55.0,53.0,63.4,65.0,64.2,6014.4,19948.4,,,1,0,0,Lectura invalida de DHT
2026-04-16,12:31:21,maceta1,30.0,29.0,79.8,80.7,80.3,6163.2,19118.0,21.7,69.1,1,0,0,
2026-04-16,12:31:21,maceta2,55.0,53.0,63.3,64.9,64.1,6352.3,21277.1,,,1,0,0,Lectura invalida de DHT
2026-04-16,13:31:34,maceta1,30.0,29.0,79.7,80.6,80.2,6292.1,21403.5,22.2,66.1,1,0,0,
2026-04-16,13:31:34,maceta2,55.0,53.0,63.1,64.8,63.9,6112.5,20538.4,,,1,0,0,Lectura invalida de DHT
2026-04-16,14:31:47,maceta1,31.0,29.0,79.6,80.5,80.1,6054.5,20697.9,22.8,64.7,1,0,0,
2026-04-16,14:31:47,maceta2,56.0,53.0,62.9,64.6,63.7,6358.9,20029.9,,,1,0,0,Lectura invalida de DHT
2026-04-16,17:39:35,maceta1,31.0,29.0,79.3,80.4,79.9,6480.2,20578.4,,,1,0,0,Lectura invalida de DHT
2026-04-16,17:39:35,maceta2,56.0,53.0,62.7,64.4,63.6,6375.7,21336.0,,,1,0,0,Lectura invalida de DHT
2026-04-16,17:47:48,maceta1,31.0,30.0,79.3,80.2,79.8,6473.7,19676.4,23.4,60.3,1,0,0,
2026-04-16,17:47:48,maceta2,56.0,54.0,62.5,64.3,63.4,6400.3,19121.2,,,1,0,0,Lectura invalida de DHT
2026-04-16,17:48:26,maceta1,31.0,30.0,79.1,80.1,79.6,5976.2,19622.0,23.5,56.4,1,0,0,
2026-04-16,17:48:26,maceta2,56.0,54.0,62.4,64.1,63.3,6441.6,19525.7,,,1,0,0,Lectura invalida de DHT
2026-04-16,17:49:53,maceta1,31.0,30.0,79.1,79.8,79.4,6148.1,21355.1,23.5,57.5,1,0,0,
2026-04-16,17:49:53,maceta2,57.0,54.0,62.2,63.9,63.1,6101.7,20414.7,,,1,0,0,Lectura invalida de DHT
2026-04-16,18:11:53,maceta1,32.0,30.0,78.9,79.8,79.4,7.0,6.8,,,0,0,0,Lectura invalida de DHT
2026-04-16,18:11:53,maceta2,57.0,54.0,62.1,63.8,63.0,28.4,10.5,,,0,0,0,Lectura invalida de DHT
2026-04-16,19:12:18,maceta1,32.0,31.0,78.9,79.6,79.3,23.9,26.6,23.4,58.9,0,0,0,
2026-04-16,19:12:18,maceta2,57.0,54.0,61.9,63.8,62.8,10.3,24.1,,,0,0,0,Lectura invalida de DHT
2026-04-16,20:12:42,maceta1,32.0,31.0,78.8,79.6,79.2,16.9,11.6,23.9,60.5,0,0,0,
2026-04-16,20:12:42,maceta2,57.0,54.0,61.7,63.7,62.7,13.2,27.6,,,0,0,0,Lectura invalida de DHT
2026-04-16,21:12:54,maceta1,32.0,31.0,78.7,79.4,79.0,0.2,17.3,23.6,61.6,0,0,0,
2026-04-16,21:12:54,maceta2,58.0,55.0,61.5,63.5,62.5,21.2,26.9,,,0,0,0,Lectura invalida de DHT
2026-04-16,22:13:05,maceta1,32.0,31.0,78.6,79.3,78.9,12.9,24.9,23.5,65.1,0,0,0,
2026-04-16,22:13:05,maceta2,58.0,55.0,61.4,63.4,62.4,17.6,27.6,,,0,0,0,Lectura invalida de DHT
2026-04-16,23:13:17,maceta1,32.0,31.0,78.5,79.2,78.8,12.2,5.7,23.6,64.8,0,0,0,
2026-04-16,23:13:17,maceta2,58.0,55.0,61.2,63.3,62.3,9.5,27.2,,,0,0,0,Lectura invalida de DHT
2026-04-17,00:13:29,maceta1,33.0,31.0,78.3,79.1,78.7,3.4,23.5,23.3,64.3,0,0,0,
2026-04-17,00:13:29,maceta2,58.0,55.0,61.1,63.1,62.1,16.6,15.8,,,0,0,0,Lectura invalida de DHT
2026-04-17,01:13:40,maceta1,33.0,32.0,78.3,79.0,78.6,20.3,17.9,,,0,0,0,Lectura invalida de DHT
2026-04-17,01:13:40,maceta2,58.0,55.0,61.0,63.0,62.0,21.9,6.6,,,0,0,0,Lectura invalida de DHT
2026-04-17,02:13:52,maceta1,33.0,32.0,78.2,78.9,78.5,21.1,26.8,22.3,66.7,0,0,0,
2026-04-17,02:13:52,maceta2,59.0,56.0,60.8,62.8,61.8,1.3,23.9,,,0,0,0,Lectura invalida de DHT
2026-04-17,03:14:04,maceta1,33.0,32.0,78.0,78.7,78.3,21.6,5.2,,,0,0,0,Lectura invalida de DHT
2026-04-17,03:14:04,maceta2,59.0,56.0,60.7,62.6,61.7,0.3,6.4,,,0,0,0,Lectura invalida de DHT
2026-04-17,04:14:15,maceta1,33.0,32.0,77.8,78.5,78.1,21.9,12.6,21.8,67.3,0,0,0,
2026-04-17,04:14:15,maceta2,59.0,56.0,60.5,62.5,61.5,13.7,8.0,,,0,0,0,Lectura invalida de DHT
2026-04-17,05:14:27,maceta1,34.0,33.0,77.6,78.2,77.9,0.0,25.0,21.5,67.6,0,0,0,
2026-04-17,05:14:27,maceta2,59.0,56.0,60.4,62.4,61.4,4.0,7.0,,,0,0,0,Lectura invalida de DHT
2026-04-17,06:14:39,maceta1,34.0,33.0,77.4,78.0,77.7,6010.6,19745.7,21.2,67.9,1,0,0,
2026-04-17,06:14:39,maceta2,60.0,57.0,60.2,62.2,61.2,6023.2,20538.9,,,1,0,0,Lectura invalida de DHT
2026-04-17,07:14:50,maceta1,34.0,33.0,77.3,78.0,77.6,5999.4,20938.8,20.9,68.1,1,0,0,
2026-04-17,07:14:50,maceta2,60.0,57.0,60.0,62.1,61.1,6207.5,19098.9,,,1,0,0,Lectura invalida de DHT
2026-04-17,08:15:00,maceta1,34.0,33.0,77.1,77.7,77.4,5825.8,19982.8,,,1,0,0,Lectura invalida de DHT
2026-04-17,08:15:00,maceta2,60.0,57.0,59.8,61.9,60.9,6059.8,20007.6,,,1,0,0,Lectura invalida de DHT
2026-04-17,09:15:10,maceta1,35.0,34.0,77.0,77.5,77.2,6226.7,19348.1,20.5,69.4,1,0,0,
2026-04-17,09:15:10,maceta2,60.0,57.0,59.7,61.8,60.8,6220.8,20622.9,,,1,0,0,Lectura invalida de DHT
2026-04-17,10:15:20,maceta1,35.0,34.0,76.8,77.4,77.1,6151.9,19026.8,20.7,69.5,1,0,0,
2026-04-17,10:15:20,maceta2,61.0,58.0,59.5,61.6,60.6,6293.9,20745.2,,,1,0,0,Lectura invalida de DHT
2026-04-17,11:15:29,maceta1,35.0,34.0,76.7,77.2,76.9,5836.0,20360.6,21.1,70.4,1,0,0,
2026-04-17,11:15:29,maceta2,61.0,58.0,59.5,61.5,60.5,6281.9,20595.3,,,1,0,0,Lectura invalida de DHT
2026-04-17,12:15:39,maceta1,35.0,34.0,76.5,77.0,76.8,5995.1,21439.4,21.7,71.5,1,0,0,
2026-04-17,12:15:39,maceta2,61.0,58.0,59.3,61.3,60.3,6062.2,19801.4,,,1,0,0,Lectura invalida de DHT
2026-04-17,13:15:50,maceta1,36.0,35.0,76.3,76.8,76.6,6435.8,19922.8,,,1,0,0,Lectura invalida de DHT
2026-04-17,13:15:50,maceta2,61.0,58.0,59.1,61.1,60.1,5916.8,19233.8,,,1,0,0,Lectura invalida de DHT
2026-04-17,14:16:21,maceta1,36.0,35.0,76.2,76.6,76.4,5967.7,19893.0,22.9,71.2,1,0,0,
2026-04-17,14:16:21,maceta2,61.0,58.0,59.0,61.0,60.0,6101.4,20067.8,,,1,0,0,Lectura invalida de DHT
2026-04-17,15:16:34,maceta1,36.0,35.0,76.1,76.5,76.3,5901.4,19860.2,23.6,67.7,1,0,0,
2026-04-17,15:16:34,maceta2,62.0,59.0,58.9,61.0,59.9,5899.8,19321.9,,,1,0,0,Lectura invalida de DHT
2026-04-17,16:06:04,maceta1,36.0,35.0,75.9,76.3,76.1,6142.6,20301.4,,,1,0,0,Lectura invalida de DHT
2026-04-17,16:06:04,maceta2,62.0,59.0,58.7,60.8,59.7,6423.1,21369.1,,,1,0,0,Lectura invalida de DHT
2026-04-17,16:06:53,maceta1,36.0,36.0,75.9,76.2,76.0,6490.0,20101.7,24.5,63.9,1,0,0,
2026-04-17,16:06:53,maceta2,62.0,59.0,58.6,60.6,59.6,6042.1,20187.9,,,1,0,0,Lectura invalida de DHT
2026-04-17,16:10:48,maceta1,37.0,36.0,75.7,76.1,75.9,5969.4,21199.8,24.5,63.4,1,0,0,
2026-04-17,16:10:48,maceta2,62.0,59.0,58.4,60.5,59.5,5908.1,19793.1,,,1,0,0,Lectura invalida de DHT
2026-04-17,16:10:50,maceta1,37.0,36.0,75.5,75.9,75.7,6270.5,20263.8,24.5,63.0,1,0,0,
2026-04-17,16:10:50,maceta2,63.0,60.0,58.3,60.3,59.3,5817.8,20915.8,,,1,0,0,Lectura invalida de DHT
2026-04-17,17:37:05,maceta1,37.0,36.0,75.3,75.7,75.5,6333.1,20269.4,24.6,74.3,1,0,0,
2026-04-17,17:37:05,maceta2,63.0,60.0,58.1,60.1,59.1,6252.1,20244.9,,,1,0,0,Lectura invalida de DHT
2026-04-17,17:41:26,maceta1,37.0,37.0,75.2,75.6,75.4,5966.3,19345.9,24.9,73.9,1,0,0,
2026-04-17,17:41:26,maceta2,63.0,60.0,58.1,60.0,59.1,6245.8,19775.1,,,1,0,0,Lectura invalida de DHT
2026-04-17,17:43:10,maceta1,37.0,37.0,75.0,75.5,75.3,6309.8,21456.8,25.0,75.2,1,0,0,
2026-04-17,17:43:10,maceta2,63.0,60.0,58.0,59.8,58.9,6038.4,21029.9,,,1,0,0,Lectura invalida de DHT
2026-04-17,18:16:59,maceta1,38.0,37.0,74.8,75.4,75.1,28.6,0.6,25.0,72.6,0,0,0,
2026-04-17,18:16:59,maceta2,63.0,60.0,57.9,59.7,58.8,19.9,15.4,,,0,0,0,Lectura invalida de DHT
2026-04-17,18:25:41,maceta1,38.0,37.0,74.7,75.2,75.0,24.4,3.4,24.8,76.0,0,0,0,
2026-04-17,18:25:41,maceta2,63.0,61.0,57.7,59.6,58.7,6.4,9.7,,,0,0,0,Lectura invalida de DHT
2026-04-17,18:26:09,maceta1,38.0,37.0,74.5,75.0,74.8,27.1,29.7,24.8,75.5,0,0,0,
2026-04-17,18:26:09,maceta2,64.0,61.0,57.6,59.5,58.6,13.0,4.6,,,0,0,0,Lectura invalida de DHT
2026-04-17,18:28:31,maceta1,38.0,38.0,74.3,74.8,74.6,0.5,8.4,24.8,79.5,0,0,0,
2026-04-17,18:28:31,maceta2,64.0,61.0,57.5,59.3,58.4,5.9,13.6,,,0,0,0,Lectura invalida de DHT
2026-04-17,18:30:06,maceta1,39.0,38.0,74.1,74.7,74.4,28.0,29.3,24.8,78.6,0,0,0,
2026-04-17,18:30:06,maceta2,64.0,61.0,57.4,59.2,58.3,16.5,26.2,,,0,0,0,Lectura invalida de DHT
2026-04-17,18:46:57,maceta1,39.0,38.0,73.9,74.5,74.2,24.3,5.5,24.7,77.4,0,0,0,
2026-04-17,18:46:57,maceta2,64.0,62.0,57.1,59.0,58.1,3.5,17.1,,,0,0,0,Lectura invalida de DHT
2026-04-17,19:47:29,maceta1,39.0,38.0,73.8,74.4,74.1,25.1,10.8,,,0,0,0,Lectura invalida de DHT
2026-04-17,19:47:29,maceta2,65.0,62.0,56.9,58.8,57.8,0.7,26.4,,,0,0,0,Lectura invalida de DHT
2026-04-17,20:48:02,maceta1,40.0,39.0,73.6,74.2,73.9,2.8,22.6,24.9,74.2,0,0,0,
2026-04-17,20:48:02,maceta2,65.0,62.0,56.8,58.6,57.7,1.5,5.9,,,0,0,0,Lectura invalida de DHT
2026-04-17,21:48:37,maceta1,40.0,39.0,73.5,74.1,73.8,22.2,19.7,24.8,73.2,0,0,0,
2026-04-17,21:48:37,maceta2,65.0,62.0,56.6,58.4,57.5,28.6,5.0,,,0,0,0,Lectura invalida de DHT
2026-04-17,22:49:11,maceta1,40.0,39.0,73.3,73.9,73.6,28.8,17.4,,,0,0,0,Lectura invalida de DHT
2026-04-17,22:49:11,maceta2,65.0,63.0,56.4,58.3,57.4,4.3,17.3,,,0,0,0,Lectura invalida de DHT
2026-04-17,23:49:45,maceta1,40.0,39.0,73.2,73.7,73.5,20.4,15.9,24.7,71.7,0,0,0,
2026-04-17,23:49:45,maceta2,66.0,63.0,56.2,58.1,57.2,21.3,13.9,,,0,0,0,Lectura invalida de DHT
2026-04-18,00:50:19,maceta1,40.0,40.0,73.0,73.6,73.3,17.1,25.3,24.6,69.9,0,0,0,
2026-04-18,00:50:19,maceta2,66.0,63.0,56.0,58.0,57.0,2.0,19.8,,,0,0,0,Lectura invalida de DHT
2026-04-18,01:50:53,maceta1,41.0,40.0,72.8,73.6,73.2,28.4,7.0,24.6,68.3,0,0,0,
2026-04-18,01:50:53,maceta2,66.0,63.0,55.9,57.9,56.9,3.2,23.8,,,0,0,0,Lectura invalida de DHT
2026-04-18,02:51:27,maceta1,41.0,40.0,72.7,73.5,73.1,13.3,13.3,,,0,0,0,Lectura invalida de DHT
2026-04-18,02:51:27,maceta2,66.0,63.0,55.8,57.8,56.8,15.3,22.5,,,0,0,0,Lectura invalida de DHT
2026-04-18,03:52:02,maceta1,41.0,40.0,72.6,73.4,73.0,18.0,4.7,,,0,0,0,Lectura invalida de DHT
2026-04-18,03:52:02,maceta2,67.0,63.0,55.6,57.7,56.7,13.9,28.3,,,0,0,0,Lectura invalida de DHT
2026-04-18,04:52:36,maceta1,41.0,40.0,72.6,73.2,72.9,14.3,17.9,,,0,0,0,Lectura invalida de DHT
2026-04-18,04:52:36,maceta2,67.0,64.0,55.5,57.5,56.5,28.5,11.9,,,0,0,0,Lectura invalida de DHT
2026-04-18,05:53:10,maceta1,41.0,41.0,72.5,73.0,72.7,28.0,7.5,24.3,66.1,0,0,0,
2026-04-18,05:53:10,maceta2,67.0,64.0,55.3,57.5,56.4,28.3,6.2,,,0,0,0,Lectura invalida de DHT
2026-04-18,06:53:44,maceta1,41.0,41.0,72.4,72.8,72.6,6057.4,19624.9,24.2,66.1,1,0,0,
2026-04-18,06:53:44,maceta2,67.0,64.0,55.2,57.4,56.3,5850.2,21167.9,,,1,0,0,Lectura invalida de DHT
2026-04-18,07:54:18,maceta1,42.0,41.0,72.3,72.7,72.5,6242.6,19183.4,,,1,0,0,Lectura invalida de DHT
2026-04-18,07:54:18,maceta2,67.0,64.0,55.1,57.2,56.2,6086.7,20682.5,,,1,0,0,Lectura invalida de DHT
2026-04-18,08:54:49,maceta1,42.0,41.0,72.1,72.5,72.3,6243.5,20657.9,23.5,69.4,1,0,0,
2026-04-18,08:54:49,maceta2,68.0,64.0,54.9,57.0,56.0,6017.9,19117.4,,,1,0,0,Lectura invalida de DHT
2026-04-18,09:55:20,maceta1,42.0,42.0,71.9,72.3,72.1,6175.0,20488.4,23.5,69.6,1,0,0,
2026-04-18,09:55:20,maceta2,68.0,65.0,54.7,56.8,55.8,6274.0,20415.8,,,1,0,0,Lectura invalida de DHT
2026-04-18,10:55:52,maceta1,42.0,42.0,71.7,72.2,71.9,5863.2,20037.9,23.5,70.2,1,0,0,
2026-04-18,10:55:52,maceta2,68.0,65.0,54.7,56.7,55.7,6224.0,20908.2,,,1,0,0,Lectura invalida de DHT
2026-04-18,11:56:23,maceta1,43.0,42.0,71.5,72.0,71.7,6384.7,20055.5,23.6,71.0,1,0,0,
2026-04-18,11:56:23,maceta2,68.0,65.0,54.6,56.5,55.5,6055.2,19341.3,,,1,0,0,Lectura invalida de DHT
2026-04-18,12:56:54,maceta1,43.0,42.0,71.2,71.8,71.5,6024.5,20962.7,,,1,0,0,Lectura invalida de DHT
2026-04-18,12:56:54,maceta2,68.0,65.0,54.5,56.4,55.5,5952.5,19571.7,,,1,0,0,Lectura invalida de DHT
2026-04-18,13:57:25,maceta1,43.0,42.0,71.2,71.7,71.4,5930.6,19489.3,24.1,86.0,1,0,0,
2026-04-18,13:57:25,maceta2,69.0,65.0,54.3,56.4,55.3,6491.6,21206.2,,,1,0,0,Lectura invalida de DHT
2026-04-18,14:57:56,maceta1,43.0,43.0,71.0,71.5,71.2,5828.5,21050.6,24.2,90.3,1,0,0,
2026-04-18,14:57:56,maceta2,69.0,66.0,54.3,56.3,55.3,6117.8,19050.3,,,1,0,0,Lectura invalida de DHT
2026-04-18,15:58:27,maceta1,44.0,43.0,70.9,71.3,71.1,6213.6,20621.9,24.4,86.0,1,0,0,
2026-04-18,15:58:27,maceta2,69.0,66.0,54.2,56.1,55.1,6281.8,20881.8,,,1,0,0,Lectura invalida de DHT
2026-04-18,16:58:58,maceta1,44.0,43.0,70.7,71.2,71.0,6274.3,20047.4,24.3,84.0,1,0,0,
2026-04-18,16:58:58,maceta2,69.0,66.0,54.0,56.0,55.0,5898.4,20184.4,,,1,0,0,Lectura invalida de DHT
2026-04-18,17:59:29,maceta1,44.0,43.0,70.7,71.0,70.9,5811.6,20145.1,24.3,89.7,1,0,0,
2026-04-18,17:59:29,maceta2,69.0,66.0,53.9,55.8,54.9,6139.9,20116.9,,,1,0,0,Lectura invalida de DHT
2026-04-18,19:00:00,maceta1,44.0,44.0,70.5,70.9,70.7,2.3,10.0,24.2,87.0,0,0,0,
2026-04-18,19:00:00,maceta2,69.0,67.0,53.8,55.6,54.7,23.4,16.5,,,0,0,0,Lectura invalida de DHT
2026-04-18,20:00:32,maceta1,45.0,44.0,70.3,70.8,70.6,15.0,14.1,24.1,90.7,0,0,0,
2026-04-18,20:00:32,maceta2,70.0,67.0,53.7,55.5,54.6,18.1,3.3,,,0,0,0,Lectura invalida de DHT
2026-04-18,21:01:06,maceta1,45.0,44.0,70.3,70.6,70.5,20.6,0.8,25.6,77.9,0,0,0,
2026-04-18,21:01:06,maceta2,70.0,67.0,53.4,55.3,54.4,13.6,8.7,,,0,0,0,Lectura invalida de DHT
2026-04-18,22:01:40,maceta1,45.0,44.0,70.1,70.5,70.3,23.8,2.8,25.8,75.3,0,0,0,
2026-04-18,22:01:40,maceta2,70.0,67.0,53.3,55.2,54.3,10.7,6.2,,,0,0,0,Lectura invalida de DHT
2026-04-18,23:02:14,maceta1,45.0,45.0,69.9,70.2,70.1,17.5,20.6,25.7,75.8,0,0,0,
2026-04-18,23:02:14,maceta2,70.0,67.0,53.2,55.1,54.2,28.4,11.9,,,0,0,0,Lectura invalida de DHT
2026-04-19,00:02:48,maceta1,45.0,45.0,69.8,70.1,70.0,27.3,12.9,25.7,74.5,0,0,0,
2026-04-19,00:02:48,maceta2,71.0,68.0,53.0,54.9,53.9,18.1,3.3,,,0,0,0,Lectura invalida de DHT
2026-04-19,01:03:22,maceta1,46.0,45.0,69.6,69.9,69.8,28.3,25.9,25.8,73.3,0,0,0,
2026-04-19,01:03:22,maceta2,71.0,68.0,52.9,54.8,53.8,17.4,1.0,,,0,0,0,Lectura invalida de DHT
2026-04-19,02:03:57,maceta1,46.0,45.0,69.4,69.8,69.6,1.9,20.8,25.8,76.7,0,0,0,
2026-04-19,02:03:57,maceta2,71.0,68.0,52.7,54.7,53.7,7.0,19.7,,,0,0,0,Lectura invalida de DHT
2026-04-19,03:04:31,maceta1,46.0,46.0,69.3,69.6,69.5,12.1,0.2,,,0,0,0,Lectura invalida de DHT
2026-04-19,03:04:31,maceta2,71.0,68.0,52.5,54.5,53.5,1.4,18.3,,,0,0,0,Lectura invalida de DHT
2026-04-19,04:05:05,maceta1,46.0,46.0,69.1,69.5,69.3,0.7,18.5,25.5,74.1,0,0,0,
2026-04-19,04:05:05,maceta2,71.0,69.0,52.3,54.3,53.3,28.4,21.3,,,0,0,0,Lectura invalida de DHT
2026-04-19,05:05:39,maceta1,46.0,46.0,69.1,69.3,69.2,9.9,2.8,,,0,0,0,Lectura invalida de DHT
2026-04-19,05:05:39,maceta2,72.0,69.0,52.1,54.1,53.1,9.4,19.8,,,0,0,0,Lectura invalida de DHT
2026-04-19,06:06:13,maceta1,47.0,46.0,69.0,69.2,69.1,6158.5,19641.6,25.4,72.4,1,0,0,
2026-04-19,06:06:13,maceta2,72.0,69.0,52.0,53.8,52.9,5819.3,19017.7,,,1,0,0,Lectura invalida de DHT
2026-04-19,07:06:47,maceta1,47.0,46.0,68.9,69.1,69.0,5958.5,20880.3,25.2,74.1,1,0,0,
2026-04-19,07:06:47,maceta2,72.0,69.0,52.0,53.7,52.8,6153.8,21048.5,,,1,0,0,Lectura invalida de DHT
2026-04-19,08:07:19,maceta1,47.0,46.0,68.7,69.0,68.9,6251.6,20282.2,,,1,0,0,Lectura invalida de DHT
2026-04-19,08:07:19,maceta2,72.0,70.0,51.9,53.5,52.7,6474.8,19899.6,,,1,0,0,Lectura invalida de DHT
2026-04-19,09:07:50,maceta1,47.0,47.0,68.7,68.9,68.8,5922.1,19802.1,,,1,0,0,Lectura invalida de DHT
2026-04-19,09:07:50,maceta2,72.0,70.0,51.8,53.3,52.6,6068.9,20351.9,,,1,0,0,Lectura invalida de DHT
2026-04-19,10:08:21,maceta1,47.0,47.0,68.6,68.8,68.7,6283.7,20490.1,23.3,85.7,1,0,0,
2026-04-19,10:08:21,maceta2,73.0,70.0,51.7,53.3,52.5,5827.3,20693.3,,,1,0,0,Lectura invalida de DHT
2026-04-19,11:08:52,maceta1,47.0,47.0,68.5,68.6,68.5,6070.7,21489.3,23.3,87.4,1,0,0,
2026-04-19,11:08:52,maceta2,73.0,70.0,51.5,53.0,52.3,5821.7,20756.6,,,1,0,0,Lectura invalida de DHT
2026-04-19,12:09:23,maceta1,47.0,47.0,68.4,68.5,68.5,6455.7,20088.2,23.1,86.5,1,0,0,
2026-04-19,12:09:23,maceta2,73.0,71.0,51.3,53.0,52.1,6071.6,21390.0,,,1,0,0,Lectura invalida de DHT
2026-04-19,13:09:54,maceta1,48.0,47.0,68.3,68.4,68.4,5896.3,21301.7,22.9,85.9,1,0,0,
2026-04-19,13:09:54,maceta2,73.0,71.0,51.1,52.8,51.9,5912.0,20328.3,,,1,0,0,Lectura invalida de DHT
2026-04-19,14:10:25,maceta1,48.0,48.0,68.1,68.3,68.2,6038.7,19862.5,22.5,81.9,1,0,0,
2026-04-19,14:10:25,maceta2,74.0,71.0,50.9,52.7,51.8,5816.3,19999.3,,,1,0,0,Lectura invalida de DHT
2026-04-19,15:10:56,maceta1,48.0,48.0,67.9,68.2,68.1,5879.4,19136.8,,,1,0,0,Lectura invalida de DHT
2026-04-19,15:10:56,maceta2,74.0,71.0,50.8,52.5,51.6,6329.3,21384.3,,,1,0,0,Lectura invalida de DHT
2026-04-19,16:11:27,maceta1,48.0,48.0,67.8,68.1,68.0,6447.3,19510.6,22.1,83.5,1,0,0,
2026-04-19,16:11:27,maceta2,74.0,71.0,50.7,52.4,51.5,6121.0,20605.3,,,1,0,0,Lectura invalida de DHT
2026-04-19,17:11:59,maceta1,49.0,48.0,67.6,68.0,67.8,6414.1,20046.7,21.9,83.2,1,0,0,
2026-04-19,17:11:59,maceta2,74.0,72.0,50.5,52.3,51.4,6002.5,19745.4,,,1,0,0,Lectura invalida de DHT
2026-04-19,18:12:30,maceta1,49.0,48.0,67.5,67.9,67.7,16.1,23.4,,,0,0,0,Lectura invalida de DHT
2026-04-19,18:12:30,maceta2,75.0,72.0,50.2,52.2,51.2,13.3,3.4,,,0,0,0,Lectura invalida de DHT
2026-04-19,19:13:01,maceta1,49.0,49.0,67.4,67.7,67.5,27.3,29.7,,,0,0,0,Lectura invalida de DHT
2026-04-19,19:13:01,maceta2,75.0,72.0,50.1,52.1,51.1,3.4,8.7,,,0,0,0,Lectura invalida de DHT
2026-04-19,20:13:35,maceta1,49.0,49.0,67.3,67.4,67.4,25.4,15.9,,,0,0,0,Lectura invalida de DHT
2026-04-19,20:13:35,maceta2,75.0,72.0,49.9,51.9,50.9,25.1,3.9,,,0,0,1,Lectura invalida de DHT
2026-04-19,21:14:09,maceta1,49.0,49.0,67.1,67.3,67.2,3.8,20.5,,,0,0,0,Lectura invalida de DHT
2026-04-19,21:14:09,maceta2,23.0,22.0,84.6,85.3,85.0,0.8,25.3,,,0,0,0,Lectura invalida de DHT
2026-04-19,22:14:43,maceta1,49.0,49.0,67.0,67.1,67.1,2.8,7.1,,,0,0,0,Lectura invalida de DHT
2026-04-19,22:14:43,maceta2,23.0,22.0,84.5,85.1,84.8,25.0,22.4,,,0,0,0,Lectura invalida de DHT
2026-04-19,23:15:17,maceta1,50.0,50.0,67.0,67.0,67.0,17.7,13.1,,,0,0,0,Lectura invalida de DHT
2026-04-19,23:15:17,maceta2,24.0,22.0,84.2,85.0,84.6,4.2,6.0,,,0,0,0,Lectura invalida de DHT
2026-04-20,00:15:52,maceta1,50.0,50.0,66.8,66.8,66.8,16.0,25.7,,,0,0,0,Lectura invalida de DHT
2026-04-20,00:15:52,maceta2,24.0,23.0,84.0,84.8,84.4,26.6,10.2,,,0,0,0,Lectura invalida de DHT
2026-04-20,01:16:26,maceta1,50.0,50.0,66.6,66.6,66.6,8.0,5.0,,,0,0,0,Lectura invalida de DHT
2026-04-20,01:16:26,maceta2,24.0,23.0,84.0,84.6,84.3,21.9,29.0,,,0,0,0,Lectura invalida de DHT
2026-04-20,02:17:00,maceta1,50.0,50.0,66.5,66.5,66.5,27.0,8.0,,,0,0,0,Lectura invalida de DHT
2026-04-20,02:17:00,maceta2,24.0,23.0,83.8,84.4,84.1,4.9,17.8,,,0,0,0,Lectura invalida de DHT
2026-04-20,03:17:34,maceta1,50.0,51.0,66.5,66.3,66.4,27.8,13.4,,,0,0,0,Lectura invalida de DHT
2026-04-20,03:17:34,maceta2,24.0,24.0,83.7,84.2,84.0,17.0,24.0,,,0,0,0,Lectura invalida de DHT
2026-04-20,04:18:08,maceta1,51.0,51.0,66.2,66.2,66.2,12.1,21.4,,,0,0,0,Lectura invalida de DHT
2026-04-20,04:18:08,maceta2,25.0,24.0,83.7,84.0,83.8,9.4,7.9,,,0,0,0,Lectura invalida de DHT
2026-04-20,05:18:42,maceta1,51.0,51.0,66.1,66.0,66.1,26.7,11.3,,,0,0,0,Lectura invalida de DHT
2026-04-20,05:18:42,maceta2,25.0,24.0,83.4,83.9,83.7,5.3,6.3,,,0,0,0,Lectura invalida de DHT
2026-04-20,06:19:17,maceta1,51.0,51.0,65.9,65.9,65.9,5980.6,19549.1,,,1,0,0,Lectura invalida de DHT
2026-04-20,06:19:17,maceta2,25.0,24.0,83.2,83.8,83.5,6430.1,19316.2,,,1,0,0,Lectura invalida de DHT
2026-04-20,07:19:51,maceta1,51.0,52.0,65.9,65.6,65.7,6262.0,19000.6,,,1,0,0,Lectura invalida de DHT
2026-04-20,07:19:51,maceta2,26.0,24.0,83.0,83.7,83.3,5881.3,21106.4,,,1,0,0,Lectura invalida de DHT
2026-04-20,08:20:22,maceta1,52.0,52.0,65.6,65.5,65.6,6372.1,21287.5,,,1,0,0,Lectura invalida de DHT
2026-04-20,08:20:22,maceta2,26.0,25.0,82.8,83.5,83.2,6469.1,19905.5,,,1,0,0,Lectura invalida de DHT
2026-04-20,09:20:53,maceta1,52.0,52.0,65.4,65.4,65.4,6188.6,21109.7,,,1,0,0,Lectura invalida de DHT
2026-04-20,09:20:53,maceta2,26.0,25.0,82.8,83.4,83.1,6019.8,20651.2,,,1,0,0,Lectura invalida de DHT
2026-04-20,10:21:24,maceta1,52.0,52.0,65.3,65.3,65.3,6170.8,20855.7,,,1,0,0,Lectura invalida de DHT
2026-04-20,10:21:24,maceta2,26.0,25.0,82.6,83.3,83.0,6421.9,20177.0,,,1,0,0,Lectura invalida de DHT
2026-04-20,11:21:55,maceta1,52.0,52.0,65.1,65.1,65.1,5969.3,19419.5,,,1,0,0,Lectura invalida de DHT
2026-04-20,11:21:55,maceta2,26.0,25.0,82.5,83.0,82.8,6222.1,19497.3,,,1,0,0,Lectura invalida de DHT
2026-04-20,12:22:26,maceta1,52.0,53.0,65.0,64.8,64.9,5865.2,19300.9,,,1,0,0,Lectura invalida de DHT
2026-04-20,12:22:26,maceta2,26.0,26.0,82.4,82.9,82.7,6378.7,20504.2,,,1,0,0,Lectura invalida de DHT
2026-04-20,13:22:57,maceta1,53.0,53.0,64.9,64.6,64.8,6428.1,19169.0,,,1,0,0,Lectura invalida de DHT
2026-04-20,13:22:57,maceta2,27.0,26.0,82.3,82.7,82.5,6488.8,19151.7,,,1,0,0,Lectura invalida de DHT
2026-04-20,14:23:29,maceta1,53.0,53.0,64.8,64.6,64.7,6430.3,20810.1,,,1,0,0,Lectura invalida de DHT
2026-04-20,14:23:29,maceta2,27.0,26.0,82.1,82.5,82.3,6001.9,20033.4,,,1,0,0,Lectura invalida de DHT
2026-04-20,15:24:00,maceta1,53.0,54.0,64.7,64.3,64.5,6243.2,21322.0,,,1,0,0,Lectura invalida de DHT
2026-04-20,15:24:00,maceta2,27.0,26.0,82.0,82.4,82.2,6472.8,20366.5,,,1,0,0,Lectura invalida de DHT
2026-04-20,15:53:44,maceta1,53.0,54.0,64.5,64.1,64.3,6037.3,20076.3,,,1,0,0,Lectura invalida de DHT
2026-04-20,15:53:44,maceta2,27.0,27.0,81.8,82.2,82.0,6072.6,20090.1,,,1,0,0,Lectura invalida de DHT
2026-04-20,15:55:33,maceta1,53.0,54.0,64.4,64.0,64.2,6044.4,19297.9,,,1,0,0,Lectura invalida de DHT
2026-04-20,15:55:33,maceta2,28.0,27.0,81.6,82.1,81.9,6069.9,20871.7,,,1,0,0,Lectura invalida de DHT
2026-04-20,16:56:03,maceta1,54.0,54.0,64.2,63.8,64.0,6308.2,20281.0,,,1,0,0,Lectura invalida de DHT
2026-04-20,16:56:03,maceta2,28.0,27.0,81.5,82.1,81.8,6038.3,21069.8,,,1,0,0,Lectura invalida de DHT
2026-04-20,17:31:17,maceta1,54.0,55.0,64.1,63.6,63.9,6428.0,19872.1,,,1,0,0,Lectura invalida de DHT
2026-04-20,17:31:17,maceta2,28.0,27.0,81.3,82.0,81.7,6179.0,20928.1,,,1,0,0,Lectura invalida de DHT
2026-04-20,17:32:03,maceta1,54.0,55.0,64.0,63.5,63.8,6421.0,19937.1,,,1,0,0,Lectura invalida de DHT
2026-04-20,17:32:03,maceta2,28.0,27.0,81.2,81.9,81.5,5907.9,19097.0,,,1,0,0,Lectura invalida de DHT
2026-04-20,17:34:11,maceta1,54.0,55.0,63.7,63.3,63.5,6345.9,20553.3,,,1,0,0,Lectura invalida de DHT
2026-04-20,17:34:11,maceta2,28.0,27.0,81.1,81.7,81.4,6187.6,19485.3,,,1,0,0,Lectura invalida de DHT
2026-04-20,17:38:12,maceta1,54.0,55.0,63.7,63.1,63.4,6249.4,20796.8,,,1,0,0,Lectura invalida de DHT
2026-04-20,17:38:12,maceta2,29.0,28.0,80.9,81.5,81.2,6179.2,20341.5,,,1,0,0,Lectura invalida de DHT
2026-04-20,17:41:19,maceta1,55.0,56.0,63.5,63.0,63.2,5858.9,19276.5,,,1,0,0,Lectura invalida de DHT
2026-04-20,17:41:19,maceta2,29.0,28.0,80.8,81.4,81.1,6333.3,21337.1,,,1,0,0,Lectura invalida de DHT
2026-04-20,17:42:14,maceta1,55.0,56.0,63.4,62.8,63.1,5913.1,19089.0,,,1,0,0,Lectura invalida de DHT
2026-04-20,17:42:14,maceta2,29.0,28.0,80.7,81.3,81.0,6383.6,21087.4,,,1,0,0,Lectura invalida de DHT
2026-04-20,17:44:48,maceta1,55.0,56.0,63.2,62.7,62.9,6429.0,21485.8,,,1,0,0,Lectura invalida de DHT
2026-04-20,17:44:48,maceta2,29.0,28.0,80.5,81.1,80.8,6108.3,21106.3,,,1,0,0,Lectura invalida de DHT
2026-04-20,17:54:12,maceta1,55.0,56.0,63.1,62.6,62.8,6224.5,19581.8,,,1,0,0,Lectura invalida de DHT
2026-04-20,17:54:12,maceta2,30.0,29.0,80.3,81.0,80.6,6011.6,19758.0,,,1,0,0,Lectura invalida de DHT
2026-04-20,17:55:18,maceta1,56.0,56.0,62.9,62.5,62.7,5806.4,19134.6,,,1,0,0,Lectura invalida de DHT
2026-04-20,17:55:18,maceta2,30.0,29.0,80.1,80.8,80.5,5981.5,20073.6,,,1,0,0,Lectura invalida de DHT
2026-04-20,17:55:59,maceta1,56.0,57.0,62.8,62.3,62.6,5871.0,19474.7,,,1,0,0,Lectura invalida de DHT
2026-04-20,17:55:59,maceta2,30.0,29.0,80.0,80.6,80.3,5936.2,20176.8,,,1,0,0,Lectura invalida de DHT
2026-04-20,18:08:02,maceta1,56.0,57.0,62.6,62.2,62.4,11.5,27.8,,,0,0,0,Lectura invalida de DHT
2026-04-20,18:08:02,maceta2,30.0,29.0,79.9,80.5,80.2,25.8,23.5,,,0,0,0,Lectura invalida de DHT
2026-04-20,19:08:12,maceta1,56.0,57.0,62.5,62.0,62.3,22.1,2.8,,,0,0,0,Lectura invalida de DHT
2026-04-20,19:08:12,maceta2,30.0,29.0,79.7,80.4,80.1,12.1,20.6,,,0,0,0,Lectura invalida de DHT
2026-04-20,20:08:48,maceta1,56.0,57.0,62.4,61.8,62.1,14.3,11.1,,,0,0,0,Lectura invalida de DHT
2026-04-20,20:08:48,maceta2,31.0,30.0,79.6,80.3,79.9,12.0,20.4,,,0,0,0,Lectura invalida de DHT
2026-04-20,21:09:01,maceta1,57.0,57.0,62.2,61.7,61.9,3.7,21.3,,,0,0,0,Lectura invalida de DHT
2026-04-20,21:09:01,maceta2,31.0,30.0,79.3,80.1,79.7,5.1,16.6,,,0,0,0,Lectura invalida de DHT
2026-04-20,22:09:35,maceta1,57.0,58.0,62.1,61.5,61.8,27.8,6.8,,,0,0,0,Lectura invalida de DHT
2026-04-20,22:09:35,maceta2,31.0,30.0,79.2,79.9,79.6,11.5,16.9,,,0,0,0,Lectura invalida de DHT
2026-04-20,23:09:48,maceta1,57.0,58.0,61.9,61.4,61.6,13.6,19.7,,,0,0,0,Lectura invalida de DHT
2026-04-20,23:09:48,maceta2,31.0,30.0,79.2,79.8,79.5,26.1,22.1,,,0,0,0,Lectura invalida de DHT
2026-04-21,00:10:22,maceta1,57.0,58.0,61.7,61.2,61.4,22.0,4.9,,,0,0,0,Lectura invalida de DHT
2026-04-21,00:10:22,maceta2,32.0,30.0,78.9,79.7,79.3,10.9,8.1,,,0,0,0,Lectura invalida de DHT
2026-04-21,01:10:56,maceta1,58.0,59.0,61.5,61.0,61.2,11.0,1.7,,,0,0,0,Lectura invalida de DHT
2026-04-21,01:10:56,maceta2,32.0,31.0,78.8,79.5,79.2,28.5,10.6,,,0,0,0,Lectura invalida de DHT
2026-04-21,02:11:30,maceta1,58.0,59.0,61.3,60.8,61.0,0.6,3.6,,,0,0,0,Lectura invalida de DHT
2026-04-21,02:11:30,maceta2,32.0,31.0,78.6,79.3,79.0,28.4,26.1,,,0,0,0,Lectura invalida de DHT
2026-04-21,03:11:43,maceta1,58.0,59.0,61.1,60.7,60.9,3.0,27.9,,,0,0,0,Lectura invalida de DHT
2026-04-21,03:11:43,maceta2,32.0,31.0,78.4,79.1,78.7,4.3,9.3,,,0,0,0,Lectura invalida de DHT
2026-04-21,04:12:17,maceta1,59.0,59.0,61.0,60.4,60.7,14.9,16.6,,,0,0,0,Lectura invalida de DHT
2026-04-21,04:12:17,maceta2,32.0,32.0,78.3,78.9,78.6,5.3,16.4,,,0,0,0,Lectura invalida de DHT
2026-04-21,05:12:51,maceta1,59.0,60.0,60.8,60.2,60.5,20.7,23.9,,,0,0,0,Lectura invalida de DHT
2026-04-21,05:12:51,maceta2,33.0,32.0,78.2,78.8,78.5,25.9,21.1,,,0,0,0,Lectura invalida de DHT
2026-04-21,06:13:25,maceta1,59.0,60.0,60.7,60.0,60.4,6264.5,19097.4,,,1,0,0,Lectura invalida de DHT
2026-04-21,06:13:25,maceta2,33.0,32.0,78.0,78.7,78.3,5840.4,19393.4,,,1,0,0,Lectura invalida de DHT
2026-04-21,07:13:38,maceta1,59.0,60.0,60.6,59.9,60.3,5803.5,19979.5,,,1,0,0,Lectura invalida de DHT
2026-04-21,07:13:38,maceta2,33.0,32.0,77.9,78.6,78.2,6039.7,19077.7,,,1,0,0,Lectura invalida de DHT
2026-04-21,08:14:12,maceta1,59.0,60.0,60.5,59.8,60.2,5912.6,21006.0,,,1,0,0,Lectura invalida de DHT
2026-04-21,08:14:12,maceta2,33.0,32.0,77.8,78.3,78.1,5989.2,21367.3,,,1,0,0,Lectura invalida de DHT
2026-04-21,09:14:46,maceta1,59.0,61.0,60.5,59.6,60.1,6184.1,19853.1,,,1,0,0,Lectura invalida de DHT
2026-04-21,09:14:46,maceta2,34.0,33.0,77.6,78.2,77.9,6476.5,19601.8,,,1,0,0,Lectura invalida de DHT
2026-04-21,10:15:20,maceta1,59.0,61.0,60.4,59.6,60.0,6284.3,20110.5,,,1,0,0,Lectura invalida de DHT
2026-04-21,10:15:20,maceta2,34.0,33.0,77.5,78.0,77.7,6190.4,19599.9,,,1,0,0,Lectura invalida de DHT
2026-04-21,11:15:30,maceta1,60.0,61.0,60.3,59.5,59.9,6256.4,20689.0,,,1,0,0,Lectura invalida de DHT
2026-04-21,11:15:30,maceta2,34.0,33.0,77.3,77.8,77.6,6043.1,19208.4,,,1,0,0,Lectura invalida de DHT
2026-04-21,12:16:04,maceta1,60.0,61.0,60.0,59.4,59.7,5957.0,20272.2,,,1,0,0,Lectura invalida de DHT
2026-04-21,12:16:04,maceta2,34.0,34.0,77.1,77.6,77.3,6206.3,21321.3,,,1,0,0,Lectura invalida de DHT
2026-04-21,13:16:14,maceta1,60.0,61.0,59.9,59.1,59.5,6298.5,21153.6,,,1,0,0,Lectura invalida de DHT
2026-04-21,13:16:14,maceta2,35.0,34.0,76.8,77.4,77.1,5897.4,20449.3,,,1,0,0,Lectura invalida de DHT
2026-04-21,14:16:48,maceta1,60.0,62.0,59.7,58.9,59.3,5966.1,21165.1,,,1,0,0,Lectura invalida de DHT
2026-04-21,14:16:48,maceta2,35.0,34.0,76.6,77.3,76.9,6110.8,20667.6,,,1,0,0,Lectura invalida de DHT
2026-04-21,15:17:22,maceta1,61.0,62.0,59.5,58.7,59.1,6027.8,19024.8,,,1,0,0,Lectura invalida de DHT
2026-04-21,15:17:22,maceta2,35.0,34.0,76.3,77.0,76.7,6238.4,21278.9,,,1,0,0,Lectura invalida de DHT
2026-04-21,16:17:56,maceta1,61.0,62.0,59.5,58.5,59.0,6322.5,20945.1,,,1,0,0,Lectura invalida de DHT
2026-04-21,16:17:56,maceta2,36.0,35.0,76.1,76.8,76.5,6142.2,19864.1,,,1,0,0,Lectura invalida de DHT
2026-04-21,17:49:12,maceta1,61.0,63.0,59.2,58.3,58.8,6254.7,20151.8,21.3,53.4,1,0,0,
2026-04-21,17:49:12,maceta2,36.0,35.0,76.0,76.7,76.4,6081.2,20553.8,,,1,0,0,Lectura invalida de DHT
2026-04-21,17:49:37,maceta1,61.0,63.0,59.1,58.1,58.6,6394.5,21472.1,20.1,59.8,1,0,0,
2026-04-21,17:49:37,maceta2,36.0,35.0,75.9,76.5,76.2,6495.7,19097.0,,,1,0,0,Lectura invalida de DHT
2026-04-21,17:51:11,maceta1,62.0,63.0,59.0,58.0,58.5,6260.3,20208.1,20.1,60.6,1,0,0,
2026-04-21,17:51:11,maceta2,36.0,35.0,75.8,76.4,76.1,6416.2,19466.9,,,1,0,0,Lectura invalida de DHT
2026-04-21,17:51:50,maceta1,62.0,63.0,58.8,57.9,58.3,6197.8,21467.2,20.1,65.7,1,0,0,
2026-04-21,17:51:50,maceta2,37.0,36.0,75.6,76.2,75.9,6236.4,21078.1,,,1,0,0,Lectura invalida de DHT
2026-04-21,17:52:30,maceta1,62.0,64.0,58.6,57.7,58.1,5865.6,20886.4,20.1,63.2,1,0,0,
2026-04-21,17:52:30,maceta2,37.0,36.0,75.4,76.0,75.7,6198.6,20916.9,,,1,0,0,Lectura invalida de DHT
2026-04-21,18:01:38,maceta1,62.0,64.0,58.5,57.6,58.0,10.0,10.0,20.1,63.3,0,0,0,
2026-04-21,18:01:38,maceta2,37.0,36.0,75.2,75.9,75.5,11.8,30.0,,,0,0,0,Lectura invalida de DHT
2026-04-21,18:02:15,maceta1,63.0,64.0,58.3,57.4,57.8,20.9,17.8,19.8,62.5,0,0,0,
2026-04-21,18:02:15,maceta2,38.0,36.0,74.9,75.8,75.4,0.1,13.1,,,0,0,0,Lectura invalida de DHT
2026-04-21,18:07:50,maceta1,63.0,64.0,58.2,57.2,57.7,21.0,14.8,19.7,62.1,0,0,0,
2026-04-21,18:07:50,maceta2,38.0,37.0,74.9,75.5,75.2,8.2,12.8,,,0,0,0,Lectura invalida de DHT
2026-04-21,18:11:53,maceta1,63.0,64.0,58.1,57.0,57.6,21.1,28.4,19.8,66.2,0,0,0,
2026-04-21,18:11:53,maceta2,38.0,37.0,74.7,75.4,75.0,17.9,25.3,,,0,0,0,Lectura invalida de DHT
2026-04-21,18:25:48,maceta1,63.0,65.0,58.0,56.9,57.4,14.8,22.4,19.8,65.2,0,0,0,
2026-04-21,18:25:48,maceta2,38.0,37.0,74.5,75.2,74.9,24.0,24.2,,,0,0,0,Lectura invalida de DHT
2026-04-21,19:38:22,maceta1,63.0,65.0,57.9,56.7,57.3,27.4,21.9,19.7,67.4,0,0,0,
2026-04-21,19:38:22,maceta2,38.0,37.0,74.4,75.2,74.8,4.0,21.9,,,0,0,0,Lectura invalida de DHT
2026-04-21,19:58:42,maceta1,63.0,65.0,57.7,56.7,57.2,14.7,1.4,19.8,62.3,0,0,0,
2026-04-21,19:58:42,maceta2,39.0,37.0,74.2,75.0,74.6,3.3,13.9,,,0,0,0,Lectura invalida de DHT
2026-04-21,20:53:56,maceta1,64.0,65.0,57.5,56.5,57.0,13.5,16.5,19.5,67.2,0,0,0,
2026-04-21,20:53:56,maceta2,39.0,38.0,74.1,74.8,74.5,27.7,9.7,,,0,0,0,Lectura invalida de DHT
2026-04-21,20:56:32,maceta1,64.0,65.0,57.2,56.4,56.8,6.0,14.0,19.5,75.5,0,0,0,
2026-04-21,20:56:32,maceta2,39.0,38.0,73.8,74.7,74.2,22.5,18.3,,,0,0,0,Lectura invalida de DHT
2026-04-21,20:57:35,maceta1,64.0,66.0,57.2,56.3,56.7,9.2,27.8,19.7,73.2,0,0,0,
2026-04-21,20:57:35,maceta2,40.0,38.0,73.6,74.5,74.0,17.7,26.3,,,0,0,0,Lectura invalida de DHT
2026-04-21,21:00:40,maceta1,65.0,66.0,56.9,56.1,56.5,1.3,7.7,19.8,69.2,0,0,0,
2026-04-21,21:00:40,maceta2,40.0,38.0,73.4,74.4,73.9,23.1,26.5,,,0,0,0,Lectura invalida de DHT
2026-04-21,22:00:47,maceta1,65.0,66.0,56.8,55.9,56.4,19.0,8.1,20.0,67.5,0,0,0,
2026-04-21,22:00:47,maceta2,40.0,39.0,73.3,74.3,73.8,12.9,3.3,,,0,0,0,Lectura invalida de DHT
2026-04-21,23:00:58,maceta1,65.0,67.0,56.7,55.7,56.2,7.5,12.3,20.9,57.3,0,0,0,
2026-04-21,23:00:58,maceta2,40.0,39.0,73.2,74.1,73.6,22.8,12.9,,,0,0,0,Lectura invalida de DHT
2026-04-22,00:01:32,maceta1,65.0,67.0,56.4,55.4,55.9,9.1,7.3,20.8,56.8,0,0,0,
2026-04-22,00:01:32,maceta2,40.0,39.0,73.1,73.8,73.4,11.2,13.9,,,0,0,0,Lectura invalida de DHT
2026-04-22,01:01:42,maceta1,66.0,67.0,56.2,55.2,55.7,23.1,3.9,,,0,0,0,Lectura invalida de DHT
2026-04-22,01:01:42,maceta2,41.0,39.0,72.8,73.8,73.3,7.3,29.3,,,0,0,0,Lectura invalida de DHT
2026-04-22,02:02:16,maceta1,66.0,68.0,56.1,55.0,55.5,9.8,25.7,,,0,0,0,Lectura invalida de DHT
2026-04-22,02:02:16,maceta2,41.0,40.0,72.7,73.6,73.1,21.9,20.3,,,0,0,0,Lectura invalida de DHT
2026-04-22,03:02:49,maceta1,66.0,68.0,55.9,54.7,55.3,7.3,16.7,20.5,60.1,0,0,0,
2026-04-22,03:02:49,maceta2,41.0,40.0,72.6,73.5,73.0,12.6,12.2,,,0,0,0,Lectura invalida de DHT
2026-04-22,04:03:00,maceta1,66.0,68.0,55.8,54.7,55.2,5.1,25.8,20.3,60.2,0,0,0,
2026-04-22,04:03:00,maceta2,41.0,40.0,72.4,73.2,72.8,29.4,0.8,,,0,0,0,Lectura invalida de DHT
2026-04-22,05:03:33,maceta1,67.0,68.0,55.6,54.5,55.0,23.2,24.9,20.3,61.2,0,0,0,
2026-04-22,05:03:33,maceta2,42.0,40.0,72.2,73.1,72.6,10.5,17.0,,,0,0,0,Lectura invalida de DHT
2026-04-22,06:03:44,maceta1,67.0,68.0,55.5,54.3,54.9,6057.4,19621.5,,,1,0,0,Lectura invalida de DHT
2026-04-22,06:03:44,maceta2,42.0,41.0,72.0,72.9,72.5,6234.5,19876.6,,,1,0,0,Lectura invalida de DHT
2026-04-22,07:04:17,maceta1,67.0,69.0,55.3,54.2,54.8,5985.6,20346.0,19.9,61.6,1,0,0,
2026-04-22,07:04:17,maceta2,42.0,41.0,71.9,72.8,72.3,5940.9,19942.0,,,1,0,0,Lectura invalida de DHT
2026-04-22,08:04:51,maceta1,67.0,69.0,55.2,54.1,54.7,5970.8,21480.3,20.0,62.5,1,0,0,
2026-04-22,08:04:51,maceta2,42.0,41.0,71.8,72.5,72.2,6076.6,20333.9,,,1,0,0,Lectura invalida de DHT
2026-04-22,09:05:02,maceta1,68.0,69.0,55.0,53.9,54.4,6481.1,21143.8,20.2,63.2,1,0,0,
2026-04-22,09:05:02,maceta2,43.0,41.0,71.6,72.3,72.0,5827.6,19000.6,,,1,0,0,Lectura invalida de DHT
2026-04-22,10:05:31,maceta1,68.0,69.0,54.9,53.7,54.3,6075.2,19243.4,18.2,73.8,1,0,0,
2026-04-22,10:05:31,maceta2,43.0,42.0,71.3,72.2,71.8,6132.9,19603.1,,,1,0,0,Lectura invalida de DHT
2026-04-22,11:06:00,maceta1,68.0,69.0,54.7,53.7,54.2,6424.4,20765.9,18.1,77.2,1,0,0,
2026-04-22,11:06:00,maceta2,43.0,42.0,71.3,72.0,71.6,6180.1,19520.6,,,1,0,0,Lectura invalida de DHT
2026-04-22,12:06:29,maceta1,68.0,70.0,54.6,53.5,54.0,6241.8,19863.9,,,1,0,0,Lectura invalida de DHT
2026-04-22,12:06:29,maceta2,43.0,42.0,71.0,71.9,71.4,5959.4,19626.2,,,1,0,0,Lectura invalida de DHT
2026-04-22,13:07:00,maceta1,68.0,70.0,54.4,53.3,53.9,6356.4,19017.5,18.3,84.3,1,0,0,
2026-04-22,13:07:00,maceta2,44.0,43.0,71.0,71.6,71.3,6474.8,21014.8,,,1,0,0,Lectura invalida de DHT
2026-04-22,14:07:07,maceta1,69.0,70.0,54.3,53.2,53.8,6151.8,20008.7,18.3,70.2,1,0,0,
2026-04-22,14:07:07,maceta2,44.0,43.0,70.9,71.5,71.2,6436.6,19699.2,,,1,0,0,Lectura invalida de DHT
2026-04-22,15:07:13,maceta1,69.0,70.0,54.1,53.1,53.6,6203.8,19586.9,18.2,72.3,1,0,0,
2026-04-22,15:07:13,maceta2,44.0,43.0,70.8,71.3,71.0,6305.5,19478.8,,,1,0,0,Lectura invalida de DHT
2026-04-22,16:07:20,maceta1,69.0,70.0,53.9,53.0,53.5,6144.8,21047.2,18.2,69.9,1,0,0,
2026-04-22,16:07:20,maceta2,44.0,43.0,70.7,71.0,70.8,6173.4,20260.7,,,1,0,0,Lectura invalida de DHT
2026-04-22,17:07:27,maceta1,69.0,71.0,53.8,52.9,53.3,5936.7,19843.3,18.1,76.9,1,0,0,
2026-04-22,17:07:27,maceta2,44.0,44.0,70.5,70.9,70.7,6409.0,21164.1,,,1,0,0,Lectura invalida de DHT
2026-04-22,18:07:35,maceta1,69.0,71.0,53.7,52.8,53.2,3.9,8.5,17.9,82.8,0,0,0,
2026-04-22,18:07:35,maceta2,45.0,44.0,70.3,70.8,70.6,27.7,2.9,,,0,0,0,Lectura invalida de DHT
2026-04-22,19:08:05,maceta1,70.0,71.0,53.6,52.6,53.1,13.6,16.4,17.7,83.0,0,0,0,
2026-04-22,19:08:05,maceta2,45.0,44.0,70.1,70.7,70.4,28.0,25.0,,,0,0,0,Lectura invalida de DHT
2026-04-22,20:08:35,maceta1,70.0,71.0,53.4,52.5,53.0,15.2,2.5,17.4,81.1,0,0,0,
2026-04-22,20:08:35,maceta2,45.0,44.0,69.9,70.6,70.3,7.3,22.6,,,0,0,0,Lectura invalida de DHT
2026-04-22,21:09:04,maceta1,70.0,71.0,53.2,52.5,52.8,20.6,27.5,17.3,82.9,0,0,0,
2026-04-22,21:09:04,maceta2,45.0,44.0,69.8,70.4,70.1,23.9,13.8,,,0,0,0,Lectura invalida de DHT
2026-04-22,22:09:38,maceta1,70.0,72.0,53.1,52.3,52.7,19.0,12.1,,,0,0,0,Lectura invalida de DHT
2026-04-22,22:09:38,maceta2,46.0,44.0,69.7,70.4,70.0,13.0,12.9,,,0,0,0,Lectura invalida de DHT
2026-04-22,23:09:49,maceta1,71.0,72.0,52.9,52.1,52.5,24.3,11.8,,,0,0,0,Lectura invalida de DHT
2026-04-22,23:09:49,maceta2,46.0,45.0,69.5,70.2,69.8,27.5,26.9,,,0,0,0,Lectura invalida de DHT
2026-04-23,00:10:22,maceta1,71.0,72.0,52.9,51.9,52.4,1.3,9.1,19.5,73.0,0,0,0,
2026-04-23,00:10:22,maceta2,46.0,45.0,69.4,70.0,69.7,13.5,8.7,,,0,0,0,Lectura invalida de DHT
2026-04-23,01:10:33,maceta1,71.0,72.0,52.7,51.8,52.3,8.9,13.8,,,0,0,0,Lectura invalida de DHT
2026-04-23,01:10:33,maceta2,46.0,45.0,69.2,70.0,69.6,22.3,7.5,,,0,0,0,Lectura invalida de DHT
2026-04-23,02:11:06,maceta1,71.0,73.0,52.6,51.6,52.1,8.4,7.6,19.2,72.0,0,0,0,
2026-04-23,02:11:06,maceta2,46.0,45.0,69.0,69.8,69.4,14.0,28.2,,,0,0,0,Lectura invalida de DHT
2026-04-23,03:11:39,maceta1,71.0,73.0,52.4,51.6,52.0,4.4,11.2,,,0,0,0,Lectura invalida de DHT
2026-04-23,03:11:39,maceta2,47.0,45.0,69.0,69.7,69.3,6.8,24.3,,,0,0,0,Lectura invalida de DHT
2026-04-23,04:11:50,maceta1,72.0,73.0,52.3,51.5,51.9,8.7,24.0,18.8,70.4,0,0,0,
2026-04-23,04:11:50,maceta2,47.0,46.0,68.8,69.5,69.2,6.0,24.6,,,0,0,0,Lectura invalida de DHT
2026-04-23,05:12:23,maceta1,72.0,73.0,52.1,51.2,51.7,9.3,25.0,18.6,68.2,0,0,0,
2026-04-23,05:12:23,maceta2,47.0,46.0,68.7,69.3,69.0,12.8,5.9,,,0,0,0,Lectura invalida de DHT
2026-04-23,06:12:34,maceta1,72.0,73.0,52.0,51.1,51.5,6305.7,21068.8,,,1,0,0,Lectura invalida de DHT
2026-04-23,06:12:34,maceta2,47.0,46.0,68.5,69.2,68.9,5891.5,19603.4,,,1,0,0,Lectura invalida de DHT
2026-04-23,07:13:07,maceta1,72.0,74.0,51.8,50.9,51.3,5996.5,19001.5,18.1,67.7,1,0,0,
2026-04-23,07:13:07,maceta2,47.0,47.0,68.4,68.9,68.7,6353.4,19196.3,,,1,0,0,Lectura invalida de DHT
2026-04-23,08:13:41,maceta1,73.0,74.0,51.6,50.8,51.2,5817.0,19769.5,18.0,67.3,1,0,0,
2026-04-23,08:13:41,maceta2,48.0,47.0,68.3,68.8,68.5,5887.4,19891.0,,,1,0,0,Lectura invalida de DHT
2026-04-23,09:13:51,maceta1,73.0,74.0,51.4,50.7,51.0,6251.8,19602.9,,,1,0,0,Lectura invalida de DHT
2026-04-23,09:13:51,maceta2,48.0,47.0,68.1,68.7,68.4,6355.9,20869.1,,,1,0,0,Lectura invalida de DHT
2026-04-23,10:14:21,maceta1,73.0,74.0,51.3,50.4,50.9,5924.0,19583.9,16.3,79.2,1,0,0,
2026-04-23,10:14:21,maceta2,48.0,47.0,68.1,68.6,68.4,5993.0,20376.7,,,1,0,0,Lectura invalida de DHT
2026-04-23,11:14:50,maceta1,73.0,75.0,51.1,50.2,50.6,6458.3,19170.5,16.7,81.8,1,0,0,
2026-04-23,11:14:50,maceta2,48.0,47.0,68.0,68.6,68.3,6414.0,21042.0,,,1,0,0,Lectura invalida de DHT
2026-04-23,12:15:19,maceta1,74.0,75.0,50.9,50.1,50.5,6467.8,19467.8,17.1,78.5,1,0,0,
2026-04-23,12:15:19,maceta2,48.0,48.0,67.7,68.3,68.0,6460.8,21399.0,,,1,0,0,Lectura invalida de DHT
2026-04-23,13:15:49,maceta1,74.0,75.0,50.8,50.0,50.4,6440.4,20388.9,17.6,66.9,1,0,1,
2026-04-23,13:15:49,maceta2,48.0,48.0,67.7,68.2,67.9,5904.2,20981.7,,,1,0,0,Lectura invalida de DHT
2026-04-23,14:16:18,maceta1,24.0,24.0,83.9,83.8,83.9,6059.1,19728.4,18.1,65.4,1,0,0,
2026-04-23,14:16:18,maceta2,49.0,48.0,67.6,68.1,67.9,6123.9,20509.5,,,1,0,0,Lectura invalida de DHT
2026-04-23,15:16:47,maceta1,24.0,25.0,83.7,83.7,83.7,5810.8,20043.5,18.7,55.1,1,0,0,
2026-04-23,15:16:47,maceta2,49.0,48.0,67.5,68.0,67.7,6486.7,20233.4,,,1,0,0,Lectura invalida de DHT
2026-04-23,16:17:16,maceta1,25.0,25.0,83.6,83.4,83.5,6449.8,19942.2,19.0,64.9,1,0,0,
2026-04-23,16:17:16,maceta2,49.0,48.0,67.3,67.9,67.6,6138.4,19100.2,,,1,0,0,Lectura invalida de DHT
2026-04-23,16:57:18,maceta1,25.0,25.0,83.3,83.4,83.3,6099.7,21189.8,19.4,59.7,1,0,0,
2026-04-23,16:57:18,maceta2,49.0,48.0,67.1,67.8,67.4,6404.5,21460.8,,,1,0,0,Lectura invalida de DHT
2026-04-23,17:26:46,maceta1,25.0,25.0,83.2,83.3,83.3,6476.7,21263.2,19.8,66.7,1,0,0,
2026-04-23,17:26:46,maceta2,49.0,49.0,67.1,67.5,67.3,6212.1,19958.7,,,1,0,0,Lectura invalida de DHT
2026-04-23,17:36:20,maceta1,25.0,25.0,83.1,83.2,83.1,6474.5,20232.4,19.8,67.7,1,0,0,
2026-04-23,17:36:20,maceta2,49.0,49.0,67.0,67.3,67.1,6062.7,19380.6,,,1,0,0,Lectura invalida de DHT
2026-04-23,17:56:49,maceta1,26.0,25.0,82.9,83.0,82.9,6397.1,19825.4,,,1,0,0,Lectura invalida de DHT
2026-04-23,17:56:49,maceta2,50.0,49.0,66.9,67.1,67.0,6000.0,20666.8,,,1,0,0,Lectura invalida de DHT
2026-04-23,18:11:20,maceta1,26.0,26.0,82.7,82.8,82.7,15.7,9.1,,,0,0,0,Lectura invalida de DHT
2026-04-23,18:11:20,maceta2,50.0,49.0,66.7,67.0,66.9,22.7,4.3,,,0,0,0,Lectura invalida de DHT
2026-04-23,18:20:19,maceta1,26.0,26.0,82.5,82.7,82.6,19.9,14.1,,,0,0,0,Lectura invalida de DHT
2026-04-23,18:20:19,maceta2,50.0,50.0,66.5,66.8,66.7,18.2,0.8,,,0,0,0,Lectura invalida de DHT
2026-04-23,18:53:20,maceta1,26.0,26.0,82.5,82.5,82.5,11.4,26.2,,,0,0,0,Lectura invalida de DHT
2026-04-23,18:53:20,maceta2,50.0,50.0,66.5,66.6,66.6,20.7,7.1,,,0,0,0,Lectura invalida de DHT
2026-04-23,18:54:20,maceta1,27.0,26.0,82.3,82.4,82.3,21.6,1.6,,,0,0,0,Lectura invalida de DHT
2026-04-23,18:54:20,maceta2,50.0,50.0,66.4,66.5,66.5,8.5,23.2,,,0,0,0,Lectura invalida de DHT
2026-04-23,18:55:06,maceta1,27.0,27.0,82.1,82.2,82.1,10.1,26.7,,,0,0,0,Lectura invalida de DHT
2026-04-23,18:55:06,maceta2,50.0,51.0,66.3,66.3,66.3,14.4,7.2,21.6,52.1,0,0,0,
2026-04-23,18:55:52,maceta1,27.0,27.0,81.9,82.0,81.9,8.7,6.6,,,0,0,0,Lectura invalida de DHT
2026-04-23,18:55:52,maceta2,51.0,51.0,66.3,66.3,66.3,1.3,21.9,21.0,52.8,0,0,0,
2026-04-23,18:56:38,maceta1,28.0,27.0,81.7,81.9,81.8,16.2,20.4,,,0,0,0,Lectura invalida de DHT
2026-04-23,18:56:38,maceta2,51.0,51.0,66.1,66.1,66.1,24.5,7.6,20.6,53.8,0,0,0,
2026-04-23,18:57:24,maceta1,28.0,27.0,81.6,81.8,81.7,0.7,17.5,19.7,57.8,0,0,0,
2026-04-23,18:57:24,maceta2,51.0,51.0,66.0,66.1,66.0,29.7,11.9,20.3,54.6,0,0,0,
2026-04-23,18:58:10,maceta1,28.0,28.0,81.5,81.7,81.6,2.4,16.6,20.0,83.9,0,0,0,
2026-04-23,18:58:10,maceta2,51.0,51.0,65.8,65.9,65.8,12.2,29.5,20.0,54.8,0,0,0,
2026-04-23,18:58:56,maceta1,28.0,28.0,81.4,81.4,81.4,12.5,25.8,20.3,74.9,0,0,0,
2026-04-23,18:58:56,maceta2,52.0,51.0,65.6,65.8,65.7,0.3,7.3,,,0,0,0,Lectura invalida de DHT
2026-04-23,18:59:42,maceta1,28.0,28.0,81.2,81.2,81.2,28.3,3.0,20.4,65.0,0,0,0,
2026-04-23,18:59:42,maceta2,52.0,52.0,65.5,65.6,65.5,5.1,11.3,,,0,0,0,Lectura invalida de DHT
2026-04-23,19:00:50,maceta1,28.0,28.0,81.1,81.1,81.1,21.6,10.4,20.4,63.4,0,0,0,
2026-04-23,19:00:50,maceta2,52.0,52.0,65.4,65.5,65.4,19.6,9.0,19.5,55.9,0,0,0,
2026-04-23,19:01:57,maceta1,29.0,29.0,81.0,80.9,81.0,2.6,16.1,,,0,0,0,Lectura invalida de DHT
2026-04-23,19:01:57,maceta2,52.0,52.0,65.3,65.4,65.3,18.4,3.3,,,0,0,0,Lectura invalida de DHT
2026-04-23,19:04:54,maceta1,29.0,29.0,80.9,80.8,80.9,25.4,24.3,20.3,68.6,0,0,0,
2026-04-23,19:04:54,maceta2,52.0,52.0,65.0,65.3,65.2,23.6,14.7,,,0,0,0,Lectura invalida de DHT
2026-04-23,19:05:39,maceta1,29.0,29.0,80.8,80.7,80.8,22.0,6.5,20.2,69.4,0,0,0,
2026-04-23,19:05:39,maceta2,53.0,52.0,64.9,65.2,65.1,7.6,11.4,,,0,0,0,Lectura invalida de DHT
2026-04-23,19:06:49,maceta1,29.0,29.0,80.6,80.6,80.6,18.3,24.1,,,0,0,0,Lectura invalida de DHT
2026-04-23,19:06:49,maceta2,53.0,52.0,64.8,65.1,65.0,22.9,20.8,,,0,0,0,Lectura invalida de DHT
2026-04-23,19:07:35,maceta1,29.0,30.0,80.5,80.3,80.4,24.6,12.0,20.2,70.2,0,0,0,
2026-04-23,19:07:35,maceta2,53.0,52.0,64.6,65.0,64.8,20.6,24.5,,,0,0,0,Lectura invalida de DHT
2026-04-23,20:07:51,maceta1,29.0,30.0,80.4,80.1,80.3,12.1,5.7,20.3,66.6,0,0,0,
2026-04-23,20:07:51,maceta2,53.0,53.0,64.3,64.9,64.6,9.7,16.3,,,0,0,0,Lectura invalida de DHT
2026-04-23,21:08:34,maceta1,30.0,30.0,80.2,79.9,80.0,6.6,22.8,,,0,0,0,Lectura invalida de DHT
2026-04-23,21:08:34,maceta2,54.0,53.0,64.1,64.8,64.5,16.4,1.0,,,0,0,0,Lectura invalida de DHT
2026-04-23,22:08:52,maceta1,30.0,30.0,80.1,79.7,79.9,15.4,2.7,,,0,0,0,Lectura invalida de DHT
2026-04-23,22:08:52,maceta2,54.0,53.0,64.1,64.5,64.3,4.4,18.6,,,0,0,0,Lectura invalida de DHT
2026-04-23,23:09:11,maceta1,30.0,31.0,79.9,79.5,79.7,16.5,15.4,,,0,0,0,Lectura invalida de DHT
2026-04-23,23:09:11,maceta2,54.0,53.0,64.0,64.4,64.2,13.6,1.7,,,0,0,0,Lectura invalida de DHT
2026-04-24,00:09:30,maceta1,30.0,31.0,79.8,79.4,79.6,16.1,1.9,,,0,0,0,Lectura invalida de DHT
2026-04-24,00:09:30,maceta2,54.0,54.0,63.8,64.3,64.0,26.4,18.5,,,0,0,0,Lectura invalida de DHT
2026-04-24,01:10:10,maceta1,31.0,31.0,79.6,79.3,79.5,17.0,10.7,,,0,0,0,Lectura invalida de DHT
2026-04-24,01:10:10,maceta2,55.0,54.0,63.6,64.1,63.9,12.6,20.6,,,0,0,0,Lectura invalida de DHT
2026-04-24,02:10:51,maceta1,31.0,31.0,79.3,79.1,79.2,28.5,18.0,,,0,0,0,Lectura invalida de DHT
2026-04-24,02:10:51,maceta2,55.0,54.0,63.4,63.9,63.6,25.2,5.9,,,0,0,0,Lectura invalida de DHT
2026-04-24,03:11:31,maceta1,31.0,32.0,79.2,79.0,79.1,27.1,16.7,,,0,0,0,Lectura invalida de DHT
2026-04-24,03:11:31,maceta2,55.0,54.0,63.3,63.7,63.5,17.7,24.6,,,0,0,0,Lectura invalida de DHT
2026-04-24,04:12:11,maceta1,31.0,32.0,79.1,78.7,78.9,26.3,12.1,,,0,0,0,Lectura invalida de DHT
2026-04-24,04:12:11,maceta2,55.0,55.0,63.1,63.5,63.3,5.8,27.3,,,0,0,0,Lectura invalida de DHT
2026-04-24,05:12:52,maceta1,31.0,32.0,79.0,78.5,78.8,24.0,12.9,,,0,0,0,Lectura invalida de DHT
2026-04-24,05:12:52,maceta2,56.0,55.0,62.9,63.4,63.1,17.4,24.4,,,0,0,0,Lectura invalida de DHT
2026-04-24,06:13:32,maceta1,32.0,33.0,78.8,78.3,78.6,6006.1,19267.0,,,1,0,0,Lectura invalida de DHT
2026-04-24,06:13:32,maceta2,56.0,55.0,62.8,63.3,63.0,5942.3,19710.7,,,1,0,0,Lectura invalida de DHT
2026-04-24,07:14:12,maceta1,32.0,33.0,78.6,78.1,78.4,6069.6,21383.5,,,1,0,0,Lectura invalida de DHT
2026-04-24,07:14:12,maceta2,56.0,55.0,62.5,63.1,62.8,6333.3,20464.4,,,1,0,0,Lectura invalida de DHT
2026-04-24,08:14:53,maceta1,32.0,33.0,78.5,78.0,78.3,6395.8,19150.6,,,1,0,0,Lectura invalida de DHT
2026-04-24,08:14:53,maceta2,57.0,56.0,62.3,62.9,62.6,6070.6,20466.9,,,1,0,0,Lectura invalida de DHT
2026-04-24,09:15:30,maceta1,32.0,33.0,78.5,77.8,78.1,6021.8,19744.1,,,1,0,0,Lectura invalida de DHT
2026-04-24,09:15:30,maceta2,57.0,56.0,62.1,62.6,62.4,6157.9,20114.3,,,1,0,0,Lectura invalida de DHT
2026-04-24,10:15:46,maceta1,33.0,34.0,78.3,77.6,77.9,5918.6,19745.2,,,1,0,0,Lectura invalida de DHT
2026-04-24,10:15:46,maceta2,57.0,56.0,61.8,62.4,62.1,6144.6,21090.3,,,1,0,0,Lectura invalida de DHT
2026-04-24,11:16:01,maceta1,33.0,34.0,78.1,77.4,77.8,6189.8,19801.0,,,1,0,0,Lectura invalida de DHT
2026-04-24,11:16:01,maceta2,58.0,56.0,61.7,62.4,62.0,6204.1,19662.4,,,1,0,0,Lectura invalida de DHT
2026-04-24,12:16:39,maceta1,33.0,34.0,78.0,77.3,77.7,6455.3,19410.7,,,1,0,0,Lectura invalida de DHT
2026-04-24,12:16:39,maceta2,58.0,57.0,61.6,62.3,61.9,6405.9,20121.6,,,1,0,0,Lectura invalida de DHT
2026-04-24,13:17:16,maceta1,33.0,34.0,77.9,77.1,77.5,6287.2,20957.9,,,1,0,0,Lectura invalida de DHT
2026-04-24,13:17:16,maceta2,58.0,57.0,61.5,62.2,61.9,6486.5,20344.2,,,1,0,0,Lectura invalida de DHT
2026-04-24,14:17:53,maceta1,33.0,35.0,77.8,76.9,77.4,6199.0,19306.2,,,1,0,0,Lectura invalida de DHT
2026-04-24,14:17:53,maceta2,58.0,57.0,61.3,62.0,61.7,6085.3,20659.1,,,1,0,0,Lectura invalida de DHT
2026-04-24,15:18:09,maceta1,34.0,35.0,77.6,76.8,77.2,5868.0,20587.3,,,1,0,0,Lectura invalida de DHT
2026-04-24,15:18:09,maceta2,58.0,57.0,61.2,61.8,61.5,6379.3,20959.9,,,1,0,0,Lectura invalida de DHT
2026-04-24,16:18:25,maceta1,34.0,35.0,77.6,76.7,77.1,6230.5,19309.6,,,1,0,0,Lectura invalida de DHT
2026-04-24,16:18:25,maceta2,58.0,57.0,61.0,61.8,61.4,6335.2,19987.0,,,1,0,0,Lectura invalida de DHT
2026-04-24,17:19:02,maceta1,34.0,35.0,77.5,76.5,77.0,6493.0,19176.3,,,1,0,0,Lectura invalida de DHT
2026-04-24,17:19:02,maceta2,59.0,58.0,60.8,61.6,61.2,6201.5,20615.1,,,1,0,0,Lectura invalida de DHT
2026-04-24,18:19:39,maceta1,34.0,36.0,77.4,76.3,76.8,28.3,6.8,,,0,0,0,Lectura invalida de DHT
2026-04-24,18:19:39,maceta2,59.0,58.0,60.6,61.5,61.1,15.2,9.2,,,0,0,0,Lectura invalida de DHT
2026-04-24,19:19:55,maceta1,34.0,36.0,77.2,76.2,76.7,3.0,13.7,,,0,0,0,Lectura invalida de DHT
2026-04-24,19:19:55,maceta2,59.0,58.0,60.5,61.3,60.9,12.0,17.6,,,0,0,0,Lectura invalida de DHT
2026-04-24,20:20:11,maceta1,35.0,36.0,77.0,76.0,76.5,8.0,28.6,,,0,0,0,Lectura invalida de DHT
2026-04-24,20:20:11,maceta2,59.0,58.0,60.4,61.1,60.7,3.6,27.4,,,0,0,0,Lectura invalida de DHT
2026-04-24,21:20:29,maceta1,35.0,36.0,76.8,75.9,76.3,14.9,25.5,,,0,0,0,Lectura invalida de DHT
2026-04-24,21:20:29,maceta2,60.0,59.0,60.3,60.9,60.6,12.5,9.6,,,0,0,0,Lectura invalida de DHT
2026-04-24,22:20:48,maceta1,35.0,36.0,76.7,75.8,76.3,25.4,4.4,,,0,0,0,Lectura invalida de DHT
2026-04-24,22:20:48,maceta2,60.0,59.0,60.1,60.7,60.4,2.2,24.6,,,0,0,0,Lectura invalida de DHT
2026-04-24,23:21:07,maceta1,35.0,37.0,76.6,75.6,76.1,15.2,0.9,,,0,0,0,Lectura invalida de DHT
2026-04-24,23:21:07,maceta2,60.0,59.0,60.0,60.6,60.3,3.0,0.3,,,0,0,0,Lectura invalida de DHT
2026-04-25,00:21:47,maceta1,35.0,37.0,76.4,75.4,75.9,22.4,28.0,,,0,0,0,Lectura invalida de DHT
2026-04-25,00:21:47,maceta2,60.0,59.0,59.8,60.5,60.2,12.5,0.1,,,0,0,0,Lectura invalida de DHT
2026-04-25,01:22:28,maceta1,36.0,37.0,76.3,75.3,75.8,4.2,15.8,,,0,0,0,Lectura invalida de DHT
2026-04-25,01:22:28,maceta2,61.0,60.0,59.6,60.3,60.0,9.2,22.8,,,0,0,0,Lectura invalida de DHT
2026-04-25,02:23:08,maceta1,36.0,37.0,76.1,75.2,75.7,7.6,16.1,,,0,0,0,Lectura invalida de DHT
2026-04-25,02:23:08,maceta2,61.0,60.0,59.5,60.2,59.9,27.8,22.8,,,0,0,0,Lectura invalida de DHT
2026-04-25,03:23:48,maceta1,36.0,37.0,76.0,75.0,75.5,22.0,23.4,,,0,0,0,Lectura invalida de DHT
2026-04-25,03:23:48,maceta2,61.0,60.0,59.3,60.0,59.7,11.3,23.7,,,0,0,0,Lectura invalida de DHT
2026-04-25,04:24:29,maceta1,36.0,38.0,75.9,74.9,75.4,4.9,9.4,,,0,0,0,Lectura invalida de DHT
2026-04-25,04:24:29,maceta2,61.0,60.0,59.2,59.8,59.5,22.7,27.9,,,0,0,0,Lectura invalida de DHT
2026-04-25,05:25:09,maceta1,36.0,38.0,75.8,74.7,75.3,10.5,14.5,,,0,0,0,Lectura invalida de DHT
2026-04-25,05:25:09,maceta2,61.0,60.0,59.0,59.7,59.4,15.9,3.5,,,0,0,0,Lectura invalida de DHT
2026-04-25,06:25:49,maceta1,37.0,38.0,75.6,74.6,75.1,5898.1,21273.6,,,1,0,0,Lectura invalida de DHT
2026-04-25,06:25:49,maceta2,62.0,61.0,58.9,59.6,59.3,6469.2,19376.5,,,1,0,0,Lectura invalida de DHT
2026-04-25,07:26:30,maceta1,37.0,38.0,75.4,74.5,74.9,6162.8,19475.3,,,1,0,0,Lectura invalida de DHT
2026-04-25,07:26:30,maceta2,62.0,61.0,58.8,59.4,59.1,5940.3,21331.6,,,1,0,0,Lectura invalida de DHT
2026-04-25,08:27:10,maceta1,37.0,38.0,75.1,74.4,74.8,6414.2,21053.1,,,1,0,0,Lectura invalida de DHT
2026-04-25,08:27:10,maceta2,62.0,61.0,58.6,59.2,58.9,5876.5,19957.6,,,1,0,0,Lectura invalida de DHT
2026-04-25,09:27:47,maceta1,38.0,39.0,75.0,74.2,74.6,6318.5,20361.6,,,1,0,0,Lectura invalida de DHT
2026-04-25,09:27:47,maceta2,62.0,61.0,58.6,59.0,58.8,6397.8,20823.8,,,1,0,0,Lectura invalida de DHT
2026-04-25,10:28:03,maceta1,38.0,39.0,74.8,74.1,74.4,6287.9,19194.6,,,1,0,0,Lectura invalida de DHT
2026-04-25,10:28:03,maceta2,62.0,62.0,58.4,59.0,58.7,6107.4,19050.9,,,1,0,0,Lectura invalida de DHT
2026-04-25,11:22:30,maceta1,38.0,39.0,74.6,73.8,74.2,6291.7,21388.6,,,1,0,0,Lectura invalida de DHT
2026-04-25,11:22:30,maceta2,63.0,62.0,58.3,58.8,58.5,6392.9,19513.0,,,1,0,0,Lectura invalida de DHT
2026-04-25,11:23:33,maceta1,38.0,39.0,74.5,73.7,74.1,6051.6,19617.4,,,1,0,0,Lectura invalida de DHT
2026-04-25,11:23:33,maceta2,63.0,62.0,58.2,58.7,58.4,6425.2,20217.7,,,1,0,0,Lectura invalida de DHT
2026-04-25,11:28:07,maceta1,39.0,40.0,74.3,73.6,73.9,6005.5,21149.1,,,1,0,0,Lectura invalida de DHT
2026-04-25,11:28:07,maceta2,63.0,62.0,58.1,58.6,58.4,5843.7,21195.6,,,1,0,0,Lectura invalida de DHT
2026-04-25,11:28:47,maceta1,39.0,40.0,74.2,73.4,73.8,6366.6,19422.0,,,1,0,0,Lectura invalida de DHT
2026-04-25,11:28:47,maceta2,63.0,62.0,57.9,58.4,58.2,6418.4,20318.1,,,1,0,0,Lectura invalida de DHT
2026-04-25,11:30:07,maceta1,39.0,40.0,73.9,73.2,73.6,6367.1,21134.9,,,1,0,0,Lectura invalida de DHT
2026-04-25,11:30:07,maceta2,63.0,63.0,57.7,58.2,58.0,6113.8,21324.7,,,1,0,0,Lectura invalida de DHT
2026-04-25,11:30:45,maceta1,39.0,40.0,73.9,73.1,73.5,6407.0,19033.1,,,1,0,0,Lectura invalida de DHT
2026-04-25,11:30:45,maceta2,64.0,63.0,57.6,58.0,57.8,6157.3,20209.5,,,1,0,0,Lectura invalida de DHT
2026-04-25,11:31:01,maceta1,40.0,41.0,73.6,72.9,73.3,6439.3,20279.5,,,1,0,0,Lectura invalida de DHT
2026-04-25,11:31:01,maceta2,64.0,63.0,57.5,57.8,57.6,6238.6,20226.1,,,1,0,0,Lectura invalida de DHT
2026-04-25,11:31:38,maceta1,40.0,41.0,73.4,72.8,73.1,6157.9,20923.6,,,1,0,0,Lectura invalida de DHT
2026-04-25,11:31:38,maceta2,64.0,63.0,57.4,57.7,57.5,6448.5,19299.4,,,1,0,0,Lectura invalida de DHT
2026-04-25,11:31:53,maceta1,40.0,41.0,73.2,72.6,72.9,6151.1,21337.0,,,1,0,0,Lectura invalida de DHT
2026-04-25,11:31:53,maceta2,64.0,64.0,57.3,57.6,57.5,5813.4,21006.6,,,1,0,0,Lectura invalida de DHT
2026-04-25,11:32:30,maceta1,40.0,41.0,73.1,72.5,72.8,6358.8,21273.0,,,1,0,0,Lectura invalida de DHT
2026-04-25,11:32:30,maceta2,64.0,64.0,57.3,57.5,57.4,6133.8,19617.4,,,1,0,0,Lectura invalida de DHT
2026-04-25,11:33:07,maceta1,41.0,42.0,72.9,72.3,72.6,6255.0,21049.1,,,1,0,0,Lectura invalida de DHT
2026-04-25,11:33:07,maceta2,64.0,64.0,57.0,57.3,57.2,6281.4,21249.0,,,1,0,0,Lectura invalida de DHT
2026-04-25,11:33:43,maceta1,41.0,42.0,72.7,72.1,72.4,6291.4,21220.5,,,1,0,0,Lectura invalida de DHT
2026-04-25,11:33:43,maceta2,65.0,64.0,56.8,57.2,57.0,6305.9,21277.1,,,1,0,0,Lectura invalida de DHT
2026-04-25,11:33:59,maceta1,41.0,42.0,72.5,71.9,72.2,6357.1,19498.0,,,1,0,0,Lectura invalida de DHT
2026-04-25,11:33:59,maceta2,65.0,64.0,56.7,57.1,56.9,6284.8,21358.3,,,1,0,0,Lectura invalida de DHT
2026-04-25,11:34:36,maceta1,42.0,42.0,72.3,71.8,72.0,6423.0,19710.5,,,1,0,0,Lectura invalida de DHT
2026-04-25,11:34:36,maceta2,65.0,64.0,56.4,57.0,56.7,5894.1,20300.6,,,1,0,0,Lectura invalida de DHT
2026-04-25,12:05:48,maceta1,42.0,43.0,72.1,71.6,71.9,6036.6,19722.4,,,1,0,0,Lectura invalida de DHT
2026-04-25,12:05:48,maceta2,66.0,65.0,56.2,56.8,56.5,6009.6,20692.7,,,1,0,0,Lectura invalida de DHT
2026-04-25,13:06:21,maceta1,42.0,43.0,72.0,71.5,71.7,6062.9,19942.6,,,1,0,0,Lectura invalida de DHT
2026-04-25,13:06:21,maceta2,66.0,65.0,56.1,56.7,56.4,6051.1,20946.3,,,1,0,0,Lectura invalida de DHT
2026-04-25,14:06:55,maceta1,42.0,43.0,71.9,71.3,71.6,5865.8,19983.3,,,1,0,0,Lectura invalida de DHT
2026-04-25,14:06:55,maceta2,66.0,65.0,56.0,56.5,56.2,6363.1,19327.5,,,1,0,0,Lectura invalida de DHT
2026-04-25,15:07:04,maceta1,42.0,43.0,71.8,71.2,71.5,6204.8,20361.4,,,1,0,0,Lectura invalida de DHT
2026-04-25,15:07:04,maceta2,66.0,66.0,55.8,56.3,56.0,5995.1,20502.4,,,1,0,0,Lectura invalida de DHT
2026-04-25,16:07:14,maceta1,43.0,44.0,71.6,71.0,71.3,5825.2,19399.7,,,1,0,0,Lectura invalida de DHT
2026-04-25,16:07:14,maceta2,67.0,66.0,55.6,56.1,55.9,5947.5,19085.7,,,1,0,0,Lectura invalida de DHT
2026-04-25,17:07:48,maceta1,43.0,44.0,71.4,70.8,71.1,6125.9,20728.1,,,1,0,0,Lectura invalida de DHT
2026-04-25,17:07:48,maceta2,67.0,66.0,55.6,55.9,55.7,6470.2,20243.9,,,1,0,0,Lectura invalida de DHT
2026-04-25,18:07:57,maceta1,43.0,44.0,71.2,70.6,70.9,7.9,29.1,,,0,0,0,Lectura invalida de DHT
2026-04-25,18:07:57,maceta2,67.0,66.0,55.5,55.8,55.6,21.1,7.0,,,0,0,0,Lectura invalida de DHT
2026-04-25,19:08:32,maceta1,44.0,44.0,71.0,70.3,70.7,10.5,20.2,,,0,0,0,Lectura invalida de DHT
2026-04-25,19:08:32,maceta2,67.0,67.0,55.2,55.6,55.4,7.8,27.1,,,0,0,0,Lectura invalida de DHT
2026-04-25,20:09:06,maceta1,44.0,45.0,70.9,70.1,70.5,21.2,4.6,,,0,0,0,Lectura invalida de DHT
2026-04-25,20:09:06,maceta2,67.0,67.0,55.1,55.5,55.3,28.3,5.3,,,0,0,0,Lectura invalida de DHT
2026-04-25,21:09:43,maceta1,44.0,45.0,70.8,70.0,70.4,11.0,4.0,,,0,0,0,Lectura invalida de DHT
2026-04-25,21:09:43,maceta2,68.0,67.0,54.9,55.3,55.1,15.9,20.5,,,0,0,0,Lectura invalida de DHT
2026-04-25,22:09:59,maceta1,44.0,45.0,70.7,69.8,70.2,16.7,6.1,,,0,0,0,Lectura invalida de DHT
2026-04-25,22:09:59,maceta2,68.0,67.0,54.8,55.2,55.0,24.9,15.9,,,0,0,0,Lectura invalida de DHT
2026-04-25,23:10:15,maceta1,44.0,46.0,70.5,69.5,70.0,3.0,23.0,,,0,0,0,Lectura invalida de DHT
2026-04-25,23:10:15,maceta2,68.0,67.0,54.7,55.1,54.9,11.0,2.5,,,0,0,0,Lectura invalida de DHT
2026-04-26,00:10:52,maceta1,45.0,46.0,70.3,69.3,69.8,24.2,8.9,,,0,0,0,Lectura invalida de DHT
2026-04-26,00:10:52,maceta2,68.0,67.0,54.5,55.0,54.8,3.0,8.6,,,0,0,0,Lectura invalida de DHT
2026-04-26,01:11:29,maceta1,45.0,46.0,70.2,69.1,69.6,11.1,0.6,,,0,0,0,Lectura invalida de DHT
2026-04-26,01:11:29,maceta2,68.0,68.0,54.4,54.9,54.6,20.2,15.6,,,0,0,0,Lectura invalida de DHT
2026-04-26,02:11:45,maceta1,45.0,47.0,70.0,68.8,69.4,19.5,28.3,,,0,0,0,Lectura invalida de DHT
2026-04-26,02:11:45,maceta2,69.0,68.0,54.2,54.8,54.5,0.2,25.6,,,0,0,0,Lectura invalida de DHT
2026-04-26,03:12:01,maceta1,45.0,47.0,69.9,68.7,69.3,21.8,5.1,,,0,0,0,Lectura invalida de DHT
2026-04-26,03:12:01,maceta2,69.0,68.0,54.0,54.7,54.3,14.3,21.2,,,0,0,0,Lectura invalida de DHT
2026-04-26,04:12:16,maceta1,45.0,47.0,69.7,68.4,69.1,6.3,0.3,,,0,0,0,Lectura invalida de DHT
2026-04-26,04:12:16,maceta2,69.0,68.0,53.8,54.4,54.1,5.8,18.7,,,0,0,0,Lectura invalida de DHT
2026-04-26,05:12:54,maceta1,46.0,48.0,69.5,68.2,68.9,26.5,7.1,,,0,0,0,Lectura invalida de DHT
2026-04-26,05:12:54,maceta2,69.0,69.0,53.8,54.3,54.0,18.8,14.9,,,0,0,0,Lectura invalida de DHT
2026-04-26,06:13:31,maceta1,46.0,48.0,69.4,68.0,68.7,6179.9,19418.9,,,1,0,0,Lectura invalida de DHT
2026-04-26,06:13:31,maceta2,70.0,69.0,53.6,54.1,53.9,5806.2,19387.1,,,1,0,0,Lectura invalida de DHT
2026-04-26,07:14:08,maceta1,46.0,48.0,69.2,68.0,68.6,6000.6,19775.8,,,1,0,0,Lectura invalida de DHT
2026-04-26,07:14:08,maceta2,70.0,69.0,53.5,54.0,53.8,6498.5,19457.3,,,1,0,0,Lectura invalida de DHT
2026-04-26,08:14:24,maceta1,46.0,48.0,69.2,67.9,68.5,6213.6,20258.4,,,1,0,0,Lectura invalida de DHT
2026-04-26,08:14:24,maceta2,70.0,69.0,53.3,53.9,53.6,6273.8,19912.6,,,1,0,0,Lectura invalida de DHT
2026-04-26,09:14:33,maceta1,47.0,48.0,69.0,67.8,68.4,5821.4,20991.1,,,1,0,0,Lectura invalida de DHT
2026-04-26,09:14:33,maceta2,70.0,69.0,53.1,53.8,53.4,6379.9,20081.1,,,1,0,0,Lectura invalida de DHT
2026-04-26,10:14:43,maceta1,47.0,48.0,68.8,67.7,68.3,5826.1,20848.7,,,1,0,0,Lectura invalida de DHT
2026-04-26,10:14:43,maceta2,71.0,70.0,53.0,53.6,53.3,6006.2,20557.9,,,1,0,0,Lectura invalida de DHT
2026-04-26,11:15:17,maceta1,47.0,49.0,68.7,67.5,68.1,6375.8,20613.8,,,1,0,0,Lectura invalida de DHT
2026-04-26,11:15:17,maceta2,71.0,70.0,52.9,53.4,53.2,5810.0,19186.1,,,1,0,0,Lectura invalida de DHT
2026-04-26,12:15:27,maceta1,47.0,49.0,68.5,67.4,67.9,6052.1,19389.4,,,1,0,0,Lectura invalida de DHT
2026-04-26,12:15:27,maceta2,71.0,70.0,52.8,53.3,53.1,6316.5,20259.2,,,1,0,0,Lectura invalida de DHT
2026-04-26,13:16:01,maceta1,48.0,49.0,68.3,67.2,67.8,5888.9,20367.6,,,1,0,0,Lectura invalida de DHT
2026-04-26,13:16:01,maceta2,71.0,70.0,52.6,53.1,52.9,6383.9,19456.6,,,1,0,0,Lectura invalida de DHT
2026-04-26,14:16:35,maceta1,48.0,49.0,68.1,67.1,67.6,6165.6,19218.6,,,1,0,0,Lectura invalida de DHT
2026-04-26,14:16:35,maceta2,71.0,71.0,52.4,52.9,52.7,6318.3,20434.9,,,1,0,0,Lectura invalida de DHT
2026-04-26,15:17:09,maceta1,48.0,50.0,68.0,66.9,67.5,6339.0,19943.4,,,1,0,0,Lectura invalida de DHT
2026-04-26,15:17:09,maceta2,72.0,71.0,52.3,52.7,52.5,5900.0,20593.5,,,1,0,0,Lectura invalida de DHT
2026-04-26,16:17:43,maceta1,48.0,50.0,67.9,66.7,67.3,5951.1,20033.8,,,1,0,0,Lectura invalida de DHT
2026-04-26,16:17:43,maceta2,72.0,71.0,52.0,52.5,52.3,6327.4,20391.8,,,1,0,0,Lectura invalida de DHT
2026-04-26,17:17:53,maceta1,48.0,50.0,67.8,66.5,67.1,6236.0,19099.5,,,1,0,0,Lectura invalida de DHT
2026-04-26,17:17:53,maceta2,72.0,71.0,51.8,52.4,52.1,6338.2,20845.7,,,1,0,0,Lectura invalida de DHT
2026-04-26,18:18:27,maceta1,48.0,50.0,67.7,66.4,67.0,18.5,7.1,,,0,0,0,Lectura invalida de DHT
2026-04-26,18:18:27,maceta2,73.0,72.0,51.6,52.3,52.0,29.4,9.0,,,0,0,0,Lectura invalida de DHT
2026-04-26,19:18:37,maceta1,49.0,51.0,67.6,66.2,66.9,12.9,12.7,,,0,0,0,Lectura invalida de DHT
2026-04-26,19:18:37,maceta2,73.0,72.0,51.6,52.2,51.9,13.9,3.6,,,0,0,0,Lectura invalida de DHT
2026-04-26,20:19:11,maceta1,49.0,51.0,67.3,66.0,66.7,5.5,27.6,,,0,0,0,Lectura invalida de DHT
2026-04-26,20:19:11,maceta2,73.0,72.0,51.5,52.1,51.8,24.5,12.3,,,0,0,0,Lectura invalida de DHT
2026-04-26,21:19:48,maceta1,49.0,51.0,67.1,65.8,66.5,28.3,26.4,,,0,0,0,Lectura invalida de DHT
2026-04-26,21:19:48,maceta2,73.0,72.0,51.3,51.9,51.6,15.2,0.9,,,0,0,0,Lectura invalida de DHT
2026-04-26,22:20:26,maceta1,50.0,52.0,66.9,65.6,66.3,22.7,13.7,,,0,0,0,Lectura invalida de DHT
2026-04-26,22:20:26,maceta2,73.0,72.0,51.2,51.7,51.4,14.9,6.3,,,0,0,0,Lectura invalida de DHT
2026-04-26,23:21:03,maceta1,50.0,52.0,66.8,65.4,66.1,6.2,12.3,,,0,0,0,Lectura invalida de DHT
2026-04-26,23:21:03,maceta2,73.0,73.0,51.0,51.5,51.3,27.9,13.0,,,0,0,0,Lectura invalida de DHT
2026-04-27,00:21:19,maceta1,50.0,52.0,66.7,65.4,66.0,10.1,16.7,,,0,0,0,Lectura invalida de DHT
2026-04-27,00:21:19,maceta2,74.0,73.0,50.9,51.3,51.1,26.7,12.6,,,0,0,0,Lectura invalida de DHT
2026-04-27,01:21:34,maceta1,50.0,52.0,66.6,65.1,65.8,24.3,7.3,,,0,0,0,Lectura invalida de DHT
2026-04-27,01:21:34,maceta2,74.0,73.0,50.8,51.3,51.0,23.6,1.3,,,0,0,0,Lectura invalida de DHT
2026-04-27,02:22:11,maceta1,51.0,53.0,66.3,64.9,65.6,20.9,1.6,,,0,0,0,Lectura invalida de DHT
2026-04-27,02:22:11,maceta2,74.0,73.0,50.7,51.1,50.9,8.9,17.7,,,0,0,0,Lectura invalida de DHT
2026-04-27,03:22:49,maceta1,51.0,53.0,66.1,64.7,65.4,23.0,28.2,,,0,0,0,Lectura invalida de DHT
2026-04-27,03:22:49,maceta2,74.0,74.0,50.5,51.0,50.7,16.4,16.5,,,0,0,0,Lectura invalida de DHT
2026-04-27,04:23:04,maceta1,51.0,53.0,66.0,64.6,65.3,13.2,5.6,,,0,0,0,Lectura invalida de DHT
2026-04-27,04:23:04,maceta2,74.0,74.0,50.4,50.8,50.6,6.7,2.3,,,0,0,0,Lectura invalida de DHT
2026-04-27,05:23:20,maceta1,51.0,53.0,66.0,64.5,65.3,21.5,6.0,,,0,0,0,Lectura invalida de DHT
2026-04-27,05:23:20,maceta2,75.0,74.0,50.2,50.7,50.5,13.3,28.3,,,0,0,0,Lectura invalida de DHT
2026-04-27,06:23:36,maceta1,51.0,53.0,65.9,64.4,65.1,5859.7,19685.0,,,1,0,0,Lectura invalida de DHT
2026-04-27,06:23:36,maceta2,75.0,74.0,50.0,50.4,50.2,6261.0,19839.0,,,1,0,0,Lectura invalida de DHT
2026-04-27,07:24:13,maceta1,52.0,54.0,65.7,64.2,64.9,5836.2,21389.1,,,1,0,0,Lectura invalida de DHT
2026-04-27,07:24:13,maceta2,75.0,75.0,49.9,50.3,50.1,6336.3,20912.8,,,1,0,1,Lectura invalida de DHT
2026-04-27,08:24:50,maceta1,52.0,54.0,65.5,63.9,64.7,6171.9,21384.1,,,1,0,0,Lectura invalida de DHT
2026-04-27,08:24:50,maceta2,29.0,27.0,80.9,81.8,81.3,6392.1,20081.9,,,1,0,0,Lectura invalida de DHT
2026-04-27,09:25:25,maceta1,52.0,54.0,65.3,63.7,64.5,6178.4,19880.8,,,1,0,0,Lectura invalida de DHT
2026-04-27,09:25:25,maceta2,29.0,28.0,80.7,81.6,81.1,6229.5,20210.5,,,1,0,0,Lectura invalida de DHT
2026-04-27,10:25:59,maceta1,52.0,55.0,65.2,63.6,64.4,6246.2,19107.8,,,1,0,0,Lectura invalida de DHT
2026-04-27,10:25:59,maceta2,29.0,28.0,80.6,81.5,81.1,5862.0,20620.3,,,1,0,0,Lectura invalida de DHT
2026-04-27,11:26:08,maceta1,53.0,55.0,65.0,63.5,64.2,6308.3,19447.7,,,1,0,0,Lectura invalida de DHT
2026-04-27,11:26:08,maceta2,29.0,28.0,80.5,81.3,80.9,6141.3,19045.9,,,1,0,0,Lectura invalida de DHT
2026-04-27,12:26:43,maceta1,53.0,55.0,64.8,63.4,64.1,6483.1,19980.5,,,1,0,0,Lectura invalida de DHT
2026-04-27,12:26:43,maceta2,30.0,28.0,80.3,81.2,80.7,5854.4,20635.0,,,1,0,0,Lectura invalida de DHT
2026-04-27,13:26:52,maceta1,53.0,55.0,64.6,63.1,63.9,6161.4,21369.4,,,1,0,0,Lectura invalida de DHT
2026-04-27,13:26:52,maceta2,30.0,29.0,80.1,81.0,80.5,6085.3,20546.5,,,1,0,0,Lectura invalida de DHT
2026-04-27,14:27:26,maceta1,53.0,56.0,64.6,62.9,63.7,6026.1,19353.0,,,1,0,0,Lectura invalida de DHT
2026-04-27,14:27:26,maceta2,30.0,29.0,80.0,80.8,80.4,6085.0,19774.6,,,1,0,0,Lectura invalida de DHT
2026-04-27,15:28:01,maceta1,53.0,56.0,64.5,62.8,63.6,6356.6,20908.8,,,1,0,0,Lectura invalida de DHT
2026-04-27,15:28:01,maceta2,30.0,29.0,79.8,80.6,80.2,5846.2,19214.5,,,1,0,0,Lectura invalida de DHT
2026-04-27,16:28:35,maceta1,53.0,56.0,64.4,62.5,63.5,5989.6,19271.7,,,1,0,0,Lectura invalida de DHT
2026-04-27,16:28:35,maceta2,30.0,29.0,79.7,80.5,80.1,6044.2,19227.3,,,1,0,0,Lectura invalida de DHT
2026-04-27,17:29:09,maceta1,53.0,56.0,64.4,62.4,63.4,6107.3,21453.1,,,1,0,0,Lectura invalida de DHT
2026-04-27,17:29:09,maceta2,31.0,30.0,79.6,80.3,79.9,5877.7,21308.1,,,1,0,0,Lectura invalida de DHT
2026-04-27,18:29:19,maceta1,54.0,57.0,64.3,62.3,63.3,11.6,14.2,,,0,0,0,Lectura invalida de DHT
2026-04-27,18:29:19,maceta2,31.0,30.0,79.5,80.1,79.8,14.5,3.0,,,0,0,0,Lectura invalida de DHT
2026-04-27,19:29:53,maceta1,54.0,57.0,64.1,62.2,63.1,6.3,14.7,,,0,0,0,Lectura invalida de DHT
2026-04-27,19:29:53,maceta2,31.0,30.0,79.3,79.9,79.6,24.9,25.6,,,0,0,0,Lectura invalida de DHT
2026-04-27,20:30:02,maceta1,54.0,57.0,64.0,62.1,63.0,19.0,0.6,,,0,0,0,Lectura invalida de DHT
2026-04-27,20:30:02,maceta2,31.0,30.0,79.0,79.8,79.4,26.9,0.0,,,0,0,0,Lectura invalida de DHT
2026-04-27,21:30:40,maceta1,54.0,57.0,63.8,61.9,62.9,29.3,4.4,,,0,0,0,Lectura invalida de DHT
2026-04-27,21:30:40,maceta2,32.0,30.0,78.8,79.7,79.2,12.4,26.5,,,0,0,0,Lectura invalida de DHT
2026-04-27,22:30:55,maceta1,54.0,57.0,63.7,61.8,62.8,9.3,11.3,,,0,0,0,Lectura invalida de DHT
2026-04-27,22:30:55,maceta2,32.0,31.0,78.7,79.6,79.2,0.5,0.6,,,0,0,0,Lectura invalida de DHT
2026-04-27,23:31:11,maceta1,55.0,57.0,63.6,61.7,62.7,13.8,20.5,,,0,0,0,Lectura invalida de DHT
2026-04-27,23:31:11,maceta2,32.0,31.0,78.6,79.5,79.0,25.9,22.7,,,0,0,0,Lectura invalida de DHT
2026-04-28,00:31:48,maceta1,55.0,58.0,63.4,61.5,62.4,20.2,6.9,,,0,0,0,Lectura invalida de DHT
2026-04-28,00:31:48,maceta2,32.0,31.0,78.4,79.3,78.9,5.2,10.9,,,0,0,0,Lectura invalida de DHT
2026-04-28,01:32:26,maceta1,55.0,58.0,63.2,61.4,62.3,16.2,12.7,,,0,0,0,Lectura invalida de DHT
2026-04-28,01:32:26,maceta2,33.0,31.0,78.3,79.2,78.7,18.7,22.1,,,0,0,0,Lectura invalida de DHT
2026-04-28,02:33:03,maceta1,55.0,58.0,63.0,61.2,62.1,25.3,16.7,,,0,0,0,Lectura invalida de DHT
2026-04-28,02:33:03,maceta2,33.0,32.0,78.2,78.9,78.6,0.7,12.1,,,0,0,0,Lectura invalida de DHT
2026-04-28,03:33:19,maceta1,56.0,59.0,62.9,61.0,61.9,22.9,26.7,,,0,0,0,Lectura invalida de DHT
2026-04-28,03:33:19,maceta2,33.0,32.0,78.1,78.8,78.5,12.0,2.1,,,0,0,0,Lectura invalida de DHT
2026-04-28,04:33:34,maceta1,56.0,59.0,62.7,60.8,61.7,1.7,9.8,,,0,0,0,Lectura invalida de DHT
2026-04-28,04:33:34,maceta2,33.0,32.0,78.0,78.6,78.3,29.6,23.0,,,0,0,0,Lectura invalida de DHT
2026-04-28,05:34:11,maceta1,56.0,59.0,62.5,60.6,61.6,30.0,4.0,,,0,0,0,Lectura invalida de DHT
2026-04-28,05:34:11,maceta2,33.0,32.0,78.0,78.4,78.2,3.0,2.1,,,0,0,0,Lectura invalida de DHT
2026-04-28,06:34:49,maceta1,56.0,59.0,62.4,60.4,61.4,5854.9,19954.0,,,1,0,0,Lectura invalida de DHT
2026-04-28,06:34:49,maceta2,33.0,33.0,77.8,78.2,78.0,6365.8,20723.2,,,1,0,0,Lectura invalida de DHT
2026-04-28,07:35:04,maceta1,57.0,60.0,62.2,60.2,61.2,5817.7,20938.1,,,1,0,0,Lectura invalida de DHT
2026-04-28,07:35:04,maceta2,33.0,33.0,77.7,78.0,77.9,6463.4,19317.8,,,1,0,0,Lectura invalida de DHT
2026-04-28,08:35:20,maceta1,57.0,60.0,62.1,60.1,61.1,6473.9,19856.5,,,1,0,0,Lectura invalida de DHT
2026-04-28,08:35:20,maceta2,34.0,33.0,77.7,77.8,77.7,5850.6,19891.8,,,1,0,0,Lectura invalida de DHT
2026-04-28,09:35:54,maceta1,57.0,60.0,62.0,59.9,61.0,6385.2,20569.2,,,1,0,0,Lectura invalida de DHT
2026-04-28,09:35:54,maceta2,34.0,34.0,77.5,77.6,77.5,6468.6,20481.2,,,1,0,0,Lectura invalida de DHT
2026-04-28,16:22:32,maceta1,57.0,60.0,61.8,59.7,60.8,6287.2,19480.0,,,1,0,0,Lectura invalida de DHT
2026-04-28,16:22:32,maceta2,34.0,34.0,77.3,77.5,77.4,6165.8,21088.9,,,1,0,0,Lectura invalida de DHT
2026-04-28,17:36:05,maceta1,57.0,61.0,61.7,59.5,60.6,6086.3,19365.1,,,1,0,0,Lectura invalida de DHT
2026-04-28,17:36:05,maceta2,34.0,34.0,77.3,77.3,77.3,6009.7,19109.2,,,1,0,0,Lectura invalida de DHT
2026-04-28,17:37:24,maceta1,58.0,61.0,61.5,59.3,60.4,5921.3,21345.2,,,1,0,0,Lectura invalida de DHT
2026-04-28,17:37:24,maceta2,34.0,34.0,77.0,77.2,77.1,5853.8,19591.6,,,1,0,0,Lectura invalida de DHT
2026-04-28,17:38:41,maceta1,58.0,61.0,61.3,59.1,60.2,5909.5,21294.1,,,1,0,0,Lectura invalida de DHT
2026-04-28,17:38:41,maceta2,35.0,34.0,76.8,77.1,77.0,6150.4,21224.4,,,1,0,0,Lectura invalida de DHT
2026-04-28,18:38:46,maceta1,58.0,62.0,61.1,58.9,60.0,22.6,14.7,,,0,0,0,Lectura invalida de DHT
2026-04-28,18:38:46,maceta2,35.0,34.0,76.6,77.0,76.8,12.7,27.7,,,0,0,0,Lectura invalida de DHT
2026-04-28,19:38:50,maceta1,58.0,62.0,61.0,58.7,59.9,25.9,22.4,,,0,0,0,Lectura invalida de DHT
2026-04-28,19:38:50,maceta2,35.0,35.0,76.4,76.9,76.6,9.2,1.5,,,0,0,0,Lectura invalida de DHT
2026-04-28,20:38:55,maceta1,59.0,62.0,60.8,58.5,59.7,19.5,3.3,,,0,0,0,Lectura invalida de DHT
2026-04-28,20:38:55,maceta2,36.0,35.0,76.2,76.7,76.4,27.2,14.4,,,0,0,0,Lectura invalida de DHT
2026-04-28,21:39:00,maceta1,59.0,63.0,60.6,58.3,59.4,25.7,12.7,,,0,0,0,Lectura invalida de DHT
2026-04-28,21:39:00,maceta2,36.0,35.0,76.1,76.5,76.3,26.1,21.7,,,0,0,0,Lectura invalida de DHT
2026-04-28,22:39:05,maceta1,59.0,63.0,60.5,58.0,59.3,3.4,0.5,,,0,0,0,Lectura invalida de DHT
2026-04-28,22:39:05,maceta2,36.0,35.0,76.0,76.4,76.2,7.1,11.8,,,0,0,0,Lectura invalida de DHT
2026-04-28,23:39:09,maceta1,60.0,63.0,60.3,57.9,59.1,10.4,1.0,,,0,0,0,Lectura invalida de DHT
2026-04-28,23:39:09,maceta2,36.0,36.0,75.9,76.2,76.1,2.4,6.5,,,0,0,0,Lectura invalida de DHT
2026-04-29,00:39:14,maceta1,60.0,63.0,60.2,57.7,59.0,26.3,14.5,,,0,0,0,Lectura invalida de DHT
2026-04-29,00:39:14,maceta2,36.0,36.0,75.7,76.0,75.9,18.8,22.8,,,0,0,0,Lectura invalida de DHT
2026-04-29,01:39:19,maceta1,60.0,64.0,60.0,57.6,58.8,6.0,8.9,,,0,0,0,Lectura invalida de DHT
2026-04-29,01:39:19,maceta2,37.0,36.0,75.6,76.0,75.8,10.1,23.5,,,0,0,0,Lectura invalida de DHT
2026-04-29,02:39:23,maceta1,60.0,64.0,59.9,57.4,58.6,2.3,25.4,,,0,0,0,Lectura invalida de DHT
2026-04-29,02:39:23,maceta2,37.0,36.0,75.4,75.9,75.6,20.2,27.7,,,0,0,0,Lectura invalida de DHT
2026-04-29,03:39:28,maceta1,60.0,64.0,59.7,57.1,58.4,23.6,18.1,,,0,0,0,Lectura invalida de DHT
2026-04-29,03:39:28,maceta2,37.0,36.0,75.2,75.8,75.5,1.0,11.3,,,0,0,0,Lectura invalida de DHT
2026-04-29,04:39:33,maceta1,61.0,64.0,59.6,57.1,58.4,25.1,13.6,,,0,0,0,Lectura invalida de DHT
2026-04-29,04:39:33,maceta2,38.0,36.0,75.0,75.7,75.3,4.0,15.2,,,0,0,0,Lectura invalida de DHT
2026-04-29,05:39:38,maceta1,61.0,64.0,59.5,57.0,58.2,4.9,12.2,,,0,0,0,Lectura invalida de DHT
2026-04-29,05:39:38,maceta2,38.0,37.0,74.8,75.5,75.2,20.6,10.9,,,0,0,0,Lectura invalida de DHT
2026-04-29,06:39:42,maceta1,61.0,65.0,59.4,56.9,58.2,5975.2,21218.7,,,1,0,0,Lectura invalida de DHT
2026-04-29,06:39:42,maceta2,38.0,37.0,74.8,75.4,75.1,6356.2,19022.9,,,1,0,0,Lectura invalida de DHT
2026-04-29,07:39:47,maceta1,61.0,65.0,59.3,56.9,58.1,6184.5,20563.6,,,1,0,0,Lectura invalida de DHT
2026-04-29,07:39:47,maceta2,38.0,37.0,74.6,75.2,74.9,6295.0,19503.5,,,1,0,0,Lectura invalida de DHT
2026-04-29,08:39:52,maceta1,61.0,65.0,59.1,56.7,57.9,6300.2,21020.7,,,1,0,0,Lectura invalida de DHT
2026-04-29,08:39:52,maceta2,38.0,37.0,74.5,75.1,74.8,5835.2,21397.6,,,1,0,0,Lectura invalida de DHT
2026-04-29,09:39:56,maceta1,62.0,65.0,58.9,56.5,57.7,6262.1,19172.6,,,1,0,0,Lectura invalida de DHT
2026-04-29,09:39:56,maceta2,39.0,38.0,74.3,74.9,74.6,5851.0,20533.5,,,1,0,0,Lectura invalida de DHT
2026-04-29,10:40:01,maceta1,62.0,65.0,58.7,56.3,57.5,5996.0,19837.0,,,1,0,0,Lectura invalida de DHT
2026-04-29,10:40:01,maceta2,39.0,38.0,74.2,74.7,74.4,6082.0,19654.2,,,1,0,0,Lectura invalida de DHT
2026-04-29,11:40:06,maceta1,62.0,66.0,58.5,56.1,57.3,6468.4,19784.3,,,1,0,0,Lectura invalida de DHT
2026-04-29,11:40:06,maceta2,39.0,38.0,74.0,74.6,74.3,6006.7,19167.5,,,1,0,0,Lectura invalida de DHT
2026-04-29,12:40:10,maceta1,63.0,66.0,58.3,56.0,57.1,6316.5,20589.1,,,1,0,0,Lectura invalida de DHT
2026-04-29,12:40:10,maceta2,39.0,38.0,73.9,74.5,74.2,5962.7,19070.5,,,1,0,0,Lectura invalida de DHT
2026-04-29,13:40:15,maceta1,63.0,66.0,58.1,55.8,56.9,6188.0,19889.9,,,1,0,0,Lectura invalida de DHT
2026-04-29,13:40:15,maceta2,39.0,38.0,73.7,74.4,74.1,5996.7,19611.9,,,1,0,0,Lectura invalida de DHT
2026-04-29,14:40:20,maceta1,63.0,67.0,58.0,55.6,56.8,6228.2,19371.3,,,1,0,0,Lectura invalida de DHT
2026-04-29,14:40:20,maceta2,40.0,39.0,73.5,74.3,73.9,6362.4,21203.7,,,1,0,0,Lectura invalida de DHT
2026-04-29,15:40:25,maceta1,63.0,67.0,57.8,55.3,56.6,6093.7,20491.2,,,1,0,0,Lectura invalida de DHT
2026-04-29,15:40:25,maceta2,40.0,39.0,73.3,74.2,73.8,6450.5,20039.8,,,1,0,0,Lectura invalida de DHT
2026-04-29,16:40:29,maceta1,63.0,67.0,57.8,55.2,56.5,5973.4,21036.0,,,1,0,0,Lectura invalida de DHT
2026-04-29,16:40:29,maceta2,40.0,39.0,73.1,74.0,73.6,6083.6,20800.8,,,1,0,0,Lectura invalida de DHT
2026-04-29,17:40:34,maceta1,64.0,67.0,57.5,55.1,56.3,6049.2,19955.3,,,1,0,0,Lectura invalida de DHT
2026-04-29,17:40:34,maceta2,40.0,39.0,73.0,73.8,73.4,6434.3,21295.7,,,1,0,0,Lectura invalida de DHT
2026-04-29,18:40:39,maceta1,64.0,68.0,57.3,54.9,56.1,25.6,14.9,,,0,0,0,Lectura invalida de DHT
2026-04-29,18:40:39,maceta2,41.0,40.0,72.9,73.6,73.2,6.4,7.7,,,0,0,0,Lectura invalida de DHT
2026-04-29,19:40:43,maceta1,64.0,68.0,57.1,54.7,55.9,20.6,1.2,,,0,0,0,Lectura invalida de DHT
2026-04-29,19:40:43,maceta2,41.0,40.0,72.7,73.4,73.0,25.7,22.5,,,0,0,0,Lectura invalida de DHT
2026-04-29,20:40:48,maceta1,65.0,68.0,56.9,54.5,55.7,15.6,26.8,,,0,0,0,Lectura invalida de DHT
2026-04-29,20:40:48,maceta2,41.0,40.0,72.5,73.2,72.8,1.8,10.2,,,0,0,0,Lectura invalida de DHT
2026-04-29,21:40:53,maceta1,65.0,69.0,56.7,54.3,55.5,24.9,29.9,,,0,0,0,Lectura invalida de DHT
2026-04-29,21:40:53,maceta2,42.0,40.0,72.2,73.1,72.6,6.5,12.8,,,0,0,0,Lectura invalida de DHT
2026-04-29,22:40:58,maceta1,65.0,69.0,56.4,54.1,55.3,12.6,5.4,,,0,0,0,Lectura invalida de DHT
2026-04-29,22:40:58,maceta2,42.0,41.0,72.1,72.9,72.5,30.0,12.1,,,0,0,0,Lectura invalida de DHT
2026-04-29,23:41:02,maceta1,66.0,69.0,56.2,54.1,55.1,5.8,3.6,,,0,0,0,Lectura invalida de DHT
2026-04-29,23:41:02,maceta2,42.0,41.0,71.9,72.7,72.3,13.0,21.4,,,0,0,0,Lectura invalida de DHT
2026-04-30,00:41:07,maceta1,66.0,69.0,56.1,53.9,55.0,8.5,4.3,,,0,0,0,Lectura invalida de DHT
2026-04-30,00:41:07,maceta2,42.0,41.0,71.8,72.5,72.2,21.1,27.5,,,0,0,0,Lectura invalida de DHT
2026-04-30,01:41:12,maceta1,66.0,69.0,56.0,53.7,54.8,15.2,19.8,,,0,0,0,Lectura invalida de DHT
2026-04-30,01:41:12,maceta2,43.0,41.0,71.6,72.4,72.0,5.5,20.0,,,0,0,0,Lectura invalida de DHT
2026-04-30,02:41:16,maceta1,66.0,70.0,55.9,53.5,54.7,15.9,19.8,,,0,0,0,Lectura invalida de DHT
2026-04-30,02:41:16,maceta2,43.0,42.0,71.5,72.3,71.9,18.3,14.1,,,0,0,0,Lectura invalida de DHT
2026-04-30,03:41:21,maceta1,66.0,70.0,55.8,53.3,54.6,24.2,25.4,,,0,0,0,Lectura invalida de DHT
2026-04-30,03:41:21,maceta2,43.0,42.0,71.4,72.1,71.8,21.8,23.4,,,0,0,0,Lectura invalida de DHT
2026-04-30,04:41:26,maceta1,66.0,70.0,55.7,53.2,54.4,23.7,22.6,,,0,0,0,Lectura invalida de DHT
2026-04-30,04:41:26,maceta2,43.0,42.0,71.2,72.1,71.6,9.4,19.2,,,0,0,0,Lectura invalida de DHT
2026-04-30,05:41:30,maceta1,67.0,70.0,55.6,53.1,54.4,17.4,13.5,,,0,0,0,Lectura invalida de DHT
2026-04-30,05:41:30,maceta2,43.0,42.0,71.0,71.9,71.4,24.9,1.8,,,0,0,0,Lectura invalida de DHT
2026-04-30,06:41:35,maceta1,67.0,71.0,55.4,53.0,54.2,6330.5,19330.7,,,1,0,0,Lectura invalida de DHT
2026-04-30,06:41:35,maceta2,44.0,42.0,70.9,71.7,71.3,6025.0,20020.1,,,1,0,0,Lectura invalida de DHT
2026-04-30,07:41:40,maceta1,67.0,71.0,55.3,52.8,54.1,5810.1,19491.7,,,1,0,0,Lectura invalida de DHT
2026-04-30,07:41:40,maceta2,44.0,43.0,70.7,71.5,71.1,6133.5,19478.2,,,1,0,0,Lectura invalida de DHT
2026-04-30,08:41:45,maceta1,67.0,71.0,55.3,52.6,54.0,5881.3,19593.7,,,1,0,0,Lectura invalida de DHT
2026-04-30,08:41:45,maceta2,44.0,43.0,70.6,71.3,70.9,5958.2,20292.8,,,1,0,0,Lectura invalida de DHT
2026-04-30,09:41:49,maceta1,67.0,71.0,55.2,52.5,53.9,5832.2,19749.7,,,1,0,0,Lectura invalida de DHT
2026-04-30,09:41:49,maceta2,44.0,43.0,70.5,71.2,70.8,6248.3,21270.2,,,1,0,0,Lectura invalida de DHT
2026-04-30,10:41:54,maceta1,67.0,71.0,55.0,52.5,53.7,5828.5,20607.0,,,1,0,0,Lectura invalida de DHT
2026-04-30,10:41:54,maceta2,44.0,43.0,70.4,71.1,70.7,6485.3,21010.9,,,1,0,0,Lectura invalida de DHT
2026-04-30,11:41:59,maceta1,68.0,72.0,54.8,52.2,53.5,6398.8,20502.4,,,1,0,0,Lectura invalida de DHT
2026-04-30,11:41:59,maceta2,45.0,44.0,70.3,71.0,70.6,6222.4,19164.6,,,1,0,0,Lectura invalida de DHT
2026-04-30,12:42:03,maceta1,68.0,72.0,54.7,52.0,53.3,6292.6,20740.2,,,1,0,0,Lectura invalida de DHT
2026-04-30,12:42:03,maceta2,45.0,44.0,70.1,70.8,70.5,6050.5,20731.4,,,1,0,0,Lectura invalida de DHT
2026-04-30,13:42:08,maceta1,68.0,72.0,54.6,51.9,53.3,6131.9,19906.3,,,1,0,0,Lectura invalida de DHT
2026-04-30,13:42:08,maceta2,45.0,44.0,70.1,70.7,70.4,6253.5,20429.7,,,1,0,0,Lectura invalida de DHT
2026-04-30,14:42:13,maceta1,68.0,72.0,54.6,51.8,53.2,5868.5,21060.0,,,1,0,0,Lectura invalida de DHT
2026-04-30,14:42:13,maceta2,45.0,44.0,69.9,70.6,70.2,5886.0,21268.7,,,1,0,0,Lectura invalida de DHT
2026-05-11,19:18:06,maceta1,68.0,73.0,54.4,51.7,53.0,23.4,18.4,,,0,0,0,Lectura invalida de DHT
2026-05-11,19:18:06,maceta2,45.0,44.0,69.8,70.4,70.1,18.1,2.9,16.0,42.6,0,0,0,
2026-05-11,19:18:37,maceta1,69.0,73.0,54.2,51.5,52.8,5.8,20.6,,,0,0,0,Lectura invalida de DHT
2026-05-11,19:18:37,maceta2,45.0,45.0,69.7,70.3,70.0,11.7,1.1,16.4,44.1,0,0,0,
2026-05-11,19:19:22,maceta1,69.0,73.0,54.0,51.3,52.7,1.5,15.4,,,0,0,0,Lectura invalida de DHT
2026-05-11,19:19:22,maceta2,46.0,45.0,69.6,70.2,69.9,16.7,13.7,16.4,44.1,0,0,0,
2026-05-11,19:19:51,maceta1,69.0,73.0,53.8,51.2,52.5,26.2,14.3,,,0,0,0,Lectura invalida de DHT
2026-05-11,19:19:51,maceta2,46.0,45.0,69.4,70.1,69.7,17.3,24.8,16.4,44.2,0,0,0,
2026-05-11,19:20:23,maceta1,69.0,73.0,53.7,51.1,52.4,2.3,19.4,,,0,0,0,Lectura invalida de DHT
2026-05-11,19:20:23,maceta2,46.0,45.0,69.2,69.9,69.6,5.0,9.4,16.4,44.1,0,0,0,
2026-05-11,19:21:33,maceta1,70.0,74.0,53.5,50.9,52.2,7.4,16.7,,,0,0,0,Lectura invalida de DHT
2026-05-11,19:21:33,maceta2,46.0,45.0,69.2,69.8,69.5,12.1,11.5,16.4,44.1,0,0,0,
2026-05-11,19:22:08,maceta1,70.0,74.0,53.4,50.7,52.1,20.9,19.3,,,0,0,0,Lectura invalida de DHT
2026-05-11,19:22:08,maceta2,47.0,46.0,69.0,69.6,69.3,10.3,27.3,16.4,44.2,0,0,0,
2026-05-11,19:22:50,maceta1,70.0,74.0,53.3,50.6,51.9,12.3,18.4,,,0,0,0,Lectura invalida de DHT
2026-05-11,19:22:50,maceta2,47.0,46.0,68.8,69.4,69.1,12.0,25.1,16.4,44.1,0,0,0,
2026-05-11,19:23:23,maceta1,70.0,74.0,53.2,50.4,51.8,26.3,21.6,,,0,0,0,Lectura invalida de DHT
2026-05-11,19:23:23,maceta2,47.0,46.0,68.6,69.3,69.0,22.8,20.0,16.4,44.2,0,0,0,
2026-05-11,19:23:51,maceta1,70.0,75.0,53.1,50.3,51.7,8.9,19.3,,,0,0,0,Lectura invalida de DHT
2026-05-11,19:23:51,maceta2,47.0,46.0,68.6,69.2,68.9,14.5,8.0,,,0,0,0,Lectura invalida de DHT
2026-05-11,19:24:20,maceta1,71.0,75.0,52.8,50.1,51.5,0.4,15.6,,,0,0,0,Lectura invalida de DHT
2026-05-11,19:24:20,maceta2,47.0,46.0,68.4,69.2,68.8,28.2,3.5,16.4,44.2,0,0,0,
2026-05-11,19:24:53,maceta1,71.0,75.0,52.8,50.0,51.4,9.0,20.5,,,0,0,1,Lectura invalida de DHT
2026-05-11,19:24:53,maceta2,48.0,47.0,68.3,69.0,68.6,8.8,0.5,16.4,44.2,0,0,0,
2026-05-11,19:25:25,maceta1,24.0,22.0,84.1,85.3,84.7,17.3,13.5,,,0,0,0,Lectura invalida de DHT
2026-05-11,19:25:25,maceta2,48.0,47.0,68.1,68.9,68.5,12.5,3.2,16.4,44.2,0,0,0,
2026-05-11,19:25:55,maceta1,24.0,22.0,84.0,85.1,84.6,11.3,7.3,,,0,0,0,Lectura invalida de DHT
2026-05-11,19:25:55,maceta2,48.0,47.0,68.0,68.7,68.4,23.6,8.8,16.4,44.2,0,0,0,
2026-05-11,19:26:28,maceta1,24.0,23.0,83.7,85.0,84.3,16.0,0.0,,,0,0,0,Lectura invalida de DHT
2026-05-11,19:26:28,maceta2,48.0,47.0,67.9,68.7,68.3,16.4,16.6,16.4,44.2,0,0,0,
2026-05-11,19:27:10,maceta1,25.0,23.0,83.5,84.8,84.2,26.3,16.8,,,0,0,0,Lectura invalida de DHT
2026-05-11,19:27:10,maceta2,48.0,47.0,67.8,68.6,68.2,16.4,1.9,16.4,44.2,0,0,0,
2026-05-11,19:27:51,maceta1,25.0,23.0,83.4,84.6,84.0,27.4,17.7,,,0,0,0,Lectura invalida de DHT
2026-05-11,19:27:51,maceta2,49.0,47.0,67.6,68.4,68.0,1.6,4.1,16.4,44.2,0,0,0,
2026-05-11,19:28:28,maceta1,25.0,23.0,83.3,84.4,83.8,8.0,29.2,,,0,0,0,Lectura invalida de DHT
2026-05-11,19:28:28,maceta2,49.0,48.0,67.5,68.2,67.8,12.0,5.4,16.4,44.3,0,0,0,
2026-05-11,19:28:56,maceta1,25.0,24.0,83.1,84.3,83.7,13.9,10.8,,,0,0,0,Lectura invalida de DHT
2026-05-11,19:28:56,maceta2,49.0,48.0,67.4,68.1,67.7,8.1,19.0,16.4,44.3,0,0,0,
2026-05-11,19:29:43,maceta1,26.0,24.0,83.0,84.2,83.6,16.5,11.8,,,0,0,0,Lectura invalida de DHT
2026-05-11,19:29:43,maceta2,49.0,48.0,67.3,68.0,67.6,30.0,18.5,16.4,44.3,0,0,0,
2026-05-11,19:30:13,maceta1,26.0,24.0,82.9,84.1,83.5,28.5,6.1,,,0,0,0,Lectura invalida de DHT
2026-05-11,19:30:13,maceta2,49.0,48.0,67.2,67.8,67.5,9.3,16.5,,,0,0,0,Lectura invalida de DHT
2026-05-11,19:30:59,maceta1,26.0,24.0,82.7,84.0,83.3,30.0,2.1,,,0,0,0,Lectura invalida de DHT
2026-05-11,19:30:59,maceta2,49.0,48.0,67.1,67.8,67.4,26.5,7.5,,,0,0,0,Lectura invalida de DHT
2026-05-11,19:31:28,maceta1,26.0,24.0,82.6,83.8,83.2,7.1,23.2,,,0,0,0,Lectura invalida de DHT
2026-05-11,19:31:28,maceta2,50.0,49.0,66.9,67.5,67.2,20.3,11.1,16.4,44.3,0,0,0,
2026-05-11,19:31:56,maceta1,26.0,25.0,82.5,83.6,83.0,21.8,7.5,,,0,0,0,Lectura invalida de DHT
2026-05-11,19:31:56,maceta2,50.0,49.0,66.7,67.4,67.0,10.2,2.9,16.4,44.3,0,0,0,
2026-05-11,19:32:22,maceta1,27.0,25.0,82.3,83.4,82.8,11.3,18.3,,,0,0,0,Lectura invalida de DHT
2026-05-11,19:32:22,maceta2,50.0,49.0,66.5,67.3,66.9,16.3,6.8,,,0,0,0,Lectura invalida de DHT
2026-05-11,19:32:49,maceta1,27.0,25.0,82.2,83.2,82.7,0.2,20.6,,,0,0,0,Lectura invalida de DHT
2026-05-11,19:32:49,maceta2,50.0,49.0,66.4,67.2,66.8,25.2,26.9,16.4,44.3,0,0,0,
2026-05-11,19:33:16,maceta1,27.0,26.0,82.0,82.9,82.5,0.3,14.1,,,0,0,0,Lectura invalida de DHT
2026-05-11,19:33:16,maceta2,51.0,49.0,66.3,67.0,66.7,26.5,29.4,,,0,0,0,Lectura invalida de DHT
2026-05-11,19:33:43,maceta1,27.0,26.0,82.0,82.8,82.4,13.8,26.3,,,0,0,0,Lectura invalida de DHT
2026-05-11,19:33:43,maceta2,51.0,50.0,66.2,67.0,66.6,4.8,19.4,16.4,44.3,0,0,0,
2026-05-11,19:34:10,maceta1,27.0,26.0,81.8,82.7,82.3,14.7,13.3,,,0,0,0,Lectura invalida de DHT
2026-05-11,19:34:10,maceta2,51.0,50.0,66.0,66.7,66.4,10.2,27.5,,,0,0,0,Lectura invalida de DHT
2026-05-11,19:34:37,maceta1,28.0,26.0,81.7,82.5,82.1,0.7,8.5,,,0,0,0,Lectura invalida de DHT
2026-05-11,19:34:37,maceta2,51.0,50.0,65.9,66.7,66.3,10.1,19.3,,,0,0,0,Lectura invalida de DHT
2026-05-11,19:36:55,maceta1,28.0,27.0,81.5,82.2,81.9,20.6,26.9,18.8,45.6,0,0,0,
2026-05-11,19:36:55,maceta2,51.0,50.0,65.7,66.6,66.1,1.3,1.0,16.5,44.3,0,0,0,
2026-05-11,19:37:22,maceta1,28.0,27.0,81.5,82.0,81.7,8.8,25.8,18.7,48.6,0,0,0,
2026-05-11,19:37:22,maceta2,52.0,50.0,65.6,66.4,66.0,17.9,29.9,,,0,0,0,Lectura invalida de DHT
2026-05-11,19:38:03,maceta1,28.0,27.0,81.3,81.9,81.6,16.8,4.9,,,0,0,0,Lectura invalida de DHT
2026-05-11,19:38:03,maceta2,52.0,51.0,65.4,66.2,65.8,25.6,3.0,16.5,44.4,0,0,0,
2026-05-11,19:38:48,maceta1,28.0,27.0,81.0,81.8,81.4,9.0,0.8,18.7,45.9,0,0,0,
2026-05-11,19:38:48,maceta2,52.0,51.0,65.3,66.1,65.7,11.4,20.5,16.5,44.4,0,0,0,
2026-05-11,19:39:15,maceta1,29.0,28.0,80.8,81.6,81.2,5.0,2.7,,,0,0,0,Lectura invalida de DHT
2026-05-11,19:39:15,maceta2,52.0,51.0,65.1,66.0,65.6,22.2,7.6,16.5,44.4,0,0,0,
2026-05-11,19:39:50,maceta1,29.0,28.0,80.7,81.4,81.1,12.2,8.6,18.7,45.3,0,0,0,
2026-05-11,19:39:50,maceta2,53.0,51.0,64.9,65.9,65.4,18.8,11.8,,,0,0,0,Lectura invalida de DHT
2026-05-11,19:40:16,maceta1,29.0,28.0,80.6,81.2,80.9,7.0,29.2,,,0,0,0,Lectura invalida de DHT
2026-05-11,19:40:16,maceta2,53.0,51.0,64.9,65.7,65.3,11.3,19.4,16.5,44.5,0,0,0,
2026-05-11,19:40:43,maceta1,29.0,29.0,80.4,81.0,80.7,16.0,16.8,18.7,45.6,0,0,0,
2026-05-11,19:40:43,maceta2,53.0,52.0,64.7,65.4,65.1,4.2,13.1,16.5,44.4,0,0,0,
2026-05-11,19:41:11,maceta1,30.0,29.0,80.3,80.9,80.6,6.0,11.2,18.7,46.7,0,0,0,
2026-05-11,19:41:11,maceta2,53.0,52.0,64.5,65.3,64.9,21.3,7.5,16.5,44.4,0,0,0,
2026-05-11,19:41:38,maceta1,30.0,29.0,80.1,80.8,80.4,15.3,26.7,,,0,0,0,Lectura invalida de DHT
2026-05-11,19:41:38,maceta2,54.0,52.0,64.3,65.2,64.8,25.6,10.0,,,0,0,0,Lectura invalida de DHT
2026-05-11,19:42:07,maceta1,30.0,29.0,80.0,80.7,80.3,4.7,13.6,,,0,0,0,Lectura invalida de DHT
2026-05-11,19:42:07,maceta2,54.0,52.0,64.2,65.0,64.6,20.6,10.2,,,0,0,0,Lectura invalida de DHT
2026-05-11,19:42:35,maceta1,30.0,29.0,79.9,80.6,80.3,20.1,9.5,,,0,0,0,Lectura invalida de DHT
2026-05-11,19:42:35,maceta2,54.0,53.0,64.1,65.0,64.5,0.5,28.8,16.4,44.5,0,0,0,
2026-05-11,19:43:02,maceta1,30.0,29.0,79.7,80.5,80.1,22.6,28.2,,,0,0,0,Lectura invalida de DHT
2026-05-11,19:43:02,maceta2,54.0,53.0,63.9,64.8,64.3,6.5,24.0,16.4,44.5,0,0,0,
2026-05-11,19:43:29,maceta1,31.0,29.0,79.6,80.4,80.0,3.3,25.5,,,0,0,0,Lectura invalida de DHT
2026-05-11,19:43:29,maceta2,54.0,53.0,63.8,64.7,64.2,2.1,13.8,16.4,44.6,0,0,0,
2026-05-11,19:43:56,maceta1,31.0,30.0,79.4,80.2,79.8,14.0,25.3,,,0,0,0,Lectura invalida de DHT
2026-05-11,19:43:56,maceta2,55.0,53.0,63.6,64.6,64.1,17.1,6.0,16.4,44.5,0,0,0,
2026-05-11,19:44:23,maceta1,31.0,30.0,79.3,80.0,79.6,2.1,15.4,,,0,0,0,Lectura invalida de DHT
2026-05-11,19:44:23,maceta2,55.0,53.0,63.4,64.5,64.0,22.7,24.3,16.4,44.6,0,0,0,
2026-05-11,19:44:50,maceta1,31.0,30.0,79.1,79.8,79.4,17.9,23.7,,,0,0,0,Lectura invalida de DHT
2026-05-11,19:44:50,maceta2,55.0,53.0,63.3,64.4,63.9,3.3,4.7,16.4,44.6,0,0,0,
2026-05-11,19:45:16,maceta1,31.0,30.0,79.0,79.7,79.4,7.9,5.4,,,0,0,0,Lectura invalida de DHT
2026-05-11,19:45:16,maceta2,55.0,54.0,63.2,64.3,63.7,25.2,6.3,16.4,44.6,0,0,0,
2026-05-11,19:45:43,maceta1,32.0,31.0,78.8,79.5,79.1,15.8,17.2,,,0,0,0,Lectura invalida de DHT
2026-05-11,19:45:43,maceta2,55.0,54.0,63.1,64.2,63.6,16.7,11.0,,,0,0,0,Lectura invalida de DHT
2026-05-11,19:46:10,maceta1,32.0,31.0,78.7,79.4,79.0,15.5,29.5,18.8,44.9,0,0,0,
2026-05-11,19:46:10,maceta2,56.0,54.0,62.8,64.1,63.5,20.7,26.4,,,0,0,0,Lectura invalida de DHT
2026-05-11,19:46:42,maceta1,32.0,31.0,78.5,79.2,78.9,27.7,8.7,18.8,44.5,0,0,0,
2026-05-11,19:46:42,maceta2,56.0,54.0,62.7,64.0,63.4,29.1,4.0,16.4,44.6,0,0,0,
2026-05-11,19:47:08,maceta1,33.0,31.0,78.3,79.1,78.7,16.5,23.8,,,0,0,0,Lectura invalida de DHT
2026-05-11,19:47:08,maceta2,56.0,54.0,62.7,63.9,63.3,2.5,3.7,16.4,44.6,0,0,0,
2026-05-11,19:47:35,maceta1,33.0,31.0,78.2,79.0,78.6,17.5,14.7,18.8,44.3,0,0,0,
2026-05-11,19:47:35,maceta2,56.0,54.0,62.6,63.8,63.2,27.0,14.8,,,0,0,0,Lectura invalida de DHT
2026-05-11,19:48:03,maceta1,33.0,32.0,78.0,79.0,78.5,12.0,1.2,18.8,47.3,0,0,0,
2026-05-11,19:48:03,maceta2,56.0,54.0,62.4,63.7,63.1,3.8,8.3,16.4,44.6,0,0,0,
2026-05-11,19:48:30,maceta1,33.0,32.0,77.8,78.8,78.3,28.5,22.9,18.8,46.9,0,0,0,
2026-05-11,19:48:30,maceta2,57.0,55.0,62.2,63.6,62.9,11.8,17.1,16.4,44.6,0,0,0,
2026-05-11,19:48:57,maceta1,34.0,32.0,77.6,78.8,78.2,23.3,5.1,18.8,46.7,0,0,0,
2026-05-11,19:48:57,maceta2,57.0,55.0,62.1,63.4,62.7,25.5,13.5,16.4,44.6,0,0,0,
2026-05-11,19:49:24,maceta1,34.0,32.0,77.5,78.7,78.1,8.6,18.9,18.8,45.5,0,0,0,
2026-05-11,19:49:24,maceta2,57.0,55.0,61.9,63.3,62.6,27.2,13.0,,,0,0,0,Lectura invalida de DHT
2026-05-11,19:49:51,maceta1,34.0,32.0,77.4,78.5,77.9,25.3,2.6,,,0,0,0,Lectura invalida de DHT
2026-05-11,19:49:51,maceta2,57.0,55.0,61.7,63.2,62.4,15.2,3.4,16.4,44.7,0,0,0,
2026-05-11,19:50:25,maceta1,34.0,32.0,77.2,78.4,77.8,13.0,28.4,,,0,0,0,Lectura invalida de DHT
2026-05-11,19:50:25,maceta2,58.0,56.0,61.5,62.9,62.2,17.8,4.2,16.4,44.7,0,0,0,
2026-05-11,19:50:52,maceta1,34.0,33.0,77.2,78.3,77.7,24.9,8.8,,,0,0,0,Lectura invalida de DHT
2026-05-11,19:50:52,maceta2,58.0,56.0,61.4,62.8,62.1,21.2,24.6,16.4,44.7,0,0,0,
2026-05-11,19:51:27,maceta1,35.0,33.0,77.0,78.2,77.6,24.7,6.8,18.8,45.7,0,0,0,
2026-05-11,19:51:27,maceta2,58.0,56.0,61.3,62.6,62.0,25.0,26.6,,,0,0,0,Lectura invalida de DHT
2026-05-11,19:51:54,maceta1,35.0,33.0,76.8,78.0,77.4,5.7,3.9,,,0,0,0,Lectura invalida de DHT
2026-05-11,19:51:54,maceta2,58.0,56.0,61.1,62.5,61.8,3.6,7.0,16.4,44.7,0,0,0,
2026-05-11,19:52:21,maceta1,35.0,33.0,76.7,77.9,77.3,21.0,28.4,,,0,0,0,Lectura invalida de DHT
2026-05-11,19:52:21,maceta2,58.0,56.0,61.0,62.4,61.7,24.3,3.4,16.4,44.7,0,0,0,
2026-05-11,19:52:47,maceta1,35.0,33.0,76.5,77.7,77.1,8.7,21.4,,,0,0,0,Lectura invalida de DHT
2026-05-11,19:52:47,maceta2,59.0,57.0,60.8,62.2,61.5,14.4,1.6,16.4,44.7,0,0,0,
2026-05-11,19:53:22,maceta1,35.0,34.0,76.4,77.6,77.0,8.9,22.2,,,0,0,0,Lectura invalida de DHT
2026-05-11,19:53:22,maceta2,59.0,57.0,60.7,62.1,61.4,13.5,18.2,16.4,44.7,0,0,0,
2026-05-11,19:53:49,maceta1,36.0,34.0,76.3,77.5,76.9,8.9,15.0,,,0,0,0,Lectura invalida de DHT
2026-05-11,19:53:49,maceta2,59.0,57.0,60.6,62.1,61.3,12.7,21.5,16.4,44.7,0,0,0,
2026-05-11,19:54:16,maceta1,36.0,34.0,76.3,77.4,76.9,21.8,14.2,,,0,0,0,Lectura invalida de DHT
2026-05-11,19:54:16,maceta2,59.0,57.0,60.4,61.9,61.2,15.3,11.2,16.4,44.7,0,0,0,
2026-05-11,19:54:43,maceta1,36.0,34.0,76.1,77.4,76.7,6.9,3.3,,,0,0,0,Lectura invalida de DHT
2026-05-11,19:54:43,maceta2,60.0,57.0,60.2,61.8,61.0,28.4,20.4,16.4,44.7,0,0,0,
2026-05-11,19:55:10,maceta1,36.0,34.0,76.1,77.1,76.6,0.0,16.8,,,0,0,0,Lectura invalida de DHT
2026-05-11,19:55:10,maceta2,60.0,57.0,60.1,61.7,60.9,16.4,21.4,16.4,44.7,0,0,0,
2026-05-11,19:55:37,maceta1,36.0,35.0,75.9,76.9,76.4,21.5,7.4,,,0,0,0,Lectura invalida de DHT
2026-05-11,19:55:37,maceta2,60.0,58.0,59.9,61.5,60.7,28.6,28.1,16.3,44.7,0,0,0,
2026-05-11,19:56:03,maceta1,36.0,35.0,75.8,76.7,76.2,5.1,29.3,,,0,0,0,Lectura invalida de DHT
2026-05-11,19:56:03,maceta2,60.0,58.0,59.8,61.4,60.6,5.4,1.9,16.3,44.7,0,0,0,
2026-05-11,19:56:30,maceta1,36.0,35.0,75.7,76.5,76.1,3.1,23.9,,,0,0,0,Lectura invalida de DHT
2026-05-11,19:56:30,maceta2,60.0,58.0,59.7,61.3,60.5,21.7,5.8,,,0,0,0,Lectura invalida de DHT
2026-05-11,19:56:57,maceta1,37.0,35.0,75.6,76.5,76.1,7.1,12.4,,,0,0,0,Lectura invalida de DHT
2026-05-11,19:56:57,maceta2,61.0,58.0,59.5,61.2,60.4,24.4,2.1,16.3,44.7,0,0,0,
2026-05-11,19:57:24,maceta1,37.0,36.0,75.4,76.3,75.9,11.4,4.5,,,0,0,0,Lectura invalida de DHT
2026-05-11,19:57:24,maceta2,61.0,59.0,59.4,60.9,60.2,20.4,26.0,16.3,44.7,0,0,0,
2026-05-11,19:57:52,maceta1,37.0,36.0,75.1,76.2,75.7,14.3,23.6,,,0,0,0,Lectura invalida de DHT
2026-05-11,19:57:52,maceta2,61.0,59.0,59.3,60.8,60.0,18.2,23.8,,,0,0,0,Lectura invalida de DHT
2026-05-11,19:58:19,maceta1,37.0,36.0,75.0,76.1,75.6,1.3,3.7,,,0,0,0,Lectura invalida de DHT
2026-05-11,19:58:19,maceta2,61.0,59.0,59.2,60.6,59.9,16.9,17.2,16.3,44.7,0,0,0,
2026-05-11,19:58:46,maceta1,38.0,36.0,74.8,75.9,75.4,29.1,5.7,,,0,0,0,Lectura invalida de DHT
2026-05-11,19:58:46,maceta2,61.0,59.0,59.0,60.5,59.8,25.8,2.5,16.3,44.7,0,0,0,
2026-05-11,19:59:13,maceta1,38.0,36.0,74.6,75.9,75.2,21.5,6.3,,,0,0,0,Lectura invalida de DHT
2026-05-11,19:59:13,maceta2,62.0,59.0,58.8,60.4,59.6,24.6,8.2,,,0,0,0,Lectura invalida de DHT
2026-05-11,19:59:39,maceta1,38.0,36.0,74.4,75.7,75.1,9.7,16.7,,,0,0,0,Lectura invalida de DHT
2026-05-11,19:59:39,maceta2,62.0,60.0,58.6,60.2,59.4,3.7,8.9,16.3,44.7,0,0,0,
2026-05-11,20:00:06,maceta1,39.0,37.0,74.3,75.6,75.0,9.6,23.6,,,0,0,0,Lectura invalida de DHT
2026-05-11,20:00:06,maceta2,62.0,60.0,58.4,60.0,59.2,25.5,16.8,,,0,0,0,Lectura invalida de DHT
2026-05-11,20:00:33,maceta1,39.0,37.0,74.2,75.5,74.8,13.5,9.4,,,0,0,0,Lectura invalida de DHT
2026-05-11,20:00:33,maceta2,62.0,60.0,58.4,59.8,59.1,12.4,7.7,16.3,44.7,0,0,0,
2026-05-11,20:01:00,maceta1,39.0,37.0,74.1,75.4,74.7,18.8,2.5,,,0,0,0,Lectura invalida de DHT
2026-05-11,20:01:00,maceta2,63.0,61.0,58.2,59.7,58.9,7.6,2.2,16.3,44.7,0,0,0,
2026-05-11,20:01:27,maceta1,39.0,37.0,73.9,75.3,74.6,4.4,13.9,,,0,0,0,Lectura invalida de DHT
2026-05-11,20:01:27,maceta2,63.0,61.0,58.0,59.4,58.7,26.1,21.9,16.3,44.7,0,0,0,
2026-05-11,20:01:54,maceta1,39.0,37.0,73.9,75.2,74.5,5.7,22.4,,,0,0,0,Lectura invalida de DHT
2026-05-11,20:01:54,maceta2,63.0,61.0,57.9,59.4,58.6,13.0,9.0,,,0,0,0,Lectura invalida de DHT
2026-05-11,20:02:21,maceta1,40.0,38.0,73.6,75.0,74.3,25.8,6.6,,,0,0,0,Lectura invalida de DHT
2026-05-11,20:02:21,maceta2,63.0,61.0,57.7,59.1,58.4,24.3,13.6,16.3,44.7,0,0,0,
2026-05-11,20:02:48,maceta1,40.0,38.0,73.5,74.7,74.1,7.7,6.6,,,0,0,0,Lectura invalida de DHT
2026-05-11,20:02:48,maceta2,64.0,62.0,57.5,59.0,58.2,7.9,3.8,16.3,44.8,0,0,0,
2026-05-11,20:03:15,maceta1,40.0,38.0,73.3,74.7,74.0,11.4,28.4,,,0,0,0,Lectura invalida de DHT
2026-05-11,20:03:15,maceta2,64.0,62.0,57.3,58.8,58.0,0.1,24.1,16.3,44.7,0,0,0,
2026-05-11,20:03:41,maceta1,40.0,38.0,73.2,74.4,73.8,26.1,28.6,,,0,0,0,Lectura invalida de DHT
2026-05-11,20:03:41,maceta2,64.0,62.0,57.2,58.6,57.9,14.9,17.0,16.3,44.7,0,0,0,
2026-05-11,20:04:08,maceta1,40.0,39.0,73.0,74.2,73.6,19.9,29.7,,,0,0,0,Lectura invalida de DHT
2026-05-11,20:04:08,maceta2,64.0,62.0,57.1,58.5,57.8,3.0,27.0,16.3,44.7,0,0,0,
2026-05-11,20:04:35,maceta1,41.0,39.0,72.8,74.1,73.4,10.3,24.2,,,0,0,0,Lectura invalida de DHT
2026-05-11,20:04:35,maceta2,64.0,62.0,57.0,58.4,57.7,22.6,14.9,,,0,0,0,Lectura invalida de DHT
2026-05-11,20:05:02,maceta1,41.0,39.0,72.8,74.0,73.4,20.5,5.6,,,0,0,0,Lectura invalida de DHT
2026-05-11,20:05:02,maceta2,65.0,63.0,56.9,58.3,57.6,8.3,28.2,,,0,0,0,Lectura invalida de DHT
2026-05-11,20:05:29,maceta1,41.0,39.0,72.7,73.9,73.3,0.6,6.4,,,0,0,0,Lectura invalida de DHT
2026-05-11,20:05:29,maceta2,65.0,63.0,56.8,58.2,57.5,13.3,26.8,16.3,44.7,0,0,0,
2026-05-11,20:05:55,maceta1,41.0,39.0,72.6,73.8,73.2,22.1,10.2,,,0,0,0,Lectura invalida de DHT
2026-05-11,20:05:55,maceta2,65.0,63.0,56.7,58.0,57.3,2.6,17.3,16.3,44.7,0,0,0,
2026-05-11,20:06:22,maceta1,41.0,39.0,72.5,73.7,73.1,14.6,9.5,,,0,0,0,Lectura invalida de DHT
2026-05-11,20:06:22,maceta2,65.0,63.0,56.4,57.8,57.1,8.6,28.0,16.2,44.7,0,0,0,
2026-05-11,20:06:49,maceta1,41.0,40.0,72.4,73.5,73.0,24.4,28.7,,,0,0,0,Lectura invalida de DHT
2026-05-11,20:06:49,maceta2,66.0,64.0,56.3,57.6,57.0,23.4,9.7,16.2,44.7,0,0,0,
2026-05-11,20:07:16,maceta1,42.0,40.0,72.2,73.4,72.8,28.6,23.7,,,0,0,0,Lectura invalida de DHT
2026-05-11,20:07:16,maceta2,66.0,64.0,56.2,57.6,56.9,4.5,11.0,16.3,44.7,0,0,0,
2026-05-11,20:07:43,maceta1,42.0,40.0,72.0,73.3,72.6,27.8,21.7,,,0,0,0,Lectura invalida de DHT
2026-05-11,20:07:43,maceta2,66.0,64.0,56.0,57.4,56.7,19.4,1.4,,,0,0,0,Lectura invalida de DHT
2026-05-11,20:08:10,maceta1,42.0,40.0,71.9,73.1,72.5,27.3,5.6,,,0,0,0,Lectura invalida de DHT
2026-05-11,20:08:10,maceta2,66.0,64.0,55.8,57.2,56.5,27.5,17.7,16.2,44.7,0,0,0,
2026-05-11,20:08:36,maceta1,42.0,41.0,71.8,72.9,72.3,15.4,27.3,,,0,0,0,Lectura invalida de DHT
2026-05-11,20:08:36,maceta2,66.0,65.0,55.7,57.0,56.3,20.4,21.7,,,0,0,0,Lectura invalida de DHT
2026-05-11,20:09:03,maceta1,42.0,41.0,71.7,72.7,72.2,10.8,24.8,,,0,0,0,Lectura invalida de DHT
2026-05-11,20:09:03,maceta2,67.0,65.0,55.5,56.8,56.2,24.3,23.2,16.3,44.7,0,0,0,
2026-05-11,20:09:30,maceta1,43.0,41.0,71.4,72.5,72.0,14.0,4.9,,,0,0,0,Lectura invalida de DHT
2026-05-11,20:09:30,maceta2,67.0,65.0,55.3,56.7,56.0,3.3,4.5,16.2,44.7,0,0,0,
2026-05-11,20:09:57,maceta1,43.0,42.0,71.4,72.2,71.8,20.7,26.1,,,0,0,0,Lectura invalida de DHT
2026-05-11,20:09:57,maceta2,67.0,65.0,55.3,56.6,55.9,7.5,13.3,,,0,0,0,Lectura invalida de DHT
2026-05-11,20:10:24,maceta1,43.0,42.0,71.2,72.0,71.6,26.5,8.2,,,0,0,0,Lectura invalida de DHT
2026-05-11,20:10:24,maceta2,67.0,65.0,55.2,56.5,55.8,26.8,5.3,16.2,44.7,0,0,0,
2026-05-11,20:10:50,maceta1,43.0,42.0,71.1,71.8,71.5,6.2,2.4,,,0,0,0,Lectura invalida de DHT
2026-05-11,20:10:50,maceta2,67.0,66.0,55.1,56.2,55.6,21.5,19.9,16.2,44.7,0,0,0,
2026-05-11,20:11:17,maceta1,43.0,42.0,71.0,71.7,71.4,27.5,19.7,,,0,0,0,Lectura invalida de DHT
2026-05-11,20:11:17,maceta2,68.0,66.0,54.8,56.0,55.4,19.2,4.7,16.2,44.7,0,0,0,
2026-05-11,20:11:44,maceta1,44.0,43.0,70.9,71.6,71.2,24.5,19.6,,,0,0,0,Lectura invalida de DHT
2026-05-11,20:11:44,maceta2,68.0,66.0,54.8,55.9,55.4,19.9,27.1,16.2,44.7,0,0,0,
2026-05-11,20:12:11,maceta1,44.0,43.0,70.7,71.5,71.1,29.4,2.8,,,0,0,0,Lectura invalida de DHT
2026-05-11,20:12:11,maceta2,68.0,66.0,54.6,55.9,55.2,12.4,6.9,16.2,44.7,0,0,0,
2026-05-11,20:12:37,maceta1,44.0,43.0,70.6,71.3,70.9,26.4,9.6,,,0,0,0,Lectura invalida de DHT
2026-05-11,20:12:37,maceta2,68.0,67.0,54.4,55.6,55.0,1.3,8.7,16.3,44.7,0,0,0,
2026-05-11,20:13:04,maceta1,44.0,43.0,70.4,71.2,70.8,8.4,29.8,,,0,0,0,Lectura invalida de DHT
2026-05-11,20:13:04,maceta2,69.0,67.0,54.3,55.4,54.8,23.5,25.5,,,0,0,0,Lectura invalida de DHT
2026-05-11,20:13:31,maceta1,45.0,43.0,70.2,71.1,70.6,3.2,20.4,,,0,0,0,Lectura invalida de DHT
2026-05-11,20:13:31,maceta2,69.0,67.0,54.2,55.2,54.7,20.4,13.8,,,0,0,0,Lectura invalida de DHT
2026-05-11,20:13:58,maceta1,45.0,44.0,70.1,71.0,70.5,3.4,21.9,,,0,0,0,Lectura invalida de DHT
2026-05-11,20:13:58,maceta2,69.0,67.0,54.1,55.2,54.6,14.2,0.7,16.2,44.7,0,0,0,
2026-05-11,20:14:25,maceta1,45.0,44.0,69.9,70.9,70.4,8.7,6.4,,,0,0,0,Lectura invalida de DHT
2026-05-11,20:14:25,maceta2,69.0,68.0,53.9,55.0,54.5,27.0,14.8,16.2,44.7,0,0,0,
2026-05-11,20:14:51,maceta1,45.0,44.0,69.7,70.8,70.2,18.4,2.4,,,0,0,0,Lectura invalida de DHT
2026-05-11,20:14:51,maceta2,69.0,68.0,53.8,54.8,54.3,10.1,2.5,16.2,44.7,0,0,0,
2026-05-11,20:15:18,maceta1,46.0,44.0,69.5,70.6,70.1,24.1,8.3,,,0,0,0,Lectura invalida de DHT
2026-05-11,20:15:18,maceta2,70.0,68.0,53.6,54.6,54.1,8.8,29.6,,,0,0,0,Lectura invalida de DHT
2026-05-11,20:15:45,maceta1,46.0,44.0,69.4,70.5,69.9,27.0,7.5,,,0,0,0,Lectura invalida de DHT
2026-05-11,20:15:45,maceta2,70.0,68.0,53.3,54.4,53.9,26.2,17.6,16.2,44.7,0,0,0,
2026-05-11,20:16:12,maceta1,46.0,44.0,69.3,70.4,69.8,18.7,7.0,,,0,0,0,Lectura invalida de DHT
2026-05-11,20:16:12,maceta2,70.0,69.0,53.1,54.2,53.7,23.9,7.7,16.2,44.7,0,0,0,
2026-05-11,20:16:39,maceta1,46.0,45.0,69.2,70.3,69.7,0.2,5.8,,,0,0,0,Lectura invalida de DHT
2026-05-11,20:16:39,maceta2,71.0,69.0,53.0,54.1,53.5,15.4,16.9,,,0,0,0,Lectura invalida de DHT
2026-05-11,20:17:05,maceta1,47.0,45.0,69.0,70.1,69.5,5.6,17.2,,,0,0,0,Lectura invalida de DHT
2026-05-11,20:17:05,maceta2,71.0,69.0,52.9,53.9,53.4,3.9,2.3,,,0,0,0,Lectura invalida de DHT
2026-05-11,20:17:32,maceta1,47.0,45.0,68.9,70.0,69.5,3.0,9.8,,,0,0,0,Lectura invalida de DHT
2026-05-11,20:17:32,maceta2,71.0,69.0,52.7,53.7,53.2,6.5,24.0,16.2,44.7,0,0,0,
2026-05-11,20:17:59,maceta1,47.0,45.0,68.8,69.7,69.3,10.9,24.6,,,0,0,0,Lectura invalida de DHT
2026-05-11,20:17:59,maceta2,71.0,69.0,52.5,53.7,53.1,19.7,27.8,16.2,44.7,0,0,0,
2026-05-11,20:18:26,maceta1,47.0,46.0,68.6,69.6,69.1,15.0,5.5,,,0,0,0,Lectura invalida de DHT
2026-05-11,20:18:26,maceta2,71.0,70.0,52.4,53.6,53.0,11.6,26.2,16.2,44.7,0,0,0,
2026-05-11,20:18:52,maceta1,47.0,46.0,68.4,69.4,68.9,1.3,13.9,,,0,0,0,Lectura invalida de DHT
2026-05-11,20:18:52,maceta2,72.0,70.0,52.3,53.3,52.8,25.1,10.3,16.2,44.7,0,0,0,
2026-05-11,20:19:19,maceta1,48.0,46.0,68.1,69.3,68.7,10.5,0.4,,,0,0,0,Lectura invalida de DHT
2026-05-11,20:19:19,maceta2,72.0,70.0,52.2,53.2,52.7,28.5,9.8,,,0,0,0,Lectura invalida de DHT
2026-05-11,20:19:46,maceta1,48.0,46.0,68.0,69.2,68.6,5.4,14.5,,,0,0,0,Lectura invalida de DHT
2026-05-11,20:19:46,maceta2,72.0,71.0,52.1,52.9,52.5,24.2,1.1,16.2,44.7,0,0,0,
2026-05-11,20:20:14,maceta1,48.0,47.0,67.9,69.0,68.4,19.4,1.7,,,0,0,0,Lectura invalida de DHT
2026-05-11,20:20:14,maceta2,72.0,71.0,51.8,52.8,52.3,11.3,19.5,16.2,44.7,0,0,0,
2026-05-11,20:20:41,maceta1,48.0,47.0,67.8,68.8,68.3,13.9,29.3,,,0,0,0,Lectura invalida de DHT
2026-05-11,20:20:41,maceta2,73.0,71.0,51.6,52.6,52.1,23.7,16.0,16.2,44.7,0,0,0,
2026-05-11,20:21:08,maceta1,48.0,47.0,67.7,68.7,68.2,14.9,23.7,,,0,0,0,Lectura invalida de DHT
2026-05-11,20:21:08,maceta2,73.0,71.0,51.5,52.5,52.0,10.5,13.8,16.2,44.7,0,0,0,
2026-05-11,20:21:34,maceta1,49.0,47.0,67.4,68.5,68.0,12.8,14.7,,,0,0,0,Lectura invalida de DHT
2026-05-11,20:21:34,maceta2,73.0,72.0,51.4,52.3,51.8,5.0,27.2,16.2,44.7,0,0,0,
2026-05-11,20:22:01,maceta1,49.0,48.0,67.2,68.3,67.8,28.7,2.6,,,0,0,0,Lectura invalida de DHT
2026-05-11,20:22:01,maceta2,73.0,72.0,51.2,52.1,51.6,1.0,5.0,16.2,44.7,0,0,0,
2026-05-11,20:22:28,maceta1,49.0,48.0,67.0,68.2,67.6,6.4,17.8,,,0,0,0,Lectura invalida de DHT
2026-05-11,20:22:28,maceta2,73.0,72.0,51.1,52.0,51.5,11.6,0.3,16.2,44.7,0,0,0,
2026-05-11,20:22:55,maceta1,50.0,48.0,66.9,68.1,67.5,15.5,22.8,,,0,0,0,Lectura invalida de DHT
2026-05-11,20:22:55,maceta2,73.0,72.0,51.0,51.9,51.4,27.1,2.2,,,0,0,0,Lectura invalida de DHT
2026-05-11,20:23:21,maceta1,50.0,48.0,66.8,67.8,67.3,22.1,5.7,,,0,0,0,Lectura invalida de DHT
2026-05-11,20:23:21,maceta2,74.0,72.0,50.9,51.7,51.3,7.2,6.7,16.2,44.7,0,0,0,
2026-05-11,20:23:48,maceta1,50.0,49.0,66.7,67.6,67.2,16.7,17.0,,,0,0,0,Lectura invalida de DHT
2026-05-11,20:23:48,maceta2,74.0,73.0,50.7,51.5,51.1,6.2,1.0,16.2,44.7,0,0,0,
2026-05-11,20:24:15,maceta1,50.0,49.0,66.6,67.4,67.0,27.9,24.4,,,0,0,0,Lectura invalida de DHT
2026-05-11,20:24:15,maceta2,74.0,73.0,50.7,51.4,51.0,29.1,15.1,16.2,44.7,0,0,0,
2026-05-11,20:24:42,maceta1,50.0,49.0,66.5,67.3,66.9,11.3,23.0,,,0,0,0,Lectura invalida de DHT
2026-05-11,20:24:42,maceta2,74.0,73.0,50.6,51.3,50.9,0.8,9.4,16.2,44.8,0,0,0,
2026-05-11,20:25:08,maceta1,51.0,49.0,66.3,67.2,66.7,13.9,24.1,,,0,0,0,Lectura invalida de DHT
2026-05-11,20:25:08,maceta2,74.0,73.0,50.5,51.2,50.8,23.6,5.4,16.2,44.8,0,0,0,
2026-05-11,20:25:35,maceta1,51.0,49.0,66.2,67.1,66.6,2.7,26.4,,,0,0,0,Lectura invalida de DHT
2026-05-11,20:25:35,maceta2,75.0,74.0,50.3,51.0,50.6,9.6,22.5,16.2,44.7,0,0,0,
2026-05-11,20:26:18,maceta1,51.0,49.0,66.1,67.0,66.6,18.3,28.1,,,0,0,0,Lectura invalida de DHT
2026-05-11,20:26:18,maceta2,75.0,74.0,50.1,50.8,50.5,1.1,6.1,,,0,0,0,Lectura invalida de DHT
2026-05-11,20:26:44,maceta1,51.0,50.0,65.9,66.9,66.4,8.6,12.2,,,0,0,0,Lectura invalida de DHT
2026-05-11,20:26:44,maceta2,75.0,74.0,50.1,50.6,50.3,27.5,20.6,,,0,0,0,Lectura invalida de DHT
2026-05-11,20:27:11,maceta1,51.0,50.0,65.7,66.8,66.3,4.8,17.1,,,0,0,0,Lectura invalida de DHT
2026-05-11,20:27:11,maceta2,75.0,74.0,50.0,50.5,50.2,4.2,10.5,,,0,0,1,Lectura invalida de DHT
2026-05-11,20:27:38,maceta1,52.0,50.0,65.5,66.6,66.1,16.3,23.7,,,0,0,0,Lectura invalida de DHT
2026-05-11,20:27:38,maceta2,28.0,29.0,81.3,80.4,80.8,16.6,15.4,,,0,0,0,Lectura invalida de DHT
2026-05-11,20:28:05,maceta1,52.0,50.0,65.5,66.5,66.0,16.0,20.9,,,0,0,0,Lectura invalida de DHT
2026-05-11,20:28:05,maceta2,28.0,30.0,81.1,80.3,80.7,8.2,28.0,16.2,44.8,0,0,0,
2026-05-11,20:28:31,maceta1,52.0,51.0,65.4,66.3,65.8,2.3,29.9,,,0,0,0,Lectura invalida de DHT
2026-05-11,20:28:31,maceta2,29.0,30.0,80.9,80.1,80.5,2.0,1.1,,,0,0,0,Lectura invalida de DHT
2026-05-11,20:28:58,maceta1,52.0,51.0,65.2,66.0,65.6,20.9,0.4,,,0,0,0,Lectura invalida de DHT
2026-05-11,20:28:58,maceta2,29.0,30.0,80.7,79.9,80.3,1.5,15.0,,,0,0,0,Lectura invalida de DHT
2026-05-11,20:29:25,maceta1,52.0,51.0,65.1,65.9,65.5,18.7,10.7,,,0,0,0,Lectura invalida de DHT
2026-05-11,20:29:25,maceta2,29.0,30.0,80.5,79.7,80.1,3.5,25.6,16.2,44.7,0,0,0,
2026-05-11,20:29:52,maceta1,52.0,51.0,65.0,65.8,65.4,5.7,8.4,,,0,0,0,Lectura invalida de DHT
2026-05-11,20:29:52,maceta2,30.0,31.0,80.3,79.7,80.0,2.1,17.6,,,0,0,0,Lectura invalida de DHT
2026-05-11,20:30:19,maceta1,53.0,51.0,64.9,65.7,65.3,14.1,7.9,,,0,0,0,Lectura invalida de DHT
2026-05-11,20:30:19,maceta2,30.0,31.0,80.2,79.5,79.8,22.8,8.3,16.2,44.7,0,0,0,
2026-05-11,20:30:47,maceta1,53.0,52.0,64.7,65.6,65.1,21.6,6.7,,,0,0,0,Lectura invalida de DHT
2026-05-11,20:30:47,maceta2,30.0,31.0,80.0,79.3,79.7,14.6,11.9,16.2,44.8,0,0,0,
2026-05-11,20:31:13,maceta1,53.0,52.0,64.5,65.4,65.0,15.9,21.3,,,0,0,0,Lectura invalida de DHT
2026-05-11,20:31:13,maceta2,30.0,31.0,79.8,79.2,79.5,10.3,20.4,16.2,44.8,0,0,0,
2026-05-11,20:31:40,maceta1,54.0,52.0,64.2,65.2,64.7,11.9,2.5,,,0,0,0,Lectura invalida de DHT
2026-05-11,20:31:40,maceta2,31.0,31.0,79.6,79.1,79.4,12.6,26.7,,,0,0,0,Lectura invalida de DHT
2026-05-11,20:32:07,maceta1,54.0,53.0,64.0,65.0,64.5,9.7,22.2,,,0,0,0,Lectura invalida de DHT
2026-05-11,20:32:07,maceta2,31.0,31.0,79.4,79.0,79.2,27.9,1.2,,,0,0,0,Lectura invalida de DHT
2026-05-11,20:32:34,maceta1,54.0,53.0,63.8,64.8,64.3,18.3,20.8,,,0,0,0,Lectura invalida de DHT
2026-05-11,20:32:34,maceta2,31.0,32.0,79.2,78.9,79.1,27.3,2.1,16.2,44.8,0,0,0,
2026-05-11,20:33:00,maceta1,54.0,53.0,63.7,64.6,64.2,28.2,7.5,,,0,0,0,Lectura invalida de DHT
2026-05-11,20:33:00,maceta2,31.0,32.0,79.1,78.7,78.9,21.5,9.8,,,0,0,0,Lectura invalida de DHT
2026-05-11,20:33:27,maceta1,55.0,53.0,63.5,64.4,64.0,20.2,7.6,,,0,0,0,Lectura invalida de DHT
2026-05-11,20:33:27,maceta2,32.0,32.0,79.0,78.5,78.7,26.5,7.0,16.2,44.8,0,0,0,
2026-05-11,20:33:54,maceta1,55.0,54.0,63.4,64.3,63.8,2.2,18.9,,,0,0,0,Lectura invalida de DHT
2026-05-11,20:33:54,maceta2,32.0,32.0,78.7,78.4,78.6,9.6,7.9,16.2,44.8,0,0,0,
2026-05-11,20:34:21,maceta1,55.0,54.0,63.2,64.0,63.6,13.8,22.9,,,0,0,0,Lectura invalida de DHT
2026-05-11,20:34:21,maceta2,32.0,33.0,78.5,78.3,78.4,11.4,6.6,16.2,44.8,0,0,0,
2026-05-11,20:34:48,maceta1,55.0,54.0,63.1,63.9,63.5,26.7,26.3,,,0,0,0,Lectura invalida de DHT
2026-05-11,20:34:48,maceta2,32.0,33.0,78.5,78.2,78.3,18.4,5.9,16.2,44.8,0,0,0,
2026-05-11,20:35:14,maceta1,56.0,54.0,62.9,63.8,63.4,2.8,25.6,,,0,0,0,Lectura invalida de DHT
2026-05-11,20:35:14,maceta2,33.0,33.0,78.3,78.0,78.1,18.7,3.9,16.2,44.8,0,0,0,
2026-05-11,20:35:41,maceta1,56.0,54.0,62.9,63.7,63.3,29.7,28.9,,,0,0,0,Lectura invalida de DHT
2026-05-11,20:35:41,maceta2,33.0,33.0,78.2,77.8,78.0,14.5,28.0,16.2,44.8,0,0,0,
2026-05-11,20:36:08,maceta1,56.0,54.0,62.7,63.7,63.2,28.5,17.4,,,0,0,0,Lectura invalida de DHT
2026-05-11,20:36:08,maceta2,33.0,33.0,78.0,77.7,77.9,12.0,4.3,16.2,44.8,0,0,0,
2026-05-11,20:36:35,maceta1,56.0,55.0,62.5,63.5,63.0,2.3,27.3,,,0,0,0,Lectura invalida de DHT
2026-05-11,20:36:35,maceta2,33.0,34.0,77.9,77.6,77.8,29.6,6.1,16.2,44.8,0,0,0,
2026-05-11,20:37:01,maceta1,57.0,55.0,62.3,63.2,62.7,28.0,24.3,,,0,0,0,Lectura invalida de DHT
2026-05-11,20:37:01,maceta2,33.0,34.0,77.7,77.5,77.6,24.6,7.4,,,0,0,0,Lectura invalida de DHT
2026-05-11,20:37:28,maceta1,57.0,56.0,62.1,63.0,62.6,10.9,26.8,,,0,0,0,Lectura invalida de DHT
2026-05-11,20:37:28,maceta2,34.0,34.0,77.6,77.4,77.5,13.0,28.0,,,0,0,0,Lectura invalida de DHT
2026-05-11,20:38:03,maceta1,57.0,56.0,62.1,62.8,62.4,25.3,0.3,,,0,0,0,Lectura invalida de DHT
2026-05-11,20:38:03,maceta2,34.0,34.0,77.4,77.3,77.3,21.8,22.7,16.2,44.8,0,0,0,
2026-05-11,20:38:30,maceta1,57.0,56.0,61.9,62.7,62.3,12.6,29.0,,,0,0,0,Lectura invalida de DHT
2026-05-11,20:38:30,maceta2,34.0,34.0,77.2,77.2,77.2,8.1,23.7,16.2,44.8,0,0,0,
2026-05-11,20:38:57,maceta1,57.0,56.0,61.8,62.6,62.2,13.2,14.2,,,0,0,0,Lectura invalida de DHT
2026-05-11,20:38:57,maceta2,34.0,34.0,77.1,77.1,77.1,3.0,3.1,,,0,0,0,Lectura invalida de DHT
2026-05-11,20:39:23,maceta1,58.0,56.0,61.5,62.5,62.0,19.0,23.9,,,0,0,0,Lectura invalida de DHT
2026-05-11,20:39:23,maceta2,35.0,35.0,76.9,76.9,76.9,10.6,25.1,16.2,44.8,0,0,0,
2026-05-11,20:39:50,maceta1,58.0,56.0,61.4,62.4,61.9,23.2,3.8,,,0,0,0,Lectura invalida de DHT
2026-05-11,20:39:50,maceta2,35.0,35.0,76.9,76.9,76.9,12.1,12.2,16.2,44.7,0,0,0,
2026-05-11,20:40:17,maceta1,58.0,57.0,61.3,62.2,61.7,1.0,11.9,,,0,0,0,Lectura invalida de DHT
2026-05-11,20:40:17,maceta2,35.0,35.0,76.7,76.8,76.8,0.5,7.9,,,0,0,0,Lectura invalida de DHT
2026-05-11,20:40:44,maceta1,58.0,57.0,61.1,61.9,61.5,17.8,8.1,,,0,0,0,Lectura invalida de DHT
2026-05-11,20:40:44,maceta2,35.0,35.0,76.5,76.7,76.6,24.4,17.3,16.2,44.8,0,0,0,
2026-05-11,20:41:10,maceta1,59.0,57.0,61.0,61.8,61.4,5.6,8.7,,,0,0,0,Lectura invalida de DHT
2026-05-11,20:41:10,maceta2,35.0,35.0,76.4,76.4,76.4,10.8,24.7,16.2,44.8,0,0,0,
2026-05-11,20:41:37,maceta1,59.0,57.0,60.8,61.7,61.2,10.4,3.7,,,0,0,0,Lectura invalida de DHT
2026-05-11,20:41:37,maceta2,36.0,36.0,76.2,76.2,76.2,17.4,23.4,16.2,44.8,0,0,0,
2026-05-11,20:42:04,maceta1,59.0,58.0,60.7,61.5,61.1,10.4,24.2,,,0,0,0,Lectura invalida de DHT
2026-05-11,20:42:04,maceta2,36.0,36.0,76.0,76.0,76.0,2.2,26.7,16.2,44.8,0,0,0,
2026-05-11,20:42:41,maceta1,59.0,58.0,60.6,61.4,61.0,14.1,0.3,,,0,0,0,Lectura invalida de DHT
2026-05-11,20:42:41,maceta2,36.0,36.0,75.9,75.8,75.8,5.2,27.8,16.2,44.8,0,0,0,
2026-05-11,20:43:09,maceta1,59.0,58.0,60.5,61.2,60.9,10.0,9.4,,,0,0,0,Lectura invalida de DHT
2026-05-11,20:43:09,maceta2,36.0,37.0,75.7,75.6,75.7,26.7,7.1,16.2,44.8,0,0,0,
2026-05-11,20:43:36,maceta1,60.0,58.0,60.3,61.1,60.7,3.2,5.2,,,0,0,0,Lectura invalida de DHT
2026-05-11,20:43:36,maceta2,37.0,37.0,75.6,75.4,75.5,18.3,12.7,16.2,44.8,0,0,0,
2026-05-11,20:44:03,maceta1,60.0,58.0,60.1,61.0,60.6,4.4,17.7,,,0,0,0,Lectura invalida de DHT
2026-05-11,20:44:03,maceta2,37.0,37.0,75.4,75.3,75.3,28.5,0.4,16.2,44.8,0,0,0,
2026-05-11,20:44:29,maceta1,60.0,59.0,59.9,60.8,60.3,1.0,7.6,,,0,0,0,Lectura invalida de DHT
2026-05-11,20:44:29,maceta2,37.0,37.0,75.2,75.2,75.2,30.0,26.4,16.2,44.8,0,0,0,
2026-05-11,20:44:56,maceta1,60.0,59.0,59.7,60.7,60.2,14.1,7.8,,,0,0,0,Lectura invalida de DHT
2026-05-11,20:44:56,maceta2,37.0,37.0,75.1,75.0,75.1,11.2,4.6,16.2,44.8,0,0,0,
2026-05-11,20:45:23,maceta1,61.0,59.0,59.6,60.5,60.0,28.6,14.7,,,0,0,0,Lectura invalida de DHT
2026-05-11,20:45:23,maceta2,38.0,38.0,74.9,74.8,74.9,9.0,25.8,16.2,44.8,0,0,0,
2026-05-11,20:45:50,maceta1,61.0,60.0,59.3,60.3,59.8,3.5,19.6,,,0,0,0,Lectura invalida de DHT
2026-05-11,20:45:50,maceta2,38.0,38.0,74.8,74.6,74.7,25.8,9.9,16.2,44.8,0,0,0,
2026-05-11,20:46:16,maceta1,61.0,60.0,59.1,60.2,59.7,28.4,3.6,,,0,0,0,Lectura invalida de DHT
2026-05-11,20:46:16,maceta2,38.0,38.0,74.7,74.4,74.6,30.0,11.0,16.2,44.8,0,0,0,
2026-05-11,20:46:43,maceta1,62.0,60.0,58.8,60.1,59.4,22.0,5.3,,,0,0,0,Lectura invalida de DHT
2026-05-11,20:46:43,maceta2,38.0,39.0,74.6,74.3,74.4,18.9,1.2,16.2,44.8,0,0,0,
2026-05-11,20:47:10,maceta1,62.0,60.0,58.6,59.9,59.3,19.1,7.4,,,0,0,0,Lectura invalida de DHT
2026-05-11,20:47:10,maceta2,38.0,39.0,74.4,74.2,74.3,23.9,9.8,16.2,44.8,0,0,0,
2026-05-11,20:47:37,maceta1,62.0,60.0,58.5,59.8,59.2,19.4,29.2,,,0,0,0,Lectura invalida de DHT
2026-05-11,20:47:37,maceta2,39.0,39.0,74.2,74.1,74.1,23.5,26.7,16.2,44.8,0,0,0,
2026-05-11,20:48:03,maceta1,62.0,61.0,58.4,59.7,59.1,24.8,11.9,,,0,0,0,Lectura invalida de DHT
2026-05-11,20:48:03,maceta2,39.0,39.0,74.1,74.0,74.1,10.7,0.8,16.2,44.8,0,0,0,
2026-05-11,20:48:30,maceta1,63.0,61.0,58.2,59.6,58.9,3.2,18.0,,,0,0,0,Lectura invalida de DHT
2026-05-11,20:48:30,maceta2,39.0,39.0,73.9,73.9,73.9,17.2,12.2,16.2,44.8,0,0,0,
2026-05-11,20:48:57,maceta1,63.0,61.0,58.1,59.5,58.8,15.1,7.2,,,0,0,0,Lectura invalida de DHT
2026-05-11,20:48:57,maceta2,39.0,39.0,73.7,73.7,73.7,25.0,0.9,,,0,0,0,Lectura invalida de DHT
2026-05-11,20:49:24,maceta1,63.0,61.0,58.0,59.3,58.6,20.9,14.7,,,0,0,0,Lectura invalida de DHT
2026-05-11,20:49:24,maceta2,40.0,40.0,73.6,73.6,73.6,20.6,11.1,16.2,44.8,0,0,0,
2026-05-11,20:49:51,maceta1,63.0,61.0,57.9,59.2,58.6,17.6,2.2,,,0,0,0,Lectura invalida de DHT
2026-05-11,20:49:51,maceta2,40.0,40.0,73.5,73.3,73.4,0.6,5.2,16.2,44.9,0,0,0,
2026-05-11,20:50:18,maceta1,63.0,62.0,57.7,59.0,58.3,25.0,1.0,,,0,0,0,Lectura invalida de DHT
2026-05-11,20:50:18,maceta2,40.0,40.0,73.4,73.3,73.3,10.1,7.6,,,0,0,0,Lectura invalida de DHT
2026-05-11,20:50:44,maceta1,64.0,62.0,57.6,58.8,58.2,2.2,14.1,,,0,0,0,Lectura invalida de DHT
2026-05-11,20:50:44,maceta2,40.0,40.0,73.2,73.1,73.2,4.3,26.3,16.2,44.9,0,0,0,
2026-05-11,20:51:11,maceta1,64.0,62.0,57.4,58.6,58.0,20.7,12.0,,,0,0,0,Lectura invalida de DHT
2026-05-11,20:51:11,maceta2,40.0,41.0,73.0,72.8,72.9,7.0,13.1,16.2,44.8,0,0,0,
2026-05-11,20:51:54,maceta1,64.0,63.0,57.3,58.3,57.8,16.0,4.1,,,0,0,0,Lectura invalida de DHT
2026-05-11,20:51:54,maceta2,41.0,41.0,72.8,72.7,72.8,27.2,8.2,16.2,44.9,0,0,0,
2026-05-11,20:52:20,maceta1,64.0,63.0,57.2,58.2,57.7,11.4,20.6,,,0,0,0,Lectura invalida de DHT
2026-05-11,20:52:20,maceta2,41.0,41.0,72.7,72.5,72.6,1.1,17.7,16.2,44.8,0,0,0,
2026-05-11,20:53:01,maceta1,64.0,63.0,57.1,58.1,57.6,10.2,29.8,,,0,0,0,Lectura invalida de DHT
2026-05-11,20:53:01,maceta2,41.0,41.0,72.4,72.4,72.4,6.6,4.3,16.2,44.9,0,0,0,
2026-05-11,20:53:28,maceta1,65.0,63.0,56.9,57.9,57.4,18.6,11.9,,,0,0,0,Lectura invalida de DHT
2026-05-11,20:53:28,maceta2,42.0,42.0,72.3,72.2,72.2,9.3,7.8,16.2,44.9,0,0,0,
2026-05-11,20:54:04,maceta1,65.0,63.0,56.8,57.8,57.3,26.7,18.7,,,0,0,0,Lectura invalida de DHT
2026-05-11,20:54:04,maceta2,42.0,42.0,72.2,72.0,72.1,18.5,16.4,16.2,44.9,0,0,0,
2026-05-11,20:54:41,maceta1,65.0,64.0,56.7,57.6,57.1,14.9,28.9,,,0,0,0,Lectura invalida de DHT
2026-05-11,20:54:41,maceta2,42.0,42.0,72.0,71.8,71.9,16.0,7.1,16.2,44.9,0,0,0,
2026-05-11,20:55:13,maceta1,65.0,64.0,56.5,57.4,56.9,24.7,24.9,,,0,0,0,Lectura invalida de DHT
2026-05-11,20:55:13,maceta2,42.0,42.0,71.9,71.7,71.8,6.5,20.4,16.2,44.9,0,0,0,
2026-05-11,20:55:40,maceta1,66.0,64.0,56.3,57.2,56.7,12.1,13.9,,,0,0,0,Lectura invalida de DHT
2026-05-11,20:55:40,maceta2,42.0,43.0,71.7,71.5,71.6,4.9,14.7,,,0,0,0,Lectura invalida de DHT
2026-05-11,20:56:08,maceta1,66.0,64.0,56.1,57.1,56.6,3.1,22.1,,,0,0,0,Lectura invalida de DHT
2026-05-11,20:56:08,maceta2,43.0,43.0,71.5,71.3,71.4,7.1,23.2,,,0,0,0,Lectura invalida de DHT
2026-05-11,20:56:36,maceta1,66.0,65.0,55.9,56.9,56.4,1.8,3.8,,,0,0,0,Lectura invalida de DHT
2026-05-11,20:56:36,maceta2,43.0,43.0,71.3,71.2,71.3,15.1,28.4,16.2,44.9,0,0,0,
2026-05-11,20:57:02,maceta1,66.0,65.0,55.7,56.6,56.2,1.5,15.4,,,0,0,0,Lectura invalida de DHT
2026-05-11,20:57:02,maceta2,43.0,43.0,71.2,71.1,71.1,8.1,3.5,16.2,44.9,0,0,0,
2026-05-11,20:57:29,maceta1,67.0,65.0,55.5,56.4,56.0,11.4,8.4,,,0,0,0,Lectura invalida de DHT
2026-05-11,20:57:29,maceta2,44.0,44.0,71.0,70.9,70.9,28.4,10.0,16.2,44.9,0,0,0,
2026-05-11,20:58:05,maceta1,67.0,66.0,55.3,56.3,55.8,10.1,4.8,,,0,0,0,Lectura invalida de DHT
2026-05-11,20:58:05,maceta2,44.0,44.0,70.8,70.7,70.8,13.9,9.6,16.2,44.9,0,0,0,
2026-05-11,20:58:32,maceta1,67.0,66.0,55.1,56.2,55.6,21.5,12.8,,,0,0,0,Lectura invalida de DHT
2026-05-11,20:58:32,maceta2,44.0,44.0,70.8,70.5,70.6,1.8,4.5,,,0,0,0,Lectura invalida de DHT
2026-05-11,20:58:58,maceta1,67.0,66.0,55.0,55.9,55.5,22.3,3.9,,,0,0,0,Lectura invalida de DHT
2026-05-11,20:58:58,maceta2,44.0,45.0,70.6,70.3,70.5,21.9,24.3,16.2,44.9,0,0,0,
2026-05-11,20:59:26,maceta1,68.0,66.0,54.8,55.8,55.3,1.5,21.0,,,0,0,0,Lectura invalida de DHT
2026-05-11,20:59:26,maceta2,44.0,45.0,70.5,70.2,70.4,9.9,22.8,16.2,44.9,0,0,0,
2026-05-11,20:59:52,maceta1,68.0,67.0,54.6,55.7,55.1,6.6,13.7,,,0,0,0,Lectura invalida de DHT
2026-05-11,20:59:52,maceta2,44.0,45.0,70.3,70.2,70.3,19.6,14.5,,,0,0,0,Lectura invalida de DHT
2026-05-11,21:00:19,maceta1,68.0,67.0,54.4,55.5,54.9,8.2,15.9,,,0,0,0,Lectura invalida de DHT
2026-05-11,21:00:19,maceta2,45.0,45.0,70.3,70.0,70.1,8.4,16.1,16.2,44.9,0,0,0,
2026-05-11,21:00:46,maceta1,69.0,67.0,54.2,55.4,54.8,16.4,4.4,,,0,0,0,Lectura invalida de DHT
2026-05-11,21:00:46,maceta2,45.0,45.0,70.2,69.8,70.0,17.1,1.8,16.2,44.9,0,0,0,
2026-05-11,21:01:13,maceta1,69.0,67.0,54.0,55.2,54.6,4.3,4.2,,,0,0,0,Lectura invalida de DHT
2026-05-11,21:01:13,maceta2,45.0,46.0,70.1,69.7,69.9,23.2,16.7,16.2,44.9,0,0,0,
2026-05-11,21:01:40,maceta1,69.0,67.0,53.8,55.1,54.4,4.0,17.5,,,0,0,0,Lectura invalida de DHT
2026-05-11,21:01:40,maceta2,45.0,46.0,69.9,69.5,69.7,27.8,23.7,16.2,44.9,0,0,0,
2026-05-11,21:02:07,maceta1,69.0,68.0,53.7,55.0,54.3,28.3,29.6,,,0,0,0,Lectura invalida de DHT
2026-05-11,21:02:07,maceta2,45.0,46.0,69.7,69.3,69.5,7.8,17.2,16.2,44.9,0,0,0,
2026-05-11,21:02:34,maceta1,70.0,68.0,53.6,54.7,54.1,24.1,2.9,,,0,0,0,Lectura invalida de DHT
2026-05-11,21:02:34,maceta2,46.0,46.0,69.6,69.1,69.4,10.0,8.0,,,0,0,0,Lectura invalida de DHT
2026-05-11,21:03:01,maceta1,70.0,68.0,53.5,54.5,54.0,5.4,8.6,,,0,0,0,Lectura invalida de DHT
2026-05-11,21:03:01,maceta2,46.0,46.0,69.5,69.1,69.3,13.9,20.0,,,0,0,0,Lectura invalida de DHT
2026-05-11,21:03:28,maceta1,70.0,69.0,53.3,54.2,53.8,12.2,26.1,,,0,0,0,Lectura invalida de DHT
2026-05-11,21:03:28,maceta2,46.0,47.0,69.4,69.0,69.2,27.8,10.8,,,0,0,0,Lectura invalida de DHT
2026-05-11,21:03:55,maceta1,70.0,69.0,53.1,54.0,53.6,10.7,2.2,,,0,0,0,Lectura invalida de DHT
2026-05-11,21:03:55,maceta2,46.0,47.0,69.1,68.9,69.0,27.0,16.3,,,0,0,0,Lectura invalida de DHT
2026-05-11,21:04:21,maceta1,70.0,69.0,53.0,53.9,53.5,23.7,26.3,,,0,0,0,Lectura invalida de DHT
2026-05-11,21:04:21,maceta2,46.0,47.0,69.1,68.7,68.9,2.7,14.6,,,0,0,0,Lectura invalida de DHT
2026-05-11,21:04:48,maceta1,71.0,69.0,52.9,53.7,53.3,15.3,15.7,,,0,0,0,Lectura invalida de DHT
2026-05-11,21:04:48,maceta2,47.0,47.0,68.9,68.6,68.7,4.0,11.4,16.2,45.0,0,0,0,
2026-05-11,21:05:15,maceta1,71.0,70.0,52.9,53.5,53.2,3.8,12.2,,,0,0,0,Lectura invalida de DHT
2026-05-11,21:05:15,maceta2,47.0,48.0,68.8,68.3,68.6,14.9,21.6,,,0,0,0,Lectura invalida de DHT
2026-05-11,21:05:42,maceta1,71.0,70.0,52.8,53.4,53.1,22.2,9.3,,,0,0,0,Lectura invalida de DHT
2026-05-11,21:05:42,maceta2,47.0,48.0,68.6,68.2,68.4,3.2,26.5,16.2,45.0,0,0,0,
2026-05-11,21:06:08,maceta1,71.0,70.0,52.7,53.2,53.0,11.9,8.9,,,0,0,0,Lectura invalida de DHT
2026-05-11,21:06:08,maceta2,47.0,48.0,68.4,68.0,68.2,10.4,0.2,16.2,45.0,0,0,0,
2026-05-11,21:06:35,maceta1,71.0,71.0,52.6,53.0,52.8,7.9,9.2,,,0,0,0,Lectura invalida de DHT
2026-05-11,21:06:35,maceta2,48.0,48.0,68.3,67.9,68.1,4.5,28.0,,,0,0,0,Lectura invalida de DHT
2026-05-11,21:07:02,maceta1,71.0,71.0,52.4,52.7,52.5,11.3,26.5,,,0,0,0,Lectura invalida de DHT
2026-05-11,21:07:02,maceta2,48.0,49.0,68.2,67.7,67.9,19.1,15.3,16.2,45.0,0,0,0,
2026-05-11,21:07:36,maceta1,72.0,71.0,52.2,52.5,52.4,14.9,21.7,,,0,0,0,Lectura invalida de DHT
2026-05-11,21:07:36,maceta2,48.0,49.0,68.1,67.5,67.8,28.5,21.0,16.2,45.0,0,0,0,
2026-05-11,21:08:04,maceta1,72.0,71.0,52.1,52.4,52.2,10.3,20.1,,,0,0,0,Lectura invalida de DHT
2026-05-11,21:08:04,maceta2,48.0,49.0,68.0,67.3,67.7,29.9,25.7,16.1,45.0,0,0,0,
2026-05-11,21:08:40,maceta1,72.0,72.0,51.8,52.2,52.0,7.3,24.0,,,0,0,0,Lectura invalida de DHT
2026-05-11,21:08:40,maceta2,48.0,49.0,67.9,67.1,67.5,11.3,14.0,16.2,45.0,0,0,0,
2026-05-11,21:09:20,maceta1,73.0,72.0,51.6,52.0,51.8,12.0,7.7,,,0,0,0,Lectura invalida de DHT
2026-05-11,21:09:20,maceta2,48.0,50.0,67.9,66.9,67.4,18.0,25.0,16.2,45.0,0,0,0,
2026-05-11,21:10:08,maceta1,73.0,72.0,51.5,51.8,51.7,0.6,18.5,,,0,0,0,Lectura invalida de DHT
2026-05-11,21:10:08,maceta2,49.0,50.0,67.6,66.7,67.2,25.7,5.3,16.2,45.0,0,0,0,
2026-05-11,21:10:53,maceta1,73.0,73.0,51.4,51.7,51.6,23.2,13.8,,,0,0,0,Lectura invalida de DHT
2026-05-11,21:10:53,maceta2,49.0,50.0,67.6,66.6,67.1,3.5,4.8,16.2,45.1,0,0,0,
2026-05-11,21:11:35,maceta1,73.0,73.0,51.3,51.4,51.3,5.1,23.5,,,0,0,0,Lectura invalida de DHT
2026-05-11,21:11:35,maceta2,49.0,50.0,67.4,66.5,66.9,20.7,19.7,16.1,45.1,0,0,0,
2026-05-11,21:12:16,maceta1,73.0,73.0,51.2,51.3,51.3,1.3,9.3,,,0,0,0,Lectura invalida de DHT
2026-05-11,21:12:16,maceta2,49.0,50.0,67.3,66.4,66.8,12.3,26.1,16.1,45.1,0,0,0,
2026-05-11,21:12:54,maceta1,73.0,73.0,51.1,51.2,51.2,19.6,19.3,,,0,0,0,Lectura invalida de DHT
2026-05-11,21:12:54,maceta2,49.0,51.0,67.2,66.3,66.7,6.2,26.8,16.1,45.1,0,0,0,
2026-05-11,21:13:31,maceta1,74.0,74.0,50.9,51.0,51.0,23.2,26.5,,,0,0,0,Lectura invalida de DHT
2026-05-11,21:13:31,maceta2,49.0,51.0,67.0,66.1,66.6,12.1,19.3,16.1,45.1,0,0,0,
2026-05-11,21:14:05,maceta1,74.0,74.0,50.7,50.8,50.7,24.4,12.1,,,0,0,0,Lectura invalida de DHT
2026-05-11,21:14:05,maceta2,50.0,51.0,66.9,66.0,66.5,2.3,15.8,,,0,0,0,Lectura invalida de DHT
2026-05-11,21:14:47,maceta1,74.0,74.0,50.6,50.7,50.7,14.8,2.0,,,0,0,0,Lectura invalida de DHT
2026-05-11,21:14:47,maceta2,50.0,51.0,66.8,65.8,66.3,20.9,9.9,16.1,45.1,0,0,0,
2026-05-11,21:15:14,maceta1,74.0,74.0,50.6,50.5,50.5,6.2,15.5,,,0,0,0,Lectura invalida de DHT
2026-05-11,21:15:14,maceta2,50.0,52.0,66.7,65.6,66.2,7.6,29.4,,,0,0,0,Lectura invalida de DHT
2026-05-11,21:15:41,maceta1,74.0,75.0,50.4,50.3,50.3,22.1,10.4,,,0,0,0,Lectura invalida de DHT
2026-05-11,21:15:41,maceta2,50.0,52.0,66.6,65.5,66.0,9.3,9.6,,,0,0,0,Lectura invalida de DHT
2026-05-11,21:16:08,maceta1,75.0,75.0,50.2,50.2,50.2,21.0,20.2,,,0,0,0,Lectura invalida de DHT
2026-05-11,21:16:08,maceta2,50.0,52.0,66.5,65.4,66.0,3.6,22.3,16.1,45.2,0,0,0,
2026-05-11,21:16:38,maceta1,75.0,75.0,50.0,50.1,50.0,7.4,28.5,,,0,0,1,Lectura invalida de DHT
2026-05-11,21:16:38,maceta2,51.0,52.0,66.3,65.3,65.8,25.9,16.0,16.1,45.2,0,0,0,
2026-05-11,21:17:04,maceta1,24.0,25.0,84.0,83.1,83.6,27.1,14.6,,,0,0,0,Lectura invalida de DHT
2026-05-11,21:17:04,maceta2,51.0,52.0,66.1,65.1,65.6,14.8,18.3,16.1,45.1,0,0,0,
2026-05-11,21:17:32,maceta1,24.0,26.0,83.9,82.9,83.4,3.1,14.0,,,0,0,0,Lectura invalida de DHT
2026-05-11,21:17:32,maceta2,51.0,53.0,65.9,64.9,65.4,17.2,11.8,16.1,45.1,0,0,0,
2026-05-11,21:18:00,maceta1,24.0,26.0,83.7,82.8,83.3,29.5,19.6,,,0,0,0,Lectura invalida de DHT
2026-05-11,21:18:00,maceta2,51.0,53.0,65.8,64.7,65.3,17.1,28.9,16.1,45.2,0,0,0,
2026-05-11,21:18:26,maceta1,25.0,26.0,83.5,82.6,83.1,25.8,3.1,,,0,0,0,Lectura invalida de DHT
2026-05-11,21:18:26,maceta2,52.0,53.0,65.6,64.5,65.1,12.3,17.2,,,0,0,0,Lectura invalida de DHT
2026-05-11,21:18:53,maceta1,25.0,26.0,83.4,82.4,82.9,20.6,7.6,,,0,0,0,Lectura invalida de DHT
2026-05-11,21:18:53,maceta2,52.0,54.0,65.5,64.3,64.9,5.8,28.1,16.1,45.2,0,0,0,
2026-05-11,21:19:20,maceta1,25.0,26.0,83.2,82.4,82.8,28.2,27.6,,,0,0,0,Lectura invalida de DHT
2026-05-11,21:19:20,maceta2,52.0,54.0,65.3,64.2,64.8,22.4,0.2,16.1,45.2,0,0,0,
2026-05-11,21:19:47,maceta1,25.0,27.0,83.0,82.2,82.6,21.7,20.1,,,0,0,0,Lectura invalida de DHT
2026-05-11,21:19:47,maceta2,52.0,54.0,65.1,64.1,64.6,3.8,17.2,,,0,0,0,Lectura invalida de DHT
2026-05-11,21:20:14,maceta1,26.0,27.0,82.8,82.0,82.4,5.7,0.4,,,0,0,0,Lectura invalida de DHT
2026-05-11,21:20:14,maceta2,52.0,54.0,65.1,63.8,64.5,3.1,21.5,16.1,45.2,0,0,0,
2026-05-11,21:20:40,maceta1,26.0,27.0,82.7,81.8,82.2,13.3,6.1,,,0,0,0,Lectura invalida de DHT
2026-05-11,21:20:40,maceta2,52.0,54.0,65.0,63.7,64.4,21.3,22.4,16.1,45.2,0,0,0,
2026-05-11,21:21:07,maceta1,26.0,27.0,82.5,81.7,82.1,2.1,20.5,,,0,0,0,Lectura invalida de DHT
2026-05-11,21:21:07,maceta2,53.0,55.0,64.9,63.6,64.2,6.3,27.1,,,0,0,0,Lectura invalida de DHT
2026-05-11,21:21:34,maceta1,27.0,28.0,82.3,81.5,81.9,11.7,22.9,,,0,0,0,Lectura invalida de DHT
2026-05-11,21:21:34,maceta2,53.0,55.0,64.8,63.3,64.0,9.2,0.1,16.1,45.2,0,0,0,
2026-05-11,21:22:01,maceta1,27.0,28.0,82.2,81.3,81.8,22.2,25.2,,,0,0,0,Lectura invalida de DHT
2026-05-11,21:22:01,maceta2,53.0,55.0,64.6,63.2,63.9,14.3,0.0,16.1,45.2,0,0,0,
2026-05-11,21:22:28,maceta1,27.0,28.0,82.0,81.1,81.6,11.6,8.8,,,0,0,0,Lectura invalida de DHT
2026-05-11,21:22:28,maceta2,53.0,55.0,64.5,63.1,63.8,13.5,14.2,16.1,45.2,0,0,0,
2026-05-11,21:22:54,maceta1,27.0,29.0,81.8,80.9,81.4,9.9,27.9,,,0,0,0,Lectura invalida de DHT
2026-05-11,21:22:54,maceta2,53.0,55.0,64.4,63.1,63.7,21.3,0.9,16.1,45.2,0,0,0,
2026-05-11,21:23:21,maceta1,28.0,29.0,81.6,80.8,81.2,17.9,16.6,,,0,0,0,Lectura invalida de DHT
2026-05-11,21:23:21,maceta2,54.0,56.0,64.3,62.9,63.6,18.7,29.2,16.1,45.2,0,0,0,
2026-05-11,21:23:48,maceta1,28.0,29.0,81.4,80.7,81.1,26.2,20.9,,,0,0,0,Lectura invalida de DHT
2026-05-11,21:23:48,maceta2,54.0,56.0,64.2,62.9,63.5,19.3,6.7,16.1,45.2,0,0,0,
2026-05-11,21:24:30,maceta1,28.0,29.0,81.3,80.5,80.9,1.4,17.9,,,0,0,0,Lectura invalida de DHT
2026-05-11,21:24:30,maceta2,54.0,56.0,64.0,62.8,63.4,21.4,14.2,16.1,45.2,0,0,0,
2026-05-11,21:25:04,maceta1,28.0,29.0,81.1,80.4,80.7,11.6,3.7,,,0,0,0,Lectura invalida de DHT
2026-05-11,21:25:04,maceta2,54.0,56.0,63.8,62.6,63.2,8.8,1.8,,,0,0,0,Lectura invalida de DHT
2026-05-11,21:25:46,maceta1,29.0,30.0,81.0,80.3,80.6,4.7,28.9,,,0,0,0,Lectura invalida de DHT
2026-05-11,21:25:46,maceta2,54.0,56.0,63.7,62.4,63.0,9.7,15.7,16.1,45.3,0,0,0,
2026-05-11,21:26:21,maceta1,29.0,30.0,80.8,80.1,80.5,20.9,3.7,,,0,0,0,Lectura invalida de DHT
2026-05-11,21:26:21,maceta2,55.0,57.0,63.6,62.2,62.9,13.1,11.4,16.1,45.3,0,0,0,
2026-05-11,21:26:48,maceta1,29.0,30.0,80.7,80.1,80.4,3.2,7.6,,,0,0,0,Lectura invalida de DHT
2026-05-11,21:26:48,maceta2,55.0,57.0,63.5,62.0,62.8,9.2,1.3,16.1,45.3,0,0,0,
2026-05-11,21:27:14,maceta1,29.0,30.0,80.5,80.0,80.2,19.9,24.4,,,0,0,0,Lectura invalida de DHT
2026-05-11,21:27:14,maceta2,55.0,57.0,63.3,62.0,62.6,29.5,10.1,,,0,0,0,Lectura invalida de DHT
2026-05-11,21:27:41,maceta1,29.0,30.0,80.4,79.8,80.1,8.6,18.6,,,0,0,0,Lectura invalida de DHT
2026-05-11,21:27:41,maceta2,55.0,57.0,63.3,61.8,62.5,24.4,11.7,16.1,45.3,0,0,0,
2026-05-11,21:28:08,maceta1,30.0,31.0,80.3,79.6,79.9,6.0,25.1,,,0,0,0,Lectura invalida de DHT
2026-05-11,21:28:08,maceta2,55.0,57.0,63.2,61.7,62.4,4.9,29.7,16.1,45.3,0,0,0,
2026-05-11,21:28:35,maceta1,30.0,31.0,80.2,79.4,79.8,28.1,15.5,,,0,0,0,Lectura invalida de DHT
2026-05-11,21:28:35,maceta2,55.0,58.0,63.0,61.5,62.2,0.2,6.2,,,0,0,0,Lectura invalida de DHT
2026-05-11,21:29:02,maceta1,30.0,31.0,79.9,79.2,79.6,0.6,11.3,,,0,0,0,Lectura invalida de DHT
2026-05-11,21:29:02,maceta2,56.0,58.0,62.9,61.4,62.1,1.3,16.3,16.1,45.3,0,0,0,
2026-05-11,21:29:28,maceta1,30.0,31.0,79.7,79.2,79.4,13.1,27.7,,,0,0,0,Lectura invalida de DHT
2026-05-11,21:29:28,maceta2,56.0,58.0,62.7,61.3,62.0,7.3,29.6,16.1,45.3,0,0,0,
2026-05-11,21:29:55,maceta1,31.0,31.0,79.6,79.0,79.3,0.6,1.1,,,0,0,0,Lectura invalida de DHT
2026-05-11,21:29:55,maceta2,56.0,58.0,62.5,61.1,61.8,3.4,23.8,,,0,0,0,Lectura invalida de DHT
2026-05-11,21:30:24,maceta1,31.0,32.0,79.5,78.9,79.2,14.5,25.7,,,0,0,0,Lectura invalida de DHT
2026-05-11,21:30:24,maceta2,57.0,59.0,62.3,61.0,61.6,16.0,29.8,16.1,45.3,0,0,0,
2026-05-11,21:30:51,maceta1,31.0,32.0,79.4,78.7,79.1,15.0,6.9,,,0,0,0,Lectura invalida de DHT
2026-05-11,21:30:51,maceta2,57.0,59.0,62.2,60.9,61.5,25.7,29.0,16.1,45.3,0,0,0,
2026-05-11,21:31:33,maceta1,31.0,32.0,79.2,78.6,78.9,9.6,25.5,,,0,0,0,Lectura invalida de DHT
2026-05-11,21:31:33,maceta2,57.0,59.0,61.9,60.7,61.3,22.1,14.7,,,0,0,0,Lectura invalida de DHT
2026-05-11,21:32:00,maceta1,31.0,32.0,79.0,78.5,78.8,4.0,4.2,,,0,0,0,Lectura invalida de DHT
2026-05-11,21:32:00,maceta2,57.0,59.0,61.8,60.5,61.2,6.5,20.9,16.1,45.3,0,0,0,
2026-05-11,21:32:26,maceta1,32.0,33.0,78.9,78.3,78.6,11.3,17.4,,,0,0,0,Lectura invalida de DHT
2026-05-11,21:32:26,maceta2,58.0,59.0,61.6,60.4,61.0,12.0,3.3,16.1,45.3,0,0,0,
2026-05-11,21:32:53,maceta1,32.0,33.0,78.8,78.2,78.5,20.2,26.6,,,0,0,0,Lectura invalida de DHT
2026-05-11,21:32:53,maceta2,58.0,59.0,61.5,60.3,60.9,15.2,13.2,16.1,45.4,0,0,0,
2026-05-11,21:33:20,maceta1,32.0,33.0,78.6,78.0,78.3,23.5,14.2,,,0,0,0,Lectura invalida de DHT
2026-05-11,21:33:20,maceta2,58.0,60.0,61.4,60.1,60.8,24.3,24.3,16.1,45.4,0,0,0,
2026-05-11,21:33:47,maceta1,32.0,33.0,78.4,77.8,78.1,15.9,22.4,,,0,0,0,Lectura invalida de DHT
2026-05-11,21:33:47,maceta2,58.0,60.0,61.2,60.0,60.6,25.2,15.2,,,0,0,0,Lectura invalida de DHT
2026-05-11,21:34:13,maceta1,32.0,33.0,78.3,77.8,78.0,17.7,24.1,,,0,0,0,Lectura invalida de DHT
2026-05-11,21:34:13,maceta2,58.0,60.0,61.1,59.9,60.5,27.3,21.1,,,0,0,0,Lectura invalida de DHT
2026-05-11,21:34:40,maceta1,33.0,34.0,78.2,77.6,77.9,6.0,22.1,,,0,0,0,Lectura invalida de DHT
2026-05-11,21:34:40,maceta2,59.0,60.0,60.9,59.7,60.3,15.3,22.4,16.1,45.4,0,0,0,
2026-05-11,21:35:07,maceta1,33.0,34.0,78.0,77.5,77.7,8.6,27.8,,,0,0,0,Lectura invalida de DHT
2026-05-11,21:35:07,maceta2,59.0,61.0,60.7,59.6,60.1,20.8,7.6,,,0,0,0,Lectura invalida de DHT
2026-05-11,21:35:34,maceta1,33.0,34.0,77.9,77.4,77.6,4.9,13.4,,,0,0,0,Lectura invalida de DHT
2026-05-11,21:35:34,maceta2,59.0,61.0,60.7,59.4,60.0,3.4,26.3,16.1,45.4,0,0,0,
2026-05-11,21:36:01,maceta1,33.0,34.0,77.8,77.2,77.5,7.5,5.2,,,0,0,0,Lectura invalida de DHT
2026-05-11,21:36:01,maceta2,59.0,61.0,60.4,59.3,59.9,17.0,13.8,16.1,45.4,0,0,0,
2026-05-11,21:36:27,maceta1,34.0,34.0,77.6,77.1,77.4,6.7,1.4,,,0,0,0,Lectura invalida de DHT
2026-05-11,21:36:27,maceta2,60.0,61.0,60.3,59.2,59.7,7.5,6.3,16.1,45.4,0,0,0,
2026-05-11,21:36:54,maceta1,34.0,35.0,77.5,77.0,77.2,15.6,7.4,,,0,0,0,Lectura invalida de DHT
2026-05-11,21:36:54,maceta2,60.0,61.0,60.1,59.1,59.6,13.0,26.0,16.1,45.4,0,0,0,
2026-05-11,21:37:21,maceta1,34.0,35.0,77.4,76.9,77.2,16.9,4.3,,,0,0,0,Lectura invalida de DHT
2026-05-11,21:37:21,maceta2,60.0,62.0,59.9,58.8,59.4,19.0,12.5,16.1,45.4,0,0,0,
2026-05-11,21:37:48,maceta1,34.0,35.0,77.3,76.8,77.1,28.3,16.7,,,0,0,0,Lectura invalida de DHT
2026-05-11,21:37:48,maceta2,60.0,62.0,59.8,58.7,59.3,7.7,22.5,16.1,45.4,0,0,0,
2026-05-11,21:38:14,maceta1,34.0,35.0,77.2,76.6,76.9,5.9,5.5,,,0,0,0,Lectura invalida de DHT
2026-05-11,21:38:14,maceta2,60.0,62.0,59.8,58.5,59.1,1.6,16.4,16.1,45.5,0,0,0,
2026-05-11,21:38:41,maceta1,34.0,35.0,77.0,76.5,76.7,19.3,1.2,,,0,0,0,Lectura invalida de DHT
2026-05-11,21:38:41,maceta2,61.0,63.0,59.7,58.3,59.0,0.3,11.5,16.1,45.4,0,0,0,
2026-05-11,21:39:08,maceta1,35.0,35.0,76.8,76.4,76.6,24.5,1.1,,,0,0,0,Lectura invalida de DHT
2026-05-11,21:39:08,maceta2,61.0,63.0,59.5,58.2,58.9,0.7,24.3,16.1,45.4,0,0,0,
2026-05-11,21:39:35,maceta1,35.0,36.0,76.6,76.2,76.4,16.8,24.9,,,0,0,0,Lectura invalida de DHT
2026-05-11,21:39:35,maceta2,61.0,63.0,59.5,58.0,58.7,0.3,17.5,16.1,45.4,0,0,0,
2026-05-11,21:40:01,maceta1,35.0,36.0,76.4,76.1,76.3,7.7,17.7,,,0,0,0,Lectura invalida de DHT
2026-05-11,21:40:01,maceta2,61.0,63.0,59.4,57.9,58.6,3.3,11.7,16.1,45.4,0,0,0,
2026-05-11,21:40:28,maceta1,35.0,36.0,76.4,75.8,76.1,7.9,10.7,,,0,0,0,Lectura invalida de DHT
2026-05-11,21:40:28,maceta2,61.0,63.0,59.3,57.8,58.5,7.2,3.3,,,0,0,0,Lectura invalida de DHT
2026-05-11,21:40:55,maceta1,36.0,36.0,76.3,75.7,76.0,1.2,26.8,,,0,0,0,Lectura invalida de DHT
2026-05-11,21:40:55,maceta2,61.0,64.0,59.2,57.6,58.4,6.6,26.9,16.1,45.4,0,0,0,
2026-05-11,21:41:22,maceta1,36.0,37.0,76.2,75.7,75.9,9.2,2.1,,,0,0,0,Lectura invalida de DHT
2026-05-11,21:41:22,maceta2,61.0,64.0,59.1,57.5,58.3,29.6,1.1,,,0,0,0,Lectura invalida de DHT
2026-05-11,21:41:49,maceta1,36.0,37.0,76.1,75.6,75.8,22.3,29.4,,,0,0,0,Lectura invalida de DHT
2026-05-11,21:41:49,maceta2,61.0,64.0,59.1,57.3,58.2,9.2,25.9,16.1,45.5,0,0,0,
2026-05-11,21:42:15,maceta1,36.0,37.0,76.0,75.4,75.7,1.4,18.5,,,0,0,0,Lectura invalida de DHT
2026-05-11,21:42:15,maceta2,62.0,64.0,58.9,57.3,58.1,3.8,10.8,16.1,45.5,0,0,0,
2026-05-11,21:42:42,maceta1,36.0,37.0,75.9,75.3,75.6,6.6,5.5,,,0,0,0,Lectura invalida de DHT
2026-05-11,21:42:42,maceta2,62.0,64.0,58.8,57.2,58.0,16.4,19.2,16.1,45.5,0,0,0,
2026-05-11,21:43:09,maceta1,36.0,37.0,75.7,75.1,75.4,21.2,20.4,,,0,0,0,Lectura invalida de DHT
2026-05-11,21:43:09,maceta2,62.0,64.0,58.7,57.0,57.8,25.7,27.7,16.1,45.5,0,0,0,
2026-05-11,21:43:36,maceta1,37.0,38.0,75.6,75.0,75.3,23.5,22.9,,,0,0,0,Lectura invalida de DHT
2026-05-11,21:43:36,maceta2,62.0,65.0,58.5,56.8,57.7,20.3,4.6,16.1,45.5,0,0,0,
2026-05-11,21:44:02,maceta1,37.0,38.0,75.3,74.9,75.1,13.7,12.9,,,0,0,0,Lectura invalida de DHT
2026-05-11,21:44:02,maceta2,62.0,65.0,58.4,56.7,57.6,8.9,17.0,,,0,0,0,Lectura invalida de DHT
2026-05-11,21:44:29,maceta1,37.0,38.0,75.2,74.8,75.0,20.9,25.8,,,0,0,0,Lectura invalida de DHT
2026-05-11,21:44:29,maceta2,63.0,65.0,58.3,56.6,57.4,16.8,22.9,16.0,45.5,0,0,0,
2026-05-11,21:44:56,maceta1,38.0,38.0,75.0,74.5,74.7,11.6,4.5,,,0,0,0,Lectura invalida de DHT
2026-05-11,21:44:56,maceta2,63.0,65.0,58.2,56.4,57.3,21.4,22.7,16.1,45.5,0,0,0,
2026-05-11,21:45:24,maceta1,38.0,38.0,74.7,74.4,74.6,4.8,8.4,,,0,0,0,Lectura invalida de DHT
2026-05-11,21:45:24,maceta2,63.0,65.0,58.0,56.4,57.2,21.8,15.8,,,0,0,0,Lectura invalida de DHT
2026-05-11,21:45:51,maceta1,38.0,39.0,74.6,74.3,74.5,11.9,2.8,,,0,0,0,Lectura invalida de DHT
2026-05-11,21:45:51,maceta2,63.0,66.0,57.7,56.3,57.0,20.0,18.7,16.1,45.5,0,0,0,
2026-05-11,21:46:18,maceta1,38.0,39.0,74.4,74.1,74.2,17.4,6.3,,,0,0,0,Lectura invalida de DHT
2026-05-11,21:46:18,maceta2,64.0,66.0,57.5,56.2,56.8,26.1,22.7,16.1,45.5,0,0,0,
2026-05-11,21:46:45,maceta1,39.0,39.0,74.3,73.9,74.1,28.4,7.2,,,0,0,0,Lectura invalida de DHT
2026-05-11,21:46:45,maceta2,64.0,66.0,57.3,56.1,56.7,26.1,25.2,,,0,0,0,Lectura invalida de DHT
2026-05-11,21:47:12,maceta1,39.0,39.0,74.2,73.8,74.0,2.1,27.5,,,0,0,0,Lectura invalida de DHT
2026-05-11,21:47:12,maceta2,64.0,66.0,57.2,56.0,56.6,17.4,22.9,16.1,45.5,0,0,0,
2026-05-11,21:47:38,maceta1,39.0,40.0,74.0,73.6,73.8,15.2,2.3,,,0,0,0,Lectura invalida de DHT
2026-05-11,21:47:38,maceta2,65.0,66.0,56.9,55.8,56.3,12.9,10.6,16.1,45.5,0,0,0,
2026-05-11,21:48:05,maceta1,39.0,40.0,73.9,73.6,73.7,9.9,12.8,,,0,0,0,Lectura invalida de DHT
2026-05-11,21:48:05,maceta2,65.0,67.0,56.8,55.6,56.2,19.2,29.9,16.1,45.5,0,0,0,
2026-05-11,21:48:32,maceta1,40.0,40.0,73.7,73.4,73.5,15.2,16.0,,,0,0,0,Lectura invalida de DHT
2026-05-11,21:48:32,maceta2,65.0,67.0,56.7,55.5,56.1,24.5,13.0,16.1,45.5,0,0,0,
2026-05-11,21:48:59,maceta1,40.0,40.0,73.4,73.2,73.3,0.7,27.0,,,0,0,0,Lectura invalida de DHT
2026-05-11,21:48:59,maceta2,65.0,67.0,56.6,55.2,55.9,0.2,0.7,16.1,45.5,0,0,0,
2026-05-11,21:49:25,maceta1,40.0,40.0,73.3,73.1,73.2,9.4,29.9,,,0,0,0,Lectura invalida de DHT
2026-05-11,21:49:25,maceta2,65.0,67.0,56.4,55.2,55.8,29.8,10.9,16.0,45.5,0,0,0,
2026-05-11,21:49:52,maceta1,40.0,41.0,73.0,72.9,72.9,24.6,22.6,,,0,0,0,Lectura invalida de DHT
2026-05-11,21:49:52,maceta2,65.0,67.0,56.4,55.1,55.7,5.5,3.8,,,0,0,0,Lectura invalida de DHT
2026-05-11,21:50:19,maceta1,41.0,41.0,72.8,72.7,72.8,16.6,29.1,,,0,0,0,Lectura invalida de DHT
2026-05-11,21:50:19,maceta2,66.0,68.0,56.2,55.0,55.6,14.1,3.6,16.0,45.6,0,0,0,
2026-05-11,21:50:46,maceta1,41.0,41.0,72.6,72.6,72.6,13.5,23.6,,,0,0,0,Lectura invalida de DHT
2026-05-11,21:50:46,maceta2,66.0,68.0,56.1,54.9,55.5,26.2,8.4,,,0,0,0,Lectura invalida de DHT
2026-05-11,21:51:13,maceta1,41.0,41.0,72.5,72.5,72.5,8.6,28.9,,,0,0,0,Lectura invalida de DHT
2026-05-11,21:51:13,maceta2,66.0,68.0,55.9,54.8,55.4,6.8,1.6,16.0,45.6,0,0,0,
2026-05-11,21:51:39,maceta1,42.0,42.0,72.3,72.3,72.3,8.9,21.2,,,0,0,0,Lectura invalida de DHT
2026-05-11,21:51:39,maceta2,66.0,68.0,55.7,54.7,55.2,14.3,20.7,16.1,45.6,0,0,0,
2026-05-11,21:52:06,maceta1,42.0,42.0,72.1,72.2,72.2,11.5,2.4,,,0,0,0,Lectura invalida de DHT
2026-05-11,21:52:06,maceta2,67.0,68.0,55.5,54.6,55.1,4.0,2.2,,,0,0,0,Lectura invalida de DHT
2026-05-11,21:52:33,maceta1,42.0,42.0,71.9,72.0,72.0,25.1,12.1,,,0,0,0,Lectura invalida de DHT
2026-05-11,21:52:33,maceta2,67.0,68.0,55.4,54.5,54.9,11.9,6.1,,,0,0,0,Lectura invalida de DHT
2026-05-11,21:53:00,maceta1,42.0,42.0,71.8,71.9,71.8,29.0,19.4,,,0,0,0,Lectura invalida de DHT
2026-05-11,21:53:00,maceta2,67.0,69.0,55.2,54.3,54.7,5.3,2.8,16.0,45.6,0,0,0,
2026-05-11,21:53:26,maceta1,43.0,42.0,71.5,71.7,71.6,13.2,10.5,,,0,0,0,Lectura invalida de DHT
2026-05-11,21:53:26,maceta2,67.0,69.0,55.1,54.2,54.6,10.9,1.9,,,0,0,0,Lectura invalida de DHT
2026-05-11,21:53:53,maceta1,43.0,43.0,71.3,71.6,71.5,11.8,8.2,,,0,0,0,Lectura invalida de DHT
2026-05-11,21:53:53,maceta2,68.0,69.0,54.9,54.1,54.5,11.2,8.0,16.1,45.6,0,0,0,
2026-05-11,21:54:20,maceta1,43.0,43.0,71.2,71.4,71.3,25.4,17.3,,,0,0,0,Lectura invalida de DHT
2026-05-11,21:54:20,maceta2,68.0,69.0,54.7,54.0,54.4,29.8,17.2,16.0,45.6,0,0,0,
2026-05-11,21:54:47,maceta1,43.0,43.0,71.2,71.2,71.2,12.8,28.0,,,0,0,0,Lectura invalida de DHT
2026-05-11,21:54:47,maceta2,68.0,69.0,54.5,53.9,54.2,29.8,28.9,,,0,0,0,Lectura invalida de DHT
2026-05-11,21:55:13,maceta1,43.0,43.0,71.0,71.0,71.0,16.6,1.0,,,0,0,0,Lectura invalida de DHT
2026-05-11,21:55:13,maceta2,68.0,69.0,54.5,53.7,54.1,3.4,26.3,16.0,45.7,0,0,0,
2026-05-11,21:55:40,maceta1,44.0,44.0,70.9,70.9,70.9,6.9,23.1,,,0,0,0,Lectura invalida de DHT
2026-05-11,21:55:40,maceta2,69.0,70.0,54.3,53.6,54.0,21.8,26.3,16.0,45.6,0,0,0,
2026-05-11,21:56:07,maceta1,44.0,44.0,70.7,70.8,70.7,22.3,21.7,,,0,0,0,Lectura invalida de DHT
2026-05-11,21:56:07,maceta2,69.0,70.0,54.2,53.4,53.8,1.6,5.3,,,0,0,0,Lectura invalida de DHT
2026-05-11,21:56:34,maceta1,44.0,44.0,70.6,70.7,70.6,16.0,28.9,,,0,0,0,Lectura invalida de DHT
2026-05-11,21:56:34,maceta2,69.0,70.0,54.1,53.2,53.7,0.9,7.9,16.0,45.7,0,0,0,
2026-05-11,21:57:00,maceta1,44.0,44.0,70.3,70.6,70.5,24.3,27.9,,,0,0,0,Lectura invalida de DHT
2026-05-11,21:57:00,maceta2,69.0,70.0,54.0,53.1,53.5,3.2,2.3,,,0,0,0,Lectura invalida de DHT
2026-05-11,21:57:27,maceta1,45.0,44.0,70.2,70.4,70.3,23.4,22.9,,,0,0,0,Lectura invalida de DHT
2026-05-11,21:57:27,maceta2,69.0,70.0,53.7,53.0,53.4,29.0,23.4,16.0,45.6,0,0,0,
2026-05-11,21:57:54,maceta1,45.0,45.0,69.9,70.2,70.1,6.5,15.6,,,0,0,0,Lectura invalida de DHT
2026-05-11,21:57:54,maceta2,70.0,71.0,53.6,52.9,53.2,28.2,2.1,16.0,45.7,0,0,0,
2026-05-11,21:58:21,maceta1,45.0,45.0,69.8,70.2,70.0,21.5,6.1,,,0,0,0,Lectura invalida de DHT
2026-05-11,21:58:21,maceta2,70.0,71.0,53.4,52.7,53.0,5.8,16.7,16.0,45.7,0,0,0,
2026-05-11,21:58:48,maceta1,46.0,45.0,69.5,70.1,69.8,24.0,16.4,,,0,0,0,Lectura invalida de DHT
2026-05-11,21:58:48,maceta2,70.0,71.0,53.2,52.6,52.9,4.9,7.4,16.0,45.7,0,0,0,
2026-05-11,21:59:14,maceta1,46.0,45.0,69.3,69.9,69.6,10.4,23.0,,,0,0,0,Lectura invalida de DHT
2026-05-11,21:59:14,maceta2,70.0,71.0,53.1,52.5,52.8,7.2,7.3,,,0,0,0,Lectura invalida de DHT
2026-05-11,21:59:41,maceta1,46.0,45.0,69.1,69.8,69.5,5.2,26.9,,,0,0,0,Lectura invalida de DHT
2026-05-11,21:59:41,maceta2,70.0,71.0,53.0,52.4,52.7,15.5,29.7,16.0,45.7,0,0,0,
2026-05-11,22:00:08,maceta1,47.0,45.0,68.9,69.7,69.3,0.1,23.7,,,0,0,0,Lectura invalida de DHT
2026-05-11,22:00:08,maceta2,71.0,72.0,52.8,52.2,52.5,17.1,22.7,16.0,45.7,0,0,0,
2026-05-11,22:00:35,maceta1,47.0,46.0,68.8,69.7,69.2,13.5,5.9,,,0,0,0,Lectura invalida de DHT
2026-05-11,22:00:35,maceta2,71.0,72.0,52.7,52.1,52.4,6.6,25.1,16.0,45.7,0,0,0,
2026-05-11,22:01:01,maceta1,47.0,46.0,68.7,69.6,69.1,10.6,18.0,,,0,0,0,Lectura invalida de DHT
2026-05-11,22:01:01,maceta2,71.0,72.0,52.5,51.8,52.2,22.7,17.2,16.0,45.7,0,0,0,
2026-05-11,22:01:28,maceta1,47.0,46.0,68.6,69.3,69.0,16.6,10.0,,,0,0,0,Lectura invalida de DHT
2026-05-11,22:01:28,maceta2,71.0,72.0,52.4,51.8,52.1,9.3,26.1,16.0,45.7,0,0,0,
2026-05-11,22:01:55,maceta1,47.0,46.0,68.5,69.1,68.8,5.6,0.3,,,0,0,0,Lectura invalida de DHT
2026-05-11,22:01:55,maceta2,72.0,73.0,52.2,51.6,51.9,27.7,19.4,16.0,45.7,0,0,0,
2026-05-11,22:02:22,maceta1,47.0,47.0,68.4,69.0,68.7,25.8,6.0,,,0,0,0,Lectura invalida de DHT
2026-05-11,22:02:22,maceta2,72.0,73.0,52.1,51.4,51.8,19.7,28.4,16.0,45.7,0,0,0,
2026-05-11,22:02:48,maceta1,48.0,47.0,68.3,68.7,68.5,7.7,3.4,,,0,0,0,Lectura invalida de DHT
2026-05-11,22:02:48,maceta2,72.0,73.0,52.0,51.3,51.6,13.1,8.4,,,0,0,0,Lectura invalida de DHT
2026-05-11,22:03:15,maceta1,48.0,47.0,68.1,68.6,68.3,6.8,25.3,,,0,0,0,Lectura invalida de DHT
2026-05-11,22:03:15,maceta2,72.0,73.0,51.8,51.1,51.5,23.7,17.9,,,0,0,0,Lectura invalida de DHT
2026-05-11,22:03:42,maceta1,48.0,47.0,67.8,68.5,68.2,14.4,7.8,,,0,0,0,Lectura invalida de DHT
2026-05-11,22:03:42,maceta2,73.0,74.0,51.6,51.0,51.3,24.5,20.7,16.0,45.7,0,0,0,
2026-05-11,22:04:09,maceta1,48.0,47.0,67.7,68.4,68.1,15.0,8.5,,,0,0,0,Lectura invalida de DHT
2026-05-11,22:04:09,maceta2,73.0,74.0,51.5,50.8,51.1,8.7,11.8,16.0,45.7,0,0,0,
2026-05-11,22:04:35,maceta1,49.0,47.0,67.6,68.3,68.0,6.5,28.8,,,0,0,0,Lectura invalida de DHT
2026-05-11,22:04:35,maceta2,73.0,74.0,51.3,50.6,50.9,10.2,26.4,,,0,0,0,Lectura invalida de DHT
2026-05-11,22:05:02,maceta1,49.0,48.0,67.4,68.2,67.8,8.2,11.4,,,0,0,0,Lectura invalida de DHT
2026-05-11,22:05:02,maceta2,73.0,74.0,51.2,50.5,50.8,28.1,29.4,16.0,45.7,0,0,0,
2026-05-11,22:05:29,maceta1,49.0,48.0,67.2,68.0,67.6,5.1,0.3,,,0,0,0,Lectura invalida de DHT
2026-05-11,22:05:29,maceta2,74.0,75.0,50.9,50.3,50.6,4.9,14.8,16.0,45.7,0,0,0,
2026-05-11,22:05:56,maceta1,49.0,48.0,67.1,67.8,67.5,21.6,8.5,,,0,0,0,Lectura invalida de DHT
2026-05-11,22:05:56,maceta2,74.0,75.0,50.7,50.3,50.5,1.3,11.7,,,0,0,0,Lectura invalida de DHT
2026-05-11,22:06:22,maceta1,50.0,49.0,66.9,67.6,67.2,23.1,3.6,,,0,0,0,Lectura invalida de DHT
2026-05-11,22:06:22,maceta2,74.0,75.0,50.6,50.2,50.4,13.6,14.2,,,0,0,0,Lectura invalida de DHT
2026-05-11,22:06:49,maceta1,50.0,49.0,66.7,67.4,67.1,13.9,3.1,,,0,0,0,Lectura invalida de DHT
2026-05-11,22:06:49,maceta2,74.0,75.0,50.3,50.0,50.1,24.0,25.6,16.0,45.7,0,0,1,
2026-05-11,22:07:16,maceta1,50.0,49.0,66.5,67.3,66.9,21.4,2.3,,,0,0,0,Lectura invalida de DHT
2026-05-11,22:07:16,maceta2,26.0,28.0,82.9,81.6,82.3,23.2,19.4,16.0,45.7,0,0,0,
2026-05-11,22:07:43,maceta1,50.0,49.0,66.4,67.3,66.9,22.1,17.8,,,0,0,0,Lectura invalida de DHT
2026-05-11,22:07:43,maceta2,26.0,28.0,82.8,81.4,82.1,27.6,1.3,16.0,45.7,0,0,0,
2026-05-11,22:08:10,maceta1,51.0,49.0,66.3,67.1,66.7,4.1,5.7,,,0,0,0,Lectura invalida de DHT
2026-05-11,22:08:10,maceta2,26.0,28.0,82.7,81.3,82.0,16.0,16.3,16.0,45.7,0,0,0,
2026-05-11,22:08:36,maceta1,51.0,50.0,66.1,67.0,66.5,29.0,10.8,,,0,0,0,Lectura invalida de DHT
2026-05-11,22:08:36,maceta2,26.0,28.0,82.6,81.1,81.9,3.0,0.5,,,0,0,0,Lectura invalida de DHT
2026-05-11,22:09:03,maceta1,51.0,50.0,65.9,66.8,66.3,24.6,25.9,,,0,0,0,Lectura invalida de DHT
2026-05-11,22:09:03,maceta2,26.0,29.0,82.5,80.9,81.7,17.7,23.4,16.0,45.7,0,0,0,
2026-05-11,22:09:30,maceta1,51.0,50.0,65.8,66.7,66.3,6.1,12.7,,,0,0,0,Lectura invalida de DHT
2026-05-11,22:09:30,maceta2,27.0,29.0,82.3,80.7,81.5,23.4,9.8,16.0,45.8,0,0,0,
2026-05-11,22:09:56,maceta1,52.0,50.0,65.6,66.5,66.1,5.6,27.5,,,0,0,0,Lectura invalida de DHT
2026-05-11,22:09:56,maceta2,27.0,29.0,82.2,80.5,81.3,2.8,14.2,,,0,0,0,Lectura invalida de DHT
2026-05-11,22:10:23,maceta1,52.0,50.0,65.4,66.4,65.9,3.8,14.9,,,0,0,0,Lectura invalida de DHT
2026-05-11,22:10:23,maceta2,27.0,29.0,82.1,80.4,81.3,5.2,24.0,16.0,45.7,0,0,0,
2026-05-11,22:10:50,maceta1,52.0,51.0,65.2,66.3,65.7,4.2,12.0,,,0,0,0,Lectura invalida de DHT
2026-05-11,22:10:50,maceta2,27.0,30.0,81.9,80.2,81.1,0.4,1.4,16.0,45.8,0,0,0,
2026-05-11,22:11:17,maceta1,53.0,51.0,65.0,66.1,65.5,22.4,22.5,,,0,0,0,Lectura invalida de DHT
2026-05-11,22:11:17,maceta2,27.0,30.0,81.7,80.1,80.9,17.8,4.8,16.0,45.8,0,0,0,
2026-05-11,22:11:43,maceta1,53.0,51.0,64.9,66.1,65.5,14.1,2.2,,,0,0,0,Lectura invalida de DHT
2026-05-11,22:11:43,maceta2,28.0,30.0,81.5,80.0,80.8,26.6,11.9,,,0,0,0,Lectura invalida de DHT
2026-05-11,22:12:10,maceta1,53.0,51.0,64.9,65.9,65.4,23.5,2.7,,,0,0,0,Lectura invalida de DHT
2026-05-11,22:12:10,maceta2,28.0,30.0,81.4,79.9,80.7,20.1,6.9,16.0,45.8,0,0,0,
2026-05-11,22:12:37,maceta1,53.0,51.0,64.7,65.9,65.3,22.4,19.6,,,0,0,0,Lectura invalida de DHT
2026-05-11,22:12:37,maceta2,28.0,30.0,81.4,79.7,80.5,29.5,10.1,16.0,45.8,0,0,0,
2026-05-11,22:13:04,maceta1,53.0,51.0,64.5,65.7,65.1,18.1,14.6,,,0,0,0,Lectura invalida de DHT
2026-05-11,22:13:04,maceta2,28.0,31.0,81.2,79.5,80.3,1.9,29.9,16.0,45.8,0,0,0,
2026-05-11,22:13:30,maceta1,54.0,52.0,64.3,65.5,64.9,20.6,23.7,,,0,0,0,Lectura invalida de DHT
2026-05-11,22:13:30,maceta2,29.0,31.0,80.9,79.4,80.2,27.1,24.8,16.0,45.8,0,0,0,
2026-05-11,22:13:57,maceta1,54.0,52.0,64.1,65.4,64.7,0.6,27.5,,,0,0,0,Lectura invalida de DHT
2026-05-11,22:13:57,maceta2,29.0,31.0,80.9,79.2,80.1,24.4,26.5,,,0,0,0,Lectura invalida de DHT
2026-05-11,22:14:24,maceta1,54.0,52.0,64.0,65.2,64.6,9.4,11.7,,,0,0,0,Lectura invalida de DHT
2026-05-11,22:14:24,maceta2,29.0,31.0,80.7,79.1,79.9,9.4,28.1,16.0,45.8,0,0,0,
2026-05-11,22:14:51,maceta1,54.0,52.0,63.9,65.1,64.5,19.1,17.9,,,0,0,0,Lectura invalida de DHT
2026-05-11,22:14:51,maceta2,29.0,32.0,80.7,79.0,79.8,29.2,10.2,,,0,0,0,Lectura invalida de DHT
2026-05-11,22:15:17,maceta1,54.0,53.0,63.8,64.9,64.3,0.3,15.0,,,0,0,0,Lectura invalida de DHT
2026-05-11,22:15:17,maceta2,29.0,32.0,80.6,78.9,79.7,8.6,8.9,16.0,45.8,0,0,0,
2026-05-11,22:15:44,maceta1,55.0,53.0,63.6,64.7,64.1,1.0,29.4,,,0,0,0,Lectura invalida de DHT
2026-05-11,22:15:44,maceta2,29.0,32.0,80.5,78.7,79.6,26.7,7.0,,,0,0,0,Lectura invalida de DHT
2026-05-11,22:16:11,maceta1,55.0,53.0,63.5,64.6,64.0,25.6,24.9,,,0,0,0,Lectura invalida de DHT
2026-05-11,22:16:11,maceta2,29.0,32.0,80.4,78.6,79.5,26.4,24.9,16.0,45.8,0,0,0,
2026-05-11,22:16:38,maceta1,55.0,53.0,63.2,64.5,63.9,20.5,27.4,,,0,0,0,Lectura invalida de DHT
2026-05-11,22:16:38,maceta2,30.0,32.0,80.1,78.4,79.2,22.7,20.4,16.0,45.8,0,0,0,
2026-05-11,22:17:04,maceta1,55.0,54.0,63.1,64.3,63.7,8.0,7.6,,,0,0,0,Lectura invalida de DHT
2026-05-11,22:17:04,maceta2,30.0,33.0,79.9,78.1,79.0,16.9,7.1,16.0,45.8,0,0,0,
2026-05-11,22:17:31,maceta1,55.0,54.0,63.0,64.2,63.6,20.6,23.2,,,0,0,0,Lectura invalida de DHT
2026-05-11,22:17:31,maceta2,30.0,33.0,79.7,78.0,78.9,3.6,11.3,16.0,45.8,0,0,0,
2026-05-11,22:17:58,maceta1,56.0,54.0,62.9,64.1,63.5,23.8,8.0,,,0,0,0,Lectura invalida de DHT
2026-05-11,22:17:58,maceta2,31.0,33.0,79.6,77.8,78.7,16.0,15.2,,,0,0,0,Lectura invalida de DHT
2026-05-11,22:18:25,maceta1,56.0,54.0,62.8,63.9,63.3,9.2,6.3,,,0,0,0,Lectura invalida de DHT
2026-05-11,22:18:25,maceta2,31.0,33.0,79.4,77.7,78.5,10.7,15.8,16.0,45.9,0,0,0,
2026-05-11,22:18:51,maceta1,56.0,54.0,62.6,63.8,63.2,1.1,28.3,,,0,0,0,Lectura invalida de DHT
2026-05-11,22:18:51,maceta2,31.0,34.0,79.2,77.6,78.4,23.8,26.7,16.0,45.9,0,0,0,
2026-05-11,22:19:18,maceta1,56.0,55.0,62.4,63.5,63.0,28.0,0.6,,,0,0,0,Lectura invalida de DHT
2026-05-11,22:19:18,maceta2,31.0,34.0,79.1,77.5,78.3,22.7,11.4,16.0,45.8,0,0,0,
2026-05-11,22:19:45,maceta1,56.0,55.0,62.4,63.3,62.8,10.4,29.0,,,0,0,0,Lectura invalida de DHT
2026-05-11,22:19:45,maceta2,32.0,34.0,79.0,77.5,78.2,27.3,27.3,,,0,0,0,Lectura invalida de DHT
2026-05-11,22:20:12,maceta1,57.0,55.0,62.2,63.2,62.7,3.2,4.5,,,0,0,0,Lectura invalida de DHT
2026-05-11,22:20:12,maceta2,32.0,34.0,78.8,77.3,78.0,0.4,13.2,16.0,45.8,0,0,0,
2026-05-11,22:20:39,maceta1,57.0,55.0,62.1,63.1,62.6,14.8,24.6,,,0,0,0,Lectura invalida de DHT
2026-05-11,22:20:39,maceta2,32.0,34.0,78.7,77.3,78.0,24.3,22.4,16.0,45.8,0,0,0,
2026-05-11,22:21:05,maceta1,57.0,56.0,61.9,63.0,62.4,23.1,8.3,,,0,0,0,Lectura invalida de DHT
2026-05-11,22:21:05,maceta2,32.0,34.0,78.5,77.0,77.8,28.2,27.9,16.0,45.8,0,0,0,
2026-05-11,22:21:32,maceta1,57.0,56.0,61.7,62.8,62.3,6.6,10.5,,,0,0,0,Lectura invalida de DHT
2026-05-11,22:21:32,maceta2,32.0,35.0,78.4,77.0,77.7,23.7,27.2,16.0,45.9,0,0,0,
2026-05-11,22:21:59,maceta1,58.0,56.0,61.6,62.6,62.1,8.1,6.5,,,0,0,0,Lectura invalida de DHT
2026-05-11,22:21:59,maceta2,33.0,35.0,78.3,76.8,77.6,3.9,1.7,16.0,45.8,0,0,0,
2026-05-11,22:22:26,maceta1,58.0,56.0,61.4,62.4,61.9,7.3,17.6,,,0,0,0,Lectura invalida de DHT
2026-05-11,22:22:26,maceta2,33.0,35.0,78.2,76.7,77.4,2.4,6.2,,,0,0,0,Lectura invalida de DHT
2026-05-11,22:22:52,maceta1,58.0,56.0,61.1,62.4,61.7,29.8,10.4,,,0,0,0,Lectura invalida de DHT
2026-05-11,22:22:52,maceta2,33.0,35.0,78.1,76.6,77.3,0.6,14.3,16.0,45.8,0,0,0,
2026-05-11,22:23:19,maceta1,58.0,57.0,61.1,62.2,61.7,5.9,19.7,,,0,0,0,Lectura invalida de DHT
2026-05-11,22:23:19,maceta2,33.0,35.0,77.8,76.5,77.2,18.9,12.9,16.0,45.8,0,0,0,
2026-05-11,22:23:46,maceta1,59.0,57.0,60.9,62.1,61.5,17.3,0.5,,,0,0,0,Lectura invalida de DHT
2026-05-11,22:23:46,maceta2,33.0,36.0,77.7,76.3,77.0,18.9,19.2,,,0,0,0,Lectura invalida de DHT
2026-05-11,22:24:13,maceta1,59.0,57.0,60.8,62.0,61.4,27.8,1.9,,,0,0,0,Lectura invalida de DHT
2026-05-11,22:24:13,maceta2,34.0,36.0,77.5,76.2,76.9,29.6,28.3,16.0,45.9,0,0,0,
2026-05-11,22:24:40,maceta1,59.0,57.0,60.7,61.8,61.2,4.4,3.0,,,0,0,0,Lectura invalida de DHT
2026-05-11,22:24:40,maceta2,34.0,36.0,77.3,76.0,76.7,11.9,3.4,16.0,45.9,0,0,0,
2026-05-11,22:25:06,maceta1,59.0,58.0,60.5,61.6,61.0,29.1,12.6,,,0,0,0,Lectura invalida de DHT
2026-05-11,22:25:06,maceta2,34.0,36.0,77.2,75.9,76.5,10.0,13.6,16.0,45.9,0,0,0,
2026-05-11,22:25:33,maceta1,60.0,58.0,60.3,61.4,60.8,28.4,24.4,,,0,0,0,Lectura invalida de DHT
2026-05-11,22:25:33,maceta2,34.0,36.0,77.1,75.8,76.4,18.7,5.8,16.0,45.9,0,0,0,
2026-05-11,22:26:00,maceta1,60.0,58.0,60.2,61.3,60.7,26.5,26.6,,,0,0,0,Lectura invalida de DHT
2026-05-11,22:26:00,maceta2,35.0,37.0,76.9,75.7,76.3,24.8,26.8,16.0,45.9,0,0,0,
2026-05-11,22:26:27,maceta1,60.0,58.0,60.0,61.1,60.6,6.4,7.3,,,0,0,0,Lectura invalida de DHT
2026-05-11,22:26:27,maceta2,35.0,37.0,76.7,75.5,76.1,28.1,28.9,16.0,45.9,0,0,0,
2026-05-11,22:26:53,maceta1,60.0,59.0,59.9,60.9,60.4,19.0,17.2,,,0,0,0,Lectura invalida de DHT
2026-05-11,22:26:53,maceta2,35.0,37.0,76.6,75.4,76.0,24.1,14.4,16.0,45.9,0,0,0,
2026-05-11,22:27:20,maceta1,60.0,59.0,59.7,60.8,60.2,22.8,23.1,,,0,0,0,Lectura invalida de DHT
2026-05-11,22:27:20,maceta2,35.0,37.0,76.4,75.2,75.8,12.8,3.1,16.0,45.9,0,0,0,
2026-05-11,22:27:47,maceta1,61.0,59.0,59.6,60.5,60.0,29.6,8.7,,,0,0,0,Lectura invalida de DHT
2026-05-11,22:27:47,maceta2,36.0,37.0,76.3,75.0,75.7,19.0,23.6,,,0,0,0,Lectura invalida de DHT
2026-05-11,22:28:13,maceta1,61.0,59.0,59.5,60.4,59.9,5.4,12.3,,,0,0,0,Lectura invalida de DHT
2026-05-11,22:28:13,maceta2,36.0,38.0,76.2,74.8,75.5,25.7,20.9,16.0,45.9,0,0,0,
2026-05-11,22:28:40,maceta1,61.0,60.0,59.3,60.3,59.8,23.0,15.7,,,0,0,0,Lectura invalida de DHT
2026-05-11,22:28:40,maceta2,36.0,38.0,76.1,74.7,75.4,14.7,10.6,16.0,45.9,0,0,0,
2026-05-11,22:29:07,maceta1,61.0,60.0,59.1,60.1,59.6,10.2,4.0,,,0,0,0,Lectura invalida de DHT
2026-05-11,22:29:07,maceta2,36.0,38.0,76.0,74.5,75.2,6.5,26.6,,,0,0,0,Lectura invalida de DHT
2026-05-11,22:29:34,maceta1,61.0,60.0,59.1,60.1,59.6,5.3,0.8,,,0,0,0,Lectura invalida de DHT
2026-05-11,22:29:34,maceta2,36.0,39.0,75.8,74.3,75.0,5.1,29.3,16.0,46.0,0,0,0,
2026-05-11,22:30:00,maceta1,61.0,60.0,59.0,59.9,59.5,12.6,4.6,,,0,0,0,Lectura invalida de DHT
2026-05-11,22:30:00,maceta2,36.0,39.0,75.7,74.1,74.9,0.0,16.7,16.0,46.0,0,0,0,
2026-05-11,22:30:27,maceta1,62.0,60.0,58.8,59.8,59.3,23.8,18.8,,,0,0,0,Lectura invalida de DHT
2026-05-11,22:30:27,maceta2,37.0,39.0,75.6,73.9,74.8,21.5,17.0,16.0,46.0,0,0,0,
2026-05-11,22:30:54,maceta1,62.0,61.0,58.6,59.7,59.1,13.9,2.2,,,0,0,0,Lectura invalida de DHT
2026-05-11,22:30:54,maceta2,37.0,39.0,75.4,73.7,74.6,3.3,8.9,,,0,0,0,Lectura invalida de DHT
2026-05-11,22:31:21,maceta1,62.0,61.0,58.5,59.5,59.0,16.1,5.7,,,0,0,0,Lectura invalida de DHT
2026-05-11,22:31:21,maceta2,37.0,40.0,75.2,73.5,74.4,7.3,17.5,16.0,46.0,0,0,0,
2026-05-11,22:31:47,maceta1,62.0,61.0,58.3,59.3,58.8,29.9,10.1,,,0,0,0,Lectura invalida de DHT
2026-05-11,22:31:47,maceta2,38.0,40.0,75.0,73.4,74.2,8.9,13.2,16.0,46.0,0,0,0,
2026-05-11,22:32:14,maceta1,63.0,61.0,58.2,59.2,58.7,12.0,2.3,,,0,0,0,Lectura invalida de DHT
2026-05-11,22:32:14,maceta2,38.0,40.0,74.8,73.2,74.0,16.8,9.1,15.9,46.0,0,0,0,
2026-05-11,22:32:41,maceta1,63.0,61.0,58.0,59.0,58.5,18.5,5.8,,,0,0,0,Lectura invalida de DHT
2026-05-11,22:32:41,maceta2,38.0,41.0,74.6,73.0,73.8,11.9,2.0,16.0,46.0,0,0,0,
2026-05-11,22:33:08,maceta1,63.0,62.0,57.9,58.9,58.4,11.0,27.3,,,0,0,0,Lectura invalida de DHT
2026-05-11,22:33:08,maceta2,38.0,41.0,74.5,72.9,73.7,20.2,7.6,16.0,46.0,0,0,0,
2026-05-11,22:33:35,maceta1,63.0,62.0,57.8,58.7,58.3,11.8,0.6,,,0,0,0,Lectura invalida de DHT
2026-05-11,22:33:35,maceta2,39.0,41.0,74.3,72.8,73.6,1.7,5.9,,,0,0,0,Lectura invalida de DHT
2026-05-11,22:34:01,maceta1,63.0,62.0,57.7,58.7,58.2,20.9,19.6,,,0,0,0,Lectura invalida de DHT
2026-05-11,22:34:01,maceta2,39.0,41.0,74.2,72.6,73.4,3.7,16.3,16.0,46.0,0,0,0,
2026-05-11,22:34:28,maceta1,64.0,62.0,57.5,58.6,58.1,28.1,11.5,,,0,0,0,Lectura invalida de DHT
2026-05-11,22:34:28,maceta2,39.0,41.0,74.1,72.5,73.3,15.0,18.1,16.0,46.0,0,0,0,
2026-05-11,22:34:55,maceta1,64.0,62.0,57.4,58.5,58.0,16.3,20.2,,,0,0,0,Lectura invalida de DHT
2026-05-11,22:34:55,maceta2,39.0,41.0,73.9,72.4,73.2,10.1,18.3,,,0,0,0,Lectura invalida de DHT
2026-05-11,22:35:22,maceta1,64.0,63.0,57.3,58.3,57.8,23.1,17.7,,,0,0,0,Lectura invalida de DHT
2026-05-11,22:35:22,maceta2,39.0,42.0,73.8,72.3,73.0,8.9,11.6,16.0,46.0,0,0,0,
2026-05-11,22:35:48,maceta1,64.0,63.0,57.1,58.2,57.7,2.7,6.7,,,0,0,0,Lectura invalida de DHT
2026-05-11,22:35:48,maceta2,39.0,42.0,73.7,72.2,73.0,2.0,12.6,15.9,46.0,0,0,0,
2026-05-11,22:36:15,maceta1,65.0,63.0,57.0,58.1,57.5,6.3,25.4,,,0,0,0,Lectura invalida de DHT
2026-05-11,22:36:15,maceta2,40.0,42.0,73.5,72.1,72.8,26.9,25.0,,,0,0,0,Lectura invalida de DHT
2026-05-11,22:36:42,maceta1,65.0,63.0,56.8,58.0,57.4,15.1,14.8,,,0,0,0,Lectura invalida de DHT
2026-05-11,22:36:42,maceta2,40.0,42.0,73.4,71.9,72.6,20.8,14.3,15.9,46.0,0,0,0,
2026-05-11,22:37:09,maceta1,65.0,63.0,56.7,57.8,57.2,0.6,24.7,,,0,0,0,Lectura invalida de DHT
2026-05-11,22:37:09,maceta2,40.0,42.0,73.1,71.8,72.5,3.6,29.6,16.0,46.0,0,0,0,
2026-05-11,22:37:36,maceta1,65.0,63.0,56.6,57.7,57.2,7.6,12.2,,,0,0,0,Lectura invalida de DHT
2026-05-11,22:37:36,maceta2,41.0,43.0,73.0,71.6,72.3,2.0,13.2,,,0,0,0,Lectura invalida de DHT
2026-05-11,22:38:02,maceta1,65.0,64.0,56.4,57.5,57.0,15.5,29.5,,,0,0,0,Lectura invalida de DHT
2026-05-11,22:38:02,maceta2,41.0,43.0,72.8,71.4,72.1,29.2,19.5,15.9,46.0,0,0,0,
2026-05-11,22:38:29,maceta1,66.0,64.0,56.3,57.4,56.8,0.4,23.1,,,0,0,0,Lectura invalida de DHT
2026-05-11,22:38:29,maceta2,41.0,43.0,72.7,71.3,72.0,20.4,1.5,15.9,45.9,0,0,0,
2026-05-11,22:38:56,maceta1,66.0,64.0,56.1,57.3,56.7,7.9,29.0,,,0,0,0,Lectura invalida de DHT
2026-05-11,22:38:56,maceta2,41.0,43.0,72.5,71.2,71.8,12.5,19.6,15.9,46.0,0,0,0,
2026-05-11,22:39:22,maceta1,66.0,64.0,56.0,57.1,56.6,15.4,15.4,,,0,0,0,Lectura invalida de DHT
2026-05-11,22:39:22,maceta2,41.0,43.0,72.4,71.1,71.7,21.1,25.5,15.9,46.0,0,0,0,
2026-05-11,22:39:49,maceta1,66.0,65.0,55.8,56.9,56.4,17.2,14.2,,,0,0,0,Lectura invalida de DHT
2026-05-11,22:39:49,maceta2,42.0,44.0,72.3,70.9,71.6,22.7,28.3,15.9,46.0,0,0,0,
2026-05-11,22:40:16,maceta1,67.0,65.0,55.6,56.8,56.2,27.8,22.7,,,0,0,0,Lectura invalida de DHT
2026-05-11,22:40:16,maceta2,42.0,44.0,72.2,70.7,71.5,23.4,29.9,15.9,46.0,0,0,0,
2026-05-11,22:40:43,maceta1,67.0,65.0,55.5,56.7,56.1,19.4,26.4,,,0,0,0,Lectura invalida de DHT
2026-05-11,22:40:43,maceta2,42.0,44.0,72.0,70.6,71.3,14.3,8.5,16.0,46.1,0,0,0,
2026-05-11,22:41:09,maceta1,67.0,65.0,55.4,56.5,55.9,12.4,28.9,,,0,0,0,Lectura invalida de DHT
2026-05-11,22:41:09,maceta2,42.0,44.0,71.9,70.5,71.2,12.9,17.3,,,0,0,0,Lectura invalida de DHT
2026-05-11,22:41:36,maceta1,67.0,65.0,55.1,56.3,55.7,27.9,9.7,,,0,0,0,Lectura invalida de DHT
2026-05-11,22:41:36,maceta2,42.0,44.0,71.8,70.3,71.0,0.3,13.5,15.9,46.0,0,0,0,
2026-05-11,22:42:03,maceta1,68.0,66.0,54.9,56.2,55.5,23.5,24.0,,,0,0,0,Lectura invalida de DHT
2026-05-11,22:42:03,maceta2,43.0,45.0,71.5,70.2,70.9,27.8,16.9,,,0,0,0,Lectura invalida de DHT
2026-05-11,22:42:30,maceta1,68.0,66.0,54.7,56.0,55.3,6.0,6.3,,,0,0,0,Lectura invalida de DHT
2026-05-11,22:42:30,maceta2,43.0,45.0,71.3,70.2,70.7,18.1,4.7,15.9,46.0,0,0,0,
2026-05-11,22:42:56,maceta1,68.0,66.0,54.4,55.9,55.2,3.9,16.4,,,0,0,0,Lectura invalida de DHT
2026-05-11,22:42:56,maceta2,43.0,45.0,71.2,70.0,70.6,6.1,25.7,15.9,46.0,0,0,0,
2026-05-11,22:43:23,maceta1,68.0,66.0,54.4,55.7,55.0,20.3,5.4,,,0,0,0,Lectura invalida de DHT
2026-05-11,22:43:23,maceta2,43.0,45.0,71.1,69.8,70.5,27.6,27.3,,,0,0,0,Lectura invalida de DHT
2026-05-11,22:43:50,maceta1,69.0,67.0,54.1,55.6,54.9,16.8,10.4,,,0,0,0,Lectura invalida de DHT
2026-05-11,22:43:50,maceta2,43.0,45.0,71.0,69.7,70.4,27.4,13.5,,,0,0,0,Lectura invalida de DHT
2026-05-11,22:44:17,maceta1,69.0,67.0,54.0,55.4,54.7,23.7,27.9,,,0,0,0,Lectura invalida de DHT
2026-05-11,22:44:17,maceta2,44.0,46.0,70.9,69.5,70.2,29.7,8.4,,,0,0,0,Lectura invalida de DHT
2026-05-11,22:44:43,maceta1,69.0,67.0,53.8,55.3,54.6,22.2,4.4,,,0,0,0,Lectura invalida de DHT
2026-05-11,22:44:43,maceta2,44.0,46.0,70.8,69.3,70.1,26.2,4.2,15.9,46.1,0,0,0,
2026-05-11,22:45:10,maceta1,70.0,67.0,53.6,55.1,54.4,18.8,19.0,,,0,0,0,Lectura invalida de DHT
2026-05-11,22:45:10,maceta2,44.0,46.0,70.7,69.2,70.0,29.9,20.5,15.9,46.0,0,0,0,
2026-05-11,22:45:37,maceta1,70.0,68.0,53.4,55.0,54.2,29.6,17.8,,,0,0,0,Lectura invalida de DHT
2026-05-11,22:45:37,maceta2,44.0,46.0,70.6,69.1,69.9,7.3,9.4,15.9,46.1,0,0,0,
2026-05-11,22:46:04,maceta1,70.0,68.0,53.3,54.9,54.1,16.0,3.6,,,0,0,0,Lectura invalida de DHT
2026-05-11,22:46:04,maceta2,44.0,47.0,70.6,68.9,69.7,25.3,27.3,,,0,0,0,Lectura invalida de DHT
2026-05-11,22:46:31,maceta1,70.0,68.0,53.2,54.8,54.0,3.4,9.8,,,0,0,0,Lectura invalida de DHT
2026-05-11,22:46:31,maceta2,44.0,47.0,70.4,68.8,69.6,24.7,20.1,15.9,46.1,0,0,0,
2026-05-11,22:46:57,maceta1,71.0,68.0,53.0,54.7,53.8,24.8,16.9,,,0,0,0,Lectura invalida de DHT
2026-05-11,22:46:57,maceta2,45.0,47.0,70.2,68.7,69.4,6.9,19.4,15.9,46.1,0,0,0,
2026-05-11,22:47:24,maceta1,71.0,68.0,52.7,54.4,53.6,7.6,5.6,,,0,0,0,Lectura invalida de DHT
2026-05-11,22:47:24,maceta2,45.0,47.0,70.1,68.6,69.3,3.0,16.8,,,0,0,0,Lectura invalida de DHT
2026-05-11,22:47:51,maceta1,71.0,69.0,52.7,54.2,53.4,23.3,24.0,,,0,0,0,Lectura invalida de DHT
2026-05-11,22:47:51,maceta2,45.0,47.0,70.0,68.4,69.2,29.4,1.4,,,0,0,0,Lectura invalida de DHT
2026-05-11,22:48:18,maceta1,71.0,69.0,52.5,54.0,53.3,28.7,29.2,,,0,0,0,Lectura invalida de DHT
2026-05-11,22:48:18,maceta2,45.0,48.0,69.9,68.3,69.1,8.9,28.0,15.9,46.1,0,0,0,
2026-05-11,22:48:44,maceta1,71.0,69.0,52.4,53.9,53.1,20.9,6.4,,,0,0,0,Lectura invalida de DHT
2026-05-11,22:48:44,maceta2,45.0,48.0,69.7,68.1,68.9,26.1,18.8,15.9,46.0,0,0,0,
2026-05-11,22:49:13,maceta1,72.0,69.0,52.2,53.7,53.0,17.9,5.6,,,0,0,0,Lectura invalida de DHT
2026-05-11,22:49:13,maceta2,46.0,48.0,69.5,68.0,68.7,0.1,29.8,15.9,46.1,0,0,0,
2026-05-11,22:49:40,maceta1,72.0,70.0,52.2,53.5,52.8,13.8,13.6,,,0,0,0,Lectura invalida de DHT
2026-05-11,22:49:40,maceta2,46.0,48.0,69.4,67.8,68.6,0.6,16.1,,,0,0,0,Lectura invalida de DHT
2026-05-11,22:50:07,maceta1,72.0,70.0,52.1,53.5,52.8,10.9,22.4,,,0,0,0,Lectura invalida de DHT
2026-05-11,22:50:07,maceta2,46.0,48.0,69.3,67.7,68.5,14.0,21.3,15.9,46.1,0,0,0,
2026-05-11,22:50:34,maceta1,72.0,70.0,51.9,53.3,52.6,10.6,8.4,,,0,0,0,Lectura invalida de DHT
2026-05-11,22:50:34,maceta2,46.0,49.0,69.2,67.6,68.4,7.2,1.7,15.9,46.1,0,0,0,
2026-05-11,22:51:00,maceta1,72.0,70.0,51.8,53.2,52.5,19.1,0.6,,,0,0,0,Lectura invalida de DHT
2026-05-11,22:51:00,maceta2,47.0,49.0,69.0,67.5,68.3,20.7,19.0,15.9,46.0,0,0,0,
2026-05-11,22:51:27,maceta1,73.0,70.0,51.5,53.1,52.3,22.5,16.2,,,0,0,0,Lectura invalida de DHT
2026-05-11,22:51:27,maceta2,47.0,49.0,68.7,67.3,68.0,17.0,22.9,15.9,46.1,0,0,0,
2026-05-11,22:51:54,maceta1,73.0,71.0,51.5,52.9,52.2,20.4,28.7,,,0,0,0,Lectura invalida de DHT
2026-05-11,22:51:54,maceta2,47.0,49.0,68.7,67.2,67.9,2.3,23.4,15.9,46.0,0,0,0,
2026-05-11,22:52:21,maceta1,73.0,71.0,51.3,52.8,52.1,6.0,11.7,,,0,0,0,Lectura invalida de DHT
2026-05-11,22:52:21,maceta2,47.0,50.0,68.5,67.0,67.7,4.9,23.1,15.9,46.1,0,0,0,
2026-05-11,22:52:47,maceta1,73.0,71.0,51.2,52.6,51.9,14.8,12.6,,,0,0,0,Lectura invalida de DHT
2026-05-11,22:52:47,maceta2,47.0,50.0,68.4,66.8,67.6,11.6,6.8,15.9,46.0,0,0,0,
2026-05-11,22:53:14,maceta1,74.0,71.0,51.0,52.5,51.8,23.7,29.1,,,0,0,0,Lectura invalida de DHT
2026-05-11,22:53:14,maceta2,48.0,50.0,68.2,66.7,67.5,5.6,29.3,15.9,46.0,0,0,0,
2026-05-11,22:53:41,maceta1,74.0,71.0,50.7,52.4,51.6,14.3,20.8,,,0,0,0,Lectura invalida de DHT
2026-05-11,22:53:41,maceta2,48.0,50.0,68.0,66.6,67.3,23.8,29.9,15.9,46.0,0,0,0,
2026-05-11,22:54:08,maceta1,74.0,71.0,50.5,52.4,51.4,16.1,21.6,,,0,0,0,Lectura invalida de DHT
2026-05-11,22:54:08,maceta2,48.0,50.0,67.9,66.5,67.2,12.5,2.3,15.9,46.0,0,0,0,
2026-05-11,22:54:34,maceta1,74.0,72.0,50.3,52.2,51.3,23.1,16.9,,,0,0,0,Lectura invalida de DHT
2026-05-11,22:54:34,maceta2,48.0,50.0,67.7,66.4,67.0,2.8,28.1,15.9,46.0,0,0,0,
2026-05-11,22:55:01,maceta1,75.0,72.0,50.2,52.0,51.1,19.8,29.2,,,0,0,0,Lectura invalida de DHT
2026-05-11,22:55:01,maceta2,49.0,51.0,67.5,66.2,66.8,14.5,8.7,15.9,46.0,0,0,0,
2026-05-11,22:55:28,maceta1,75.0,72.0,50.1,51.9,51.0,12.3,20.7,,,0,0,0,Lectura invalida de DHT
2026-05-11,22:55:28,maceta2,49.0,51.0,67.3,66.0,66.6,2.7,20.7,15.9,46.0,0,0,0,
2026-05-11,22:55:55,maceta1,75.0,72.0,49.9,51.8,50.8,26.9,26.9,,,0,0,1,Lectura invalida de DHT
2026-05-11,22:55:55,maceta2,49.0,51.0,67.2,65.9,66.6,3.9,10.1,15.9,46.0,0,0,0,
2026-05-11,22:56:21,maceta1,28.0,25.0,81.6,83.7,82.6,4.9,21.0,,,0,0,0,Lectura invalida de DHT
2026-05-11,22:56:21,maceta2,49.0,51.0,67.0,65.8,66.4,7.2,29.0,,,0,0,0,Lectura invalida de DHT
2026-05-11,22:56:48,maceta1,28.0,25.0,81.4,83.5,82.5,29.9,22.1,,,0,0,0,Lectura invalida de DHT
2026-05-11,22:56:48,maceta2,50.0,52.0,66.9,65.6,66.3,25.8,3.0,,,0,0,0,Lectura invalida de DHT
2026-05-11,22:57:15,maceta1,28.0,25.0,81.2,83.3,82.3,3.6,8.7,,,0,0,0,Lectura invalida de DHT
2026-05-11,22:57:15,maceta2,50.0,52.0,66.7,65.6,66.1,27.7,14.9,15.9,46.0,0,0,0,
2026-05-11,22:57:42,maceta1,28.0,25.0,81.1,83.1,82.1,0.4,9.1,,,0,0,0,Lectura invalida de DHT
2026-05-11,22:57:42,maceta2,50.0,52.0,66.7,65.4,66.0,24.8,12.8,15.9,46.0,0,0,0,
2026-05-11,22:58:08,maceta1,29.0,26.0,80.9,83.0,81.9,26.7,23.5,,,0,0,0,Lectura invalida de DHT
2026-05-11,22:58:08,maceta2,50.0,52.0,66.6,65.2,65.9,10.0,9.8,,,0,0,0,Lectura invalida de DHT
2026-05-11,22:58:35,maceta1,29.0,26.0,80.7,82.8,81.7,7.3,8.9,,,0,0,0,Lectura invalida de DHT
2026-05-11,22:58:35,maceta2,50.0,53.0,66.4,65.0,65.7,8.2,19.4,15.9,46.0,0,0,0,
2026-05-11,22:59:02,maceta1,29.0,26.0,80.5,82.6,81.6,21.9,16.9,,,0,0,0,Lectura invalida de DHT
2026-05-11,22:59:02,maceta2,51.0,53.0,66.2,64.8,65.5,16.5,3.9,15.9,46.0,0,0,0,
2026-05-11,22:59:29,maceta1,29.0,26.0,80.4,82.5,81.5,24.3,7.5,,,0,0,0,Lectura invalida de DHT
2026-05-11,22:59:29,maceta2,51.0,53.0,66.0,64.8,65.4,21.7,21.5,,,0,0,0,Lectura invalida de DHT
2026-05-11,22:59:55,maceta1,30.0,27.0,80.2,82.3,81.3,25.8,24.5,,,0,0,0,Lectura invalida de DHT
2026-05-11,22:59:55,maceta2,51.0,53.0,65.9,64.6,65.2,29.8,29.4,15.9,46.0,0,0,0,
2026-05-11,23:00:22,maceta1,30.0,27.0,80.0,82.2,81.1,29.7,3.3,,,0,0,0,Lectura invalida de DHT
2026-05-11,23:00:22,maceta2,51.0,53.0,65.7,64.4,65.1,3.9,24.1,15.9,46.0,0,0,0,
2026-05-11,23:00:49,maceta1,30.0,27.0,79.8,82.0,80.9,8.8,24.9,,,0,0,0,Lectura invalida de DHT
2026-05-11,23:00:49,maceta2,52.0,54.0,65.6,64.2,64.9,1.5,25.8,15.9,46.0,0,0,0,
2026-05-11,23:01:16,maceta1,30.0,27.0,79.7,81.9,80.8,21.3,18.1,,,0,0,0,Lectura invalida de DHT
2026-05-11,23:01:16,maceta2,52.0,54.0,65.5,64.0,64.8,20.8,10.8,15.9,46.0,0,0,0,
2026-05-11,23:01:42,maceta1,31.0,27.0,79.6,81.8,80.7,3.5,5.6,,,0,0,0,Lectura invalida de DHT
2026-05-11,23:01:42,maceta2,52.0,54.0,65.4,63.9,64.6,25.0,9.7,15.9,46.0,0,0,0,
2026-05-11,23:02:09,maceta1,31.0,28.0,79.5,81.5,80.5,12.2,16.3,,,0,0,0,Lectura invalida de DHT
2026-05-11,23:02:09,maceta2,52.0,54.0,65.3,63.8,64.5,25.4,15.5,15.9,46.0,0,0,0,
2026-05-11,23:02:36,maceta1,31.0,28.0,79.2,81.4,80.3,25.4,8.5,,,0,0,0,Lectura invalida de DHT
2026-05-11,23:02:36,maceta2,52.0,55.0,65.1,63.6,64.3,20.4,1.4,15.9,46.0,0,0,0,
2026-05-11,23:03:03,maceta1,31.0,28.0,79.0,81.2,80.1,11.0,9.7,,,0,0,0,Lectura invalida de DHT
2026-05-11,23:03:03,maceta2,53.0,55.0,64.9,63.4,64.2,28.6,28.4,15.9,46.0,0,0,0,
2026-05-11,23:03:29,maceta1,32.0,28.0,78.8,81.1,80.0,17.7,10.5,,,0,0,0,Lectura invalida de DHT
2026-05-11,23:03:29,maceta2,53.0,55.0,64.7,63.3,64.0,15.3,4.3,,,0,0,0,Lectura invalida de DHT
2026-05-11,23:03:56,maceta1,32.0,28.0,78.8,81.0,79.9,15.1,1.9,,,0,0,0,Lectura invalida de DHT
2026-05-11,23:03:56,maceta2,53.0,55.0,64.5,63.2,63.8,27.4,27.1,,,0,0,0,Lectura invalida de DHT
2026-05-11,23:04:23,maceta1,32.0,29.0,78.7,80.9,79.8,19.4,29.6,,,0,0,0,Lectura invalida de DHT
2026-05-11,23:04:23,maceta2,54.0,56.0,64.3,63.0,63.6,29.0,2.5,,,0,0,0,Lectura invalida de DHT
2026-05-11,23:04:50,maceta1,32.0,29.0,78.6,80.8,79.7,29.2,0.9,,,0,0,0,Lectura invalida de DHT
2026-05-11,23:04:50,maceta2,54.0,56.0,64.2,62.7,63.5,25.4,24.7,15.8,46.0,0,0,0,
2026-05-11,23:05:16,maceta1,32.0,29.0,78.5,80.7,79.6,1.7,19.9,,,0,0,0,Lectura invalida de DHT
2026-05-11,23:05:16,maceta2,54.0,56.0,64.1,62.7,63.4,9.3,4.6,,,0,0,0,Lectura invalida de DHT
2026-05-11,23:05:43,maceta1,32.0,29.0,78.4,80.5,79.4,17.2,11.1,,,0,0,0,Lectura invalida de DHT
2026-05-11,23:05:43,maceta2,54.0,56.0,64.0,62.5,63.2,5.9,1.1,,,0,0,0,Lectura invalida de DHT
2026-05-11,23:06:10,maceta1,32.0,30.0,78.4,80.2,79.3,25.9,19.4,,,0,0,0,Lectura invalida de DHT
2026-05-11,23:06:10,maceta2,54.0,57.0,63.8,62.3,63.0,16.4,21.6,,,0,0,0,Lectura invalida de DHT
2026-05-11,23:06:37,maceta1,33.0,30.0,78.1,80.1,79.1,14.4,10.7,,,0,0,0,Lectura invalida de DHT
2026-05-11,23:06:37,maceta2,55.0,57.0,63.6,62.2,62.9,13.6,8.4,15.9,46.0,0,0,0,
2026-05-11,23:07:03,maceta1,33.0,30.0,77.9,79.8,78.9,2.4,20.2,,,0,0,0,Lectura invalida de DHT
2026-05-11,23:07:03,maceta2,55.0,57.0,63.5,62.1,62.8,26.3,21.4,15.9,46.0,0,0,0,
2026-05-11,23:07:30,maceta1,33.0,31.0,77.8,79.6,78.7,16.8,21.9,,,0,0,0,Lectura invalida de DHT
2026-05-11,23:07:30,maceta2,55.0,57.0,63.3,61.8,62.6,3.0,16.7,15.9,46.0,0,0,0,
2026-05-11,23:07:57,maceta1,34.0,31.0,77.6,79.4,78.5,10.0,20.7,,,0,0,0,Lectura invalida de DHT
2026-05-11,23:07:57,maceta2,55.0,58.0,63.2,61.6,62.4,7.7,3.3,15.9,46.0,0,0,0,
2026-05-11,23:08:24,maceta1,34.0,31.0,77.5,79.2,78.4,4.6,3.4,,,0,0,0,Lectura invalida de DHT
2026-05-11,23:08:24,maceta2,55.0,58.0,63.0,61.6,62.3,22.6,28.0,15.8,46.0,0,0,0,
2026-05-11,23:08:50,maceta1,34.0,31.0,77.3,79.0,78.2,25.5,19.7,,,0,0,0,Lectura invalida de DHT
2026-05-11,23:08:50,maceta2,56.0,58.0,62.9,61.4,62.1,2.8,13.6,15.9,46.0,0,0,0,
2026-05-11,23:09:17,maceta1,34.0,32.0,77.1,79.0,78.0,15.6,8.4,,,0,0,0,Lectura invalida de DHT
2026-05-11,23:09:17,maceta2,56.0,58.0,62.8,61.1,61.9,9.6,22.0,15.8,46.0,0,0,0,
2026-05-11,23:09:44,maceta1,34.0,32.0,77.0,78.8,77.9,28.0,0.9,,,0,0,0,Lectura invalida de DHT
2026-05-11,23:09:44,maceta2,56.0,58.0,62.7,61.1,61.9,11.6,15.0,15.8,46.0,0,0,0,
2026-05-11,23:10:11,maceta1,35.0,32.0,76.9,78.7,77.8,24.2,12.4,,,0,0,0,Lectura invalida de DHT
2026-05-11,23:10:11,maceta2,56.0,59.0,62.6,60.8,61.7,18.7,18.1,15.8,46.0,0,0,0,
2026-05-11,23:10:37,maceta1,35.0,32.0,76.8,78.6,77.7,20.8,13.0,,,0,0,0,Lectura invalida de DHT
2026-05-11,23:10:37,maceta2,56.0,59.0,62.5,60.6,61.5,4.7,9.1,15.8,46.0,0,0,0,
2026-05-11,23:11:04,maceta1,35.0,32.0,76.7,78.6,77.6,0.2,14.0,,,0,0,0,Lectura invalida de DHT
2026-05-11,23:11:04,maceta2,57.0,59.0,62.3,60.5,61.4,25.8,6.0,15.8,46.0,0,0,0,
2026-05-11,23:11:31,maceta1,35.0,32.0,76.4,78.4,77.4,12.8,21.1,,,0,0,0,Lectura invalida de DHT
2026-05-11,23:11:31,maceta2,57.0,59.0,62.1,60.3,61.2,13.4,16.3,15.8,46.0,0,0,0,
2026-05-11,23:11:58,maceta1,36.0,33.0,76.2,78.3,77.3,5.9,9.3,,,0,0,0,Lectura invalida de DHT
2026-05-11,23:11:58,maceta2,57.0,60.0,61.9,60.3,61.1,27.5,13.2,,,0,0,0,Lectura invalida de DHT
2026-05-11,23:12:24,maceta1,36.0,33.0,76.1,78.1,77.1,27.3,9.5,,,0,0,0,Lectura invalida de DHT
2026-05-11,23:12:24,maceta2,57.0,60.0,61.7,60.1,60.9,14.0,11.7,15.8,46.0,0,0,0,
2026-05-11,23:12:51,maceta1,36.0,33.0,75.8,77.9,76.9,5.2,1.8,,,0,0,0,Lectura invalida de DHT
2026-05-11,23:12:51,maceta2,58.0,60.0,61.5,60.0,60.7,8.3,20.2,15.8,46.0,0,0,0,
2026-05-11,23:13:18,maceta1,37.0,33.0,75.7,77.7,76.7,8.6,20.6,,,0,0,0,Lectura invalida de DHT
2026-05-11,23:13:18,maceta2,58.0,60.0,61.3,59.9,60.6,4.3,20.7,15.8,46.0,0,0,0,
2026-05-11,23:13:45,maceta1,37.0,34.0,75.6,77.6,76.6,15.5,17.0,,,0,0,0,Lectura invalida de DHT
2026-05-11,23:13:45,maceta2,58.0,60.0,61.2,59.8,60.5,0.1,1.4,15.8,46.0,0,0,0,
2026-05-11,23:14:11,maceta1,37.0,34.0,75.4,77.6,76.5,7.9,10.5,,,0,0,0,Lectura invalida de DHT
2026-05-11,23:14:11,maceta2,58.0,61.0,61.1,59.6,60.3,16.0,10.2,15.9,46.0,0,0,0,
2026-05-11,23:14:38,maceta1,37.0,34.0,75.3,77.4,76.3,6.3,21.2,,,0,0,0,Lectura invalida de DHT
2026-05-11,23:14:38,maceta2,59.0,61.0,60.9,59.4,60.2,3.2,12.4,15.8,46.0,0,0,0,
2026-05-11,23:15:05,maceta1,37.0,34.0,75.2,77.2,76.2,18.0,16.1,,,0,0,0,Lectura invalida de DHT
2026-05-11,23:15:05,maceta2,59.0,61.0,60.7,59.4,60.0,11.8,2.9,15.8,46.0,0,0,0,
2026-05-11,23:15:32,maceta1,38.0,34.0,75.0,77.1,76.0,2.7,14.1,,,0,0,0,Lectura invalida de DHT
2026-05-11,23:15:32,maceta2,59.0,61.0,60.5,59.2,59.8,17.7,7.1,,,0,0,0,Lectura invalida de DHT
2026-05-11,23:15:58,maceta1,38.0,34.0,74.9,77.0,76.0,1.7,15.3,,,0,0,0,Lectura invalida de DHT
2026-05-11,23:15:58,maceta2,60.0,61.0,60.3,59.0,59.7,8.3,1.5,15.8,46.0,0,0,0,
2026-05-11,23:16:25,maceta1,38.0,35.0,74.8,77.0,75.9,11.2,19.1,,,0,0,0,Lectura invalida de DHT
2026-05-11,23:16:25,maceta2,60.0,62.0,60.1,58.9,59.5,5.3,29.9,15.8,46.0,0,0,0,
2026-05-11,23:16:52,maceta1,38.0,35.0,74.7,76.8,75.8,21.6,19.8,,,0,0,0,Lectura invalida de DHT
2026-05-11,23:16:52,maceta2,60.0,62.0,59.9,58.7,59.3,23.2,22.1,15.8,46.0,0,0,0,
2026-05-11,23:17:19,maceta1,38.0,35.0,74.6,76.6,75.6,16.6,8.7,,,0,0,0,Lectura invalida de DHT
2026-05-11,23:17:19,maceta2,60.0,62.0,59.7,58.7,59.2,28.4,2.6,15.8,46.0,0,0,0,
2026-05-11,23:17:45,maceta1,38.0,35.0,74.4,76.4,75.4,12.7,4.2,,,0,0,0,Lectura invalida de DHT
2026-05-11,23:17:45,maceta2,61.0,62.0,59.5,58.5,59.0,3.0,0.6,,,0,0,0,Lectura invalida de DHT
2026-05-11,23:18:12,maceta1,39.0,35.0,74.2,76.4,75.3,17.0,4.7,,,0,0,0,Lectura invalida de DHT
2026-05-11,23:18:12,maceta2,61.0,63.0,59.3,58.3,58.8,4.7,21.6,15.8,46.0,0,0,0,
2026-05-11,23:18:39,maceta1,39.0,36.0,74.1,76.2,75.1,11.0,19.2,,,0,0,0,Lectura invalida de DHT
2026-05-11,23:18:39,maceta2,61.0,63.0,59.1,58.1,58.6,28.8,13.2,15.8,45.9,0,0,0,
2026-05-11,23:19:06,maceta1,39.0,36.0,74.0,76.0,75.0,28.1,26.2,,,0,0,0,Lectura invalida de DHT
2026-05-11,23:19:06,maceta2,61.0,63.0,59.0,57.9,58.5,1.1,23.6,,,0,0,0,Lectura invalida de DHT
2026-05-11,23:19:32,maceta1,39.0,36.0,73.9,75.9,74.9,1.6,12.3,,,0,0,0,Lectura invalida de DHT
2026-05-11,23:19:32,maceta2,62.0,63.0,58.9,57.7,58.3,29.3,27.7,15.8,46.0,0,0,0,
2026-05-11,23:19:59,maceta1,40.0,36.0,73.6,75.7,74.7,20.2,5.1,,,0,0,0,Lectura invalida de DHT
2026-05-11,23:19:59,maceta2,62.0,64.0,58.7,57.7,58.2,0.1,18.0,15.8,45.9,0,0,0,
2026-05-11,23:20:26,maceta1,40.0,37.0,73.5,75.6,74.5,26.7,22.7,,,0,0,0,Lectura invalida de DHT
2026-05-11,23:20:26,maceta2,62.0,64.0,58.5,57.4,58.0,26.2,5.6,15.8,46.0,0,0,0,
2026-05-11,23:20:53,maceta1,40.0,37.0,73.4,75.4,74.4,24.1,25.0,,,0,0,0,Lectura invalida de DHT
2026-05-11,23:20:53,maceta2,62.0,64.0,58.3,57.3,57.8,9.2,23.5,15.8,46.0,0,0,0,
2026-05-11,23:21:19,maceta1,40.0,37.0,73.3,75.2,74.2,5.5,26.4,,,0,0,0,Lectura invalida de DHT
2026-05-11,23:21:19,maceta2,63.0,64.0,58.2,57.1,57.6,28.2,28.7,15.8,46.0,0,0,0,
2026-05-11,23:21:46,maceta1,40.0,37.0,73.1,75.1,74.1,8.9,18.2,,,0,0,0,Lectura invalida de DHT
2026-05-11,23:21:46,maceta2,63.0,65.0,58.1,56.9,57.5,9.5,17.4,15.8,45.9,0,0,0,
2026-05-11,23:22:13,maceta1,41.0,38.0,72.8,74.9,73.8,21.5,25.8,,,0,0,0,Lectura invalida de DHT
2026-05-11,23:22:13,maceta2,63.0,65.0,58.0,56.8,57.4,19.6,20.5,15.8,46.0,0,0,0,
2026-05-11,23:22:40,maceta1,41.0,38.0,72.7,74.7,73.7,2.5,0.5,,,0,0,0,Lectura invalida de DHT
2026-05-11,23:22:40,maceta2,63.0,65.0,57.8,56.7,57.3,2.4,10.1,15.8,46.0,0,0,0,
2026-05-11,23:23:06,maceta1,41.0,38.0,72.6,74.5,73.5,24.4,3.2,,,0,0,0,Lectura invalida de DHT
2026-05-11,23:23:06,maceta2,64.0,65.0,57.6,56.6,57.1,7.3,11.4,,,0,0,0,Lectura invalida de DHT
2026-05-11,23:23:33,maceta1,41.0,38.0,72.4,74.4,73.4,21.6,2.8,,,0,0,0,Lectura invalida de DHT
2026-05-11,23:23:33,maceta2,64.0,65.0,57.4,56.5,57.0,23.2,22.0,15.8,46.0,0,0,0,
2026-05-11,23:24:00,maceta1,42.0,39.0,72.2,74.1,73.2,21.9,21.4,,,0,0,0,Lectura invalida de DHT
2026-05-11,23:24:00,maceta2,64.0,65.0,57.2,56.4,56.8,15.9,27.8,15.8,46.0,0,0,0,
2026-05-11,23:24:27,maceta1,42.0,39.0,72.1,74.1,73.1,3.0,2.1,,,0,0,0,Lectura invalida de DHT
2026-05-11,23:24:27,maceta2,64.0,66.0,57.0,56.3,56.7,27.8,18.9,,,0,0,0,Lectura invalida de DHT
2026-05-11,23:24:53,maceta1,42.0,39.0,72.0,73.9,73.0,21.5,14.9,,,0,0,0,Lectura invalida de DHT
2026-05-11,23:24:53,maceta2,65.0,66.0,56.9,56.1,56.5,12.9,23.7,15.8,46.0,0,0,0,
2026-05-11,23:25:20,maceta1,42.0,39.0,71.8,73.7,72.7,20.4,14.2,,,0,0,0,Lectura invalida de DHT
2026-05-11,23:25:20,maceta2,65.0,66.0,56.7,56.0,56.4,26.1,5.1,15.8,46.0,0,0,0,
2026-05-11,23:25:47,maceta1,43.0,40.0,71.6,73.5,72.6,24.9,9.3,,,0,0,0,Lectura invalida de DHT
2026-05-11,23:25:47,maceta2,65.0,66.0,56.6,55.8,56.2,13.5,6.4,,,0,0,0,Lectura invalida de DHT
2026-05-11,23:26:14,maceta1,43.0,40.0,71.5,73.4,72.5,1.2,26.1,,,0,0,0,Lectura invalida de DHT
2026-05-11,23:26:14,maceta2,65.0,66.0,56.4,55.7,56.1,29.4,16.0,15.8,46.0,0,0,0,
2026-05-11,23:26:40,maceta1,43.0,40.0,71.4,73.3,72.3,0.7,5.1,,,0,0,0,Lectura invalida de DHT
2026-05-11,23:26:40,maceta2,66.0,67.0,56.3,55.7,56.0,28.8,5.3,15.8,46.0,0,0,0,
2026-05-11,23:27:07,maceta1,43.0,40.0,71.2,73.1,72.2,11.2,10.6,,,0,0,0,Lectura invalida de DHT
2026-05-11,23:27:07,maceta2,66.0,67.0,56.3,55.5,55.9,9.9,19.0,15.8,46.0,0,0,0,
2026-05-11,23:27:34,maceta1,43.0,41.0,71.1,72.9,72.0,4.5,23.2,,,0,0,0,Lectura invalida de DHT
2026-05-11,23:27:34,maceta2,66.0,67.0,56.1,55.5,55.8,26.6,8.7,15.8,45.9,0,0,0,
2026-05-11,23:28:01,maceta1,44.0,41.0,71.0,72.6,71.8,16.8,0.9,,,0,0,0,Lectura invalida de DHT
2026-05-11,23:28:01,maceta2,66.0,67.0,55.9,55.2,55.6,25.4,23.7,15.8,45.9,0,0,0,
2026-05-11,23:28:27,maceta1,44.0,41.0,70.8,72.4,71.6,27.5,20.2,,,0,0,0,Lectura invalida de DHT
2026-05-11,23:28:27,maceta2,66.0,68.0,55.7,55.0,55.3,6.3,24.2,,,0,0,0,Lectura invalida de DHT
2026-05-11,23:28:54,maceta1,44.0,42.0,70.7,72.3,71.5,11.7,24.5,,,0,0,0,Lectura invalida de DHT
2026-05-11,23:28:54,maceta2,67.0,68.0,55.6,54.9,55.3,18.7,13.9,15.8,45.9,0,0,0,
2026-05-11,23:29:21,maceta1,44.0,42.0,70.5,72.2,71.3,25.3,28.0,,,0,0,0,Lectura invalida de DHT
2026-05-11,23:29:21,maceta2,67.0,68.0,55.4,54.9,55.1,2.2,5.4,15.8,45.9,0,0,0,
2026-05-11,23:29:48,maceta1,45.0,42.0,70.3,71.9,71.1,0.0,26.3,,,0,0,0,Lectura invalida de DHT
2026-05-11,23:29:48,maceta2,67.0,68.0,55.3,54.7,55.0,25.1,19.4,15.8,45.9,0,0,0,
2026-05-11,23:30:14,maceta1,45.0,42.0,70.2,71.9,71.1,5.1,9.6,,,0,0,0,Lectura invalida de DHT
2026-05-11,23:30:14,maceta2,67.0,68.0,55.2,54.5,54.8,5.2,29.8,15.8,45.9,0,0,0,
2026-05-11,23:30:41,maceta1,45.0,42.0,70.0,71.8,70.9,0.9,17.6,,,0,0,0,Lectura invalida de DHT
2026-05-11,23:30:41,maceta2,68.0,69.0,55.0,54.3,54.6,2.1,18.7,15.8,45.9,0,0,0,
2026-05-11,23:31:08,maceta1,45.0,43.0,69.9,71.6,70.7,9.8,2.3,,,0,0,0,Lectura invalida de DHT
2026-05-11,23:31:08,maceta2,68.0,69.0,54.8,54.2,54.5,12.0,1.1,15.8,45.9,0,0,0,
2026-05-11,23:31:35,maceta1,45.0,43.0,69.7,71.4,70.6,27.2,7.7,,,0,0,0,Lectura invalida de DHT
2026-05-11,23:31:35,maceta2,68.0,69.0,54.6,54.1,54.3,17.3,0.5,15.8,45.9,0,0,0,
2026-05-11,23:32:01,maceta1,46.0,43.0,69.6,71.1,70.4,2.9,2.8,,,0,0,0,Lectura invalida de DHT
2026-05-11,23:32:01,maceta2,68.0,69.0,54.4,54.0,54.2,25.6,9.6,15.8,45.9,0,0,0,
2026-05-11,23:32:28,maceta1,46.0,44.0,69.4,70.9,70.2,18.2,9.5,,,0,0,0,Lectura invalida de DHT
2026-05-11,23:32:28,maceta2,69.0,69.0,54.2,53.8,54.0,29.2,5.9,15.8,45.8,0,0,0,
2026-05-11,23:32:55,maceta1,46.0,44.0,69.3,70.8,70.1,13.5,26.3,,,0,0,0,Lectura invalida de DHT
2026-05-11,23:32:55,maceta2,69.0,69.0,54.1,53.7,53.9,13.2,24.4,,,0,0,0,Lectura invalida de DHT
2026-05-11,23:33:22,maceta1,46.0,44.0,69.3,70.7,70.0,28.2,10.4,,,0,0,0,Lectura invalida de DHT
2026-05-11,23:33:22,maceta2,69.0,70.0,54.1,53.6,53.8,1.8,25.3,15.8,45.8,0,0,0,
2026-05-11,23:33:48,maceta1,46.0,44.0,69.0,70.5,69.8,3.7,16.9,,,0,0,0,Lectura invalida de DHT
2026-05-11,23:33:48,maceta2,69.0,70.0,54.0,53.4,53.7,22.5,7.8,15.8,45.8,0,0,0,
2026-05-11,23:34:15,maceta1,47.0,44.0,68.8,70.4,69.6,6.4,13.0,,,0,0,0,Lectura invalida de DHT
2026-05-11,23:34:15,maceta2,69.0,70.0,53.8,53.2,53.5,17.0,9.8,,,0,0,0,Lectura invalida de DHT
2026-05-11,23:34:42,maceta1,47.0,45.0,68.7,70.2,69.4,0.9,13.8,,,0,0,0,Lectura invalida de DHT
2026-05-11,23:34:42,maceta2,70.0,70.0,53.6,53.1,53.4,13.4,7.1,15.8,45.8,0,0,0,
2026-05-11,23:35:09,maceta1,47.0,45.0,68.6,70.0,69.3,13.0,29.1,,,0,0,0,Lectura invalida de DHT
2026-05-11,23:35:09,maceta2,70.0,71.0,53.5,52.9,53.2,9.3,27.3,15.8,45.8,0,0,0,
2026-05-11,23:35:35,maceta1,47.0,45.0,68.5,69.7,69.1,8.3,8.9,,,0,0,0,Lectura invalida de DHT
2026-05-11,23:35:35,maceta2,70.0,71.0,53.3,52.8,53.1,15.1,15.1,15.8,45.8,0,0,0,
2026-05-11,23:36:02,maceta1,48.0,46.0,68.3,69.5,68.9,26.1,18.8,,,0,0,0,Lectura invalida de DHT
2026-05-11,23:36:02,maceta2,70.0,71.0,53.2,52.7,53.0,10.2,19.7,,,0,0,0,Lectura invalida de DHT
2026-05-11,23:36:29,maceta1,48.0,46.0,68.2,69.4,68.8,18.1,12.6,,,0,0,0,Lectura invalida de DHT
2026-05-11,23:36:29,maceta2,70.0,71.0,53.1,52.6,52.9,22.7,12.5,15.8,45.8,0,0,0,
2026-05-11,23:36:56,maceta1,48.0,46.0,68.0,69.2,68.6,18.4,1.8,,,0,0,0,Lectura invalida de DHT
2026-05-11,23:36:56,maceta2,71.0,71.0,52.9,52.4,52.7,16.3,18.9,15.8,45.8,0,0,0,
2026-05-11,23:37:22,maceta1,48.0,46.0,67.9,69.1,68.5,16.0,14.7,,,0,0,0,Lectura invalida de DHT
2026-05-11,23:37:22,maceta2,71.0,72.0,52.8,52.3,52.5,26.3,11.6,15.8,45.8,0,0,0,
2026-05-11,23:37:49,maceta1,48.0,47.0,67.8,69.0,68.4,2.8,24.4,,,0,0,0,Lectura invalida de DHT
2026-05-11,23:37:49,maceta2,71.0,72.0,52.7,52.1,52.4,16.3,10.2,,,0,0,0,Lectura invalida de DHT
2026-05-11,23:38:16,maceta1,49.0,47.0,67.6,68.9,68.2,13.4,3.0,,,0,0,0,Lectura invalida de DHT
2026-05-11,23:38:16,maceta2,71.0,72.0,52.5,51.9,52.2,7.1,19.0,15.8,45.8,0,0,0,
2026-05-11,23:38:43,maceta1,49.0,47.0,67.5,68.7,68.1,30.0,2.1,,,0,0,0,Lectura invalida de DHT
2026-05-11,23:38:43,maceta2,71.0,72.0,52.4,51.8,52.1,25.5,17.7,15.8,45.8,0,0,0,
2026-05-11,23:39:17,maceta1,49.0,47.0,67.3,68.5,67.9,25.1,4.6,,,0,0,0,Lectura invalida de DHT
2026-05-11,23:39:17,maceta2,72.0,72.0,52.3,51.7,52.0,16.7,8.8,15.8,45.7,0,0,0,
2026-05-11,23:39:44,maceta1,49.0,47.0,67.1,68.4,67.8,26.8,22.9,,,0,0,0,Lectura invalida de DHT
2026-05-11,23:39:44,maceta2,72.0,73.0,52.2,51.6,51.9,6.2,4.5,15.8,45.8,0,0,0,
2026-05-11,23:40:11,maceta1,50.0,47.0,66.9,68.3,67.6,24.7,21.7,,,0,0,0,Lectura invalida de DHT
2026-05-11,23:40:11,maceta2,72.0,73.0,52.0,51.5,51.8,18.7,11.1,,,0,0,0,Lectura invalida de DHT
2026-05-11,23:40:38,maceta1,50.0,48.0,66.8,68.3,67.5,3.1,17.0,,,0,0,0,Lectura invalida de DHT
2026-05-11,23:40:38,maceta2,72.0,73.0,51.8,51.4,51.6,10.7,12.5,15.8,45.8,0,0,0,
2026-05-11,23:41:05,maceta1,50.0,48.0,66.7,68.2,67.4,6.8,14.0,,,0,0,0,Lectura invalida de DHT
2026-05-11,23:41:05,maceta2,72.0,73.0,51.7,51.2,51.4,25.3,18.9,15.8,45.7,0,0,0,
2026-05-11,23:41:31,maceta1,50.0,48.0,66.6,67.9,67.3,0.1,26.6,,,0,0,0,Lectura invalida de DHT
2026-05-11,23:41:31,maceta2,73.0,73.0,51.6,51.0,51.3,13.6,27.4,15.8,45.8,0,0,0,
2026-05-11,23:41:58,maceta1,50.0,48.0,66.4,67.7,67.0,9.1,23.0,,,0,0,0,Lectura invalida de DHT
2026-05-11,23:41:58,maceta2,73.0,74.0,51.4,50.9,51.2,21.8,1.1,15.8,45.8,0,0,0,
2026-05-11,23:42:25,maceta1,51.0,49.0,66.2,67.6,66.9,3.3,24.4,,,0,0,0,Lectura invalida de DHT
2026-05-11,23:42:25,maceta2,73.0,74.0,51.2,50.8,51.0,2.9,7.3,15.8,45.7,0,0,0,
2026-05-11,23:42:52,maceta1,51.0,49.0,66.1,67.5,66.8,14.2,24.4,,,0,0,0,Lectura invalida de DHT
2026-05-11,23:42:52,maceta2,74.0,74.0,51.0,50.6,50.8,11.9,5.8,15.8,45.7,0,0,0,
2026-05-11,23:43:18,maceta1,51.0,49.0,66.0,67.3,66.6,20.3,19.3,,,0,0,0,Lectura invalida de DHT
2026-05-11,23:43:18,maceta2,74.0,74.0,50.9,50.5,50.7,29.5,15.1,,,0,0,0,Lectura invalida de DHT
2026-05-11,23:43:45,maceta1,51.0,49.0,65.8,67.2,66.5,26.2,13.7,,,0,0,0,Lectura invalida de DHT
2026-05-11,23:43:45,maceta2,74.0,74.0,50.8,50.4,50.6,24.3,12.9,15.8,45.7,0,0,0,
2026-05-11,23:44:12,maceta1,51.0,49.0,65.7,67.1,66.4,22.5,25.9,,,0,0,0,Lectura invalida de DHT
2026-05-11,23:44:12,maceta2,74.0,74.0,50.6,50.3,50.5,4.8,21.9,15.8,45.8,0,0,0,
2026-05-11,23:44:39,maceta1,52.0,49.0,65.7,67.0,66.3,28.2,27.8,,,0,0,0,Lectura invalida de DHT
2026-05-11,23:44:39,maceta2,74.0,75.0,50.4,50.3,50.3,8.3,7.3,15.8,45.7,0,0,0,
2026-05-11,23:45:05,maceta1,52.0,50.0,65.4,67.0,66.2,1.6,0.7,,,0,0,0,Lectura invalida de DHT
2026-05-11,23:45:05,maceta2,75.0,75.0,50.3,50.2,50.2,9.9,17.8,15.8,45.7,0,0,0,
2026-05-11,23:45:32,maceta1,52.0,50.0,65.2,66.8,66.0,0.4,1.5,,,0,0,0,Lectura invalida de DHT
2026-05-11,23:45:32,maceta2,75.0,75.0,50.2,50.0,50.1,19.5,26.5,15.8,45.7,0,0,1,
2026-05-11,23:45:59,maceta1,52.0,50.0,65.2,66.6,65.9,19.8,28.8,,,0,0,0,Lectura invalida de DHT
2026-05-11,23:45:59,maceta2,25.0,27.0,83.2,82.2,82.7,22.7,27.3,15.8,45.7,0,0,0,
2026-05-11,23:46:26,maceta1,52.0,50.0,65.0,66.5,65.8,8.7,8.3,,,0,0,0,Lectura invalida de DHT
2026-05-11,23:46:26,maceta2,25.0,27.0,83.0,81.9,82.5,22.5,28.8,15.8,45.7,0,0,0,
2026-05-11,23:46:52,maceta1,53.0,50.0,64.8,66.5,65.6,7.6,26.2,,,0,0,0,Lectura invalida de DHT
2026-05-11,23:46:52,maceta2,26.0,27.0,82.9,81.8,82.3,15.3,23.2,15.8,45.7,0,0,0,
2026-05-11,23:47:19,maceta1,53.0,51.0,64.7,66.3,65.5,9.9,11.7,,,0,0,0,Lectura invalida de DHT
2026-05-11,23:47:19,maceta2,26.0,27.0,82.7,81.7,82.2,24.3,27.2,,,0,0,0,Lectura invalida de DHT
2026-05-11,23:47:46,maceta1,53.0,51.0,64.5,66.2,65.3,8.1,3.6,,,0,0,0,Lectura invalida de DHT
2026-05-11,23:47:46,maceta2,26.0,28.0,82.6,81.5,82.0,13.1,7.0,15.8,45.7,0,0,0,
2026-05-11,23:48:13,maceta1,53.0,51.0,64.4,65.9,65.2,15.3,2.4,,,0,0,0,Lectura invalida de DHT
2026-05-11,23:48:13,maceta2,26.0,28.0,82.4,81.2,81.8,3.7,5.9,15.8,45.7,0,0,0,
2026-05-11,23:48:39,maceta1,54.0,51.0,64.3,65.9,65.1,13.2,4.7,,,0,0,0,Lectura invalida de DHT
2026-05-11,23:48:39,maceta2,27.0,28.0,82.3,81.0,81.7,16.9,0.2,15.8,45.7,0,0,0,
2026-05-11,23:49:06,maceta1,54.0,52.0,64.2,65.6,64.9,15.4,7.5,,,0,0,0,Lectura invalida de DHT
2026-05-11,23:49:06,maceta2,27.0,29.0,82.1,80.9,81.5,28.6,21.2,15.8,45.7,0,0,0,
2026-05-11,23:49:33,maceta1,54.0,52.0,64.1,65.4,64.8,20.2,14.7,,,0,0,0,Lectura invalida de DHT
2026-05-11,23:49:33,maceta2,27.0,29.0,81.9,80.8,81.3,23.8,28.1,15.8,45.8,0,0,0,
2026-05-11,23:50:00,maceta1,54.0,52.0,64.0,65.3,64.6,11.6,21.0,,,0,0,0,Lectura invalida de DHT
2026-05-11,23:50:00,maceta2,27.0,29.0,81.8,80.5,81.2,17.4,5.6,,,0,0,0,Lectura invalida de DHT
2026-05-11,23:50:26,maceta1,54.0,52.0,63.8,65.0,64.4,7.5,29.6,,,0,0,0,Lectura invalida de DHT
2026-05-11,23:50:26,maceta2,27.0,29.0,81.8,80.4,81.1,19.4,19.1,,,0,0,0,Lectura invalida de DHT
2026-05-11,23:50:53,maceta1,55.0,53.0,63.7,65.0,64.3,5.0,13.2,,,0,0,0,Lectura invalida de DHT
2026-05-11,23:50:53,maceta2,28.0,30.0,81.7,80.3,81.0,27.9,22.4,15.8,45.7,0,0,0,
2026-05-11,23:51:20,maceta1,55.0,53.0,63.4,64.8,64.1,10.5,15.5,,,0,0,0,Lectura invalida de DHT
2026-05-11,23:51:20,maceta2,28.0,30.0,81.4,80.1,80.8,12.9,27.8,,,0,0,0,Lectura invalida de DHT
2026-05-11,23:51:47,maceta1,55.0,53.0,63.3,64.6,64.0,22.3,15.7,,,0,0,0,Lectura invalida de DHT
2026-05-11,23:51:47,maceta2,28.0,30.0,81.2,79.9,80.6,9.9,19.4,,,0,0,0,Lectura invalida de DHT
2026-05-11,23:52:13,maceta1,55.0,53.0,63.1,64.4,63.8,22.7,16.2,,,0,0,0,Lectura invalida de DHT
2026-05-11,23:52:13,maceta2,28.0,30.0,81.1,79.7,80.4,29.3,29.1,15.8,45.7,0,0,0,
2026-05-11,23:52:40,maceta1,56.0,54.0,62.9,64.3,63.6,20.0,15.5,,,0,0,0,Lectura invalida de DHT
2026-05-11,23:52:40,maceta2,29.0,31.0,80.8,79.5,80.1,25.9,10.3,,,0,0,0,Lectura invalida de DHT
2026-05-11,23:53:07,maceta1,56.0,54.0,62.7,64.1,63.4,7.0,0.3,,,0,0,0,Lectura invalida de DHT
2026-05-11,23:53:07,maceta2,29.0,31.0,80.6,79.4,80.0,9.7,10.5,15.8,45.7,0,0,0,
2026-05-11,23:53:34,maceta1,56.0,54.0,62.6,63.9,63.3,17.6,0.1,,,0,0,0,Lectura invalida de DHT
2026-05-11,23:53:34,maceta2,29.0,31.0,80.6,79.2,79.9,13.9,16.3,15.8,45.7,0,0,0,
2026-05-11,23:54:00,maceta1,56.0,54.0,62.5,63.9,63.2,17.1,2.9,,,0,0,0,Lectura invalida de DHT
2026-05-11,23:54:00,maceta2,29.0,32.0,80.3,79.0,79.6,12.5,11.5,,,0,0,0,Lectura invalida de DHT
2026-05-11,23:54:27,maceta1,56.0,55.0,62.3,63.7,63.0,14.5,3.0,,,0,0,0,Lectura invalida de DHT
2026-05-11,23:54:27,maceta2,30.0,32.0,80.2,78.8,79.5,4.5,0.0,,,0,0,0,Lectura invalida de DHT
2026-05-11,23:54:54,maceta1,57.0,55.0,62.1,63.5,62.8,16.5,21.1,,,0,0,0,Lectura invalida de DHT
2026-05-11,23:54:54,maceta2,30.0,32.0,80.1,78.6,79.4,28.7,22.0,15.8,45.7,0,0,0,
2026-05-11,23:55:21,maceta1,57.0,55.0,62.0,63.4,62.7,14.8,6.1,,,0,0,0,Lectura invalida de DHT
2026-05-11,23:55:21,maceta2,30.0,32.0,80.0,78.4,79.2,12.1,22.6,15.8,45.7,0,0,0,
2026-05-11,23:55:47,maceta1,57.0,55.0,61.8,63.2,62.5,17.0,26.8,,,0,0,0,Lectura invalida de DHT
2026-05-11,23:55:47,maceta2,30.0,33.0,79.9,78.2,79.1,26.3,22.4,15.8,45.7,0,0,0,
2026-05-11,23:56:14,maceta1,58.0,55.0,61.6,63.1,62.4,21.5,27.9,,,0,0,0,Lectura invalida de DHT
2026-05-11,23:56:14,maceta2,30.0,33.0,79.8,78.1,78.9,5.7,10.4,15.8,45.7,0,0,0,
2026-05-11,23:56:41,maceta1,58.0,56.0,61.5,62.9,62.2,3.3,29.3,,,0,0,0,Lectura invalida de DHT
2026-05-11,23:56:41,maceta2,31.0,33.0,79.6,77.8,78.7,16.4,15.7,,,0,0,0,Lectura invalida de DHT
2026-05-11,23:57:08,maceta1,58.0,56.0,61.5,62.7,62.1,22.5,28.2,,,0,0,0,Lectura invalida de DHT
2026-05-11,23:57:08,maceta2,31.0,33.0,79.5,77.7,78.6,0.7,10.8,15.8,45.7,0,0,0,
2026-05-11,23:57:34,maceta1,58.0,56.0,61.4,62.7,62.0,4.1,8.2,,,0,0,0,Lectura invalida de DHT
2026-05-11,23:57:34,maceta2,31.0,34.0,79.3,77.6,78.5,22.9,0.5,15.8,45.6,0,0,0,
2026-05-11,23:58:01,maceta1,58.0,56.0,61.2,62.5,61.9,2.0,15.3,,,0,0,0,Lectura invalida de DHT
2026-05-11,23:58:01,maceta2,31.0,34.0,79.3,77.5,78.4,17.4,16.9,,,0,0,0,Lectura invalida de DHT
2026-05-11,23:58:28,maceta1,58.0,57.0,61.0,62.3,61.7,29.3,5.3,,,0,0,0,Lectura invalida de DHT
2026-05-11,23:58:28,maceta2,31.0,34.0,79.1,77.4,78.2,18.8,3.7,,,0,0,0,Lectura invalida de DHT
2026-05-11,23:58:55,maceta1,59.0,57.0,60.9,62.2,61.5,28.7,24.2,,,0,0,0,Lectura invalida de DHT
2026-05-11,23:58:55,maceta2,32.0,34.0,79.0,77.2,78.1,1.6,2.4,,,0,0,0,Lectura invalida de DHT
2026-05-11,23:59:21,maceta1,59.0,57.0,60.7,62.0,61.4,1.8,26.7,,,0,0,0,Lectura invalida de DHT
2026-05-11,23:59:21,maceta2,32.0,34.0,78.8,77.1,78.0,6.3,22.7,15.8,45.6,0,0,0,
2026-05-11,23:59:48,maceta1,59.0,57.0,60.5,61.9,61.2,13.3,25.5,,,0,0,0,Lectura invalida de DHT
2026-05-11,23:59:48,maceta2,32.0,35.0,78.7,77.0,77.8,2.2,0.3,15.8,45.6,0,0,0,
2026-05-12,00:00:15,maceta1,60.0,57.0,60.3,61.8,61.0,5.6,13.0,,,0,0,0,Lectura invalida de DHT
2026-05-12,00:00:15,maceta2,32.0,35.0,78.6,76.7,77.7,8.7,28.8,15.8,45.6,0,0,0,
2026-05-12,00:00:42,maceta1,60.0,57.0,60.1,61.7,60.9,14.6,22.8,,,0,0,0,Lectura invalida de DHT
2026-05-12,00:00:42,maceta2,32.0,35.0,78.4,76.6,77.5,18.8,15.5,15.8,45.6,0,0,0,
2026-05-12,00:01:08,maceta1,60.0,58.0,60.0,61.6,60.8,24.9,2.9,,,0,0,0,Lectura invalida de DHT
2026-05-12,00:01:08,maceta2,33.0,35.0,78.2,76.5,77.3,17.0,29.5,15.8,45.7,0,0,0,
2026-05-12,00:01:35,maceta1,60.0,58.0,59.8,61.5,60.7,28.5,1.2,,,0,0,0,Lectura invalida de DHT
2026-05-12,00:01:35,maceta2,33.0,36.0,78.1,76.3,77.2,18.4,1.7,15.8,45.6,0,0,0,
2026-05-12,00:02:02,maceta1,61.0,58.0,59.6,61.3,60.4,19.0,22.6,,,0,0,0,Lectura invalida de DHT
2026-05-12,00:02:02,maceta2,33.0,36.0,77.9,76.2,77.1,16.5,17.5,15.8,45.6,0,0,0,
2026-05-12,00:02:29,maceta1,61.0,58.0,59.4,61.2,60.3,10.6,12.8,,,0,0,0,Lectura invalida de DHT
2026-05-12,00:02:29,maceta2,33.0,36.0,77.8,76.0,76.9,8.2,10.5,15.8,45.6,0,0,0,
2026-05-12,00:02:56,maceta1,61.0,59.0,59.1,60.9,60.0,18.1,29.9,,,0,0,0,Lectura invalida de DHT
2026-05-12,00:02:56,maceta2,33.0,36.0,77.7,75.8,76.8,7.3,25.3,15.8,45.6,0,0,0,
2026-05-12,00:03:22,maceta1,62.0,59.0,59.0,60.8,59.9,9.4,2.9,,,0,0,0,Lectura invalida de DHT
2026-05-12,00:03:22,maceta2,34.0,36.0,77.5,75.7,76.6,4.1,10.8,15.8,45.6,0,0,0,
2026-05-12,00:03:49,maceta1,62.0,59.0,58.8,60.6,59.7,27.3,25.7,,,0,0,0,Lectura invalida de DHT
2026-05-12,00:03:49,maceta2,34.0,37.0,77.4,75.6,76.5,25.5,7.8,15.8,45.6,0,0,0,
2026-05-12,00:04:16,maceta1,62.0,59.0,58.7,60.4,59.6,26.1,14.4,,,0,0,0,Lectura invalida de DHT
2026-05-12,00:04:16,maceta2,34.0,37.0,77.3,75.5,76.4,18.5,25.7,,,0,0,0,Lectura invalida de DHT
2026-05-12,00:04:42,maceta1,62.0,60.0,58.6,60.3,59.5,16.7,24.8,,,0,0,0,Lectura invalida de DHT
2026-05-12,00:04:42,maceta2,34.0,37.0,77.2,75.4,76.3,5.6,11.2,15.7,45.6,0,0,0,
2026-05-12,00:05:09,maceta1,62.0,60.0,58.5,60.1,59.3,9.7,24.5,,,0,0,0,Lectura invalida de DHT
2026-05-12,00:05:09,maceta2,34.0,37.0,77.0,75.2,76.1,5.3,0.5,15.7,45.6,0,0,0,
2026-05-12,00:05:36,maceta1,63.0,60.0,58.2,59.9,59.1,8.8,27.5,,,0,0,0,Lectura invalida de DHT
2026-05-12,00:05:36,maceta2,35.0,38.0,76.9,75.0,75.9,26.2,11.7,15.8,45.6,0,0,0,
2026-05-12,00:06:03,maceta1,63.0,60.0,58.0,59.8,58.9,1.0,8.9,,,0,0,0,Lectura invalida de DHT
2026-05-12,00:06:03,maceta2,35.0,38.0,76.7,74.7,75.7,22.3,19.6,15.7,45.7,0,0,0,
2026-05-12,00:06:30,maceta1,63.0,60.0,57.9,59.8,58.8,24.5,28.5,,,0,0,0,Lectura invalida de DHT
2026-05-12,00:06:30,maceta2,35.0,38.0,76.5,74.5,75.5,19.8,7.6,15.7,45.6,0,0,0,
2026-05-12,00:06:56,maceta1,63.0,61.0,57.7,59.6,58.7,13.5,4.6,,,0,0,0,Lectura invalida de DHT
2026-05-12,00:06:56,maceta2,36.0,38.0,76.3,74.5,75.4,12.2,13.0,15.7,45.6,0,0,0,
2026-05-12,00:07:23,maceta1,64.0,61.0,57.6,59.5,58.6,9.8,2.5,,,0,0,0,Lectura invalida de DHT
2026-05-12,00:07:23,maceta2,36.0,39.0,76.1,74.3,75.2,7.9,1.7,15.7,45.7,0,0,0,
2026-05-12,00:07:50,maceta1,64.0,61.0,57.4,59.4,58.4,14.1,12.9,,,0,0,0,Lectura invalida de DHT
2026-05-12,00:07:50,maceta2,36.0,39.0,75.9,74.1,75.0,29.4,17.6,,,0,0,0,Lectura invalida de DHT
2026-05-12,00:08:16,maceta1,64.0,61.0,57.4,59.4,58.4,24.6,24.8,,,0,0,0,Lectura invalida de DHT
2026-05-12,00:08:16,maceta2,36.0,39.0,75.8,73.9,74.9,23.9,22.7,15.7,45.7,0,0,0,
2026-05-12,00:08:43,maceta1,64.0,61.0,57.3,59.3,58.3,3.7,14.2,,,0,0,0,Lectura invalida de DHT
2026-05-12,00:08:43,maceta2,36.0,39.0,75.7,73.8,74.7,9.1,12.4,15.7,45.7,0,0,0,
2026-05-12,00:09:10,maceta1,64.0,61.0,57.1,59.2,58.1,25.7,24.9,,,0,0,0,Lectura invalida de DHT
2026-05-12,00:09:10,maceta2,37.0,40.0,75.4,73.5,74.5,25.4,12.6,15.7,45.7,0,0,0,
2026-05-12,00:09:37,maceta1,65.0,61.0,56.8,59.1,58.0,26.9,21.9,,,0,0,0,Lectura invalida de DHT
2026-05-12,00:09:37,maceta2,37.0,40.0,75.2,73.5,74.4,22.8,2.6,15.7,45.7,0,0,0,
2026-05-12,00:10:03,maceta1,65.0,62.0,56.7,58.9,57.8,28.4,6.3,,,0,0,0,Lectura invalida de DHT
2026-05-12,00:10:03,maceta2,37.0,40.0,75.0,73.4,74.2,8.9,6.1,,,0,0,0,Lectura invalida de DHT
2026-05-12,00:10:30,maceta1,65.0,62.0,56.5,58.7,57.6,11.9,28.5,,,0,0,0,Lectura invalida de DHT
2026-05-12,00:10:30,maceta2,38.0,40.0,74.8,73.3,74.0,12.8,4.6,15.7,45.7,0,0,0,
2026-05-12,00:10:57,maceta1,66.0,62.0,56.3,58.6,57.4,6.5,1.8,,,0,0,0,Lectura invalida de DHT
2026-05-12,00:10:57,maceta2,38.0,40.0,74.6,73.1,73.9,5.6,14.5,15.6,45.7,0,0,0,
2026-05-12,00:11:24,maceta1,66.0,62.0,56.1,58.4,57.3,11.2,26.9,,,0,0,0,Lectura invalida de DHT
2026-05-12,00:11:24,maceta2,38.0,41.0,74.5,73.0,73.7,3.3,15.9,,,0,0,0,Lectura invalida de DHT
2026-05-12,00:11:50,maceta1,66.0,63.0,56.1,58.3,57.2,10.0,9.1,,,0,0,0,Lectura invalida de DHT
2026-05-12,00:11:50,maceta2,39.0,41.0,74.3,72.8,73.5,21.7,28.5,15.7,45.6,0,0,0,
2026-05-12,00:12:17,maceta1,66.0,63.0,56.0,58.1,57.1,5.3,15.0,,,0,0,0,Lectura invalida de DHT
2026-05-12,00:12:17,maceta2,39.0,41.0,74.2,72.6,73.4,8.0,2.2,,,0,0,0,Lectura invalida de DHT
2026-05-12,00:12:44,maceta1,66.0,63.0,55.9,58.1,57.0,18.2,12.7,,,0,0,0,Lectura invalida de DHT
2026-05-12,00:12:44,maceta2,39.0,41.0,74.1,72.4,73.3,24.6,18.0,,,0,0,0,Lectura invalida de DHT
2026-05-12,00:13:11,maceta1,66.0,63.0,55.7,57.9,56.8,14.3,5.2,,,0,0,0,Lectura invalida de DHT
2026-05-12,00:13:11,maceta2,39.0,42.0,74.0,72.3,73.2,29.9,15.8,15.6,45.6,0,0,0,
2026-05-12,00:13:37,maceta1,67.0,63.0,55.6,57.8,56.7,26.0,10.7,,,0,0,0,Lectura invalida de DHT
2026-05-12,00:13:37,maceta2,39.0,42.0,73.9,72.2,73.0,2.3,15.5,,,0,0,0,Lectura invalida de DHT
2026-05-12,00:14:04,maceta1,67.0,64.0,55.4,57.5,56.5,1.0,5.8,,,0,0,0,Lectura invalida de DHT
2026-05-12,00:14:04,maceta2,39.0,42.0,73.7,72.0,72.9,14.2,26.2,15.7,45.7,0,0,0,
2026-05-12,00:14:31,maceta1,67.0,64.0,55.3,57.3,56.3,19.3,6.1,,,0,0,0,Lectura invalida de DHT
2026-05-12,00:14:31,maceta2,40.0,42.0,73.5,71.8,72.6,24.1,6.2,15.6,45.7,0,0,0,
2026-05-12,00:14:58,maceta1,67.0,64.0,55.1,57.2,56.2,22.9,5.6,,,0,0,0,Lectura invalida de DHT
2026-05-12,00:14:58,maceta2,40.0,43.0,73.3,71.6,72.5,23.7,1.2,,,0,0,0,Lectura invalida de DHT
2026-05-12,00:15:24,maceta1,67.0,64.0,55.0,57.0,56.0,22.8,14.7,,,0,0,0,Lectura invalida de DHT
2026-05-12,00:15:24,maceta2,40.0,43.0,73.2,71.6,72.4,22.8,20.2,15.6,45.7,0,0,0,
2026-05-12,00:15:51,maceta1,68.0,65.0,54.9,56.8,55.8,26.6,23.9,,,0,0,0,Lectura invalida de DHT
2026-05-12,00:15:51,maceta2,40.0,43.0,73.1,71.3,72.2,10.5,10.4,15.6,45.7,0,0,0,
2026-05-12,00:16:18,maceta1,68.0,65.0,54.6,56.7,55.7,21.9,17.1,,,0,0,0,Lectura invalida de DHT
2026-05-12,00:16:18,maceta2,41.0,43.0,72.9,71.2,72.1,13.6,0.5,15.6,45.7,0,0,0,
2026-05-12,00:16:45,maceta1,68.0,65.0,54.6,56.7,55.6,27.8,26.8,,,0,0,0,Lectura invalida de DHT
2026-05-12,00:16:45,maceta2,41.0,43.0,72.8,71.1,72.0,17.8,7.5,15.6,45.7,0,0,0,
2026-05-12,00:17:11,maceta1,68.0,65.0,54.4,56.6,55.5,10.0,19.1,,,0,0,0,Lectura invalida de DHT
2026-05-12,00:17:11,maceta2,41.0,44.0,72.8,70.9,71.8,29.2,9.3,15.6,45.7,0,0,0,
2026-05-12,00:17:38,maceta1,69.0,65.0,54.2,56.5,55.4,15.1,20.7,,,0,0,0,Lectura invalida de DHT
2026-05-12,00:17:38,maceta2,41.0,44.0,72.6,70.7,71.7,9.8,18.5,,,0,0,0,Lectura invalida de DHT
2026-05-12,00:18:05,maceta1,69.0,65.0,54.1,56.4,55.3,0.4,20.0,,,0,0,0,Lectura invalida de DHT
2026-05-12,00:18:05,maceta2,41.0,44.0,72.5,70.5,71.5,27.7,5.2,15.6,45.7,0,0,0,
2026-05-12,00:18:32,maceta1,69.0,66.0,53.9,56.3,55.1,0.2,13.5,,,0,0,0,Lectura invalida de DHT
2026-05-12,00:18:32,maceta2,42.0,44.0,72.3,70.3,71.3,8.1,12.4,,,0,0,0,Lectura invalida de DHT
2026-05-12,00:18:58,maceta1,70.0,66.0,53.6,56.0,54.8,7.2,20.7,,,0,0,0,Lectura invalida de DHT
2026-05-12,00:18:58,maceta2,42.0,45.0,72.1,70.2,71.2,29.7,14.5,15.6,45.7,0,0,0,
2026-05-12,00:19:25,maceta1,70.0,66.0,53.5,55.9,54.7,3.0,2.1,,,0,0,0,Lectura invalida de DHT
2026-05-12,00:19:25,maceta2,42.0,45.0,71.9,70.2,71.0,20.1,13.8,15.6,45.7,0,0,0,
2026-05-12,00:19:52,maceta1,70.0,66.0,53.4,55.8,54.6,7.8,25.8,,,0,0,0,Lectura invalida de DHT
2026-05-12,00:19:52,maceta2,42.0,45.0,71.8,70.0,70.9,13.9,29.2,,,0,0,0,Lectura invalida de DHT
2026-05-12,00:20:19,maceta1,70.0,66.0,53.2,55.8,54.5,5.3,23.3,,,0,0,0,Lectura invalida de DHT
2026-05-12,00:20:19,maceta2,43.0,45.0,71.6,70.0,70.8,18.4,1.4,,,0,0,0,Lectura invalida de DHT
2026-05-12,00:20:45,maceta1,70.0,67.0,53.1,55.6,54.4,0.9,7.4,,,0,0,0,Lectura invalida de DHT
2026-05-12,00:20:45,maceta2,43.0,45.0,71.4,69.8,70.6,8.2,28.5,15.6,45.6,0,0,0,
2026-05-12,00:21:12,maceta1,71.0,67.0,53.0,55.4,54.2,27.3,23.0,,,0,0,0,Lectura invalida de DHT
2026-05-12,00:21:12,maceta2,43.0,45.0,71.3,69.7,70.5,8.2,17.5,15.6,45.7,0,0,0,
2026-05-12,00:21:39,maceta1,71.0,67.0,52.8,55.2,54.0,0.2,0.4,,,0,0,0,Lectura invalida de DHT
2026-05-12,00:21:39,maceta2,43.0,46.0,71.1,69.6,70.4,3.4,23.9,15.6,45.7,0,0,0,
2026-05-12,00:22:06,maceta1,71.0,67.0,52.7,55.1,53.9,22.1,6.5,,,0,0,0,Lectura invalida de DHT
2026-05-12,00:22:06,maceta2,43.0,46.0,71.1,69.5,70.3,3.4,12.9,15.6,45.7,0,0,0,
2026-05-12,00:22:32,maceta1,71.0,68.0,52.5,54.9,53.7,4.6,2.0,,,0,0,0,Lectura invalida de DHT
2026-05-12,00:22:32,maceta2,44.0,46.0,70.9,69.3,70.1,10.4,13.6,15.6,45.7,0,0,0,
2026-05-12,00:22:59,maceta1,71.0,68.0,52.4,54.8,53.6,27.4,23.4,,,0,0,0,Lectura invalida de DHT
2026-05-12,00:22:59,maceta2,44.0,46.0,70.7,69.1,69.9,22.9,26.4,15.6,45.7,0,0,0,
2026-05-12,00:23:26,maceta1,72.0,68.0,52.3,54.7,53.5,26.8,22.7,,,0,0,0,Lectura invalida de DHT
2026-05-12,00:23:26,maceta2,44.0,46.0,70.6,69.0,69.8,18.2,26.9,,,0,0,0,Lectura invalida de DHT
2026-05-12,00:23:53,maceta1,72.0,68.0,52.0,54.6,53.3,19.6,24.4,,,0,0,0,Lectura invalida de DHT
2026-05-12,00:23:53,maceta2,44.0,47.0,70.5,68.8,69.7,3.1,7.2,15.6,45.7,0,0,0,
2026-05-12,00:24:19,maceta1,72.0,68.0,51.8,54.4,53.1,20.2,0.1,,,0,0,0,Lectura invalida de DHT
2026-05-12,00:24:19,maceta2,45.0,47.0,70.3,68.6,69.5,25.6,6.0,15.6,45.7,0,0,0,
2026-05-12,00:24:46,maceta1,73.0,69.0,51.7,54.3,53.0,0.2,15.0,,,0,0,0,Lectura invalida de DHT
2026-05-12,00:24:46,maceta2,45.0,47.0,70.2,68.4,69.3,18.0,14.9,,,0,0,0,Lectura invalida de DHT
2026-05-12,00:25:13,maceta1,73.0,69.0,51.6,54.2,52.9,29.5,21.1,,,0,0,0,Lectura invalida de DHT
2026-05-12,00:25:13,maceta2,45.0,47.0,70.0,68.4,69.2,28.8,27.0,15.6,45.7,0,0,0,
2026-05-12,00:25:40,maceta1,73.0,69.0,51.5,54.1,52.8,26.3,4.7,,,0,0,0,Lectura invalida de DHT
2026-05-12,00:25:40,maceta2,45.0,48.0,69.8,68.2,69.0,20.1,9.7,,,0,0,0,Lectura invalida de DHT
2026-05-12,00:26:06,maceta1,73.0,69.0,51.2,54.0,52.6,26.9,19.5,,,0,0,0,Lectura invalida de DHT
2026-05-12,00:26:06,maceta2,45.0,48.0,69.7,68.2,68.9,5.3,19.6,,,0,0,0,Lectura invalida de DHT
2026-05-12,00:26:33,maceta1,73.0,69.0,51.0,53.9,52.4,19.8,2.5,,,0,0,0,Lectura invalida de DHT
2026-05-12,00:26:33,maceta2,46.0,48.0,69.5,68.0,68.8,14.2,21.2,15.6,45.6,0,0,0,
2026-05-12,00:27:00,maceta1,74.0,70.0,50.8,53.6,52.2,10.3,5.4,,,0,0,0,Lectura invalida de DHT
2026-05-12,00:27:00,maceta2,46.0,48.0,69.3,67.8,68.5,19.5,23.4,15.6,45.7,0,0,0,
2026-05-12,00:27:27,maceta1,74.0,70.0,50.7,53.4,52.1,26.8,14.3,,,0,0,0,Lectura invalida de DHT
2026-05-12,00:27:27,maceta2,46.0,49.0,69.2,67.6,68.4,0.8,16.9,,,0,0,0,Lectura invalida de DHT
2026-05-12,00:27:53,maceta1,74.0,70.0,50.6,53.2,51.9,8.7,19.6,,,0,0,0,Lectura invalida de DHT
2026-05-12,00:27:53,maceta2,46.0,49.0,69.0,67.3,68.2,0.4,12.1,15.6,45.6,0,0,0,
2026-05-12,00:28:20,maceta1,74.0,70.0,50.4,53.0,51.7,16.9,4.4,,,0,0,0,Lectura invalida de DHT
2026-05-12,00:28:20,maceta2,47.0,49.0,68.9,67.1,68.0,3.9,29.0,,,0,0,0,Lectura invalida de DHT
2026-05-12,00:28:47,maceta1,75.0,71.0,50.3,53.0,51.6,3.0,5.6,,,0,0,0,Lectura invalida de DHT
2026-05-12,00:28:47,maceta2,47.0,50.0,68.8,66.9,67.9,7.5,18.3,,,0,0,0,Lectura invalida de DHT
2026-05-12,00:29:14,maceta1,75.0,71.0,50.1,52.7,51.4,27.7,6.1,,,0,0,0,Lectura invalida de DHT
2026-05-12,00:29:14,maceta2,47.0,50.0,68.7,66.7,67.7,12.9,21.9,15.6,45.6,0,0,0,
2026-05-12,00:29:41,maceta1,75.0,71.0,49.9,52.6,51.3,4.2,7.2,,,0,0,1,Lectura invalida de DHT
2026-05-12,00:29:41,maceta2,47.0,50.0,68.6,66.6,67.6,14.6,10.3,,,0,0,0,Lectura invalida de DHT
2026-05-12,00:30:08,maceta1,24.0,22.0,84.2,85.3,84.8,6.7,6.8,,,0,0,0,Lectura invalida de DHT
2026-05-12,00:30:08,maceta2,47.0,50.0,68.5,66.5,67.5,4.1,20.1,,,0,0,0,Lectura invalida de DHT
2026-05-12,00:30:35,maceta1,24.0,22.0,84.1,85.1,84.6,16.7,11.9,,,0,0,0,Lectura invalida de DHT
2026-05-12,00:30:35,maceta2,47.0,51.0,68.4,66.2,67.3,20.2,7.7,15.6,45.6,0,0,0,
2026-05-12,00:31:02,maceta1,24.0,23.0,83.9,85.0,84.5,22.9,19.6,,,0,0,0,Lectura invalida de DHT
2026-05-12,00:31:02,maceta2,48.0,51.0,68.2,66.2,67.2,17.9,7.4,,,0,0,0,Lectura invalida de DHT
2026-05-12,00:31:28,maceta1,24.0,23.0,83.8,84.8,84.3,18.6,13.1,,,0,0,0,Lectura invalida de DHT
2026-05-12,00:31:28,maceta2,48.0,51.0,68.1,66.1,67.1,8.8,21.4,,,0,0,0,Lectura invalida de DHT
2026-05-12,00:31:55,maceta1,25.0,23.0,83.6,84.6,84.1,7.0,23.3,,,0,0,0,Lectura invalida de DHT
2026-05-12,00:31:55,maceta2,48.0,51.0,67.9,65.9,66.9,0.4,15.6,15.6,45.6,0,0,0,
2026-05-12,00:32:22,maceta1,25.0,23.0,83.4,84.5,83.9,0.0,21.6,,,0,0,0,Lectura invalida de DHT
2026-05-12,00:32:22,maceta2,48.0,51.0,67.7,65.8,66.7,2.3,20.5,15.6,45.6,0,0,0,
2026-05-12,00:32:49,maceta1,25.0,23.0,83.2,84.4,83.8,22.7,3.8,,,0,0,0,Lectura invalida de DHT
2026-05-12,00:32:49,maceta2,49.0,52.0,67.6,65.7,66.6,11.8,8.1,15.6,45.7,0,0,0,
2026-05-12,00:33:15,maceta1,25.0,24.0,83.0,84.3,83.6,29.6,1.5,,,0,0,0,Lectura invalida de DHT
2026-05-12,00:33:15,maceta2,49.0,52.0,67.5,65.4,66.4,4.6,18.0,15.6,45.6,0,0,0,
2026-05-12,00:33:42,maceta1,26.0,24.0,82.8,84.1,83.5,24.3,26.3,,,0,0,0,Lectura invalida de DHT
2026-05-12,00:33:42,maceta2,49.0,52.0,67.4,65.3,66.4,11.3,13.3,15.6,45.7,0,0,0,
2026-05-12,00:34:09,maceta1,26.0,24.0,82.6,84.0,83.3,13.8,2.4,,,0,0,0,Lectura invalida de DHT
2026-05-12,00:34:09,maceta2,49.0,52.0,67.2,65.2,66.2,18.8,17.9,15.6,45.6,0,0,0,
2026-05-12,00:34:36,maceta1,26.0,24.0,82.5,83.8,83.2,27.1,4.5,,,0,0,0,Lectura invalida de DHT
2026-05-12,00:34:36,maceta2,49.0,53.0,67.1,65.0,66.0,16.4,8.7,15.6,45.6,0,0,0,
2026-05-12,00:35:02,maceta1,26.0,25.0,82.4,83.6,83.0,12.3,0.7,,,0,0,0,Lectura invalida de DHT
2026-05-12,00:35:02,maceta2,49.0,53.0,67.0,64.7,65.9,6.9,21.5,15.6,45.6,0,0,0,
2026-05-12,00:35:29,maceta1,27.0,25.0,82.2,83.5,82.8,15.7,18.9,,,0,0,0,Lectura invalida de DHT
2026-05-12,00:35:29,maceta2,50.0,53.0,66.9,64.7,65.8,10.3,24.2,15.6,45.7,0,0,0,
2026-05-12,00:35:56,maceta1,27.0,25.0,82.0,83.2,82.6,14.3,17.5,,,0,0,0,Lectura invalida de DHT
2026-05-12,00:35:56,maceta2,50.0,53.0,66.8,64.6,65.7,18.4,7.8,15.6,45.7,0,0,0,
2026-05-12,00:36:23,maceta1,27.0,26.0,81.9,83.0,82.4,13.4,29.6,,,0,0,0,Lectura invalida de DHT
2026-05-12,00:36:23,maceta2,50.0,53.0,66.7,64.4,65.5,25.8,9.0,15.6,45.6,0,0,0,
2026-05-12,00:36:49,maceta1,27.0,26.0,81.8,82.9,82.4,23.3,26.6,,,0,0,0,Lectura invalida de DHT
2026-05-12,00:36:49,maceta2,50.0,54.0,66.5,64.2,65.4,22.6,19.8,,,0,0,0,Lectura invalida de DHT
2026-05-12,00:37:16,maceta1,28.0,26.0,81.6,82.8,82.2,15.8,12.3,,,0,0,0,Lectura invalida de DHT
2026-05-12,00:37:16,maceta2,50.0,54.0,66.4,64.1,65.3,16.6,20.9,,,0,0,0,Lectura invalida de DHT
2026-05-12,00:37:43,maceta1,28.0,26.0,81.5,82.7,82.1,9.5,11.1,,,0,0,0,Lectura invalida de DHT
2026-05-12,00:37:43,maceta2,51.0,54.0,66.1,63.9,65.0,10.9,21.1,15.6,45.7,0,0,0,
2026-05-12,00:38:10,maceta1,28.0,26.0,81.4,82.5,81.9,7.7,8.9,,,0,0,0,Lectura invalida de DHT
2026-05-12,00:38:10,maceta2,51.0,54.0,66.1,63.8,64.9,11.0,20.5,15.6,45.6,0,0,0,
2026-05-12,00:38:36,maceta1,28.0,27.0,81.2,82.2,81.7,1.1,4.6,,,0,0,0,Lectura invalida de DHT
2026-05-12,00:38:36,maceta2,51.0,54.0,65.9,63.7,64.8,26.4,11.8,15.6,45.7,0,0,0,
2026-05-12,00:39:03,maceta1,29.0,27.0,81.0,82.1,81.5,17.5,4.1,,,0,0,0,Lectura invalida de DHT
2026-05-12,00:39:03,maceta2,51.0,55.0,65.7,63.5,64.6,1.2,11.8,,,0,0,0,Lectura invalida de DHT
2026-05-12,00:39:30,maceta1,29.0,27.0,80.9,82.0,81.4,6.9,4.0,,,0,0,0,Lectura invalida de DHT
2026-05-12,00:39:30,maceta2,52.0,55.0,65.6,63.5,64.6,29.6,7.6,15.6,45.6,0,0,0,
2026-05-12,00:39:57,maceta1,29.0,27.0,80.7,81.9,81.3,4.4,3.4,,,0,0,0,Lectura invalida de DHT
2026-05-12,00:39:57,maceta2,52.0,55.0,65.4,63.3,64.4,19.9,4.7,15.6,45.6,0,0,0,
2026-05-12,00:40:23,maceta1,29.0,27.0,80.6,81.7,81.1,19.6,7.2,,,0,0,0,Lectura invalida de DHT
2026-05-12,00:40:23,maceta2,52.0,55.0,65.3,63.1,64.2,20.4,20.8,15.6,45.6,0,0,0,
2026-05-12,00:40:50,maceta1,29.0,28.0,80.4,81.6,81.0,20.4,9.2,,,0,0,0,Lectura invalida de DHT
2026-05-12,00:40:50,maceta2,52.0,55.0,65.1,63.0,64.1,1.1,2.8,15.6,45.7,0,0,0,
2026-05-12,00:41:17,maceta1,30.0,28.0,80.3,81.4,80.8,22.6,28.8,,,0,0,0,Lectura invalida de DHT
2026-05-12,00:41:17,maceta2,53.0,56.0,64.9,62.9,63.9,18.2,28.1,15.6,45.7,0,0,0,
2026-05-12,00:41:44,maceta1,30.0,28.0,80.1,81.3,80.7,15.1,17.4,,,0,0,0,Lectura invalida de DHT
2026-05-12,00:41:44,maceta2,53.0,56.0,64.8,62.7,63.8,14.5,24.8,,,0,0,0,Lectura invalida de DHT
2026-05-12,00:42:10,maceta1,30.0,28.0,79.9,81.1,80.5,26.8,29.6,,,0,0,0,Lectura invalida de DHT
2026-05-12,00:42:10,maceta2,53.0,56.0,64.6,62.6,63.6,3.2,25.7,15.6,45.7,0,0,0,
2026-05-12,00:42:37,maceta1,30.0,29.0,79.7,80.9,80.3,28.1,11.2,,,0,0,0,Lectura invalida de DHT
2026-05-12,00:42:37,maceta2,53.0,56.0,64.5,62.4,63.5,8.3,27.2,15.6,45.7,0,0,0,
2026-05-12,00:43:04,maceta1,31.0,29.0,79.6,80.6,80.1,24.2,13.7,,,0,0,0,Lectura invalida de DHT
2026-05-12,00:43:04,maceta2,54.0,57.0,64.3,62.3,63.3,26.7,12.3,,,0,0,0,Lectura invalida de DHT
2026-05-12,00:43:31,maceta1,31.0,29.0,79.5,80.6,80.0,19.1,9.7,,,0,0,0,Lectura invalida de DHT
2026-05-12,00:43:31,maceta2,54.0,57.0,64.1,62.2,63.2,16.5,25.4,15.6,45.7,0,0,0,
2026-05-12,00:43:57,maceta1,31.0,29.0,79.3,80.4,79.8,9.1,5.5,,,0,0,0,Lectura invalida de DHT
2026-05-12,00:43:57,maceta2,54.0,57.0,64.0,62.0,63.0,12.4,4.7,,,0,0,0,Lectura invalida de DHT
2026-05-12,00:44:24,maceta1,31.0,30.0,79.0,80.3,79.7,29.5,4.3,,,0,0,0,Lectura invalida de DHT
2026-05-12,00:44:24,maceta2,54.0,57.0,63.8,61.8,62.8,2.2,0.6,15.6,45.7,0,0,0,
2026-05-12,00:44:51,maceta1,32.0,30.0,78.8,80.2,79.5,8.2,28.4,,,0,0,0,Lectura invalida de DHT
2026-05-12,00:44:51,maceta2,54.0,58.0,63.7,61.6,62.6,21.4,23.5,15.6,45.7,0,0,0,
2026-05-12,00:45:18,maceta1,32.0,30.0,78.6,80.2,79.4,6.1,29.6,,,0,0,0,Lectura invalida de DHT
2026-05-12,00:45:18,maceta2,55.0,58.0,63.6,61.5,62.6,21.1,2.2,,,0,0,0,Lectura invalida de DHT
2026-05-12,00:45:44,maceta1,32.0,30.0,78.5,80.0,79.2,13.3,1.3,,,0,0,0,Lectura invalida de DHT
2026-05-12,00:45:44,maceta2,55.0,58.0,63.5,61.4,62.5,18.4,29.7,15.6,45.7,0,0,0,
2026-05-12,00:46:11,maceta1,32.0,30.0,78.3,79.9,79.1,1.7,4.5,,,0,0,0,Lectura invalida de DHT
2026-05-12,00:46:11,maceta2,55.0,58.0,63.3,61.4,62.3,15.3,20.2,15.6,45.7,0,0,0,
2026-05-12,00:46:38,maceta1,33.0,31.0,78.2,79.7,78.9,29.4,12.7,,,0,0,0,Lectura invalida de DHT
2026-05-12,00:46:38,maceta2,55.0,58.0,63.2,61.3,62.2,13.0,22.6,,,0,0,0,Lectura invalida de DHT
2026-05-12,00:47:05,maceta1,33.0,31.0,78.1,79.6,78.8,17.7,5.6,,,0,0,0,Lectura invalida de DHT
2026-05-12,00:47:05,maceta2,55.0,58.0,63.0,61.0,62.0,17.8,7.4,15.6,45.7,0,0,0,
2026-05-12,00:47:31,maceta1,33.0,31.0,78.0,79.3,78.6,16.7,10.9,,,0,0,0,Lectura invalida de DHT
2026-05-12,00:47:31,maceta2,56.0,59.0,62.8,60.9,61.9,7.0,20.2,15.6,45.6,0,0,0,
2026-05-12,00:47:58,maceta1,33.0,31.0,77.8,79.3,78.6,19.7,3.9,,,0,0,0,Lectura invalida de DHT
2026-05-12,00:47:58,maceta2,56.0,59.0,62.7,60.9,61.8,28.2,1.3,,,0,0,0,Lectura invalida de DHT
2026-05-12,00:48:25,maceta1,34.0,31.0,77.6,79.1,78.4,14.9,13.7,,,0,0,0,Lectura invalida de DHT
2026-05-12,00:48:25,maceta2,56.0,59.0,62.6,60.7,61.6,17.7,25.1,15.6,45.7,0,0,0,
2026-05-12,00:48:52,maceta1,34.0,32.0,77.6,78.8,78.2,1.0,8.2,,,0,0,0,Lectura invalida de DHT
2026-05-12,00:48:52,maceta2,56.0,59.0,62.4,60.6,61.5,9.3,5.1,15.6,45.7,0,0,0,
2026-05-12,00:49:18,maceta1,34.0,32.0,77.4,78.7,78.0,18.4,10.6,,,0,0,0,Lectura invalida de DHT
2026-05-12,00:49:18,maceta2,57.0,59.0,62.3,60.5,61.4,13.5,20.9,,,0,0,0,Lectura invalida de DHT
2026-05-12,00:49:45,maceta1,34.0,32.0,77.3,78.4,77.9,21.5,2.8,,,0,0,0,Lectura invalida de DHT
2026-05-12,00:49:45,maceta2,57.0,59.0,62.1,60.4,61.3,24.2,6.7,15.6,45.6,0,0,0,
2026-05-12,00:50:12,maceta1,34.0,32.0,77.2,78.3,77.8,12.5,12.8,,,0,0,0,Lectura invalida de DHT
2026-05-12,00:50:12,maceta2,57.0,60.0,62.0,60.1,61.1,4.8,2.1,15.6,45.6,0,0,0,
2026-05-12,00:50:39,maceta1,34.0,33.0,77.1,78.1,77.6,22.7,29.5,,,0,0,0,Lectura invalida de DHT
2026-05-12,00:50:39,maceta2,57.0,60.0,61.9,59.9,60.9,8.8,14.4,15.6,45.6,0,0,0,
2026-05-12,00:51:06,maceta1,35.0,33.0,76.9,78.0,77.4,6.8,9.9,,,0,0,0,Lectura invalida de DHT
2026-05-12,00:51:06,maceta2,58.0,60.0,61.7,59.7,60.7,20.4,5.1,15.6,45.6,0,0,0,
2026-05-12,00:51:32,maceta1,35.0,33.0,76.8,77.8,77.3,6.6,26.3,,,0,0,0,Lectura invalida de DHT
2026-05-12,00:51:32,maceta2,58.0,61.0,61.5,59.7,60.6,9.5,21.9,,,0,0,0,Lectura invalida de DHT
2026-05-12,00:51:59,maceta1,35.0,34.0,76.6,77.7,77.1,4.8,25.3,,,0,0,0,Lectura invalida de DHT
2026-05-12,00:51:59,maceta2,58.0,61.0,61.3,59.5,60.4,23.8,7.1,15.6,45.6,0,0,0,
2026-05-12,00:52:26,maceta1,35.0,34.0,76.4,77.5,77.0,11.2,28.6,,,0,0,0,Lectura invalida de DHT
2026-05-12,00:52:26,maceta2,58.0,61.0,61.3,59.4,60.3,3.9,10.3,15.6,45.6,0,0,0,
2026-05-12,00:52:52,maceta1,36.0,34.0,76.2,77.5,76.9,25.4,23.7,,,0,0,0,Lectura invalida de DHT
2026-05-12,00:52:52,maceta2,58.0,61.0,61.1,59.2,60.1,22.9,17.0,15.6,45.6,0,0,0,
2026-05-12,00:53:19,maceta1,36.0,34.0,76.1,77.2,76.6,24.8,19.8,,,0,0,0,Lectura invalida de DHT
2026-05-12,00:53:19,maceta2,59.0,61.0,60.9,59.0,60.0,2.1,8.5,15.6,45.6,0,0,0,
2026-05-12,00:53:46,maceta1,36.0,34.0,75.8,77.1,76.5,11.5,25.7,,,0,0,0,Lectura invalida de DHT
2026-05-12,00:53:46,maceta2,59.0,62.0,60.7,58.9,59.8,0.4,11.3,15.6,45.6,0,0,0,
2026-05-12,00:54:13,maceta1,36.0,34.0,75.7,77.1,76.4,17.7,2.3,,,0,0,0,Lectura invalida de DHT
2026-05-12,00:54:13,maceta2,59.0,62.0,60.6,58.8,59.7,26.9,24.5,15.6,45.6,0,0,0,
2026-05-12,00:54:39,maceta1,37.0,35.0,75.4,76.9,76.2,21.6,13.9,,,0,0,0,Lectura invalida de DHT
2026-05-12,00:54:39,maceta2,59.0,62.0,60.4,58.7,59.6,17.4,5.4,15.6,45.6,0,0,0,
2026-05-12,00:55:06,maceta1,37.0,35.0,75.3,76.8,76.1,7.2,29.7,,,0,0,0,Lectura invalida de DHT
2026-05-12,00:55:06,maceta2,60.0,62.0,60.3,58.6,59.4,10.6,2.5,15.6,45.6,0,0,0,
2026-05-12,00:55:33,maceta1,37.0,35.0,75.1,76.7,75.9,5.0,23.1,,,0,0,0,Lectura invalida de DHT
2026-05-12,00:55:33,maceta2,60.0,63.0,60.1,58.3,59.2,7.0,9.9,,,0,0,0,Lectura invalida de DHT
2026-05-12,00:56:00,maceta1,38.0,35.0,75.0,76.6,75.8,29.2,28.9,,,0,0,0,Lectura invalida de DHT
2026-05-12,00:56:00,maceta2,60.0,63.0,59.9,58.1,59.0,18.5,12.7,15.6,45.6,0,0,0,
2026-05-12,00:56:26,maceta1,38.0,35.0,74.9,76.4,75.6,18.5,23.4,,,0,0,0,Lectura invalida de DHT
2026-05-12,00:56:26,maceta2,60.0,63.0,59.9,58.0,58.9,15.3,16.3,,,0,0,0,Lectura invalida de DHT
2026-05-12,00:56:53,maceta1,38.0,36.0,74.6,76.2,75.4,29.4,26.2,,,0,0,0,Lectura invalida de DHT
2026-05-12,00:56:53,maceta2,61.0,63.0,59.6,57.9,58.7,29.7,11.2,15.6,45.5,0,0,0,
2026-05-12,00:57:20,maceta1,38.0,36.0,74.5,76.0,75.2,10.1,21.2,,,0,0,0,Lectura invalida de DHT
2026-05-12,00:57:20,maceta2,61.0,63.0,59.5,57.7,58.6,29.5,23.7,15.6,45.6,0,0,0,
2026-05-12,00:57:47,maceta1,38.0,36.0,74.4,75.9,75.1,21.1,22.8,,,0,0,0,Lectura invalida de DHT
2026-05-12,00:57:47,maceta2,61.0,64.0,59.3,57.5,58.4,19.1,1.2,,,0,0,0,Lectura invalida de DHT
2026-05-12,00:58:13,maceta1,39.0,36.0,74.1,75.7,74.9,6.7,15.7,,,0,0,0,Lectura invalida de DHT
2026-05-12,00:58:13,maceta2,61.0,64.0,59.1,57.3,58.2,13.3,13.0,15.6,45.6,0,0,0,
2026-05-12,00:58:40,maceta1,39.0,37.0,74.0,75.5,74.7,7.8,27.7,,,0,0,0,Lectura invalida de DHT
2026-05-12,00:58:40,maceta2,62.0,64.0,58.9,57.2,58.0,14.7,11.5,15.6,45.6,0,0,0,
2026-05-12,00:59:07,maceta1,39.0,37.0,73.9,75.3,74.6,15.4,24.8,,,0,0,0,Lectura invalida de DHT
2026-05-12,00:59:07,maceta2,62.0,65.0,58.7,57.0,57.8,20.5,19.4,15.6,45.6,0,0,0,
2026-05-12,00:59:34,maceta1,39.0,37.0,73.7,75.1,74.4,9.6,25.3,,,0,0,0,Lectura invalida de DHT
2026-05-12,00:59:34,maceta2,62.0,65.0,58.6,56.9,57.7,3.0,29.0,15.5,45.6,0,0,0,
2026-05-12,01:00:01,maceta1,40.0,37.0,73.6,75.0,74.3,5.0,20.2,,,0,0,0,Lectura invalida de DHT
2026-05-12,01:00:01,maceta2,62.0,65.0,58.5,56.7,57.6,9.9,15.3,,,0,0,0,Lectura invalida de DHT
2026-05-12,01:00:27,maceta1,40.0,38.0,73.6,74.9,74.2,7.9,9.1,,,0,0,0,Lectura invalida de DHT
2026-05-12,01:00:27,maceta2,62.0,65.0,58.4,56.7,57.5,2.3,29.6,15.6,45.6,0,0,0,
2026-05-12,01:00:54,maceta1,40.0,38.0,73.3,74.7,74.0,1.1,1.1,,,0,0,0,Lectura invalida de DHT
2026-05-12,01:00:54,maceta2,63.0,65.0,58.3,56.6,57.4,2.2,9.1,15.5,45.6,0,0,0,
2026-05-12,01:01:21,maceta1,40.0,38.0,73.2,74.6,73.9,21.1,28.1,,,0,0,0,Lectura invalida de DHT
2026-05-12,01:01:21,maceta2,63.0,65.0,58.1,56.5,57.3,5.9,0.9,15.5,45.6,0,0,0,
2026-05-12,01:01:48,maceta1,40.0,38.0,73.0,74.4,73.7,14.8,17.6,,,0,0,0,Lectura invalida de DHT
2026-05-12,01:01:48,maceta2,63.0,66.0,58.0,56.3,57.1,14.6,5.0,,,0,0,0,Lectura invalida de DHT
2026-05-12,01:02:14,maceta1,41.0,39.0,72.9,74.2,73.5,2.8,8.9,,,0,0,0,Lectura invalida de DHT
2026-05-12,01:02:14,maceta2,63.0,66.0,57.8,56.2,57.0,23.5,11.9,15.6,45.6,0,0,0,
2026-05-12,01:02:41,maceta1,41.0,39.0,72.8,74.0,73.4,5.2,4.5,,,0,0,0,Lectura invalida de DHT
2026-05-12,01:02:41,maceta2,63.0,66.0,57.7,56.0,56.8,14.6,9.5,,,0,0,0,Lectura invalida de DHT
2026-05-12,01:03:08,maceta1,41.0,39.0,72.7,73.9,73.3,3.1,24.9,,,0,0,0,Lectura invalida de DHT
2026-05-12,01:03:08,maceta2,64.0,66.0,57.5,55.8,56.7,10.1,2.9,15.6,45.5,0,0,0,
2026-05-12,01:03:35,maceta1,41.0,39.0,72.5,73.8,73.2,18.4,25.1,,,0,0,0,Lectura invalida de DHT
2026-05-12,01:03:35,maceta2,64.0,66.0,57.4,55.7,56.6,2.5,13.0,15.5,45.5,0,0,0,
2026-05-12,01:04:02,maceta1,42.0,40.0,72.3,73.7,73.0,2.8,24.4,,,0,0,0,Lectura invalida de DHT
2026-05-12,01:04:02,maceta2,64.0,67.0,57.3,55.6,56.5,16.5,10.1,15.5,45.5,0,0,0,
2026-05-12,01:04:28,maceta1,42.0,40.0,72.0,73.6,72.8,22.6,19.4,,,0,0,0,Lectura invalida de DHT
2026-05-12,01:04:28,maceta2,64.0,67.0,57.1,55.4,56.2,8.1,3.7,15.5,45.5,0,0,0,
2026-05-12,01:04:55,maceta1,42.0,40.0,71.9,73.5,72.7,0.6,11.0,,,0,0,0,Lectura invalida de DHT
2026-05-12,01:04:55,maceta2,65.0,67.0,56.9,55.1,56.0,18.4,8.9,,,0,0,0,Lectura invalida de DHT
2026-05-12,01:05:22,maceta1,42.0,40.0,71.8,73.3,72.6,7.5,9.1,,,0,0,0,Lectura invalida de DHT
2026-05-12,01:05:22,maceta2,65.0,68.0,56.7,55.0,55.8,29.3,26.6,15.5,45.5,0,0,0,
2026-05-12,01:05:49,maceta1,42.0,40.0,71.7,73.2,72.5,26.7,0.3,,,0,0,0,Lectura invalida de DHT
2026-05-12,01:05:49,maceta2,65.0,68.0,56.4,54.9,55.7,3.3,9.1,,,0,0,0,Lectura invalida de DHT
2026-05-12,01:06:15,maceta1,43.0,40.0,71.7,73.1,72.4,21.6,25.0,,,0,0,0,Lectura invalida de DHT
2026-05-12,01:06:15,maceta2,66.0,68.0,56.3,54.7,55.5,6.4,21.4,15.5,45.5,0,0,0,
2026-05-12,01:06:42,maceta1,43.0,41.0,71.4,72.9,72.2,2.2,2.6,,,0,0,0,Lectura invalida de DHT
2026-05-12,01:06:42,maceta2,66.0,68.0,56.1,54.5,55.3,14.2,18.4,15.5,45.5,0,0,0,
2026-05-12,01:07:09,maceta1,43.0,41.0,71.2,72.8,72.0,24.6,18.9,,,0,0,0,Lectura invalida de DHT
2026-05-12,01:07:09,maceta2,66.0,68.0,55.9,54.4,55.1,29.1,12.8,15.5,45.5,0,0,0,
2026-05-12,01:07:36,maceta1,43.0,41.0,71.0,72.6,71.8,14.8,15.1,,,0,0,0,Lectura invalida de DHT
2026-05-12,01:07:36,maceta2,66.0,69.0,55.7,54.1,54.9,23.2,7.2,15.5,45.6,0,0,0,
2026-05-12,01:08:02,maceta1,44.0,41.0,70.9,72.4,71.7,25.4,15.8,,,0,0,0,Lectura invalida de DHT
2026-05-12,01:08:02,maceta2,67.0,69.0,55.6,53.9,54.7,26.9,11.1,15.5,45.5,0,0,0,
2026-05-12,01:08:29,maceta1,44.0,42.0,70.6,72.3,71.5,18.0,27.8,,,0,0,0,Lectura invalida de DHT
2026-05-12,01:08:29,maceta2,67.0,69.0,55.4,53.7,54.6,10.0,17.8,15.5,45.5,0,0,0,
2026-05-12,01:08:56,maceta1,44.0,42.0,70.5,72.1,71.3,20.5,0.9,,,0,0,0,Lectura invalida de DHT
2026-05-12,01:08:56,maceta2,67.0,70.0,55.2,53.6,54.4,29.8,10.5,,,0,0,0,Lectura invalida de DHT
2026-05-12,01:09:23,maceta1,44.0,42.0,70.4,71.9,71.1,29.8,23.2,,,0,0,0,Lectura invalida de DHT
2026-05-12,01:09:23,maceta2,67.0,70.0,55.1,53.4,54.2,3.1,6.4,15.5,45.6,0,0,0,
2026-05-12,01:09:50,maceta1,45.0,42.0,70.2,71.8,71.0,7.0,1.6,,,0,0,0,Lectura invalida de DHT
2026-05-12,01:09:50,maceta2,67.0,70.0,55.0,53.3,54.1,1.6,3.5,15.5,45.6,0,0,0,
2026-05-12,01:10:16,maceta1,45.0,42.0,70.0,71.7,70.9,18.7,1.1,,,0,0,0,Lectura invalida de DHT
2026-05-12,01:10:16,maceta2,68.0,70.0,54.9,53.0,54.0,25.7,26.4,15.5,45.5,0,0,0,
2026-05-12,01:10:43,maceta1,45.0,43.0,69.8,71.5,70.6,13.8,12.9,,,0,0,0,Lectura invalida de DHT
2026-05-12,01:10:43,maceta2,68.0,71.0,54.9,52.9,53.9,27.8,13.2,15.5,45.5,0,0,0,
2026-05-12,01:11:10,maceta1,46.0,43.0,69.6,71.3,70.5,1.2,1.9,,,0,0,0,Lectura invalida de DHT
2026-05-12,01:11:10,maceta2,68.0,71.0,54.6,52.7,53.6,2.7,18.8,15.5,45.5,0,0,0,
2026-05-12,01:11:36,maceta1,46.0,43.0,69.4,71.1,70.3,0.4,23.7,,,0,0,0,Lectura invalida de DHT
2026-05-12,01:11:36,maceta2,68.0,71.0,54.4,52.5,53.5,3.4,14.7,,,0,0,0,Lectura invalida de DHT
2026-05-12,01:12:03,maceta1,46.0,44.0,69.3,71.0,70.1,3.6,15.9,,,0,0,0,Lectura invalida de DHT
2026-05-12,01:12:03,maceta2,69.0,71.0,54.3,52.4,53.3,1.0,26.2,15.5,45.5,0,0,0,
2026-05-12,01:12:30,maceta1,46.0,44.0,69.0,70.8,69.9,19.5,0.9,,,0,0,0,Lectura invalida de DHT
2026-05-12,01:12:30,maceta2,69.0,72.0,54.2,52.2,53.2,3.1,16.4,15.5,45.6,0,0,0,
2026-05-12,01:12:57,maceta1,47.0,44.0,68.9,70.8,69.8,17.0,1.2,,,0,0,0,Lectura invalida de DHT
2026-05-12,01:12:57,maceta2,69.0,72.0,54.1,52.0,53.1,6.3,14.4,,,0,0,0,Lectura invalida de DHT
2026-05-12,01:13:23,maceta1,47.0,44.0,68.8,70.7,69.8,16.6,18.4,,,0,0,0,Lectura invalida de DHT
2026-05-12,01:13:23,maceta2,69.0,72.0,54.0,51.8,52.9,29.1,27.7,,,0,0,0,Lectura invalida de DHT
2026-05-12,01:13:51,maceta1,47.0,44.0,68.6,70.6,69.6,1.0,24.2,,,0,0,0,Lectura invalida de DHT
2026-05-12,01:13:51,maceta2,69.0,73.0,53.9,51.6,52.7,20.0,21.6,15.5,45.5,0,0,0,
2026-05-12,01:14:18,maceta1,47.0,44.0,68.4,70.4,69.4,14.1,13.1,,,0,0,0,Lectura invalida de DHT
2026-05-12,01:14:18,maceta2,69.0,73.0,53.8,51.5,52.6,23.4,3.3,,,0,0,0,Lectura invalida de DHT
2026-05-12,01:14:44,maceta1,48.0,45.0,68.3,70.2,69.2,27.7,16.6,,,0,0,0,Lectura invalida de DHT
2026-05-12,01:14:44,maceta2,69.0,73.0,53.7,51.4,52.6,23.3,5.3,15.5,45.6,0,0,0,
2026-05-12,01:15:11,maceta1,48.0,45.0,68.2,70.0,69.1,11.9,24.0,,,0,0,0,Lectura invalida de DHT
2026-05-12,01:15:11,maceta2,70.0,73.0,53.5,51.3,52.4,16.1,23.6,,,0,0,0,Lectura invalida de DHT
2026-05-12,01:15:38,maceta1,48.0,45.0,68.1,69.9,69.0,18.7,18.3,,,0,0,0,Lectura invalida de DHT
2026-05-12,01:15:38,maceta2,70.0,73.0,53.4,51.1,52.3,23.9,25.1,15.5,45.5,0,0,0,
2026-05-12,01:16:05,maceta1,48.0,45.0,68.0,69.8,68.9,23.4,6.7,,,0,0,0,Lectura invalida de DHT
2026-05-12,01:16:05,maceta2,70.0,73.0,53.3,51.0,52.2,17.9,16.4,15.5,45.5,0,0,0,
2026-05-12,01:16:31,maceta1,48.0,46.0,67.9,69.6,68.7,23.5,18.4,,,0,0,0,Lectura invalida de DHT
2026-05-12,01:16:31,maceta2,70.0,74.0,53.2,51.0,52.1,9.4,16.6,15.5,45.5,0,0,0,
2026-05-12,01:16:58,maceta1,48.0,46.0,67.8,69.4,68.6,15.6,18.8,,,0,0,0,Lectura invalida de DHT
2026-05-12,01:16:58,maceta2,70.0,74.0,53.1,50.8,51.9,16.8,19.0,15.5,45.6,0,0,0,
2026-05-12,01:17:25,maceta1,48.0,46.0,67.7,69.3,68.5,25.7,22.0,,,0,0,0,Lectura invalida de DHT
2026-05-12,01:17:25,maceta2,71.0,74.0,52.9,50.7,51.8,16.0,13.2,15.5,45.6,0,0,0,
2026-05-12,01:17:52,maceta1,49.0,46.0,67.6,69.1,68.3,11.7,18.6,,,0,0,0,Lectura invalida de DHT
2026-05-12,01:17:52,maceta2,71.0,74.0,52.7,50.6,51.7,24.7,20.4,15.5,45.5,0,0,0,
2026-05-12,01:18:18,maceta1,49.0,47.0,67.3,68.9,68.1,26.7,29.1,,,0,0,0,Lectura invalida de DHT
2026-05-12,01:18:18,maceta2,71.0,74.0,52.6,50.4,51.5,29.5,3.3,,,0,0,0,Lectura invalida de DHT
2026-05-12,01:18:45,maceta1,49.0,47.0,67.2,68.7,67.9,7.2,5.9,,,0,0,0,Lectura invalida de DHT
2026-05-12,01:18:45,maceta2,71.0,75.0,52.5,50.3,51.4,12.3,28.8,15.5,45.5,0,0,0,
2026-05-12,01:19:12,maceta1,50.0,47.0,67.0,68.5,67.8,8.4,28.5,,,0,0,0,Lectura invalida de DHT
2026-05-12,01:19:12,maceta2,72.0,75.0,52.2,50.2,51.2,22.9,22.5,15.5,45.6,0,0,0,
2026-05-12,01:19:39,maceta1,50.0,47.0,66.9,68.4,67.6,1.6,16.2,,,0,0,0,Lectura invalida de DHT
2026-05-12,01:19:39,maceta2,72.0,75.0,52.1,50.0,51.1,3.0,18.9,15.5,45.6,0,0,1,
2026-05-12,01:20:05,maceta1,50.0,48.0,66.8,68.2,67.5,23.9,20.2,,,0,0,0,Lectura invalida de DHT
2026-05-12,01:20:05,maceta2,25.0,23.0,83.6,84.8,84.2,23.3,9.5,15.5,45.5,0,0,0,
2026-05-12,01:20:32,maceta1,50.0,48.0,66.6,68.1,67.4,12.5,3.0,,,0,0,0,Lectura invalida de DHT
2026-05-12,01:20:32,maceta2,25.0,23.0,83.6,84.7,84.1,11.1,4.8,15.5,45.5,0,0,0,
2026-05-12,01:20:59,maceta1,50.0,48.0,66.5,68.1,67.3,6.9,11.4,,,0,0,0,Lectura invalida de DHT
2026-05-12,01:20:59,maceta2,25.0,23.0,83.5,84.5,84.0,1.2,12.3,15.5,45.6,0,0,0,
2026-05-12,01:21:26,maceta1,51.0,48.0,66.3,68.0,67.1,7.0,23.1,,,0,0,0,Lectura invalida de DHT
2026-05-12,01:21:26,maceta2,25.0,23.0,83.4,84.4,83.9,10.9,19.8,15.5,45.6,0,0,0,
2026-05-12,01:21:52,maceta1,51.0,48.0,66.2,67.8,67.0,27.0,21.2,,,0,0,0,Lectura invalida de DHT
2026-05-12,01:21:52,maceta2,25.0,24.0,83.3,84.2,83.7,18.3,19.0,15.5,45.5,0,0,0,
2026-05-12,01:22:19,maceta1,51.0,48.0,66.0,67.7,66.9,25.0,1.2,,,0,0,0,Lectura invalida de DHT
2026-05-12,01:22:19,maceta2,25.0,24.0,83.0,83.9,83.5,3.6,11.5,15.5,45.5,0,0,0,
2026-05-12,01:22:46,maceta1,51.0,49.0,65.9,67.6,66.8,16.6,16.4,,,0,0,0,Lectura invalida de DHT
2026-05-12,01:22:46,maceta2,26.0,24.0,82.9,83.9,83.4,27.7,18.4,15.5,45.5,0,0,0,
2026-05-12,01:23:13,maceta1,51.0,49.0,65.8,67.6,66.7,18.5,2.6,,,0,0,0,Lectura invalida de DHT
2026-05-12,01:23:13,maceta2,26.0,24.0,82.8,83.7,83.2,2.3,24.4,15.5,45.5,0,0,0,
2026-05-12,01:23:40,maceta1,52.0,49.0,65.7,67.4,66.5,14.2,29.9,,,0,0,0,Lectura invalida de DHT
2026-05-12,01:23:40,maceta2,26.0,25.0,82.7,83.6,83.1,27.9,0.8,,,0,0,0,Lectura invalida de DHT
2026-05-12,01:24:07,maceta1,52.0,49.0,65.5,67.2,66.3,11.7,26.9,,,0,0,0,Lectura invalida de DHT
2026-05-12,01:24:07,maceta2,26.0,25.0,82.7,83.4,83.0,21.2,13.5,15.5,45.5,0,0,0,
2026-05-12,01:24:33,maceta1,52.0,49.0,65.4,67.1,66.2,27.5,0.6,,,0,0,0,Lectura invalida de DHT
2026-05-12,01:24:33,maceta2,26.0,25.0,82.6,83.3,83.0,9.9,22.8,,,0,0,0,Lectura invalida de DHT
2026-05-12,01:25:00,maceta1,52.0,50.0,65.2,67.0,66.1,3.8,25.8,,,0,0,0,Lectura invalida de DHT
2026-05-12,01:25:00,maceta2,26.0,25.0,82.4,83.2,82.8,11.7,16.4,15.5,45.5,0,0,0,
2026-05-12,01:25:27,maceta1,53.0,50.0,65.0,66.8,65.9,12.6,27.6,,,0,0,0,Lectura invalida de DHT
2026-05-12,01:25:27,maceta2,27.0,25.0,82.3,83.0,82.7,22.2,19.5,15.5,45.5,0,0,0,
2026-05-12,01:25:53,maceta1,53.0,50.0,64.7,66.7,65.7,10.3,10.6,,,0,0,0,Lectura invalida de DHT
2026-05-12,01:25:53,maceta2,27.0,26.0,82.2,82.8,82.5,18.0,15.5,15.5,45.5,0,0,0,
2026-05-12,01:26:20,maceta1,53.0,50.0,64.6,66.5,65.6,14.9,21.6,,,0,0,0,Lectura invalida de DHT
2026-05-12,01:26:20,maceta2,27.0,26.0,82.2,82.7,82.4,20.1,29.8,15.5,45.5,0,0,0,
2026-05-12,01:26:47,maceta1,53.0,50.0,64.4,66.4,65.4,13.7,13.3,,,0,0,0,Lectura invalida de DHT
2026-05-12,01:26:47,maceta2,27.0,26.0,82.0,82.4,82.2,11.7,1.6,15.5,45.6,0,0,0,
2026-05-12,01:27:14,maceta1,54.0,50.0,64.2,66.4,65.3,15.6,19.7,,,0,0,0,Lectura invalida de DHT
2026-05-12,01:27:14,maceta2,27.0,26.0,81.8,82.4,82.1,14.6,14.7,15.5,45.5,0,0,0,
2026-05-12,01:27:49,maceta1,54.0,51.0,64.1,66.2,65.2,4.2,10.2,,,0,0,0,Lectura invalida de DHT
2026-05-12,01:27:49,maceta2,27.0,27.0,81.7,82.2,82.0,29.7,2.7,15.5,45.5,0,0,0,
2026-05-12,01:28:16,maceta1,54.0,51.0,63.9,66.0,64.9,15.4,9.7,,,0,0,0,Lectura invalida de DHT
2026-05-12,01:28:16,maceta2,28.0,27.0,81.5,82.1,81.8,6.4,4.8,15.5,45.5,0,0,0,
2026-05-12,01:28:43,maceta1,54.0,51.0,63.8,65.9,64.8,7.3,12.7,,,0,0,0,Lectura invalida de DHT
2026-05-12,01:28:43,maceta2,28.0,27.0,81.4,82.1,81.7,12.5,11.5,15.4,45.5,0,0,0,
2026-05-12,01:29:10,maceta1,55.0,51.0,63.6,65.8,64.7,5.5,4.4,,,0,0,0,Lectura invalida de DHT
2026-05-12,01:29:10,maceta2,28.0,27.0,81.2,81.9,81.5,8.8,4.7,15.4,45.5,0,0,0,
2026-05-12,01:29:36,maceta1,55.0,52.0,63.5,65.6,64.6,1.9,24.9,,,0,0,0,Lectura invalida de DHT
2026-05-12,01:29:36,maceta2,28.0,28.0,81.1,81.7,81.4,23.0,28.9,,,0,0,0,Lectura invalida de DHT
2026-05-12,01:30:03,maceta1,55.0,52.0,63.4,65.5,64.5,22.9,10.5,,,0,0,0,Lectura invalida de DHT
2026-05-12,01:30:03,maceta2,29.0,28.0,80.9,81.6,81.2,22.9,28.4,15.5,45.5,0,0,0,
2026-05-12,01:30:30,maceta1,55.0,52.0,63.3,65.3,64.3,12.8,12.0,,,0,0,0,Lectura invalida de DHT
2026-05-12,01:30:30,maceta2,29.0,28.0,80.9,81.4,81.1,8.8,10.1,15.5,45.6,0,0,0,
2026-05-12,01:30:56,maceta1,55.0,52.0,63.1,65.2,64.2,18.8,26.8,,,0,0,0,Lectura invalida de DHT
2026-05-12,01:30:56,maceta2,29.0,28.0,80.8,81.1,80.9,2.4,19.2,,,0,0,0,Lectura invalida de DHT
2026-05-12,01:31:23,maceta1,55.0,52.0,63.0,65.1,64.1,21.8,14.9,,,0,0,0,Lectura invalida de DHT
2026-05-12,01:31:23,maceta2,29.0,28.0,80.7,81.1,80.9,0.3,16.0,15.5,45.5,0,0,0,
2026-05-12,01:31:50,maceta1,56.0,53.0,62.9,64.9,63.9,20.4,16.3,,,0,0,0,Lectura invalida de DHT
2026-05-12,01:31:50,maceta2,29.0,29.0,80.5,80.8,80.6,12.8,24.5,15.5,45.5,0,0,0,
2026-05-12,01:32:17,maceta1,56.0,53.0,62.7,64.8,63.7,14.1,28.7,,,0,0,0,Lectura invalida de DHT
2026-05-12,01:32:17,maceta2,29.0,29.0,80.4,80.6,80.5,12.3,18.8,15.5,45.5,0,0,0,
2026-05-12,01:32:44,maceta1,56.0,53.0,62.5,64.6,63.6,11.6,26.6,,,0,0,0,Lectura invalida de DHT
2026-05-12,01:32:44,maceta2,30.0,29.0,80.3,80.5,80.4,29.7,0.0,15.5,45.5,0,0,0,
2026-05-12,01:33:10,maceta1,56.0,53.0,62.4,64.4,63.4,11.3,5.1,,,0,0,0,Lectura invalida de DHT
2026-05-12,01:33:10,maceta2,30.0,29.0,80.1,80.4,80.2,14.1,22.9,15.4,45.5,0,0,0,
2026-05-12,01:33:37,maceta1,57.0,54.0,62.1,64.2,63.2,19.2,14.2,,,0,0,0,Lectura invalida de DHT
2026-05-12,01:33:37,maceta2,30.0,29.0,80.0,80.3,80.2,7.7,22.4,15.4,45.5,0,0,0,
2026-05-12,01:34:04,maceta1,57.0,54.0,62.0,64.0,63.0,14.8,29.1,,,0,0,0,Lectura invalida de DHT
2026-05-12,01:34:04,maceta2,30.0,30.0,79.9,80.3,80.1,26.7,15.3,,,0,0,0,Lectura invalida de DHT
2026-05-12,01:34:31,maceta1,57.0,54.0,62.0,63.8,62.9,25.5,11.2,,,0,0,0,Lectura invalida de DHT
2026-05-12,01:34:31,maceta2,30.0,30.0,79.7,80.2,79.9,14.7,27.1,15.5,45.5,0,0,0,
2026-05-12,01:34:57,maceta1,57.0,54.0,61.8,63.8,62.8,26.2,11.1,,,0,0,0,Lectura invalida de DHT
2026-05-12,01:34:57,maceta2,31.0,30.0,79.6,80.0,79.8,18.0,27.3,15.5,45.5,0,0,0,
2026-05-12,01:35:24,maceta1,58.0,55.0,61.5,63.5,62.5,5.1,5.9,,,0,0,0,Lectura invalida de DHT
2026-05-12,01:35:24,maceta2,31.0,30.0,79.4,79.8,79.6,2.9,15.7,15.5,45.5,0,0,0,
2026-05-12,01:35:51,maceta1,58.0,55.0,61.3,63.4,62.3,4.1,3.4,,,0,0,0,Lectura invalida de DHT
2026-05-12,01:35:51,maceta2,31.0,31.0,79.4,79.7,79.5,11.5,18.2,15.5,45.5,0,0,0,
2026-05-12,01:36:18,maceta1,58.0,55.0,61.2,63.2,62.2,18.9,22.2,,,0,0,0,Lectura invalida de DHT
2026-05-12,01:36:18,maceta2,31.0,31.0,79.3,79.5,79.4,28.3,29.9,15.5,45.5,0,0,0,
2026-05-12,01:36:44,maceta1,58.0,55.0,61.0,63.1,62.1,9.0,23.1,,,0,0,0,Lectura invalida de DHT
2026-05-12,01:36:44,maceta2,31.0,31.0,79.2,79.3,79.2,17.7,9.0,15.4,45.5,0,0,0,
2026-05-12,01:37:11,maceta1,59.0,56.0,60.9,62.9,61.9,0.6,29.1,,,0,0,0,Lectura invalida de DHT
2026-05-12,01:37:11,maceta2,31.0,31.0,79.0,79.1,79.1,10.3,9.7,15.5,45.5,0,0,0,
2026-05-12,01:37:38,maceta1,59.0,56.0,60.8,62.8,61.8,26.7,23.2,,,0,0,0,Lectura invalida de DHT
2026-05-12,01:37:38,maceta2,32.0,32.0,78.9,79.0,79.0,18.8,5.5,,,0,0,0,Lectura invalida de DHT
2026-05-12,01:38:05,maceta1,59.0,56.0,60.8,62.6,61.7,6.8,7.3,,,0,0,0,Lectura invalida de DHT
2026-05-12,01:38:05,maceta2,32.0,32.0,78.7,78.9,78.8,27.3,26.9,,,0,0,0,Lectura invalida de DHT
2026-05-12,01:38:31,maceta1,59.0,56.0,60.6,62.5,61.6,27.9,1.2,,,0,0,0,Lectura invalida de DHT
2026-05-12,01:38:31,maceta2,32.0,32.0,78.6,78.8,78.7,8.2,22.3,15.5,45.5,0,0,0,
2026-05-12,01:38:58,maceta1,59.0,56.0,60.4,62.5,61.4,21.5,29.6,,,0,0,0,Lectura invalida de DHT
2026-05-12,01:38:58,maceta2,32.0,32.0,78.4,78.7,78.5,15.2,3.2,15.5,45.5,0,0,0,
2026-05-12,01:39:25,maceta1,60.0,57.0,60.2,62.3,61.2,22.9,10.2,,,0,0,0,Lectura invalida de DHT
2026-05-12,01:39:25,maceta2,33.0,32.0,78.2,78.5,78.3,28.8,29.5,,,0,0,0,Lectura invalida de DHT
2026-05-12,01:39:52,maceta1,60.0,57.0,60.0,62.2,61.1,6.0,9.4,,,0,0,0,Lectura invalida de DHT
2026-05-12,01:39:52,maceta2,33.0,33.0,78.1,78.3,78.2,5.2,21.9,,,0,0,0,Lectura invalida de DHT
2026-05-12,01:40:19,maceta1,60.0,57.0,59.8,62.0,60.9,7.0,27.2,,,0,0,0,Lectura invalida de DHT
2026-05-12,01:40:19,maceta2,33.0,33.0,77.9,78.1,78.0,21.6,25.5,15.4,45.5,0,0,0,
2026-05-12,01:40:45,maceta1,61.0,57.0,59.6,61.9,60.7,15.6,17.6,,,0,0,0,Lectura invalida de DHT
2026-05-12,01:40:45,maceta2,33.0,33.0,77.9,77.9,77.9,18.4,1.4,15.4,45.5,0,0,0,
2026-05-12,01:41:12,maceta1,61.0,57.0,59.5,61.7,60.6,5.2,6.4,,,0,0,0,Lectura invalida de DHT
2026-05-12,01:41:12,maceta2,33.0,33.0,77.7,77.8,77.8,20.4,15.1,15.4,45.5,0,0,0,
2026-05-12,01:41:39,maceta1,61.0,58.0,59.4,61.5,60.4,9.2,26.7,,,0,0,0,Lectura invalida de DHT
2026-05-12,01:41:39,maceta2,34.0,33.0,77.6,77.8,77.7,10.5,21.0,15.4,45.5,0,0,0,
2026-05-12,01:42:06,maceta1,61.0,58.0,59.3,61.3,60.3,9.6,29.8,,,0,0,0,Lectura invalida de DHT
2026-05-12,01:42:06,maceta2,34.0,34.0,77.4,77.7,77.5,9.4,16.3,15.4,45.5,0,0,0,
2026-05-12,01:42:32,maceta1,61.0,58.0,59.2,61.2,60.2,4.8,2.6,,,0,0,0,Lectura invalida de DHT
2026-05-12,01:42:32,maceta2,34.0,34.0,77.3,77.5,77.4,20.5,20.0,15.4,45.5,0,0,0,
2026-05-12,01:42:59,maceta1,61.0,58.0,59.1,61.2,60.1,6.2,25.9,,,0,0,0,Lectura invalida de DHT
2026-05-12,01:42:59,maceta2,34.0,34.0,77.2,77.3,77.3,6.5,24.5,15.4,45.5,0,0,0,
2026-05-12,01:43:26,maceta1,62.0,59.0,59.0,61.0,60.0,23.7,11.7,,,0,0,0,Lectura invalida de DHT
2026-05-12,01:43:26,maceta2,34.0,34.0,77.1,77.2,77.1,12.6,11.2,15.4,45.5,0,0,0,
2026-05-12,01:43:53,maceta1,62.0,59.0,58.8,60.8,59.8,5.0,15.7,,,0,0,0,Lectura invalida de DHT
2026-05-12,01:43:53,maceta2,35.0,34.0,76.9,77.1,77.0,5.6,25.5,15.4,45.5,0,0,0,
2026-05-12,01:44:19,maceta1,62.0,59.0,58.6,60.7,59.6,0.9,27.4,,,0,0,0,Lectura invalida de DHT
2026-05-12,01:44:19,maceta2,35.0,35.0,76.7,76.9,76.8,0.2,4.9,15.4,45.5,0,0,0,
2026-05-12,01:44:46,maceta1,62.0,59.0,58.5,60.6,59.5,18.9,29.2,,,0,0,0,Lectura invalida de DHT
2026-05-12,01:44:46,maceta2,35.0,35.0,76.6,76.8,76.7,29.1,8.1,15.4,45.5,0,0,0,
2026-05-12,01:45:13,maceta1,63.0,59.0,58.3,60.5,59.4,29.3,7.9,,,0,0,0,Lectura invalida de DHT
2026-05-12,01:45:13,maceta2,35.0,35.0,76.4,76.7,76.6,13.0,1.3,15.4,45.5,0,0,0,
2026-05-12,01:45:40,maceta1,63.0,60.0,58.2,60.3,59.3,9.9,6.4,,,0,0,0,Lectura invalida de DHT
2026-05-12,01:45:40,maceta2,36.0,35.0,76.3,76.6,76.4,29.1,10.9,15.4,45.5,0,0,0,
2026-05-12,01:46:06,maceta1,63.0,60.0,58.0,60.1,59.1,3.6,2.4,,,0,0,0,Lectura invalida de DHT
2026-05-12,01:46:06,maceta2,36.0,35.0,76.2,76.4,76.3,4.2,11.4,15.4,45.5,0,0,0,
2026-05-12,01:46:33,maceta1,63.0,60.0,57.8,59.9,58.9,17.1,16.9,,,0,0,0,Lectura invalida de DHT
2026-05-12,01:46:33,maceta2,36.0,36.0,76.0,76.2,76.1,17.6,24.2,15.4,45.6,0,0,0,
2026-05-12,01:47:00,maceta1,64.0,60.0,57.6,59.8,58.7,27.2,0.4,,,0,0,0,Lectura invalida de DHT
2026-05-12,01:47:00,maceta2,36.0,36.0,76.0,76.0,76.0,6.0,19.6,15.4,45.5,0,0,0,
2026-05-12,01:47:27,maceta1,64.0,61.0,57.4,59.7,58.5,23.5,12.4,,,0,0,0,Lectura invalida de DHT
2026-05-12,01:47:27,maceta2,36.0,36.0,75.8,75.8,75.8,23.7,13.1,15.4,45.5,0,0,0,
2026-05-12,01:47:53,maceta1,64.0,61.0,57.3,59.6,58.4,18.7,2.2,,,0,0,0,Lectura invalida de DHT
2026-05-12,01:47:53,maceta2,36.0,36.0,75.7,75.7,75.7,23.5,19.6,,,0,0,0,Lectura invalida de DHT
2026-05-12,01:48:20,maceta1,64.0,61.0,57.2,59.3,58.3,9.5,12.2,,,0,0,0,Lectura invalida de DHT
2026-05-12,01:48:20,maceta2,37.0,37.0,75.5,75.5,75.5,3.4,1.6,15.4,45.5,0,0,0,
2026-05-12,01:48:47,maceta1,64.0,61.0,57.1,59.2,58.1,16.3,1.2,,,0,0,0,Lectura invalida de DHT
2026-05-12,01:48:47,maceta2,37.0,37.0,75.3,75.4,75.3,27.4,5.4,15.4,45.5,0,0,0,
2026-05-12,01:49:14,maceta1,65.0,61.0,56.8,59.1,57.9,2.7,25.1,,,0,0,0,Lectura invalida de DHT
2026-05-12,01:49:14,maceta2,37.0,37.0,75.1,75.3,75.2,5.8,18.8,,,0,0,0,Lectura invalida de DHT
2026-05-12,01:49:40,maceta1,65.0,62.0,56.7,58.8,57.8,20.4,6.3,,,0,0,0,Lectura invalida de DHT
2026-05-12,01:49:40,maceta2,38.0,37.0,75.0,75.2,75.1,18.4,19.2,15.4,45.5,0,0,0,
2026-05-12,01:50:07,maceta1,65.0,62.0,56.5,58.7,57.6,21.8,9.8,,,0,0,0,Lectura invalida de DHT
2026-05-12,01:50:07,maceta2,38.0,37.0,74.9,75.0,75.0,29.6,23.2,15.4,45.5,0,0,0,
2026-05-12,01:50:34,maceta1,65.0,62.0,56.5,58.6,57.5,29.0,26.1,,,0,0,0,Lectura invalida de DHT
2026-05-12,01:50:34,maceta2,38.0,38.0,74.6,74.8,74.7,26.5,12.1,,,0,0,0,Lectura invalida de DHT
2026-05-12,01:51:01,maceta1,66.0,62.0,56.3,58.4,57.4,7.8,22.4,,,0,0,0,Lectura invalida de DHT
2026-05-12,01:51:01,maceta2,38.0,38.0,74.5,74.6,74.6,28.7,21.7,15.4,45.5,0,0,0,
2026-05-12,01:51:28,maceta1,66.0,63.0,56.1,58.2,57.1,0.6,6.6,,,0,0,0,Lectura invalida de DHT
2026-05-12,01:51:28,maceta2,38.0,38.0,74.5,74.6,74.5,10.3,20.5,,,0,0,0,Lectura invalida de DHT
2026-05-12,01:51:54,maceta1,66.0,63.0,55.9,58.1,57.0,16.4,2.2,,,0,0,0,Lectura invalida de DHT
2026-05-12,01:51:54,maceta2,38.0,38.0,74.4,74.5,74.4,3.2,28.9,,,0,0,0,Lectura invalida de DHT
2026-05-12,01:52:21,maceta1,67.0,63.0,55.6,57.9,56.7,21.2,21.5,,,0,0,0,Lectura invalida de DHT
2026-05-12,01:52:21,maceta2,39.0,39.0,74.3,74.3,74.3,5.7,6.5,15.4,45.5,0,0,0,
2026-05-12,01:52:48,maceta1,67.0,63.0,55.5,57.7,56.6,23.7,11.7,,,0,0,0,Lectura invalida de DHT
2026-05-12,01:52:48,maceta2,39.0,39.0,74.2,74.1,74.1,15.0,16.6,15.4,45.5,0,0,0,
2026-05-12,01:53:15,maceta1,67.0,64.0,55.4,57.6,56.5,5.8,23.0,,,0,0,0,Lectura invalida de DHT
2026-05-12,01:53:15,maceta2,39.0,39.0,74.0,73.9,73.9,23.8,18.1,15.4,45.5,0,0,0,
2026-05-12,01:53:41,maceta1,67.0,64.0,55.2,57.4,56.3,7.9,13.4,,,0,0,0,Lectura invalida de DHT
2026-05-12,01:53:41,maceta2,39.0,39.0,73.9,73.7,73.8,4.5,30.0,15.4,45.5,0,0,0,
2026-05-12,01:54:08,maceta1,67.0,64.0,55.1,57.3,56.2,15.4,10.4,,,0,0,0,Lectura invalida de DHT
2026-05-12,01:54:08,maceta2,39.0,40.0,73.7,73.5,73.6,19.8,6.0,15.4,45.5,0,0,0,
2026-05-12,01:54:35,maceta1,68.0,64.0,54.9,57.1,56.0,9.9,13.5,,,0,0,0,Lectura invalida de DHT
2026-05-12,01:54:35,maceta2,40.0,40.0,73.6,73.4,73.5,9.7,15.7,,,0,0,0,Lectura invalida de DHT
2026-05-12,01:55:02,maceta1,68.0,64.0,54.7,57.0,55.9,25.8,22.5,,,0,0,0,Lectura invalida de DHT
2026-05-12,01:55:02,maceta2,40.0,40.0,73.4,73.2,73.3,10.2,10.4,,,0,0,0,Lectura invalida de DHT
2026-05-12,01:55:28,maceta1,68.0,65.0,54.6,56.8,55.7,14.2,27.1,,,0,0,0,Lectura invalida de DHT
2026-05-12,01:55:28,maceta2,40.0,40.0,73.3,73.1,73.2,19.9,15.8,15.4,45.5,0,0,0,
2026-05-12,01:55:55,maceta1,68.0,65.0,54.5,56.6,55.6,24.0,1.5,,,0,0,0,Lectura invalida de DHT
2026-05-12,01:55:55,maceta2,40.0,41.0,73.3,72.8,73.0,14.0,7.0,15.4,45.5,0,0,0,
2026-05-12,01:56:22,maceta1,68.0,65.0,54.3,56.4,55.4,17.4,15.7,,,0,0,0,Lectura invalida de DHT
2026-05-12,01:56:22,maceta2,40.0,41.0,73.2,72.8,73.0,24.4,1.4,15.4,45.5,0,0,0,
2026-05-12,01:56:48,maceta1,69.0,66.0,54.2,56.2,55.2,23.2,1.0,,,0,0,0,Lectura invalida de DHT
2026-05-12,01:56:48,maceta2,40.0,41.0,73.1,72.6,72.9,4.7,17.2,15.4,45.5,0,0,0,
2026-05-12,01:57:15,maceta1,69.0,66.0,54.0,56.2,55.1,10.0,14.1,,,0,0,0,Lectura invalida de DHT
2026-05-12,01:57:15,maceta2,40.0,41.0,73.1,72.4,72.7,23.7,10.1,15.4,45.5,0,0,0,
2026-05-12,01:57:42,maceta1,69.0,66.0,53.8,55.9,54.9,24.9,26.6,,,0,0,0,Lectura invalida de DHT
2026-05-12,01:57:42,maceta2,41.0,41.0,72.8,72.3,72.6,1.9,5.5,,,0,0,0,Lectura invalida de DHT
2026-05-12,01:58:09,maceta1,70.0,66.0,53.6,55.7,54.6,8.2,10.8,,,0,0,0,Lectura invalida de DHT
2026-05-12,01:58:09,maceta2,41.0,42.0,72.7,72.3,72.5,5.8,9.7,15.4,45.5,0,0,0,
2026-05-12,01:58:35,maceta1,70.0,67.0,53.4,55.5,54.4,16.4,28.0,,,0,0,0,Lectura invalida de DHT
2026-05-12,01:58:35,maceta2,41.0,42.0,72.5,72.2,72.3,19.7,1.5,15.4,45.5,0,0,0,
2026-05-12,01:59:02,maceta1,70.0,67.0,53.1,55.3,54.2,6.4,18.9,,,0,0,0,Lectura invalida de DHT
2026-05-12,01:59:02,maceta2,41.0,42.0,72.4,72.0,72.2,25.6,28.5,15.4,45.5,0,0,0,
2026-05-12,01:59:29,maceta1,70.0,67.0,53.1,55.2,54.1,14.3,28.0,,,0,0,0,Lectura invalida de DHT
2026-05-12,01:59:29,maceta2,41.0,42.0,72.4,71.8,72.1,7.6,17.4,15.4,45.5,0,0,0,
2026-05-12,01:59:56,maceta1,71.0,67.0,52.8,55.1,53.9,9.5,22.7,,,0,0,0,Lectura invalida de DHT
2026-05-12,01:59:56,maceta2,42.0,43.0,72.2,71.6,71.9,9.8,24.4,15.4,45.5,0,0,0,
2026-05-12,02:00:22,maceta1,71.0,67.0,52.6,55.0,53.8,8.0,3.1,,,0,0,0,Lectura invalida de DHT
2026-05-12,02:00:22,maceta2,42.0,43.0,71.9,71.3,71.6,16.1,12.7,15.4,45.5,0,0,0,
2026-05-12,02:00:49,maceta1,71.0,68.0,52.5,54.9,53.7,29.0,6.9,,,0,0,0,Lectura invalida de DHT
2026-05-12,02:00:49,maceta2,42.0,43.0,71.8,71.2,71.5,6.3,27.1,15.4,45.5,0,0,0,
2026-05-12,02:01:16,maceta1,71.0,68.0,52.4,54.8,53.6,4.8,11.8,,,0,0,0,Lectura invalida de DHT
2026-05-12,02:01:16,maceta2,43.0,44.0,71.7,71.0,71.3,24.3,14.5,15.4,45.5,0,0,0,
2026-05-12,02:01:43,maceta1,72.0,68.0,52.3,54.6,53.5,23.6,5.1,,,0,0,0,Lectura invalida de DHT
2026-05-12,02:01:43,maceta2,43.0,44.0,71.5,70.8,71.1,23.2,17.2,15.3,45.5,0,0,0,
2026-05-12,02:02:09,maceta1,72.0,68.0,52.3,54.5,53.4,29.5,14.8,,,0,0,0,Lectura invalida de DHT
2026-05-12,02:02:09,maceta2,43.0,44.0,71.4,70.6,71.0,4.4,14.8,15.4,45.6,0,0,0,
2026-05-12,02:02:36,maceta1,72.0,69.0,52.2,54.3,53.3,0.6,14.1,,,0,0,0,Lectura invalida de DHT
2026-05-12,02:02:36,maceta2,43.0,44.0,71.3,70.4,70.9,13.9,22.0,15.3,45.5,0,0,0,
2026-05-12,02:03:03,maceta1,72.0,69.0,52.0,54.1,53.1,21.0,28.7,,,0,0,0,Lectura invalida de DHT
2026-05-12,02:03:03,maceta2,43.0,45.0,71.2,70.3,70.8,23.2,17.0,,,0,0,0,Lectura invalida de DHT
2026-05-12,02:03:30,maceta1,72.0,69.0,51.9,54.0,53.0,7.6,13.0,,,0,0,0,Lectura invalida de DHT
2026-05-12,02:03:30,maceta2,43.0,45.0,71.1,70.2,70.7,10.1,8.1,15.3,45.5,0,0,0,
2026-05-12,02:03:56,maceta1,72.0,69.0,51.7,53.8,52.8,1.2,23.6,,,0,0,0,Lectura invalida de DHT
2026-05-12,02:03:56,maceta2,44.0,45.0,71.0,70.1,70.5,19.0,4.4,15.3,45.5,0,0,0,
2026-05-12,02:04:23,maceta1,73.0,69.0,51.6,53.7,52.7,12.1,28.3,,,0,0,0,Lectura invalida de DHT
2026-05-12,02:04:23,maceta2,44.0,45.0,70.9,69.9,70.4,1.5,18.2,15.3,45.6,0,0,0,
2026-05-12,02:04:50,maceta1,73.0,70.0,51.5,53.6,52.6,28.1,26.3,,,0,0,0,Lectura invalida de DHT
2026-05-12,02:04:50,maceta2,44.0,45.0,70.6,69.7,70.2,18.3,14.7,15.3,45.5,0,0,0,
2026-05-12,02:05:17,maceta1,73.0,70.0,51.3,53.4,52.4,0.4,6.3,,,0,0,0,Lectura invalida de DHT
2026-05-12,02:05:17,maceta2,44.0,46.0,70.5,69.5,70.0,4.6,2.9,15.3,45.5,0,0,0,
2026-05-12,02:05:43,maceta1,73.0,70.0,51.3,53.3,52.3,17.6,14.9,,,0,0,0,Lectura invalida de DHT
2026-05-12,02:05:43,maceta2,44.0,46.0,70.4,69.3,69.8,24.9,11.9,15.3,45.5,0,0,0,
2026-05-12,02:06:10,maceta1,73.0,70.0,51.0,53.1,52.1,15.0,10.4,,,0,0,0,Lectura invalida de DHT
2026-05-12,02:06:10,maceta2,45.0,46.0,70.3,69.1,69.7,10.7,15.4,15.4,45.5,0,0,0,
2026-05-12,02:06:37,maceta1,74.0,71.0,50.8,53.0,51.9,26.2,12.0,,,0,0,0,Lectura invalida de DHT
2026-05-12,02:06:37,maceta2,45.0,46.0,70.2,69.0,69.6,8.4,24.8,15.3,45.5,0,0,0,
2026-05-12,02:07:04,maceta1,74.0,71.0,50.6,52.8,51.7,2.5,10.8,,,0,0,0,Lectura invalida de DHT
2026-05-12,02:07:04,maceta2,45.0,47.0,70.2,68.8,69.5,25.2,2.3,15.3,45.5,0,0,0,
2026-05-12,02:07:30,maceta1,74.0,71.0,50.5,52.7,51.6,20.4,24.8,,,0,0,0,Lectura invalida de DHT
2026-05-12,02:07:30,maceta2,45.0,47.0,70.0,68.7,69.3,1.5,10.5,15.3,45.5,0,0,0,
2026-05-12,02:07:57,maceta1,74.0,71.0,50.4,52.6,51.5,20.4,13.6,,,0,0,0,Lectura invalida de DHT
2026-05-12,02:07:57,maceta2,45.0,47.0,69.9,68.4,69.2,11.9,24.7,15.3,45.5,0,0,0,
2026-05-12,02:08:24,maceta1,75.0,71.0,50.2,52.5,51.3,20.1,15.7,,,0,0,0,Lectura invalida de DHT
2026-05-12,02:08:24,maceta2,45.0,48.0,69.8,68.3,69.1,11.1,19.5,15.3,45.5,0,0,0,
2026-05-12,02:08:51,maceta1,75.0,71.0,50.0,52.4,51.2,28.3,29.5,,,0,0,0,Lectura invalida de DHT
2026-05-12,02:08:51,maceta2,46.0,48.0,69.7,68.1,68.9,8.5,8.7,15.3,45.5,0,0,0,
2026-05-12,02:09:17,maceta1,75.0,71.0,49.9,52.4,51.1,24.7,1.8,,,0,0,1,Lectura invalida de DHT
2026-05-12,02:09:17,maceta2,46.0,48.0,69.6,67.9,68.8,27.4,25.4,,,0,0,0,Lectura invalida de DHT
2026-05-12,02:09:44,maceta1,27.0,28.0,81.9,81.5,81.7,1.3,14.6,,,0,0,0,Lectura invalida de DHT
2026-05-12,02:09:44,maceta2,46.0,48.0,69.4,67.7,68.6,22.5,14.8,15.3,45.5,0,0,0,
2026-05-12,02:10:11,maceta1,27.0,28.0,81.8,81.4,81.6,14.1,23.2,,,0,0,0,Lectura invalida de DHT
2026-05-12,02:10:11,maceta2,46.0,49.0,69.3,67.6,68.5,1.9,15.0,15.3,45.5,0,0,0,
2026-05-12,02:10:38,maceta1,27.0,28.0,81.7,81.3,81.5,11.9,4.5,,,0,0,0,Lectura invalida de DHT
2026-05-12,02:10:38,maceta2,46.0,49.0,69.3,67.5,68.4,21.4,29.3,15.3,45.5,0,0,0,
2026-05-12,02:11:04,maceta1,28.0,28.0,81.5,81.1,81.3,9.3,18.3,,,0,0,0,Lectura invalida de DHT
2026-05-12,02:11:04,maceta2,46.0,49.0,69.2,67.3,68.2,15.8,28.4,15.3,45.5,0,0,0,
2026-05-12,02:11:31,maceta1,28.0,29.0,81.4,80.9,81.1,13.5,7.2,,,0,0,0,Lectura invalida de DHT
2026-05-12,02:11:31,maceta2,46.0,49.0,69.1,67.0,68.1,27.0,10.8,15.3,45.5,0,0,0,
2026-05-12,02:11:58,maceta1,28.0,29.0,81.1,80.6,80.9,11.5,26.0,,,0,0,0,Lectura invalida de DHT
2026-05-12,02:11:58,maceta2,47.0,50.0,69.0,66.8,67.9,9.4,4.2,15.3,45.5,0,0,0,
2026-05-12,02:12:25,maceta1,29.0,29.0,80.9,80.5,80.7,13.0,9.8,,,0,0,0,Lectura invalida de DHT
2026-05-12,02:12:25,maceta2,47.0,50.0,68.8,66.7,67.8,17.2,9.8,15.3,45.5,0,0,0,
2026-05-12,02:12:51,maceta1,29.0,30.0,80.8,80.3,80.6,29.4,9.9,,,0,0,0,Lectura invalida de DHT
2026-05-12,02:12:51,maceta2,47.0,50.0,68.7,66.6,67.6,15.0,0.9,15.3,45.5,0,0,0,
2026-05-12,02:13:18,maceta1,29.0,30.0,80.6,80.1,80.4,2.7,17.9,,,0,0,0,Lectura invalida de DHT
2026-05-12,02:13:18,maceta2,47.0,50.0,68.5,66.5,67.5,14.7,0.6,15.3,45.5,0,0,0,
2026-05-12,02:13:45,maceta1,29.0,30.0,80.4,80.0,80.2,27.7,5.5,,,0,0,0,Lectura invalida de DHT
2026-05-12,02:13:45,maceta2,47.0,51.0,68.4,66.3,67.3,13.7,11.9,15.3,45.5,0,0,0,
2026-05-12,02:14:12,maceta1,30.0,30.0,80.2,79.8,80.0,14.4,8.5,,,0,0,0,Lectura invalida de DHT
2026-05-12,02:14:12,maceta2,48.0,51.0,68.2,66.2,67.2,6.2,28.2,15.3,45.5,0,0,0,
2026-05-12,02:14:38,maceta1,30.0,31.0,80.0,79.5,79.8,18.7,12.5,,,0,0,0,Lectura invalida de DHT
2026-05-12,02:14:38,maceta2,48.0,51.0,68.0,65.9,66.9,22.7,26.1,15.3,45.5,0,0,0,
2026-05-12,02:15:05,maceta1,30.0,31.0,79.8,79.4,79.6,24.9,10.6,,,0,0,0,Lectura invalida de DHT
2026-05-12,02:15:05,maceta2,48.0,51.0,67.9,65.9,66.9,13.5,15.3,15.3,45.5,0,0,0,
2026-05-12,02:15:32,maceta1,30.0,31.0,79.7,79.2,79.4,10.8,15.7,,,0,0,0,Lectura invalida de DHT
2026-05-12,02:15:32,maceta2,48.0,51.0,67.8,65.7,66.7,28.8,17.0,,,0,0,0,Lectura invalida de DHT
2026-05-12,02:15:59,maceta1,31.0,31.0,79.5,79.1,79.3,12.9,18.0,,,0,0,0,Lectura invalida de DHT
2026-05-12,02:15:59,maceta2,49.0,52.0,67.7,65.6,66.6,7.8,0.2,15.3,45.5,0,0,0,
2026-05-12,02:16:25,maceta1,31.0,32.0,79.4,78.9,79.1,12.3,17.0,,,0,0,0,Lectura invalida de DHT
2026-05-12,02:16:25,maceta2,49.0,52.0,67.5,65.4,66.5,20.5,6.5,15.3,45.5,0,0,0,
2026-05-12,02:16:52,maceta1,31.0,32.0,79.3,78.7,79.0,11.2,19.6,,,0,0,0,Lectura invalida de DHT
2026-05-12,02:16:52,maceta2,49.0,52.0,67.4,65.2,66.3,28.2,0.7,15.3,45.5,0,0,0,
2026-05-12,02:17:19,maceta1,31.0,32.0,79.2,78.6,78.9,27.8,9.2,,,0,0,0,Lectura invalida de DHT
2026-05-12,02:17:19,maceta2,49.0,52.0,67.2,65.1,66.1,19.9,22.6,15.3,45.5,0,0,0,
2026-05-12,02:17:46,maceta1,31.0,32.0,79.0,78.4,78.7,24.9,3.8,,,0,0,0,Lectura invalida de DHT
2026-05-12,02:17:46,maceta2,49.0,52.0,67.0,65.0,66.0,26.1,4.4,,,0,0,0,Lectura invalida de DHT
2026-05-12,02:18:12,maceta1,32.0,33.0,78.8,78.3,78.6,3.3,22.8,,,0,0,0,Lectura invalida de DHT
2026-05-12,02:18:12,maceta2,50.0,53.0,66.9,64.9,65.9,24.8,26.1,15.3,45.5,0,0,0,
2026-05-12,02:18:39,maceta1,32.0,33.0,78.6,78.2,78.4,3.2,25.5,,,0,0,0,Lectura invalida de DHT
2026-05-12,02:18:39,maceta2,50.0,53.0,66.8,64.8,65.8,10.8,19.3,15.3,45.5,0,0,0,
2026-05-12,02:19:06,maceta1,32.0,33.0,78.5,78.0,78.3,12.8,7.7,,,0,0,0,Lectura invalida de DHT
2026-05-12,02:19:06,maceta2,50.0,53.0,66.7,64.6,65.7,18.0,6.9,15.3,45.5,0,0,0,
2026-05-12,02:19:33,maceta1,33.0,33.0,78.3,77.9,78.1,3.0,12.2,,,0,0,0,Lectura invalida de DHT
2026-05-12,02:19:33,maceta2,50.0,53.0,66.5,64.6,65.6,4.7,4.7,,,0,0,0,Lectura invalida de DHT
2026-05-12,02:19:59,maceta1,33.0,33.0,78.1,77.8,77.9,18.6,15.0,,,0,0,0,Lectura invalida de DHT
2026-05-12,02:19:59,maceta2,50.0,53.0,66.5,64.4,65.4,16.1,18.8,15.3,45.5,0,0,0,
2026-05-12,02:20:26,maceta1,33.0,34.0,77.8,77.6,77.7,4.3,16.0,,,0,0,0,Lectura invalida de DHT
2026-05-12,02:20:26,maceta2,50.0,54.0,66.4,64.2,65.3,6.9,27.0,15.3,45.5,0,0,0,
2026-05-12,02:20:53,maceta1,33.0,34.0,77.7,77.5,77.6,15.7,19.8,,,0,0,0,Lectura invalida de DHT
2026-05-12,02:20:53,maceta2,51.0,54.0,66.3,64.0,65.2,22.3,21.6,,,0,0,0,Lectura invalida de DHT
2026-05-12,02:21:20,maceta1,34.0,34.0,77.6,77.3,77.4,0.2,1.2,,,0,0,0,Lectura invalida de DHT
2026-05-12,02:21:20,maceta2,51.0,54.0,66.1,63.8,65.0,15.8,10.5,15.3,45.5,0,0,0,
2026-05-12,02:21:47,maceta1,34.0,34.0,77.4,77.3,77.3,9.5,21.6,,,0,0,0,Lectura invalida de DHT
2026-05-12,02:21:47,maceta2,51.0,55.0,66.0,63.6,64.8,12.3,17.6,15.3,45.5,0,0,0,
2026-05-12,02:22:13,maceta1,34.0,34.0,77.3,77.2,77.2,20.3,1.9,,,0,0,0,Lectura invalida de DHT
2026-05-12,02:22:13,maceta2,51.0,55.0,65.9,63.5,64.7,8.1,9.3,15.3,45.5,0,0,0,
2026-05-12,02:22:40,maceta1,34.0,35.0,77.1,77.0,77.0,14.5,14.0,,,0,0,0,Lectura invalida de DHT
2026-05-12,02:22:40,maceta2,51.0,55.0,65.7,63.4,64.5,30.0,30.0,15.3,45.5,0,0,0,
2026-05-12,02:23:07,maceta1,35.0,35.0,76.9,76.8,76.8,29.3,24.8,,,0,0,0,Lectura invalida de DHT
2026-05-12,02:23:07,maceta2,52.0,55.0,65.7,63.3,64.5,2.2,22.5,15.3,45.5,0,0,0,
2026-05-12,02:23:34,maceta1,35.0,35.0,76.7,76.5,76.6,26.2,13.5,,,0,0,0,Lectura invalida de DHT
2026-05-12,02:23:34,maceta2,52.0,55.0,65.4,63.1,64.3,1.3,18.4,15.2,45.5,0,0,0,
2026-05-12,02:24:00,maceta1,35.0,35.0,76.6,76.4,76.5,10.8,4.5,,,0,0,0,Lectura invalida de DHT
2026-05-12,02:24:00,maceta2,52.0,56.0,65.3,62.9,64.1,6.5,12.7,15.2,45.5,0,0,0,
2026-05-12,02:24:27,maceta1,35.0,36.0,76.5,76.3,76.4,1.4,29.6,,,0,0,0,Lectura invalida de DHT
2026-05-12,02:24:27,maceta2,52.0,56.0,65.1,62.7,63.9,29.1,18.5,15.3,45.5,0,0,0,
2026-05-12,02:24:54,maceta1,36.0,36.0,76.2,76.1,76.2,25.4,26.7,,,0,0,0,Lectura invalida de DHT
2026-05-12,02:24:54,maceta2,53.0,56.0,64.9,62.6,63.8,29.4,10.2,15.3,45.5,0,0,0,
2026-05-12,02:25:21,maceta1,36.0,36.0,76.1,75.9,76.0,27.3,23.1,,,0,0,0,Lectura invalida de DHT
2026-05-12,02:25:21,maceta2,53.0,56.0,64.8,62.5,63.6,19.6,0.9,15.3,45.5,0,0,0,
2026-05-12,02:25:47,maceta1,36.0,36.0,76.0,75.8,75.9,24.6,12.3,,,0,0,0,Lectura invalida de DHT
2026-05-12,02:25:47,maceta2,53.0,56.0,64.7,62.4,63.5,26.4,11.9,15.2,45.5,0,0,0,
2026-05-12,02:26:14,maceta1,36.0,37.0,75.8,75.6,75.7,3.8,5.5,,,0,0,0,Lectura invalida de DHT
2026-05-12,02:26:14,maceta2,53.0,57.0,64.5,62.3,63.4,6.4,27.9,,,0,0,0,Lectura invalida de DHT
2026-05-12,02:26:41,maceta1,37.0,37.0,75.6,75.4,75.5,29.9,28.2,,,0,0,0,Lectura invalida de DHT
2026-05-12,02:26:41,maceta2,54.0,57.0,64.3,62.2,63.3,29.2,18.8,,,0,0,0,Lectura invalida de DHT
2026-05-12,02:27:08,maceta1,37.0,37.0,75.5,75.4,75.4,7.8,16.0,,,0,0,0,Lectura invalida de DHT
2026-05-12,02:27:08,maceta2,54.0,57.0,64.2,62.0,63.1,4.3,2.5,15.2,45.5,0,0,0,
2026-05-12,02:27:34,maceta1,37.0,37.0,75.3,75.2,75.2,21.7,25.6,,,0,0,0,Lectura invalida de DHT
2026-05-12,02:27:34,maceta2,54.0,57.0,64.0,61.9,63.0,3.0,26.5,15.2,45.5,0,0,0,
2026-05-12,02:28:01,maceta1,37.0,37.0,75.2,75.1,75.1,27.2,10.3,,,0,0,0,Lectura invalida de DHT
2026-05-12,02:28:01,maceta2,54.0,57.0,63.9,61.7,62.8,3.4,8.1,,,0,0,0,Lectura invalida de DHT
2026-05-12,02:28:28,maceta1,38.0,38.0,75.0,74.9,74.9,7.1,10.1,,,0,0,0,Lectura invalida de DHT
2026-05-12,02:28:28,maceta2,55.0,58.0,63.6,61.5,62.6,17.2,7.3,15.2,45.5,0,0,0,
2026-05-12,02:28:55,maceta1,38.0,38.0,74.8,74.8,74.8,27.2,29.6,,,0,0,0,Lectura invalida de DHT
2026-05-12,02:28:55,maceta2,55.0,58.0,63.4,61.4,62.4,23.4,8.9,15.2,45.5,0,0,0,
2026-05-12,02:29:21,maceta1,38.0,38.0,74.7,74.7,74.7,9.3,15.7,,,0,0,0,Lectura invalida de DHT
2026-05-12,02:29:21,maceta2,55.0,58.0,63.2,61.2,62.2,11.0,17.3,,,0,0,0,Lectura invalida de DHT
2026-05-12,02:29:48,maceta1,38.0,38.0,74.5,74.6,74.6,29.3,4.2,,,0,0,0,Lectura invalida de DHT
2026-05-12,02:29:48,maceta2,55.0,58.0,63.0,61.0,62.0,29.3,16.3,,,0,0,0,Lectura invalida de DHT
2026-05-12,02:30:15,maceta1,39.0,38.0,74.3,74.4,74.4,8.4,6.6,,,0,0,0,Lectura invalida de DHT
2026-05-12,02:30:15,maceta2,56.0,59.0,62.9,60.9,61.9,13.0,14.7,15.2,45.5,0,0,0,
2026-05-12,02:30:42,maceta1,39.0,39.0,74.2,74.2,74.2,28.6,14.5,,,0,0,0,Lectura invalida de DHT
2026-05-12,02:30:42,maceta2,56.0,59.0,62.7,60.7,61.7,4.5,21.5,15.2,45.5,0,0,0,
2026-05-12,02:31:09,maceta1,39.0,39.0,74.0,74.0,74.0,1.6,1.3,,,0,0,0,Lectura invalida de DHT
2026-05-12,02:31:09,maceta2,56.0,59.0,62.5,60.5,61.5,14.0,9.5,15.2,45.5,0,0,0,
2026-05-12,02:31:36,maceta1,39.0,39.0,73.8,73.9,73.9,21.3,13.9,,,0,0,0,Lectura invalida de DHT
2026-05-12,02:31:36,maceta2,57.0,59.0,62.3,60.3,61.3,20.4,23.5,15.2,45.5,0,0,0,
2026-05-12,02:32:02,maceta1,39.0,39.0,73.7,73.7,73.7,16.0,12.6,,,0,0,0,Lectura invalida de DHT
2026-05-12,02:32:02,maceta2,57.0,60.0,62.2,60.2,61.2,25.0,5.3,,,0,0,0,Lectura invalida de DHT
2026-05-12,02:32:29,maceta1,40.0,39.0,73.5,73.7,73.6,14.3,23.4,,,0,0,0,Lectura invalida de DHT
2026-05-12,02:32:29,maceta2,57.0,60.0,61.9,60.0,61.0,13.8,23.5,15.2,45.5,0,0,0,
2026-05-12,02:32:56,maceta1,40.0,40.0,73.4,73.5,73.4,6.7,10.6,,,0,0,0,Lectura invalida de DHT
2026-05-12,02:32:56,maceta2,57.0,60.0,61.7,59.8,60.8,17.8,19.9,15.2,45.5,0,0,0,
2026-05-12,02:33:23,maceta1,40.0,40.0,73.3,73.2,73.2,21.2,29.5,,,0,0,0,Lectura invalida de DHT
2026-05-12,02:33:23,maceta2,58.0,60.0,61.5,59.7,60.6,8.0,20.5,15.2,45.5,0,0,0,
2026-05-12,02:33:49,maceta1,40.0,40.0,73.2,73.0,73.1,5.7,5.4,,,0,0,0,Lectura invalida de DHT
2026-05-12,02:33:49,maceta2,58.0,61.0,61.4,59.5,60.5,19.4,14.4,15.2,45.5,0,0,0,
2026-05-12,02:34:16,maceta1,40.0,41.0,73.0,72.9,73.0,16.6,17.7,,,0,0,0,Lectura invalida de DHT
2026-05-12,02:34:16,maceta2,58.0,61.0,61.3,59.3,60.3,29.6,20.0,15.2,45.5,0,0,0,
2026-05-12,02:34:43,maceta1,41.0,41.0,72.8,72.7,72.8,7.6,2.7,,,0,0,0,Lectura invalida de DHT
2026-05-12,02:34:43,maceta2,58.0,61.0,61.1,59.2,60.1,1.5,2.4,,,0,0,0,Lectura invalida de DHT
2026-05-12,02:35:10,maceta1,41.0,41.0,72.6,72.6,72.6,28.7,22.0,,,0,0,0,Lectura invalida de DHT
2026-05-12,02:35:10,maceta2,59.0,61.0,60.9,59.1,60.0,26.6,25.5,15.2,45.5,0,0,0,
2026-05-12,02:35:36,maceta1,41.0,41.0,72.4,72.4,72.4,0.9,29.8,,,0,0,0,Lectura invalida de DHT
2026-05-12,02:35:36,maceta2,59.0,62.0,60.8,58.9,59.8,16.9,1.7,15.2,45.5,0,0,0,
2026-05-12,02:36:03,maceta1,42.0,42.0,72.3,72.2,72.2,6.0,24.6,,,0,0,0,Lectura invalida de DHT
2026-05-12,02:36:03,maceta2,59.0,62.0,60.5,58.8,59.7,7.6,4.5,,,0,0,0,Lectura invalida de DHT
2026-05-12,02:36:30,maceta1,42.0,42.0,72.2,72.1,72.1,7.3,16.7,,,0,0,0,Lectura invalida de DHT
2026-05-12,02:36:30,maceta2,59.0,62.0,60.4,58.7,59.6,28.6,17.3,15.2,45.5,0,0,0,
2026-05-12,02:36:57,maceta1,42.0,42.0,72.0,72.0,72.0,12.4,14.5,,,0,0,0,Lectura invalida de DHT
2026-05-12,02:36:57,maceta2,59.0,62.0,60.3,58.5,59.4,14.5,22.2,,,0,0,0,Lectura invalida de DHT
2026-05-12,02:37:23,maceta1,42.0,42.0,71.8,71.8,71.8,7.0,25.1,,,0,0,0,Lectura invalida de DHT
2026-05-12,02:37:23,maceta2,60.0,63.0,60.3,58.3,59.3,10.0,2.3,15.2,45.5,0,0,0,
2026-05-12,02:37:50,maceta1,42.0,43.0,71.7,71.6,71.6,14.7,28.1,,,0,0,0,Lectura invalida de DHT
2026-05-12,02:37:50,maceta2,60.0,63.0,60.2,58.1,59.2,5.4,27.6,15.2,45.5,0,0,0,
2026-05-12,02:38:17,maceta1,43.0,43.0,71.5,71.4,71.5,26.2,29.7,,,0,0,0,Lectura invalida de DHT
2026-05-12,02:38:17,maceta2,60.0,63.0,60.1,57.9,59.0,7.3,29.2,15.2,45.5,0,0,0,
2026-05-12,02:38:44,maceta1,43.0,43.0,71.5,71.3,71.4,21.4,11.9,,,0,0,0,Lectura invalida de DHT
2026-05-12,02:38:44,maceta2,60.0,63.0,59.9,57.7,58.8,25.0,18.2,15.2,45.5,0,0,0,
2026-05-12,02:39:10,maceta1,43.0,43.0,71.4,71.1,71.3,17.4,29.7,,,0,0,0,Lectura invalida de DHT
2026-05-12,02:39:10,maceta2,60.0,64.0,59.7,57.5,58.6,18.4,14.4,15.2,45.5,0,0,0,
2026-05-12,02:39:37,maceta1,43.0,43.0,71.3,71.0,71.1,2.7,4.7,,,0,0,0,Lectura invalida de DHT
2026-05-12,02:39:37,maceta2,61.0,64.0,59.5,57.4,58.5,27.4,22.2,15.2,45.5,0,0,0,
2026-05-12,02:40:04,maceta1,43.0,44.0,71.1,70.9,71.0,20.8,7.6,,,0,0,0,Lectura invalida de DHT
2026-05-12,02:40:04,maceta2,61.0,64.0,59.3,57.3,58.3,7.0,9.9,15.2,45.5,0,0,0,
2026-05-12,02:40:31,maceta1,44.0,44.0,70.9,70.9,70.9,5.0,2.7,,,0,0,0,Lectura invalida de DHT
2026-05-12,02:40:31,maceta2,61.0,64.0,59.1,57.1,58.1,3.6,14.8,15.2,45.5,0,0,0,
2026-05-12,02:40:57,maceta1,44.0,44.0,70.7,70.7,70.7,23.6,8.2,,,0,0,0,Lectura invalida de DHT
2026-05-12,02:40:57,maceta2,62.0,64.0,58.9,57.0,58.0,0.2,27.5,15.2,45.5,0,0,0,
2026-05-12,02:41:25,maceta1,44.0,44.0,70.5,70.6,70.5,7.5,23.0,,,0,0,0,Lectura invalida de DHT
2026-05-12,02:41:25,maceta2,62.0,65.0,58.8,56.9,57.8,15.2,28.7,15.2,45.5,0,0,0,
2026-05-12,02:41:51,maceta1,45.0,44.0,70.2,70.5,70.4,12.5,25.6,,,0,0,0,Lectura invalida de DHT
2026-05-12,02:41:51,maceta2,62.0,65.0,58.7,56.8,57.8,29.9,27.8,15.2,45.5,0,0,0,
2026-05-12,02:42:18,maceta1,45.0,45.0,70.1,70.3,70.2,10.5,23.4,,,0,0,0,Lectura invalida de DHT
2026-05-12,02:42:18,maceta2,62.0,65.0,58.6,56.6,57.6,20.8,7.9,15.2,45.5,0,0,0,
2026-05-12,02:42:45,maceta1,45.0,45.0,69.8,70.1,70.0,25.8,18.9,,,0,0,0,Lectura invalida de DHT
2026-05-12,02:42:45,maceta2,62.0,65.0,58.4,56.4,57.4,9.3,7.0,15.2,45.5,0,0,0,
2026-05-12,02:43:11,maceta1,46.0,45.0,69.6,69.9,69.7,3.8,15.4,,,0,0,0,Lectura invalida de DHT
2026-05-12,02:43:11,maceta2,63.0,66.0,58.3,56.2,57.2,26.3,8.9,,,0,0,0,Lectura invalida de DHT
2026-05-12,02:43:38,maceta1,46.0,45.0,69.5,69.8,69.6,17.0,21.3,,,0,0,0,Lectura invalida de DHT
2026-05-12,02:43:38,maceta2,63.0,66.0,58.0,56.0,57.0,23.5,13.2,15.2,45.5,0,0,0,
2026-05-12,02:44:05,maceta1,46.0,46.0,69.4,69.7,69.5,4.3,11.7,,,0,0,0,Lectura invalida de DHT
2026-05-12,02:44:05,maceta2,63.0,66.0,58.0,55.9,56.9,0.5,9.4,15.2,45.5,0,0,0,
2026-05-12,02:44:32,maceta1,46.0,46.0,69.2,69.5,69.3,21.1,25.2,,,0,0,0,Lectura invalida de DHT
2026-05-12,02:44:32,maceta2,63.0,66.0,57.7,55.8,56.7,24.5,11.2,,,0,0,0,Lectura invalida de DHT
2026-05-12,02:44:58,maceta1,46.0,46.0,69.1,69.3,69.2,27.2,20.3,,,0,0,0,Lectura invalida de DHT
2026-05-12,02:44:58,maceta2,64.0,66.0,57.6,55.7,56.6,9.0,18.6,15.2,45.5,0,0,0,
2026-05-12,02:45:25,maceta1,46.0,46.0,69.0,69.0,69.0,13.0,20.9,,,0,0,0,Lectura invalida de DHT
2026-05-12,02:45:25,maceta2,64.0,67.0,57.5,55.5,56.5,4.5,22.9,15.2,45.5,0,0,0,
2026-05-12,02:45:52,maceta1,47.0,47.0,68.8,68.8,68.8,14.6,16.1,,,0,0,0,Lectura invalida de DHT
2026-05-12,02:45:52,maceta2,64.0,67.0,57.4,55.4,56.4,6.8,22.1,,,0,0,0,Lectura invalida de DHT
2026-05-12,02:46:19,maceta1,47.0,47.0,68.6,68.7,68.6,27.8,26.6,,,0,0,0,Lectura invalida de DHT
2026-05-12,02:46:19,maceta2,64.0,67.0,57.2,55.1,56.2,14.1,24.4,15.2,45.5,0,0,0,
2026-05-12,02:46:46,maceta1,47.0,47.0,68.4,68.6,68.5,15.6,7.6,,,0,0,0,Lectura invalida de DHT
2026-05-12,02:46:46,maceta2,64.0,68.0,57.2,54.9,56.0,12.7,1.0,15.2,45.5,0,0,0,
2026-05-12,02:47:12,maceta1,48.0,47.0,68.3,68.4,68.4,14.6,11.4,,,0,0,0,Lectura invalida de DHT
2026-05-12,02:47:12,maceta2,64.0,68.0,57.1,54.7,55.9,8.7,1.4,15.2,45.5,0,0,0,
2026-05-12,02:47:39,maceta1,48.0,48.0,68.2,68.2,68.2,17.3,23.3,,,0,0,0,Lectura invalida de DHT
2026-05-12,02:47:39,maceta2,65.0,68.0,56.8,54.6,55.7,5.2,23.7,15.2,45.5,0,0,0,
2026-05-12,02:48:06,maceta1,48.0,48.0,68.0,68.0,68.0,20.7,14.8,,,0,0,0,Lectura invalida de DHT
2026-05-12,02:48:06,maceta2,65.0,68.0,56.7,54.5,55.6,22.9,16.0,15.1,45.5,0,0,0,
2026-05-12,02:48:33,maceta1,48.0,48.0,67.9,67.9,67.9,3.2,26.7,,,0,0,0,Lectura invalida de DHT
2026-05-12,02:48:33,maceta2,65.0,68.0,56.5,54.4,55.5,29.7,17.3,15.2,45.5,0,0,0,
2026-05-12,02:49:00,maceta1,49.0,48.0,67.6,67.7,67.7,24.6,10.4,,,0,0,0,Lectura invalida de DHT
2026-05-12,02:49:00,maceta2,65.0,69.0,56.4,54.3,55.4,23.3,1.6,15.2,45.5,0,0,0,
2026-05-12,02:49:26,maceta1,49.0,49.0,67.5,67.6,67.6,13.1,11.1,,,0,0,0,Lectura invalida de DHT
2026-05-12,02:49:26,maceta2,66.0,69.0,56.3,54.2,55.3,8.9,7.7,15.2,45.5,0,0,0,
2026-05-12,02:49:53,maceta1,49.0,49.0,67.4,67.3,67.4,2.2,26.7,,,0,0,0,Lectura invalida de DHT
2026-05-12,02:49:53,maceta2,66.0,69.0,56.1,54.0,55.1,7.3,19.2,,,0,0,0,Lectura invalida de DHT
2026-05-12,02:50:20,maceta1,49.0,49.0,67.3,67.3,67.3,23.6,13.9,,,0,0,0,Lectura invalida de DHT
2026-05-12,02:50:20,maceta2,66.0,69.0,55.9,53.9,54.9,6.5,25.8,15.2,45.5,0,0,0,
2026-05-12,02:50:47,maceta1,49.0,49.0,67.1,67.0,67.1,11.3,15.5,,,0,0,0,Lectura invalida de DHT
2026-05-12,02:50:47,maceta2,66.0,70.0,55.8,53.7,54.7,4.1,27.5,15.2,45.5,0,0,0,
2026-05-12,02:51:14,maceta1,50.0,50.0,66.9,66.9,66.9,3.0,10.0,,,0,0,0,Lectura invalida de DHT
2026-05-12,02:51:14,maceta2,67.0,70.0,55.6,53.5,54.6,16.5,15.0,15.2,45.5,0,0,0,
2026-05-12,02:51:40,maceta1,50.0,50.0,66.7,66.7,66.7,19.0,8.3,,,0,0,0,Lectura invalida de DHT
2026-05-12,02:51:40,maceta2,67.0,70.0,55.4,53.3,54.4,18.2,16.4,15.2,45.6,0,0,0,
2026-05-12,02:52:07,maceta1,50.0,50.0,66.6,66.6,66.6,26.4,19.7,,,0,0,0,Lectura invalida de DHT
2026-05-12,02:52:07,maceta2,67.0,70.0,55.3,53.2,54.3,21.2,25.0,15.2,45.5,0,0,0,
2026-05-12,02:52:34,maceta1,50.0,50.0,66.6,66.4,66.5,26.6,3.6,,,0,0,0,Lectura invalida de DHT
2026-05-12,02:52:34,maceta2,67.0,70.0,55.2,53.0,54.1,20.4,16.1,15.2,45.5,0,0,0,
2026-05-12,02:53:00,maceta1,51.0,51.0,66.3,66.3,66.3,28.7,26.4,,,0,0,0,Lectura invalida de DHT
2026-05-12,02:53:00,maceta2,67.0,71.0,55.1,52.9,54.0,8.8,15.5,15.2,45.5,0,0,0,
2026-05-12,02:53:27,maceta1,51.0,51.0,66.1,66.2,66.2,26.0,23.4,,,0,0,0,Lectura invalida de DHT
2026-05-12,02:53:27,maceta2,68.0,71.0,55.0,52.7,53.8,9.9,27.2,15.2,45.5,0,0,0,
2026-05-12,02:53:54,maceta1,51.0,51.0,66.0,66.0,66.0,0.1,5.7,,,0,0,0,Lectura invalida de DHT
2026-05-12,02:53:54,maceta2,68.0,71.0,54.9,52.5,53.7,20.4,23.7,15.2,45.5,0,0,0,
2026-05-12,02:54:21,maceta1,51.0,51.0,65.8,65.9,65.8,11.4,20.8,,,0,0,0,Lectura invalida de DHT
2026-05-12,02:54:21,maceta2,68.0,71.0,54.7,52.4,53.5,10.5,27.3,15.2,45.5,0,0,0,
2026-05-12,02:54:48,maceta1,52.0,51.0,65.5,65.8,65.7,24.6,18.1,,,0,0,0,Lectura invalida de DHT
2026-05-12,02:54:48,maceta2,68.0,72.0,54.6,52.2,53.4,6.4,6.5,15.2,45.5,0,0,0,
2026-05-12,02:55:14,maceta1,52.0,51.0,65.3,65.8,65.5,11.0,5.5,,,0,0,0,Lectura invalida de DHT
2026-05-12,02:55:14,maceta2,68.0,72.0,54.5,51.9,53.2,11.2,15.7,15.1,45.5,0,0,0,
2026-05-12,02:55:41,maceta1,52.0,52.0,65.1,65.6,65.4,18.0,8.2,,,0,0,0,Lectura invalida de DHT
2026-05-12,02:55:41,maceta2,69.0,72.0,54.3,51.8,53.0,8.2,25.3,15.2,45.5,0,0,0,
2026-05-12,02:56:08,maceta1,53.0,52.0,64.9,65.4,65.1,18.2,12.3,,,0,0,0,Lectura invalida de DHT
2026-05-12,02:56:08,maceta2,69.0,73.0,54.1,51.6,52.8,2.6,3.3,,,0,0,0,Lectura invalida de DHT
2026-05-12,02:56:34,maceta1,53.0,52.0,64.8,65.2,65.0,11.0,21.0,,,0,0,0,Lectura invalida de DHT
2026-05-12,02:56:34,maceta2,69.0,73.0,53.9,51.3,52.6,24.9,23.8,15.1,45.5,0,0,0,
2026-05-12,02:57:01,maceta1,53.0,52.0,64.7,65.1,64.9,27.1,19.2,,,0,0,0,Lectura invalida de DHT
2026-05-12,02:57:01,maceta2,69.0,73.0,53.8,51.3,52.5,25.6,5.5,15.1,45.5,0,0,0,
2026-05-12,02:57:28,maceta1,53.0,52.0,64.5,65.0,64.7,15.1,16.0,,,0,0,0,Lectura invalida de DHT
2026-05-12,02:57:28,maceta2,69.0,73.0,53.7,51.1,52.4,6.6,24.2,15.1,45.5,0,0,0,
2026-05-12,02:57:55,maceta1,53.0,53.0,64.4,64.9,64.6,13.9,23.1,,,0,0,0,Lectura invalida de DHT
2026-05-12,02:57:55,maceta2,70.0,74.0,53.6,50.9,52.2,1.9,18.4,15.1,45.5,0,0,0,
2026-05-12,02:58:22,maceta1,54.0,53.0,64.2,64.8,64.5,29.9,22.7,,,0,0,0,Lectura invalida de DHT
2026-05-12,02:58:22,maceta2,70.0,74.0,53.5,50.6,52.0,22.2,5.8,15.1,45.5,0,0,0,
2026-05-12,02:58:48,maceta1,54.0,53.0,64.0,64.6,64.3,14.8,18.5,,,0,0,0,Lectura invalida de DHT
2026-05-12,02:58:48,maceta2,70.0,74.0,53.4,50.5,51.9,6.3,14.2,15.1,45.5,0,0,0,
2026-05-12,02:59:15,maceta1,54.0,53.0,63.8,64.4,64.1,5.4,23.6,,,0,0,0,Lectura invalida de DHT
2026-05-12,02:59:15,maceta2,70.0,74.0,53.3,50.4,51.9,11.8,20.5,15.1,45.5,0,0,0,
2026-05-12,02:59:42,maceta1,55.0,54.0,63.6,64.2,63.9,15.4,10.0,,,0,0,0,Lectura invalida de DHT
2026-05-12,02:59:42,maceta2,70.0,75.0,53.2,50.2,51.7,1.9,19.0,15.1,45.5,0,0,0,
2026-05-12,03:00:09,maceta1,55.0,54.0,63.4,64.1,63.8,24.4,26.4,,,0,0,0,Lectura invalida de DHT
2026-05-12,03:00:09,maceta2,70.0,75.0,53.0,50.0,51.5,6.8,12.8,,,0,0,1,Lectura invalida de DHT
2026-05-12,03:00:35,maceta1,55.0,54.0,63.2,63.9,63.6,23.3,18.4,,,0,0,0,Lectura invalida de DHT
2026-05-12,03:00:35,maceta2,26.0,29.0,82.6,80.8,81.7,23.8,27.0,15.1,45.5,0,0,0,
2026-05-12,03:01:02,maceta1,55.0,54.0,63.0,63.8,63.4,23.7,24.7,,,0,0,0,Lectura invalida de DHT
2026-05-12,03:01:02,maceta2,26.0,29.0,82.3,80.6,81.5,24.1,15.6,15.1,45.5,0,0,0,
2026-05-12,03:01:29,maceta1,56.0,55.0,62.9,63.6,63.3,21.2,16.4,,,0,0,0,Lectura invalida de DHT
2026-05-12,03:01:29,maceta2,27.0,29.0,82.2,80.5,81.3,6.2,15.2,15.1,45.5,0,0,0,
2026-05-12,03:01:56,maceta1,56.0,55.0,62.7,63.5,63.1,7.6,6.6,,,0,0,0,Lectura invalida de DHT
2026-05-12,03:01:56,maceta2,27.0,30.0,82.1,80.3,81.2,10.1,1.9,15.1,45.5,0,0,0,
2026-05-12,03:02:22,maceta1,56.0,55.0,62.5,63.4,62.9,25.9,16.3,,,0,0,0,Lectura invalida de DHT
2026-05-12,03:02:22,maceta2,27.0,30.0,81.9,80.1,81.0,4.0,27.7,15.1,45.5,0,0,0,
2026-05-12,03:02:49,maceta1,57.0,55.0,62.3,63.2,62.7,26.8,11.1,,,0,0,0,Lectura invalida de DHT
2026-05-12,03:02:49,maceta2,27.0,30.0,81.8,79.9,80.9,2.2,5.3,15.1,45.5,0,0,0,
2026-05-12,03:03:16,maceta1,57.0,55.0,62.2,63.1,62.6,5.8,20.9,,,0,0,0,Lectura invalida de DHT
2026-05-12,03:03:16,maceta2,28.0,30.0,81.7,79.7,80.7,29.8,15.9,15.1,45.5,0,0,0,
2026-05-12,03:03:43,maceta1,57.0,56.0,62.0,62.8,62.4,3.9,14.3,,,0,0,0,Lectura invalida de DHT
2026-05-12,03:03:43,maceta2,28.0,31.0,81.4,79.6,80.5,19.7,24.1,15.1,45.5,0,0,0,
2026-05-12,03:04:09,maceta1,57.0,56.0,61.8,62.8,62.3,29.3,25.1,,,0,0,0,Lectura invalida de DHT
2026-05-12,03:04:09,maceta2,28.0,31.0,81.2,79.3,80.3,16.3,6.5,15.1,45.5,0,0,0,
2026-05-12,03:04:36,maceta1,57.0,56.0,61.8,62.7,62.2,26.0,20.3,,,0,0,0,Lectura invalida de DHT
2026-05-12,03:04:36,maceta2,28.0,31.0,81.1,79.1,80.1,23.0,15.8,15.1,45.5,0,0,0,
2026-05-12,03:05:03,maceta1,58.0,56.0,61.6,62.5,62.0,26.8,20.5,,,0,0,0,Lectura invalida de DHT
2026-05-12,03:05:03,maceta2,28.0,31.0,81.0,79.0,80.0,25.2,7.2,,,0,0,0,Lectura invalida de DHT
2026-05-12,03:05:29,maceta1,58.0,57.0,61.4,62.3,61.9,26.6,6.5,,,0,0,0,Lectura invalida de DHT
2026-05-12,03:05:29,maceta2,29.0,32.0,80.9,78.9,79.9,24.2,22.8,15.1,45.5,0,0,0,
2026-05-12,03:05:56,maceta1,58.0,57.0,61.4,62.2,61.8,16.3,29.5,,,0,0,0,Lectura invalida de DHT
2026-05-12,03:05:56,maceta2,29.0,32.0,80.7,78.7,79.7,0.5,16.9,15.1,45.5,0,0,0,
2026-05-12,03:06:23,maceta1,58.0,57.0,61.3,62.1,61.7,19.4,25.3,,,0,0,0,Lectura invalida de DHT
2026-05-12,03:06:23,maceta2,29.0,32.0,80.6,78.6,79.6,5.6,25.7,15.1,45.5,0,0,0,
2026-05-12,03:06:50,maceta1,58.0,57.0,61.2,62.0,61.6,16.4,23.7,,,0,0,0,Lectura invalida de DHT
2026-05-12,03:06:50,maceta2,29.0,32.0,80.5,78.4,79.5,19.6,26.8,15.0,45.5,0,0,0,
2026-05-12,03:07:16,maceta1,59.0,57.0,61.0,61.8,61.4,1.5,9.9,,,0,0,0,Lectura invalida de DHT
2026-05-12,03:07:16,maceta2,30.0,32.0,80.3,78.4,79.3,11.3,19.5,,,0,0,0,Lectura invalida de DHT
2026-05-12,03:07:43,maceta1,59.0,58.0,60.8,61.6,61.2,22.4,16.1,,,0,0,0,Lectura invalida de DHT
2026-05-12,03:07:43,maceta2,30.0,33.0,80.1,78.1,79.1,29.5,21.8,,,0,0,0,Lectura invalida de DHT
2026-05-12,03:08:10,maceta1,59.0,58.0,60.6,61.5,61.0,15.2,4.1,,,0,0,0,Lectura invalida de DHT
2026-05-12,03:08:10,maceta2,30.0,33.0,79.9,77.9,78.9,20.0,16.5,15.0,45.5,0,0,0,
2026-05-12,03:08:37,maceta1,60.0,58.0,60.3,61.4,60.9,19.4,16.2,,,0,0,0,Lectura invalida de DHT
2026-05-12,03:08:37,maceta2,30.0,33.0,79.7,77.8,78.7,28.7,11.5,15.1,45.5,0,0,0,
2026-05-12,03:09:04,maceta1,60.0,58.0,60.2,61.3,60.8,15.1,4.4,,,0,0,0,Lectura invalida de DHT
2026-05-12,03:09:04,maceta2,31.0,34.0,79.5,77.6,78.6,6.0,19.4,15.0,45.5,0,0,0,
2026-05-12,03:09:30,maceta1,60.0,58.0,60.0,61.0,60.5,14.8,16.6,,,0,0,0,Lectura invalida de DHT
2026-05-12,03:09:30,maceta2,31.0,34.0,79.4,77.4,78.4,25.9,27.2,15.1,45.5,0,0,0,
2026-05-12,03:09:57,maceta1,60.0,59.0,59.8,60.9,60.3,5.2,19.5,,,0,0,0,Lectura invalida de DHT
2026-05-12,03:09:57,maceta2,31.0,34.0,79.2,77.3,78.3,9.6,12.5,15.0,45.5,0,0,0,
2026-05-12,03:10:24,maceta1,61.0,59.0,59.6,60.6,60.1,8.4,11.7,,,0,0,0,Lectura invalida de DHT
2026-05-12,03:10:24,maceta2,32.0,34.0,79.0,77.1,78.1,29.7,9.4,,,0,0,0,Lectura invalida de DHT
2026-05-12,03:10:51,maceta1,61.0,59.0,59.4,60.4,59.9,4.8,15.0,,,0,0,0,Lectura invalida de DHT
2026-05-12,03:10:51,maceta2,32.0,35.0,78.8,77.0,77.9,4.7,11.7,,,0,0,0,Lectura invalida de DHT
2026-05-12,03:11:17,maceta1,61.0,60.0,59.3,60.3,59.8,5.9,26.3,,,0,0,0,Lectura invalida de DHT
2026-05-12,03:11:17,maceta2,32.0,35.0,78.7,76.7,77.7,15.5,13.1,,,0,0,0,Lectura invalida de DHT
2026-05-12,03:11:44,maceta1,61.0,60.0,59.1,60.2,59.6,29.2,3.3,,,0,0,0,Lectura invalida de DHT
2026-05-12,03:11:44,maceta2,32.0,35.0,78.6,76.5,77.5,23.8,2.2,15.0,45.5,0,0,0,
2026-05-12,03:12:11,maceta1,62.0,60.0,58.9,60.0,59.4,4.6,23.8,,,0,0,0,Lectura invalida de DHT
2026-05-12,03:12:11,maceta2,32.0,36.0,78.4,76.3,77.4,13.0,15.0,,,0,0,0,Lectura invalida de DHT
2026-05-12,03:12:37,maceta1,62.0,60.0,58.6,59.9,59.3,8.1,5.1,,,0,0,0,Lectura invalida de DHT
2026-05-12,03:12:37,maceta2,33.0,36.0,78.2,76.2,77.2,14.0,14.8,15.0,45.5,0,0,0,
2026-05-12,03:13:04,maceta1,62.0,60.0,58.4,59.8,59.1,17.7,1.1,,,0,0,0,Lectura invalida de DHT
2026-05-12,03:13:04,maceta2,33.0,36.0,78.0,76.2,77.1,29.6,17.7,15.0,45.6,0,0,0,
2026-05-12,03:13:31,maceta1,63.0,61.0,58.2,59.6,58.9,18.3,5.6,,,0,0,0,Lectura invalida de DHT
2026-05-12,03:13:31,maceta2,33.0,36.0,77.8,76.0,76.9,12.8,10.9,,,0,0,0,Lectura invalida de DHT
2026-05-12,03:13:58,maceta1,63.0,61.0,58.0,59.4,58.7,4.6,23.0,,,0,0,0,Lectura invalida de DHT
2026-05-12,03:13:58,maceta2,34.0,36.0,77.5,75.8,76.6,18.1,18.4,15.0,45.5,0,0,0,
2026-05-12,03:14:24,maceta1,63.0,61.0,57.9,59.2,58.6,23.8,12.2,,,0,0,0,Lectura invalida de DHT
2026-05-12,03:14:24,maceta2,34.0,36.0,77.5,75.7,76.6,1.6,26.3,15.0,45.5,0,0,0,
2026-05-12,03:14:51,maceta1,63.0,61.0,57.8,59.1,58.4,23.6,26.2,,,0,0,0,Lectura invalida de DHT
2026-05-12,03:14:51,maceta2,34.0,37.0,77.3,75.5,76.4,25.3,28.7,15.0,45.5,0,0,0,
2026-05-12,03:15:18,maceta1,63.0,62.0,57.7,58.8,58.3,7.1,15.7,,,0,0,0,Lectura invalida de DHT
2026-05-12,03:15:18,maceta2,34.0,37.0,77.2,75.5,76.3,19.4,17.5,15.0,45.5,0,0,0,
2026-05-12,03:15:45,maceta1,64.0,62.0,57.6,58.7,58.2,8.7,0.7,,,0,0,0,Lectura invalida de DHT
2026-05-12,03:15:45,maceta2,34.0,37.0,77.0,75.4,76.2,12.1,1.3,,,0,0,0,Lectura invalida de DHT
2026-05-12,03:16:11,maceta1,64.0,62.0,57.4,58.5,58.0,28.1,21.5,,,0,0,0,Lectura invalida de DHT
2026-05-12,03:16:11,maceta2,35.0,37.0,76.8,75.2,76.0,0.5,29.1,15.0,45.5,0,0,0,
2026-05-12,03:16:38,maceta1,64.0,63.0,57.3,58.3,57.8,24.8,3.3,,,0,0,0,Lectura invalida de DHT
2026-05-12,03:16:38,maceta2,35.0,37.0,76.6,75.1,75.9,17.8,21.2,,,0,0,0,Lectura invalida de DHT
2026-05-12,03:17:05,maceta1,64.0,63.0,57.1,58.3,57.7,20.9,23.7,,,0,0,0,Lectura invalida de DHT
2026-05-12,03:17:05,maceta2,35.0,38.0,76.5,75.0,75.8,0.4,10.1,15.0,45.5,0,0,0,
2026-05-12,03:17:32,maceta1,65.0,63.0,56.9,58.1,57.5,2.5,5.0,,,0,0,0,Lectura invalida de DHT
2026-05-12,03:17:32,maceta2,36.0,38.0,76.3,74.9,75.6,0.0,4.4,,,0,0,0,Lectura invalida de DHT
2026-05-12,03:17:58,maceta1,65.0,63.0,56.7,58.0,57.3,12.5,10.4,,,0,0,0,Lectura invalida de DHT
2026-05-12,03:17:58,maceta2,36.0,38.0,76.2,74.8,75.5,18.5,4.3,15.0,45.5,0,0,0,
2026-05-12,03:18:25,maceta1,65.0,63.0,56.5,57.9,57.2,16.8,22.8,,,0,0,0,Lectura invalida de DHT
2026-05-12,03:18:25,maceta2,36.0,38.0,76.0,74.6,75.3,5.7,5.0,15.0,45.5,0,0,0,
2026-05-12,03:18:52,maceta1,66.0,63.0,56.3,57.8,57.1,5.6,28.6,,,0,0,0,Lectura invalida de DHT
2026-05-12,03:18:52,maceta2,36.0,38.0,75.9,74.5,75.2,5.8,1.4,15.0,45.5,0,0,0,
2026-05-12,03:19:19,maceta1,66.0,63.0,56.1,57.8,57.0,13.4,11.1,,,0,0,0,Lectura invalida de DHT
2026-05-12,03:19:19,maceta2,36.0,39.0,75.7,74.3,75.0,19.6,27.1,15.0,45.6,0,0,0,
2026-05-12,03:19:45,maceta1,66.0,64.0,55.9,57.6,56.8,18.0,24.9,,,0,0,0,Lectura invalida de DHT
2026-05-12,03:19:45,maceta2,37.0,39.0,75.6,74.1,74.8,1.6,16.2,15.0,45.5,0,0,0,
2026-05-12,03:20:12,maceta1,66.0,64.0,55.8,57.5,56.6,9.8,5.7,,,0,0,0,Lectura invalida de DHT
2026-05-12,03:20:12,maceta2,37.0,39.0,75.4,73.9,74.6,9.4,21.0,15.0,45.5,0,0,0,
2026-05-12,03:20:39,maceta1,67.0,64.0,55.6,57.4,56.5,23.4,24.2,,,0,0,0,Lectura invalida de DHT
2026-05-12,03:20:39,maceta2,37.0,39.0,75.1,73.7,74.4,4.5,24.8,15.0,45.6,0,0,0,
2026-05-12,03:21:06,maceta1,67.0,64.0,55.4,57.3,56.3,25.2,19.7,,,0,0,0,Lectura invalida de DHT
2026-05-12,03:21:06,maceta2,37.0,40.0,75.0,73.6,74.3,17.4,23.7,,,0,0,0,Lectura invalida de DHT
2026-05-12,03:21:32,maceta1,67.0,64.0,55.3,57.1,56.2,9.7,5.8,,,0,0,0,Lectura invalida de DHT
2026-05-12,03:21:32,maceta2,38.0,40.0,74.8,73.5,74.2,19.9,26.5,,,0,0,0,Lectura invalida de DHT
2026-05-12,03:21:59,maceta1,67.0,64.0,55.0,57.1,56.1,25.2,9.1,,,0,0,0,Lectura invalida de DHT
2026-05-12,03:21:59,maceta2,38.0,40.0,74.6,73.5,74.0,21.6,29.0,15.0,45.6,0,0,0,
2026-05-12,03:22:26,maceta1,68.0,65.0,55.0,57.0,56.0,3.1,4.0,,,0,0,0,Lectura invalida de DHT
2026-05-12,03:22:26,maceta2,39.0,40.0,74.3,73.3,73.8,7.7,13.2,15.0,45.6,0,0,0,
2026-05-12,03:22:53,maceta1,68.0,65.0,54.8,56.9,55.8,25.1,11.5,,,0,0,0,Lectura invalida de DHT
2026-05-12,03:22:53,maceta2,39.0,40.0,74.1,73.2,73.6,2.7,28.5,15.0,45.6,0,0,0,
2026-05-12,03:23:19,maceta1,68.0,65.0,54.6,56.8,55.7,4.6,6.1,,,0,0,0,Lectura invalida de DHT
2026-05-12,03:23:19,maceta2,39.0,40.0,73.9,73.1,73.5,2.4,21.7,,,0,0,0,Lectura invalida de DHT
2026-05-12,03:23:46,maceta1,68.0,65.0,54.5,56.7,55.6,2.5,19.3,,,0,0,0,Lectura invalida de DHT
2026-05-12,03:23:46,maceta2,39.0,40.0,73.8,73.0,73.4,12.8,2.1,,,0,0,0,Lectura invalida de DHT
2026-05-12,03:24:13,maceta1,69.0,65.0,54.3,56.5,55.4,19.3,29.8,,,0,0,0,Lectura invalida de DHT
2026-05-12,03:24:13,maceta2,40.0,41.0,73.5,72.9,73.2,28.4,20.5,15.0,45.6,0,0,0,
2026-05-12,03:24:40,maceta1,69.0,66.0,54.3,56.3,55.3,14.2,0.4,,,0,0,0,Lectura invalida de DHT
2026-05-12,03:24:40,maceta2,40.0,41.0,73.4,72.7,73.0,6.5,20.6,15.0,45.5,0,0,0,
2026-05-12,03:25:07,maceta1,69.0,66.0,54.1,56.1,55.1,27.2,16.2,,,0,0,0,Lectura invalida de DHT
2026-05-12,03:25:07,maceta2,40.0,41.0,73.1,72.5,72.8,7.7,27.2,,,0,0,0,Lectura invalida de DHT
2026-05-12,03:25:33,maceta1,69.0,66.0,54.0,56.0,55.0,10.9,17.2,,,0,0,0,Lectura invalida de DHT
2026-05-12,03:25:33,maceta2,41.0,42.0,73.0,72.3,72.6,3.0,11.2,15.0,45.6,0,0,0,
2026-05-12,03:26:00,maceta1,69.0,66.0,53.8,55.8,54.8,8.6,27.4,,,0,0,0,Lectura invalida de DHT
2026-05-12,03:26:00,maceta2,41.0,42.0,72.8,72.2,72.5,18.2,17.5,,,0,0,0,Lectura invalida de DHT
2026-05-12,03:26:27,maceta1,70.0,67.0,53.6,55.6,54.6,15.0,15.2,,,0,0,0,Lectura invalida de DHT
2026-05-12,03:26:27,maceta2,41.0,42.0,72.7,72.2,72.4,20.4,0.4,15.0,45.6,0,0,0,
2026-05-12,03:26:53,maceta1,70.0,67.0,53.5,55.4,54.5,13.7,16.3,,,0,0,0,Lectura invalida de DHT
2026-05-12,03:26:53,maceta2,41.0,42.0,72.6,72.0,72.3,19.3,10.0,15.0,45.6,0,0,0,
2026-05-12,03:27:20,maceta1,70.0,67.0,53.4,55.2,54.3,10.3,14.1,,,0,0,0,Lectura invalida de DHT
2026-05-12,03:27:20,maceta2,41.0,42.0,72.4,71.8,72.1,25.8,1.9,,,0,0,0,Lectura invalida de DHT
2026-05-12,03:27:47,maceta1,70.0,67.0,53.3,55.1,54.2,20.8,8.1,,,0,0,0,Lectura invalida de DHT
2026-05-12,03:27:47,maceta2,42.0,43.0,72.3,71.6,71.9,14.6,15.7,15.0,45.6,0,0,0,
2026-05-12,03:28:14,maceta1,70.0,67.0,53.2,55.0,54.1,22.8,1.7,,,0,0,0,Lectura invalida de DHT
2026-05-12,03:28:14,maceta2,42.0,43.0,72.1,71.5,71.8,4.0,24.5,,,0,0,0,Lectura invalida de DHT
2026-05-12,03:28:40,maceta1,70.0,68.0,53.1,55.0,54.0,25.6,12.3,,,0,0,0,Lectura invalida de DHT
2026-05-12,03:28:40,maceta2,42.0,43.0,72.0,71.2,71.6,8.7,6.2,,,0,0,0,Lectura invalida de DHT
2026-05-12,03:29:07,maceta1,71.0,68.0,52.9,54.9,53.9,29.2,1.6,,,0,0,0,Lectura invalida de DHT
2026-05-12,03:29:07,maceta2,42.0,43.0,71.9,71.1,71.5,19.9,15.8,15.0,45.6,0,0,0,
2026-05-12,03:29:34,maceta1,71.0,68.0,52.7,54.7,53.7,8.0,16.5,,,0,0,0,Lectura invalida de DHT
2026-05-12,03:29:34,maceta2,42.0,44.0,71.8,71.0,71.4,18.4,6.1,15.0,45.6,0,0,0,
2026-05-12,03:30:01,maceta1,71.0,68.0,52.4,54.4,53.4,21.5,9.2,,,0,0,0,Lectura invalida de DHT
2026-05-12,03:30:01,maceta2,43.0,44.0,71.6,70.7,71.2,15.9,3.6,,,0,0,0,Lectura invalida de DHT
2026-05-12,03:30:27,maceta1,72.0,69.0,52.2,54.2,53.2,11.8,16.0,,,0,0,0,Lectura invalida de DHT
2026-05-12,03:30:27,maceta2,43.0,44.0,71.4,70.6,71.0,20.5,15.3,15.0,45.6,0,0,0,
2026-05-12,03:30:54,maceta1,72.0,69.0,52.1,54.0,53.1,20.3,4.0,,,0,0,0,Lectura invalida de DHT
2026-05-12,03:30:54,maceta2,43.0,44.0,71.2,70.5,70.9,19.1,2.4,15.0,45.6,0,0,0,
2026-05-12,03:31:21,maceta1,72.0,69.0,51.8,54.0,52.9,14.3,28.0,,,0,0,0,Lectura invalida de DHT
2026-05-12,03:31:21,maceta2,43.0,44.0,71.0,70.3,70.7,26.4,17.6,15.0,45.7,0,0,0,
2026-05-12,03:31:48,maceta1,72.0,69.0,51.7,53.9,52.8,29.8,26.8,,,0,0,0,Lectura invalida de DHT
2026-05-12,03:31:48,maceta2,44.0,45.0,70.8,70.1,70.5,17.6,0.9,15.0,45.6,0,0,0,
2026-05-12,03:32:14,maceta1,73.0,69.0,51.5,53.7,52.6,21.9,5.7,,,0,0,0,Lectura invalida de DHT
2026-05-12,03:32:14,maceta2,44.0,45.0,70.6,70.0,70.3,23.4,3.2,15.0,45.6,0,0,0,
2026-05-12,03:32:41,maceta1,73.0,70.0,51.4,53.6,52.5,28.6,10.3,,,0,0,0,Lectura invalida de DHT
2026-05-12,03:32:41,maceta2,44.0,45.0,70.4,69.8,70.1,7.5,16.5,15.0,45.6,0,0,0,
2026-05-12,03:33:08,maceta1,73.0,70.0,51.1,53.4,52.3,25.0,18.4,,,0,0,0,Lectura invalida de DHT
2026-05-12,03:33:08,maceta2,45.0,45.0,70.2,69.7,69.9,20.3,17.7,15.0,45.6,0,0,0,
2026-05-12,03:33:35,maceta1,74.0,70.0,50.9,53.3,52.1,27.1,2.9,,,0,0,0,Lectura invalida de DHT
2026-05-12,03:33:35,maceta2,45.0,46.0,70.1,69.6,69.9,27.1,0.9,15.0,45.6,0,0,0,
2026-05-12,03:34:01,maceta1,74.0,70.0,50.8,53.2,52.0,24.4,10.6,,,0,0,0,Lectura invalida de DHT
2026-05-12,03:34:01,maceta2,45.0,46.0,70.0,69.4,69.7,11.6,17.2,15.0,45.6,0,0,0,
2026-05-12,03:34:28,maceta1,74.0,70.0,50.6,53.0,51.8,13.8,7.5,,,0,0,0,Lectura invalida de DHT
2026-05-12,03:34:28,maceta2,45.0,46.0,69.8,69.3,69.5,23.4,25.2,15.0,45.6,0,0,0,
2026-05-12,03:34:55,maceta1,74.0,71.0,50.5,52.9,51.7,7.6,27.5,,,0,0,0,Lectura invalida de DHT
2026-05-12,03:34:55,maceta2,46.0,46.0,69.5,69.2,69.4,21.7,21.7,15.0,45.6,0,0,0,
2026-05-12,03:35:22,maceta1,75.0,71.0,50.3,52.8,51.5,11.1,25.6,,,0,0,0,Lectura invalida de DHT
2026-05-12,03:35:22,maceta2,46.0,46.0,69.4,69.1,69.3,1.8,3.9,,,0,0,0,Lectura invalida de DHT
2026-05-12,03:35:48,maceta1,75.0,71.0,50.2,52.6,51.4,0.6,17.4,,,0,0,0,Lectura invalida de DHT
2026-05-12,03:35:48,maceta2,46.0,47.0,69.2,68.9,69.1,17.4,17.8,15.0,45.6,0,0,0,
2026-05-12,03:36:15,maceta1,75.0,71.0,50.1,52.5,51.3,15.7,15.6,,,0,0,0,Lectura invalida de DHT
2026-05-12,03:36:15,maceta2,46.0,47.0,69.1,68.7,68.9,3.9,20.2,,,0,0,0,Lectura invalida de DHT
2026-05-12,03:36:42,maceta1,75.0,71.0,50.1,52.4,51.2,15.2,27.9,,,0,0,0,Lectura invalida de DHT
2026-05-12,03:36:42,maceta2,47.0,47.0,69.0,68.6,68.8,29.0,1.1,15.0,45.7,0,0,0,
2026-05-12,03:37:09,maceta1,75.0,71.0,50.0,52.4,51.2,15.8,28.0,,,0,0,1,Lectura invalida de DHT
2026-05-12,03:37:09,maceta2,47.0,47.0,68.9,68.5,68.7,24.3,25.7,15.0,45.6,0,0,0,
2026-05-12,03:37:35,maceta1,27.0,26.0,81.9,82.5,82.2,29.2,29.1,,,0,0,0,Lectura invalida de DHT
2026-05-12,03:37:35,maceta2,47.0,48.0,68.6,68.3,68.5,3.3,27.2,15.0,45.7,0,0,0,
2026-05-12,03:38:02,maceta1,27.0,27.0,81.7,82.3,82.0,27.3,3.8,,,0,0,0,Lectura invalida de DHT
2026-05-12,03:38:02,maceta2,47.0,48.0,68.5,68.2,68.4,3.7,25.5,15.0,45.6,0,0,0,
2026-05-12,03:38:29,maceta1,28.0,27.0,81.6,82.0,81.8,4.9,4.8,,,0,0,0,Lectura invalida de DHT
2026-05-12,03:38:29,maceta2,47.0,48.0,68.5,68.1,68.3,17.8,24.7,,,0,0,0,Lectura invalida de DHT
2026-05-12,03:38:56,maceta1,28.0,27.0,81.5,82.0,81.7,11.1,20.3,,,0,0,0,Lectura invalida de DHT
2026-05-12,03:38:56,maceta2,48.0,48.0,68.3,68.0,68.2,10.3,22.3,15.0,45.6,0,0,0,
2026-05-12,03:39:22,maceta1,28.0,27.0,81.2,81.7,81.5,12.7,16.2,,,0,0,0,Lectura invalida de DHT
2026-05-12,03:39:22,maceta2,48.0,48.0,68.1,67.9,68.0,1.0,19.0,15.0,45.6,0,0,0,
2026-05-12,03:39:49,maceta1,28.0,28.0,81.1,81.5,81.3,10.8,0.6,,,0,0,0,Lectura invalida de DHT
2026-05-12,03:39:49,maceta2,48.0,49.0,68.0,67.6,67.8,16.2,20.4,,,0,0,0,Lectura invalida de DHT
2026-05-12,03:40:16,maceta1,29.0,28.0,80.9,81.5,81.2,24.0,1.9,,,0,0,0,Lectura invalida de DHT
2026-05-12,03:40:16,maceta2,48.0,49.0,67.9,67.5,67.7,11.6,24.2,14.9,45.7,0,0,0,
2026-05-12,03:40:43,maceta1,29.0,28.0,80.8,81.3,81.1,15.7,26.6,,,0,0,0,Lectura invalida de DHT
2026-05-12,03:40:43,maceta2,48.0,49.0,67.8,67.4,67.6,3.0,19.9,15.0,45.7,0,0,0,
2026-05-12,03:41:09,maceta1,29.0,28.0,80.6,81.3,80.9,17.2,26.1,,,0,0,0,Lectura invalida de DHT
2026-05-12,03:41:09,maceta2,48.0,49.0,67.7,67.3,67.5,24.1,9.8,14.9,45.7,0,0,0,
2026-05-12,03:41:36,maceta1,29.0,28.0,80.4,81.2,80.8,25.6,10.7,,,0,0,0,Lectura invalida de DHT
2026-05-12,03:41:36,maceta2,49.0,49.0,67.5,67.1,67.3,27.5,11.3,,,0,0,0,Lectura invalida de DHT
2026-05-12,03:42:03,maceta1,30.0,28.0,80.2,81.0,80.6,24.2,26.7,,,0,0,0,Lectura invalida de DHT
2026-05-12,03:42:03,maceta2,49.0,50.0,67.3,66.9,67.1,22.7,26.9,14.9,45.7,0,0,0,
2026-05-12,03:42:30,maceta1,30.0,29.0,80.0,81.0,80.5,4.0,17.8,,,0,0,0,Lectura invalida de DHT
2026-05-12,03:42:30,maceta2,49.0,50.0,67.1,66.8,67.0,24.7,0.5,,,0,0,0,Lectura invalida de DHT
2026-05-12,03:42:56,maceta1,30.0,29.0,79.9,80.8,80.3,21.4,24.2,,,0,0,0,Lectura invalida de DHT
2026-05-12,03:42:56,maceta2,49.0,50.0,67.1,66.7,66.9,6.5,21.0,,,0,0,0,Lectura invalida de DHT
2026-05-12,03:43:23,maceta1,30.0,29.0,79.8,80.7,80.3,13.1,12.8,,,0,0,0,Lectura invalida de DHT
2026-05-12,03:43:23,maceta2,50.0,50.0,66.9,66.7,66.8,7.9,28.6,,,0,0,0,Lectura invalida de DHT
2026-05-12,03:43:50,maceta1,31.0,29.0,79.6,80.6,80.1,8.8,3.4,,,0,0,0,Lectura invalida de DHT
2026-05-12,03:43:50,maceta2,50.0,50.0,66.8,66.6,66.7,6.3,21.2,14.9,45.7,0,0,0,
2026-05-12,03:44:17,maceta1,31.0,29.0,79.6,80.4,80.0,1.5,13.0,,,0,0,0,Lectura invalida de DHT
2026-05-12,03:44:17,maceta2,50.0,50.0,66.7,66.4,66.6,23.0,29.8,14.9,45.7,0,0,0,
2026-05-12,03:44:43,maceta1,31.0,29.0,79.3,80.4,79.8,14.6,13.7,,,0,0,0,Lectura invalida de DHT
2026-05-12,03:44:43,maceta2,50.0,50.0,66.7,66.3,66.5,28.4,20.6,,,0,0,0,Lectura invalida de DHT
2026-05-12,03:45:10,maceta1,31.0,30.0,79.1,80.3,79.7,10.7,16.5,,,0,0,0,Lectura invalida de DHT
2026-05-12,03:45:10,maceta2,50.0,51.0,66.6,66.3,66.4,21.5,1.0,14.9,45.7,0,0,0,
2026-05-12,03:45:37,maceta1,31.0,30.0,79.1,80.2,79.7,7.5,3.2,,,0,0,0,Lectura invalida de DHT
2026-05-12,03:45:37,maceta2,50.0,51.0,66.4,66.2,66.3,26.4,24.8,14.9,45.7,0,0,0,
2026-05-12,03:46:04,maceta1,32.0,30.0,79.0,80.0,79.5,20.8,29.7,,,0,0,0,Lectura invalida de DHT
2026-05-12,03:46:04,maceta2,51.0,51.0,66.2,66.1,66.2,19.2,8.5,14.9,45.7,0,0,0,
2026-05-12,03:46:30,maceta1,32.0,30.0,78.9,79.8,79.3,23.1,7.3,,,0,0,0,Lectura invalida de DHT
2026-05-12,03:46:30,maceta2,51.0,51.0,66.1,66.0,66.1,11.6,13.4,14.9,45.7,0,0,0,
2026-05-12,03:46:57,maceta1,32.0,30.0,78.7,79.7,79.2,7.3,6.0,,,0,0,0,Lectura invalida de DHT
2026-05-12,03:46:57,maceta2,51.0,51.0,66.0,65.9,66.0,12.8,9.4,14.9,45.7,0,0,0,
2026-05-12,03:47:24,maceta1,32.0,31.0,78.6,79.5,79.0,1.5,15.8,,,0,0,0,Lectura invalida de DHT
2026-05-12,03:47:24,maceta2,51.0,51.0,65.8,65.7,65.7,2.3,8.1,,,0,0,0,Lectura invalida de DHT
2026-05-12,03:47:50,maceta1,32.0,31.0,78.4,79.3,78.8,25.5,16.1,,,0,0,0,Lectura invalida de DHT
2026-05-12,03:47:50,maceta2,51.0,52.0,65.7,65.5,65.6,0.9,12.9,14.9,45.7,0,0,0,
2026-05-12,03:48:17,maceta1,33.0,31.0,78.2,79.1,78.7,0.3,13.2,,,0,0,0,Lectura invalida de DHT
2026-05-12,03:48:17,maceta2,52.0,52.0,65.6,65.5,65.5,20.9,11.4,,,0,0,0,Lectura invalida de DHT
2026-05-12,03:48:44,maceta1,33.0,32.0,78.1,78.9,78.5,28.1,23.2,,,0,0,0,Lectura invalida de DHT
2026-05-12,03:48:44,maceta2,52.0,52.0,65.4,65.4,65.4,13.2,19.0,14.9,45.7,0,0,0,
2026-05-12,03:49:11,maceta1,33.0,32.0,77.9,78.8,78.4,18.8,15.5,,,0,0,0,Lectura invalida de DHT
2026-05-12,03:49:11,maceta2,52.0,52.0,65.3,65.2,65.3,16.6,24.4,14.9,45.7,0,0,0,
2026-05-12,03:49:38,maceta1,33.0,32.0,77.8,78.7,78.2,9.7,18.3,,,0,0,0,Lectura invalida de DHT
2026-05-12,03:49:38,maceta2,52.0,53.0,65.1,65.0,65.0,16.7,8.9,14.9,45.6,0,0,0,
2026-05-12,03:50:04,maceta1,34.0,32.0,77.6,78.6,78.1,7.4,21.7,,,0,0,0,Lectura invalida de DHT
2026-05-12,03:50:04,maceta2,53.0,53.0,64.9,64.7,64.8,8.3,6.4,14.9,45.7,0,0,0,
2026-05-12,03:50:31,maceta1,34.0,32.0,77.3,78.4,77.9,0.3,0.8,,,0,0,0,Lectura invalida de DHT
2026-05-12,03:50:31,maceta2,53.0,53.0,64.8,64.7,64.8,14.3,20.0,14.9,45.7,0,0,0,
2026-05-12,03:50:58,maceta1,34.0,32.0,77.2,78.3,77.8,7.1,17.1,,,0,0,0,Lectura invalida de DHT
2026-05-12,03:50:58,maceta2,53.0,53.0,64.6,64.4,64.5,14.1,20.1,,,0,0,0,Lectura invalida de DHT
2026-05-12,03:51:25,maceta1,34.0,33.0,77.0,78.3,77.7,4.1,26.5,,,0,0,0,Lectura invalida de DHT
2026-05-12,03:51:25,maceta2,53.0,54.0,64.5,64.2,64.3,11.7,27.0,14.9,45.7,0,0,0,
2026-05-12,03:51:51,maceta1,35.0,33.0,77.0,78.1,77.5,18.4,0.5,,,0,0,0,Lectura invalida de DHT
2026-05-12,03:51:51,maceta2,53.0,54.0,64.4,64.1,64.2,24.6,0.5,,,0,0,0,Lectura invalida de DHT
2026-05-12,03:52:18,maceta1,35.0,33.0,76.8,77.9,77.4,5.0,12.2,,,0,0,0,Lectura invalida de DHT
2026-05-12,03:52:18,maceta2,54.0,54.0,64.3,63.9,64.1,13.5,25.6,14.9,45.7,0,0,0,
2026-05-12,03:52:45,maceta1,35.0,33.0,76.7,77.7,77.2,15.9,27.8,,,0,0,0,Lectura invalida de DHT
2026-05-12,03:52:45,maceta2,54.0,54.0,64.1,63.8,64.0,18.1,15.6,14.9,45.6,0,0,0,
2026-05-12,03:53:12,maceta1,35.0,34.0,76.4,77.6,77.0,17.7,10.6,,,0,0,0,Lectura invalida de DHT
2026-05-12,03:53:12,maceta2,54.0,54.0,63.9,63.7,63.8,26.9,18.6,14.9,45.7,0,0,0,
2026-05-12,03:53:38,maceta1,36.0,34.0,76.2,77.4,76.8,8.9,13.8,,,0,0,0,Lectura invalida de DHT
2026-05-12,03:53:38,maceta2,54.0,55.0,63.7,63.5,63.6,26.0,2.7,14.9,45.7,0,0,0,
2026-05-12,03:54:05,maceta1,36.0,34.0,76.0,77.2,76.6,1.1,29.4,,,0,0,0,Lectura invalida de DHT
2026-05-12,03:54:05,maceta2,54.0,55.0,63.7,63.3,63.5,26.7,13.0,14.9,45.7,0,0,0,
2026-05-12,03:54:32,maceta1,36.0,34.0,75.9,77.0,76.5,1.1,6.0,,,0,0,0,Lectura invalida de DHT
2026-05-12,03:54:32,maceta2,55.0,55.0,63.6,63.1,63.4,8.1,6.8,,,0,0,0,Lectura invalida de DHT
2026-05-12,03:54:59,maceta1,36.0,35.0,75.8,76.9,76.3,0.8,2.0,,,0,0,0,Lectura invalida de DHT
2026-05-12,03:54:59,maceta2,55.0,56.0,63.4,62.9,63.2,1.0,7.6,,,0,0,0,Lectura invalida de DHT
2026-05-12,03:55:25,maceta1,37.0,35.0,75.5,76.8,76.2,22.2,25.8,,,0,0,0,Lectura invalida de DHT
2026-05-12,03:55:25,maceta2,55.0,56.0,63.2,62.7,63.0,7.8,15.1,14.9,45.7,0,0,0,
2026-05-12,03:55:52,maceta1,37.0,35.0,75.5,76.7,76.1,9.5,26.1,,,0,0,0,Lectura invalida de DHT
2026-05-12,03:55:52,maceta2,55.0,56.0,63.0,62.6,62.8,8.4,24.4,14.9,45.7,0,0,0,
2026-05-12,03:56:19,maceta1,37.0,35.0,75.3,76.7,76.0,23.9,14.2,,,0,0,0,Lectura invalida de DHT
2026-05-12,03:56:19,maceta2,56.0,56.0,62.8,62.5,62.7,27.3,22.3,,,0,0,0,Lectura invalida de DHT
2026-05-12,03:56:45,maceta1,37.0,35.0,75.1,76.5,75.8,13.0,15.4,,,0,0,0,Lectura invalida de DHT
2026-05-12,03:56:45,maceta2,56.0,56.0,62.7,62.4,62.6,19.5,17.7,,,0,0,0,Lectura invalida de DHT
2026-05-12,03:57:12,maceta1,38.0,35.0,75.0,76.4,75.7,13.6,25.1,,,0,0,0,Lectura invalida de DHT
2026-05-12,03:57:12,maceta2,56.0,57.0,62.6,62.3,62.5,2.5,16.2,14.9,45.7,0,0,0,
2026-05-12,03:57:39,maceta1,38.0,36.0,74.7,76.3,75.5,15.4,22.2,,,0,0,0,Lectura invalida de DHT
2026-05-12,03:57:39,maceta2,56.0,57.0,62.5,62.2,62.4,4.1,12.8,,,0,0,0,Lectura invalida de DHT
2026-05-12,03:58:06,maceta1,38.0,36.0,74.5,76.1,75.3,21.4,8.0,,,0,0,0,Lectura invalida de DHT
2026-05-12,03:58:06,maceta2,56.0,57.0,62.3,62.0,62.2,4.7,29.2,14.9,45.7,0,0,0,
2026-05-12,03:58:32,maceta1,38.0,36.0,74.4,76.0,75.2,8.2,0.5,,,0,0,0,Lectura invalida de DHT
2026-05-12,03:58:32,maceta2,57.0,57.0,62.2,61.9,62.0,18.9,16.8,,,0,0,0,Lectura invalida de DHT
2026-05-12,03:58:59,maceta1,39.0,36.0,74.2,75.8,75.0,3.6,14.4,,,0,0,0,Lectura invalida de DHT
2026-05-12,03:58:59,maceta2,57.0,57.0,62.0,61.8,61.9,22.1,7.6,14.9,45.7,0,0,0,
2026-05-12,03:59:26,maceta1,39.0,37.0,74.1,75.6,74.9,16.7,25.8,,,0,0,0,Lectura invalida de DHT
2026-05-12,03:59:26,maceta2,57.0,57.0,61.8,61.7,61.8,25.8,6.9,14.9,45.7,0,0,0,
2026-05-12,03:59:53,maceta1,39.0,37.0,74.0,75.5,74.8,9.8,26.9,,,0,0,0,Lectura invalida de DHT
2026-05-12,03:59:53,maceta2,58.0,58.0,61.6,61.6,61.6,28.2,18.3,14.9,45.7,0,0,0,
2026-05-12,04:00:20,maceta1,39.0,37.0,73.9,75.3,74.6,13.3,28.7,,,0,0,0,Lectura invalida de DHT
2026-05-12,04:00:20,maceta2,58.0,58.0,61.4,61.4,61.4,6.1,15.7,14.9,45.7,0,0,0,
2026-05-12,04:00:46,maceta1,39.0,37.0,73.8,75.2,74.5,19.4,26.4,,,0,0,0,Lectura invalida de DHT
2026-05-12,04:00:46,maceta2,58.0,58.0,61.2,61.3,61.3,9.3,0.2,14.9,45.7,0,0,0,
2026-05-12,04:01:13,maceta1,39.0,37.0,73.7,75.1,74.4,14.8,17.4,,,0,0,0,Lectura invalida de DHT
2026-05-12,04:01:13,maceta2,58.0,58.0,61.1,61.1,61.1,7.2,24.9,,,0,0,0,Lectura invalida de DHT
2026-05-12,04:01:40,maceta1,40.0,37.0,73.6,75.1,74.3,18.6,13.3,,,0,0,0,Lectura invalida de DHT
2026-05-12,04:01:40,maceta2,59.0,59.0,61.0,60.8,60.9,10.8,21.1,14.9,45.7,0,0,0,
2026-05-12,04:02:07,maceta1,40.0,38.0,73.5,74.8,74.1,16.3,23.2,,,0,0,0,Lectura invalida de DHT
2026-05-12,04:02:07,maceta2,59.0,59.0,60.9,60.6,60.7,27.4,19.9,14.9,45.7,0,0,0,
2026-05-12,04:02:33,maceta1,40.0,38.0,73.4,74.7,74.0,22.2,22.2,,,0,0,0,Lectura invalida de DHT
2026-05-12,04:02:33,maceta2,59.0,59.0,60.6,60.4,60.5,17.3,2.1,,,0,0,0,Lectura invalida de DHT
2026-05-12,04:03:00,maceta1,40.0,38.0,73.2,74.5,73.9,21.2,16.1,,,0,0,0,Lectura invalida de DHT
2026-05-12,04:03:00,maceta2,59.0,60.0,60.6,60.3,60.4,22.1,10.9,14.9,45.7,0,0,0,
2026-05-12,04:03:27,maceta1,41.0,38.0,73.0,74.5,73.7,16.0,2.6,,,0,0,0,Lectura invalida de DHT
2026-05-12,04:03:27,maceta2,59.0,60.0,60.3,60.1,60.2,14.7,28.1,,,0,0,0,Lectura invalida de DHT
2026-05-12,04:03:53,maceta1,41.0,39.0,72.8,74.3,73.5,20.4,27.8,,,0,0,0,Lectura invalida de DHT
2026-05-12,04:03:53,maceta2,60.0,60.0,60.3,59.9,60.1,0.9,25.9,14.9,45.8,0,0,0,
2026-05-12,04:04:20,maceta1,41.0,39.0,72.6,74.2,73.4,26.2,13.7,,,0,0,0,Lectura invalida de DHT
2026-05-12,04:04:20,maceta2,60.0,60.0,60.0,59.8,59.9,1.9,8.6,14.9,45.7,0,0,0,
2026-05-12,04:04:47,maceta1,41.0,39.0,72.5,74.0,73.3,13.0,10.9,,,0,0,0,Lectura invalida de DHT
2026-05-12,04:04:47,maceta2,60.0,61.0,59.8,59.5,59.7,16.1,4.7,,,0,0,0,Lectura invalida de DHT
2026-05-12,04:05:14,maceta1,42.0,39.0,72.3,73.9,73.1,12.4,18.9,,,0,0,0,Lectura invalida de DHT
2026-05-12,04:05:14,maceta2,61.0,61.0,59.6,59.5,59.5,21.6,13.5,14.9,45.8,0,0,0,
2026-05-12,04:05:41,maceta1,42.0,39.0,72.2,73.8,73.0,22.9,20.2,,,0,0,0,Lectura invalida de DHT
2026-05-12,04:05:41,maceta2,61.0,61.0,59.5,59.4,59.5,6.5,10.7,14.9,45.8,0,0,0,
2026-05-12,04:06:07,maceta1,42.0,40.0,72.0,73.6,72.8,17.5,6.3,,,0,0,0,Lectura invalida de DHT
2026-05-12,04:06:07,maceta2,61.0,61.0,59.3,59.3,59.3,21.7,20.5,,,0,0,0,Lectura invalida de DHT
2026-05-12,04:06:34,maceta1,42.0,40.0,71.9,73.5,72.7,2.1,25.1,,,0,0,0,Lectura invalida de DHT
2026-05-12,04:06:34,maceta2,61.0,61.0,59.2,59.1,59.2,24.3,29.0,14.9,45.7,0,0,0,
2026-05-12,04:07:01,maceta1,42.0,40.0,71.8,73.4,72.6,26.8,8.7,,,0,0,0,Lectura invalida de DHT
2026-05-12,04:07:01,maceta2,61.0,62.0,59.1,58.9,59.0,12.4,10.9,,,0,0,0,Lectura invalida de DHT
2026-05-12,04:07:28,maceta1,43.0,40.0,71.6,73.2,72.4,0.9,5.6,,,0,0,0,Lectura invalida de DHT
2026-05-12,04:07:28,maceta2,62.0,62.0,58.9,58.7,58.8,22.4,1.9,,,0,0,0,Lectura invalida de DHT
2026-05-12,04:07:54,maceta1,43.0,40.0,71.4,73.1,72.3,22.5,12.2,,,0,0,0,Lectura invalida de DHT
2026-05-12,04:07:54,maceta2,62.0,62.0,58.8,58.5,58.7,12.1,26.9,14.9,45.8,0,0,0,
2026-05-12,04:08:21,maceta1,43.0,41.0,71.3,72.8,72.0,22.8,21.9,,,0,0,0,Lectura invalida de DHT
2026-05-12,04:08:21,maceta2,62.0,62.0,58.7,58.3,58.5,20.4,1.1,14.9,45.7,0,0,0,
2026-05-12,04:08:48,maceta1,43.0,41.0,71.0,72.6,71.8,28.6,29.0,,,0,0,0,Lectura invalida de DHT
2026-05-12,04:08:48,maceta2,62.0,63.0,58.7,58.3,58.5,22.9,28.6,14.9,45.8,0,0,0,
2026-05-12,04:09:15,maceta1,44.0,41.0,70.9,72.4,71.7,1.6,24.3,,,0,0,0,Lectura invalida de DHT
2026-05-12,04:09:15,maceta2,62.0,63.0,58.6,58.1,58.4,29.8,19.9,14.8,45.7,0,0,0,
2026-05-12,04:09:41,maceta1,44.0,42.0,70.7,72.2,71.5,17.9,28.2,,,0,0,0,Lectura invalida de DHT
2026-05-12,04:09:41,maceta2,62.0,63.0,58.4,58.0,58.2,10.4,28.3,14.9,45.8,0,0,0,
2026-05-12,04:10:08,maceta1,44.0,42.0,70.6,72.0,71.3,12.8,4.2,,,0,0,0,Lectura invalida de DHT
2026-05-12,04:10:08,maceta2,62.0,63.0,58.3,57.8,58.1,12.3,6.0,14.9,45.8,0,0,0,
2026-05-12,04:10:35,maceta1,44.0,42.0,70.4,71.9,71.2,9.9,2.1,,,0,0,0,Lectura invalida de DHT
2026-05-12,04:10:35,maceta2,63.0,63.0,58.3,57.7,58.0,5.0,1.2,14.9,45.8,0,0,0,
2026-05-12,04:11:02,maceta1,44.0,42.0,70.4,71.7,71.1,2.7,16.7,,,0,0,0,Lectura invalida de DHT
2026-05-12,04:11:02,maceta2,63.0,64.0,58.1,57.5,57.8,6.1,14.6,14.9,45.8,0,0,0,
2026-05-12,04:11:29,maceta1,45.0,43.0,70.2,71.7,71.0,16.9,8.7,,,0,0,0,Lectura invalida de DHT
2026-05-12,04:11:29,maceta2,63.0,64.0,58.0,57.3,57.7,20.8,13.5,14.8,45.8,0,0,0,
2026-05-12,04:11:55,maceta1,45.0,43.0,70.0,71.5,70.7,14.4,24.8,,,0,0,0,Lectura invalida de DHT
2026-05-12,04:11:55,maceta2,63.0,64.0,57.9,57.1,57.5,27.5,9.9,14.9,45.8,0,0,0,
2026-05-12,04:12:22,maceta1,45.0,43.0,69.8,71.4,70.6,3.1,20.2,,,0,0,0,Lectura invalida de DHT
2026-05-12,04:12:22,maceta2,63.0,65.0,57.8,57.0,57.4,11.8,28.7,14.8,45.8,0,0,0,
2026-05-12,04:12:49,maceta1,46.0,43.0,69.7,71.3,70.5,18.4,29.1,,,0,0,0,Lectura invalida de DHT
2026-05-12,04:12:49,maceta2,63.0,65.0,57.7,56.8,57.3,5.4,24.7,14.9,45.8,0,0,0,
2026-05-12,04:13:15,maceta1,46.0,43.0,69.5,71.2,70.4,22.1,7.6,,,0,0,0,Lectura invalida de DHT
2026-05-12,04:13:15,maceta2,64.0,65.0,57.6,56.7,57.1,8.6,19.8,14.8,45.8,0,0,0,
2026-05-12,04:13:42,maceta1,46.0,43.0,69.3,71.1,70.2,23.0,14.6,,,0,0,0,Lectura invalida de DHT
2026-05-12,04:13:42,maceta2,64.0,65.0,57.4,56.5,56.9,13.7,4.9,,,0,0,0,Lectura invalida de DHT
2026-05-12,04:14:09,maceta1,46.0,44.0,69.3,70.9,70.1,27.2,15.0,,,0,0,0,Lectura invalida de DHT
2026-05-12,04:14:09,maceta2,64.0,66.0,57.3,56.3,56.8,8.7,22.0,14.8,45.7,0,0,0,
2026-05-12,04:14:36,maceta1,46.0,44.0,69.1,70.7,69.9,12.3,7.2,,,0,0,0,Lectura invalida de DHT
2026-05-12,04:14:36,maceta2,64.0,66.0,57.2,56.2,56.7,7.0,21.8,,,0,0,0,Lectura invalida de DHT
2026-05-12,04:15:02,maceta1,47.0,44.0,68.9,70.6,69.7,28.6,17.7,,,0,0,0,Lectura invalida de DHT
2026-05-12,04:15:02,maceta2,64.0,66.0,57.0,56.1,56.6,22.1,12.8,,,0,0,0,Lectura invalida de DHT
2026-05-12,04:15:29,maceta1,47.0,44.0,68.8,70.5,69.7,26.0,13.3,,,0,0,0,Lectura invalida de DHT
2026-05-12,04:15:29,maceta2,65.0,66.0,56.9,55.9,56.4,0.2,27.7,,,0,0,0,Lectura invalida de DHT
2026-05-12,04:15:56,maceta1,47.0,44.0,68.6,70.5,69.5,8.9,13.4,,,0,0,0,Lectura invalida de DHT
2026-05-12,04:15:56,maceta2,65.0,66.0,56.8,55.8,56.3,16.2,5.0,,,0,0,0,Lectura invalida de DHT
2026-05-12,04:16:23,maceta1,47.0,45.0,68.5,70.3,69.4,4.8,10.9,,,0,0,0,Lectura invalida de DHT
2026-05-12,04:16:23,maceta2,65.0,67.0,56.7,55.6,56.1,23.8,8.0,14.8,45.8,0,0,0,
2026-05-12,04:16:49,maceta1,47.0,45.0,68.4,70.2,69.3,13.1,0.5,,,0,0,0,Lectura invalida de DHT
2026-05-12,04:16:49,maceta2,65.0,67.0,56.5,55.5,56.0,8.0,1.9,,,0,0,0,Lectura invalida de DHT
2026-05-12,04:17:16,maceta1,48.0,45.0,68.3,70.1,69.2,12.1,15.7,,,0,0,0,Lectura invalida de DHT
2026-05-12,04:17:16,maceta2,65.0,67.0,56.4,55.4,55.9,18.1,23.9,14.9,45.8,0,0,0,
2026-05-12,04:17:43,maceta1,48.0,45.0,68.1,69.9,69.0,17.3,10.1,,,0,0,0,Lectura invalida de DHT
2026-05-12,04:17:43,maceta2,66.0,67.0,56.2,55.3,55.7,20.1,18.7,14.9,45.8,0,0,0,
2026-05-12,04:18:10,maceta1,48.0,45.0,68.1,69.8,68.9,17.5,0.0,,,0,0,0,Lectura invalida de DHT
2026-05-12,04:18:10,maceta2,66.0,67.0,55.9,55.2,55.6,19.7,9.4,14.8,45.8,0,0,0,
2026-05-12,04:18:37,maceta1,48.0,46.0,67.8,69.5,68.7,22.5,9.2,,,0,0,0,Lectura invalida de DHT
2026-05-12,04:18:37,maceta2,66.0,67.0,55.8,55.0,55.4,13.4,4.9,14.8,45.8,0,0,0,
2026-05-12,04:19:03,maceta1,48.0,46.0,67.7,69.4,68.5,15.3,8.4,,,0,0,0,Lectura invalida de DHT
2026-05-12,04:19:03,maceta2,67.0,68.0,55.6,54.9,55.2,10.4,1.2,,,0,0,0,Lectura invalida de DHT
2026-05-12,04:19:30,maceta1,49.0,46.0,67.6,69.2,68.4,3.1,11.8,,,0,0,0,Lectura invalida de DHT
2026-05-12,04:19:30,maceta2,67.0,68.0,55.4,54.8,55.1,25.1,5.0,,,0,0,0,Lectura invalida de DHT
2026-05-12,04:19:57,maceta1,49.0,46.0,67.4,69.0,68.2,25.7,4.0,,,0,0,0,Lectura invalida de DHT
2026-05-12,04:19:57,maceta2,67.0,68.0,55.2,54.5,54.9,22.8,13.6,14.8,45.8,0,0,0,
2026-05-12,04:20:24,maceta1,49.0,47.0,67.2,68.9,68.1,9.3,15.2,,,0,0,0,Lectura invalida de DHT
2026-05-12,04:20:24,maceta2,68.0,68.0,55.0,54.3,54.7,9.6,7.4,14.8,45.8,0,0,0,
2026-05-12,04:20:50,maceta1,49.0,47.0,67.1,68.8,67.9,29.1,20.8,,,0,0,0,Lectura invalida de DHT
2026-05-12,04:20:50,maceta2,68.0,69.0,54.9,54.1,54.5,3.1,7.8,14.8,45.8,0,0,0,
2026-05-12,04:21:17,maceta1,50.0,47.0,66.9,68.7,67.8,3.5,18.9,,,0,0,0,Lectura invalida de DHT
2026-05-12,04:21:17,maceta2,68.0,69.0,54.8,54.1,54.4,2.2,26.3,14.8,45.8,0,0,0,
2026-05-12,04:21:44,maceta1,50.0,47.0,66.7,68.5,67.6,28.7,24.1,,,0,0,0,Lectura invalida de DHT
2026-05-12,04:21:44,maceta2,68.0,69.0,54.6,54.0,54.3,2.8,15.5,14.8,45.8,0,0,0,
2026-05-12,04:22:11,maceta1,50.0,47.0,66.6,68.4,67.5,2.7,13.6,,,0,0,0,Lectura invalida de DHT
2026-05-12,04:22:11,maceta2,68.0,69.0,54.4,53.8,54.1,17.5,21.9,14.8,45.8,0,0,0,
2026-05-12,04:22:37,maceta1,50.0,48.0,66.5,68.2,67.4,6.9,15.6,,,0,0,0,Lectura invalida de DHT
2026-05-12,04:22:37,maceta2,69.0,70.0,54.3,53.6,53.9,1.5,1.1,14.8,45.8,0,0,0,
2026-05-12,04:23:04,maceta1,50.0,48.0,66.4,68.0,67.2,1.4,24.3,,,0,0,0,Lectura invalida de DHT
2026-05-12,04:23:04,maceta2,69.0,70.0,54.1,53.5,53.8,10.1,11.0,14.8,45.8,0,0,0,
2026-05-12,04:23:31,maceta1,51.0,48.0,66.3,67.8,67.0,21.2,12.8,,,0,0,0,Lectura invalida de DHT
2026-05-12,04:23:31,maceta2,69.0,70.0,54.0,53.3,53.6,22.6,14.4,,,0,0,0,Lectura invalida de DHT
2026-05-12,04:23:58,maceta1,51.0,49.0,66.1,67.7,66.9,25.5,21.0,,,0,0,0,Lectura invalida de DHT
2026-05-12,04:23:58,maceta2,69.0,70.0,53.9,53.2,53.5,8.8,5.6,,,0,0,0,Lectura invalida de DHT
2026-05-12,04:24:24,maceta1,51.0,49.0,66.0,67.6,66.8,13.0,13.0,,,0,0,0,Lectura invalida de DHT
2026-05-12,04:24:24,maceta2,69.0,70.0,53.7,53.1,53.4,22.9,3.6,14.8,45.8,0,0,0,
2026-05-12,04:24:51,maceta1,51.0,49.0,65.7,67.5,66.6,27.9,12.5,,,0,0,0,Lectura invalida de DHT
2026-05-12,04:24:51,maceta2,70.0,71.0,53.4,52.9,53.2,22.4,26.1,14.8,45.9,0,0,0,
2026-05-12,04:25:18,maceta1,52.0,49.0,65.6,67.4,66.5,17.7,22.8,,,0,0,0,Lectura invalida de DHT
2026-05-12,04:25:18,maceta2,70.0,71.0,53.2,52.8,53.0,7.4,28.2,14.8,45.8,0,0,0,
2026-05-12,04:25:45,maceta1,52.0,49.0,65.4,67.3,66.3,18.9,5.2,,,0,0,0,Lectura invalida de DHT
2026-05-12,04:25:45,maceta2,71.0,71.0,52.9,52.8,52.8,21.9,2.4,,,0,0,0,Lectura invalida de DHT
2026-05-12,04:26:11,maceta1,52.0,49.0,65.3,67.1,66.2,25.4,10.2,,,0,0,0,Lectura invalida de DHT
2026-05-12,04:26:11,maceta2,71.0,71.0,52.9,52.7,52.8,22.4,10.5,14.8,45.8,0,0,0,
2026-05-12,04:26:38,maceta1,52.0,50.0,65.2,67.0,66.1,8.9,6.7,,,0,0,0,Lectura invalida de DHT
2026-05-12,04:26:38,maceta2,71.0,71.0,52.7,52.6,52.7,11.9,28.7,,,0,0,0,Lectura invalida de DHT
2026-05-12,04:27:05,maceta1,52.0,50.0,65.0,66.8,65.9,10.6,10.8,,,0,0,0,Lectura invalida de DHT
2026-05-12,04:27:05,maceta2,71.0,71.0,52.6,52.5,52.5,6.3,2.5,14.8,45.8,0,0,0,
2026-05-12,04:27:32,maceta1,53.0,50.0,64.8,66.6,65.7,27.2,6.9,,,0,0,0,Lectura invalida de DHT
2026-05-12,04:27:32,maceta2,71.0,71.0,52.5,52.3,52.4,15.6,19.3,14.8,45.8,0,0,0,
2026-05-12,04:27:58,maceta1,53.0,50.0,64.7,66.4,65.5,27.0,17.4,,,0,0,0,Lectura invalida de DHT
2026-05-12,04:27:58,maceta2,71.0,72.0,52.4,52.1,52.3,27.6,29.2,14.8,45.8,0,0,0,
2026-05-12,04:28:25,maceta1,53.0,51.0,64.7,66.3,65.5,29.3,23.9,,,0,0,0,Lectura invalida de DHT
2026-05-12,04:28:25,maceta2,72.0,72.0,52.2,51.9,52.1,19.2,29.3,14.8,45.8,0,0,0,
2026-05-12,04:28:52,maceta1,53.0,51.0,64.4,66.1,65.2,27.1,23.6,,,0,0,0,Lectura invalida de DHT
2026-05-12,04:28:52,maceta2,72.0,73.0,52.1,51.7,51.9,5.2,14.1,14.8,45.8,0,0,0,
2026-05-12,04:29:19,maceta1,54.0,51.0,64.3,65.8,65.0,3.8,10.9,,,0,0,0,Lectura invalida de DHT
2026-05-12,04:29:19,maceta2,72.0,73.0,51.9,51.4,51.7,20.5,4.9,14.8,45.9,0,0,0,
2026-05-12,04:29:45,maceta1,54.0,51.0,64.0,65.7,64.8,24.7,29.7,,,0,0,0,Lectura invalida de DHT
2026-05-12,04:29:45,maceta2,72.0,73.0,51.9,51.2,51.5,12.8,6.1,14.8,45.8,0,0,0,
2026-05-12,04:30:12,maceta1,54.0,52.0,63.8,65.5,64.7,12.3,17.8,,,0,0,0,Lectura invalida de DHT
2026-05-12,04:30:12,maceta2,73.0,73.0,51.7,51.2,51.4,17.7,26.7,14.8,45.8,0,0,0,
2026-05-12,04:30:39,maceta1,54.0,52.0,63.7,65.4,64.6,29.7,12.0,,,0,0,0,Lectura invalida de DHT
2026-05-12,04:30:39,maceta2,73.0,74.0,51.5,50.9,51.2,22.0,27.4,14.8,45.8,0,0,0,
2026-05-12,04:31:06,maceta1,55.0,52.0,63.5,65.3,64.4,14.2,25.1,,,0,0,0,Lectura invalida de DHT
2026-05-12,04:31:06,maceta2,73.0,74.0,51.3,50.9,51.1,15.4,18.2,14.8,45.8,0,0,0,
2026-05-12,04:31:32,maceta1,55.0,52.0,63.5,65.2,64.3,16.6,21.9,,,0,0,0,Lectura invalida de DHT
2026-05-12,04:31:32,maceta2,73.0,74.0,51.1,50.8,51.0,24.4,23.0,14.8,45.9,0,0,0,
2026-05-12,04:31:59,maceta1,55.0,53.0,63.3,64.9,64.1,15.9,22.5,,,0,0,0,Lectura invalida de DHT
2026-05-12,04:31:59,maceta2,74.0,74.0,50.9,50.8,50.8,21.7,22.2,14.8,45.8,0,0,0,
2026-05-12,04:32:26,maceta1,55.0,53.0,63.1,64.8,64.0,9.7,5.9,,,0,0,0,Lectura invalida de DHT
2026-05-12,04:32:26,maceta2,74.0,74.0,50.9,50.7,50.8,18.5,19.9,,,0,0,0,Lectura invalida de DHT
2026-05-12,04:32:53,maceta1,56.0,53.0,62.9,64.5,63.7,2.3,14.0,,,0,0,0,Lectura invalida de DHT
2026-05-12,04:32:53,maceta2,74.0,74.0,50.7,50.4,50.5,4.5,24.8,14.8,45.8,0,0,0,
2026-05-12,04:33:19,maceta1,56.0,54.0,62.7,64.3,63.5,26.9,25.9,,,0,0,0,Lectura invalida de DHT
2026-05-12,04:33:19,maceta2,74.0,75.0,50.6,50.3,50.5,25.1,20.6,14.8,45.8,0,0,0,
2026-05-12,04:33:46,maceta1,56.0,54.0,62.6,64.2,63.4,24.1,15.1,,,0,0,0,Lectura invalida de DHT
2026-05-12,04:33:46,maceta2,74.0,75.0,50.5,50.1,50.3,28.1,16.0,,,0,0,0,Lectura invalida de DHT
2026-05-12,04:34:13,maceta1,56.0,54.0,62.5,64.0,63.3,4.2,20.5,,,0,0,0,Lectura invalida de DHT
2026-05-12,04:34:13,maceta2,74.0,75.0,50.3,50.0,50.2,4.1,7.1,14.8,45.8,0,0,1,
2026-05-12,04:34:40,maceta1,56.0,54.0,62.4,63.8,63.1,23.3,17.6,,,0,0,0,Lectura invalida de DHT
2026-05-12,04:34:40,maceta2,25.0,27.0,83.1,82.2,82.6,14.6,22.3,14.8,45.8,0,0,0,
2026-05-12,04:35:06,maceta1,57.0,54.0,62.2,63.8,63.0,18.8,25.3,,,0,0,0,Lectura invalida de DHT
2026-05-12,04:35:06,maceta2,26.0,27.0,82.9,81.9,82.4,7.8,14.2,14.8,45.8,0,0,0,
2026-05-12,04:35:33,maceta1,57.0,55.0,62.1,63.6,62.9,12.3,8.5,,,0,0,0,Lectura invalida de DHT
2026-05-12,04:35:33,maceta2,26.0,27.0,82.7,81.8,82.2,22.6,8.8,14.8,45.8,0,0,0,
2026-05-12,04:36:00,maceta1,57.0,55.0,62.0,63.4,62.7,7.6,17.3,,,0,0,0,Lectura invalida de DHT
2026-05-12,04:36:00,maceta2,26.0,27.0,82.6,81.7,82.1,21.6,24.1,14.8,45.8,0,0,0,
2026-05-12,04:36:27,maceta1,57.0,55.0,61.9,63.3,62.6,25.8,3.7,,,0,0,0,Lectura invalida de DHT
2026-05-12,04:36:27,maceta2,26.0,28.0,82.4,81.6,82.0,4.2,20.9,,,0,0,0,Lectura invalida de DHT
2026-05-12,04:36:53,maceta1,57.0,55.0,61.8,63.1,62.4,21.0,20.7,,,0,0,0,Lectura invalida de DHT
2026-05-12,04:36:53,maceta2,27.0,28.0,82.1,81.5,81.8,26.3,28.1,14.8,45.8,0,0,0,
2026-05-12,04:37:20,maceta1,58.0,56.0,61.5,62.9,62.2,16.4,22.0,,,0,0,0,Lectura invalida de DHT
2026-05-12,04:37:20,maceta2,27.0,28.0,81.9,81.3,81.6,5.4,5.0,14.7,45.8,0,0,0,
2026-05-12,04:37:47,maceta1,58.0,56.0,61.3,62.7,62.0,18.3,1.3,,,0,0,0,Lectura invalida de DHT
2026-05-12,04:37:47,maceta2,27.0,28.0,81.8,81.1,81.5,23.9,19.5,,,0,0,0,Lectura invalida de DHT
2026-05-12,04:38:14,maceta1,58.0,56.0,61.2,62.5,61.9,2.7,20.3,,,0,0,0,Lectura invalida de DHT
2026-05-12,04:38:14,maceta2,28.0,29.0,81.6,80.9,81.2,13.7,7.3,14.7,45.9,0,0,0,
2026-05-12,04:38:41,maceta1,58.0,56.0,61.0,62.4,61.7,14.2,12.4,,,0,0,0,Lectura invalida de DHT
2026-05-12,04:38:41,maceta2,28.0,29.0,81.4,80.8,81.1,9.8,27.1,14.7,45.9,0,0,0,
2026-05-12,04:39:07,maceta1,59.0,56.0,60.9,62.3,61.6,5.8,3.7,,,0,0,0,Lectura invalida de DHT
2026-05-12,04:39:07,maceta2,28.0,29.0,81.2,80.6,80.9,4.7,3.0,14.7,45.9,0,0,0,
2026-05-12,04:39:34,maceta1,59.0,57.0,60.7,62.2,61.5,6.3,12.6,,,0,0,0,Lectura invalida de DHT
2026-05-12,04:39:34,maceta2,28.0,29.0,81.1,80.5,80.8,5.0,19.7,14.7,45.9,0,0,0,
2026-05-12,04:40:01,maceta1,59.0,57.0,60.6,62.0,61.3,19.8,5.8,,,0,0,0,Lectura invalida de DHT
2026-05-12,04:40:01,maceta2,29.0,29.0,81.0,80.5,80.7,19.9,23.7,14.7,45.9,0,0,0,
2026-05-12,04:40:28,maceta1,59.0,57.0,60.5,61.9,61.2,27.3,12.5,,,0,0,0,Lectura invalida de DHT
2026-05-12,04:40:28,maceta2,29.0,29.0,80.8,80.4,80.6,16.5,10.6,,,0,0,0,Lectura invalida de DHT
2026-05-12,04:40:54,maceta1,59.0,57.0,60.4,61.8,61.1,12.1,11.5,,,0,0,0,Lectura invalida de DHT
2026-05-12,04:40:54,maceta2,29.0,30.0,80.7,80.2,80.5,3.7,28.6,14.7,45.9,0,0,0,
2026-05-12,04:41:21,maceta1,60.0,58.0,60.2,61.6,60.9,6.2,22.2,,,0,0,0,Lectura invalida de DHT
2026-05-12,04:41:21,maceta2,29.0,30.0,80.6,80.2,80.4,3.4,25.5,14.7,45.9,0,0,0,
2026-05-12,04:41:48,maceta1,60.0,58.0,60.1,61.4,60.7,19.5,23.2,,,0,0,0,Lectura invalida de DHT
2026-05-12,04:41:48,maceta2,29.0,30.0,80.5,80.1,80.3,2.2,8.8,14.7,45.9,0,0,0,
2026-05-12,04:42:14,maceta1,60.0,58.0,59.9,61.3,60.6,26.1,18.2,,,0,0,0,Lectura invalida de DHT
2026-05-12,04:42:14,maceta2,30.0,30.0,80.3,80.0,80.2,22.3,0.2,14.7,45.9,0,0,0,
2026-05-12,04:42:41,maceta1,60.0,58.0,59.7,61.1,60.4,22.4,0.7,,,0,0,0,Lectura invalida de DHT
2026-05-12,04:42:41,maceta2,30.0,30.0,80.2,79.9,80.0,21.4,8.9,14.7,45.9,0,0,0,
2026-05-12,04:43:08,maceta1,61.0,58.0,59.7,61.0,60.3,26.1,27.9,,,0,0,0,Lectura invalida de DHT
2026-05-12,04:43:08,maceta2,30.0,30.0,80.1,79.8,79.9,1.8,8.4,14.7,45.9,0,0,0,
2026-05-12,04:43:35,maceta1,61.0,59.0,59.5,60.9,60.2,16.1,20.6,,,0,0,0,Lectura invalida de DHT
2026-05-12,04:43:35,maceta2,30.0,30.0,80.0,79.7,79.9,16.8,26.7,14.7,45.9,0,0,0,
2026-05-12,04:44:01,maceta1,61.0,59.0,59.4,60.7,60.0,22.6,1.0,,,0,0,0,Lectura invalida de DHT
2026-05-12,04:44:01,maceta2,30.0,31.0,79.9,79.6,79.7,2.5,29.0,14.7,45.9,0,0,0,
2026-05-12,04:44:28,maceta1,61.0,59.0,59.2,60.4,59.8,4.2,24.6,,,0,0,0,Lectura invalida de DHT
2026-05-12,04:44:28,maceta2,30.0,31.0,79.7,79.5,79.6,27.1,2.1,14.7,45.9,0,0,0,
2026-05-12,04:44:55,maceta1,61.0,60.0,59.1,60.2,59.7,10.4,6.0,,,0,0,0,Lectura invalida de DHT
2026-05-12,04:44:55,maceta2,31.0,31.0,79.5,79.3,79.4,27.2,14.1,14.7,45.9,0,0,0,
2026-05-12,04:45:22,maceta1,61.0,60.0,59.1,60.1,59.6,11.7,17.4,,,0,0,0,Lectura invalida de DHT
2026-05-12,04:45:22,maceta2,31.0,31.0,79.3,79.2,79.2,20.9,16.4,14.7,45.9,0,0,0,
2026-05-12,04:45:48,maceta1,62.0,60.0,58.9,59.9,59.4,15.3,14.0,,,0,0,0,Lectura invalida de DHT
2026-05-12,04:45:48,maceta2,31.0,31.0,79.1,79.1,79.1,27.8,2.8,14.7,45.9,0,0,0,
2026-05-12,04:46:15,maceta1,62.0,60.0,58.7,59.9,59.3,27.9,12.6,,,0,0,0,Lectura invalida de DHT
2026-05-12,04:46:15,maceta2,32.0,31.0,79.0,79.1,79.0,24.3,11.3,14.7,45.9,0,0,0,
2026-05-12,04:46:42,maceta1,62.0,60.0,58.5,59.8,59.2,26.2,26.7,,,0,0,0,Lectura invalida de DHT
2026-05-12,04:46:42,maceta2,32.0,32.0,78.7,79.0,78.8,24.9,9.5,14.7,45.9,0,0,0,
2026-05-12,04:47:09,maceta1,62.0,60.0,58.3,59.7,59.0,4.0,13.1,,,0,0,0,Lectura invalida de DHT
2026-05-12,04:47:09,maceta2,32.0,32.0,78.5,78.8,78.7,17.1,16.1,14.7,46.0,0,0,0,
2026-05-12,04:47:35,maceta1,63.0,61.0,58.1,59.5,58.8,5.2,2.3,,,0,0,0,Lectura invalida de DHT
2026-05-12,04:47:35,maceta2,33.0,32.0,78.3,78.6,78.4,9.2,19.8,14.7,45.9,0,0,0,
2026-05-12,04:48:02,maceta1,63.0,61.0,57.9,59.4,58.7,10.7,28.4,,,0,0,0,Lectura invalida de DHT
2026-05-12,04:48:02,maceta2,33.0,32.0,78.0,78.5,78.3,6.5,21.1,14.7,46.0,0,0,0,
2026-05-12,04:48:29,maceta1,63.0,61.0,57.7,59.4,58.6,8.7,27.6,,,0,0,0,Lectura invalida de DHT
2026-05-12,04:48:29,maceta2,33.0,33.0,77.8,78.2,78.0,9.8,4.1,14.7,46.0,0,0,0,
2026-05-12,04:48:56,maceta1,64.0,61.0,57.5,59.2,58.4,18.4,20.5,,,0,0,0,Lectura invalida de DHT
2026-05-12,04:48:56,maceta2,33.0,33.0,77.7,78.1,77.9,18.9,24.4,,,0,0,0,Lectura invalida de DHT
2026-05-12,04:49:22,maceta1,64.0,62.0,57.4,59.0,58.2,27.1,14.0,,,0,0,0,Lectura invalida de DHT
2026-05-12,04:49:22,maceta2,34.0,33.0,77.5,78.0,77.7,5.2,20.4,14.7,46.0,0,0,0,
2026-05-12,04:49:49,maceta1,64.0,62.0,57.3,58.8,58.1,28.9,2.8,,,0,0,0,Lectura invalida de DHT
2026-05-12,04:49:49,maceta2,34.0,33.0,77.3,77.9,77.6,7.8,26.7,,,0,0,0,Lectura invalida de DHT
2026-05-12,04:50:16,maceta1,64.0,62.0,57.2,58.6,57.9,19.6,23.7,,,0,0,0,Lectura invalida de DHT
2026-05-12,04:50:16,maceta2,34.0,33.0,77.2,77.8,77.5,14.0,13.5,,,0,0,0,Lectura invalida de DHT
2026-05-12,04:50:43,maceta1,65.0,62.0,57.0,58.4,57.7,25.1,2.3,,,0,0,0,Lectura invalida de DHT
2026-05-12,04:50:43,maceta2,34.0,33.0,77.0,77.7,77.4,7.0,26.8,14.7,46.0,0,0,0,
2026-05-12,04:51:10,maceta1,65.0,63.0,56.7,58.3,57.5,15.8,2.1,,,0,0,0,Lectura invalida de DHT
2026-05-12,04:51:10,maceta2,35.0,34.0,76.8,77.7,77.2,17.7,26.0,14.7,46.0,0,0,0,
2026-05-12,04:51:36,maceta1,65.0,63.0,56.5,58.2,57.3,6.2,16.1,,,0,0,0,Lectura invalida de DHT
2026-05-12,04:51:36,maceta2,35.0,34.0,76.6,77.4,77.0,27.7,13.2,14.7,45.9,0,0,0,
2026-05-12,04:52:03,maceta1,66.0,63.0,56.3,58.0,57.1,15.7,4.8,,,0,0,0,Lectura invalida de DHT
2026-05-12,04:52:03,maceta2,35.0,34.0,76.5,77.3,76.9,22.4,11.4,14.7,46.0,0,0,0,
2026-05-12,04:52:30,maceta1,66.0,63.0,56.2,57.8,57.0,16.7,0.2,,,0,0,0,Lectura invalida de DHT
2026-05-12,04:52:30,maceta2,35.0,34.0,76.4,77.2,76.8,20.0,28.0,14.7,46.0,0,0,0,
2026-05-12,04:52:56,maceta1,66.0,64.0,56.2,57.6,56.9,22.3,12.7,,,0,0,0,Lectura invalida de DHT
2026-05-12,04:52:56,maceta2,36.0,34.0,76.3,77.0,76.7,17.5,21.5,,,0,0,0,Lectura invalida de DHT
2026-05-12,04:53:23,maceta1,66.0,64.0,56.1,57.4,56.8,6.6,4.1,,,0,0,0,Lectura invalida de DHT
2026-05-12,04:53:23,maceta2,36.0,35.0,76.1,77.0,76.5,14.6,27.8,14.7,46.0,0,0,0,
2026-05-12,04:53:50,maceta1,66.0,64.0,55.9,57.3,56.6,11.0,4.8,,,0,0,0,Lectura invalida de DHT
2026-05-12,04:53:50,maceta2,36.0,35.0,75.9,76.7,76.3,5.6,23.9,14.7,46.0,0,0,0,
2026-05-12,04:54:17,maceta1,66.0,64.0,55.8,57.2,56.5,10.9,2.3,,,0,0,0,Lectura invalida de DHT
2026-05-12,04:54:17,maceta2,36.0,35.0,75.7,76.5,76.1,26.8,18.3,14.7,46.0,0,0,0,
2026-05-12,04:54:44,maceta1,66.0,65.0,55.7,57.0,56.3,28.8,6.2,,,0,0,0,Lectura invalida de DHT
2026-05-12,04:54:44,maceta2,37.0,35.0,75.5,76.4,75.9,7.5,3.5,14.7,46.0,0,0,0,
2026-05-12,04:55:10,maceta1,67.0,65.0,55.6,56.9,56.2,13.3,21.5,,,0,0,0,Lectura invalida de DHT
2026-05-12,04:55:10,maceta2,37.0,36.0,75.2,76.2,75.7,2.7,8.7,14.7,46.0,0,0,0,
2026-05-12,04:55:37,maceta1,67.0,65.0,55.4,56.7,56.1,22.7,24.3,,,0,0,0,Lectura invalida de DHT
2026-05-12,04:55:37,maceta2,37.0,36.0,75.1,76.0,75.6,22.5,29.1,14.7,46.0,0,0,0,
2026-05-12,04:56:04,maceta1,67.0,65.0,55.2,56.5,55.8,22.5,13.6,,,0,0,0,Lectura invalida de DHT
2026-05-12,04:56:04,maceta2,38.0,36.0,75.0,75.9,75.4,5.3,9.6,,,0,0,0,Lectura invalida de DHT
2026-05-12,04:56:31,maceta1,67.0,65.0,55.0,56.4,55.7,8.0,15.2,,,0,0,0,Lectura invalida de DHT
2026-05-12,04:56:31,maceta2,38.0,36.0,74.9,75.7,75.3,11.2,2.8,14.7,46.0,0,0,0,
2026-05-12,04:56:57,maceta1,68.0,66.0,54.9,56.3,55.6,17.2,1.0,,,0,0,0,Lectura invalida de DHT
2026-05-12,04:56:57,maceta2,38.0,37.0,74.7,75.6,75.2,0.8,21.2,14.7,46.0,0,0,0,
2026-05-12,04:57:24,maceta1,68.0,66.0,54.8,56.1,55.4,26.8,2.1,,,0,0,0,Lectura invalida de DHT
2026-05-12,04:57:24,maceta2,38.0,37.0,74.6,75.4,75.0,4.1,22.0,14.7,46.0,0,0,0,
2026-05-12,04:57:51,maceta1,68.0,66.0,54.6,56.0,55.3,14.3,7.7,,,0,0,0,Lectura invalida de DHT
2026-05-12,04:57:51,maceta2,38.0,37.0,74.6,75.3,74.9,5.2,8.6,14.7,46.0,0,0,0,
2026-05-12,04:58:18,maceta1,68.0,66.0,54.5,55.9,55.2,28.4,16.3,,,0,0,0,Lectura invalida de DHT
2026-05-12,04:58:18,maceta2,38.0,37.0,74.4,75.2,74.8,1.6,8.9,14.7,46.0,0,0,0,
2026-05-12,04:58:44,maceta1,69.0,66.0,54.3,55.8,55.0,6.4,22.2,,,0,0,0,Lectura invalida de DHT
2026-05-12,04:58:44,maceta2,39.0,37.0,74.3,75.1,74.7,19.7,14.1,14.7,46.0,0,0,0,
2026-05-12,04:59:11,maceta1,69.0,67.0,54.2,55.7,54.9,2.2,18.2,,,0,0,0,Lectura invalida de DHT
2026-05-12,04:59:11,maceta2,39.0,38.0,74.1,74.9,74.5,25.1,0.7,,,0,0,0,Lectura invalida de DHT
2026-05-12,04:59:38,maceta1,69.0,67.0,53.9,55.6,54.8,26.7,11.8,,,0,0,0,Lectura invalida de DHT
2026-05-12,04:59:38,maceta2,39.0,38.0,74.0,74.8,74.4,11.2,23.7,14.7,46.0,0,0,0,
2026-05-12,05:00:05,maceta1,69.0,67.0,53.7,55.5,54.6,25.4,3.5,,,0,0,0,Lectura invalida de DHT
2026-05-12,05:00:05,maceta2,39.0,38.0,73.8,74.6,74.2,26.2,9.5,,,0,0,0,Lectura invalida de DHT
2026-05-12,05:00:31,maceta1,70.0,67.0,53.5,55.3,54.4,29.8,23.4,,,0,0,0,Lectura invalida de DHT
2026-05-12,05:00:31,maceta2,40.0,38.0,73.6,74.4,74.0,6.4,25.6,14.7,46.0,0,0,0,
2026-05-12,05:00:58,maceta1,70.0,67.0,53.4,55.1,54.2,20.4,10.9,,,0,0,0,Lectura invalida de DHT
2026-05-12,05:00:58,maceta2,40.0,39.0,73.5,74.2,73.8,9.8,24.1,14.7,46.0,0,0,0,
2026-05-12,05:01:25,maceta1,70.0,67.0,53.2,55.0,54.1,28.1,22.1,,,0,0,0,Lectura invalida de DHT
2026-05-12,05:01:25,maceta2,40.0,39.0,73.3,74.0,73.6,4.5,19.8,14.7,46.0,0,0,0,
2026-05-12,05:01:51,maceta1,70.0,68.0,53.1,54.8,54.0,24.8,15.4,,,0,0,0,Lectura invalida de DHT
2026-05-12,05:01:51,maceta2,40.0,39.0,73.0,73.8,73.4,18.6,9.7,14.7,46.0,0,0,0,
2026-05-12,05:02:18,maceta1,71.0,68.0,53.0,54.6,53.8,25.3,22.2,,,0,0,0,Lectura invalida de DHT
2026-05-12,05:02:18,maceta2,41.0,40.0,72.8,73.7,73.2,12.6,15.5,14.7,46.0,0,0,0,
2026-05-12,05:02:45,maceta1,71.0,68.0,52.8,54.4,53.6,17.1,27.2,,,0,0,0,Lectura invalida de DHT
2026-05-12,05:02:45,maceta2,41.0,40.0,72.6,73.6,73.1,18.4,13.3,,,0,0,0,Lectura invalida de DHT
2026-05-12,05:03:12,maceta1,71.0,69.0,52.6,54.3,53.4,11.5,27.6,,,0,0,0,Lectura invalida de DHT
2026-05-12,05:03:12,maceta2,41.0,40.0,72.4,73.4,72.9,22.9,10.2,14.7,46.0,0,0,0,
2026-05-12,05:03:39,maceta1,71.0,69.0,52.5,54.0,53.3,28.0,16.1,,,0,0,0,Lectura invalida de DHT
2026-05-12,05:03:39,maceta2,42.0,40.0,72.3,73.2,72.7,16.4,25.4,,,0,0,0,Lectura invalida de DHT
2026-05-12,05:04:05,maceta1,71.0,69.0,52.4,53.9,53.2,13.0,15.3,,,0,0,0,Lectura invalida de DHT
2026-05-12,05:04:05,maceta2,42.0,40.0,72.1,73.1,72.6,18.8,14.5,,,0,0,0,Lectura invalida de DHT
2026-05-12,05:04:32,maceta1,72.0,69.0,52.2,53.8,53.0,16.2,8.0,,,0,0,0,Lectura invalida de DHT
2026-05-12,05:04:32,maceta2,42.0,41.0,72.0,72.9,72.4,28.1,25.0,14.7,46.0,0,0,0,
2026-05-12,05:04:59,maceta1,72.0,69.0,52.2,53.7,52.9,13.4,28.1,,,0,0,0,Lectura invalida de DHT
2026-05-12,05:04:59,maceta2,42.0,41.0,71.8,72.9,72.3,9.0,3.2,14.7,46.0,0,0,0,
2026-05-12,05:05:25,maceta1,72.0,70.0,52.0,53.5,52.7,16.9,13.7,,,0,0,0,Lectura invalida de DHT
2026-05-12,05:05:25,maceta2,42.0,41.0,71.7,72.8,72.3,10.8,4.2,14.7,46.0,0,0,0,
2026-05-12,05:05:52,maceta1,72.0,70.0,51.8,53.3,52.6,14.1,3.8,,,0,0,0,Lectura invalida de DHT
2026-05-12,05:05:52,maceta2,43.0,41.0,71.6,72.7,72.2,21.5,29.3,14.7,46.0,0,0,0,
2026-05-12,05:06:19,maceta1,72.0,70.0,51.7,53.2,52.5,1.4,13.0,,,0,0,0,Lectura invalida de DHT
2026-05-12,05:06:19,maceta2,43.0,41.0,71.4,72.5,72.0,18.3,17.6,,,0,0,0,Lectura invalida de DHT
2026-05-12,05:06:46,maceta1,73.0,70.0,51.6,53.1,52.4,26.5,3.8,,,0,0,0,Lectura invalida de DHT
2026-05-12,05:06:46,maceta2,43.0,41.0,71.2,72.5,71.8,5.4,15.3,14.7,46.0,0,0,0,
2026-05-12,05:07:12,maceta1,73.0,70.0,51.5,53.0,52.3,13.3,15.1,,,0,0,0,Lectura invalida de DHT
2026-05-12,05:07:12,maceta2,43.0,41.0,71.1,72.4,71.7,11.3,15.7,14.6,46.0,0,0,0,
2026-05-12,05:07:39,maceta1,73.0,71.0,51.4,52.8,52.1,17.7,16.8,,,0,0,0,Lectura invalida de DHT
2026-05-12,05:07:39,maceta2,44.0,42.0,70.9,72.2,71.5,14.0,6.5,14.6,46.0,0,0,0,
2026-05-12,05:08:06,maceta1,73.0,71.0,51.2,52.6,51.9,4.2,10.1,,,0,0,0,Lectura invalida de DHT
2026-05-12,05:08:06,maceta2,44.0,42.0,70.6,72.1,71.4,12.6,21.6,14.6,46.1,0,0,0,
2026-05-12,05:08:33,maceta1,73.0,71.0,51.0,52.5,51.8,0.1,2.1,,,0,0,0,Lectura invalida de DHT
2026-05-12,05:08:33,maceta2,44.0,42.0,70.4,71.9,71.2,5.3,2.5,,,0,0,0,Lectura invalida de DHT
2026-05-12,05:08:59,maceta1,74.0,71.0,50.8,52.5,51.7,7.4,28.3,,,0,0,0,Lectura invalida de DHT
2026-05-12,05:08:59,maceta2,45.0,42.0,70.2,71.8,71.0,27.7,17.2,,,0,0,0,Lectura invalida de DHT
2026-05-12,05:09:26,maceta1,74.0,72.0,50.7,52.3,51.5,21.1,23.2,,,0,0,0,Lectura invalida de DHT
2026-05-12,05:09:26,maceta2,45.0,42.0,70.1,71.7,70.9,22.9,17.1,14.7,46.0,0,0,0,
2026-05-12,05:09:53,maceta1,74.0,72.0,50.5,52.0,51.2,3.0,25.2,,,0,0,0,Lectura invalida de DHT
2026-05-12,05:09:53,maceta2,45.0,43.0,69.9,71.6,70.8,14.4,27.4,,,0,0,0,Lectura invalida de DHT
2026-05-12,05:10:20,maceta1,75.0,72.0,50.3,51.8,51.0,27.3,11.0,,,0,0,0,Lectura invalida de DHT
2026-05-12,05:10:20,maceta2,45.0,43.0,69.8,71.6,70.7,20.4,15.8,14.6,46.0,0,0,0,
2026-05-12,05:10:46,maceta1,75.0,73.0,50.2,51.6,50.9,6.5,22.8,,,0,0,0,Lectura invalida de DHT
2026-05-12,05:10:46,maceta2,46.0,43.0,69.6,71.4,70.5,26.9,4.1,,,0,0,0,Lectura invalida de DHT
2026-05-12,05:11:13,maceta1,75.0,73.0,50.1,51.4,50.7,6.1,14.6,,,0,0,0,Lectura invalida de DHT
2026-05-12,05:11:13,maceta2,46.0,43.0,69.4,71.2,70.3,4.1,17.2,14.6,46.0,0,0,0,
2026-05-12,05:11:40,maceta1,75.0,73.0,50.0,51.3,50.6,5.4,6.0,,,0,0,1,Lectura invalida de DHT
2026-05-12,05:11:40,maceta2,46.0,44.0,69.1,71.0,70.1,7.5,2.7,14.6,46.0,0,0,0,
2026-05-12,05:12:07,maceta1,24.0,27.0,84.1,82.2,83.2,0.4,3.7,,,0,0,0,Lectura invalida de DHT
2026-05-12,05:12:07,maceta2,47.0,44.0,68.9,70.9,69.9,16.3,6.1,14.6,46.1,0,0,0,
2026-05-12,05:12:33,maceta1,24.0,27.0,83.9,82.0,82.9,23.2,10.4,,,0,0,0,Lectura invalida de DHT
2026-05-12,05:12:33,maceta2,47.0,44.0,68.8,70.7,69.8,24.0,0.9,14.6,46.1,0,0,0,
2026-05-12,05:13:00,maceta1,24.0,27.0,83.7,81.9,82.8,26.3,4.1,,,0,0,0,Lectura invalida de DHT
2026-05-12,05:13:00,maceta2,47.0,44.0,68.7,70.6,69.6,1.1,15.4,14.6,46.1,0,0,0,
2026-05-12,05:13:27,maceta1,25.0,27.0,83.6,81.7,82.7,18.4,29.9,,,0,0,0,Lectura invalida de DHT
2026-05-12,05:13:27,maceta2,47.0,44.0,68.5,70.5,69.5,29.5,2.5,14.6,46.1,0,0,0,
2026-05-12,05:13:54,maceta1,25.0,28.0,83.5,81.6,82.5,5.6,1.5,,,0,0,0,Lectura invalida de DHT
2026-05-12,05:13:54,maceta2,48.0,45.0,68.3,70.3,69.3,13.6,14.1,,,0,0,0,Lectura invalida de DHT
2026-05-12,05:14:20,maceta1,25.0,28.0,83.4,81.4,82.4,8.6,13.2,,,0,0,0,Lectura invalida de DHT
2026-05-12,05:14:20,maceta2,48.0,45.0,68.1,70.2,69.1,10.8,28.0,14.6,46.0,0,0,0,
2026-05-12,05:14:47,maceta1,25.0,28.0,83.3,81.3,82.3,14.3,13.6,,,0,0,0,Lectura invalida de DHT
2026-05-12,05:14:47,maceta2,48.0,45.0,68.0,69.9,68.9,8.8,21.6,14.6,46.1,0,0,0,
2026-05-12,05:15:14,maceta1,25.0,28.0,83.2,81.1,82.2,28.6,9.0,,,0,0,0,Lectura invalida de DHT
2026-05-12,05:15:14,maceta2,48.0,45.0,67.9,69.8,68.8,5.2,2.3,,,0,0,0,Lectura invalida de DHT
2026-05-12,05:15:41,maceta1,25.0,29.0,83.1,80.9,82.0,7.4,17.1,,,0,0,0,Lectura invalida de DHT
2026-05-12,05:15:41,maceta2,48.0,46.0,67.7,69.6,68.7,23.7,6.7,14.6,46.0,0,0,0,
2026-05-12,05:16:07,maceta1,25.0,29.0,83.1,80.8,81.9,21.9,4.5,,,0,0,0,Lectura invalida de DHT
2026-05-12,05:16:07,maceta2,49.0,46.0,67.6,69.5,68.6,28.7,20.2,14.6,46.1,0,0,0,
2026-05-12,05:16:34,maceta1,26.0,29.0,82.9,80.7,81.8,13.2,23.5,,,0,0,0,Lectura invalida de DHT
2026-05-12,05:16:34,maceta2,49.0,46.0,67.5,69.4,68.4,12.4,26.8,14.6,46.1,0,0,0,
2026-05-12,05:17:01,maceta1,26.0,29.0,82.7,80.5,81.6,8.9,10.0,,,0,0,0,Lectura invalida de DHT
2026-05-12,05:17:01,maceta2,49.0,46.0,67.3,69.3,68.3,28.6,1.0,14.6,46.1,0,0,0,
2026-05-12,05:17:28,maceta1,26.0,30.0,82.7,80.3,81.5,13.7,17.7,,,0,0,0,Lectura invalida de DHT
2026-05-12,05:17:28,maceta2,49.0,46.0,67.2,69.1,68.1,24.7,24.4,14.6,46.1,0,0,0,
2026-05-12,05:17:54,maceta1,26.0,30.0,82.5,80.2,81.4,2.1,21.5,,,0,0,0,Lectura invalida de DHT
2026-05-12,05:17:54,maceta2,49.0,47.0,67.1,68.9,68.0,14.4,16.9,14.6,46.0,0,0,0,
2026-05-12,05:18:21,maceta1,26.0,30.0,82.4,80.0,81.2,24.0,26.7,,,0,0,0,Lectura invalida de DHT
2026-05-12,05:18:21,maceta2,50.0,47.0,67.0,68.7,67.8,20.2,16.4,,,0,0,0,Lectura invalida de DHT
2026-05-12,05:18:48,maceta1,26.0,30.0,82.4,79.8,81.1,7.3,25.1,,,0,0,0,Lectura invalida de DHT
2026-05-12,05:18:48,maceta2,50.0,47.0,66.8,68.4,67.6,13.0,28.7,14.6,46.0,0,0,0,
2026-05-12,05:19:15,maceta1,27.0,30.0,82.2,79.7,81.0,21.8,18.2,,,0,0,0,Lectura invalida de DHT
2026-05-12,05:19:15,maceta2,50.0,47.0,66.7,68.4,67.6,16.8,22.4,14.6,46.1,0,0,0,
2026-05-12,05:19:41,maceta1,27.0,31.0,82.1,79.5,80.8,2.1,11.7,,,0,0,0,Lectura invalida de DHT
2026-05-12,05:19:41,maceta2,50.0,48.0,66.7,68.2,67.4,1.7,25.5,14.6,46.0,0,0,0,
2026-05-12,05:20:08,maceta1,27.0,31.0,81.9,79.3,80.6,28.7,15.1,,,0,0,0,Lectura invalida de DHT
2026-05-12,05:20:08,maceta2,50.0,48.0,66.6,68.1,67.3,20.9,10.6,,,0,0,0,Lectura invalida de DHT
2026-05-12,05:20:35,maceta1,28.0,31.0,81.7,79.3,80.5,5.8,23.1,,,0,0,0,Lectura invalida de DHT
2026-05-12,05:20:35,maceta2,50.0,48.0,66.4,68.0,67.2,1.6,16.6,14.6,46.1,0,0,0,
2026-05-12,05:21:02,maceta1,28.0,31.0,81.4,79.1,80.2,26.5,26.3,,,0,0,0,Lectura invalida de DHT
2026-05-12,05:21:02,maceta2,51.0,48.0,66.3,67.7,67.0,24.5,18.5,14.6,46.1,0,0,0,
2026-05-12,05:21:28,maceta1,28.0,32.0,81.2,78.8,80.0,24.3,3.1,,,0,0,0,Lectura invalida de DHT
2026-05-12,05:21:28,maceta2,51.0,49.0,66.1,67.5,66.8,24.7,9.6,14.6,46.1,0,0,0,
2026-05-12,05:21:55,maceta1,28.0,32.0,81.1,78.7,79.9,29.0,11.5,,,0,0,0,Lectura invalida de DHT
2026-05-12,05:21:55,maceta2,51.0,49.0,66.0,67.4,66.7,7.1,17.1,14.5,46.1,0,0,0,
2026-05-12,05:22:22,maceta1,29.0,32.0,80.9,78.5,79.7,14.3,23.3,,,0,0,0,Lectura invalida de DHT
2026-05-12,05:22:22,maceta2,51.0,49.0,65.9,67.2,66.5,9.7,7.1,,,0,0,0,Lectura invalida de DHT
2026-05-12,05:22:49,maceta1,29.0,32.0,80.7,78.4,79.6,21.8,12.9,,,0,0,0,Lectura invalida de DHT
2026-05-12,05:22:49,maceta2,52.0,50.0,65.7,66.9,66.3,14.4,4.3,14.6,46.1,0,0,0,
2026-05-12,05:23:15,maceta1,29.0,33.0,80.6,78.3,79.5,11.1,10.0,,,0,0,0,Lectura invalida de DHT
2026-05-12,05:23:15,maceta2,52.0,50.0,65.5,66.7,66.1,17.9,11.2,14.6,46.1,0,0,0,
2026-05-12,05:23:42,maceta1,29.0,33.0,80.5,78.2,79.4,5.5,12.3,,,0,0,0,Lectura invalida de DHT
2026-05-12,05:23:42,maceta2,52.0,50.0,65.4,66.6,66.0,8.6,22.2,,,0,0,0,Lectura invalida de DHT
2026-05-12,05:24:09,maceta1,30.0,33.0,80.3,78.1,79.2,13.3,18.1,,,0,0,0,Lectura invalida de DHT
2026-05-12,05:24:09,maceta2,52.0,50.0,65.2,66.5,65.8,17.8,27.5,14.6,46.1,0,0,0,
2026-05-12,05:24:36,maceta1,30.0,33.0,80.1,78.0,79.1,5.0,30.0,,,0,0,0,Lectura invalida de DHT
2026-05-12,05:24:36,maceta2,52.0,50.0,65.1,66.4,65.7,8.9,13.7,14.5,46.1,0,0,0,
2026-05-12,05:25:04,maceta1,30.0,33.0,80.0,77.9,79.0,29.5,14.8,,,0,0,0,Lectura invalida de DHT
2026-05-12,05:25:04,maceta2,53.0,51.0,64.9,66.2,65.6,1.7,19.3,14.6,46.1,0,0,0,
2026-05-12,05:25:30,maceta1,30.0,33.0,79.9,77.8,78.8,2.9,6.3,,,0,0,0,Lectura invalida de DHT
2026-05-12,05:25:30,maceta2,53.0,51.0,64.8,66.0,65.4,0.1,3.1,14.6,46.1,0,0,0,
2026-05-12,05:25:57,maceta1,30.0,34.0,79.7,77.7,78.7,17.7,4.9,,,0,0,0,Lectura invalida de DHT
2026-05-12,05:25:57,maceta2,53.0,51.0,64.6,65.9,65.3,3.0,27.1,14.6,46.1,0,0,0,
2026-05-12,05:26:24,maceta1,31.0,34.0,79.6,77.4,78.5,18.8,1.3,,,0,0,0,Lectura invalida de DHT
2026-05-12,05:26:24,maceta2,53.0,51.0,64.5,65.7,65.1,23.8,17.1,,,0,0,0,Lectura invalida de DHT
2026-05-12,05:26:51,maceta1,31.0,34.0,79.5,77.4,78.4,16.1,16.8,,,0,0,0,Lectura invalida de DHT
2026-05-12,05:26:51,maceta2,53.0,52.0,64.4,65.5,65.0,28.8,23.4,14.6,46.1,0,0,0,
2026-05-12,05:27:18,maceta1,31.0,34.0,79.3,77.3,78.3,19.9,16.3,,,0,0,0,Lectura invalida de DHT
2026-05-12,05:27:18,maceta2,53.0,52.0,64.3,65.3,64.8,12.8,23.8,14.6,46.1,0,0,0,
2026-05-12,05:27:44,maceta1,31.0,34.0,79.1,77.1,78.1,3.5,6.2,,,0,0,0,Lectura invalida de DHT
2026-05-12,05:27:44,maceta2,54.0,52.0,64.2,65.2,64.7,15.4,7.7,,,0,0,0,Lectura invalida de DHT
2026-05-12,05:28:11,maceta1,32.0,34.0,78.9,77.0,78.0,16.7,20.9,,,0,0,0,Lectura invalida de DHT
2026-05-12,05:28:11,maceta2,54.0,52.0,64.1,65.0,64.5,4.4,15.9,,,0,0,0,Lectura invalida de DHT
2026-05-12,05:28:38,maceta1,32.0,35.0,78.8,76.9,77.9,8.6,22.2,,,0,0,0,Lectura invalida de DHT
2026-05-12,05:28:38,maceta2,54.0,53.0,63.9,64.8,64.3,16.5,28.8,,,0,0,0,Lectura invalida de DHT
2026-05-12,05:29:05,maceta1,32.0,35.0,78.5,76.8,77.6,28.2,7.8,,,0,0,0,Lectura invalida de DHT
2026-05-12,05:29:05,maceta2,54.0,53.0,63.7,64.7,64.2,4.3,2.7,14.6,46.0,0,0,0,
2026-05-12,05:29:31,maceta1,32.0,35.0,78.4,76.6,77.5,22.9,10.3,,,0,0,0,Lectura invalida de DHT
2026-05-12,05:29:31,maceta2,55.0,53.0,63.6,64.5,64.1,18.3,20.5,14.6,46.1,0,0,0,
2026-05-12,05:29:58,maceta1,32.0,35.0,78.4,76.6,77.5,29.2,29.7,,,0,0,0,Lectura invalida de DHT
2026-05-12,05:29:58,maceta2,55.0,54.0,63.4,64.2,63.8,28.0,28.9,14.5,46.1,0,0,0,
2026-05-12,05:30:25,maceta1,33.0,35.0,78.2,76.4,77.3,1.1,11.2,,,0,0,0,Lectura invalida de DHT
2026-05-12,05:30:25,maceta2,55.0,54.0,63.4,64.1,63.7,5.9,9.0,14.5,46.0,0,0,0,
2026-05-12,05:30:52,maceta1,33.0,36.0,78.0,76.3,77.2,8.6,22.8,,,0,0,0,Lectura invalida de DHT
2026-05-12,05:30:52,maceta2,55.0,54.0,63.2,64.0,63.6,22.9,25.8,14.5,46.1,0,0,0,
2026-05-12,05:31:18,maceta1,33.0,36.0,77.9,76.2,77.0,5.9,13.6,,,0,0,0,Lectura invalida de DHT
2026-05-12,05:31:18,maceta2,55.0,54.0,63.1,63.9,63.5,0.7,28.0,14.5,46.1,0,0,0,
2026-05-12,05:31:45,maceta1,33.0,36.0,77.7,76.1,76.9,0.3,23.8,,,0,0,0,Lectura invalida de DHT
2026-05-12,05:31:45,maceta2,56.0,54.0,63.0,63.8,63.4,11.3,22.4,14.5,46.1,0,0,0,
2026-05-12,05:32:12,maceta1,34.0,36.0,77.5,75.8,76.7,7.3,23.1,,,0,0,0,Lectura invalida de DHT
2026-05-12,05:32:12,maceta2,56.0,55.0,62.9,63.6,63.2,3.3,6.9,14.5,46.1,0,0,0,
2026-05-12,05:32:39,maceta1,34.0,37.0,77.3,75.6,76.4,20.4,20.0,,,0,0,0,Lectura invalida de DHT
2026-05-12,05:32:39,maceta2,56.0,55.0,62.7,63.4,63.1,10.6,10.0,14.6,46.1,0,0,0,
2026-05-12,05:33:05,maceta1,34.0,37.0,77.0,75.4,76.2,6.9,25.6,,,0,0,0,Lectura invalida de DHT
2026-05-12,05:33:05,maceta2,56.0,55.0,62.6,63.2,62.9,5.2,1.1,14.5,46.1,0,0,0,
2026-05-12,05:33:32,maceta1,35.0,37.0,76.8,75.2,76.0,15.3,28.2,,,0,0,0,Lectura invalida de DHT
2026-05-12,05:33:32,maceta2,56.0,56.0,62.4,62.9,62.7,11.2,24.9,14.5,46.1,0,0,0,
2026-05-12,05:33:59,maceta1,35.0,37.0,76.6,75.1,75.8,26.6,17.4,,,0,0,0,Lectura invalida de DHT
2026-05-12,05:33:59,maceta2,57.0,56.0,62.3,62.8,62.6,12.5,25.5,14.5,46.1,0,0,0,
2026-05-12,05:34:26,maceta1,35.0,38.0,76.5,74.9,75.7,20.8,7.1,,,0,0,0,Lectura invalida de DHT
2026-05-12,05:34:26,maceta2,57.0,56.0,62.2,62.7,62.4,9.0,19.0,,,0,0,0,Lectura invalida de DHT
2026-05-12,05:34:52,maceta1,35.0,38.0,76.4,74.7,75.5,11.8,12.0,,,0,0,0,Lectura invalida de DHT
2026-05-12,05:34:52,maceta2,57.0,56.0,62.0,62.5,62.3,19.7,10.6,14.5,46.1,0,0,0,
2026-05-12,05:35:19,maceta1,36.0,38.0,76.3,74.5,75.4,11.2,22.7,,,0,0,0,Lectura invalida de DHT
2026-05-12,05:35:19,maceta2,57.0,57.0,61.9,62.3,62.1,27.6,2.3,14.5,46.1,0,0,0,
2026-05-12,05:35:46,maceta1,36.0,39.0,76.1,74.3,75.2,13.7,19.5,,,0,0,0,Lectura invalida de DHT
2026-05-12,05:35:46,maceta2,57.0,57.0,61.7,62.1,61.9,12.0,22.6,14.5,46.1,0,0,0,
2026-05-12,05:36:13,maceta1,36.0,39.0,76.0,74.1,75.0,5.3,5.3,,,0,0,0,Lectura invalida de DHT
2026-05-12,05:36:13,maceta2,58.0,57.0,61.6,61.9,61.7,5.8,21.8,,,0,0,0,Lectura invalida de DHT
2026-05-12,05:36:39,maceta1,36.0,39.0,75.8,74.0,74.9,19.0,1.5,,,0,0,0,Lectura invalida de DHT
2026-05-12,05:36:39,maceta2,58.0,57.0,61.4,61.8,61.6,8.1,27.4,14.5,46.1,0,0,0,
2026-05-12,05:37:06,maceta1,36.0,39.0,75.7,73.9,74.8,10.9,20.5,,,0,0,0,Lectura invalida de DHT
2026-05-12,05:37:06,maceta2,58.0,57.0,61.2,61.7,61.5,25.6,21.9,14.5,46.1,0,0,0,
2026-05-12,05:37:33,maceta1,37.0,39.0,75.6,73.8,74.7,25.6,7.5,,,0,0,0,Lectura invalida de DHT
2026-05-12,05:37:33,maceta2,58.0,58.0,61.0,61.6,61.3,17.1,24.9,14.5,46.1,0,0,0,
2026-05-12,05:38:00,maceta1,37.0,39.0,75.6,73.7,74.6,22.7,15.0,,,0,0,0,Lectura invalida de DHT
2026-05-12,05:38:00,maceta2,59.0,58.0,61.0,61.5,61.3,13.7,22.4,14.5,46.1,0,0,0,
2026-05-12,05:38:26,maceta1,37.0,40.0,75.3,73.5,74.4,18.3,22.4,,,0,0,0,Lectura invalida de DHT
2026-05-12,05:38:26,maceta2,59.0,58.0,60.9,61.5,61.2,4.5,18.9,14.5,46.1,0,0,0,
2026-05-12,05:38:53,maceta1,37.0,40.0,75.2,73.4,74.3,10.9,16.9,,,0,0,0,Lectura invalida de DHT
2026-05-12,05:38:53,maceta2,59.0,58.0,60.8,61.3,61.0,13.5,12.8,14.5,46.1,0,0,0,
2026-05-12,05:39:20,maceta1,38.0,40.0,75.0,73.2,74.1,6.3,2.5,,,0,0,0,Lectura invalida de DHT
2026-05-12,05:39:20,maceta2,59.0,58.0,60.6,61.1,60.8,8.4,27.1,14.5,46.1,0,0,0,
2026-05-12,05:39:46,maceta1,38.0,41.0,74.8,73.0,73.9,23.3,5.6,,,0,0,0,Lectura invalida de DHT
2026-05-12,05:39:46,maceta2,59.0,59.0,60.3,60.9,60.6,28.3,19.5,14.5,46.0,0,0,0,
2026-05-12,05:40:13,maceta1,38.0,41.0,74.6,72.8,73.7,14.6,6.6,,,0,0,0,Lectura invalida de DHT
2026-05-12,05:40:13,maceta2,60.0,59.0,60.1,60.8,60.4,26.5,12.0,,,0,0,0,Lectura invalida de DHT
2026-05-12,05:40:40,maceta1,38.0,41.0,74.4,72.7,73.5,6.7,7.7,,,0,0,0,Lectura invalida de DHT
2026-05-12,05:40:40,maceta2,60.0,59.0,60.0,60.6,60.3,2.5,2.5,14.5,46.1,0,0,0,
2026-05-12,05:41:07,maceta1,39.0,41.0,74.3,72.6,73.5,5.9,17.0,,,0,0,0,Lectura invalida de DHT
2026-05-12,05:41:07,maceta2,60.0,59.0,59.9,60.4,60.1,15.5,8.7,14.5,46.1,0,0,0,
2026-05-12,05:41:33,maceta1,39.0,41.0,74.2,72.6,73.4,5.0,15.1,,,0,0,0,Lectura invalida de DHT
2026-05-12,05:41:33,maceta2,60.0,60.0,59.7,60.3,60.0,6.8,16.3,,,0,0,0,Lectura invalida de DHT
2026-05-12,05:42:00,maceta1,39.0,41.0,74.0,72.5,73.2,23.3,6.1,,,0,0,0,Lectura invalida de DHT
2026-05-12,05:42:00,maceta2,60.0,60.0,59.7,60.2,59.9,12.3,8.3,14.5,46.1,0,0,0,
2026-05-12,05:42:27,maceta1,39.0,42.0,73.8,72.3,73.0,6.9,2.0,,,0,0,0,Lectura invalida de DHT
2026-05-12,05:42:27,maceta2,61.0,60.0,59.4,60.0,59.7,26.3,6.6,14.5,46.1,0,0,0,
2026-05-12,05:42:54,maceta1,40.0,42.0,73.7,72.1,72.9,15.8,5.1,,,0,0,0,Lectura invalida de DHT
2026-05-12,05:42:54,maceta2,61.0,60.0,59.3,59.9,59.6,15.8,15.8,,,0,0,0,Lectura invalida de DHT
2026-05-12,05:43:20,maceta1,40.0,42.0,73.6,71.9,72.7,13.5,29.5,,,0,0,0,Lectura invalida de DHT
2026-05-12,05:43:20,maceta2,61.0,61.0,59.2,59.6,59.4,10.0,5.1,14.5,46.1,0,0,0,
2026-05-12,05:43:47,maceta1,40.0,42.0,73.3,71.8,72.6,17.4,14.1,,,0,0,0,Lectura invalida de DHT
2026-05-12,05:43:47,maceta2,61.0,61.0,59.1,59.4,59.3,6.2,24.0,,,0,0,0,Lectura invalida de DHT
2026-05-12,05:44:14,maceta1,40.0,43.0,73.1,71.6,72.4,26.3,26.0,,,0,0,0,Lectura invalida de DHT
2026-05-12,05:44:14,maceta2,62.0,61.0,59.0,59.2,59.1,24.0,14.5,14.5,46.1,0,0,0,
2026-05-12,05:44:41,maceta1,40.0,43.0,73.0,71.5,72.2,26.0,25.5,,,0,0,0,Lectura invalida de DHT
2026-05-12,05:44:41,maceta2,62.0,62.0,58.8,59.0,58.9,18.7,17.2,14.5,46.1,0,0,0,
2026-05-12,05:45:07,maceta1,41.0,43.0,72.9,71.4,72.1,13.5,15.3,,,0,0,0,Lectura invalida de DHT
2026-05-12,05:45:07,maceta2,62.0,62.0,58.6,58.8,58.7,14.0,4.4,14.5,46.1,0,0,0,
2026-05-12,05:45:34,maceta1,41.0,43.0,72.7,71.3,72.0,0.5,21.2,,,0,0,0,Lectura invalida de DHT
2026-05-12,05:45:34,maceta2,62.0,62.0,58.4,58.6,58.5,6.5,9.7,,,0,0,0,Lectura invalida de DHT
2026-05-12,05:46:01,maceta1,41.0,43.0,72.5,71.2,71.9,12.8,5.8,,,0,0,0,Lectura invalida de DHT
2026-05-12,05:46:01,maceta2,63.0,62.0,58.2,58.4,58.3,10.0,12.3,14.5,46.1,0,0,0,
2026-05-12,05:46:28,maceta1,42.0,43.0,72.3,71.0,71.7,18.2,20.7,,,0,0,0,Lectura invalida de DHT
2026-05-12,05:46:28,maceta2,63.0,63.0,58.0,58.2,58.1,28.8,24.2,14.5,46.1,0,0,0,
2026-05-12,05:46:54,maceta1,42.0,44.0,72.2,70.9,71.6,16.7,8.2,,,0,0,0,Lectura invalida de DHT
2026-05-12,05:46:54,maceta2,63.0,63.0,57.9,58.1,58.0,15.6,23.1,,,0,0,0,Lectura invalida de DHT
2026-05-12,05:47:22,maceta1,42.0,44.0,72.1,70.7,71.4,19.5,25.0,,,0,0,0,Lectura invalida de DHT
2026-05-12,05:47:22,maceta2,63.0,63.0,57.7,58.0,57.9,12.0,6.7,14.5,46.1,0,0,0,
2026-05-12,05:47:49,maceta1,42.0,44.0,72.0,70.5,71.3,4.6,2.5,,,0,0,0,Lectura invalida de DHT
2026-05-12,05:47:49,maceta2,64.0,63.0,57.6,58.0,57.8,15.6,18.5,14.5,46.1,0,0,0,
2026-05-12,05:48:15,maceta1,42.0,45.0,71.8,70.3,71.1,19.4,23.2,,,0,0,0,Lectura invalida de DHT
2026-05-12,05:48:15,maceta2,64.0,63.0,57.5,57.8,57.6,23.4,7.3,,,0,0,0,Lectura invalida de DHT
2026-05-12,05:48:42,maceta1,42.0,45.0,71.7,70.2,71.0,5.5,3.0,,,0,0,0,Lectura invalida de DHT
2026-05-12,05:48:42,maceta2,64.0,63.0,57.3,57.7,57.5,10.2,29.6,14.5,46.1,0,0,0,
2026-05-12,05:49:09,maceta1,43.0,45.0,71.6,70.0,70.8,22.5,26.4,,,0,0,0,Lectura invalida de DHT
2026-05-12,05:49:09,maceta2,64.0,64.0,57.1,57.5,57.3,5.4,28.6,14.5,46.1,0,0,0,
2026-05-12,05:49:36,maceta1,43.0,45.0,71.4,69.9,70.6,10.2,9.1,,,0,0,0,Lectura invalida de DHT
2026-05-12,05:49:36,maceta2,64.0,64.0,57.1,57.4,57.2,17.5,16.9,,,0,0,0,Lectura invalida de DHT
2026-05-12,05:50:02,maceta1,43.0,46.0,71.3,69.6,70.4,21.3,19.6,,,0,0,0,Lectura invalida de DHT
2026-05-12,05:50:02,maceta2,65.0,64.0,56.9,57.2,57.0,20.0,21.0,14.5,46.1,0,0,0,
2026-05-12,05:50:29,maceta1,43.0,46.0,71.2,69.5,70.3,1.4,14.6,,,0,0,0,Lectura invalida de DHT
2026-05-12,05:50:29,maceta2,65.0,65.0,56.7,57.0,56.8,21.4,24.0,14.5,46.1,0,0,0,
2026-05-12,05:50:56,maceta1,44.0,46.0,71.0,69.4,70.2,12.2,11.0,,,0,0,0,Lectura invalida de DHT
2026-05-12,05:50:56,maceta2,65.0,65.0,56.5,56.9,56.7,26.5,21.6,14.5,46.1,0,0,0,
2026-05-12,05:51:23,maceta1,44.0,46.0,70.8,69.2,70.0,21.2,19.4,,,0,0,0,Lectura invalida de DHT
2026-05-12,05:51:23,maceta2,65.0,65.0,56.4,56.7,56.6,11.1,21.0,14.5,46.1,0,0,0,
2026-05-12,05:51:49,maceta1,44.0,46.0,70.6,69.2,69.9,6.8,28.4,,,0,0,0,Lectura invalida de DHT
2026-05-12,05:51:49,maceta2,66.0,65.0,56.2,56.5,56.4,2.3,28.8,14.5,46.1,0,0,0,
2026-05-12,05:52:16,maceta1,44.0,46.0,70.5,69.0,69.8,23.9,1.2,,,0,0,0,Lectura invalida de DHT
2026-05-12,05:52:16,maceta2,66.0,65.0,55.9,56.3,56.1,28.8,17.9,14.5,46.1,0,0,0,
2026-05-12,05:52:43,maceta1,44.0,47.0,70.4,68.8,69.6,18.9,27.6,,,0,0,0,Lectura invalida de DHT
2026-05-12,05:52:43,maceta2,66.0,66.0,55.7,56.3,56.0,13.1,19.1,14.5,46.1,0,0,0,
2026-05-12,05:53:10,maceta1,45.0,47.0,70.3,68.7,69.5,17.6,18.3,,,0,0,0,Lectura invalida de DHT
2026-05-12,05:53:10,maceta2,66.0,66.0,55.7,56.1,55.9,18.7,25.5,14.5,46.1,0,0,0,
2026-05-12,05:53:36,maceta1,45.0,47.0,70.0,68.5,69.3,10.6,24.2,,,0,0,0,Lectura invalida de DHT
2026-05-12,05:53:36,maceta2,67.0,66.0,55.6,56.0,55.8,20.0,20.1,14.5,46.1,0,0,0,
2026-05-12,05:54:03,maceta1,45.0,47.0,69.9,68.4,69.1,14.5,11.5,,,0,0,0,Lectura invalida de DHT
2026-05-12,05:54:03,maceta2,67.0,66.0,55.4,55.8,55.6,16.4,22.0,14.5,46.1,0,0,0,
2026-05-12,05:54:30,maceta1,45.0,48.0,69.8,68.1,69.0,17.9,14.2,,,0,0,0,Lectura invalida de DHT
2026-05-12,05:54:30,maceta2,67.0,67.0,55.3,55.6,55.4,6.2,7.0,14.4,46.1,0,0,0,
2026-05-12,05:54:57,maceta1,45.0,48.0,69.7,67.9,68.8,14.2,26.1,,,0,0,0,Lectura invalida de DHT
2026-05-12,05:54:57,maceta2,67.0,67.0,55.2,55.5,55.3,22.7,11.1,14.5,46.1,0,0,0,
2026-05-12,05:55:23,maceta1,46.0,48.0,69.5,67.7,68.6,20.9,12.4,,,0,0,0,Lectura invalida de DHT
2026-05-12,05:55:23,maceta2,67.0,67.0,55.0,55.3,55.1,24.1,4.4,,,0,0,0,Lectura invalida de DHT
2026-05-12,05:55:50,maceta1,46.0,49.0,69.5,67.4,68.5,13.0,16.0,,,0,0,0,Lectura invalida de DHT
2026-05-12,05:55:50,maceta2,68.0,67.0,55.0,55.2,55.1,16.6,15.2,14.5,46.1,0,0,0,
2026-05-12,05:56:17,maceta1,46.0,49.0,69.3,67.3,68.3,6.1,0.6,,,0,0,0,Lectura invalida de DHT
2026-05-12,05:56:17,maceta2,68.0,68.0,54.9,54.9,54.9,14.7,13.7,14.5,46.1,0,0,0,
2026-05-12,05:56:44,maceta1,46.0,49.0,69.1,67.1,68.1,6.4,4.8,,,0,0,0,Lectura invalida de DHT
2026-05-12,05:56:44,maceta2,68.0,68.0,54.7,54.8,54.7,3.4,29.9,,,0,0,0,Lectura invalida de DHT
2026-05-12,05:57:10,maceta1,47.0,50.0,68.8,67.0,67.9,0.2,19.3,,,0,0,0,Lectura invalida de DHT
2026-05-12,05:57:10,maceta2,68.0,68.0,54.6,54.6,54.6,2.5,18.3,,,0,0,0,Lectura invalida de DHT
2026-05-12,05:57:37,maceta1,47.0,50.0,68.7,66.8,67.7,9.0,21.5,,,0,0,0,Lectura invalida de DHT
2026-05-12,05:57:37,maceta2,68.0,68.0,54.5,54.4,54.4,10.2,23.6,14.5,46.1,0,0,0,
2026-05-12,05:58:04,maceta1,47.0,50.0,68.5,66.6,67.6,22.5,17.5,,,0,0,0,Lectura invalida de DHT
2026-05-12,05:58:04,maceta2,68.0,69.0,54.3,54.1,54.2,9.3,10.0,14.5,46.1,0,0,0,
2026-05-12,05:58:31,maceta1,48.0,50.0,68.3,66.6,67.4,23.8,4.3,,,0,0,0,Lectura invalida de DHT
2026-05-12,05:58:31,maceta2,69.0,69.0,54.2,54.0,54.1,28.6,24.9,14.4,46.1,0,0,0,
2026-05-12,05:58:58,maceta1,48.0,50.0,68.0,66.5,67.3,6.1,13.4,,,0,0,0,Lectura invalida de DHT
2026-05-12,05:58:58,maceta2,69.0,69.0,54.1,53.9,54.0,23.5,18.5,,,0,0,0,Lectura invalida de DHT
2026-05-12,05:59:24,maceta1,48.0,50.0,67.9,66.3,67.1,28.8,10.7,,,0,0,0,Lectura invalida de DHT
2026-05-12,05:59:24,maceta2,69.0,69.0,53.9,53.7,53.8,19.8,20.9,,,0,0,0,Lectura invalida de DHT
2026-05-12,05:59:51,maceta1,48.0,51.0,67.8,66.2,67.0,15.1,14.9,,,0,0,0,Lectura invalida de DHT
2026-05-12,05:59:51,maceta2,69.0,70.0,53.7,53.6,53.6,15.5,8.8,14.4,46.1,0,0,0,
2026-05-12,06:00:18,maceta1,49.0,51.0,67.6,66.1,66.9,6144.1,19510.2,,,1,0,0,Lectura invalida de DHT
2026-05-12,06:00:18,maceta2,70.0,70.0,53.6,53.4,53.5,6422.1,19306.2,14.4,46.1,1,0,0,
2026-05-12,06:00:45,maceta1,49.0,51.0,67.6,65.9,66.7,6131.4,20172.6,,,1,0,0,Lectura invalida de DHT
2026-05-12,06:00:45,maceta2,70.0,70.0,53.4,53.2,53.3,6152.2,20335.1,,,1,0,0,Lectura invalida de DHT
2026-05-12,06:01:11,maceta1,49.0,51.0,67.4,65.7,66.6,5921.2,21002.3,,,1,0,0,Lectura invalida de DHT
2026-05-12,06:01:11,maceta2,70.0,70.0,53.3,53.2,53.2,6114.5,21198.7,14.4,46.1,1,0,0,
2026-05-12,06:01:38,maceta1,49.0,52.0,67.2,65.5,66.4,6103.7,19450.4,,,1,0,0,Lectura invalida de DHT
2026-05-12,06:01:38,maceta2,70.0,71.0,53.2,52.9,53.1,6210.1,20025.1,14.4,46.2,1,0,0,
2026-05-12,06:02:05,maceta1,49.0,52.0,67.1,65.4,66.2,6079.0,19274.7,,,1,0,0,Lectura invalida de DHT
2026-05-12,06:02:05,maceta2,70.0,71.0,53.0,52.8,52.9,6237.3,20205.0,,,1,0,0,Lectura invalida de DHT
2026-05-12,06:02:32,maceta1,50.0,52.0,66.8,65.2,66.0,6231.1,21209.2,,,1,0,0,Lectura invalida de DHT
2026-05-12,06:02:32,maceta2,71.0,71.0,52.9,52.8,52.8,5850.2,19176.2,14.4,46.1,1,0,0,
2026-05-12,06:02:58,maceta1,50.0,53.0,66.7,64.9,65.8,6244.6,19857.3,,,1,0,0,Lectura invalida de DHT
2026-05-12,06:02:58,maceta2,71.0,71.0,52.8,52.5,52.7,6277.8,19695.4,14.4,46.2,1,0,0,
2026-05-12,06:03:25,maceta1,50.0,53.0,66.5,64.8,65.7,5831.7,20709.7,,,1,0,0,Lectura invalida de DHT
2026-05-12,06:03:25,maceta2,71.0,71.0,52.5,52.4,52.5,5969.4,19811.3,14.4,46.1,1,0,0,
2026-05-12,06:03:52,maceta1,50.0,53.0,66.4,64.6,65.5,6062.2,19063.4,,,1,0,0,Lectura invalida de DHT
2026-05-12,06:03:52,maceta2,71.0,72.0,52.4,52.2,52.3,6299.8,21362.8,14.4,46.1,1,0,0,
2026-05-12,06:04:19,maceta1,51.0,53.0,66.3,64.5,65.4,6238.1,20725.1,,,1,0,0,Lectura invalida de DHT
2026-05-12,06:04:19,maceta2,72.0,72.0,52.2,52.1,52.2,6375.8,19706.7,14.4,46.1,1,0,0,
2026-05-12,06:04:45,maceta1,51.0,53.0,66.3,64.4,65.3,6152.2,19790.3,,,1,0,0,Lectura invalida de DHT
2026-05-12,06:04:45,maceta2,72.0,72.0,52.0,51.9,52.0,6362.8,20152.2,14.4,46.1,1,0,0,
2026-05-12,06:05:12,maceta1,51.0,54.0,66.1,64.3,65.2,6399.5,19139.4,,,1,0,0,Lectura invalida de DHT
2026-05-12,06:05:12,maceta2,72.0,72.0,51.9,51.8,51.8,6186.8,20678.3,14.4,46.1,1,0,0,
2026-05-12,06:05:39,maceta1,51.0,54.0,66.0,64.0,65.0,6261.1,20524.5,,,1,0,0,Lectura invalida de DHT
2026-05-12,06:05:39,maceta2,72.0,73.0,51.7,51.6,51.6,6164.1,19405.5,14.4,46.2,1,0,0,
2026-05-12,06:06:06,maceta1,51.0,54.0,65.9,63.9,64.9,5914.1,19602.0,,,1,0,0,Lectura invalida de DHT
2026-05-12,06:06:06,maceta2,73.0,73.0,51.6,51.5,51.6,5900.0,20216.1,14.4,46.1,1,0,0,
2026-05-12,06:06:32,maceta1,51.0,54.0,65.8,63.8,64.8,5849.4,19967.0,,,1,0,0,Lectura invalida de DHT
2026-05-12,06:06:32,maceta2,73.0,73.0,51.5,51.3,51.4,6342.7,20846.3,14.4,46.2,1,0,0,
2026-05-12,06:06:59,maceta1,51.0,55.0,65.8,63.6,64.7,6249.7,19201.5,,,1,0,0,Lectura invalida de DHT
2026-05-12,06:06:59,maceta2,73.0,73.0,51.4,51.1,51.3,5990.0,21167.1,14.4,46.1,1,0,0,
2026-05-12,06:07:26,maceta1,52.0,55.0,65.6,63.5,64.6,5818.6,19367.9,,,1,0,0,Lectura invalida de DHT
2026-05-12,06:07:26,maceta2,73.0,73.0,51.2,51.0,51.1,6147.7,20565.6,14.4,46.2,1,0,0,
2026-05-12,06:07:53,maceta1,52.0,55.0,65.5,63.5,64.5,6210.0,19744.9,,,1,0,0,Lectura invalida de DHT
2026-05-12,06:07:53,maceta2,73.0,74.0,51.0,50.9,50.9,5999.0,20672.6,14.4,46.1,1,0,0,
2026-05-12,06:08:19,maceta1,52.0,55.0,65.2,63.3,64.3,6458.2,19224.4,,,1,0,0,Lectura invalida de DHT
2026-05-12,06:08:19,maceta2,74.0,74.0,50.9,50.8,50.8,5893.7,19315.7,14.4,46.1,1,0,0,
2026-05-12,06:08:46,maceta1,52.0,55.0,65.2,63.2,64.2,6202.8,21277.1,,,1,0,0,Lectura invalida de DHT
2026-05-12,06:08:46,maceta2,74.0,74.0,50.6,50.6,50.6,6240.7,21364.4,14.4,46.1,1,0,0,
2026-05-12,06:09:13,maceta1,53.0,55.0,64.9,63.0,64.0,6071.7,19015.1,,,1,0,0,Lectura invalida de DHT
2026-05-12,06:09:13,maceta2,74.0,75.0,50.6,50.3,50.5,5838.0,19331.4,14.4,46.2,1,0,0,
2026-05-12,06:09:40,maceta1,53.0,56.0,64.8,62.9,63.8,6250.3,20209.7,,,1,0,0,Lectura invalida de DHT
2026-05-12,06:09:40,maceta2,74.0,75.0,50.4,50.2,50.3,6324.1,20936.7,,,1,0,0,Lectura invalida de DHT
2026-05-12,06:10:06,maceta1,53.0,56.0,64.6,62.7,63.6,6120.8,19308.1,,,1,0,0,Lectura invalida de DHT
2026-05-12,06:10:06,maceta2,75.0,75.0,50.3,50.1,50.2,6022.3,19662.0,,,1,0,0,Lectura invalida de DHT
2026-05-12,06:10:33,maceta1,53.0,56.0,64.4,62.5,63.4,6181.9,19769.2,,,1,0,0,Lectura invalida de DHT
2026-05-12,06:10:33,maceta2,75.0,75.0,50.1,50.0,50.1,5800.1,21334.0,14.4,46.1,1,0,1,
2026-05-12,06:11:00,maceta1,54.0,57.0,64.2,62.3,63.3,6459.0,21315.1,,,1,0,0,Lectura invalida de DHT
2026-05-12,06:11:00,maceta2,27.0,27.0,82.0,81.8,81.9,6157.8,20799.9,14.4,46.2,1,0,0,
2026-05-12,06:11:26,maceta1,54.0,57.0,64.1,62.1,63.1,6070.3,19404.2,,,1,0,0,Lectura invalida de DHT
2026-05-12,06:11:26,maceta2,27.0,27.0,81.9,81.7,81.8,5832.8,20884.5,14.4,46.1,1,0,0,
2026-05-12,06:11:53,maceta1,54.0,57.0,63.9,61.9,62.9,6472.8,21414.6,,,1,0,0,Lectura invalida de DHT
2026-05-12,06:11:53,maceta2,27.0,28.0,81.7,81.5,81.6,5993.3,19547.6,14.4,46.2,1,0,0,
2026-05-12,06:12:20,maceta1,54.0,57.0,63.9,61.8,62.8,6433.7,19514.5,,,1,0,0,Lectura invalida de DHT
2026-05-12,06:12:20,maceta2,28.0,28.0,81.6,81.4,81.5,6294.9,20107.6,14.4,46.2,1,0,0,
2026-05-12,06:12:47,maceta1,55.0,58.0,63.6,61.6,62.6,5937.1,20853.9,,,1,0,0,Lectura invalida de DHT
2026-05-12,06:12:47,maceta2,28.0,28.0,81.6,81.3,81.4,5843.9,20544.5,14.4,46.2,1,0,0,
2026-05-12,06:13:13,maceta1,55.0,58.0,63.5,61.6,62.5,5848.6,20366.7,,,1,0,0,Lectura invalida de DHT
2026-05-12,06:13:13,maceta2,28.0,28.0,81.4,81.1,81.2,6387.5,20924.9,,,1,0,0,Lectura invalida de DHT
2026-05-12,06:13:40,maceta1,55.0,58.0,63.4,61.3,62.4,5870.5,21211.2,,,1,0,0,Lectura invalida de DHT
2026-05-12,06:13:40,maceta2,28.0,29.0,81.2,81.0,81.1,5802.7,19259.9,14.4,46.2,1,0,0,
2026-05-12,06:14:07,maceta1,55.0,58.0,63.2,61.1,62.1,5812.8,20385.0,,,1,0,0,Lectura invalida de DHT
2026-05-12,06:14:07,maceta2,28.0,29.0,81.1,80.9,81.0,5972.8,21405.9,,,1,0,0,Lectura invalida de DHT
2026-05-12,06:14:34,maceta1,56.0,59.0,63.0,60.9,61.9,5866.1,20336.4,,,1,0,0,Lectura invalida de DHT
2026-05-12,06:14:34,maceta2,29.0,29.0,80.9,80.8,80.9,6318.6,21225.6,14.4,46.2,1,0,0,
2026-05-12,06:15:00,maceta1,56.0,59.0,62.8,60.8,61.8,6278.1,19488.6,,,1,0,0,Lectura invalida de DHT
2026-05-12,06:15:00,maceta2,29.0,29.0,80.7,80.6,80.7,6021.4,19675.9,,,1,0,0,Lectura invalida de DHT
2026-05-12,06:15:27,maceta1,56.0,59.0,62.6,60.6,61.6,5849.8,19415.6,,,1,0,0,Lectura invalida de DHT
2026-05-12,06:15:27,maceta2,29.0,29.0,80.6,80.5,80.5,5871.3,21056.9,14.4,46.2,1,0,0,
2026-05-12,06:15:54,maceta1,56.0,59.0,62.4,60.6,61.5,6023.3,21291.2,,,1,0,0,Lectura invalida de DHT
2026-05-12,06:15:54,maceta2,29.0,29.0,80.4,80.4,80.4,6052.2,20295.8,14.4,46.2,1,0,0,
2026-05-12,06:16:21,maceta1,57.0,59.0,62.3,60.3,61.3,6391.4,19819.6,,,1,0,0,Lectura invalida de DHT
2026-05-12,06:16:21,maceta2,30.0,30.0,80.3,80.3,80.3,5989.3,20154.5,14.4,46.2,1,0,0,
2026-05-12,06:16:48,maceta1,57.0,60.0,62.1,60.2,61.1,5816.3,19930.2,,,1,0,0,Lectura invalida de DHT
2026-05-12,06:16:48,maceta2,30.0,30.0,80.1,80.2,80.1,6389.9,19786.1,14.4,46.2,1,0,0,
2026-05-12,06:17:14,maceta1,57.0,60.0,62.0,59.9,61.0,6370.1,20899.6,,,1,0,0,Lectura invalida de DHT
2026-05-12,06:17:14,maceta2,30.0,30.0,79.9,80.0,79.9,6019.3,20452.4,,,1,0,0,Lectura invalida de DHT
2026-05-12,06:17:41,maceta1,57.0,60.0,61.8,59.8,60.8,5997.3,19847.1,,,1,0,0,Lectura invalida de DHT
2026-05-12,06:17:41,maceta2,31.0,30.0,79.7,79.9,79.8,6352.3,20824.7,14.4,46.2,1,0,0,
2026-05-12,06:18:08,maceta1,57.0,60.0,61.7,59.7,60.7,5882.7,21380.2,,,1,0,0,Lectura invalida de DHT
2026-05-12,06:18:08,maceta2,31.0,30.0,79.4,79.8,79.6,6424.3,20027.3,14.4,46.2,1,0,0,
2026-05-12,06:18:35,maceta1,58.0,61.0,61.5,59.4,60.5,6287.7,20844.8,,,1,0,0,Lectura invalida de DHT
2026-05-12,06:18:35,maceta2,31.0,31.0,79.3,79.5,79.4,6103.7,20573.0,,,1,0,0,Lectura invalida de DHT
2026-05-12,06:19:01,maceta1,58.0,61.0,61.5,59.4,60.4,6240.3,20493.6,,,1,0,0,Lectura invalida de DHT
2026-05-12,06:19:01,maceta2,31.0,31.0,79.3,79.3,79.3,6437.0,20748.3,14.4,46.2,1,0,0,
2026-05-12,06:19:28,maceta1,58.0,61.0,61.4,59.3,60.3,6414.2,21202.2,,,1,0,0,Lectura invalida de DHT
2026-05-12,06:19:28,maceta2,31.0,31.0,79.1,79.0,79.1,6064.1,20777.8,14.4,46.2,1,0,0,
2026-05-12,06:19:55,maceta1,58.0,61.0,61.3,59.2,60.2,6314.5,19124.0,,,1,0,0,Lectura invalida de DHT
2026-05-12,06:19:55,maceta2,32.0,32.0,79.0,78.8,78.9,6474.9,19129.9,14.4,46.2,1,0,0,
2026-05-12,06:20:21,maceta1,58.0,61.0,61.3,59.1,60.2,6362.4,19642.7,,,1,0,0,Lectura invalida de DHT
2026-05-12,06:20:21,maceta2,32.0,32.0,78.9,78.7,78.8,5862.5,21149.4,14.4,46.2,1,0,0,
2026-05-12,06:20:48,maceta1,58.0,61.0,61.2,59.0,60.1,5997.4,20162.6,,,1,0,0,Lectura invalida de DHT
2026-05-12,06:20:48,maceta2,32.0,32.0,78.7,78.5,78.6,6280.9,20145.6,14.4,46.2,1,0,0,
2026-05-12,06:21:15,maceta1,59.0,62.0,61.0,58.9,59.9,5924.2,19567.4,,,1,0,0,Lectura invalida de DHT
2026-05-12,06:21:15,maceta2,32.0,32.0,78.6,78.3,78.5,6145.7,19656.0,14.4,46.2,1,0,0,
2026-05-12,06:21:42,maceta1,59.0,62.0,60.9,58.7,59.8,6325.4,20859.8,,,1,0,0,Lectura invalida de DHT
2026-05-12,06:21:42,maceta2,32.0,33.0,78.5,78.3,78.4,6071.4,19604.4,14.4,46.2,1,0,0,
2026-05-12,06:22:08,maceta1,59.0,62.0,60.7,58.4,59.6,6364.8,21298.0,,,1,0,0,Lectura invalida de DHT
2026-05-12,06:22:08,maceta2,32.0,33.0,78.4,78.1,78.2,6242.9,20207.5,14.4,46.2,1,0,0,
2026-05-12,06:22:35,maceta1,59.0,63.0,60.6,58.2,59.4,6493.4,20059.4,,,1,0,0,Lectura invalida de DHT
2026-05-12,06:22:35,maceta2,33.0,33.0,78.3,77.9,78.1,6292.7,21217.1,14.4,46.2,1,0,0,
2026-05-12,06:23:02,maceta1,59.0,63.0,60.5,58.2,59.3,6088.8,19855.3,,,1,0,0,Lectura invalida de DHT
2026-05-12,06:23:02,maceta2,33.0,33.0,78.0,77.9,77.9,5803.1,19945.9,,,1,0,0,Lectura invalida de DHT
2026-05-12,06:23:29,maceta1,59.0,63.0,60.4,58.1,59.2,6060.4,21403.9,,,1,0,0,Lectura invalida de DHT
2026-05-12,06:23:29,maceta2,33.0,33.0,77.8,77.7,77.8,5916.9,20874.3,14.4,46.2,1,0,0,
2026-05-12,06:23:55,maceta1,60.0,63.0,60.2,57.9,59.1,6343.5,20112.1,,,1,0,0,Lectura invalida de DHT
2026-05-12,06:23:55,maceta2,34.0,34.0,77.6,77.5,77.6,6299.1,19242.0,,,1,0,0,Lectura invalida de DHT
2026-05-12,06:24:22,maceta1,60.0,63.0,60.0,57.8,58.9,6038.6,20222.6,,,1,0,0,Lectura invalida de DHT
2026-05-12,06:24:22,maceta2,34.0,34.0,77.4,77.4,77.4,6266.5,20190.1,14.4,46.2,1,0,0,
2026-05-12,06:24:49,maceta1,60.0,64.0,59.9,57.7,58.8,6451.5,19879.1,,,1,0,0,Lectura invalida de DHT
2026-05-12,06:24:49,maceta2,34.0,34.0,77.3,77.2,77.2,6476.2,21479.2,14.4,46.2,1,0,0,
2026-05-12,06:25:16,maceta1,60.0,64.0,59.8,57.4,58.6,6400.9,21273.9,,,1,0,0,Lectura invalida de DHT
2026-05-12,06:25:16,maceta2,34.0,34.0,77.2,77.2,77.2,6332.7,20926.1,,,1,0,0,Lectura invalida de DHT
2026-05-12,06:25:42,maceta1,61.0,64.0,59.6,57.2,58.4,6100.3,20422.4,,,1,0,0,Lectura invalida de DHT
2026-05-12,06:25:42,maceta2,34.0,35.0,77.0,77.0,77.0,6465.5,19526.3,14.4,46.2,1,0,0,
2026-05-12,06:26:09,maceta1,61.0,64.0,59.4,57.0,58.2,6325.6,20905.4,,,1,0,0,Lectura invalida de DHT
2026-05-12,06:26:09,maceta2,35.0,35.0,76.9,76.7,76.8,6291.8,20253.6,14.4,46.2,1,0,0,
2026-05-12,06:26:36,maceta1,61.0,65.0,59.3,56.9,58.1,6328.2,21029.5,,,1,0,0,Lectura invalida de DHT
2026-05-12,06:26:36,maceta2,35.0,35.0,76.7,76.5,76.6,6008.6,19584.1,14.4,46.2,1,0,0,
2026-05-12,06:27:03,maceta1,61.0,65.0,59.1,56.7,57.9,5872.2,19854.6,,,1,0,0,Lectura invalida de DHT
2026-05-12,06:27:03,maceta2,35.0,35.0,76.4,76.3,76.4,5873.8,20023.9,14.4,46.2,1,0,0,
2026-05-12,06:27:29,maceta1,62.0,65.0,59.0,56.6,57.8,6431.8,20084.2,,,1,0,0,Lectura invalida de DHT
2026-05-12,06:27:29,maceta2,36.0,36.0,76.2,76.2,76.2,6347.3,20950.2,14.4,46.2,1,0,0,
2026-05-12,06:27:56,maceta1,62.0,65.0,58.8,56.3,57.6,6153.7,21121.2,,,1,0,0,Lectura invalida de DHT
2026-05-12,06:27:56,maceta2,36.0,36.0,76.0,75.9,76.0,6250.9,20928.1,14.4,46.2,1,0,0,
2026-05-12,06:28:23,maceta1,62.0,66.0,58.7,56.2,57.4,6378.5,19908.1,,,1,0,0,Lectura invalida de DHT
2026-05-12,06:28:23,maceta2,36.0,36.0,75.9,75.9,75.9,5833.7,19570.3,,,1,0,0,Lectura invalida de DHT
2026-05-12,06:28:50,maceta1,62.0,66.0,58.6,56.0,57.3,6024.0,20984.8,,,1,0,0,Lectura invalida de DHT
2026-05-12,06:28:50,maceta2,36.0,37.0,75.8,75.6,75.7,6052.0,21305.6,14.4,46.2,1,0,0,
2026-05-12,06:29:17,maceta1,62.0,66.0,58.5,56.0,57.2,6426.9,21352.5,,,1,0,0,Lectura invalida de DHT
2026-05-12,06:29:17,maceta2,37.0,37.0,75.6,75.5,75.6,6469.8,20481.4,14.4,46.2,1,0,0,
2026-05-12,06:29:43,maceta1,62.0,66.0,58.4,55.8,57.1,6072.4,20558.0,,,1,0,0,Lectura invalida de DHT
2026-05-12,06:29:43,maceta2,37.0,37.0,75.5,75.3,75.4,6150.3,19949.8,14.4,46.2,1,0,0,
2026-05-12,06:30:10,maceta1,63.0,67.0,58.2,55.6,56.9,5807.6,20854.1,,,1,0,0,Lectura invalida de DHT
2026-05-12,06:30:10,maceta2,37.0,37.0,75.3,75.2,75.3,6102.9,20254.8,14.4,46.2,1,0,0,
2026-05-12,06:30:37,maceta1,63.0,67.0,58.1,55.4,56.8,6433.8,21012.7,,,1,0,0,Lectura invalida de DHT
2026-05-12,06:30:37,maceta2,37.0,38.0,75.2,75.0,75.1,6120.4,20512.7,14.3,46.3,1,0,0,
2026-05-12,06:31:03,maceta1,63.0,67.0,57.9,55.3,56.6,5863.9,21112.6,,,1,0,0,Lectura invalida de DHT
2026-05-12,06:31:03,maceta2,38.0,38.0,75.0,74.9,74.9,5946.2,20399.7,14.4,46.2,1,0,0,
2026-05-12,06:31:30,maceta1,63.0,67.0,57.8,55.2,56.5,6023.5,19987.6,,,1,0,0,Lectura invalida de DHT
2026-05-12,06:31:30,maceta2,38.0,38.0,74.9,74.7,74.8,6058.1,20216.0,14.4,46.2,1,0,0,
2026-05-12,06:31:57,maceta1,64.0,68.0,57.6,54.9,56.3,6465.0,19128.2,,,1,0,0,Lectura invalida de DHT
2026-05-12,06:31:57,maceta2,38.0,38.0,74.7,74.5,74.6,6058.9,20262.3,14.4,46.2,1,0,0,
2026-05-12,06:32:24,maceta1,64.0,68.0,57.4,54.7,56.1,6465.4,20004.7,,,1,0,0,Lectura invalida de DHT
2026-05-12,06:32:24,maceta2,38.0,38.0,74.6,74.4,74.5,5836.6,19441.0,14.4,46.3,1,0,0,
2026-05-12,06:32:51,maceta1,64.0,68.0,57.3,54.6,56.0,6201.4,20684.4,,,1,0,0,Lectura invalida de DHT
2026-05-12,06:32:51,maceta2,38.0,39.0,74.3,74.3,74.3,6337.3,21031.8,14.4,46.2,1,0,0,
2026-05-12,06:33:17,maceta1,64.0,68.0,57.1,54.5,55.8,6242.3,20125.9,,,1,0,0,Lectura invalida de DHT
2026-05-12,06:33:17,maceta2,39.0,39.0,74.3,74.1,74.2,6091.6,20354.4,14.4,46.2,1,0,0,
2026-05-12,06:33:44,maceta1,65.0,68.0,57.0,54.3,55.7,6113.9,20872.4,,,1,0,0,Lectura invalida de DHT
2026-05-12,06:33:44,maceta2,39.0,39.0,74.0,73.9,74.0,6375.5,19327.7,14.3,46.2,1,0,0,
2026-05-12,06:34:11,maceta1,65.0,69.0,56.8,54.3,55.6,6005.2,19892.5,,,1,0,0,Lectura invalida de DHT
2026-05-12,06:34:11,maceta2,39.0,39.0,73.8,73.8,73.8,6395.2,20915.4,14.4,46.2,1,0,0,
2026-05-12,06:34:38,maceta1,65.0,69.0,56.7,54.2,55.4,6030.1,20586.9,,,1,0,0,Lectura invalida de DHT
2026-05-12,06:34:38,maceta2,39.0,39.0,73.8,73.7,73.7,5948.4,21331.1,14.3,46.2,1,0,0,
2026-05-12,06:35:04,maceta1,65.0,69.0,56.5,54.0,55.3,6270.8,19466.0,,,1,0,0,Lectura invalida de DHT
2026-05-12,06:35:04,maceta2,40.0,40.0,73.6,73.6,73.6,6260.1,21368.3,14.4,46.2,1,0,0,
2026-05-12,06:35:31,maceta1,66.0,69.0,56.3,53.9,55.1,6326.7,20873.4,,,1,0,0,Lectura invalida de DHT
2026-05-12,06:35:31,maceta2,40.0,40.0,73.4,73.6,73.5,6130.6,19922.5,,,1,0,0,Lectura invalida de DHT
2026-05-12,06:35:58,maceta1,66.0,69.0,56.1,53.8,54.9,6354.1,20364.2,,,1,0,0,Lectura invalida de DHT
2026-05-12,06:35:58,maceta2,40.0,40.0,73.2,73.4,73.3,6416.1,19338.8,,,1,0,0,Lectura invalida de DHT
2026-05-12,06:36:25,maceta1,66.0,70.0,55.9,53.6,54.7,6352.7,19510.2,,,1,0,0,Lectura invalida de DHT
2026-05-12,06:36:25,maceta2,40.0,40.0,73.1,73.3,73.2,5951.0,20296.0,14.3,46.2,1,0,0,
2026-05-12,06:36:51,maceta1,66.0,70.0,55.8,53.4,54.6,5863.8,19729.8,,,1,0,0,Lectura invalida de DHT
2026-05-12,06:36:51,maceta2,41.0,40.0,72.8,73.1,73.0,6274.5,19281.5,14.3,46.3,1,0,0,
2026-05-12,06:37:18,maceta1,67.0,70.0,55.6,53.3,54.4,6146.1,20871.5,,,1,0,0,Lectura invalida de DHT
2026-05-12,06:37:18,maceta2,41.0,41.0,72.6,73.0,72.8,6225.4,21335.0,14.3,46.2,1,0,0,
2026-05-12,06:37:45,maceta1,67.0,70.0,55.4,53.2,54.3,5840.3,20206.5,,,1,0,0,Lectura invalida de DHT
2026-05-12,06:37:45,maceta2,41.0,41.0,72.6,72.8,72.7,6006.7,19458.9,,,1,0,0,Lectura invalida de DHT
2026-05-12,06:38:12,maceta1,67.0,70.0,55.1,53.1,54.1,6184.7,19540.1,,,1,0,0,Lectura invalida de DHT
2026-05-12,06:38:12,maceta2,41.0,41.0,72.4,72.6,72.5,5895.6,19631.9,,,1,0,0,Lectura invalida de DHT
2026-05-12,06:38:38,maceta1,68.0,71.0,54.9,52.9,53.9,6109.1,21418.2,,,1,0,0,Lectura invalida de DHT
2026-05-12,06:38:38,maceta2,42.0,41.0,72.2,72.5,72.3,6256.1,20016.6,14.4,46.2,1,0,0,
2026-05-12,06:39:05,maceta1,68.0,71.0,54.7,52.7,53.7,6421.4,20787.8,,,1,0,0,Lectura invalida de DHT
2026-05-12,06:39:05,maceta2,42.0,41.0,72.1,72.4,72.2,6317.0,19957.9,,,1,0,0,Lectura invalida de DHT
2026-05-12,06:39:32,maceta1,68.0,71.0,54.7,52.6,53.6,6045.6,21392.8,,,1,0,0,Lectura invalida de DHT
2026-05-12,06:39:32,maceta2,42.0,42.0,71.9,72.3,72.1,6020.9,20986.7,14.3,46.2,1,0,0,
2026-05-12,06:39:59,maceta1,68.0,71.0,54.6,52.6,53.6,5881.9,20067.8,,,1,0,0,Lectura invalida de DHT
2026-05-12,06:39:59,maceta2,42.0,42.0,71.7,72.1,71.9,6251.4,20140.8,14.3,46.3,1,0,0,
2026-05-12,06:40:25,maceta1,68.0,71.0,54.4,52.5,53.4,5900.1,20187.8,,,1,0,0,Lectura invalida de DHT
2026-05-12,06:40:25,maceta2,43.0,42.0,71.5,72.1,71.8,6076.6,19426.9,14.4,46.2,1,0,0,
2026-05-12,06:40:52,maceta1,69.0,72.0,54.2,52.3,53.3,6333.1,21244.9,,,1,0,0,Lectura invalida de DHT
2026-05-12,06:40:52,maceta2,43.0,42.0,71.4,71.9,71.7,6299.2,19668.0,,,1,0,0,Lectura invalida de DHT
2026-05-12,06:41:19,maceta1,69.0,72.0,54.0,52.1,53.1,6232.8,20312.6,,,1,0,0,Lectura invalida de DHT
2026-05-12,06:41:19,maceta2,43.0,42.0,71.3,71.9,71.6,5939.5,20272.8,14.3,46.3,1,0,0,
2026-05-12,06:41:46,maceta1,69.0,72.0,53.9,52.0,53.0,5870.8,20768.2,,,1,0,0,Lectura invalida de DHT
2026-05-12,06:41:46,maceta2,43.0,42.0,71.3,71.7,71.5,6423.2,19368.6,14.3,46.3,1,0,0,
2026-05-12,06:42:12,maceta1,69.0,72.0,53.8,51.8,52.8,5858.9,19630.4,,,1,0,0,Lectura invalida de DHT
2026-05-12,06:42:12,maceta2,43.0,43.0,71.1,71.6,71.4,6001.2,20529.1,14.3,46.3,1,0,0,
2026-05-12,06:42:39,maceta1,70.0,72.0,53.6,51.7,52.7,6290.7,20116.8,,,1,0,0,Lectura invalida de DHT
2026-05-12,06:42:39,maceta2,43.0,43.0,71.0,71.5,71.3,6057.5,20414.4,14.3,46.3,1,0,0,
2026-05-12,06:43:06,maceta1,70.0,72.0,53.4,51.7,52.5,5850.9,19308.6,,,1,0,0,Lectura invalida de DHT
2026-05-12,06:43:06,maceta2,44.0,43.0,70.9,71.4,71.1,5840.7,20786.8,14.3,46.3,1,0,0,
2026-05-12,06:43:33,maceta1,70.0,73.0,53.2,51.5,52.4,6375.3,19515.0,,,1,0,0,Lectura invalida de DHT
2026-05-12,06:43:33,maceta2,44.0,43.0,70.7,71.3,71.0,5878.1,21344.3,14.3,46.3,1,0,0,
2026-05-12,06:43:59,maceta1,70.0,73.0,53.0,51.3,52.2,6294.4,19002.4,,,1,0,0,Lectura invalida de DHT
2026-05-12,06:43:59,maceta2,44.0,43.0,70.5,71.3,70.9,6161.1,21280.6,,,1,0,0,Lectura invalida de DHT
2026-05-12,06:44:26,maceta1,71.0,73.0,52.8,51.2,52.0,5856.9,19098.2,,,1,0,0,Lectura invalida de DHT
2026-05-12,06:44:26,maceta2,45.0,43.0,70.2,71.0,70.6,5987.3,21365.2,14.3,46.2,1,0,0,
2026-05-12,06:44:53,maceta1,71.0,74.0,52.7,51.0,51.8,5859.4,21443.2,,,1,0,0,Lectura invalida de DHT
2026-05-12,06:44:53,maceta2,45.0,44.0,70.0,70.8,70.4,6384.8,19611.8,14.3,46.3,1,0,0,
2026-05-12,06:45:25,maceta1,71.0,74.0,52.6,50.9,51.7,6490.6,19605.9,,,1,0,0,Lectura invalida de DHT
2026-05-12,06:45:25,maceta2,45.0,44.0,70.0,70.7,70.3,5810.3,19328.9,14.3,46.3,1,0,0,
2026-05-12,06:45:52,maceta1,71.0,74.0,52.4,50.8,51.6,6062.0,20658.3,,,1,0,0,Lectura invalida de DHT
2026-05-12,06:45:52,maceta2,45.0,44.0,69.9,70.6,70.2,6065.4,19755.7,,,1,0,0,Lectura invalida de DHT
2026-05-12,06:46:19,maceta1,71.0,74.0,52.3,50.5,51.4,6059.4,21097.7,,,1,0,0,Lectura invalida de DHT
2026-05-12,06:46:19,maceta2,45.0,44.0,69.8,70.5,70.1,6036.1,21237.7,14.3,46.3,1,0,0,
2026-05-12,06:46:45,maceta1,72.0,74.0,52.2,50.4,51.3,6369.0,20376.7,,,1,0,0,Lectura invalida de DHT
2026-05-12,06:46:45,maceta2,45.0,45.0,69.7,70.3,70.0,5813.5,21430.1,14.3,46.3,1,0,0,
2026-05-12,06:47:12,maceta1,72.0,75.0,52.0,50.2,51.1,6463.1,19382.9,,,1,0,0,Lectura invalida de DHT
2026-05-12,06:47:12,maceta2,46.0,45.0,69.6,70.2,69.9,5887.1,21148.3,14.3,46.3,1,0,0,
2026-05-12,06:47:39,maceta1,72.0,75.0,51.9,50.0,51.0,6490.2,20820.3,,,1,0,0,Lectura invalida de DHT
2026-05-12,06:47:39,maceta2,46.0,45.0,69.4,70.0,69.7,6089.5,19275.0,,,1,0,0,Lectura invalida de DHT
2026-05-12,06:48:06,maceta1,72.0,75.0,51.7,49.9,50.8,6327.4,20500.6,,,1,0,1,Lectura invalida de DHT
2026-05-12,06:48:06,maceta2,46.0,45.0,69.2,69.9,69.5,6145.0,21368.6,14.3,46.3,1,0,0,
2026-05-12,06:48:32,maceta1,26.0,28.0,82.8,81.1,81.9,6063.4,20828.1,,,1,0,0,Lectura invalida de DHT
2026-05-12,06:48:32,maceta2,46.0,45.0,69.0,69.8,69.4,6083.0,20058.4,14.3,46.3,1,0,0,
2026-05-12,06:48:59,maceta1,26.0,29.0,82.7,80.9,81.8,5858.5,20924.4,,,1,0,0,Lectura invalida de DHT
2026-05-12,06:48:59,maceta2,47.0,45.0,68.8,69.7,69.2,6171.7,19023.3,14.3,46.3,1,0,0,
2026-05-12,06:49:26,maceta1,26.0,29.0,82.5,80.8,81.6,6344.0,21438.5,,,1,0,0,Lectura invalida de DHT
2026-05-12,06:49:26,maceta2,47.0,46.0,68.7,69.4,69.0,6216.6,20106.0,14.3,46.3,1,0,0,
2026-05-12,06:49:53,maceta1,27.0,29.0,82.3,80.7,81.5,6190.9,20433.9,,,1,0,0,Lectura invalida de DHT
2026-05-12,06:49:53,maceta2,47.0,46.0,68.4,69.3,68.8,5806.9,19115.2,14.3,46.3,1,0,0,
2026-05-12,06:50:20,maceta1,27.0,29.0,82.1,80.6,81.3,6097.0,19854.1,,,1,0,0,Lectura invalida de DHT
2026-05-12,06:50:20,maceta2,47.0,46.0,68.4,69.1,68.7,6124.9,20359.7,14.3,46.3,1,0,0,
2026-05-12,06:50:46,maceta1,27.0,29.0,81.9,80.4,81.1,6434.4,20621.2,,,1,0,0,Lectura invalida de DHT
2026-05-12,06:50:46,maceta2,48.0,47.0,68.2,68.9,68.6,6474.4,19846.4,14.3,46.3,1,0,0,
2026-05-12,06:51:13,maceta1,27.0,30.0,81.7,80.1,80.9,5877.8,19171.1,,,1,0,0,Lectura invalida de DHT
2026-05-12,06:51:13,maceta2,48.0,47.0,68.2,68.8,68.5,6163.3,20183.6,14.3,46.3,1,0,0,
2026-05-12,06:51:40,maceta1,28.0,30.0,81.6,79.9,80.7,6144.8,21243.5,,,1,0,0,Lectura invalida de DHT
2026-05-12,06:51:40,maceta2,48.0,47.0,68.0,68.7,68.3,6274.3,20532.9,14.3,46.3,1,0,0,
2026-05-12,06:52:07,maceta1,28.0,30.0,81.4,79.8,80.6,5807.9,19298.5,,,1,0,0,Lectura invalida de DHT
2026-05-12,06:52:07,maceta2,48.0,47.0,67.7,68.6,68.2,6018.3,21172.0,,,1,0,0,Lectura invalida de DHT
2026-05-12,06:52:33,maceta1,28.0,31.0,81.2,79.6,80.4,6128.1,19819.6,,,1,0,0,Lectura invalida de DHT
2026-05-12,06:52:33,maceta2,49.0,47.0,67.7,68.4,68.0,6341.8,20654.8,14.3,46.3,1,0,0,
2026-05-12,06:53:00,maceta1,29.0,31.0,81.0,79.4,80.2,5839.4,21039.4,,,1,0,0,Lectura invalida de DHT
2026-05-12,06:53:00,maceta2,49.0,48.0,67.4,68.2,67.8,6341.0,20085.1,14.3,46.3,1,0,0,
2026-05-12,06:53:27,maceta1,29.0,31.0,80.9,79.3,80.1,5883.2,20493.3,,,1,0,0,Lectura invalida de DHT
2026-05-12,06:53:27,maceta2,49.0,48.0,67.2,68.1,67.7,6164.9,21048.6,,,1,0,0,Lectura invalida de DHT
2026-05-12,06:53:54,maceta1,29.0,31.0,80.8,79.1,79.9,5882.3,19984.1,,,1,0,0,Lectura invalida de DHT
2026-05-12,06:53:54,maceta2,50.0,48.0,67.0,67.8,67.4,6483.2,21264.0,14.3,46.4,1,0,0,
2026-05-12,06:54:20,maceta1,29.0,32.0,80.6,78.8,79.7,6254.4,20183.6,,,1,0,0,Lectura invalida de DHT
2026-05-12,06:54:20,maceta2,50.0,48.0,66.9,67.7,67.3,5887.9,19299.4,,,1,0,0,Lectura invalida de DHT
2026-05-12,06:54:47,maceta1,29.0,32.0,80.4,78.6,79.5,6322.2,21136.4,,,1,0,0,Lectura invalida de DHT
2026-05-12,06:54:47,maceta2,50.0,49.0,66.8,67.5,67.1,5811.9,20329.8,14.3,46.3,1,0,0,
2026-05-12,06:55:14,maceta1,30.0,32.0,80.2,78.5,79.3,6208.4,19850.0,,,1,0,0,Lectura invalida de DHT
2026-05-12,06:55:14,maceta2,50.0,49.0,66.5,67.5,67.0,6339.1,19711.3,,,1,0,0,Lectura invalida de DHT
2026-05-12,06:55:41,maceta1,30.0,33.0,80.1,78.3,79.2,6473.5,21174.1,,,1,0,0,Lectura invalida de DHT
2026-05-12,06:55:41,maceta2,51.0,49.0,66.3,67.4,66.9,6365.0,19117.7,14.3,46.4,1,0,0,
2026-05-12,06:56:07,maceta1,30.0,33.0,79.9,78.0,79.0,6062.4,19220.3,,,1,0,0,Lectura invalida de DHT
2026-05-12,06:56:07,maceta2,51.0,49.0,66.2,67.2,66.7,5884.1,20671.4,14.3,46.3,1,0,0,
2026-05-12,06:56:34,maceta1,30.0,33.0,79.7,77.8,78.7,6000.0,20942.0,,,1,0,0,Lectura invalida de DHT
2026-05-12,06:56:34,maceta2,51.0,49.0,66.1,67.1,66.6,5985.9,21156.9,14.3,46.3,1,0,0,
2026-05-12,06:57:01,maceta1,31.0,33.0,79.6,77.7,78.7,6408.0,21118.9,,,1,0,0,Lectura invalida de DHT
2026-05-12,06:57:01,maceta2,51.0,50.0,65.8,66.9,66.3,5812.3,19407.3,14.3,46.4,1,0,0,
2026-05-12,06:57:28,maceta1,31.0,34.0,79.4,77.6,78.5,5956.5,19454.5,,,1,0,0,Lectura invalida de DHT
2026-05-12,06:57:28,maceta2,51.0,50.0,65.7,66.8,66.2,6005.3,21031.0,14.3,46.3,1,0,0,
2026-05-12,06:57:55,maceta1,31.0,34.0,79.3,77.5,78.4,6474.3,20075.9,,,1,0,0,Lectura invalida de DHT
2026-05-12,06:57:55,maceta2,52.0,50.0,65.5,66.6,66.0,6341.2,21133.5,14.3,46.4,1,0,0,
2026-05-12,06:58:21,maceta1,31.0,34.0,79.1,77.3,78.2,5808.5,19413.7,,,1,0,0,Lectura invalida de DHT
2026-05-12,06:58:21,maceta2,52.0,50.0,65.3,66.5,65.9,6162.6,21285.9,,,1,0,0,Lectura invalida de DHT
2026-05-12,06:58:48,maceta1,32.0,34.0,79.0,77.1,78.0,6478.9,20766.5,,,1,0,0,Lectura invalida de DHT
2026-05-12,06:58:48,maceta2,52.0,50.0,65.1,66.4,65.8,6043.7,19663.2,14.3,46.4,1,0,0,
2026-05-12,06:59:15,maceta1,32.0,35.0,78.8,77.0,77.9,5830.2,20338.4,,,1,0,0,Lectura invalida de DHT
2026-05-12,06:59:15,maceta2,52.0,51.0,65.1,66.2,65.7,6060.2,21259.9,14.3,46.4,1,0,0,
2026-05-12,06:59:42,maceta1,32.0,35.0,78.6,76.8,77.7,6423.8,20588.3,,,1,0,0,Lectura invalida de DHT
2026-05-12,06:59:42,maceta2,53.0,51.0,65.0,66.2,65.6,5800.9,19801.7,14.3,46.4,1,0,0,
2026-05-12,07:00:08,maceta1,32.0,35.0,78.4,76.6,77.5,6169.4,19491.2,,,1,0,0,Lectura invalida de DHT
2026-05-12,07:00:08,maceta2,53.0,51.0,64.8,66.0,65.4,6009.9,20380.8,14.3,46.4,1,0,0,
2026-05-12,07:00:35,maceta1,33.0,35.0,78.3,76.5,77.4,6495.1,19529.4,,,1,0,0,Lectura invalida de DHT
2026-05-12,07:00:35,maceta2,53.0,51.0,64.6,65.8,65.2,6252.5,19126.3,,,1,0,0,Lectura invalida de DHT
2026-05-12,07:01:02,maceta1,33.0,35.0,78.2,76.4,77.3,5851.7,19103.7,,,1,0,0,Lectura invalida de DHT
2026-05-12,07:01:02,maceta2,53.0,51.0,64.4,65.7,65.1,6481.9,19109.7,14.3,46.4,1,0,0,
2026-05-12,07:01:29,maceta1,33.0,36.0,78.0,76.2,77.1,6187.7,19805.2,,,1,0,0,Lectura invalida de DHT
2026-05-12,07:01:29,maceta2,54.0,52.0,64.3,65.5,64.9,6392.9,20800.9,14.3,46.4,1,0,0,
2026-05-12,07:01:55,maceta1,33.0,36.0,77.8,76.1,76.9,6478.5,20399.4,,,1,0,0,Lectura invalida de DHT
2026-05-12,07:01:55,maceta2,54.0,52.0,64.2,65.3,64.8,5816.5,20111.2,14.3,46.3,1,0,0,
2026-05-12,07:02:22,maceta1,34.0,36.0,77.6,76.0,76.8,6166.2,21144.8,,,1,0,0,Lectura invalida de DHT
2026-05-12,07:02:22,maceta2,54.0,52.0,64.0,65.2,64.6,6429.0,19640.7,,,1,0,0,Lectura invalida de DHT
2026-05-12,07:02:49,maceta1,34.0,36.0,77.5,75.8,76.6,6240.6,20667.3,,,1,0,0,Lectura invalida de DHT
2026-05-12,07:02:49,maceta2,54.0,53.0,63.9,65.0,64.4,6348.2,19476.0,14.3,46.4,1,0,0,
2026-05-12,07:03:16,maceta1,34.0,37.0,77.3,75.7,76.5,6287.0,20088.5,,,1,0,0,Lectura invalida de DHT
2026-05-12,07:03:16,maceta2,54.0,53.0,63.8,64.9,64.4,6346.3,20674.9,14.3,46.4,1,0,0,
2026-05-12,07:03:42,maceta1,34.0,37.0,77.1,75.4,76.3,6118.2,21382.8,,,1,0,0,Lectura invalida de DHT
2026-05-12,07:03:42,maceta2,55.0,53.0,63.6,64.9,64.2,6120.6,19001.0,14.3,46.4,1,0,0,
2026-05-12,07:04:09,maceta1,35.0,37.0,77.0,75.2,76.1,6239.3,20798.1,,,1,0,0,Lectura invalida de DHT
2026-05-12,07:04:09,maceta2,55.0,53.0,63.5,64.7,64.1,6078.6,21014.7,,,1,0,0,Lectura invalida de DHT
2026-05-12,07:04:36,maceta1,35.0,37.0,76.7,75.0,75.9,6209.0,21325.4,,,1,0,0,Lectura invalida de DHT
2026-05-12,07:04:36,maceta2,55.0,53.0,63.4,64.6,64.0,6012.0,19198.1,14.3,46.4,1,0,0,
2026-05-12,07:05:03,maceta1,35.0,38.0,76.5,75.0,75.8,6430.8,20319.0,,,1,0,0,Lectura invalida de DHT
2026-05-12,07:05:03,maceta2,55.0,53.0,63.2,64.3,63.8,5846.0,19478.7,14.3,46.4,1,0,0,
2026-05-12,07:05:29,maceta1,35.0,38.0,76.4,74.8,75.6,5831.8,19647.3,,,1,0,0,Lectura invalida de DHT
2026-05-12,07:05:29,maceta2,55.0,54.0,63.0,64.1,63.6,5959.8,19965.6,14.3,46.4,1,0,0,
2026-05-12,07:05:56,maceta1,36.0,38.0,76.2,74.7,75.4,5996.7,19132.1,,,1,0,0,Lectura invalida de DHT
2026-05-12,07:05:56,maceta2,56.0,54.0,62.9,64.0,63.5,5972.6,20212.1,14.2,46.4,1,0,0,
2026-05-12,07:06:23,maceta1,36.0,38.0,76.0,74.6,75.3,6465.3,20815.2,,,1,0,0,Lectura invalida de DHT
2026-05-12,07:06:23,maceta2,56.0,54.0,62.6,64.0,63.3,6138.9,19887.5,14.3,46.4,1,0,0,
2026-05-12,07:06:50,maceta1,36.0,38.0,75.8,74.4,75.1,6423.2,19303.3,,,1,0,0,Lectura invalida de DHT
2026-05-12,07:06:50,maceta2,56.0,54.0,62.4,63.9,63.2,6323.2,19801.8,,,1,0,0,Lectura invalida de DHT
2026-05-12,07:07:17,maceta1,37.0,39.0,75.6,74.2,74.9,6119.0,19756.9,,,1,0,0,Lectura invalida de DHT
2026-05-12,07:07:17,maceta2,57.0,54.0,62.2,63.7,63.0,6131.7,21409.8,14.2,46.4,1,0,0,
2026-05-12,07:07:43,maceta1,37.0,39.0,75.5,74.1,74.8,6234.1,20331.2,,,1,0,0,Lectura invalida de DHT
2026-05-12,07:07:43,maceta2,57.0,55.0,62.1,63.6,62.8,5840.5,20603.9,14.2,46.4,1,0,0,
2026-05-12,07:08:10,maceta1,37.0,39.0,75.4,74.0,74.7,5994.2,20411.0,,,1,0,0,Lectura invalida de DHT
2026-05-12,07:08:10,maceta2,57.0,55.0,62.0,63.4,62.7,6470.5,19058.6,,,1,0,0,Lectura invalida de DHT
2026-05-12,07:08:37,maceta1,37.0,39.0,75.1,73.7,74.4,5931.7,20501.5,,,1,0,0,Lectura invalida de DHT
2026-05-12,07:08:37,maceta2,57.0,55.0,61.9,63.2,62.6,6459.9,20075.4,,,1,0,0,Lectura invalida de DHT
2026-05-12,07:09:04,maceta1,37.0,40.0,75.1,73.6,74.3,6124.6,19415.6,,,1,0,0,Lectura invalida de DHT
2026-05-12,07:09:04,maceta2,57.0,55.0,61.8,63.1,62.5,6349.6,21187.5,14.2,46.4,1,0,0,
2026-05-12,07:09:30,maceta1,38.0,40.0,74.9,73.3,74.1,6047.3,19949.3,,,1,0,0,Lectura invalida de DHT
2026-05-12,07:09:30,maceta2,58.0,56.0,61.7,63.0,62.3,6493.9,19753.6,14.2,46.4,1,0,0,
2026-05-12,07:09:57,maceta1,38.0,40.0,74.7,73.1,73.9,6208.6,20543.0,,,1,0,0,Lectura invalida de DHT
2026-05-12,07:09:57,maceta2,58.0,56.0,61.6,62.8,62.2,6181.1,19236.4,14.2,46.4,1,0,0,
2026-05-12,07:10:24,maceta1,38.0,40.0,74.5,73.1,73.8,5854.4,21424.5,,,1,0,0,Lectura invalida de DHT
2026-05-12,07:10:24,maceta2,58.0,56.0,61.4,62.7,62.0,6473.9,20896.0,14.2,46.4,1,0,0,
2026-05-12,07:10:51,maceta1,38.0,41.0,74.4,72.9,73.6,6482.1,20819.1,,,1,0,0,Lectura invalida de DHT
2026-05-12,07:10:51,maceta2,58.0,56.0,61.3,62.5,61.9,5852.9,20515.0,,,1,0,0,Lectura invalida de DHT
2026-05-12,07:11:17,maceta1,39.0,41.0,74.2,72.7,73.4,6490.3,21306.5,,,1,0,0,Lectura invalida de DHT
2026-05-12,07:11:17,maceta2,58.0,56.0,61.2,62.4,61.8,6056.0,20425.8,14.2,46.4,1,0,0,
2026-05-12,07:11:44,maceta1,39.0,41.0,74.0,72.6,73.3,6288.7,20905.5,,,1,0,0,Lectura invalida de DHT
2026-05-12,07:11:44,maceta2,58.0,57.0,61.0,62.3,61.7,5957.8,19133.9,14.2,46.4,1,0,0,
2026-05-12,07:12:11,maceta1,39.0,41.0,73.8,72.5,73.1,6175.3,20479.3,,,1,0,0,Lectura invalida de DHT
2026-05-12,07:12:11,maceta2,59.0,57.0,60.9,62.1,61.5,5937.1,19351.2,14.2,46.4,1,0,0,
2026-05-12,07:12:38,maceta1,39.0,41.0,73.7,72.4,73.1,6016.7,19480.1,,,1,0,0,Lectura invalida de DHT
2026-05-12,07:12:38,maceta2,59.0,57.0,60.8,61.8,61.3,5898.6,20556.4,14.2,46.4,1,0,0,
2026-05-12,07:13:04,maceta1,40.0,41.0,73.5,72.3,72.9,6369.7,20666.7,,,1,0,0,Lectura invalida de DHT
2026-05-12,07:13:04,maceta2,59.0,58.0,60.7,61.6,61.2,6235.7,19519.6,14.2,46.4,1,0,0,
2026-05-12,07:13:31,maceta1,40.0,42.0,73.3,72.3,72.8,6279.3,20558.4,,,1,0,0,Lectura invalida de DHT
2026-05-12,07:13:31,maceta2,59.0,58.0,60.6,61.6,61.1,6346.9,20260.2,14.2,46.4,1,0,0,
2026-05-12,07:13:58,maceta1,40.0,42.0,73.1,72.0,72.6,5913.8,20506.2,,,1,0,0,Lectura invalida de DHT
2026-05-12,07:13:58,maceta2,59.0,58.0,60.4,61.3,60.9,6204.8,20362.2,,,1,0,0,Lectura invalida de DHT
2026-05-12,07:14:25,maceta1,41.0,42.0,73.0,71.9,72.4,6437.6,20224.5,,,1,0,0,Lectura invalida de DHT
2026-05-12,07:14:25,maceta2,60.0,58.0,60.3,61.1,60.7,5902.9,19708.8,14.2,46.4,1,0,0,
2026-05-12,07:14:51,maceta1,41.0,42.0,72.9,71.7,72.3,6375.8,20321.6,,,1,0,0,Lectura invalida de DHT
2026-05-12,07:14:51,maceta2,60.0,59.0,60.2,60.9,60.5,6367.8,21371.1,,,1,0,0,Lectura invalida de DHT
2026-05-12,07:15:18,maceta1,41.0,43.0,72.7,71.5,72.1,6464.9,19836.1,,,1,0,0,Lectura invalida de DHT
2026-05-12,07:15:18,maceta2,60.0,59.0,60.0,60.9,60.4,6245.2,21106.2,14.2,46.4,1,0,0,
2026-05-12,07:15:45,maceta1,41.0,43.0,72.6,71.4,72.0,6308.0,20298.3,,,1,0,0,Lectura invalida de DHT
2026-05-12,07:15:45,maceta2,60.0,59.0,59.9,60.7,60.3,6071.7,20805.9,14.2,46.4,1,0,0,
2026-05-12,07:16:12,maceta1,41.0,43.0,72.5,71.2,71.9,6229.4,19493.9,,,1,0,0,Lectura invalida de DHT
2026-05-12,07:16:12,maceta2,61.0,59.0,59.6,60.6,60.1,6271.9,19195.0,14.2,46.4,1,0,0,
2026-05-12,07:16:38,maceta1,42.0,43.0,72.3,71.1,71.7,6092.8,21012.9,,,1,0,0,Lectura invalida de DHT
2026-05-12,07:16:38,maceta2,61.0,59.0,59.5,60.6,60.0,5981.9,19265.3,14.2,46.4,1,0,0,
2026-05-12,07:17:05,maceta1,42.0,44.0,72.1,70.9,71.5,6452.9,19464.4,,,1,0,0,Lectura invalida de DHT
2026-05-12,07:17:05,maceta2,61.0,59.0,59.3,60.4,59.8,6041.6,20232.0,14.2,46.5,1,0,0,
2026-05-12,07:17:32,maceta1,42.0,44.0,71.9,70.8,71.3,6406.2,19212.4,,,1,0,0,Lectura invalida de DHT
2026-05-12,07:17:32,maceta2,61.0,60.0,59.1,60.2,59.6,6442.2,19401.8,,,1,0,0,Lectura invalida de DHT
2026-05-12,07:17:59,maceta1,42.0,44.0,71.7,70.6,71.2,5831.7,20090.6,,,1,0,0,Lectura invalida de DHT
2026-05-12,07:17:59,maceta2,61.0,60.0,59.0,60.1,59.5,6003.4,21445.7,14.2,46.5,1,0,0,
2026-05-12,07:18:25,maceta1,43.0,44.0,71.7,70.5,71.1,5818.5,20645.8,,,1,0,0,Lectura invalida de DHT
2026-05-12,07:18:25,maceta2,62.0,60.0,58.8,60.0,59.4,6129.0,19396.3,14.2,46.5,1,0,0,
2026-05-12,07:18:52,maceta1,43.0,44.0,71.4,70.4,70.9,6063.5,20094.3,,,1,0,0,Lectura invalida de DHT
2026-05-12,07:18:52,maceta2,62.0,60.0,58.6,59.8,59.2,6423.1,20218.7,14.2,46.4,1,0,0,
2026-05-12,07:19:19,maceta1,43.0,45.0,71.3,70.3,70.8,6367.4,19691.9,,,1,0,0,Lectura invalida de DHT
2026-05-12,07:19:19,maceta2,62.0,60.0,58.4,59.7,59.0,6295.4,19910.3,14.2,46.4,1,0,0,
2026-05-12,07:19:46,maceta1,43.0,45.0,71.1,70.2,70.6,6491.1,20395.4,,,1,0,0,Lectura invalida de DHT
2026-05-12,07:19:46,maceta2,63.0,61.0,58.3,59.5,58.9,5843.5,20598.5,,,1,0,0,Lectura invalida de DHT
2026-05-12,07:20:12,maceta1,44.0,45.0,70.8,70.0,70.4,5905.3,19867.5,,,1,0,0,Lectura invalida de DHT
2026-05-12,07:20:12,maceta2,63.0,61.0,58.2,59.3,58.8,5903.1,19322.6,14.2,46.4,1,0,0,
2026-05-12,07:20:39,maceta1,44.0,45.0,70.7,69.9,70.3,6215.9,21332.2,,,1,0,0,Lectura invalida de DHT
2026-05-12,07:20:39,maceta2,63.0,61.0,58.0,59.2,58.6,5805.5,20075.8,14.2,46.4,1,0,0,
2026-05-12,07:21:06,maceta1,44.0,45.0,70.6,69.7,70.1,6066.6,21306.6,,,1,0,0,Lectura invalida de DHT
2026-05-12,07:21:06,maceta2,63.0,62.0,57.9,59.0,58.4,6241.6,19686.8,,,1,0,0,Lectura invalida de DHT
2026-05-12,07:21:33,maceta1,44.0,46.0,70.5,69.5,70.0,6478.9,20255.9,,,1,0,0,Lectura invalida de DHT
2026-05-12,07:21:33,maceta2,63.0,62.0,57.8,58.8,58.3,6113.4,21219.4,14.2,46.5,1,0,0,
2026-05-12,07:22:00,maceta1,45.0,46.0,70.3,69.3,69.8,6389.5,19819.7,,,1,0,0,Lectura invalida de DHT
2026-05-12,07:22:00,maceta2,64.0,62.0,57.5,58.6,58.1,5894.0,19101.5,14.2,46.5,1,0,0,
2026-05-12,07:22:26,maceta1,45.0,46.0,70.2,69.1,69.6,6386.8,20842.8,,,1,0,0,Lectura invalida de DHT
2026-05-12,07:22:26,maceta2,64.0,62.0,57.3,58.5,57.9,6470.6,21284.3,14.2,46.5,1,0,0,
2026-05-12,07:22:53,maceta1,45.0,46.0,70.0,69.0,69.5,6128.1,19091.8,,,1,0,0,Lectura invalida de DHT
2026-05-12,07:22:53,maceta2,64.0,62.0,57.1,58.4,57.8,6170.8,21082.5,14.2,46.4,1,0,0,
2026-05-12,07:23:20,maceta1,45.0,47.0,69.8,68.8,69.3,6090.4,20186.9,,,1,0,0,Lectura invalida de DHT
2026-05-12,07:23:20,maceta2,65.0,63.0,56.9,58.2,57.5,5969.3,19743.9,14.2,46.5,1,0,0,
2026-05-12,07:23:47,maceta1,46.0,47.0,69.6,68.7,69.2,5991.4,19840.8,,,1,0,0,Lectura invalida de DHT
2026-05-12,07:23:47,maceta2,65.0,63.0,56.8,58.1,57.4,6150.4,20973.2,,,1,0,0,Lectura invalida de DHT
2026-05-12,07:24:13,maceta1,46.0,47.0,69.5,68.5,69.0,5839.5,21301.3,,,1,0,0,Lectura invalida de DHT
2026-05-12,07:24:13,maceta2,65.0,63.0,56.6,58.0,57.3,6275.7,19078.0,14.2,46.4,1,0,0,
2026-05-12,07:24:40,maceta1,46.0,47.0,69.4,68.3,68.9,6405.3,19030.0,,,1,0,0,Lectura invalida de DHT
2026-05-12,07:24:40,maceta2,65.0,63.0,56.4,57.9,57.2,5853.4,21417.2,14.2,46.5,1,0,0,
2026-05-12,07:25:07,maceta1,46.0,48.0,69.3,68.1,68.7,6369.0,20382.0,,,1,0,0,Lectura invalida de DHT
2026-05-12,07:25:07,maceta2,66.0,63.0,56.1,57.8,57.0,5992.3,20316.5,14.2,46.4,1,0,0,
2026-05-12,07:25:34,maceta1,46.0,48.0,69.3,68.0,68.6,6499.8,20851.7,,,1,0,0,Lectura invalida de DHT
2026-05-12,07:25:34,maceta2,66.0,63.0,56.0,57.8,56.9,6364.9,19758.2,,,1,0,0,Lectura invalida de DHT
2026-05-12,07:26:00,maceta1,46.0,48.0,69.2,67.9,68.5,6497.6,20212.5,,,1,0,0,Lectura invalida de DHT
2026-05-12,07:26:00,maceta2,66.0,64.0,55.9,57.6,56.7,6121.8,19906.5,14.2,46.4,1,0,0,
2026-05-12,07:26:27,maceta1,46.0,48.0,69.0,67.8,68.4,6188.8,19213.5,,,1,0,0,Lectura invalida de DHT
2026-05-12,07:26:27,maceta2,66.0,64.0,55.7,57.6,56.6,6182.6,19166.0,14.2,46.4,1,0,0,
2026-05-12,07:26:54,maceta1,47.0,49.0,68.9,67.5,68.2,6338.3,21431.2,,,1,0,0,Lectura invalida de DHT
2026-05-12,07:26:54,maceta2,67.0,64.0,55.5,57.5,56.5,6103.0,21473.4,14.2,46.4,1,0,0,
2026-05-12,07:27:21,maceta1,47.0,49.0,68.7,67.3,68.0,6461.3,20295.0,,,1,0,0,Lectura invalida de DHT
2026-05-12,07:27:21,maceta2,67.0,64.0,55.3,57.4,56.3,5830.7,19098.2,,,1,0,0,Lectura invalida de DHT
2026-05-12,07:27:47,maceta1,47.0,49.0,68.5,67.1,67.8,6394.8,20535.5,,,1,0,0,Lectura invalida de DHT
2026-05-12,07:27:47,maceta2,67.0,64.0,55.1,57.3,56.2,5916.0,20637.3,14.2,46.4,1,0,0,
2026-05-12,07:28:14,maceta1,48.0,50.0,68.3,67.0,67.6,5973.1,19591.5,,,1,0,0,Lectura invalida de DHT
2026-05-12,07:28:14,maceta2,68.0,64.0,55.0,57.1,56.0,6111.9,20106.8,14.2,46.4,1,0,0,
2026-05-12,07:28:41,maceta1,48.0,50.0,68.0,66.8,67.4,6115.4,20208.7,,,1,0,0,Lectura invalida de DHT
2026-05-12,07:28:41,maceta2,68.0,64.0,54.9,57.0,56.0,5946.4,21372.3,14.2,46.4,1,0,0,
2026-05-12,07:29:08,maceta1,48.0,50.0,67.8,66.7,67.3,5890.4,20072.9,,,1,0,0,Lectura invalida de DHT
2026-05-12,07:29:08,maceta2,68.0,65.0,54.8,57.0,55.9,5835.0,19615.0,14.2,46.4,1,0,0,
2026-05-12,07:29:34,maceta1,49.0,50.0,67.6,66.5,67.0,6467.8,19187.2,,,1,0,0,Lectura invalida de DHT
2026-05-12,07:29:34,maceta2,68.0,65.0,54.8,56.9,55.8,6390.6,20330.2,14.2,46.4,1,0,0,
2026-05-12,07:30:01,maceta1,49.0,50.0,67.4,66.4,66.9,6224.3,19265.4,,,1,0,0,Lectura invalida de DHT
2026-05-12,07:30:01,maceta2,68.0,65.0,54.6,56.8,55.7,6486.8,20205.9,,,1,0,0,Lectura invalida de DHT
2026-05-12,07:30:28,maceta1,49.0,51.0,67.3,66.2,66.7,5960.0,21093.7,,,1,0,0,Lectura invalida de DHT
2026-05-12,07:30:28,maceta2,68.0,65.0,54.5,56.7,55.6,6355.2,20757.2,,,1,0,0,Lectura invalida de DHT
2026-05-12,07:30:55,maceta1,49.0,51.0,67.1,66.1,66.6,6270.2,19599.5,,,1,0,0,Lectura invalida de DHT
2026-05-12,07:30:55,maceta2,69.0,65.0,54.3,56.6,55.4,6397.6,19170.0,14.2,46.4,1,0,0,
2026-05-12,07:31:21,maceta1,50.0,51.0,66.9,66.0,66.5,6232.7,19487.4,,,1,0,0,Lectura invalida de DHT
2026-05-12,07:31:21,maceta2,69.0,65.0,54.1,56.4,55.2,5969.4,19484.5,,,1,0,0,Lectura invalida de DHT
2026-05-12,07:31:48,maceta1,50.0,51.0,66.8,65.9,66.3,6050.7,20262.3,,,1,0,0,Lectura invalida de DHT
2026-05-12,07:31:48,maceta2,69.0,66.0,53.9,56.3,55.1,6472.4,19536.4,14.2,46.5,1,0,0,
2026-05-12,07:32:15,maceta1,50.0,51.0,66.7,65.8,66.2,5879.5,20921.9,,,1,0,0,Lectura invalida de DHT
2026-05-12,07:32:15,maceta2,69.0,66.0,53.8,56.2,55.0,5937.8,20845.4,14.2,46.4,1,0,0,
2026-05-12,07:32:42,maceta1,50.0,51.0,66.6,65.7,66.1,6270.1,19154.9,,,1,0,0,Lectura invalida de DHT
2026-05-12,07:32:42,maceta2,70.0,66.0,53.6,56.0,54.8,6466.0,19472.8,,,1,0,0,Lectura invalida de DHT
2026-05-12,07:33:09,maceta1,50.0,52.0,66.4,65.4,65.9,6164.2,20442.0,,,1,0,0,Lectura invalida de DHT
2026-05-12,07:33:09,maceta2,70.0,66.0,53.4,55.7,54.6,6496.4,20433.7,14.2,46.4,1,0,0,
2026-05-12,07:33:35,maceta1,51.0,52.0,66.2,65.3,65.8,6340.6,19298.0,,,1,0,0,Lectura invalida de DHT
2026-05-12,07:33:35,maceta2,70.0,67.0,53.2,55.6,54.4,6298.2,19538.1,,,1,0,0,Lectura invalida de DHT
2026-05-12,07:34:02,maceta1,51.0,52.0,66.2,65.1,65.6,6164.1,19091.2,,,1,0,0,Lectura invalida de DHT
2026-05-12,07:34:02,maceta2,70.0,67.0,53.2,55.4,54.3,6486.8,21154.1,14.1,46.4,1,0,0,
2026-05-12,07:34:30,maceta1,51.0,53.0,65.9,65.0,65.5,6396.5,19131.9,,,1,0,0,Lectura invalida de DHT
2026-05-12,07:34:30,maceta2,71.0,67.0,53.0,55.2,54.1,6198.7,21355.5,14.2,46.4,1,0,0,
2026-05-12,07:34:56,maceta1,51.0,53.0,65.8,64.8,65.3,6186.3,21085.4,,,1,0,0,Lectura invalida de DHT
2026-05-12,07:34:56,maceta2,71.0,67.0,52.8,55.1,53.9,5981.7,20296.2,14.2,46.4,1,0,0,
2026-05-12,07:35:23,maceta1,52.0,53.0,65.6,64.7,65.1,6192.7,19294.9,,,1,0,0,Lectura invalida de DHT
2026-05-12,07:35:23,maceta2,71.0,68.0,52.6,54.9,53.7,6105.9,19880.8,14.2,46.4,1,0,0,
2026-05-12,07:35:50,maceta1,52.0,53.0,65.4,64.5,65.0,6413.7,19112.9,,,1,0,0,Lectura invalida de DHT
2026-05-12,07:35:50,maceta2,71.0,68.0,52.5,54.7,53.6,6215.5,19585.1,,,1,0,0,Lectura invalida de DHT
2026-05-12,07:36:17,maceta1,52.0,53.0,65.2,64.4,64.8,6082.4,20094.7,,,1,0,0,Lectura invalida de DHT
2026-05-12,07:36:17,maceta2,72.0,68.0,52.3,54.5,53.4,5851.2,19124.5,14.2,46.4,1,0,0,
2026-05-12,07:36:43,maceta1,53.0,54.0,64.9,64.3,64.6,5893.8,21110.0,,,1,0,0,Lectura invalida de DHT
2026-05-12,07:36:43,maceta2,72.0,68.0,52.1,54.5,53.3,6235.6,19671.3,14.1,46.4,1,0,0,
2026-05-12,07:37:10,maceta1,53.0,54.0,64.7,64.1,64.4,5820.1,19656.0,,,1,0,0,Lectura invalida de DHT
2026-05-12,07:37:10,maceta2,72.0,69.0,52.0,54.2,53.1,6486.8,20635.6,14.1,46.4,1,0,0,
2026-05-12,07:37:37,maceta1,53.0,54.0,64.6,63.9,64.3,6328.6,20054.3,,,1,0,0,Lectura invalida de DHT
2026-05-12,07:37:37,maceta2,72.0,69.0,51.8,54.1,53.0,5933.1,20334.0,14.2,46.4,1,0,0,
2026-05-12,07:38:04,maceta1,53.0,54.0,64.5,63.8,64.2,6234.2,19099.8,,,1,0,0,Lectura invalida de DHT
2026-05-12,07:38:04,maceta2,73.0,69.0,51.6,53.9,52.8,6354.8,21360.1,14.1,46.4,1,0,0,
2026-05-12,07:38:30,maceta1,54.0,54.0,64.3,63.7,64.0,6292.9,20122.7,,,1,0,0,Lectura invalida de DHT
2026-05-12,07:38:30,maceta2,73.0,69.0,51.4,53.7,52.5,6435.5,19990.7,14.2,46.4,1,0,0,
2026-05-12,07:38:57,maceta1,54.0,55.0,64.2,63.5,63.8,5949.1,20444.0,,,1,0,0,Lectura invalida de DHT
2026-05-12,07:38:57,maceta2,73.0,70.0,51.3,53.5,52.4,6460.6,20734.7,,,1,0,0,Lectura invalida de DHT
2026-05-12,07:39:24,maceta1,54.0,55.0,64.1,63.3,63.7,5895.5,20427.3,,,1,0,0,Lectura invalida de DHT
2026-05-12,07:39:24,maceta2,73.0,70.0,51.2,53.3,52.2,6472.1,20223.3,14.1,46.5,1,0,0,
2026-05-12,07:39:51,maceta1,54.0,55.0,64.0,63.2,63.6,5810.2,19831.1,,,1,0,0,Lectura invalida de DHT
2026-05-12,07:39:51,maceta2,73.0,70.0,51.1,53.1,52.1,6165.0,20281.4,14.1,46.5,1,0,0,
2026-05-12,07:40:17,maceta1,54.0,55.0,63.9,63.0,63.5,6045.4,19788.8,,,1,0,0,Lectura invalida de DHT
2026-05-12,07:40:17,maceta2,74.0,71.0,51.0,52.9,51.9,6484.1,19669.4,14.1,46.5,1,0,0,
2026-05-12,07:40:44,maceta1,54.0,56.0,63.8,63.0,63.4,6212.9,19266.6,,,1,0,0,Lectura invalida de DHT
2026-05-12,07:40:44,maceta2,74.0,71.0,50.8,52.8,51.8,6330.1,20137.4,14.1,46.5,1,0,0,
2026-05-12,07:41:11,maceta1,55.0,56.0,63.6,62.8,63.2,6074.6,19917.0,,,1,0,0,Lectura invalida de DHT
2026-05-12,07:41:11,maceta2,74.0,71.0,50.6,52.7,51.6,5913.2,20177.0,14.2,46.5,1,0,0,
2026-05-12,07:41:38,maceta1,55.0,56.0,63.5,62.7,63.1,6106.2,19248.7,,,1,0,0,Lectura invalida de DHT
2026-05-12,07:41:38,maceta2,74.0,71.0,50.5,52.4,51.5,6133.8,20766.6,14.1,46.5,1,0,0,
2026-05-12,07:42:04,maceta1,55.0,56.0,63.3,62.6,63.0,6432.9,20916.5,,,1,0,0,Lectura invalida de DHT
2026-05-12,07:42:04,maceta2,74.0,72.0,50.3,52.2,51.3,6302.8,21351.6,,,1,0,0,Lectura invalida de DHT
2026-05-12,07:42:31,maceta1,55.0,56.0,63.1,62.5,62.8,6043.8,21415.7,,,1,0,0,Lectura invalida de DHT
2026-05-12,07:42:31,maceta2,75.0,72.0,50.2,52.0,51.1,5973.1,19823.3,14.1,46.5,1,0,0,
2026-05-12,07:42:58,maceta1,56.0,57.0,62.9,62.3,62.6,6159.8,21425.2,,,1,0,0,Lectura invalida de DHT
2026-05-12,07:42:58,maceta2,75.0,72.0,50.0,51.8,50.9,6248.4,19105.5,14.1,46.4,1,0,1,
2026-05-12,07:43:25,maceta1,56.0,57.0,62.7,62.2,62.4,6348.6,21162.7,,,1,0,0,Lectura invalida de DHT
2026-05-12,07:43:25,maceta2,23.0,23.0,84.8,84.6,84.7,6266.6,20240.7,14.2,46.4,1,0,0,
2026-05-12,07:43:51,maceta1,56.0,57.0,62.6,62.0,62.3,6077.6,20502.0,,,1,0,0,Lectura invalida de DHT
2026-05-12,07:43:51,maceta2,23.0,23.0,84.7,84.5,84.6,5913.9,20361.2,,,1,0,0,Lectura invalida de DHT
2026-05-12,07:44:18,maceta1,56.0,57.0,62.3,61.8,62.1,6235.5,20752.2,,,1,0,0,Lectura invalida de DHT
2026-05-12,07:44:18,maceta2,23.0,23.0,84.4,84.4,84.4,6195.6,19421.1,,,1,0,0,Lectura invalida de DHT
2026-05-12,07:44:45,maceta1,57.0,57.0,62.2,61.8,62.0,6403.7,19713.0,,,1,0,0,Lectura invalida de DHT
2026-05-12,07:44:45,maceta2,24.0,24.0,84.3,84.3,84.3,6340.1,20901.2,14.2,46.4,1,0,0,
2026-05-12,07:45:12,maceta1,57.0,58.0,62.1,61.7,61.9,6464.7,20576.9,,,1,0,0,Lectura invalida de DHT
2026-05-12,07:45:12,maceta2,24.0,24.0,84.3,84.0,84.2,6149.2,21462.3,14.2,46.4,1,0,0,
2026-05-12,07:45:47,maceta1,57.0,58.0,62.1,61.5,61.8,5903.0,20139.1,,,1,0,0,Lectura invalida de DHT
2026-05-12,07:45:47,maceta2,24.0,24.0,84.2,83.9,84.1,5808.5,21364.4,14.2,46.5,1,0,0,
2026-05-12,07:46:13,maceta1,57.0,58.0,62.0,61.3,61.7,6448.6,20205.0,,,1,0,0,Lectura invalida de DHT
2026-05-12,07:46:13,maceta2,24.0,24.0,83.9,83.8,83.9,5806.3,19492.8,,,1,0,0,Lectura invalida de DHT
2026-05-12,07:46:49,maceta1,57.0,58.0,61.8,61.2,61.5,6144.5,20894.4,,,1,0,0,Lectura invalida de DHT
2026-05-12,07:46:49,maceta2,24.0,25.0,83.8,83.6,83.7,6049.9,21188.4,14.1,46.5,1,0,0,
2026-05-12,07:47:15,maceta1,57.0,58.0,61.7,61.2,61.5,5980.8,19704.8,,,1,0,0,Lectura invalida de DHT
2026-05-12,07:47:15,maceta2,25.0,25.0,83.6,83.4,83.5,6448.3,20761.2,14.1,46.5,1,0,0,
2026-05-12,07:47:42,maceta1,57.0,59.0,61.7,61.0,61.3,6121.4,19795.1,,,1,0,0,Lectura invalida de DHT
2026-05-12,07:47:42,maceta2,25.0,25.0,83.5,83.4,83.4,5960.1,20134.6,,,1,0,0,Lectura invalida de DHT
2026-05-12,07:48:09,maceta1,58.0,59.0,61.5,60.9,61.2,6486.0,21311.6,,,1,0,0,Lectura invalida de DHT
2026-05-12,07:48:09,maceta2,25.0,25.0,83.4,83.3,83.3,6244.1,20351.5,14.1,46.5,1,0,0,
2026-05-12,07:48:36,maceta1,58.0,59.0,61.4,60.8,61.1,6144.8,19140.6,,,1,0,0,Lectura invalida de DHT
2026-05-12,07:48:36,maceta2,25.0,25.0,83.2,83.2,83.2,5955.5,21124.0,14.1,46.5,1,0,0,
2026-05-12,07:49:02,maceta1,58.0,59.0,61.2,60.6,60.9,6030.1,20214.1,,,1,0,0,Lectura invalida de DHT
2026-05-12,07:49:02,maceta2,25.0,25.0,83.1,83.1,83.1,6025.2,20200.3,,,1,0,0,Lectura invalida de DHT
2026-05-12,07:49:29,maceta1,58.0,59.0,61.0,60.5,60.8,6243.4,21282.0,,,1,0,0,Lectura invalida de DHT
2026-05-12,07:49:29,maceta2,26.0,26.0,82.9,82.9,82.9,6393.6,19933.0,14.1,46.5,1,0,0,
2026-05-12,07:49:56,maceta1,59.0,60.0,61.0,60.3,60.6,5968.1,20525.9,,,1,0,0,Lectura invalida de DHT
2026-05-12,07:49:56,maceta2,26.0,26.0,82.8,82.8,82.8,6310.2,20233.1,,,1,0,0,Lectura invalida de DHT
2026-05-12,07:50:23,maceta1,59.0,60.0,60.7,60.1,60.4,5853.1,20366.0,,,1,0,0,Lectura invalida de DHT
2026-05-12,07:50:23,maceta2,26.0,26.0,82.6,82.5,82.6,5866.8,20447.8,,,1,0,0,Lectura invalida de DHT
2026-05-12,07:50:50,maceta1,59.0,60.0,60.7,59.9,60.3,5890.2,19624.4,,,1,0,0,Lectura invalida de DHT
2026-05-12,07:50:50,maceta2,26.0,26.0,82.4,82.4,82.4,6100.1,19472.7,14.1,46.5,1,0,0,
2026-05-12,07:51:16,maceta1,59.0,61.0,60.5,59.6,60.1,5889.6,19858.2,,,1,0,0,Lectura invalida de DHT
2026-05-12,07:51:16,maceta2,27.0,27.0,82.2,82.3,82.3,5820.4,21252.3,14.1,46.5,1,0,0,
2026-05-12,07:51:44,maceta1,59.0,61.0,60.4,59.4,59.9,5906.3,21130.1,,,1,0,0,Lectura invalida de DHT
2026-05-12,07:51:44,maceta2,27.0,27.0,82.2,82.1,82.1,6136.6,20685.5,,,1,0,0,Lectura invalida de DHT
2026-05-12,07:52:10,maceta1,60.0,61.0,60.3,59.3,59.8,5897.2,20398.0,,,1,0,0,Lectura invalida de DHT
2026-05-12,07:52:10,maceta2,27.0,27.0,82.1,82.0,82.0,6263.7,20583.2,14.1,46.5,1,0,0,
2026-05-12,07:52:37,maceta1,60.0,61.0,60.2,59.1,59.6,6248.6,20286.9,,,1,0,0,Lectura invalida de DHT
2026-05-12,07:52:37,maceta2,27.0,27.0,82.0,81.9,81.9,5883.0,19248.7,14.1,46.5,1,0,0,
2026-05-12,07:53:04,maceta1,60.0,62.0,60.0,58.9,59.5,5927.3,19248.9,,,1,0,0,Lectura invalida de DHT
2026-05-12,07:53:04,maceta2,27.0,27.0,81.8,81.8,81.8,6002.2,20510.4,,,1,0,0,Lectura invalida de DHT
2026-05-12,07:53:31,maceta1,60.0,62.0,59.8,58.9,59.3,6042.0,19040.1,,,1,0,0,Lectura invalida de DHT
2026-05-12,07:53:31,maceta2,28.0,27.0,81.6,81.7,81.7,6078.5,19302.4,14.1,46.4,1,0,0,
2026-05-12,07:53:57,maceta1,60.0,62.0,59.7,58.7,59.2,6427.8,21409.2,,,1,0,0,Lectura invalida de DHT
2026-05-12,07:53:57,maceta2,28.0,28.0,81.5,81.5,81.5,6443.7,19196.7,14.1,46.5,1,0,0,
2026-05-12,07:54:24,maceta1,61.0,62.0,59.6,58.5,59.1,6131.8,19942.5,,,1,0,0,Lectura invalida de DHT
2026-05-12,07:54:24,maceta2,28.0,28.0,81.3,81.3,81.3,6495.3,20318.3,14.1,46.5,1,0,0,
2026-05-12,07:54:51,maceta1,61.0,62.0,59.5,58.3,58.9,6267.3,20508.0,,,1,0,0,Lectura invalida de DHT
2026-05-12,07:54:51,maceta2,28.0,28.0,81.2,81.1,81.2,5831.4,20007.0,14.1,46.5,1,0,0,
2026-05-12,07:55:18,maceta1,61.0,63.0,59.3,58.1,58.7,5920.6,19199.3,,,1,0,0,Lectura invalida de DHT
2026-05-12,07:55:18,maceta2,28.0,29.0,81.0,80.9,80.9,6332.7,20472.0,14.1,46.5,1,0,0,
2026-05-12,07:55:44,maceta1,61.0,63.0,59.1,58.0,58.6,5934.6,20707.8,,,1,0,0,Lectura invalida de DHT
2026-05-12,07:55:44,maceta2,29.0,29.0,80.9,80.8,80.9,6060.2,19223.1,14.1,46.5,1,0,0,
2026-05-12,07:56:11,maceta1,62.0,63.0,58.9,57.9,58.4,5828.6,21331.4,,,1,0,0,Lectura invalida de DHT
2026-05-12,07:56:11,maceta2,29.0,29.0,80.8,80.7,80.8,6074.7,20077.5,14.1,46.5,1,0,0,
2026-05-12,07:56:38,maceta1,62.0,63.0,58.6,57.7,58.2,5918.3,20439.2,,,1,0,0,Lectura invalida de DHT
2026-05-12,07:56:38,maceta2,29.0,29.0,80.8,80.6,80.7,6328.0,19437.0,14.1,46.5,1,0,0,
2026-05-12,07:57:05,maceta1,62.0,64.0,58.4,57.7,58.0,5995.0,19315.3,,,1,0,0,Lectura invalida de DHT
2026-05-12,07:57:05,maceta2,29.0,29.0,80.6,80.4,80.5,6442.9,21467.8,,,1,0,0,Lectura invalida de DHT
2026-05-12,07:57:31,maceta1,63.0,64.0,58.3,57.4,57.9,5923.9,20454.3,,,1,0,0,Lectura invalida de DHT
2026-05-12,07:57:31,maceta2,29.0,30.0,80.5,80.1,80.3,6465.7,20402.9,14.1,46.5,1,0,0,
2026-05-12,07:57:58,maceta1,63.0,64.0,58.0,57.4,57.7,5862.1,20915.9,,,1,0,0,Lectura invalida de DHT
2026-05-12,07:57:58,maceta2,30.0,30.0,80.3,79.9,80.1,6204.0,20718.6,14.1,46.5,1,0,0,
2026-05-12,07:58:25,maceta1,63.0,64.0,57.8,57.3,57.6,5884.4,20016.0,,,1,0,0,Lectura invalida de DHT
2026-05-12,07:58:25,maceta2,30.0,30.0,80.1,79.7,79.9,6050.0,19813.5,14.1,46.5,1,0,0,
2026-05-12,07:58:52,maceta1,64.0,64.0,57.6,57.1,57.4,6122.5,21199.6,,,1,0,0,Lectura invalida de DHT
2026-05-12,07:58:52,maceta2,30.0,31.0,79.9,79.6,79.7,6351.3,19236.8,14.1,46.5,1,0,0,
2026-05-12,07:59:18,maceta1,64.0,64.0,57.6,57.1,57.3,5944.4,20621.7,,,1,0,0,Lectura invalida de DHT
2026-05-12,07:59:18,maceta2,30.0,31.0,79.7,79.3,79.5,5975.7,21439.7,14.1,46.5,1,0,0,
2026-05-12,07:59:45,maceta1,64.0,65.0,57.4,57.0,57.2,6055.0,21248.1,,,1,0,0,Lectura invalida de DHT
2026-05-12,07:59:45,maceta2,31.0,31.0,79.6,79.3,79.4,6194.9,19715.6,14.1,46.5,1,0,0,
2026-05-12,08:00:12,maceta1,64.0,65.0,57.3,56.8,57.0,6152.4,20558.8,,,1,0,0,Lectura invalida de DHT
2026-05-12,08:00:12,maceta2,31.0,31.0,79.4,79.1,79.2,6051.0,20059.5,14.1,46.5,1,0,0,
2026-05-12,08:00:39,maceta1,64.0,65.0,57.1,56.6,56.8,6283.3,19328.2,,,1,0,0,Lectura invalida de DHT
2026-05-12,08:00:39,maceta2,31.0,31.0,79.2,79.0,79.1,6259.6,20624.7,14.1,46.5,1,0,0,
2026-05-12,08:01:06,maceta1,65.0,65.0,57.0,56.5,56.8,5827.5,19774.2,,,1,0,0,Lectura invalida de DHT
2026-05-12,08:01:06,maceta2,31.0,32.0,79.0,78.9,79.0,5968.3,19061.7,14.1,46.5,1,0,0,
2026-05-12,08:01:33,maceta1,65.0,65.0,56.8,56.4,56.6,6359.6,19504.5,,,1,0,0,Lectura invalida de DHT
2026-05-12,08:01:33,maceta2,32.0,32.0,78.8,78.9,78.8,5934.1,21025.6,14.1,46.5,1,0,0,
2026-05-12,08:01:59,maceta1,65.0,66.0,56.6,56.2,56.4,6239.5,21272.1,,,1,0,0,Lectura invalida de DHT
2026-05-12,08:01:59,maceta2,32.0,32.0,78.6,78.8,78.7,6442.8,20341.4,,,1,0,0,Lectura invalida de DHT
2026-05-12,08:02:26,maceta1,65.0,66.0,56.5,56.1,56.3,5857.2,20901.0,,,1,0,0,Lectura invalida de DHT
2026-05-12,08:02:26,maceta2,32.0,32.0,78.5,78.7,78.6,5871.3,19695.5,,,1,0,0,Lectura invalida de DHT
2026-05-12,08:02:53,maceta1,66.0,66.0,56.2,55.9,56.1,6411.5,20691.0,,,1,0,0,Lectura invalida de DHT
2026-05-12,08:02:53,maceta2,32.0,32.0,78.4,78.5,78.4,6154.2,19154.0,,,1,0,0,Lectura invalida de DHT
2026-05-12,08:03:20,maceta1,66.0,66.0,56.1,55.7,55.9,6444.6,19752.4,,,1,0,0,Lectura invalida de DHT
2026-05-12,08:03:20,maceta2,33.0,32.0,78.3,78.4,78.3,5954.6,19406.2,14.1,46.5,1,0,0,
2026-05-12,08:03:46,maceta1,66.0,67.0,55.8,55.5,55.7,5842.8,19460.1,,,1,0,0,Lectura invalida de DHT
2026-05-12,08:03:46,maceta2,33.0,33.0,78.2,78.2,78.2,5827.3,21237.6,14.1,46.5,1,0,0,
2026-05-12,08:04:13,maceta1,66.0,67.0,55.7,55.3,55.5,5993.8,20891.1,,,1,0,0,Lectura invalida de DHT
2026-05-12,08:04:13,maceta2,33.0,33.0,78.2,78.0,78.1,5825.2,20715.1,,,1,0,0,Lectura invalida de DHT
2026-05-12,08:04:40,maceta1,67.0,67.0,55.5,55.1,55.3,6364.3,20185.4,,,1,0,0,Lectura invalida de DHT
2026-05-12,08:04:40,maceta2,33.0,33.0,78.0,77.8,77.9,5922.7,19624.8,14.1,46.5,1,0,0,
2026-05-12,08:05:15,maceta1,67.0,67.0,55.4,55.0,55.2,6323.8,19564.5,,,1,0,0,Lectura invalida de DHT
2026-05-12,08:05:15,maceta2,33.0,34.0,77.8,77.6,77.7,6406.7,19164.0,14.1,46.5,1,0,0,
2026-05-12,08:05:42,maceta1,67.0,68.0,55.1,54.9,55.0,5929.2,20541.6,,,1,0,0,Lectura invalida de DHT
2026-05-12,08:05:42,maceta2,33.0,34.0,77.7,77.4,77.5,5997.7,20726.5,14.1,46.5,1,0,0,
2026-05-12,08:06:08,maceta1,68.0,68.0,54.9,54.6,54.8,5946.5,19100.8,,,1,0,0,Lectura invalida de DHT
2026-05-12,08:06:08,maceta2,34.0,34.0,77.5,77.1,77.3,6465.3,20431.0,14.0,46.5,1,0,0,
2026-05-12,08:06:35,maceta1,68.0,68.0,54.7,54.5,54.6,6059.3,19815.4,,,1,0,0,Lectura invalida de DHT
2026-05-12,08:06:35,maceta2,34.0,35.0,77.4,76.9,77.1,6207.1,20011.3,14.1,46.5,1,0,0,
2026-05-12,08:07:02,maceta1,68.0,69.0,54.5,54.3,54.4,6139.2,20171.4,,,1,0,0,Lectura invalida de DHT
2026-05-12,08:07:02,maceta2,34.0,35.0,77.2,76.7,77.0,6105.6,19909.0,14.1,46.5,1,0,0,
2026-05-12,08:07:30,maceta1,68.0,69.0,54.4,54.1,54.3,6232.8,19369.9,,,1,0,0,Lectura invalida de DHT
2026-05-12,08:07:30,maceta2,34.0,35.0,77.1,76.6,76.8,6206.1,19542.0,14.1,46.5,1,0,0,
2026-05-12,08:07:58,maceta1,69.0,69.0,54.3,54.0,54.1,6058.2,21461.6,,,1,0,0,Lectura invalida de DHT
2026-05-12,08:07:58,maceta2,35.0,35.0,77.0,76.5,76.7,6161.7,20674.0,14.1,46.5,1,0,0,
2026-05-12,08:08:25,maceta1,69.0,69.0,54.2,53.9,54.1,6123.8,19522.7,,,1,0,0,Lectura invalida de DHT
2026-05-12,08:08:25,maceta2,35.0,36.0,76.7,76.3,76.5,6331.1,21426.7,14.1,46.5,1,0,0,
2026-05-12,08:08:51,maceta1,69.0,69.0,54.0,53.8,53.9,6323.2,19325.9,,,1,0,0,Lectura invalida de DHT
2026-05-12,08:08:51,maceta2,35.0,36.0,76.6,76.2,76.4,5997.7,19439.3,14.1,46.5,1,0,0,
2026-05-12,08:09:18,maceta1,69.0,70.0,53.9,53.5,53.7,5825.7,19508.8,,,1,0,0,Lectura invalida de DHT
2026-05-12,08:09:18,maceta2,36.0,36.0,76.3,76.0,76.2,6047.1,20492.8,14.1,46.5,1,0,0,
2026-05-12,08:09:45,maceta1,69.0,70.0,53.8,53.3,53.6,5976.7,20922.7,,,1,0,0,Lectura invalida de DHT
2026-05-12,08:09:45,maceta2,36.0,36.0,76.2,75.8,76.0,6425.9,20060.5,,,1,0,0,Lectura invalida de DHT
2026-05-12,08:10:12,maceta1,70.0,70.0,53.7,53.1,53.4,6299.3,20063.8,,,1,0,0,Lectura invalida de DHT
2026-05-12,08:10:12,maceta2,36.0,36.0,76.1,75.7,75.9,6462.5,20116.7,14.1,46.5,1,0,0,
2026-05-12,08:10:38,maceta1,70.0,70.0,53.5,53.0,53.3,6426.6,20413.5,,,1,0,0,Lectura invalida de DHT
2026-05-12,08:10:38,maceta2,36.0,37.0,76.0,75.6,75.8,6424.8,19635.4,14.1,46.5,1,0,0,
2026-05-12,08:11:05,maceta1,70.0,71.0,53.3,53.0,53.1,6158.2,19052.5,,,1,0,0,Lectura invalida de DHT
2026-05-12,08:11:05,maceta2,36.0,37.0,75.9,75.5,75.7,6093.6,21062.8,14.1,46.5,1,0,0,
2026-05-12,08:11:32,maceta1,70.0,71.0,53.1,52.8,52.9,6172.5,19086.1,,,1,0,0,Lectura invalida de DHT
2026-05-12,08:11:32,maceta2,37.0,37.0,75.7,75.4,75.5,6346.3,20213.1,14.0,46.5,1,0,0,
2026-05-12,08:11:59,maceta1,71.0,71.0,52.9,52.6,52.8,5875.0,20114.6,,,1,0,0,Lectura invalida de DHT
2026-05-12,08:11:59,maceta2,37.0,37.0,75.6,75.1,75.3,6133.4,20358.5,14.1,46.5,1,0,0,
2026-05-12,08:12:25,maceta1,71.0,71.0,52.9,52.4,52.6,6113.2,21041.6,,,1,0,0,Lectura invalida de DHT
2026-05-12,08:12:25,maceta2,37.0,38.0,75.5,74.9,75.2,6148.3,19761.9,14.1,46.5,1,0,0,
2026-05-12,08:12:52,maceta1,71.0,71.0,52.6,52.3,52.5,6172.8,21213.1,,,1,0,0,Lectura invalida de DHT
2026-05-12,08:12:52,maceta2,37.0,38.0,75.4,74.8,75.1,5943.3,19454.5,14.0,46.5,1,0,0,
2026-05-12,08:13:19,maceta1,71.0,72.0,52.4,52.2,52.3,5969.7,19216.8,,,1,0,0,Lectura invalida de DHT
2026-05-12,08:13:19,maceta2,37.0,38.0,75.2,74.5,74.9,6213.8,19214.8,,,1,0,0,Lectura invalida de DHT
2026-05-12,08:13:46,maceta1,72.0,72.0,52.2,52.1,52.2,5988.5,20345.9,,,1,0,0,Lectura invalida de DHT
2026-05-12,08:13:46,maceta2,37.0,38.0,75.1,74.4,74.7,5930.3,20785.3,14.0,46.5,1,0,0,
2026-05-12,08:14:12,maceta1,72.0,72.0,52.1,51.9,52.0,6064.1,21283.1,,,1,0,0,Lectura invalida de DHT
2026-05-12,08:14:12,maceta2,38.0,39.0,74.9,74.1,74.5,6032.1,19490.6,14.0,46.5,1,0,0,
2026-05-12,08:14:39,maceta1,72.0,72.0,52.0,51.7,51.8,5814.0,19969.9,,,1,0,0,Lectura invalida de DHT
2026-05-12,08:14:39,maceta2,38.0,39.0,74.8,73.9,74.3,6398.5,20725.2,14.0,46.6,1,0,0,
2026-05-12,08:15:06,maceta1,72.0,73.0,51.8,51.5,51.7,6025.5,21073.9,,,1,0,0,Lectura invalida de DHT
2026-05-12,08:15:06,maceta2,38.0,39.0,74.7,73.7,74.2,5945.0,19975.9,14.0,46.5,1,0,0,
2026-05-12,08:15:41,maceta1,73.0,73.0,51.7,51.4,51.5,5948.0,19334.2,,,1,0,0,Lectura invalida de DHT
2026-05-12,08:15:41,maceta2,38.0,40.0,74.5,73.6,74.1,5849.8,20039.4,14.0,46.5,1,0,0,
2026-05-12,08:16:07,maceta1,73.0,73.0,51.6,51.2,51.4,6029.2,21338.5,,,1,0,0,Lectura invalida de DHT
2026-05-12,08:16:07,maceta2,38.0,40.0,74.5,73.4,73.9,5848.3,20172.9,14.0,46.5,1,0,0,
2026-05-12,08:16:34,maceta1,73.0,73.0,51.4,51.1,51.2,5883.8,20878.6,,,1,0,0,Lectura invalida de DHT
2026-05-12,08:16:34,maceta2,39.0,40.0,74.3,73.3,73.8,6458.5,19919.3,14.0,46.6,1,0,0,
2026-05-12,08:17:02,maceta1,73.0,74.0,51.3,50.9,51.1,6423.4,21353.3,,,1,0,0,Lectura invalida de DHT
2026-05-12,08:17:02,maceta2,39.0,40.0,74.1,73.1,73.6,6154.8,19251.5,,,1,0,0,Lectura invalida de DHT
2026-05-12,08:17:37,maceta1,73.0,74.0,51.0,50.6,50.8,6215.5,20691.5,,,1,0,0,Lectura invalida de DHT
2026-05-12,08:17:37,maceta2,39.0,41.0,74.0,72.9,73.4,6086.6,19774.1,14.1,46.5,1,0,0,
2026-05-12,08:18:03,maceta1,74.0,74.0,50.8,50.5,50.7,6275.4,19908.5,,,1,0,0,Lectura invalida de DHT
2026-05-12,08:18:03,maceta2,39.0,41.0,73.7,72.8,73.2,6367.6,20659.3,14.1,46.5,1,0,0,
2026-05-12,08:18:30,maceta1,74.0,75.0,50.5,50.3,50.4,6352.4,21345.5,,,1,0,0,Lectura invalida de DHT
2026-05-12,08:18:30,maceta2,40.0,41.0,73.6,72.6,73.1,6385.1,20664.5,14.1,46.6,1,0,0,
2026-05-12,08:18:57,maceta1,74.0,75.0,50.4,50.2,50.3,6148.9,19688.9,,,1,0,0,Lectura invalida de DHT
2026-05-12,08:18:57,maceta2,40.0,41.0,73.6,72.4,73.0,6032.5,19715.6,,,1,0,0,Lectura invalida de DHT
2026-05-12,08:19:26,maceta1,75.0,75.0,50.3,50.0,50.1,5860.8,19830.4,,,1,0,0,Lectura invalida de DHT
2026-05-12,08:19:26,maceta2,40.0,42.0,73.3,72.3,72.8,6285.5,20150.3,14.1,46.5,1,0,0,
2026-05-12,08:20:01,maceta1,75.0,75.0,50.2,50.0,50.1,6176.0,20752.0,,,1,0,1,Lectura invalida de DHT
2026-05-12,08:20:01,maceta2,40.0,42.0,73.2,72.2,72.7,6339.8,19483.6,14.1,46.5,1,0,0,
2026-05-12,08:20:27,maceta1,28.0,28.0,81.5,81.1,81.3,6210.8,20913.3,,,1,0,0,Lectura invalida de DHT
2026-05-12,08:20:27,maceta2,40.0,42.0,73.1,71.9,72.5,6258.3,19525.9,14.0,46.6,1,0,0,
2026-05-12,08:20:54,maceta1,28.0,29.0,81.4,80.9,81.1,6321.8,21323.5,,,1,0,0,Lectura invalida de DHT
2026-05-12,08:20:54,maceta2,41.0,42.0,72.9,71.9,72.4,5906.1,19057.6,14.1,46.6,1,0,0,
2026-05-12,08:21:21,maceta1,28.0,29.0,81.2,80.7,80.9,6102.2,19512.0,,,1,0,0,Lectura invalida de DHT
2026-05-12,08:21:21,maceta2,41.0,42.0,72.7,71.8,72.2,6413.1,21241.9,14.0,46.5,1,0,0,
2026-05-12,08:21:48,maceta1,29.0,29.0,81.0,80.6,80.8,5889.3,20995.0,,,1,0,0,Lectura invalida de DHT
2026-05-12,08:21:48,maceta2,41.0,42.0,72.4,71.7,72.1,6177.4,19526.8,,,1,0,0,Lectura invalida de DHT
2026-05-12,08:22:14,maceta1,29.0,29.0,80.8,80.5,80.7,5998.6,20846.4,,,1,0,0,Lectura invalida de DHT
2026-05-12,08:22:14,maceta2,42.0,43.0,72.3,71.6,71.9,5997.7,19568.8,14.0,46.5,1,0,0,
2026-05-12,08:22:43,maceta1,29.0,29.0,80.6,80.4,80.5,6054.2,19159.5,,,1,0,0,Lectura invalida de DHT
2026-05-12,08:22:43,maceta2,42.0,43.0,72.1,71.4,71.8,6097.7,19699.0,,,1,0,0,Lectura invalida de DHT
2026-05-12,08:23:10,maceta1,29.0,30.0,80.4,80.2,80.3,6252.1,19968.1,,,1,0,0,Lectura invalida de DHT
2026-05-12,08:23:10,maceta2,42.0,43.0,72.0,71.2,71.6,5826.3,19318.5,14.0,46.6,1,0,0,
2026-05-12,08:23:41,maceta1,30.0,30.0,80.2,80.0,80.1,6199.5,19706.9,,,1,0,0,Lectura invalida de DHT
2026-05-12,08:23:41,maceta2,42.0,44.0,71.8,70.9,71.4,5889.5,20598.2,14.0,46.6,1,0,0,
2026-05-12,08:24:12,maceta1,30.0,30.0,80.0,79.8,79.9,6049.3,19761.2,,,1,0,0,Lectura invalida de DHT
2026-05-12,08:24:12,maceta2,43.0,44.0,71.6,70.8,71.2,6335.9,19187.9,14.0,46.6,1,0,0,
2026-05-12,08:24:39,maceta1,30.0,30.0,79.8,79.8,79.8,6490.6,21457.4,,,1,0,0,Lectura invalida de DHT
2026-05-12,08:24:39,maceta2,43.0,44.0,71.4,70.6,71.0,5800.0,19335.5,14.0,46.6,1,0,0,
2026-05-12,08:25:06,maceta1,31.0,31.0,79.6,79.6,79.6,6224.0,20606.9,,,1,0,0,Lectura invalida de DHT
2026-05-12,08:25:06,maceta2,43.0,44.0,71.3,70.4,70.8,6091.6,20611.9,14.0,46.6,1,0,0,
2026-05-12,08:25:33,maceta1,31.0,31.0,79.5,79.4,79.5,5966.1,20794.2,,,1,0,0,Lectura invalida de DHT
2026-05-12,08:25:33,maceta2,43.0,45.0,71.2,70.2,70.7,6165.8,19849.2,14.0,46.6,1,0,0,
2026-05-12,08:25:59,maceta1,31.0,31.0,79.4,79.2,79.3,5871.2,21441.5,,,1,0,0,Lectura invalida de DHT
2026-05-12,08:25:59,maceta2,43.0,45.0,71.1,70.0,70.5,5838.2,20769.9,,,1,0,0,Lectura invalida de DHT
2026-05-12,08:26:26,maceta1,31.0,32.0,79.2,78.9,79.1,5907.0,19943.0,,,1,0,0,Lectura invalida de DHT
2026-05-12,08:26:26,maceta2,44.0,45.0,71.0,69.7,70.4,6481.2,20393.6,14.0,46.6,1,0,0,
2026-05-12,08:26:58,maceta1,31.0,32.0,79.1,78.8,79.0,5972.2,21004.6,,,1,0,0,Lectura invalida de DHT
2026-05-12,08:26:58,maceta2,44.0,46.0,70.8,69.6,70.2,5958.3,19640.1,14.0,46.6,1,0,0,
2026-05-12,08:27:25,maceta1,32.0,32.0,78.9,78.6,78.7,5912.5,20086.3,,,1,0,0,Lectura invalida de DHT
2026-05-12,08:27:25,maceta2,44.0,46.0,70.6,69.4,70.0,6012.9,20627.1,14.0,46.5,1,0,0,
2026-05-12,08:27:51,maceta1,32.0,32.0,78.7,78.5,78.6,5930.6,21173.8,,,1,0,0,Lectura invalida de DHT
2026-05-12,08:27:51,maceta2,44.0,46.0,70.3,69.3,69.8,6012.8,19290.7,14.0,46.6,1,0,0,
2026-05-12,08:28:18,maceta1,32.0,33.0,78.6,78.2,78.4,5999.6,19451.6,,,1,0,0,Lectura invalida de DHT
2026-05-12,08:28:18,maceta2,45.0,46.0,70.2,69.1,69.6,5961.3,20341.0,14.0,46.6,1,0,0,
2026-05-12,08:28:46,maceta1,32.0,33.0,78.6,78.1,78.4,5921.4,21369.2,,,1,0,0,Lectura invalida de DHT
2026-05-12,08:28:46,maceta2,45.0,46.0,70.0,69.1,69.5,5801.0,20092.9,14.0,46.6,1,0,0,
2026-05-12,08:29:13,maceta1,32.0,33.0,78.4,78.0,78.2,6427.7,19546.9,,,1,0,0,Lectura invalida de DHT
2026-05-12,08:29:13,maceta2,45.0,47.0,69.9,68.8,69.4,6310.5,19669.7,14.0,46.6,1,0,0,
2026-05-12,08:29:39,maceta1,33.0,33.0,78.1,78.0,78.1,5856.2,19815.6,,,1,0,0,Lectura invalida de DHT
2026-05-12,08:29:39,maceta2,45.0,47.0,69.7,68.6,69.2,6476.8,20510.0,14.0,46.6,1,0,0,
2026-05-12,08:30:06,maceta1,33.0,33.0,78.1,77.8,78.0,6167.2,20890.5,,,1,0,0,Lectura invalida de DHT
2026-05-12,08:30:06,maceta2,46.0,47.0,69.6,68.4,69.0,5957.0,21178.3,,,1,0,0,Lectura invalida de DHT
2026-05-12,08:30:33,maceta1,33.0,33.0,77.9,77.8,77.8,6087.3,19984.4,,,1,0,0,Lectura invalida de DHT
2026-05-12,08:30:33,maceta2,46.0,48.0,69.4,68.2,68.8,6264.1,21497.3,,,1,0,0,Lectura invalida de DHT
2026-05-12,08:31:00,maceta1,33.0,34.0,77.8,77.6,77.7,6487.7,20520.5,,,1,0,0,Lectura invalida de DHT
2026-05-12,08:31:00,maceta2,46.0,48.0,69.3,67.9,68.6,6319.3,20519.4,14.0,46.6,1,0,0,
2026-05-12,08:31:26,maceta1,34.0,34.0,77.6,77.6,77.6,5878.4,20111.4,,,1,0,0,Lectura invalida de DHT
2026-05-12,08:31:26,maceta2,46.0,48.0,69.2,67.7,68.4,6393.9,20011.8,14.0,46.6,1,0,0,
2026-05-12,08:31:53,maceta1,34.0,34.0,77.3,77.4,77.4,6078.5,20855.9,,,1,0,0,Lectura invalida de DHT
2026-05-12,08:31:53,maceta2,46.0,49.0,69.1,67.6,68.3,6095.8,19563.0,,,1,0,0,Lectura invalida de DHT
2026-05-12,08:32:20,maceta1,34.0,34.0,77.2,77.3,77.3,6478.6,19570.8,,,1,0,0,Lectura invalida de DHT
2026-05-12,08:32:20,maceta2,47.0,49.0,68.9,67.5,68.2,6012.1,19642.7,14.0,46.6,1,0,0,
2026-05-12,08:32:47,maceta1,34.0,34.0,77.1,77.2,77.2,6405.9,19146.1,,,1,0,0,Lectura invalida de DHT
2026-05-12,08:32:47,maceta2,47.0,49.0,68.7,67.4,68.0,6027.7,20198.6,14.0,46.6,1,0,0,
2026-05-12,08:33:16,maceta1,35.0,34.0,77.0,77.1,77.1,6372.0,19749.8,,,1,0,0,Lectura invalida de DHT
2026-05-12,08:33:16,maceta2,47.0,49.0,68.4,67.2,67.8,6298.8,19918.2,,,1,0,0,Lectura invalida de DHT
2026-05-12,08:33:47,maceta1,35.0,35.0,76.8,77.0,76.9,5980.5,20185.8,,,1,0,0,Lectura invalida de DHT
2026-05-12,08:33:47,maceta2,48.0,49.0,68.3,67.1,67.7,6371.7,21284.5,14.0,46.6,1,0,0,
2026-05-12,08:34:14,maceta1,35.0,35.0,76.7,76.8,76.8,5919.6,19420.1,,,1,0,0,Lectura invalida de DHT
2026-05-12,08:34:14,maceta2,48.0,49.0,68.1,67.0,67.6,5927.1,19920.7,14.0,46.6,1,0,0,
2026-05-12,08:34:41,maceta1,35.0,35.0,76.5,76.8,76.6,6268.1,19887.0,,,1,0,0,Lectura invalida de DHT
2026-05-12,08:34:41,maceta2,48.0,50.0,68.0,66.9,67.5,6059.7,19933.6,14.0,46.6,1,0,0,
2026-05-12,08:35:08,maceta1,36.0,35.0,76.3,76.6,76.4,6450.6,20000.0,,,1,0,0,Lectura invalida de DHT
2026-05-12,08:35:08,maceta2,48.0,50.0,67.8,66.9,67.4,6431.4,19958.8,14.0,46.6,1,0,0,
2026-05-12,08:35:34,maceta1,36.0,35.0,76.0,76.5,76.3,6189.7,19143.5,,,1,0,0,Lectura invalida de DHT
2026-05-12,08:35:34,maceta2,48.0,50.0,67.8,66.8,67.3,6364.7,21091.6,14.0,46.6,1,0,0,
2026-05-12,08:36:01,maceta1,36.0,35.0,75.8,76.3,76.1,6200.1,20458.3,,,1,0,0,Lectura invalida de DHT
2026-05-12,08:36:01,maceta2,49.0,50.0,67.6,66.7,67.1,6489.4,20627.0,14.0,46.5,1,0,0,
2026-05-12,08:36:28,maceta1,37.0,36.0,75.6,76.2,75.9,5996.0,21210.9,,,1,0,0,Lectura invalida de DHT
2026-05-12,08:36:28,maceta2,49.0,50.0,67.5,66.5,67.0,6328.0,20535.4,,,1,0,0,Lectura invalida de DHT
2026-05-12,08:36:55,maceta1,37.0,36.0,75.6,75.9,75.8,6338.6,19379.4,,,1,0,0,Lectura invalida de DHT
2026-05-12,08:36:55,maceta2,49.0,50.0,67.3,66.4,66.8,6075.2,19835.4,14.0,46.6,1,0,0,
2026-05-12,08:37:22,maceta1,37.0,36.0,75.4,75.9,75.6,5930.9,20494.5,,,1,0,0,Lectura invalida de DHT
2026-05-12,08:37:22,maceta2,49.0,51.0,67.1,66.2,66.6,6213.4,21044.8,,,1,0,0,Lectura invalida de DHT
2026-05-12,08:37:49,maceta1,37.0,36.0,75.3,75.8,75.6,6026.6,20661.8,,,1,0,0,Lectura invalida de DHT
2026-05-12,08:37:49,maceta2,49.0,51.0,67.0,66.1,66.5,6262.7,19095.9,,,1,0,0,Lectura invalida de DHT
2026-05-12,08:38:24,maceta1,37.0,37.0,75.2,75.6,75.4,6097.8,20048.3,,,1,0,0,Lectura invalida de DHT
2026-05-12,08:38:24,maceta2,50.0,51.0,66.9,65.9,66.4,5854.9,21177.0,,,1,0,0,Lectura invalida de DHT
2026-05-12,08:38:50,maceta1,37.0,37.0,75.0,75.5,75.3,6155.3,20752.7,,,1,0,0,Lectura invalida de DHT
2026-05-12,08:38:50,maceta2,50.0,52.0,66.7,65.6,66.2,6181.1,20281.9,,,1,0,0,Lectura invalida de DHT
2026-05-12,08:39:17,maceta1,38.0,37.0,74.9,75.4,75.1,5969.7,20026.8,,,1,0,0,Lectura invalida de DHT
2026-05-12,08:39:17,maceta2,50.0,52.0,66.6,65.5,66.0,6296.5,19995.6,14.1,46.6,1,0,0,
2026-05-12,08:39:52,maceta1,38.0,37.0,74.8,75.3,75.0,5880.4,20261.6,,,1,0,0,Lectura invalida de DHT
2026-05-12,08:39:52,maceta2,50.0,52.0,66.5,65.4,66.0,5917.1,20242.9,14.0,46.6,1,0,0,
2026-05-12,08:40:19,maceta1,38.0,37.0,74.8,75.0,74.9,6227.4,19018.4,,,1,0,0,Lectura invalida de DHT
2026-05-12,08:40:19,maceta2,50.0,52.0,66.3,65.3,65.8,6346.4,20668.5,14.0,46.6,1,0,0,
2026-05-12,08:40:45,maceta1,38.0,38.0,74.6,74.8,74.7,6002.0,20729.3,,,1,0,0,Lectura invalida de DHT
2026-05-12,08:40:45,maceta2,51.0,52.0,66.1,65.1,65.6,6208.6,19031.9,,,1,0,0,Lectura invalida de DHT
2026-05-12,08:41:12,maceta1,38.0,38.0,74.4,74.6,74.5,6206.9,20653.4,,,1,0,0,Lectura invalida de DHT
2026-05-12,08:41:12,maceta2,51.0,53.0,66.0,64.9,65.5,6466.6,21178.9,14.0,46.6,1,0,0,
2026-05-12,08:41:39,maceta1,39.0,38.0,74.3,74.4,74.4,5908.1,19096.0,,,1,0,0,Lectura invalida de DHT
2026-05-12,08:41:39,maceta2,51.0,53.0,66.0,64.8,65.4,5829.7,20116.8,14.0,46.6,1,0,0,
2026-05-12,08:42:06,maceta1,39.0,39.0,74.2,74.2,74.2,6136.8,19920.6,,,1,0,0,Lectura invalida de DHT
2026-05-12,08:42:06,maceta2,51.0,53.0,65.8,64.7,65.2,5985.7,19857.4,14.0,46.6,1,0,0,
2026-05-12,08:42:33,maceta1,39.0,39.0,74.0,74.1,74.0,6172.8,21447.6,,,1,0,0,Lectura invalida de DHT
2026-05-12,08:42:33,maceta2,52.0,53.0,65.6,64.4,65.0,6221.1,19345.6,14.0,46.6,1,0,0,
2026-05-12,08:43:00,maceta1,39.0,39.0,73.9,73.9,73.9,5836.3,20051.8,,,1,0,0,Lectura invalida de DHT
2026-05-12,08:43:00,maceta2,52.0,54.0,65.4,64.3,64.9,6007.6,20098.7,14.0,46.6,1,0,0,
2026-05-12,08:43:26,maceta1,40.0,39.0,73.6,73.7,73.7,6035.6,20254.9,,,1,0,0,Lectura invalida de DHT
2026-05-12,08:43:26,maceta2,52.0,54.0,65.3,64.3,64.8,6300.1,20240.8,14.0,46.6,1,0,0,
2026-05-12,08:43:53,maceta1,40.0,40.0,73.5,73.6,73.6,5894.1,21274.8,,,1,0,0,Lectura invalida de DHT
2026-05-12,08:43:53,maceta2,52.0,54.0,65.1,64.1,64.6,6331.3,20009.1,14.0,46.6,1,0,0,
2026-05-12,08:44:20,maceta1,40.0,40.0,73.4,73.4,73.4,5844.4,20793.2,,,1,0,0,Lectura invalida de DHT
2026-05-12,08:44:20,maceta2,53.0,54.0,64.9,63.9,64.4,5871.8,20696.7,14.1,46.6,1,0,0,
2026-05-12,08:44:47,maceta1,40.0,40.0,73.2,73.2,73.2,6493.0,20455.2,,,1,0,0,Lectura invalida de DHT
2026-05-12,08:44:47,maceta2,53.0,55.0,64.7,63.6,64.2,6159.7,20052.2,14.0,46.6,1,0,0,
2026-05-12,08:45:13,maceta1,40.0,41.0,73.1,73.0,73.0,6025.6,20994.5,,,1,0,0,Lectura invalida de DHT
2026-05-12,08:45:13,maceta2,53.0,55.0,64.6,63.4,64.0,6156.2,21403.5,14.1,46.6,1,0,0,
2026-05-12,08:45:40,maceta1,41.0,41.0,72.9,72.7,72.8,6366.9,21160.9,,,1,0,0,Lectura invalida de DHT
2026-05-12,08:45:40,maceta2,53.0,55.0,64.4,63.3,63.9,6058.5,20498.2,,,1,0,0,Lectura invalida de DHT
2026-05-12,08:46:07,maceta1,41.0,41.0,72.7,72.5,72.6,5978.2,20142.2,,,1,0,0,Lectura invalida de DHT
2026-05-12,08:46:07,maceta2,54.0,55.0,64.2,63.1,63.6,6453.0,21018.7,14.1,46.6,1,0,0,
2026-05-12,08:46:34,maceta1,41.0,41.0,72.5,72.4,72.5,6277.1,20187.8,,,1,0,0,Lectura invalida de DHT
2026-05-12,08:46:34,maceta2,54.0,56.0,64.0,62.8,63.4,6379.3,19273.4,14.1,46.6,1,0,0,
2026-05-12,08:47:00,maceta1,42.0,41.0,72.3,72.4,72.3,6332.2,19965.1,,,1,0,0,Lectura invalida de DHT
2026-05-12,08:47:00,maceta2,54.0,56.0,63.9,62.7,63.3,6288.0,19993.2,14.1,46.6,1,0,0,
2026-05-12,08:47:27,maceta1,42.0,42.0,72.1,72.1,72.1,6216.9,21416.8,,,1,0,0,Lectura invalida de DHT
2026-05-12,08:47:27,maceta2,54.0,56.0,63.8,62.6,63.2,6300.0,19842.1,,,1,0,0,Lectura invalida de DHT
2026-05-12,08:47:54,maceta1,42.0,42.0,72.0,71.9,71.9,6130.1,20742.9,,,1,0,0,Lectura invalida de DHT
2026-05-12,08:47:54,maceta2,54.0,56.0,63.7,62.5,63.1,6123.2,20423.7,14.1,46.7,1,0,0,
2026-05-12,08:48:21,maceta1,42.0,42.0,71.8,71.7,71.8,6088.3,19208.1,,,1,0,0,Lectura invalida de DHT
2026-05-12,08:48:21,maceta2,55.0,56.0,63.5,62.4,62.9,6444.7,21152.8,,,1,0,0,Lectura invalida de DHT
2026-05-12,08:48:48,maceta1,43.0,43.0,71.6,71.6,71.6,6044.2,21157.4,,,1,0,0,Lectura invalida de DHT
2026-05-12,08:48:48,maceta2,55.0,57.0,63.4,62.3,62.9,6286.2,19195.8,14.1,46.6,1,0,0,
2026-05-12,08:49:15,maceta1,43.0,43.0,71.4,71.4,71.4,6450.7,20201.4,,,1,0,0,Lectura invalida de DHT
2026-05-12,08:49:15,maceta2,55.0,57.0,63.3,62.1,62.7,6310.3,19181.4,,,1,0,0,Lectura invalida de DHT
2026-05-12,08:49:41,maceta1,43.0,43.0,71.3,71.3,71.3,6381.4,19171.9,,,1,0,0,Lectura invalida de DHT
2026-05-12,08:49:41,maceta2,55.0,57.0,63.2,62.0,62.6,6403.2,21125.8,14.1,46.6,1,0,0,
2026-05-12,08:50:08,maceta1,43.0,43.0,71.1,71.2,71.2,6475.5,20374.3,,,1,0,0,Lectura invalida de DHT
2026-05-12,08:50:08,maceta2,55.0,57.0,63.1,61.9,62.5,5991.9,19532.1,14.1,46.6,1,0,0,
2026-05-12,08:50:35,maceta1,44.0,43.0,70.9,71.1,71.0,5887.0,20042.9,,,1,0,0,Lectura invalida de DHT
2026-05-12,08:50:35,maceta2,56.0,57.0,62.9,61.8,62.3,6364.9,20671.9,14.1,46.6,1,0,0,
2026-05-12,08:51:02,maceta1,44.0,43.0,70.7,71.0,70.9,6311.6,21194.4,,,1,0,0,Lectura invalida de DHT
2026-05-12,08:51:02,maceta2,56.0,57.0,62.7,61.7,62.2,5936.7,20357.2,,,1,0,0,Lectura invalida de DHT
2026-05-12,08:51:30,maceta1,44.0,44.0,70.5,70.9,70.7,6456.8,19510.0,,,1,0,0,Lectura invalida de DHT
2026-05-12,08:51:30,maceta2,56.0,58.0,62.6,61.6,62.1,6041.7,21082.2,14.1,46.6,1,0,0,
2026-05-12,08:51:57,maceta1,45.0,44.0,70.3,70.7,70.5,5926.9,21066.2,,,1,0,0,Lectura invalida de DHT
2026-05-12,08:51:57,maceta2,56.0,58.0,62.3,61.5,61.9,6034.9,19312.7,,,1,0,0,Lectura invalida de DHT
2026-05-12,08:52:24,maceta1,45.0,44.0,70.0,70.4,70.2,5846.5,20394.2,,,1,0,0,Lectura invalida de DHT
2026-05-12,08:52:24,maceta2,57.0,58.0,62.2,61.3,61.7,6485.0,19324.5,14.1,46.6,1,0,0,
2026-05-12,08:52:51,maceta1,45.0,45.0,69.9,70.3,70.1,6318.8,19136.5,,,1,0,0,Lectura invalida de DHT
2026-05-12,08:52:51,maceta2,57.0,58.0,62.1,61.1,61.6,6399.6,20392.0,14.1,46.7,1,0,0,
2026-05-12,08:53:17,maceta1,46.0,45.0,69.6,70.1,69.9,6202.1,21429.6,,,1,0,0,Lectura invalida de DHT
2026-05-12,08:53:17,maceta2,57.0,58.0,62.0,61.0,61.5,6290.8,21365.9,14.1,46.7,1,0,0,
2026-05-12,08:53:44,maceta1,46.0,45.0,69.5,69.9,69.7,6389.3,20281.5,,,1,0,0,Lectura invalida de DHT
2026-05-12,08:53:44,maceta2,57.0,59.0,61.9,60.9,61.4,6308.9,20037.5,,,1,0,0,Lectura invalida de DHT
2026-05-12,08:54:12,maceta1,46.0,45.0,69.3,69.7,69.5,5897.8,19727.2,,,1,0,0,Lectura invalida de DHT
2026-05-12,08:54:12,maceta2,57.0,59.0,61.8,60.7,61.3,6193.5,19817.4,14.1,46.7,1,0,0,
2026-05-12,08:54:38,maceta1,46.0,46.0,69.0,69.6,69.3,6356.7,20173.5,,,1,0,0,Lectura invalida de DHT
2026-05-12,08:54:38,maceta2,58.0,59.0,61.7,60.5,61.1,6463.0,20516.7,14.1,46.7,1,0,0,
2026-05-12,08:55:10,maceta1,47.0,46.0,68.9,69.5,69.2,5941.1,21144.6,,,1,0,0,Lectura invalida de DHT
2026-05-12,08:55:10,maceta2,58.0,60.0,61.6,60.3,61.0,6147.4,21326.1,14.1,46.7,1,0,0,
2026-05-12,08:55:37,maceta1,47.0,46.0,68.8,69.3,69.0,5914.6,19762.3,,,1,0,0,Lectura invalida de DHT
2026-05-12,08:55:37,maceta2,58.0,60.0,61.5,60.1,60.8,6066.4,21092.3,14.0,46.7,1,0,0,
2026-05-12,08:56:04,maceta1,47.0,46.0,68.7,69.1,68.9,5915.0,19481.7,,,1,0,0,Lectura invalida de DHT
2026-05-12,08:56:04,maceta2,58.0,60.0,61.3,60.0,60.7,5914.1,21488.7,14.0,46.7,1,0,0,
2026-05-12,08:56:30,maceta1,47.0,47.0,68.5,68.9,68.7,6370.2,19322.7,,,1,0,0,Lectura invalida de DHT
2026-05-12,08:56:30,maceta2,58.0,60.0,61.3,59.9,60.6,6350.3,19056.4,14.1,46.7,1,0,0,
2026-05-12,08:56:57,maceta1,47.0,47.0,68.4,68.8,68.6,6265.6,19744.6,,,1,0,0,Lectura invalida de DHT
2026-05-12,08:56:57,maceta2,58.0,60.0,61.2,59.9,60.5,6314.1,19282.1,14.1,46.7,1,0,0,
2026-05-12,08:57:24,maceta1,48.0,47.0,68.3,68.7,68.5,6166.1,20950.1,,,1,0,0,Lectura invalida de DHT
2026-05-12,08:57:24,maceta2,59.0,60.0,61.0,59.7,60.4,6069.0,20523.7,14.0,46.7,1,0,0,
2026-05-12,08:57:51,maceta1,48.0,47.0,68.0,68.4,68.2,6051.2,20179.1,,,1,0,0,Lectura invalida de DHT
2026-05-12,08:57:51,maceta2,59.0,60.0,60.8,59.7,60.2,5817.6,21051.4,14.0,46.7,1,0,0,
2026-05-12,08:58:18,maceta1,48.0,48.0,67.9,68.2,68.1,6414.0,19568.7,,,1,0,0,Lectura invalida de DHT
2026-05-12,08:58:18,maceta2,59.0,61.0,60.6,59.6,60.1,6387.3,19713.1,14.0,46.7,1,0,0,
2026-05-12,08:58:44,maceta1,48.0,48.0,67.8,68.0,67.9,6074.7,19415.5,,,1,0,0,Lectura invalida de DHT
2026-05-12,08:58:44,maceta2,59.0,61.0,60.5,59.5,60.0,5808.0,19598.0,14.1,46.8,1,0,0,
2026-05-12,08:59:11,maceta1,48.0,48.0,67.7,67.8,67.7,6371.6,19831.8,,,1,0,0,Lectura invalida de DHT
2026-05-12,08:59:11,maceta2,59.0,61.0,60.4,59.3,59.9,6292.6,20967.4,14.1,46.7,1,0,0,
2026-05-12,08:59:38,maceta1,49.0,48.0,67.5,67.7,67.6,6107.4,21349.8,,,1,0,0,Lectura invalida de DHT
2026-05-12,08:59:38,maceta2,60.0,61.0,60.2,59.2,59.7,6479.2,19141.0,,,1,0,0,Lectura invalida de DHT
2026-05-12,09:00:05,maceta1,49.0,49.0,67.4,67.6,67.5,6063.9,19857.6,,,1,0,0,Lectura invalida de DHT
2026-05-12,09:00:05,maceta2,60.0,62.0,60.0,58.9,59.5,6106.4,19923.5,14.1,46.7,1,0,0,
2026-05-12,09:00:31,maceta1,49.0,49.0,67.2,67.5,67.4,6123.9,21470.3,,,1,0,0,Lectura invalida de DHT
2026-05-12,09:00:31,maceta2,60.0,62.0,59.9,58.8,59.3,5964.5,20264.5,14.1,46.8,1,0,0,
2026-05-12,09:00:58,maceta1,49.0,49.0,67.0,67.3,67.2,6011.0,20213.1,,,1,0,0,Lectura invalida de DHT
2026-05-12,09:00:58,maceta2,60.0,62.0,59.8,58.7,59.3,6293.4,20400.9,14.1,46.8,1,0,0,
2026-05-12,09:01:25,maceta1,50.0,49.0,66.9,67.1,67.0,6323.3,19447.9,,,1,0,0,Lectura invalida de DHT
2026-05-12,09:01:25,maceta2,61.0,62.0,59.6,58.6,59.1,6372.0,20821.5,,,1,0,0,Lectura invalida de DHT
2026-05-12,09:01:52,maceta1,50.0,50.0,66.8,67.0,66.9,6151.9,21227.9,,,1,0,0,Lectura invalida de DHT
2026-05-12,09:01:52,maceta2,61.0,62.0,59.5,58.5,59.0,6182.5,19887.1,14.0,46.8,1,0,0,
2026-05-12,09:02:18,maceta1,50.0,50.0,66.5,66.8,66.7,5962.5,20150.9,,,1,0,0,Lectura invalida de DHT
2026-05-12,09:02:18,maceta2,61.0,63.0,59.3,58.3,58.8,6476.9,20531.7,14.1,46.8,1,0,0,
2026-05-12,09:02:45,maceta1,50.0,50.0,66.4,66.6,66.5,6429.7,20774.2,,,1,0,0,Lectura invalida de DHT
2026-05-12,09:02:45,maceta2,61.0,63.0,59.2,58.0,58.6,5836.2,20463.4,,,1,0,0,Lectura invalida de DHT
2026-05-12,09:03:12,maceta1,51.0,50.0,66.2,66.4,66.3,6068.7,21459.3,,,1,0,0,Lectura invalida de DHT
2026-05-12,09:03:12,maceta2,62.0,63.0,58.9,57.8,58.4,6153.4,20369.0,14.1,46.8,1,0,0,
2026-05-12,09:03:39,maceta1,51.0,50.0,66.0,66.4,66.2,6180.5,19125.4,,,1,0,0,Lectura invalida de DHT
2026-05-12,09:03:39,maceta2,62.0,64.0,58.8,57.6,58.2,6302.9,20601.2,14.1,46.8,1,0,0,
2026-05-12,09:04:05,maceta1,51.0,51.0,65.8,66.3,66.0,6434.5,19241.7,,,1,0,0,Lectura invalida de DHT
2026-05-12,09:04:05,maceta2,62.0,64.0,58.7,57.4,58.1,6403.8,19648.6,14.1,46.8,1,0,0,
2026-05-12,09:04:32,maceta1,52.0,51.0,65.6,66.1,65.9,6237.0,20801.1,,,1,0,0,Lectura invalida de DHT
2026-05-12,09:04:32,maceta2,62.0,64.0,58.5,57.2,57.9,5925.5,19211.6,14.1,46.8,1,0,0,
2026-05-12,09:04:59,maceta1,52.0,51.0,65.4,65.8,65.6,5881.8,19704.6,,,1,0,0,Lectura invalida de DHT
2026-05-12,09:04:59,maceta2,62.0,65.0,58.4,57.0,57.7,6360.0,19298.2,,,1,0,0,Lectura invalida de DHT
2026-05-12,09:05:26,maceta1,52.0,51.0,65.2,65.7,65.4,6457.9,19460.8,,,1,0,0,Lectura invalida de DHT
2026-05-12,09:05:26,maceta2,63.0,65.0,58.3,56.9,57.6,6186.9,19561.5,14.1,46.8,1,0,0,
2026-05-12,09:05:53,maceta1,52.0,52.0,65.0,65.6,65.3,6239.4,19098.4,,,1,0,0,Lectura invalida de DHT
2026-05-12,09:05:53,maceta2,63.0,65.0,58.1,56.7,57.4,6077.6,20250.5,14.1,46.8,1,0,0,
2026-05-12,09:06:19,maceta1,53.0,52.0,64.9,65.4,65.2,6034.4,19054.6,,,1,0,0,Lectura invalida de DHT
2026-05-12,09:06:19,maceta2,63.0,65.0,57.9,56.5,57.2,5892.2,21101.1,14.1,46.8,1,0,0,
2026-05-12,09:06:46,maceta1,53.0,52.0,64.7,65.3,65.0,5897.5,20936.2,,,1,0,0,Lectura invalida de DHT
2026-05-12,09:06:46,maceta2,63.0,65.0,57.8,56.4,57.1,6405.7,20753.2,,,1,0,0,Lectura invalida de DHT
2026-05-12,09:07:13,maceta1,53.0,52.0,64.5,65.1,64.8,6355.8,19336.1,,,1,0,0,Lectura invalida de DHT
2026-05-12,09:07:13,maceta2,63.0,66.0,57.8,56.3,57.1,5910.1,20972.6,14.1,46.8,1,0,0,
2026-05-12,09:07:40,maceta1,53.0,53.0,64.4,64.9,64.7,6234.1,20169.3,,,1,0,0,Lectura invalida de DHT
2026-05-12,09:07:40,maceta2,64.0,66.0,57.7,56.2,56.9,6016.9,19877.4,14.1,46.8,1,0,0,
2026-05-12,09:08:06,maceta1,54.0,53.0,64.3,64.8,64.5,6173.4,20514.7,,,1,0,0,Lectura invalida de DHT
2026-05-12,09:08:06,maceta2,64.0,66.0,57.6,56.0,56.8,6003.0,20011.6,14.1,46.8,1,0,0,
2026-05-12,09:08:34,maceta1,54.0,53.0,64.1,64.6,64.3,6425.7,20070.9,,,1,0,0,Lectura invalida de DHT
2026-05-12,09:08:34,maceta2,64.0,66.0,57.4,55.8,56.6,6410.0,19984.2,14.1,46.8,1,0,0,
2026-05-12,09:09:03,maceta1,54.0,53.0,63.9,64.4,64.1,6352.0,19067.8,,,1,0,0,Lectura invalida de DHT
2026-05-12,09:09:03,maceta2,64.0,67.0,57.3,55.6,56.5,6270.9,19479.7,14.1,46.8,1,0,0,
2026-05-12,09:09:40,maceta1,54.0,54.0,63.7,64.2,63.9,5906.2,20958.8,,,1,0,0,Lectura invalida de DHT
2026-05-12,09:09:40,maceta2,64.0,67.0,57.2,55.5,56.3,6357.7,19153.0,,,1,0,0,Lectura invalida de DHT
2026-05-12,09:10:12,maceta1,55.0,54.0,63.6,64.1,63.9,6018.2,19026.3,,,1,0,0,Lectura invalida de DHT
2026-05-12,09:10:12,maceta2,65.0,67.0,57.0,55.4,56.2,5975.3,20477.3,14.1,46.8,1,0,0,
2026-05-12,09:10:41,maceta1,55.0,54.0,63.6,64.0,63.8,5973.9,20904.7,,,1,0,0,Lectura invalida de DHT
2026-05-12,09:10:41,maceta2,65.0,67.0,56.8,55.1,56.0,6237.4,21473.0,,,1,0,0,Lectura invalida de DHT
2026-05-12,09:11:08,maceta1,55.0,54.0,63.5,63.8,63.6,6320.8,21233.3,,,1,0,0,Lectura invalida de DHT
2026-05-12,09:11:08,maceta2,65.0,67.0,56.6,55.0,55.8,6200.2,19417.1,14.1,46.8,1,0,0,
2026-05-12,09:11:35,maceta1,55.0,55.0,63.3,63.6,63.4,5823.5,20082.1,,,1,0,0,Lectura invalida de DHT
2026-05-12,09:11:35,maceta2,65.0,68.0,56.4,54.8,55.6,6383.0,19116.7,14.1,46.8,1,0,0,
2026-05-12,09:12:01,maceta1,55.0,55.0,63.2,63.5,63.3,6198.9,20338.9,,,1,0,0,Lectura invalida de DHT
2026-05-12,09:12:01,maceta2,66.0,68.0,56.2,54.6,55.4,6434.3,20948.8,,,1,0,0,Lectura invalida de DHT
2026-05-12,09:12:28,maceta1,55.0,55.0,63.1,63.3,63.2,6333.7,20192.5,,,1,0,0,Lectura invalida de DHT
2026-05-12,09:12:28,maceta2,66.0,68.0,56.2,54.6,55.4,5808.5,19631.5,,,1,0,0,Lectura invalida de DHT
2026-05-12,09:12:55,maceta1,56.0,55.0,62.9,63.1,63.0,6413.7,19973.0,,,1,0,0,Lectura invalida de DHT
2026-05-12,09:12:55,maceta2,66.0,68.0,56.1,54.5,55.3,6271.8,21074.1,14.1,46.8,1,0,0,
2026-05-12,09:13:22,maceta1,56.0,56.0,62.8,62.9,62.8,6039.5,21218.6,,,1,0,0,Lectura invalida de DHT
2026-05-12,09:13:22,maceta2,66.0,68.0,55.9,54.4,55.2,5836.3,20759.8,14.1,46.9,1,0,0,
2026-05-12,09:13:49,maceta1,56.0,56.0,62.7,62.7,62.7,6374.9,21234.8,,,1,0,0,Lectura invalida de DHT
2026-05-12,09:13:49,maceta2,66.0,69.0,55.7,54.2,55.0,6184.2,21364.2,14.1,46.9,1,0,0,
2026-05-12,09:14:15,maceta1,56.0,56.0,62.5,62.5,62.5,5877.4,19839.5,,,1,0,0,Lectura invalida de DHT
2026-05-12,09:14:15,maceta2,67.0,69.0,55.6,54.2,54.9,6001.3,20022.3,14.1,46.8,1,0,0,
2026-05-12,09:14:42,maceta1,56.0,56.0,62.4,62.4,62.4,6392.5,20537.7,,,1,0,0,Lectura invalida de DHT
2026-05-12,09:14:42,maceta2,67.0,69.0,55.4,54.1,54.8,6014.7,20654.9,,,1,0,0,Lectura invalida de DHT
2026-05-12,09:15:09,maceta1,57.0,57.0,62.3,62.2,62.2,5889.2,21317.3,,,1,0,0,Lectura invalida de DHT
2026-05-12,09:15:09,maceta2,67.0,69.0,55.2,53.9,54.6,6047.1,20162.1,14.1,46.9,1,0,0,
2026-05-12,09:15:36,maceta1,57.0,57.0,62.2,61.9,62.0,6078.1,21405.1,,,1,0,0,Lectura invalida de DHT
2026-05-12,09:15:36,maceta2,67.0,69.0,55.1,53.8,54.4,6234.9,20576.5,,,1,0,0,Lectura invalida de DHT
2026-05-12,09:16:02,maceta1,57.0,57.0,62.0,61.8,61.9,6358.1,20272.4,,,1,0,0,Lectura invalida de DHT
2026-05-12,09:16:02,maceta2,68.0,69.0,54.9,53.7,54.3,6033.8,20124.0,14.1,46.9,1,0,0,
2026-05-12,09:16:29,maceta1,57.0,57.0,61.9,61.7,61.8,5904.9,20132.1,,,1,0,0,Lectura invalida de DHT
2026-05-12,09:16:29,maceta2,68.0,70.0,54.8,53.6,54.2,6312.9,19471.6,,,1,0,0,Lectura invalida de DHT
2026-05-12,09:16:56,maceta1,58.0,58.0,61.7,61.5,61.6,5960.5,19696.7,,,1,0,0,Lectura invalida de DHT
2026-05-12,09:16:56,maceta2,68.0,70.0,54.5,53.4,54.0,6083.2,20269.7,14.1,46.9,1,0,0,
2026-05-12,09:17:23,maceta1,58.0,58.0,61.5,61.4,61.4,6305.6,21397.2,,,1,0,0,Lectura invalida de DHT
2026-05-12,09:17:23,maceta2,69.0,70.0,54.3,53.4,53.8,5847.8,20321.5,,,1,0,0,Lectura invalida de DHT
2026-05-12,09:17:49,maceta1,58.0,58.0,61.3,61.1,61.2,6304.0,19357.0,,,1,0,0,Lectura invalida de DHT
2026-05-12,09:17:49,maceta2,69.0,70.0,54.2,53.2,53.7,6348.6,21026.5,14.1,46.9,1,0,0,
2026-05-12,09:18:16,maceta1,58.0,59.0,61.2,60.9,61.0,6248.8,20449.6,,,1,0,0,Lectura invalida de DHT
2026-05-12,09:18:16,maceta2,69.0,70.0,54.1,53.1,53.6,6000.0,20838.8,14.1,46.9,1,0,0,
2026-05-12,09:18:43,maceta1,58.0,59.0,61.0,60.7,60.8,6285.8,19706.4,,,1,0,0,Lectura invalida de DHT
2026-05-12,09:18:43,maceta2,69.0,71.0,54.1,53.0,53.5,6102.9,20659.5,,,1,0,0,Lectura invalida de DHT
2026-05-12,09:19:10,maceta1,59.0,59.0,60.8,60.4,60.6,6179.9,19697.5,,,1,0,0,Lectura invalida de DHT
2026-05-12,09:19:10,maceta2,69.0,71.0,54.0,52.8,53.4,6279.8,19283.5,,,1,0,0,Lectura invalida de DHT
2026-05-12,09:19:36,maceta1,59.0,60.0,60.6,60.3,60.5,5976.3,20012.4,,,1,0,0,Lectura invalida de DHT
2026-05-12,09:19:36,maceta2,69.0,71.0,53.8,52.5,53.2,6032.7,20801.5,14.1,46.9,1,0,0,
2026-05-12,09:20:03,maceta1,59.0,60.0,60.5,60.1,60.3,6042.0,21497.0,,,1,0,0,Lectura invalida de DHT
2026-05-12,09:20:03,maceta2,70.0,71.0,53.6,52.3,53.0,5839.6,20250.8,,,1,0,0,Lectura invalida de DHT
2026-05-12,09:20:30,maceta1,60.0,60.0,60.3,60.1,60.2,5927.1,19137.4,,,1,0,0,Lectura invalida de DHT
2026-05-12,09:20:30,maceta2,70.0,72.0,53.4,52.1,52.8,6061.7,21235.2,14.1,46.9,1,0,0,
2026-05-12,09:20:57,maceta1,60.0,60.0,60.1,60.0,60.1,6435.9,20446.4,,,1,0,0,Lectura invalida de DHT
2026-05-12,09:20:57,maceta2,70.0,72.0,53.3,52.0,52.6,6461.1,21299.7,14.1,46.9,1,0,0,
2026-05-12,09:21:23,maceta1,60.0,60.0,59.9,59.9,59.9,6208.4,19206.4,,,1,0,0,Lectura invalida de DHT
2026-05-12,09:21:23,maceta2,70.0,72.0,53.1,51.9,52.5,6249.2,19137.9,,,1,0,0,Lectura invalida de DHT
2026-05-12,09:21:50,maceta1,60.0,60.0,59.7,59.8,59.8,6080.6,19386.3,,,1,0,0,Lectura invalida de DHT
2026-05-12,09:21:50,maceta2,71.0,72.0,52.8,51.8,52.3,6270.0,21051.6,14.2,46.9,1,0,0,
2026-05-12,09:22:17,maceta1,61.0,61.0,59.6,59.6,59.6,6123.4,20098.9,,,1,0,0,Lectura invalida de DHT
2026-05-12,09:22:17,maceta2,71.0,73.0,52.7,51.5,52.1,6242.6,19094.2,,,1,0,0,Lectura invalida de DHT
2026-05-12,09:22:44,maceta1,61.0,61.0,59.5,59.5,59.5,6463.1,20276.2,,,1,0,0,Lectura invalida de DHT
2026-05-12,09:22:44,maceta2,71.0,73.0,52.6,51.3,52.0,5939.3,19917.9,,,1,0,0,Lectura invalida de DHT
2026-05-12,09:23:11,maceta1,61.0,61.0,59.4,59.3,59.4,5907.3,19647.0,,,1,0,0,Lectura invalida de DHT
2026-05-12,09:23:11,maceta2,71.0,73.0,52.4,51.1,51.7,6092.8,20355.7,14.2,46.9,1,0,0,
2026-05-12,09:23:37,maceta1,61.0,61.0,59.3,59.2,59.2,6210.4,19791.1,,,1,0,0,Lectura invalida de DHT
2026-05-12,09:23:37,maceta2,72.0,73.0,52.3,51.0,51.7,6325.7,19370.3,,,1,0,0,Lectura invalida de DHT
2026-05-12,09:24:04,maceta1,61.0,61.0,59.1,59.2,59.1,6154.1,19217.4,,,1,0,0,Lectura invalida de DHT
2026-05-12,09:24:04,maceta2,72.0,74.0,52.2,50.8,51.5,5871.0,20865.8,14.2,46.9,1,0,0,
2026-05-12,09:24:31,maceta1,62.0,62.0,58.8,59.0,58.9,6228.0,19758.0,,,1,0,0,Lectura invalida de DHT
2026-05-12,09:24:31,maceta2,72.0,74.0,52.1,50.7,51.4,5994.5,19020.9,14.1,46.9,1,0,0,
2026-05-12,09:24:58,maceta1,62.0,62.0,58.6,58.7,58.7,5812.7,21416.4,,,1,0,0,Lectura invalida de DHT
2026-05-12,09:24:58,maceta2,72.0,74.0,52.0,50.6,51.3,5993.4,19421.5,14.2,46.9,1,0,0,
2026-05-12,09:25:25,maceta1,62.0,62.0,58.5,58.6,58.5,6410.5,21361.8,,,1,0,0,Lectura invalida de DHT
2026-05-12,09:25:25,maceta2,72.0,74.0,51.8,50.5,51.1,6102.4,20452.0,14.2,46.9,1,0,0,
2026-05-12,09:25:51,maceta1,63.0,62.0,58.3,58.5,58.4,6452.5,19837.2,,,1,0,0,Lectura invalida de DHT
2026-05-12,09:25:51,maceta2,72.0,75.0,51.7,50.3,51.0,6486.3,20786.0,,,1,0,0,Lectura invalida de DHT
2026-05-12,09:26:18,maceta1,63.0,62.0,58.2,58.4,58.3,6195.6,20427.1,,,1,0,0,Lectura invalida de DHT
2026-05-12,09:26:18,maceta2,73.0,75.0,51.5,50.1,50.8,5847.3,21291.6,14.2,47.0,1,0,0,
2026-05-12,09:26:45,maceta1,63.0,63.0,58.0,58.3,58.2,6287.7,21274.0,,,1,0,0,Lectura invalida de DHT
2026-05-12,09:26:45,maceta2,73.0,75.0,51.3,50.0,50.6,6163.1,20763.7,14.2,47.0,1,0,0,
2026-05-12,09:27:12,maceta1,63.0,63.0,57.9,58.2,58.1,6445.7,19015.5,,,1,0,0,Lectura invalida de DHT
2026-05-12,09:27:12,maceta2,73.0,75.0,51.1,49.8,50.5,5925.6,20679.4,,,1,0,1,Lectura invalida de DHT
2026-05-12,09:27:39,maceta1,63.0,63.0,57.7,58.2,58.0,6295.1,21026.7,,,1,0,0,Lectura invalida de DHT
2026-05-12,09:27:39,maceta2,23.0,22.0,84.8,85.1,84.9,6479.5,19985.9,14.2,46.9,1,0,0,
2026-05-12,09:28:06,maceta1,64.0,63.0,57.5,58.1,57.8,5906.8,21370.9,,,1,0,0,Lectura invalida de DHT
2026-05-12,09:28:06,maceta2,23.0,22.0,84.6,85.0,84.8,5879.3,19003.2,14.2,47.0,1,0,0,
2026-05-12,09:28:33,maceta1,64.0,63.0,57.3,57.9,57.6,6203.4,19228.3,,,1,0,0,Lectura invalida de DHT
2026-05-12,09:28:33,maceta2,23.0,23.0,84.4,84.8,84.6,6082.5,19300.4,14.2,46.9,1,0,0,
2026-05-12,09:29:00,maceta1,64.0,63.0,57.3,57.8,57.5,6224.7,19403.6,,,1,0,0,Lectura invalida de DHT
2026-05-12,09:29:00,maceta2,24.0,23.0,84.3,84.6,84.4,6316.5,20336.4,14.2,47.0,1,0,0,
2026-05-12,09:29:27,maceta1,64.0,64.0,57.1,57.6,57.3,6096.9,21401.9,,,1,0,0,Lectura invalida de DHT
2026-05-12,09:29:27,maceta2,24.0,23.0,84.1,84.5,84.3,6293.2,20687.8,14.2,47.0,1,0,0,
2026-05-12,09:29:53,maceta1,65.0,64.0,56.9,57.5,57.2,6315.5,20343.9,,,1,0,0,Lectura invalida de DHT
2026-05-12,09:29:53,maceta2,24.0,24.0,84.0,84.3,84.2,6095.9,20043.6,14.2,47.0,1,0,0,
2026-05-12,09:30:20,maceta1,65.0,64.0,56.8,57.4,57.1,6454.1,19035.5,,,1,0,0,Lectura invalida de DHT
2026-05-12,09:30:20,maceta2,24.0,24.0,83.9,84.2,84.1,6042.6,20826.7,,,1,0,0,Lectura invalida de DHT
2026-05-12,09:30:47,maceta1,65.0,64.0,56.7,57.2,57.0,6447.9,19644.1,,,1,0,0,Lectura invalida de DHT
2026-05-12,09:30:47,maceta2,25.0,24.0,83.6,84.1,83.9,6078.3,20304.7,,,1,0,0,Lectura invalida de DHT
2026-05-12,09:31:14,maceta1,65.0,64.0,56.5,57.1,56.8,6115.6,20124.9,,,1,0,0,Lectura invalida de DHT
2026-05-12,09:31:14,maceta2,25.0,24.0,83.4,83.9,83.7,5985.0,19185.4,14.2,47.0,1,0,0,
2026-05-12,09:31:40,maceta1,66.0,65.0,56.3,56.9,56.6,5879.3,20732.3,,,1,0,0,Lectura invalida de DHT
2026-05-12,09:31:40,maceta2,25.0,24.0,83.4,83.7,83.5,5943.7,19480.0,14.2,47.0,1,0,0,
2026-05-12,09:32:07,maceta1,66.0,65.0,56.1,56.8,56.4,6489.4,20832.9,,,1,0,0,Lectura invalida de DHT
2026-05-12,09:32:07,maceta2,25.0,24.0,83.1,83.7,83.4,6138.1,21100.0,14.2,47.0,1,0,0,
2026-05-12,09:32:34,maceta1,66.0,65.0,55.9,56.6,56.2,6387.2,21488.6,,,1,0,0,Lectura invalida de DHT
2026-05-12,09:32:34,maceta2,26.0,25.0,82.9,83.6,83.2,5988.0,20812.3,,,1,0,0,Lectura invalida de DHT
2026-05-12,09:33:01,maceta1,66.0,65.0,55.8,56.5,56.1,5887.3,19718.8,,,1,0,0,Lectura invalida de DHT
2026-05-12,09:33:01,maceta2,26.0,25.0,82.8,83.5,83.1,6001.2,21236.9,14.2,47.0,1,0,0,
2026-05-12,09:33:28,maceta1,67.0,66.0,55.5,56.3,55.9,6444.6,20345.6,,,1,0,0,Lectura invalida de DHT
2026-05-12,09:33:28,maceta2,26.0,25.0,82.5,83.3,82.9,6259.7,19293.9,14.2,47.0,1,0,0,
2026-05-12,09:33:55,maceta1,67.0,66.0,55.4,56.1,55.8,6408.9,20333.3,,,1,0,0,Lectura invalida de DHT
2026-05-12,09:33:55,maceta2,26.0,25.0,82.4,83.1,82.7,6478.0,21475.6,14.2,47.1,1,0,0,
2026-05-12,09:34:22,maceta1,67.0,66.0,55.3,56.0,55.6,6163.2,20014.1,,,1,0,0,Lectura invalida de DHT
2026-05-12,09:34:22,maceta2,27.0,25.0,82.3,83.0,82.7,6222.5,19523.5,,,1,0,0,Lectura invalida de DHT
2026-05-12,09:34:48,maceta1,67.0,66.0,55.2,55.8,55.5,6213.9,19422.9,,,1,0,0,Lectura invalida de DHT
2026-05-12,09:34:48,maceta2,27.0,26.0,82.3,82.8,82.6,5853.9,19029.4,14.2,47.1,1,0,0,
2026-05-12,09:35:15,maceta1,67.0,67.0,55.0,55.6,55.3,6079.3,21443.6,,,1,0,0,Lectura invalida de DHT
2026-05-12,09:35:15,maceta2,27.0,26.0,82.1,82.6,82.4,5852.9,21493.6,,,1,0,0,Lectura invalida de DHT
2026-05-12,09:35:42,maceta1,68.0,67.0,54.8,55.6,55.2,5838.3,21133.3,,,1,0,0,Lectura invalida de DHT
2026-05-12,09:35:42,maceta2,27.0,26.0,82.0,82.5,82.2,6466.0,19702.7,14.2,47.1,1,0,0,
2026-05-12,09:36:08,maceta1,68.0,67.0,54.6,55.5,55.0,6034.6,20245.8,,,1,0,0,Lectura invalida de DHT
2026-05-12,09:36:08,maceta2,27.0,26.0,81.8,82.4,82.1,6008.1,20670.0,14.2,47.1,1,0,0,
2026-05-12,09:36:35,maceta1,68.0,67.0,54.4,55.2,54.8,6362.0,20508.1,,,1,0,0,Lectura invalida de DHT
2026-05-12,09:36:35,maceta2,28.0,27.0,81.5,82.3,81.9,5864.4,19441.7,14.3,47.1,1,0,0,
2026-05-12,09:37:02,maceta1,69.0,67.0,54.3,55.1,54.7,5803.2,19568.2,,,1,0,0,Lectura invalida de DHT
2026-05-12,09:37:02,maceta2,28.0,27.0,81.4,82.2,81.8,6219.3,20450.6,,,1,0,0,Lectura invalida de DHT
2026-05-12,09:37:29,maceta1,69.0,68.0,54.2,55.0,54.6,6033.4,20359.5,,,1,0,0,Lectura invalida de DHT
2026-05-12,09:37:29,maceta2,28.0,27.0,81.4,82.1,81.7,6236.6,21260.1,14.2,47.1,1,0,0,
2026-05-12,09:37:56,maceta1,69.0,68.0,54.0,54.7,54.4,6078.7,20737.4,,,1,0,0,Lectura invalida de DHT
2026-05-12,09:37:56,maceta2,28.0,27.0,81.2,82.0,81.6,6254.0,19800.5,,,1,0,0,Lectura invalida de DHT
2026-05-12,09:38:23,maceta1,69.0,68.0,53.8,54.5,54.2,6176.2,20287.9,,,1,0,0,Lectura invalida de DHT
2026-05-12,09:38:23,maceta2,28.0,27.0,81.2,81.9,81.5,5987.2,20675.6,14.2,47.1,1,0,0,
2026-05-12,09:38:49,maceta1,70.0,69.0,53.6,54.3,53.9,6443.9,21475.7,,,1,0,0,Lectura invalida de DHT
2026-05-12,09:38:49,maceta2,28.0,27.0,81.0,81.8,81.4,5810.6,19469.8,14.3,47.1,1,0,0,
2026-05-12,09:39:16,maceta1,70.0,69.0,53.5,54.1,53.8,6042.4,20528.4,,,1,0,0,Lectura invalida de DHT
2026-05-12,09:39:16,maceta2,29.0,28.0,81.0,81.6,81.3,6475.5,20562.0,14.3,47.1,1,0,0,
2026-05-12,09:39:43,maceta1,70.0,69.0,53.4,53.8,53.6,6042.9,19927.4,,,1,0,0,Lectura invalida de DHT
2026-05-12,09:39:43,maceta2,29.0,28.0,80.8,81.4,81.1,5975.6,19841.1,14.3,47.1,1,0,0,
2026-05-12,09:40:10,maceta1,70.0,70.0,53.3,53.6,53.5,6316.3,20930.4,,,1,0,0,Lectura invalida de DHT
2026-05-12,09:40:10,maceta2,29.0,28.0,80.6,81.4,81.0,6273.2,19528.0,14.3,47.1,1,0,0,
2026-05-12,09:40:37,maceta1,70.0,70.0,53.1,53.4,53.3,6116.6,19426.2,,,1,0,0,Lectura invalida de DHT
2026-05-12,09:40:37,maceta2,29.0,28.0,80.5,81.1,80.8,6294.6,19783.0,14.3,47.0,1,0,0,
2026-05-12,09:41:03,maceta1,71.0,70.0,52.9,53.3,53.1,5957.2,19961.3,,,1,0,0,Lectura invalida de DHT
2026-05-12,09:41:03,maceta2,29.0,28.0,80.3,81.0,80.7,6227.0,19447.1,14.3,47.1,1,0,0,
2026-05-12,09:41:30,maceta1,71.0,70.0,52.8,53.1,52.9,6116.7,19867.4,,,1,0,0,Lectura invalida de DHT
2026-05-12,09:41:30,maceta2,30.0,29.0,80.3,80.8,80.5,6019.0,21254.8,14.3,47.1,1,0,0,
2026-05-12,09:41:57,maceta1,71.0,70.0,52.7,53.0,52.9,5898.6,20079.5,,,1,0,0,Lectura invalida de DHT
2026-05-12,09:41:57,maceta2,30.0,29.0,80.1,80.7,80.4,5989.8,19993.0,14.3,47.1,1,0,0,
2026-05-12,09:42:24,maceta1,71.0,71.0,52.6,52.9,52.7,5923.5,20954.4,,,1,0,0,Lectura invalida de DHT
2026-05-12,09:42:24,maceta2,30.0,29.0,80.0,80.5,80.2,6218.4,19613.2,14.3,47.1,1,0,0,
2026-05-12,09:42:51,maceta1,71.0,71.0,52.4,52.6,52.5,6148.9,20210.4,,,1,0,0,Lectura invalida de DHT
2026-05-12,09:42:51,maceta2,30.0,30.0,79.9,80.3,80.1,6406.3,20121.0,14.3,47.1,1,0,0,
2026-05-12,09:43:17,maceta1,72.0,71.0,52.3,52.6,52.4,6093.2,20985.0,,,1,0,0,Lectura invalida de DHT
2026-05-12,09:43:17,maceta2,30.0,30.0,79.7,80.2,79.9,6462.7,19801.3,14.3,47.1,1,0,0,
2026-05-12,09:43:44,maceta1,72.0,71.0,52.2,52.5,52.3,6440.4,20441.2,,,1,0,0,Lectura invalida de DHT
2026-05-12,09:43:44,maceta2,31.0,30.0,79.6,80.1,79.9,5874.1,20861.0,14.3,47.1,1,0,0,
2026-05-12,09:44:11,maceta1,72.0,71.0,52.1,52.3,52.2,6053.7,19855.2,,,1,0,0,Lectura invalida de DHT
2026-05-12,09:44:11,maceta2,31.0,30.0,79.4,79.9,79.7,5908.4,21428.0,14.3,47.2,1,0,0,
2026-05-12,09:44:38,maceta1,72.0,72.0,52.0,52.2,52.1,6206.4,21024.9,,,1,0,0,Lectura invalida de DHT
2026-05-12,09:44:38,maceta2,31.0,30.0,79.2,79.8,79.5,6461.3,20095.1,,,1,0,0,Lectura invalida de DHT
2026-05-12,09:45:05,maceta1,72.0,72.0,51.8,52.1,51.9,6242.6,19595.7,,,1,0,0,Lectura invalida de DHT
2026-05-12,09:45:05,maceta2,32.0,31.0,78.9,79.5,79.2,6315.6,21152.6,14.3,47.1,1,0,0,
2026-05-12,09:45:31,maceta1,73.0,72.0,51.6,51.8,51.7,5809.2,19561.0,,,1,0,0,Lectura invalida de DHT
2026-05-12,09:45:31,maceta2,32.0,31.0,78.8,79.4,79.1,6418.1,20414.7,14.3,47.2,1,0,0,
2026-05-12,09:45:58,maceta1,73.0,72.0,51.5,51.8,51.6,6264.5,20261.3,,,1,0,0,Lectura invalida de DHT
2026-05-12,09:45:58,maceta2,32.0,31.0,78.6,79.2,78.9,5941.8,19393.1,14.3,47.2,1,0,0,
2026-05-12,09:46:25,maceta1,73.0,72.0,51.4,51.7,51.5,5924.6,19652.1,,,1,0,0,Lectura invalida de DHT
2026-05-12,09:46:25,maceta2,32.0,31.0,78.5,79.0,78.7,6211.3,20726.6,14.3,47.2,1,0,0,
2026-05-12,09:46:52,maceta1,73.0,73.0,51.2,51.6,51.4,6472.7,19022.7,,,1,0,0,Lectura invalida de DHT
2026-05-12,09:46:52,maceta2,32.0,32.0,78.4,78.9,78.6,6290.8,20283.6,14.3,47.1,1,0,0,
2026-05-12,09:47:18,maceta1,73.0,73.0,51.1,51.5,51.3,5904.1,20620.7,,,1,0,0,Lectura invalida de DHT
2026-05-12,09:47:18,maceta2,33.0,32.0,78.2,78.8,78.5,6276.1,20626.5,,,1,0,0,Lectura invalida de DHT
2026-05-12,09:47:45,maceta1,74.0,73.0,50.9,51.5,51.2,6090.2,20277.7,,,1,0,0,Lectura invalida de DHT
2026-05-12,09:47:45,maceta2,33.0,32.0,78.1,78.6,78.3,6085.7,21224.2,,,1,0,0,Lectura invalida de DHT
2026-05-12,09:48:12,maceta1,74.0,73.0,50.7,51.4,51.1,5859.7,20113.8,,,1,0,0,Lectura invalida de DHT
2026-05-12,09:48:12,maceta2,33.0,33.0,77.9,78.3,78.1,5810.8,20101.1,,,1,0,0,Lectura invalida de DHT
2026-05-12,09:48:39,maceta1,74.0,73.0,50.7,51.2,50.9,6497.8,21417.4,,,1,0,0,Lectura invalida de DHT
2026-05-12,09:48:39,maceta2,33.0,33.0,77.7,78.1,77.9,6208.0,21252.9,,,1,0,0,Lectura invalida de DHT
2026-05-12,09:49:06,maceta1,74.0,73.0,50.5,51.1,50.8,6151.5,20428.0,,,1,0,0,Lectura invalida de DHT
2026-05-12,09:49:06,maceta2,34.0,33.0,77.5,78.0,77.8,5977.2,20876.7,14.3,47.2,1,0,0,
2026-05-12,09:49:33,maceta1,75.0,74.0,50.3,50.9,50.6,6216.8,21158.6,,,1,0,0,Lectura invalida de DHT
2026-05-12,09:49:33,maceta2,34.0,33.0,77.4,77.9,77.7,6115.2,20221.5,14.3,47.2,1,0,0,
2026-05-12,09:50:00,maceta1,75.0,74.0,50.2,50.8,50.5,5847.0,19348.6,,,1,0,0,Lectura invalida de DHT
2026-05-12,09:50:00,maceta2,34.0,33.0,77.1,77.8,77.5,6470.3,20508.1,14.3,47.2,1,0,0,
2026-05-12,09:50:26,maceta1,75.0,74.0,49.9,50.7,50.3,6325.0,20423.0,,,1,0,1,Lectura invalida de DHT
2026-05-12,09:50:26,maceta2,34.0,34.0,77.0,77.7,77.3,6079.3,19814.0,14.3,47.2,1,0,0,
2026-05-12,09:50:53,maceta1,26.0,27.0,82.4,81.7,82.0,5946.9,21169.9,,,1,0,0,Lectura invalida de DHT
2026-05-12,09:50:53,maceta2,35.0,34.0,76.9,77.6,77.2,6387.9,21459.0,,,1,0,0,Lectura invalida de DHT
2026-05-12,09:51:20,maceta1,27.0,28.0,82.2,81.5,81.8,6428.6,20457.8,,,1,0,0,Lectura invalida de DHT
2026-05-12,09:51:20,maceta2,35.0,34.0,76.8,77.4,77.1,5932.0,20668.4,14.3,47.2,1,0,0,
2026-05-12,09:51:47,maceta1,27.0,28.0,81.9,81.3,81.6,5943.6,20795.0,,,1,0,0,Lectura invalida de DHT
2026-05-12,09:51:47,maceta2,35.0,34.0,76.7,77.3,77.0,6270.7,19109.6,14.3,47.2,1,0,0,
2026-05-12,09:52:14,maceta1,27.0,28.0,81.7,81.0,81.4,5933.5,19930.1,,,1,0,0,Lectura invalida de DHT
2026-05-12,09:52:14,maceta2,35.0,34.0,76.5,77.2,76.9,6483.9,19816.6,,,1,0,0,Lectura invalida de DHT
2026-05-12,09:52:41,maceta1,27.0,29.0,81.7,80.9,81.3,5825.6,19231.1,,,1,0,0,Lectura invalida de DHT
2026-05-12,09:52:41,maceta2,35.0,35.0,76.4,77.0,76.7,5871.3,20558.3,14.4,47.2,1,0,0,
2026-05-12,09:53:07,maceta1,28.0,29.0,81.5,80.6,81.0,6130.4,20144.8,,,1,0,0,Lectura invalida de DHT
2026-05-12,09:53:07,maceta2,36.0,35.0,76.3,76.9,76.6,5805.8,19140.8,14.4,47.2,1,0,0,
2026-05-12,09:53:35,maceta1,28.0,29.0,81.2,80.4,80.8,6195.4,19986.2,,,1,0,0,Lectura invalida de DHT
2026-05-12,09:53:35,maceta2,36.0,35.0,76.1,76.7,76.4,6103.5,19059.7,14.4,47.2,1,0,0,
2026-05-12,09:54:01,maceta1,28.0,30.0,81.0,80.2,80.6,5846.0,21167.7,,,1,0,0,Lectura invalida de DHT
2026-05-12,09:54:01,maceta2,36.0,35.0,75.9,76.6,76.3,5864.8,20125.1,14.3,47.2,1,0,0,
2026-05-12,09:54:28,maceta1,29.0,30.0,81.0,80.2,80.6,6342.9,19610.0,,,1,0,0,Lectura invalida de DHT
2026-05-12,09:54:28,maceta2,36.0,35.0,75.7,76.5,76.1,6323.9,19831.7,14.4,47.2,1,0,0,
2026-05-12,09:54:55,maceta1,29.0,30.0,80.8,80.1,80.4,6117.3,21416.8,,,1,0,0,Lectura invalida de DHT
2026-05-12,09:54:55,maceta2,37.0,36.0,75.6,76.3,75.9,6440.2,20095.7,,,1,0,0,Lectura invalida de DHT
2026-05-12,09:55:22,maceta1,29.0,30.0,80.7,79.9,80.3,6167.1,21395.3,,,1,0,0,Lectura invalida de DHT
2026-05-12,09:55:22,maceta2,37.0,36.0,75.4,76.1,75.8,6103.8,19656.7,14.4,47.2,1,0,0,
2026-05-12,09:55:49,maceta1,29.0,30.0,80.4,79.8,80.1,6108.5,19619.1,,,1,0,0,Lectura invalida de DHT
2026-05-12,09:55:49,maceta2,37.0,36.0,75.3,76.1,75.7,5981.1,19411.8,14.4,47.2,1,0,0,
2026-05-12,09:56:16,maceta1,30.0,31.0,80.2,79.6,79.9,6080.5,19870.1,,,1,0,0,Lectura invalida de DHT
2026-05-12,09:56:16,maceta2,37.0,36.0,75.1,76.0,75.5,6104.1,20722.9,14.4,47.2,1,0,0,
2026-05-12,09:56:43,maceta1,30.0,31.0,80.1,79.4,79.7,6191.7,21238.9,,,1,0,0,Lectura invalida de DHT
2026-05-12,09:56:43,maceta2,38.0,36.0,74.9,75.8,75.4,6306.4,20286.4,,,1,0,0,Lectura invalida de DHT
2026-05-12,09:57:09,maceta1,30.0,31.0,79.8,79.2,79.5,5908.7,21416.6,,,1,0,0,Lectura invalida de DHT
2026-05-12,09:57:09,maceta2,38.0,36.0,74.7,75.7,75.2,5806.3,19500.4,14.4,47.2,1,0,0,
2026-05-12,09:57:36,maceta1,30.0,31.0,79.7,79.2,79.5,5927.3,20108.6,,,1,0,0,Lectura invalida de DHT
2026-05-12,09:57:36,maceta2,38.0,37.0,74.5,75.6,75.1,6212.6,19799.0,14.4,47.2,1,0,0,
2026-05-12,09:58:03,maceta1,31.0,31.0,79.6,79.1,79.4,6403.2,19802.5,,,1,0,0,Lectura invalida de DHT
2026-05-12,09:58:03,maceta2,38.0,37.0,74.4,75.4,74.9,6229.3,20479.5,,,1,0,0,Lectura invalida de DHT
2026-05-12,09:58:30,maceta1,31.0,32.0,79.5,79.0,79.3,6462.3,20315.2,,,1,0,0,Lectura invalida de DHT
2026-05-12,09:58:30,maceta2,39.0,37.0,74.1,75.2,74.7,6246.4,19180.6,14.4,47.2,1,0,0,
2026-05-12,09:58:57,maceta1,31.0,32.0,79.3,78.8,79.0,6061.3,20719.4,,,1,0,0,Lectura invalida de DHT
2026-05-12,09:58:57,maceta2,39.0,37.0,74.0,75.2,74.6,5969.4,19368.6,14.4,47.2,1,0,0,
2026-05-12,09:59:23,maceta1,31.0,32.0,79.2,78.5,78.8,5989.5,19683.7,,,1,0,0,Lectura invalida de DHT
2026-05-12,09:59:23,maceta2,39.0,38.0,73.9,75.0,74.4,6299.8,19183.1,14.4,47.2,1,0,0,
2026-05-12,09:59:50,maceta1,32.0,33.0,78.9,78.3,78.6,6250.8,20841.2,,,1,0,0,Lectura invalida de DHT
2026-05-12,09:59:50,maceta2,39.0,38.0,73.8,74.8,74.3,5864.0,21030.8,14.4,47.2,1,0,0,
2026-05-12,10:00:17,maceta1,32.0,33.0,78.8,78.2,78.5,6086.1,19129.1,,,1,0,0,Lectura invalida de DHT
2026-05-12,10:00:17,maceta2,40.0,38.0,73.6,74.7,74.1,5939.5,20881.0,14.4,47.2,1,0,0,
2026-05-12,10:00:44,maceta1,32.0,33.0,78.6,78.0,78.3,5817.8,19123.2,,,1,0,0,Lectura invalida de DHT
2026-05-12,10:00:44,maceta2,40.0,38.0,73.4,74.5,74.0,6414.2,20883.3,14.4,47.2,1,0,0,
2026-05-12,10:01:11,maceta1,32.0,33.0,78.5,77.9,78.2,5909.3,19965.7,,,1,0,0,Lectura invalida de DHT
2026-05-12,10:01:11,maceta2,40.0,38.0,73.3,74.3,73.8,6317.1,20790.8,14.4,47.1,1,0,0,
2026-05-12,10:01:37,maceta1,33.0,33.0,78.2,77.8,78.0,6301.2,19883.7,,,1,0,0,Lectura invalida de DHT
2026-05-12,10:01:37,maceta2,40.0,39.0,73.2,74.2,73.7,5809.6,20673.5,14.4,47.2,1,0,0,
2026-05-12,10:02:04,maceta1,33.0,34.0,78.2,77.6,77.9,6261.2,19789.1,,,1,0,0,Lectura invalida de DHT
2026-05-12,10:02:04,maceta2,40.0,39.0,73.0,74.0,73.5,5973.9,20192.5,,,1,0,0,Lectura invalida de DHT
2026-05-12,10:02:31,maceta1,33.0,34.0,78.0,77.4,77.7,5819.0,20227.5,,,1,0,0,Lectura invalida de DHT
2026-05-12,10:02:31,maceta2,41.0,39.0,72.9,73.8,73.4,5950.1,20605.7,14.4,47.2,1,0,0,
2026-05-12,10:02:58,maceta1,33.0,34.0,77.8,77.3,77.5,5955.4,19801.8,,,1,0,0,Lectura invalida de DHT
2026-05-12,10:02:58,maceta2,41.0,40.0,72.8,73.6,73.2,5989.6,19095.9,14.4,47.1,1,0,0,
2026-05-12,10:03:25,maceta1,34.0,34.0,77.7,77.2,77.4,5961.8,19480.6,,,1,0,0,Lectura invalida de DHT
2026-05-12,10:03:25,maceta2,41.0,40.0,72.6,73.5,73.0,5973.3,20553.7,,,1,0,0,Lectura invalida de DHT
2026-05-12,10:03:52,maceta1,34.0,35.0,77.5,76.9,77.2,6270.3,19773.7,,,1,0,0,Lectura invalida de DHT
2026-05-12,10:03:52,maceta2,42.0,40.0,72.3,73.4,72.9,5843.8,20944.7,14.5,47.1,1,0,0,
2026-05-12,10:04:18,maceta1,34.0,35.0,77.4,76.9,77.1,5813.8,21437.3,,,1,0,0,Lectura invalida de DHT
2026-05-12,10:04:18,maceta2,42.0,40.0,72.3,73.3,72.8,6121.3,20250.9,14.5,47.2,1,0,0,
2026-05-12,10:04:45,maceta1,34.0,35.0,77.3,76.7,77.0,5872.9,20027.8,,,1,0,0,Lectura invalida de DHT
2026-05-12,10:04:45,maceta2,42.0,40.0,72.1,73.1,72.6,6312.9,19893.8,14.4,47.2,1,0,0,
2026-05-12,10:05:12,maceta1,34.0,35.0,77.2,76.5,76.9,6359.9,20111.8,,,1,0,0,Lectura invalida de DHT
2026-05-12,10:05:12,maceta2,42.0,40.0,72.0,73.0,72.5,6224.7,19693.6,14.5,47.2,1,0,0,
2026-05-12,10:05:39,maceta1,34.0,35.0,77.1,76.5,76.8,5925.0,20441.4,,,1,0,0,Lectura invalida de DHT
2026-05-12,10:05:39,maceta2,42.0,41.0,71.8,72.9,72.4,6271.0,20607.0,14.5,47.2,1,0,0,
2026-05-12,10:06:05,maceta1,35.0,36.0,76.9,76.2,76.6,6256.9,21458.4,,,1,0,0,Lectura invalida de DHT
2026-05-12,10:06:05,maceta2,42.0,41.0,71.7,72.8,72.3,5856.8,20732.0,14.5,47.2,1,0,0,
2026-05-12,10:06:32,maceta1,35.0,36.0,76.8,76.0,76.4,5966.7,19604.0,,,1,0,0,Lectura invalida de DHT
2026-05-12,10:06:32,maceta2,42.0,41.0,71.7,72.6,72.2,6466.0,21177.4,14.5,47.2,1,0,0,
2026-05-12,10:06:59,maceta1,35.0,36.0,76.7,75.8,76.2,5869.6,20703.2,,,1,0,0,Lectura invalida de DHT
2026-05-12,10:06:59,maceta2,43.0,41.0,71.4,72.6,72.0,6386.9,19855.8,14.5,47.2,1,0,0,
2026-05-12,10:07:26,maceta1,35.0,37.0,76.6,75.6,76.1,5970.2,20790.0,,,1,0,0,Lectura invalida de DHT
2026-05-12,10:07:26,maceta2,43.0,41.0,71.3,72.4,71.9,6363.6,20924.4,14.5,47.2,1,0,0,
2026-05-12,10:07:52,maceta1,35.0,37.0,76.4,75.4,75.9,6305.6,20518.3,,,1,0,0,Lectura invalida de DHT
2026-05-12,10:07:52,maceta2,43.0,42.0,71.1,72.3,71.7,6376.1,20403.4,,,1,0,0,Lectura invalida de DHT
2026-05-12,10:08:19,maceta1,36.0,37.0,76.3,75.2,75.7,6399.0,19221.4,,,1,0,0,Lectura invalida de DHT
2026-05-12,10:08:19,maceta2,44.0,42.0,70.9,72.1,71.5,6452.9,21207.1,14.5,47.2,1,0,0,
2026-05-12,10:08:46,maceta1,36.0,37.0,76.1,75.1,75.6,6381.2,20692.2,,,1,0,0,Lectura invalida de DHT
2026-05-12,10:08:46,maceta2,44.0,42.0,70.6,72.0,71.3,6181.0,20319.5,14.5,47.2,1,0,0,
2026-05-12,10:09:13,maceta1,36.0,38.0,76.0,74.9,75.4,6078.0,19160.2,,,1,0,0,Lectura invalida de DHT
2026-05-12,10:09:13,maceta2,44.0,42.0,70.4,71.9,71.1,5940.2,20294.1,,,1,0,0,Lectura invalida de DHT
2026-05-12,10:09:40,maceta1,36.0,38.0,75.9,74.7,75.3,6267.7,20490.4,,,1,0,0,Lectura invalida de DHT
2026-05-12,10:09:40,maceta2,45.0,42.0,70.2,71.8,71.0,6231.7,20444.7,14.5,47.2,1,0,0,
2026-05-12,10:10:06,maceta1,36.0,38.0,75.8,74.6,75.2,5943.5,20849.0,,,1,0,0,Lectura invalida de DHT
2026-05-12,10:10:06,maceta2,45.0,43.0,70.0,71.5,70.8,6320.0,20873.3,14.5,47.2,1,0,0,
2026-05-12,10:10:33,maceta1,37.0,38.0,75.7,74.5,75.1,6005.2,19527.4,,,1,0,0,Lectura invalida de DHT
2026-05-12,10:10:33,maceta2,45.0,43.0,69.8,71.4,70.6,6316.5,21411.7,,,1,0,0,Lectura invalida de DHT
2026-05-12,10:11:00,maceta1,37.0,39.0,75.4,74.3,74.9,6427.4,21104.1,,,1,0,0,Lectura invalida de DHT
2026-05-12,10:11:00,maceta2,45.0,43.0,69.7,71.2,70.4,6165.0,19183.9,14.5,47.2,1,0,0,
2026-05-12,10:11:27,maceta1,37.0,39.0,75.2,74.1,74.7,5809.1,19075.9,,,1,0,0,Lectura invalida de DHT
2026-05-12,10:11:27,maceta2,46.0,43.0,69.4,71.1,70.3,5847.9,19133.6,,,1,0,0,Lectura invalida de DHT
2026-05-12,10:11:54,maceta1,37.0,39.0,75.0,74.0,74.5,5859.9,21109.5,,,1,0,0,Lectura invalida de DHT
2026-05-12,10:11:54,maceta2,46.0,44.0,69.3,70.9,70.1,6059.8,21343.9,14.5,47.2,1,0,0,
2026-05-12,10:12:20,maceta1,38.0,39.0,74.8,73.9,74.3,5945.5,20150.8,,,1,0,0,Lectura invalida de DHT
2026-05-12,10:12:20,maceta2,46.0,44.0,69.1,70.7,69.9,6444.5,20324.7,14.5,47.2,1,0,0,
2026-05-12,10:12:52,maceta1,38.0,39.0,74.7,73.7,74.2,5818.6,19544.0,,,1,0,0,Lectura invalida de DHT
2026-05-12,10:12:52,maceta2,47.0,44.0,68.9,70.5,69.7,6209.1,20537.3,14.5,47.2,1,0,0,
2026-05-12,10:13:19,maceta1,38.0,39.0,74.5,73.7,74.1,5927.0,19334.4,,,1,0,0,Lectura invalida de DHT
2026-05-12,10:13:19,maceta2,47.0,45.0,68.7,70.2,69.4,6176.8,20206.1,,,1,0,0,Lectura invalida de DHT
2026-05-12,10:13:46,maceta1,38.0,40.0,74.4,73.5,73.9,6208.1,21383.3,,,1,0,0,Lectura invalida de DHT
2026-05-12,10:13:46,maceta2,47.0,45.0,68.4,70.0,69.2,5988.2,19234.1,14.5,47.2,1,0,0,
2026-05-12,10:14:13,maceta1,39.0,40.0,74.2,73.3,73.8,6095.0,19181.7,,,1,0,0,Lectura invalida de DHT
2026-05-12,10:14:13,maceta2,47.0,45.0,68.4,69.9,69.1,6057.9,20920.2,14.5,47.2,1,0,0,
2026-05-12,10:14:41,maceta1,39.0,40.0,74.1,73.2,73.6,6424.9,19497.7,,,1,0,0,Lectura invalida de DHT
2026-05-12,10:14:41,maceta2,48.0,45.0,68.2,69.7,69.0,6426.7,20868.1,14.5,47.2,1,0,0,
2026-05-12,10:15:08,maceta1,39.0,40.0,74.0,73.0,73.5,6372.2,19869.6,,,1,0,0,Lectura invalida de DHT
2026-05-12,10:15:08,maceta2,48.0,46.0,68.1,69.7,68.9,6266.5,19779.3,,,1,0,0,Lectura invalida de DHT
2026-05-12,10:15:34,maceta1,39.0,41.0,73.8,72.9,73.4,6039.3,20550.6,,,1,0,0,Lectura invalida de DHT
2026-05-12,10:15:34,maceta2,48.0,46.0,68.0,69.5,68.7,6351.2,19765.6,14.5,47.2,1,0,0,
2026-05-12,10:16:01,maceta1,39.0,41.0,73.7,72.8,73.3,5981.6,20362.0,,,1,0,0,Lectura invalida de DHT
2026-05-12,10:16:01,maceta2,48.0,46.0,67.8,69.2,68.5,6118.0,21094.6,14.5,47.2,1,0,0,
2026-05-12,10:16:28,maceta1,40.0,41.0,73.6,72.7,73.2,6065.8,19314.1,,,1,0,0,Lectura invalida de DHT
2026-05-12,10:16:28,maceta2,49.0,46.0,67.6,69.1,68.4,6241.2,19180.9,14.5,47.2,1,0,0,
2026-05-12,10:16:55,maceta1,40.0,41.0,73.4,72.5,73.0,6213.2,19724.3,,,1,0,0,Lectura invalida de DHT
2026-05-12,10:16:55,maceta2,49.0,47.0,67.5,69.0,68.2,5973.9,21202.8,,,1,0,0,Lectura invalida de DHT
2026-05-12,10:17:21,maceta1,40.0,41.0,73.2,72.4,72.8,5987.6,19596.9,,,1,0,0,Lectura invalida de DHT
2026-05-12,10:17:21,maceta2,49.0,47.0,67.3,68.9,68.1,6293.8,19641.7,14.6,47.2,1,0,0,
2026-05-12,10:17:48,maceta1,40.0,42.0,73.1,72.3,72.7,6236.9,19533.9,,,1,0,0,Lectura invalida de DHT
2026-05-12,10:17:48,maceta2,49.0,47.0,67.3,68.7,68.0,6099.3,20482.5,14.6,47.2,1,0,0,
2026-05-12,10:18:15,maceta1,41.0,42.0,72.9,72.1,72.5,6086.6,20027.9,,,1,0,0,Lectura invalida de DHT
2026-05-12,10:18:15,maceta2,49.0,47.0,67.2,68.7,67.9,6109.8,21340.0,14.6,47.2,1,0,0,
2026-05-12,10:18:42,maceta1,41.0,42.0,72.7,71.9,72.3,6186.4,20760.1,,,1,0,0,Lectura invalida de DHT
2026-05-12,10:18:42,maceta2,49.0,47.0,67.0,68.6,67.8,6254.5,20695.3,14.6,47.2,1,0,0,
2026-05-12,10:19:08,maceta1,41.0,42.0,72.6,71.7,72.2,6105.3,19543.6,,,1,0,0,Lectura invalida de DHT
2026-05-12,10:19:08,maceta2,50.0,47.0,66.9,68.5,67.7,6455.4,20036.1,14.5,47.2,1,0,0,
2026-05-12,10:19:35,maceta1,41.0,43.0,72.4,71.4,71.9,6006.1,19916.7,,,1,0,0,Lectura invalida de DHT
2026-05-12,10:19:35,maceta2,50.0,48.0,66.7,68.2,67.5,5844.8,20723.8,,,1,0,0,Lectura invalida de DHT
2026-05-12,10:20:02,maceta1,42.0,43.0,72.3,71.3,71.8,6463.9,19977.3,,,1,0,0,Lectura invalida de DHT
2026-05-12,10:20:02,maceta2,50.0,48.0,66.6,68.0,67.3,6377.3,19859.9,14.6,47.2,1,0,0,
2026-05-12,10:20:29,maceta1,42.0,43.0,72.1,71.0,71.6,6334.5,21441.1,,,1,0,0,Lectura invalida de DHT
2026-05-12,10:20:29,maceta2,51.0,48.0,66.3,67.9,67.1,6004.7,19693.1,14.6,47.2,1,0,0,
2026-05-12,10:20:56,maceta1,42.0,44.0,71.9,70.8,71.3,5898.1,21386.7,,,1,0,0,Lectura invalida de DHT
2026-05-12,10:20:56,maceta2,51.0,48.0,66.2,67.8,67.0,6110.7,21491.7,14.6,47.2,1,0,0,
2026-05-12,10:21:22,maceta1,42.0,44.0,71.7,70.8,71.2,6407.9,21000.3,,,1,0,0,Lectura invalida de DHT
2026-05-12,10:21:22,maceta2,51.0,49.0,66.1,67.6,66.9,5815.3,20877.0,14.6,47.2,1,0,0,
2026-05-12,10:21:49,maceta1,43.0,44.0,71.5,70.6,71.0,6141.2,19604.1,,,1,0,0,Lectura invalida de DHT
2026-05-12,10:21:49,maceta2,51.0,49.0,66.1,67.4,66.7,6010.7,20611.8,14.6,47.2,1,0,0,
2026-05-12,10:22:16,maceta1,43.0,44.0,71.3,70.5,70.9,6426.2,19170.1,,,1,0,0,Lectura invalida de DHT
2026-05-12,10:22:16,maceta2,51.0,49.0,66.0,67.2,66.6,6151.8,19888.2,14.6,47.2,1,0,0,
2026-05-12,10:22:43,maceta1,43.0,44.0,71.1,70.4,70.7,6359.9,19792.3,,,1,0,0,Lectura invalida de DHT
2026-05-12,10:22:43,maceta2,51.0,50.0,65.7,66.9,66.3,5839.3,19122.9,,,1,0,0,Lectura invalida de DHT
2026-05-12,10:23:09,maceta1,44.0,45.0,70.9,70.3,70.6,6097.6,19667.0,,,1,0,0,Lectura invalida de DHT
2026-05-12,10:23:09,maceta2,52.0,50.0,65.5,66.8,66.2,6143.8,19077.6,14.6,47.2,1,0,0,
2026-05-12,10:23:36,maceta1,44.0,45.0,70.7,70.2,70.4,5815.7,20264.8,,,1,0,0,Lectura invalida de DHT
2026-05-12,10:23:36,maceta2,52.0,50.0,65.3,66.8,66.1,6449.0,20385.5,,,1,0,0,Lectura invalida de DHT
2026-05-12,10:24:03,maceta1,44.0,45.0,70.7,70.0,70.3,5988.1,20944.3,,,1,0,0,Lectura invalida de DHT
2026-05-12,10:24:03,maceta2,52.0,50.0,65.1,66.6,65.9,5873.8,20905.1,14.6,47.2,1,0,0,
2026-05-12,10:24:30,maceta1,44.0,45.0,70.6,69.8,70.2,6179.1,21145.8,,,1,0,0,Lectura invalida de DHT
2026-05-12,10:24:30,maceta2,52.0,50.0,65.0,66.4,65.7,6335.1,20343.4,,,1,0,0,Lectura invalida de DHT
2026-05-12,10:24:57,maceta1,44.0,46.0,70.4,69.6,70.0,6243.4,21112.2,,,1,0,0,Lectura invalida de DHT
2026-05-12,10:24:57,maceta2,53.0,51.0,64.9,66.3,65.6,6086.8,21102.0,,,1,0,0,Lectura invalida de DHT
2026-05-12,10:25:24,maceta1,45.0,46.0,70.3,69.4,69.8,5980.5,19899.2,,,1,0,0,Lectura invalida de DHT
2026-05-12,10:25:24,maceta2,53.0,51.0,64.8,66.1,65.5,6258.6,19083.6,14.6,47.2,1,0,0,
2026-05-12,10:25:52,maceta1,45.0,46.0,70.1,69.1,69.6,5897.5,20718.1,,,1,0,0,Lectura invalida de DHT
2026-05-12,10:25:52,maceta2,53.0,51.0,64.6,65.9,65.3,5982.2,19916.9,14.6,47.2,1,0,0,
2026-05-12,10:26:19,maceta1,45.0,46.0,69.9,69.1,69.5,6384.5,19782.1,,,1,0,0,Lectura invalida de DHT
2026-05-12,10:26:19,maceta2,53.0,51.0,64.4,65.9,65.1,5911.6,19592.7,14.6,47.2,1,0,0,
2026-05-12,10:26:46,maceta1,45.0,47.0,69.8,69.0,69.4,6489.1,19152.3,,,1,0,0,Lectura invalida de DHT
2026-05-12,10:26:46,maceta2,54.0,51.0,64.3,65.7,65.0,5912.3,20118.2,14.6,47.2,1,0,0,
2026-05-12,10:27:14,maceta1,46.0,47.0,69.6,68.8,69.2,6168.0,20753.9,,,1,0,0,Lectura invalida de DHT
2026-05-12,10:27:14,maceta2,54.0,52.0,64.1,65.5,64.8,5849.3,19180.9,,,1,0,0,Lectura invalida de DHT
2026-05-12,10:27:40,maceta1,46.0,47.0,69.4,68.7,69.0,5920.2,19024.6,,,1,0,0,Lectura invalida de DHT
2026-05-12,10:27:40,maceta2,54.0,52.0,64.0,65.5,64.8,5930.0,21385.3,14.6,47.2,1,0,0,
2026-05-12,10:28:07,maceta1,46.0,47.0,69.2,68.4,68.8,5990.6,20023.0,,,1,0,0,Lectura invalida de DHT
2026-05-12,10:28:07,maceta2,54.0,52.0,64.0,65.4,64.7,6265.0,19558.1,14.6,47.2,1,0,0,
2026-05-12,10:28:34,maceta1,46.0,48.0,69.0,68.2,68.6,5812.9,19823.4,,,1,0,0,Lectura invalida de DHT
2026-05-12,10:28:34,maceta2,54.0,52.0,63.9,65.2,64.6,6417.2,21305.8,,,1,0,0,Lectura invalida de DHT
2026-05-12,10:29:01,maceta1,47.0,48.0,68.8,68.0,68.4,6440.0,20733.4,,,1,0,0,Lectura invalida de DHT
2026-05-12,10:29:01,maceta2,54.0,52.0,63.8,65.0,64.4,6369.9,20064.7,14.6,47.2,1,0,0,
2026-05-12,10:29:28,maceta1,47.0,48.0,68.7,67.9,68.3,5882.4,20915.6,,,1,0,0,Lectura invalida de DHT
2026-05-12,10:29:28,maceta2,55.0,53.0,63.6,64.9,64.2,6279.6,21463.8,14.6,47.2,1,0,0,
2026-05-12,10:29:55,maceta1,47.0,48.0,68.6,67.7,68.2,6203.6,19760.2,,,1,0,0,Lectura invalida de DHT
2026-05-12,10:29:55,maceta2,55.0,53.0,63.4,64.6,64.0,5877.3,20385.1,,,1,0,0,Lectura invalida de DHT
2026-05-12,10:30:24,maceta1,47.0,49.0,68.5,67.6,68.1,5991.8,21029.1,,,1,0,0,Lectura invalida de DHT
2026-05-12,10:30:24,maceta2,55.0,53.0,63.3,64.4,63.8,6002.4,21327.1,,,1,0,0,Lectura invalida de DHT
2026-05-12,10:31:00,maceta1,47.0,49.0,68.4,67.4,67.9,6187.9,19734.8,,,1,0,0,Lectura invalida de DHT
2026-05-12,10:31:00,maceta2,55.0,54.0,63.2,64.2,63.7,6016.9,19013.4,14.6,47.2,1,0,0,
2026-05-12,10:31:37,maceta1,48.0,49.0,68.2,67.4,67.8,6256.0,20115.8,,,1,0,0,Lectura invalida de DHT
2026-05-12,10:31:37,maceta2,55.0,54.0,63.0,64.1,63.6,5975.0,20870.6,14.6,47.3,1,0,0,
2026-05-12,10:32:04,maceta1,48.0,49.0,68.0,67.1,67.5,6380.8,20817.5,,,1,0,0,Lectura invalida de DHT
2026-05-12,10:32:04,maceta2,56.0,54.0,62.8,63.9,63.3,6160.5,21257.6,,,1,0,0,Lectura invalida de DHT
2026-05-12,10:32:30,maceta1,48.0,50.0,67.8,66.9,67.3,5944.5,20732.3,,,1,0,0,Lectura invalida de DHT
2026-05-12,10:32:30,maceta2,56.0,55.0,62.7,63.6,63.1,6174.9,19349.3,,,1,0,0,Lectura invalida de DHT
2026-05-12,10:32:57,maceta1,48.0,50.0,67.7,66.7,67.2,5807.7,21468.4,,,1,0,0,Lectura invalida de DHT
2026-05-12,10:32:57,maceta2,56.0,55.0,62.6,63.5,63.0,6049.8,19240.3,14.6,47.2,1,0,0,
2026-05-12,10:33:24,maceta1,49.0,50.0,67.6,66.6,67.1,5895.8,19562.9,,,1,0,0,Lectura invalida de DHT
2026-05-12,10:33:24,maceta2,56.0,55.0,62.5,63.4,62.9,6047.7,20061.4,,,1,0,0,Lectura invalida de DHT
2026-05-12,10:33:51,maceta1,49.0,50.0,67.5,66.4,67.0,6430.0,20655.8,,,1,0,0,Lectura invalida de DHT
2026-05-12,10:33:51,maceta2,57.0,55.0,62.3,63.2,62.8,6380.0,21334.2,14.6,47.3,1,0,0,
2026-05-12,10:34:18,maceta1,49.0,51.0,67.4,66.2,66.8,6411.7,20524.2,,,1,0,0,Lectura invalida de DHT
2026-05-12,10:34:18,maceta2,57.0,55.0,62.2,63.1,62.7,6352.5,20356.0,,,1,0,0,Lectura invalida de DHT
2026-05-12,10:34:45,maceta1,49.0,51.0,67.3,66.0,66.6,6218.2,21287.7,,,1,0,0,Lectura invalida de DHT
2026-05-12,10:34:45,maceta2,57.0,56.0,62.1,62.9,62.5,6015.5,20318.6,14.7,47.3,1,0,0,
2026-05-12,10:35:11,maceta1,49.0,51.0,67.1,65.9,66.5,6220.4,19390.9,,,1,0,0,Lectura invalida de DHT
2026-05-12,10:35:11,maceta2,57.0,56.0,62.1,62.7,62.4,6439.7,19352.8,,,1,0,0,Lectura invalida de DHT
2026-05-12,10:35:38,maceta1,50.0,51.0,67.0,65.7,66.3,6265.5,20879.5,,,1,0,0,Lectura invalida de DHT
2026-05-12,10:35:38,maceta2,57.0,56.0,61.9,62.6,62.3,6467.0,19002.0,,,1,0,0,Lectura invalida de DHT
2026-05-12,10:36:05,maceta1,50.0,52.0,66.9,65.5,66.2,5922.8,20420.7,,,1,0,0,Lectura invalida de DHT
2026-05-12,10:36:05,maceta2,57.0,56.0,61.8,62.4,62.1,6028.7,21025.4,,,1,0,0,Lectura invalida de DHT
2026-05-12,10:36:32,maceta1,50.0,52.0,66.7,65.4,66.0,6440.1,19686.7,,,1,0,0,Lectura invalida de DHT
2026-05-12,10:36:32,maceta2,57.0,57.0,61.8,62.2,62.0,6048.1,19218.9,14.7,47.2,1,0,0,
2026-05-12,10:36:59,maceta1,50.0,52.0,66.6,65.3,65.9,6093.1,20186.1,,,1,0,0,Lectura invalida de DHT
2026-05-12,10:36:59,maceta2,58.0,57.0,61.7,62.0,61.8,6153.9,20584.6,,,1,0,0,Lectura invalida de DHT
2026-05-12,10:37:26,maceta1,50.0,52.0,66.5,65.2,65.8,6068.2,19834.4,,,1,0,0,Lectura invalida de DHT
2026-05-12,10:37:26,maceta2,58.0,57.0,61.6,61.8,61.7,6458.8,21286.5,14.6,47.2,1,0,0,
2026-05-12,10:37:52,maceta1,50.0,52.0,66.4,65.1,65.7,6163.2,20448.3,,,1,0,0,Lectura invalida de DHT
2026-05-12,10:37:52,maceta2,58.0,57.0,61.5,61.7,61.6,6413.4,19521.6,14.7,47.2,1,0,0,
2026-05-12,10:38:19,maceta1,51.0,53.0,66.3,64.8,65.6,5832.9,21222.5,,,1,0,0,Lectura invalida de DHT
2026-05-12,10:38:19,maceta2,58.0,58.0,61.4,61.7,61.5,5871.8,20663.2,14.7,47.2,1,0,0,
2026-05-12,10:38:46,maceta1,51.0,53.0,66.1,64.6,65.4,5916.4,20423.3,,,1,0,0,Lectura invalida de DHT
2026-05-12,10:38:46,maceta2,58.0,58.0,61.3,61.4,61.3,6074.9,19196.7,,,1,0,0,Lectura invalida de DHT
2026-05-12,10:39:13,maceta1,51.0,53.0,66.1,64.5,65.3,6316.6,20579.3,,,1,0,0,Lectura invalida de DHT
2026-05-12,10:39:13,maceta2,58.0,58.0,61.2,61.3,61.2,6187.4,20509.4,14.7,47.2,1,0,0,
2026-05-12,10:39:40,maceta1,51.0,53.0,65.9,64.4,65.1,5858.0,20296.9,,,1,0,0,Lectura invalida de DHT
2026-05-12,10:39:40,maceta2,58.0,58.0,61.1,61.1,61.1,6152.2,19409.8,14.7,47.2,1,0,0,
2026-05-12,10:40:06,maceta1,51.0,54.0,65.8,64.2,65.0,6222.2,19127.9,,,1,0,0,Lectura invalida de DHT
2026-05-12,10:40:06,maceta2,59.0,59.0,61.0,60.9,60.9,5935.7,20839.9,14.7,47.2,1,0,0,
2026-05-12,10:40:33,maceta1,52.0,54.0,65.6,64.0,64.8,5971.7,19582.1,,,1,0,0,Lectura invalida de DHT
2026-05-12,10:40:33,maceta2,59.0,59.0,60.9,60.7,60.8,6401.2,19753.1,14.7,47.2,1,0,0,
2026-05-12,10:41:00,maceta1,52.0,54.0,65.6,63.8,64.7,6072.5,20230.0,,,1,0,0,Lectura invalida de DHT
2026-05-12,10:41:00,maceta2,59.0,59.0,60.8,60.6,60.7,6273.9,20158.5,14.7,47.3,1,0,0,
2026-05-12,10:41:27,maceta1,52.0,55.0,65.4,63.6,64.5,6002.1,19775.6,,,1,0,0,Lectura invalida de DHT
2026-05-12,10:41:27,maceta2,59.0,59.0,60.7,60.5,60.6,6386.5,20498.6,,,1,0,0,Lectura invalida de DHT
2026-05-12,10:41:53,maceta1,52.0,55.0,65.1,63.5,64.3,6049.0,19454.4,,,1,0,0,Lectura invalida de DHT
2026-05-12,10:41:53,maceta2,59.0,59.0,60.6,60.4,60.5,6401.1,19428.2,14.7,47.3,1,0,0,
2026-05-12,10:42:22,maceta1,53.0,55.0,65.0,63.3,64.1,6303.3,20260.3,,,1,0,0,Lectura invalida de DHT
2026-05-12,10:42:22,maceta2,59.0,60.0,60.5,60.2,60.3,6323.8,20854.1,14.7,47.3,1,0,0,
2026-05-12,10:42:49,maceta1,53.0,55.0,64.8,63.1,63.9,6008.0,19807.0,,,1,0,0,Lectura invalida de DHT
2026-05-12,10:42:49,maceta2,59.0,60.0,60.4,60.0,60.2,6107.4,19756.6,,,1,0,0,Lectura invalida de DHT
2026-05-12,10:43:16,maceta1,53.0,55.0,64.5,63.0,63.8,6196.5,19645.3,,,1,0,0,Lectura invalida de DHT
2026-05-12,10:43:16,maceta2,60.0,60.0,60.3,59.8,60.0,6227.4,20655.9,14.7,47.3,1,0,0,
2026-05-12,10:43:43,maceta1,53.0,56.0,64.5,62.8,63.6,6133.2,20160.0,,,1,0,0,Lectura invalida de DHT
2026-05-12,10:43:43,maceta2,60.0,60.0,60.2,59.7,59.9,5912.3,19395.7,,,1,0,0,Lectura invalida de DHT
2026-05-12,10:44:09,maceta1,53.0,56.0,64.4,62.7,63.5,6264.6,19333.2,,,1,0,0,Lectura invalida de DHT
2026-05-12,10:44:09,maceta2,60.0,61.0,59.9,59.6,59.8,6271.6,20720.3,,,1,0,0,Lectura invalida de DHT
2026-05-12,10:44:36,maceta1,54.0,56.0,64.2,62.5,63.4,6455.8,21319.4,,,1,0,0,Lectura invalida de DHT
2026-05-12,10:44:36,maceta2,60.0,61.0,59.8,59.4,59.6,5925.5,19320.5,14.7,47.3,1,0,0,
2026-05-12,10:45:03,maceta1,54.0,56.0,64.2,62.3,63.2,6312.8,21169.3,,,1,0,0,Lectura invalida de DHT
2026-05-12,10:45:03,maceta2,61.0,61.0,59.6,59.2,59.4,6285.8,20063.4,14.7,47.3,1,0,0,
2026-05-12,10:45:30,maceta1,54.0,57.0,64.1,62.3,63.2,5950.5,20769.1,,,1,0,0,Lectura invalida de DHT
2026-05-12,10:45:30,maceta2,61.0,62.0,59.4,59.0,59.2,5960.7,19618.0,,,1,0,0,Lectura invalida de DHT
2026-05-12,10:45:56,maceta1,54.0,57.0,64.0,62.2,63.1,5821.8,19265.5,,,1,0,0,Lectura invalida de DHT
2026-05-12,10:45:56,maceta2,61.0,62.0,59.2,58.8,59.0,5882.3,20870.9,14.7,47.4,1,0,0,
2026-05-12,10:46:23,maceta1,54.0,57.0,63.8,62.0,62.9,5983.6,20939.7,,,1,0,0,Lectura invalida de DHT
2026-05-12,10:46:23,maceta2,61.0,62.0,59.1,58.6,58.9,5915.7,19655.1,14.7,47.4,1,0,0,
2026-05-12,10:46:50,maceta1,55.0,57.0,63.6,61.9,62.7,6216.6,21019.9,,,1,0,0,Lectura invalida de DHT
2026-05-12,10:46:50,maceta2,62.0,62.0,59.0,58.5,58.8,5801.4,21204.3,14.7,47.4,1,0,0,
2026-05-12,10:47:17,maceta1,55.0,57.0,63.4,61.8,62.6,5836.0,20919.4,,,1,0,0,Lectura invalida de DHT
2026-05-12,10:47:17,maceta2,62.0,63.0,58.8,58.3,58.6,6303.1,21229.6,14.7,47.4,1,0,0,
2026-05-12,10:47:43,maceta1,55.0,58.0,63.3,61.6,62.5,6147.5,19284.9,,,1,0,0,Lectura invalida de DHT
2026-05-12,10:47:43,maceta2,62.0,63.0,58.7,58.1,58.4,6312.7,19491.1,14.7,47.4,1,0,0,
2026-05-12,10:48:10,maceta1,55.0,58.0,63.1,61.6,62.3,6217.8,20609.8,,,1,0,0,Lectura invalida de DHT
2026-05-12,10:48:10,maceta2,62.0,63.0,58.6,58.0,58.3,6160.5,20534.6,,,1,0,0,Lectura invalida de DHT
2026-05-12,10:48:37,maceta1,56.0,58.0,63.0,61.3,62.2,6034.0,21085.8,,,1,0,0,Lectura invalida de DHT
2026-05-12,10:48:37,maceta2,62.0,63.0,58.4,57.8,58.1,5913.0,19219.3,14.7,47.4,1,0,0,
2026-05-12,10:49:04,maceta1,56.0,58.0,62.9,61.1,62.0,6339.6,20443.4,,,1,0,0,Lectura invalida de DHT
2026-05-12,10:49:04,maceta2,63.0,64.0,58.3,57.7,58.0,5858.5,19978.8,14.7,47.5,1,0,0,
2026-05-12,10:49:31,maceta1,56.0,59.0,62.6,60.9,61.8,5874.6,20616.0,,,1,0,0,Lectura invalida de DHT
2026-05-12,10:49:31,maceta2,63.0,64.0,58.2,57.4,57.8,5813.4,20783.3,14.7,47.4,1,0,0,
2026-05-12,10:49:57,maceta1,56.0,59.0,62.5,60.7,61.6,5852.6,20145.9,,,1,0,0,Lectura invalida de DHT
2026-05-12,10:49:57,maceta2,63.0,64.0,58.1,57.3,57.7,5916.0,20648.6,14.7,47.4,1,0,0,
2026-05-12,10:50:25,maceta1,56.0,59.0,62.4,60.6,61.5,6309.7,20321.8,,,1,0,0,Lectura invalida de DHT
2026-05-12,10:50:25,maceta2,63.0,64.0,57.9,57.2,57.6,6423.6,20561.8,14.7,47.5,1,0,0,
2026-05-12,10:50:52,maceta1,57.0,59.0,62.2,60.5,61.4,6146.8,19085.9,,,1,0,0,Lectura invalida de DHT
2026-05-12,10:50:52,maceta2,63.0,65.0,57.8,57.0,57.4,5969.1,19706.4,14.7,47.5,1,0,0,
2026-05-12,10:51:19,maceta1,57.0,60.0,62.1,60.3,61.2,6281.9,20597.4,,,1,0,0,Lectura invalida de DHT
2026-05-12,10:51:19,maceta2,64.0,65.0,57.6,56.8,57.2,6048.0,19945.1,14.7,47.5,1,0,0,
2026-05-12,10:51:46,maceta1,57.0,60.0,61.9,60.2,61.1,6104.4,19203.6,,,1,0,0,Lectura invalida de DHT
2026-05-12,10:51:46,maceta2,64.0,65.0,57.5,56.5,57.0,5873.7,19257.4,14.7,47.5,1,0,0,
2026-05-12,10:52:13,maceta1,57.0,60.0,61.8,60.1,61.0,5972.5,20087.5,,,1,0,0,Lectura invalida de DHT
2026-05-12,10:52:13,maceta2,64.0,65.0,57.3,56.4,56.8,5955.7,20797.6,14.7,47.5,1,0,0,
2026-05-12,10:52:39,maceta1,57.0,60.0,61.7,59.9,60.8,6373.4,19731.6,,,1,0,0,Lectura invalida de DHT
2026-05-12,10:52:39,maceta2,64.0,65.0,57.1,56.4,56.7,6163.5,20259.7,14.7,47.5,1,0,0,
2026-05-12,10:53:06,maceta1,58.0,60.0,61.5,59.8,60.6,6359.6,20363.6,,,1,0,0,Lectura invalida de DHT
2026-05-12,10:53:06,maceta2,65.0,66.0,56.9,56.2,56.5,6225.4,20771.9,14.7,47.5,1,0,0,
2026-05-12,10:53:33,maceta1,58.0,60.0,61.5,59.7,60.6,6286.3,19333.5,,,1,0,0,Lectura invalida de DHT
2026-05-12,10:53:33,maceta2,65.0,66.0,56.7,56.1,56.4,5971.7,19622.4,14.7,47.5,1,0,0,
2026-05-12,10:54:00,maceta1,58.0,61.0,61.4,59.6,60.5,5990.5,20729.1,,,1,0,0,Lectura invalida de DHT
2026-05-12,10:54:00,maceta2,65.0,66.0,56.5,56.0,56.3,5840.4,19811.1,14.8,47.6,1,0,0,
2026-05-12,10:54:27,maceta1,58.0,61.0,61.3,59.4,60.4,6213.2,20987.5,,,1,0,0,Lectura invalida de DHT
2026-05-12,10:54:27,maceta2,66.0,66.0,56.3,55.8,56.1,6073.7,19835.5,14.8,47.6,1,0,0,
2026-05-12,10:54:53,maceta1,58.0,61.0,61.2,59.2,60.2,6052.7,19408.4,,,1,0,0,Lectura invalida de DHT
2026-05-12,10:54:53,maceta2,66.0,66.0,56.2,55.7,56.0,5963.9,19064.4,,,1,0,0,Lectura invalida de DHT
2026-05-12,10:55:20,maceta1,58.0,61.0,61.0,59.1,60.0,5864.1,19260.8,,,1,0,0,Lectura invalida de DHT
2026-05-12,10:55:20,maceta2,66.0,67.0,56.0,55.6,55.8,5953.7,19852.6,14.8,47.6,1,0,0,
2026-05-12,10:55:47,maceta1,59.0,62.0,60.9,58.8,59.9,6442.1,19363.8,,,1,0,0,Lectura invalida de DHT
2026-05-12,10:55:47,maceta2,66.0,67.0,55.8,55.5,55.7,6471.9,21008.3,14.8,47.6,1,0,0,
2026-05-12,10:56:14,maceta1,59.0,62.0,60.7,58.8,59.7,5895.8,21192.8,,,1,0,0,Lectura invalida de DHT
2026-05-12,10:56:14,maceta2,67.0,67.0,55.6,55.4,55.5,6231.4,21243.2,14.8,47.6,1,0,0,
2026-05-12,10:56:41,maceta1,59.0,62.0,60.5,58.5,59.5,6465.2,20320.5,,,1,0,0,Lectura invalida de DHT
2026-05-12,10:56:41,maceta2,67.0,67.0,55.5,55.2,55.3,6189.8,20295.5,14.8,47.6,1,0,0,
2026-05-12,10:57:07,maceta1,59.0,62.0,60.3,58.4,59.4,6112.2,20168.2,,,1,0,0,Lectura invalida de DHT
2026-05-12,10:57:07,maceta2,67.0,67.0,55.3,55.1,55.2,6091.0,20138.8,14.8,47.6,1,0,0,
2026-05-12,10:57:34,maceta1,60.0,63.0,60.2,58.3,59.2,5929.6,19266.8,,,1,0,0,Lectura invalida de DHT
2026-05-12,10:57:34,maceta2,67.0,67.0,55.1,55.0,55.0,6100.3,19077.1,,,1,0,0,Lectura invalida de DHT
2026-05-12,10:58:01,maceta1,60.0,63.0,60.1,58.0,59.1,6179.3,20623.9,,,1,0,0,Lectura invalida de DHT
2026-05-12,10:58:01,maceta2,68.0,68.0,54.9,54.9,54.9,6178.6,21198.0,,,1,0,0,Lectura invalida de DHT
2026-05-12,10:58:28,maceta1,60.0,63.0,59.9,57.9,58.9,6411.1,21170.0,,,1,0,0,Lectura invalida de DHT
2026-05-12,10:58:28,maceta2,68.0,68.0,54.8,54.8,54.8,6287.5,19032.5,14.8,47.6,1,0,0,
2026-05-12,10:58:54,maceta1,60.0,63.0,59.7,57.8,58.7,6312.6,21070.5,,,1,0,0,Lectura invalida de DHT
2026-05-12,10:58:54,maceta2,68.0,68.0,54.7,54.6,54.6,6291.5,21361.9,,,1,0,0,Lectura invalida de DHT
2026-05-12,10:59:32,maceta1,61.0,64.0,59.6,57.6,58.6,6364.6,20565.1,,,1,0,0,Lectura invalida de DHT
2026-05-12,10:59:32,maceta2,68.0,68.0,54.4,54.4,54.4,5920.2,20223.0,14.8,47.6,1,0,0,
2026-05-12,11:00:02,maceta1,61.0,64.0,59.4,57.5,58.4,6261.1,19188.2,,,1,0,0,Lectura invalida de DHT
2026-05-12,11:00:02,maceta2,68.0,69.0,54.4,54.2,54.3,6150.1,19854.8,,,1,0,0,Lectura invalida de DHT
2026-05-12,11:00:29,maceta1,61.0,64.0,59.3,57.4,58.3,6284.6,19281.0,,,1,0,0,Lectura invalida de DHT
2026-05-12,11:00:29,maceta2,69.0,69.0,54.2,54.1,54.1,6088.4,21310.5,14.8,47.6,1,0,0,
2026-05-12,11:00:56,maceta1,61.0,64.0,59.1,57.2,58.2,6394.4,19123.3,,,1,0,0,Lectura invalida de DHT
2026-05-12,11:00:56,maceta2,69.0,69.0,54.1,53.9,54.0,6409.4,19061.0,14.8,47.7,1,0,0,
2026-05-12,11:01:23,maceta1,61.0,64.0,59.0,57.1,58.0,5974.8,19643.7,,,1,0,0,Lectura invalida de DHT
2026-05-12,11:01:23,maceta2,69.0,69.0,53.9,53.8,53.9,6242.0,20453.6,,,1,0,0,Lectura invalida de DHT
2026-05-12,11:01:50,maceta1,62.0,65.0,59.0,57.0,58.0,6142.6,19339.2,,,1,0,0,Lectura invalida de DHT
2026-05-12,11:01:50,maceta2,69.0,70.0,53.8,53.5,53.7,6172.8,20372.3,,,1,0,0,Lectura invalida de DHT
2026-05-12,11:02:16,maceta1,62.0,65.0,58.8,56.9,57.9,5954.8,19650.1,,,1,0,0,Lectura invalida de DHT
2026-05-12,11:02:16,maceta2,69.0,70.0,53.7,53.4,53.5,5880.8,19548.3,14.8,47.7,1,0,0,
2026-05-12,11:02:43,maceta1,62.0,65.0,58.6,56.8,57.7,6491.4,19962.6,,,1,0,0,Lectura invalida de DHT
2026-05-12,11:02:43,maceta2,70.0,70.0,53.6,53.2,53.4,6223.9,20072.2,14.8,47.7,1,0,0,
2026-05-12,11:03:10,maceta1,62.0,65.0,58.4,56.7,57.6,6460.8,21357.5,,,1,0,0,Lectura invalida de DHT
2026-05-12,11:03:10,maceta2,70.0,70.0,53.5,53.1,53.3,5882.0,20630.7,14.8,47.7,1,0,0,
2026-05-12,11:03:37,maceta1,63.0,65.0,58.3,56.5,57.4,5827.6,20525.9,,,1,0,0,Lectura invalida de DHT
2026-05-12,11:03:37,maceta2,70.0,71.0,53.3,53.0,53.1,6036.0,20817.8,14.8,47.7,1,0,0,
2026-05-12,11:04:07,maceta1,63.0,66.0,58.1,56.3,57.2,6293.9,21087.4,,,1,0,0,Lectura invalida de DHT
2026-05-12,11:04:07,maceta2,70.0,71.0,53.1,52.7,52.9,5900.0,19001.8,,,1,0,0,Lectura invalida de DHT
2026-05-12,11:04:43,maceta1,63.0,66.0,58.0,56.1,57.1,6447.7,20775.9,,,1,0,0,Lectura invalida de DHT
2026-05-12,11:04:43,maceta2,71.0,71.0,53.0,52.7,52.8,6284.5,21342.1,14.8,47.7,1,0,0,
2026-05-12,11:05:20,maceta1,63.0,66.0,57.8,56.0,56.9,5926.4,19281.3,,,1,0,0,Lectura invalida de DHT
2026-05-12,11:05:20,maceta2,71.0,71.0,52.9,52.4,52.6,5944.4,19411.3,,,1,0,0,Lectura invalida de DHT
2026-05-12,11:05:55,maceta1,64.0,66.0,57.6,55.8,56.7,6197.6,20839.8,,,1,0,0,Lectura invalida de DHT
2026-05-12,11:05:55,maceta2,71.0,72.0,52.7,52.2,52.5,6074.3,19584.0,14.8,47.6,1,0,0,
2026-05-12,11:06:31,maceta1,64.0,67.0,57.3,55.6,56.5,6440.8,19687.7,,,1,0,0,Lectura invalida de DHT
2026-05-12,11:06:31,maceta2,71.0,72.0,52.5,52.1,52.3,6427.0,19658.7,14.8,47.7,1,0,0,
2026-05-12,11:07:04,maceta1,64.0,67.0,57.2,55.6,56.4,5823.8,20597.8,,,1,0,0,Lectura invalida de DHT
2026-05-12,11:07:04,maceta2,72.0,72.0,52.3,52.0,52.2,5943.0,19094.6,14.8,47.7,1,0,0,
2026-05-12,11:07:40,maceta1,64.0,67.0,57.1,55.4,56.3,6288.2,19852.4,,,1,0,0,Lectura invalida de DHT
2026-05-12,11:07:40,maceta2,72.0,72.0,52.2,51.8,52.0,6155.5,19307.6,14.8,47.7,1,0,0,
2026-05-12,11:08:14,maceta1,65.0,67.0,56.8,55.3,56.1,6008.1,21494.2,,,1,0,0,Lectura invalida de DHT
2026-05-12,11:08:14,maceta2,72.0,72.0,52.1,51.7,51.9,6093.5,21465.9,14.8,47.7,1,0,0,
2026-05-12,11:08:41,maceta1,65.0,67.0,56.6,55.2,55.9,6447.1,19658.9,,,1,0,0,Lectura invalida de DHT
2026-05-12,11:08:41,maceta2,72.0,73.0,51.9,51.5,51.7,5812.7,19788.0,14.9,47.7,1,0,0,
2026-05-12,11:09:14,maceta1,65.0,67.0,56.5,55.0,55.8,6479.7,19697.8,,,1,0,0,Lectura invalida de DHT
2026-05-12,11:09:14,maceta2,72.0,73.0,51.8,51.3,51.5,6354.9,19288.3,,,1,0,0,Lectura invalida de DHT
2026-05-12,11:09:58,maceta1,65.0,68.0,56.4,54.9,55.7,6461.0,21326.7,,,1,0,0,Lectura invalida de DHT
2026-05-12,11:09:58,maceta2,73.0,73.0,51.6,51.1,51.3,5848.3,19267.5,,,1,0,0,Lectura invalida de DHT
2026-05-12,11:10:25,maceta1,66.0,68.0,56.3,54.8,55.5,6131.9,19061.6,,,1,0,0,Lectura invalida de DHT
2026-05-12,11:10:25,maceta2,73.0,74.0,51.4,51.0,51.2,6132.0,20798.6,14.8,47.7,1,0,0,
2026-05-12,11:10:51,maceta1,66.0,68.0,56.1,54.6,55.4,6403.4,20741.7,,,1,0,0,Lectura invalida de DHT
2026-05-12,11:10:51,maceta2,73.0,74.0,51.3,50.8,51.0,6192.5,21136.4,14.9,47.7,1,0,0,
2026-05-12,11:11:23,maceta1,66.0,68.0,56.0,54.5,55.2,6391.2,20813.3,,,1,0,0,Lectura invalida de DHT
2026-05-12,11:11:23,maceta2,73.0,74.0,51.1,50.7,50.9,6239.9,19642.4,14.9,47.7,1,0,0,
2026-05-12,11:11:49,maceta1,66.0,68.0,55.7,54.4,55.1,6023.4,21090.9,,,1,0,0,Lectura invalida de DHT
2026-05-12,11:11:49,maceta2,74.0,74.0,50.9,50.6,50.8,6282.0,19052.3,14.9,47.7,1,0,0,
2026-05-12,11:12:29,maceta1,67.0,69.0,55.6,54.2,54.9,6380.2,21436.1,,,1,0,0,Lectura invalida de DHT
2026-05-12,11:12:29,maceta2,74.0,74.0,50.8,50.4,50.6,5977.3,19557.7,14.9,47.7,1,0,0,
2026-05-12,11:12:57,maceta1,67.0,69.0,55.4,54.0,54.7,5825.9,21439.0,,,1,0,0,Lectura invalida de DHT
2026-05-12,11:12:57,maceta2,74.0,75.0,50.7,50.3,50.5,5807.0,19141.3,14.9,47.7,1,0,0,
2026-05-12,11:13:23,maceta1,67.0,69.0,55.2,53.9,54.6,6217.4,19163.2,,,1,0,0,Lectura invalida de DHT
2026-05-12,11:13:23,maceta2,74.0,75.0,50.5,50.0,50.3,6306.4,19258.5,14.9,47.7,1,0,0,
2026-05-12,11:13:50,maceta1,67.0,69.0,55.1,53.8,54.5,5961.0,21054.6,,,1,0,0,Lectura invalida de DHT
2026-05-12,11:13:50,maceta2,74.0,75.0,50.4,49.8,50.1,6175.0,20078.8,14.9,47.7,1,0,1,
2026-05-12,11:14:17,maceta1,68.0,70.0,54.9,53.6,54.3,5884.4,20615.8,,,1,0,0,Lectura invalida de DHT
2026-05-12,11:14:17,maceta2,23.0,26.0,84.6,82.8,83.7,6385.3,19574.8,,,1,0,0,Lectura invalida de DHT
2026-05-12,11:14:45,maceta1,68.0,70.0,54.7,53.5,54.1,5853.9,20618.4,,,1,0,0,Lectura invalida de DHT
2026-05-12,11:14:45,maceta2,23.0,26.0,84.5,82.6,83.5,6375.0,20289.9,14.9,47.6,1,0,0,
2026-05-12,11:15:11,maceta1,68.0,70.0,54.5,53.4,53.9,6287.4,19320.9,,,1,0,0,Lectura invalida de DHT
2026-05-12,11:15:11,maceta2,24.0,26.0,84.3,82.5,83.4,6390.3,19633.7,14.9,47.7,1,0,0,
2026-05-12,11:15:38,maceta1,69.0,70.0,54.3,53.2,53.8,6037.9,20625.5,,,1,0,0,Lectura invalida de DHT
2026-05-12,11:15:38,maceta2,24.0,26.0,84.2,82.4,83.3,6139.6,21351.3,,,1,0,0,Lectura invalida de DHT
2026-05-12,11:16:05,maceta1,69.0,70.0,54.1,53.1,53.6,6307.3,21456.2,,,1,0,0,Lectura invalida de DHT
2026-05-12,11:16:05,maceta2,24.0,27.0,84.1,82.3,83.2,6033.5,21264.9,14.9,47.7,1,0,0,
2026-05-12,11:16:33,maceta1,69.0,71.0,54.0,53.0,53.5,5845.7,21279.5,,,1,0,0,Lectura invalida de DHT
2026-05-12,11:16:33,maceta2,24.0,27.0,83.9,82.1,83.0,6354.1,20417.0,,,1,0,0,Lectura invalida de DHT
2026-05-12,11:17:00,maceta1,69.0,71.0,54.0,52.8,53.4,6020.7,20097.8,,,1,0,0,Lectura invalida de DHT
2026-05-12,11:17:00,maceta2,24.0,27.0,83.9,81.9,82.9,6115.9,19886.1,14.9,47.7,1,0,0,
2026-05-12,11:17:26,maceta1,69.0,71.0,53.9,52.7,53.3,6177.6,19099.9,,,1,0,0,Lectura invalida de DHT
2026-05-12,11:17:26,maceta2,24.0,27.0,83.7,81.7,82.7,5928.4,19952.9,14.9,47.7,1,0,0,
2026-05-12,11:17:53,maceta1,69.0,71.0,53.7,52.5,53.1,6353.5,19905.7,,,1,0,0,Lectura invalida de DHT
2026-05-12,11:17:53,maceta2,25.0,28.0,83.5,81.6,82.5,6398.5,20029.6,14.9,47.6,1,0,0,
2026-05-12,11:18:20,maceta1,70.0,71.0,53.5,52.4,53.0,6023.1,21066.0,,,1,0,0,Lectura invalida de DHT
2026-05-12,11:18:20,maceta2,25.0,28.0,83.5,81.3,82.4,6417.8,20818.9,,,1,0,0,Lectura invalida de DHT
2026-05-12,11:18:47,maceta1,70.0,72.0,53.4,52.3,52.9,6238.1,20753.7,,,1,0,0,Lectura invalida de DHT
2026-05-12,11:18:47,maceta2,25.0,28.0,83.3,81.3,82.3,6126.4,20129.1,14.9,47.7,1,0,0,
2026-05-12,11:19:19,maceta1,70.0,72.0,53.2,52.2,52.7,6420.2,20148.4,,,1,0,0,Lectura invalida de DHT
2026-05-12,11:19:19,maceta2,25.0,28.0,83.1,81.2,82.1,5853.0,21141.8,14.9,47.7,1,0,0,
2026-05-12,11:20:01,maceta1,70.0,72.0,53.1,51.9,52.5,6231.1,19137.8,,,1,0,0,Lectura invalida de DHT
2026-05-12,11:20:01,maceta2,25.0,28.0,83.0,81.1,82.0,6071.5,21360.2,14.9,47.7,1,0,0,
2026-05-12,11:20:33,maceta1,71.0,72.0,53.0,51.7,52.3,5963.1,20067.2,,,1,0,0,Lectura invalida de DHT
2026-05-12,11:20:33,maceta2,26.0,29.0,82.9,80.8,81.9,6362.5,19839.9,14.9,47.7,1,0,0,
2026-05-12,11:21:09,maceta1,71.0,73.0,52.9,51.6,52.2,5817.1,20172.6,,,1,0,0,Lectura invalida de DHT
2026-05-12,11:21:09,maceta2,26.0,29.0,82.7,80.6,81.7,6431.2,20401.7,14.9,47.7,1,0,0,
2026-05-12,11:21:35,maceta1,71.0,73.0,52.7,51.4,52.0,6409.1,21321.4,,,1,0,0,Lectura invalida de DHT
2026-05-12,11:21:35,maceta2,26.0,29.0,82.6,80.5,81.6,5942.4,19237.6,14.9,47.7,1,0,0,
2026-05-12,11:22:02,maceta1,71.0,73.0,52.5,51.2,51.8,5814.9,20602.7,,,1,0,0,Lectura invalida de DHT
2026-05-12,11:22:02,maceta2,26.0,29.0,82.5,80.4,81.4,5846.9,19501.2,,,1,0,0,Lectura invalida de DHT
2026-05-12,11:22:29,maceta1,71.0,73.0,52.4,51.1,51.7,6412.3,19779.1,,,1,0,0,Lectura invalida de DHT
2026-05-12,11:22:29,maceta2,26.0,30.0,82.4,80.2,81.3,6414.1,20033.7,14.9,47.7,1,0,0,
2026-05-12,11:23:11,maceta1,72.0,74.0,52.2,50.9,51.5,6170.3,20313.3,,,1,0,0,Lectura invalida de DHT
2026-05-12,11:23:11,maceta2,27.0,30.0,82.3,80.0,81.1,6072.6,19515.5,14.9,47.7,1,0,0,
2026-05-12,11:23:39,maceta1,72.0,74.0,52.0,50.7,51.4,6457.3,19165.1,,,1,0,0,Lectura invalida de DHT
2026-05-12,11:23:39,maceta2,27.0,30.0,82.1,79.8,80.9,6179.2,21191.4,14.9,47.7,1,0,0,
2026-05-12,11:24:16,maceta1,72.0,74.0,51.8,50.6,51.2,6359.1,21431.4,,,1,0,0,Lectura invalida de DHT
2026-05-12,11:24:16,maceta2,27.0,30.0,81.9,79.7,80.8,6477.6,19395.7,,,1,0,0,Lectura invalida de DHT
2026-05-12,11:24:43,maceta1,73.0,74.0,51.6,50.4,51.0,6498.6,19900.1,,,1,0,0,Lectura invalida de DHT
2026-05-12,11:24:43,maceta2,27.0,31.0,81.8,79.5,80.6,5846.6,20139.2,15.0,47.7,1,0,0,
2026-05-12,11:25:10,maceta1,73.0,75.0,51.5,50.2,50.9,6045.5,20194.7,,,1,0,0,Lectura invalida de DHT
2026-05-12,11:25:10,maceta2,28.0,31.0,81.6,79.4,80.5,6253.8,20514.2,14.9,47.7,1,0,0,
2026-05-12,11:25:37,maceta1,73.0,75.0,51.3,50.2,50.7,6337.0,19888.2,,,1,0,0,Lectura invalida de DHT
2026-05-12,11:25:37,maceta2,28.0,31.0,81.4,79.2,80.3,5851.9,20729.7,,,1,0,0,Lectura invalida de DHT
2026-05-12,11:26:11,maceta1,73.0,75.0,51.1,50.0,50.6,6081.4,20706.3,,,1,0,0,Lectura invalida de DHT
2026-05-12,11:26:11,maceta2,28.0,31.0,81.3,79.1,80.2,6062.8,19957.7,,,1,0,0,Lectura invalida de DHT
2026-05-12,11:26:38,maceta1,74.0,75.0,50.9,49.8,50.4,6135.9,20655.6,,,1,0,1,Lectura invalida de DHT
2026-05-12,11:26:38,maceta2,28.0,32.0,81.1,78.9,80.0,6362.7,21172.7,15.0,47.7,1,0,0,
2026-05-12,11:27:20,maceta1,24.0,21.0,84.0,85.7,84.8,6239.3,20788.3,,,1,0,0,Lectura invalida de DHT
2026-05-12,11:27:20,maceta2,29.0,32.0,80.9,78.8,79.9,6103.4,20420.8,15.0,47.7,1,0,0,
2026-05-12,11:27:47,maceta1,24.0,22.0,83.9,85.5,84.7,6411.6,19670.4,,,1,0,0,Lectura invalida de DHT
2026-05-12,11:27:47,maceta2,29.0,32.0,80.7,78.6,79.7,6498.0,20098.8,15.0,47.7,1,0,0,
2026-05-12,11:28:30,maceta1,24.0,22.0,83.7,85.4,84.6,6488.9,19789.2,,,1,0,0,Lectura invalida de DHT
2026-05-12,11:28:30,maceta2,29.0,32.0,80.6,78.6,79.6,6191.3,19168.1,15.0,47.7,1,0,0,
2026-05-12,11:28:56,maceta1,25.0,22.0,83.5,85.2,84.3,6337.8,19313.1,,,1,0,0,Lectura invalida de DHT
2026-05-12,11:28:56,maceta2,29.0,32.0,80.4,78.5,79.5,6024.8,20161.7,15.0,47.7,1,0,0,
2026-05-12,11:29:33,maceta1,25.0,22.0,83.3,85.1,84.2,6092.4,20638.8,,,1,0,0,Lectura invalida de DHT
2026-05-12,11:29:33,maceta2,29.0,32.0,80.4,78.4,79.4,5954.1,21051.8,15.0,47.7,1,0,0,
2026-05-12,11:30:00,maceta1,25.0,23.0,83.1,85.0,84.0,6094.9,19099.5,,,1,0,0,Lectura invalida de DHT
2026-05-12,11:30:00,maceta2,30.0,33.0,80.3,78.1,79.2,6045.4,20536.4,,,1,0,0,Lectura invalida de DHT
2026-05-12,11:30:33,maceta1,26.0,23.0,82.9,84.8,83.9,6316.3,20494.2,,,1,0,0,Lectura invalida de DHT
2026-05-12,11:30:33,maceta2,30.0,33.0,80.2,78.0,79.1,6060.8,21080.4,15.0,47.7,1,0,0,
2026-05-12,11:30:59,maceta1,26.0,23.0,82.7,84.7,83.7,5967.1,21174.2,,,1,0,0,Lectura invalida de DHT
2026-05-12,11:30:59,maceta2,30.0,33.0,80.2,77.8,79.0,5848.1,20235.0,15.0,47.8,1,0,0,
2026-05-12,11:31:26,maceta1,26.0,23.0,82.7,84.6,83.6,5877.3,21227.1,,,1,0,0,Lectura invalida de DHT
2026-05-12,11:31:26,maceta2,30.0,34.0,80.1,77.6,78.9,6058.7,19296.2,,,1,0,0,Lectura invalida de DHT
2026-05-12,11:31:53,maceta1,26.0,23.0,82.6,84.4,83.5,6048.2,20122.6,,,1,0,0,Lectura invalida de DHT
2026-05-12,11:31:53,maceta2,30.0,34.0,79.9,77.4,78.6,6125.0,19034.1,15.0,47.9,1,0,0,
2026-05-12,11:32:20,maceta1,26.0,23.0,82.4,84.4,83.4,6001.1,20148.3,,,1,0,0,Lectura invalida de DHT
2026-05-12,11:32:20,maceta2,30.0,34.0,79.7,77.3,78.5,6305.9,19758.0,15.0,47.8,1,0,0,
2026-05-12,11:32:46,maceta1,27.0,24.0,82.3,84.2,83.3,6007.4,19192.4,,,1,0,0,Lectura invalida de DHT
2026-05-12,11:32:46,maceta2,31.0,34.0,79.6,77.1,78.4,6259.7,20745.0,15.0,47.8,1,0,0,
2026-05-12,11:33:13,maceta1,27.0,24.0,82.1,84.2,83.1,5963.5,20676.9,,,1,0,0,Lectura invalida de DHT
2026-05-12,11:33:13,maceta2,31.0,35.0,79.5,77.0,78.3,6296.1,20975.6,15.0,47.7,1,0,0,
2026-05-12,11:33:40,maceta1,27.0,24.0,82.0,84.1,83.0,5829.5,21053.1,,,1,0,0,Lectura invalida de DHT
2026-05-12,11:33:40,maceta2,31.0,35.0,79.3,76.8,78.0,5805.9,19739.4,15.0,47.8,1,0,0,
2026-05-12,11:34:07,maceta1,27.0,24.0,81.9,84.0,82.9,5812.5,19611.6,,,1,0,0,Lectura invalida de DHT
2026-05-12,11:34:07,maceta2,31.0,35.0,79.1,76.6,77.8,5952.4,20239.1,15.0,47.8,1,0,0,
2026-05-12,11:34:34,maceta1,27.0,24.0,81.7,83.8,82.8,6491.4,20053.3,,,1,0,0,Lectura invalida de DHT
2026-05-12,11:34:34,maceta2,32.0,35.0,78.9,76.4,77.6,6263.2,20052.8,,,1,0,0,Lectura invalida de DHT
2026-05-12,11:35:00,maceta1,28.0,24.0,81.6,83.7,82.6,6099.4,21097.1,,,1,0,0,Lectura invalida de DHT
2026-05-12,11:35:00,maceta2,32.0,36.0,78.8,76.1,77.4,6138.8,20026.3,,,1,0,0,Lectura invalida de DHT
2026-05-12,11:35:27,maceta1,28.0,25.0,81.4,83.6,82.5,6069.0,21192.8,,,1,0,0,Lectura invalida de DHT
2026-05-12,11:35:27,maceta2,32.0,36.0,78.7,75.9,77.3,5803.7,19578.4,15.0,47.9,1,0,0,
2026-05-12,11:35:54,maceta1,28.0,25.0,81.2,83.5,82.3,6275.8,19607.9,,,1,0,0,Lectura invalida de DHT
2026-05-12,11:35:54,maceta2,32.0,36.0,78.6,75.9,77.2,6363.1,19340.9,15.0,47.9,1,0,0,
2026-05-12,11:36:21,maceta1,29.0,25.0,81.0,83.3,82.1,5952.8,20376.4,,,1,0,0,Lectura invalida de DHT
2026-05-12,11:36:21,maceta2,32.0,36.0,78.4,75.7,77.1,6341.0,19491.7,,,1,0,0,Lectura invalida de DHT
2026-05-12,11:36:47,maceta1,29.0,25.0,80.9,83.0,82.0,6465.0,19481.2,,,1,0,0,Lectura invalida de DHT
2026-05-12,11:36:47,maceta2,33.0,37.0,78.2,75.6,76.9,6183.9,19138.3,,,1,0,0,Lectura invalida de DHT
2026-05-12,11:37:14,maceta1,29.0,26.0,80.7,82.8,81.8,6350.4,19254.7,,,1,0,0,Lectura invalida de DHT
2026-05-12,11:37:14,maceta2,33.0,37.0,78.1,75.5,76.8,5846.5,19495.3,15.0,47.9,1,0,0,
2026-05-12,11:37:41,maceta1,29.0,26.0,80.6,82.7,81.7,5862.6,21277.8,,,1,0,0,Lectura invalida de DHT
2026-05-12,11:37:41,maceta2,33.0,37.0,77.9,75.3,76.6,6336.6,19023.0,,,1,0,0,Lectura invalida de DHT
2026-05-12,11:38:08,maceta1,29.0,26.0,80.5,82.6,81.6,6092.3,21051.3,,,1,0,0,Lectura invalida de DHT
2026-05-12,11:38:08,maceta2,33.0,37.0,77.8,75.2,76.5,6208.6,20568.1,15.0,47.9,1,0,0,
2026-05-12,11:38:35,maceta1,30.0,26.0,80.3,82.5,81.4,6415.4,20900.1,,,1,0,0,Lectura invalida de DHT
2026-05-12,11:38:35,maceta2,33.0,38.0,77.7,74.9,76.3,6347.4,19790.9,15.0,47.9,1,0,0,
2026-05-12,11:39:01,maceta1,30.0,26.0,80.2,82.4,81.3,6461.3,19121.9,,,1,0,0,Lectura invalida de DHT
2026-05-12,11:39:01,maceta2,34.0,38.0,77.5,74.9,76.2,6326.2,21432.9,,,1,0,0,Lectura invalida de DHT
2026-05-12,11:39:28,maceta1,30.0,27.0,80.1,82.2,81.1,6127.2,21109.3,,,1,0,0,Lectura invalida de DHT
2026-05-12,11:39:28,maceta2,34.0,38.0,77.3,74.6,76.0,6362.1,19484.3,15.0,47.9,1,0,0,
2026-05-12,11:39:55,maceta1,30.0,27.0,80.0,82.1,81.0,6229.4,20095.1,,,1,0,0,Lectura invalida de DHT
2026-05-12,11:39:55,maceta2,34.0,38.0,77.1,74.5,75.8,6162.6,19864.6,15.0,47.9,1,0,0,
2026-05-12,11:40:22,maceta1,30.0,27.0,79.9,82.0,80.9,5916.9,19856.0,,,1,0,0,Lectura invalida de DHT
2026-05-12,11:40:22,maceta2,35.0,38.0,76.9,74.4,75.6,5898.2,19894.6,15.0,47.9,1,0,0,
2026-05-12,11:40:48,maceta1,30.0,27.0,79.8,81.7,80.8,6493.8,20366.2,,,1,0,0,Lectura invalida de DHT
2026-05-12,11:40:48,maceta2,35.0,39.0,76.7,74.1,75.4,6269.8,19021.1,15.0,47.9,1,0,0,
2026-05-12,11:41:15,maceta1,31.0,28.0,79.7,81.7,80.7,5962.2,19228.4,,,1,0,0,Lectura invalida de DHT
2026-05-12,11:41:15,maceta2,35.0,39.0,76.4,74.0,75.2,6234.3,21098.0,15.0,48.0,1,0,0,
2026-05-12,11:41:42,maceta1,31.0,28.0,79.6,81.6,80.6,6459.9,20891.6,,,1,0,0,Lectura invalida de DHT
2026-05-12,11:41:42,maceta2,36.0,39.0,76.2,73.9,75.1,6319.6,19080.0,15.0,47.9,1,0,0,
2026-05-12,11:42:09,maceta1,31.0,28.0,79.4,81.5,80.5,6254.8,20456.1,,,1,0,0,Lectura invalida de DHT
2026-05-12,11:42:09,maceta2,36.0,39.0,76.1,73.8,75.0,5918.9,21350.4,15.0,48.0,1,0,0,
2026-05-12,11:42:36,maceta1,31.0,28.0,79.3,81.4,80.3,6225.4,19466.5,,,1,0,0,Lectura invalida de DHT
2026-05-12,11:42:36,maceta2,36.0,39.0,76.0,73.7,74.8,5936.5,21230.2,15.0,48.0,1,0,0,
2026-05-12,11:43:04,maceta1,31.0,28.0,79.1,81.3,80.2,6158.9,19470.6,,,1,0,0,Lectura invalida de DHT
2026-05-12,11:43:04,maceta2,36.0,40.0,75.8,73.6,74.7,6423.3,20338.8,15.0,48.0,1,0,0,
2026-05-12,11:43:31,maceta1,32.0,28.0,78.9,81.1,80.0,5961.5,19460.6,,,1,0,0,Lectura invalida de DHT
2026-05-12,11:43:31,maceta2,37.0,40.0,75.7,73.4,74.5,6325.0,20359.0,15.0,48.0,1,0,0,
2026-05-12,11:43:57,maceta1,32.0,29.0,78.8,80.9,79.8,5923.6,19142.5,,,1,0,0,Lectura invalida de DHT
2026-05-12,11:43:57,maceta2,37.0,40.0,75.5,73.3,74.4,6435.8,20634.4,15.0,48.0,1,0,0,
2026-05-12,11:44:24,maceta1,32.0,29.0,78.6,80.7,79.7,5954.3,20469.5,,,1,0,0,Lectura invalida de DHT
2026-05-12,11:44:24,maceta2,37.0,40.0,75.2,73.1,74.1,6331.1,19967.6,15.0,48.0,1,0,0,
2026-05-12,11:44:51,maceta1,32.0,29.0,78.4,80.5,79.5,5930.5,21100.9,,,1,0,0,Lectura invalida de DHT
2026-05-12,11:44:51,maceta2,38.0,41.0,75.0,72.9,73.9,6218.0,20618.1,15.0,48.0,1,0,0,
2026-05-12,11:45:18,maceta1,33.0,30.0,78.3,80.3,79.3,6345.7,19043.7,,,1,0,0,Lectura invalida de DHT
2026-05-12,11:45:18,maceta2,38.0,41.0,74.7,72.7,73.7,6257.9,19111.9,15.0,48.0,1,0,0,
2026-05-12,11:45:44,maceta1,33.0,30.0,78.2,80.1,79.1,6045.1,19122.5,,,1,0,0,Lectura invalida de DHT
2026-05-12,11:45:44,maceta2,38.0,41.0,74.6,72.6,73.6,6422.4,19135.1,15.0,48.0,1,0,0,
2026-05-12,11:46:11,maceta1,33.0,30.0,77.9,80.0,79.0,5840.5,20431.9,,,1,0,0,Lectura invalida de DHT
2026-05-12,11:46:11,maceta2,38.0,41.0,74.4,72.4,73.4,6205.2,20143.1,15.0,48.0,1,0,0,
2026-05-12,11:46:38,maceta1,33.0,30.0,77.7,79.9,78.8,6478.4,21048.7,,,1,0,0,Lectura invalida de DHT
2026-05-12,11:46:38,maceta2,39.0,42.0,74.2,72.3,73.3,6242.7,20374.1,,,1,0,0,Lectura invalida de DHT
2026-05-12,11:47:05,maceta1,34.0,30.0,77.5,79.8,78.6,6418.7,19816.8,,,1,0,0,Lectura invalida de DHT
2026-05-12,11:47:05,maceta2,39.0,42.0,74.1,72.1,73.1,5909.5,21219.5,15.0,48.0,1,0,0,
2026-05-12,11:47:32,maceta1,34.0,31.0,77.4,79.6,78.5,6449.4,19874.0,,,1,0,0,Lectura invalida de DHT
2026-05-12,11:47:32,maceta2,39.0,42.0,73.9,71.9,72.9,6131.7,19261.7,,,1,0,0,Lectura invalida de DHT
2026-05-12,11:47:59,maceta1,34.0,31.0,77.3,79.5,78.4,6496.4,20490.9,,,1,0,0,Lectura invalida de DHT
2026-05-12,11:47:59,maceta2,39.0,42.0,73.8,71.8,72.8,6301.5,21056.6,15.0,48.0,1,0,0,
2026-05-12,11:48:27,maceta1,34.0,31.0,77.2,79.3,78.3,5921.7,19685.5,,,1,0,0,Lectura invalida de DHT
2026-05-12,11:48:27,maceta2,39.0,42.0,73.7,71.8,72.8,5989.7,19525.1,15.0,48.0,1,0,0,
2026-05-12,11:48:54,maceta1,35.0,31.0,77.0,79.3,78.1,6077.4,19066.5,,,1,0,0,Lectura invalida de DHT
2026-05-12,11:48:54,maceta2,40.0,43.0,73.7,71.5,72.6,5941.6,19985.2,15.0,48.1,1,0,0,
2026-05-12,11:49:21,maceta1,35.0,31.0,76.8,79.2,78.0,6330.8,20838.1,,,1,0,0,Lectura invalida de DHT
2026-05-12,11:49:21,maceta2,40.0,43.0,73.4,71.4,72.4,6019.7,19791.5,,,1,0,0,Lectura invalida de DHT
2026-05-12,11:49:48,maceta1,35.0,31.0,76.6,79.1,77.9,6287.2,20564.1,,,1,0,0,Lectura invalida de DHT
2026-05-12,11:49:48,maceta2,40.0,43.0,73.3,71.2,72.2,5969.1,20000.4,,,1,0,0,Lectura invalida de DHT
2026-05-12,11:50:15,maceta1,35.0,31.0,76.5,79.0,77.8,5907.7,20451.9,,,1,0,0,Lectura invalida de DHT
2026-05-12,11:50:15,maceta2,40.0,44.0,73.0,71.0,72.0,5950.4,19376.2,15.0,48.0,1,0,0,
2026-05-12,11:50:42,maceta1,35.0,32.0,76.4,78.8,77.6,6371.1,20854.2,,,1,0,0,Lectura invalida de DHT
2026-05-12,11:50:42,maceta2,41.0,44.0,73.0,70.9,71.9,6097.4,20258.9,15.0,48.0,1,0,0,
2026-05-12,11:51:09,maceta1,36.0,32.0,76.2,78.7,77.5,5957.1,20688.1,,,1,0,0,Lectura invalida de DHT
2026-05-12,11:51:09,maceta2,41.0,44.0,72.9,70.7,71.8,6435.5,21004.1,15.0,48.0,1,0,0,
2026-05-12,11:51:36,maceta1,36.0,32.0,76.1,78.5,77.3,5956.7,19514.7,,,1,0,0,Lectura invalida de DHT
2026-05-12,11:51:36,maceta2,41.0,44.0,72.7,70.6,71.7,6154.9,20103.8,15.0,48.0,1,0,0,
2026-05-12,11:52:02,maceta1,36.0,32.0,76.0,78.5,77.2,6175.9,19881.2,,,1,0,0,Lectura invalida de DHT
2026-05-12,11:52:02,maceta2,41.0,44.0,72.5,70.5,71.5,5931.5,20226.5,15.0,48.0,1,0,0,
2026-05-12,11:52:29,maceta1,36.0,33.0,75.9,78.3,77.1,6215.1,19315.3,,,1,0,0,Lectura invalida de DHT
2026-05-12,11:52:29,maceta2,42.0,44.0,72.2,70.4,71.3,5853.9,21121.9,,,1,0,0,Lectura invalida de DHT
2026-05-12,11:52:56,maceta1,36.0,33.0,75.7,78.1,76.9,6206.1,19324.6,,,1,0,0,Lectura invalida de DHT
2026-05-12,11:52:56,maceta2,42.0,45.0,72.2,70.3,71.2,6287.3,20765.1,15.0,48.0,1,0,0,
2026-05-12,11:53:23,maceta1,37.0,33.0,75.6,78.0,76.8,5864.0,20690.5,,,1,0,0,Lectura invalida de DHT
2026-05-12,11:53:23,maceta2,42.0,45.0,72.1,70.1,71.1,6068.0,20226.1,15.0,48.1,1,0,0,
2026-05-12,11:53:50,maceta1,37.0,33.0,75.4,77.9,76.6,6414.2,21146.5,,,1,0,0,Lectura invalida de DHT
2026-05-12,11:53:50,maceta2,42.0,45.0,72.0,69.9,71.0,6375.3,19644.2,15.0,48.0,1,0,0,
2026-05-12,11:54:16,maceta1,37.0,33.0,75.2,77.7,76.4,5985.9,21406.8,,,1,0,0,Lectura invalida de DHT
2026-05-12,11:54:16,maceta2,42.0,45.0,72.0,69.8,70.9,6261.7,21212.3,15.0,48.0,1,0,0,
2026-05-12,11:54:43,maceta1,37.0,34.0,75.1,77.6,76.3,5890.7,20570.9,,,1,0,0,Lectura invalida de DHT
2026-05-12,11:54:43,maceta2,42.0,46.0,71.8,69.6,70.7,6357.4,20442.6,,,1,0,0,Lectura invalida de DHT
2026-05-12,11:55:10,maceta1,38.0,34.0,74.9,77.4,76.1,6422.1,19460.3,,,1,0,0,Lectura invalida de DHT
2026-05-12,11:55:10,maceta2,43.0,46.0,71.6,69.3,70.5,5990.4,19552.9,15.0,48.0,1,0,0,
2026-05-12,11:55:37,maceta1,38.0,34.0,74.6,77.3,76.0,6469.0,19264.1,,,1,0,0,Lectura invalida de DHT
2026-05-12,11:55:37,maceta2,43.0,46.0,71.5,69.2,70.3,6284.7,19672.8,15.1,48.0,1,0,0,
2026-05-12,11:56:04,maceta1,38.0,34.0,74.5,77.1,75.8,6403.5,21032.1,,,1,0,0,Lectura invalida de DHT
2026-05-12,11:56:04,maceta2,43.0,46.0,71.3,69.1,70.2,5984.8,21007.8,,,1,0,0,Lectura invalida de DHT
2026-05-12,11:56:30,maceta1,39.0,35.0,74.2,77.0,75.6,6366.7,20446.9,,,1,0,0,Lectura invalida de DHT
2026-05-12,11:56:30,maceta2,43.0,47.0,71.1,68.9,70.0,6457.3,19110.4,15.0,48.1,1,0,0,
2026-05-12,11:56:57,maceta1,39.0,35.0,74.1,76.9,75.5,6258.7,20545.7,,,1,0,0,Lectura invalida de DHT
2026-05-12,11:56:57,maceta2,43.0,47.0,71.0,68.8,69.9,6245.5,21480.2,,,1,0,0,Lectura invalida de DHT
2026-05-12,11:57:24,maceta1,39.0,35.0,74.0,76.8,75.4,6185.6,20953.7,,,1,0,0,Lectura invalida de DHT
2026-05-12,11:57:24,maceta2,44.0,47.0,71.0,68.6,69.8,6027.2,19325.9,15.1,48.1,1,0,0,
2026-05-12,11:57:51,maceta1,39.0,35.0,73.9,76.7,75.3,5860.9,20758.2,,,1,0,0,Lectura invalida de DHT
2026-05-12,11:57:51,maceta2,44.0,47.0,70.8,68.5,69.6,5988.7,20990.2,15.1,48.1,1,0,0,
2026-05-12,11:58:18,maceta1,39.0,35.0,73.8,76.5,75.1,6085.9,21086.1,,,1,0,0,Lectura invalida de DHT
2026-05-12,11:58:18,maceta2,44.0,47.0,70.5,68.3,69.4,5933.6,19986.9,15.1,48.2,1,0,0,
2026-05-12,11:58:44,maceta1,40.0,36.0,73.6,76.3,75.0,6060.9,19140.5,,,1,0,0,Lectura invalida de DHT
2026-05-12,11:58:44,maceta2,44.0,48.0,70.3,68.1,69.2,6286.2,20230.5,,,1,0,0,Lectura invalida de DHT
2026-05-12,11:59:11,maceta1,40.0,36.0,73.3,76.2,74.8,5981.8,20868.8,,,1,0,0,Lectura invalida de DHT
2026-05-12,11:59:11,maceta2,45.0,48.0,70.1,68.0,69.0,5953.1,21201.6,15.1,48.1,1,0,0,
2026-05-12,11:59:38,maceta1,40.0,36.0,73.2,76.1,74.6,6306.4,21127.1,,,1,0,0,Lectura invalida de DHT
2026-05-12,11:59:38,maceta2,45.0,48.0,69.9,67.8,68.9,6216.7,20032.3,15.1,48.1,1,0,0,
2026-05-12,12:00:05,maceta1,40.0,36.0,73.1,75.9,74.5,6147.1,19715.3,,,1,0,0,Lectura invalida de DHT
2026-05-12,12:00:05,maceta2,45.0,48.0,69.8,67.7,68.7,5985.2,20343.7,15.1,48.1,1,0,0,
2026-05-12,12:00:32,maceta1,40.0,36.0,73.1,75.8,74.4,5856.7,20601.1,,,1,0,0,Lectura invalida de DHT
2026-05-12,12:00:32,maceta2,46.0,49.0,69.6,67.6,68.6,6263.4,19123.2,,,1,0,0,Lectura invalida de DHT
2026-05-12,12:00:58,maceta1,41.0,37.0,73.0,75.6,74.3,5954.1,19785.4,,,1,0,0,Lectura invalida de DHT
2026-05-12,12:00:58,maceta2,46.0,49.0,69.6,67.5,68.5,6370.5,19005.9,15.1,48.1,1,0,0,
2026-05-12,12:01:25,maceta1,41.0,37.0,72.8,75.4,74.1,6278.3,21394.9,,,1,0,0,Lectura invalida de DHT
2026-05-12,12:01:25,maceta2,46.0,49.0,69.3,67.4,68.4,6344.6,19612.0,15.1,48.2,1,0,0,
2026-05-12,12:01:52,maceta1,41.0,37.0,72.6,75.3,74.0,5853.3,19083.6,,,1,0,0,Lectura invalida de DHT
2026-05-12,12:01:52,maceta2,46.0,49.0,69.3,67.3,68.3,6332.6,20701.5,15.1,48.2,1,0,0,
2026-05-12,12:02:19,maceta1,41.0,37.0,72.5,75.1,73.8,6395.8,20449.5,,,1,0,0,Lectura invalida de DHT
2026-05-12,12:02:19,maceta2,46.0,49.0,69.1,67.2,68.1,5931.4,19303.2,15.1,48.1,1,0,0,
2026-05-12,12:02:45,maceta1,41.0,38.0,72.4,75.0,73.7,6146.6,19416.3,,,1,0,0,Lectura invalida de DHT
2026-05-12,12:02:45,maceta2,46.0,49.0,69.0,67.0,68.0,5861.9,19284.4,15.1,48.2,1,0,0,
2026-05-12,12:03:12,maceta1,42.0,38.0,72.3,74.9,73.6,6136.4,20780.6,,,1,0,0,Lectura invalida de DHT
2026-05-12,12:03:12,maceta2,47.0,50.0,68.8,67.0,67.9,6289.3,20027.4,15.1,48.2,1,0,0,
2026-05-12,12:03:39,maceta1,42.0,38.0,72.1,74.7,73.4,6214.7,19439.7,,,1,0,0,Lectura invalida de DHT
2026-05-12,12:03:39,maceta2,47.0,50.0,68.7,66.8,67.7,6057.8,20619.6,,,1,0,0,Lectura invalida de DHT
2026-05-12,12:04:06,maceta1,42.0,38.0,71.9,74.5,73.2,6377.3,19588.5,,,1,0,0,Lectura invalida de DHT
2026-05-12,12:04:06,maceta2,47.0,50.0,68.6,66.7,67.7,6102.6,20780.2,,,1,0,0,Lectura invalida de DHT
2026-05-12,12:04:32,maceta1,42.0,38.0,71.8,74.4,73.1,6043.5,20235.9,,,1,0,0,Lectura invalida de DHT
2026-05-12,12:04:32,maceta2,47.0,50.0,68.4,66.5,67.5,5821.8,19446.1,15.1,48.2,1,0,0,
2026-05-12,12:04:59,maceta1,43.0,39.0,71.6,74.2,72.9,6274.6,21287.1,,,1,0,0,Lectura invalida de DHT
2026-05-12,12:04:59,maceta2,47.0,51.0,68.3,66.3,67.3,5981.7,19199.0,15.2,48.2,1,0,0,
2026-05-12,12:05:26,maceta1,43.0,39.0,71.3,74.0,72.7,6196.0,19529.3,,,1,0,0,Lectura invalida de DHT
2026-05-12,12:05:26,maceta2,48.0,51.0,68.2,66.1,67.1,5823.6,21351.0,15.1,48.2,1,0,0,
2026-05-12,12:05:53,maceta1,43.0,39.0,71.2,73.8,72.5,5986.9,19360.6,,,1,0,0,Lectura invalida de DHT
2026-05-12,12:05:53,maceta2,48.0,51.0,68.1,65.9,67.0,6415.4,19651.7,15.1,48.2,1,0,0,
2026-05-12,12:06:20,maceta1,43.0,40.0,71.1,73.6,72.3,6415.0,20897.4,,,1,0,0,Lectura invalida de DHT
2026-05-12,12:06:20,maceta2,48.0,51.0,67.9,65.7,66.8,5970.4,21133.4,,,1,0,0,Lectura invalida de DHT
2026-05-12,12:06:46,maceta1,44.0,40.0,71.0,73.4,72.2,6358.2,20251.5,,,1,0,0,Lectura invalida de DHT
2026-05-12,12:06:46,maceta2,48.0,52.0,67.7,65.5,66.6,6190.1,21158.7,,,1,0,0,Lectura invalida de DHT
2026-05-12,12:07:13,maceta1,44.0,40.0,70.8,73.2,72.0,6260.9,21279.5,,,1,0,0,Lectura invalida de DHT
2026-05-12,12:07:13,maceta2,49.0,52.0,67.6,65.4,66.5,5827.3,20931.3,,,1,0,0,Lectura invalida de DHT
2026-05-12,12:07:40,maceta1,44.0,40.0,70.6,73.1,71.8,6395.4,19366.5,,,1,0,0,Lectura invalida de DHT
2026-05-12,12:07:40,maceta2,49.0,52.0,67.4,65.2,66.3,6266.8,19422.1,15.2,48.2,1,0,0,
2026-05-12,12:08:07,maceta1,44.0,40.0,70.4,73.0,71.7,6407.1,20614.8,,,1,0,0,Lectura invalida de DHT
2026-05-12,12:08:07,maceta2,49.0,52.0,67.2,65.1,66.2,6026.1,21054.5,15.2,48.2,1,0,0,
2026-05-12,12:08:34,maceta1,45.0,41.0,70.3,72.9,71.6,6295.9,19582.2,,,1,0,0,Lectura invalida de DHT
2026-05-12,12:08:34,maceta2,49.0,53.0,67.0,64.9,65.9,6428.5,20923.1,,,1,0,0,Lectura invalida de DHT
2026-05-12,12:09:01,maceta1,45.0,41.0,70.2,72.7,71.5,6385.9,19391.9,,,1,0,0,Lectura invalida de DHT
2026-05-12,12:09:01,maceta2,50.0,53.0,66.8,64.7,65.7,6421.7,20491.8,15.1,48.2,1,0,0,
2026-05-12,12:09:28,maceta1,45.0,41.0,70.1,72.6,71.3,6288.2,20708.6,,,1,0,0,Lectura invalida de DHT
2026-05-12,12:09:28,maceta2,50.0,53.0,66.6,64.5,65.6,6027.7,19843.0,15.1,48.2,1,0,0,
2026-05-12,12:09:55,maceta1,45.0,41.0,70.0,72.4,71.2,6276.1,20484.2,,,1,0,0,Lectura invalida de DHT
2026-05-12,12:09:55,maceta2,50.0,53.0,66.5,64.4,65.5,6430.7,19656.3,15.1,48.2,1,0,0,
2026-05-12,12:10:22,maceta1,45.0,41.0,69.9,72.3,71.1,6233.0,20887.1,,,1,0,0,Lectura invalida de DHT
2026-05-12,12:10:22,maceta2,50.0,53.0,66.4,64.4,65.4,6497.3,19304.7,15.2,48.2,1,0,0,
2026-05-12,12:10:48,maceta1,45.0,42.0,69.7,72.1,70.9,6326.9,19773.7,,,1,0,0,Lectura invalida de DHT
2026-05-12,12:10:48,maceta2,51.0,54.0,66.2,64.2,65.2,6377.8,20274.4,15.2,48.2,1,0,0,
2026-05-12,12:11:15,maceta1,46.0,42.0,69.5,72.0,70.8,5911.0,20119.9,,,1,0,0,Lectura invalida de DHT
2026-05-12,12:11:15,maceta2,51.0,54.0,66.1,64.1,65.1,6391.4,20463.2,15.2,48.2,1,0,0,
2026-05-12,12:11:42,maceta1,46.0,42.0,69.4,71.8,70.6,6416.6,20013.7,,,1,0,0,Lectura invalida de DHT
2026-05-12,12:11:42,maceta2,51.0,54.0,66.0,64.0,65.0,5974.3,19898.3,15.2,48.2,1,0,0,
2026-05-12,12:12:09,maceta1,46.0,43.0,69.2,71.6,70.4,6410.3,21460.2,,,1,0,0,Lectura invalida de DHT
2026-05-12,12:12:09,maceta2,51.0,54.0,65.9,63.8,64.9,6203.7,20188.4,15.2,48.2,1,0,0,
2026-05-12,12:12:35,maceta1,46.0,43.0,69.1,71.6,70.3,5820.5,19730.6,,,1,0,0,Lectura invalida de DHT
2026-05-12,12:12:35,maceta2,51.0,54.0,65.8,63.7,64.7,5847.1,19908.8,15.2,48.2,1,0,0,
2026-05-12,12:13:03,maceta1,46.0,43.0,69.1,71.4,70.2,6378.1,19737.0,,,1,0,0,Lectura invalida de DHT
2026-05-12,12:13:03,maceta2,51.0,55.0,65.7,63.5,64.6,5866.4,20602.5,,,1,0,0,Lectura invalida de DHT
2026-05-12,12:13:32,maceta1,46.0,43.0,69.0,71.2,70.1,5890.2,19886.4,,,1,0,0,Lectura invalida de DHT
2026-05-12,12:13:32,maceta2,52.0,55.0,65.6,63.4,64.5,6499.2,21253.1,15.2,48.2,1,0,0,
2026-05-12,12:13:58,maceta1,47.0,44.0,68.9,71.0,69.9,6034.6,20411.5,,,1,0,0,Lectura invalida de DHT
2026-05-12,12:13:58,maceta2,52.0,55.0,65.3,63.2,64.3,6028.6,19409.8,15.2,48.2,1,0,0,
2026-05-12,12:14:25,maceta1,47.0,44.0,68.8,70.8,69.8,6320.5,19630.8,,,1,0,0,Lectura invalida de DHT
2026-05-12,12:14:25,maceta2,52.0,55.0,65.2,63.1,64.1,6323.7,19953.5,15.2,48.2,1,0,0,
2026-05-12,12:14:52,maceta1,47.0,44.0,68.8,70.6,69.7,5912.5,21288.2,,,1,0,0,Lectura invalida de DHT
2026-05-12,12:14:52,maceta2,52.0,56.0,65.1,62.9,64.0,6364.7,19352.2,15.2,48.2,1,0,0,
2026-05-12,12:15:19,maceta1,47.0,44.0,68.6,70.5,69.6,6372.6,19664.2,,,1,0,0,Lectura invalida de DHT
2026-05-12,12:15:19,maceta2,53.0,56.0,64.9,62.9,63.9,6400.6,20562.4,,,1,0,0,Lectura invalida de DHT
2026-05-12,12:15:46,maceta1,47.0,44.0,68.4,70.4,69.4,6382.5,21239.5,,,1,0,0,Lectura invalida de DHT
2026-05-12,12:15:46,maceta2,53.0,56.0,64.7,62.7,63.7,6498.3,20822.2,,,1,0,0,Lectura invalida de DHT
2026-05-12,12:16:15,maceta1,48.0,45.0,68.2,70.1,69.1,6155.2,19258.7,,,1,0,0,Lectura invalida de DHT
2026-05-12,12:16:15,maceta2,53.0,56.0,64.6,62.5,63.6,5969.0,21329.8,15.2,48.2,1,0,0,
2026-05-12,12:16:42,maceta1,48.0,45.0,67.9,70.1,69.0,5804.5,20641.4,,,1,0,0,Lectura invalida de DHT
2026-05-12,12:16:42,maceta2,53.0,56.0,64.5,62.4,63.5,5828.2,19697.2,,,1,0,0,Lectura invalida de DHT
2026-05-12,12:17:10,maceta1,48.0,45.0,67.8,69.8,68.8,6000.9,21267.5,,,1,0,0,Lectura invalida de DHT
2026-05-12,12:17:10,maceta2,54.0,56.0,64.3,62.4,63.3,6087.8,21375.5,,,1,0,0,Lectura invalida de DHT
2026-05-12,12:17:36,maceta1,48.0,45.0,67.7,69.7,68.7,6231.8,19421.9,,,1,0,0,Lectura invalida de DHT
2026-05-12,12:17:36,maceta2,54.0,57.0,64.3,62.2,63.2,5891.1,19158.2,15.2,48.2,1,0,0,
2026-05-12,12:18:03,maceta1,49.0,46.0,67.5,69.6,68.6,6486.8,21420.8,,,1,0,0,Lectura invalida de DHT
2026-05-12,12:18:03,maceta2,54.0,57.0,64.2,62.1,63.1,5815.7,20507.5,,,1,0,0,Lectura invalida de DHT
2026-05-12,12:18:30,maceta1,49.0,46.0,67.3,69.4,68.4,6242.3,20132.2,,,1,0,0,Lectura invalida de DHT
2026-05-12,12:18:30,maceta2,54.0,57.0,64.1,62.0,63.1,6052.3,19142.8,15.2,48.2,1,0,0,
2026-05-12,12:18:58,maceta1,49.0,46.0,67.1,69.3,68.2,5981.9,21364.3,,,1,0,0,Lectura invalida de DHT
2026-05-12,12:18:58,maceta2,54.0,57.0,63.9,62.0,62.9,6348.6,21234.4,,,1,0,0,Lectura invalida de DHT
2026-05-12,12:19:26,maceta1,50.0,46.0,67.0,69.2,68.1,6243.8,20692.1,,,1,0,0,Lectura invalida de DHT
2026-05-12,12:19:26,maceta2,55.0,57.0,63.7,61.9,62.8,6196.3,20324.5,15.2,48.2,1,0,0,
2026-05-12,12:19:52,maceta1,50.0,46.0,66.8,69.1,68.0,6178.0,19754.0,,,1,0,0,Lectura invalida de DHT
2026-05-12,12:19:52,maceta2,55.0,58.0,63.5,61.7,62.6,6018.9,20673.4,15.2,48.2,1,0,0,
2026-05-12,12:20:19,maceta1,50.0,47.0,66.7,68.9,67.8,6345.9,19470.8,,,1,0,0,Lectura invalida de DHT
2026-05-12,12:20:19,maceta2,55.0,58.0,63.4,61.5,62.4,6258.0,21078.9,15.2,48.2,1,0,0,
2026-05-12,12:20:46,maceta1,50.0,47.0,66.5,68.7,67.6,5874.9,19759.3,,,1,0,0,Lectura invalida de DHT
2026-05-12,12:20:46,maceta2,55.0,58.0,63.2,61.4,62.3,5962.4,19375.8,15.2,48.2,1,0,0,
2026-05-12,12:21:13,maceta1,50.0,47.0,66.4,68.6,67.5,6332.7,19232.5,,,1,0,0,Lectura invalida de DHT
2026-05-12,12:21:13,maceta2,56.0,58.0,62.9,61.3,62.1,5810.1,19096.5,15.2,48.2,1,0,0,
2026-05-12,12:21:39,maceta1,51.0,47.0,66.2,68.4,67.3,6178.9,19359.7,,,1,0,0,Lectura invalida de DHT
2026-05-12,12:21:39,maceta2,56.0,58.0,62.8,61.1,62.0,6335.0,21197.2,15.2,48.2,1,0,0,
2026-05-12,12:22:06,maceta1,51.0,48.0,66.1,68.2,67.2,6474.1,19261.7,,,1,0,0,Lectura invalida de DHT
2026-05-12,12:22:06,maceta2,56.0,59.0,62.7,60.9,61.8,6236.6,19787.3,15.2,48.2,1,0,0,
2026-05-12,12:22:33,maceta1,51.0,48.0,66.0,68.1,67.1,6039.3,20057.4,,,1,0,0,Lectura invalida de DHT
2026-05-12,12:22:33,maceta2,56.0,59.0,62.5,60.7,61.6,6333.6,19322.4,15.2,48.2,1,0,0,
2026-05-12,12:23:00,maceta1,51.0,48.0,65.8,67.9,66.8,6242.8,20988.9,,,1,0,0,Lectura invalida de DHT
2026-05-12,12:23:00,maceta2,56.0,59.0,62.4,60.4,61.4,5827.3,20171.2,,,1,0,0,Lectura invalida de DHT
2026-05-12,12:23:27,maceta1,52.0,48.0,65.6,67.7,66.6,6452.4,19353.5,,,1,0,0,Lectura invalida de DHT
2026-05-12,12:23:27,maceta2,57.0,60.0,62.2,60.3,61.3,6386.0,20495.8,15.2,48.2,1,0,0,
2026-05-12,12:23:53,maceta1,52.0,49.0,65.4,67.5,66.4,5871.8,19325.8,,,1,0,0,Lectura invalida de DHT
2026-05-12,12:23:53,maceta2,57.0,60.0,62.1,60.1,61.1,6233.7,19077.4,15.2,48.2,1,0,0,
2026-05-12,12:24:20,maceta1,52.0,49.0,65.2,67.3,66.3,6456.1,20608.6,,,1,0,0,Lectura invalida de DHT
2026-05-12,12:24:20,maceta2,57.0,60.0,61.9,60.0,61.0,6194.4,19687.2,15.2,48.2,1,0,0,
2026-05-12,12:24:47,maceta1,52.0,49.0,65.1,67.2,66.2,6281.5,19493.0,,,1,0,0,Lectura invalida de DHT
2026-05-12,12:24:47,maceta2,57.0,60.0,61.8,59.8,60.8,6237.2,19082.0,15.2,48.2,1,0,0,
2026-05-12,12:25:14,maceta1,53.0,49.0,65.0,67.0,66.0,5847.5,19244.0,,,1,0,0,Lectura invalida de DHT
2026-05-12,12:25:14,maceta2,58.0,60.0,61.6,59.7,60.6,6405.1,20050.8,,,1,0,0,Lectura invalida de DHT
2026-05-12,12:25:40,maceta1,53.0,50.0,64.7,66.8,65.8,6010.7,19417.1,,,1,0,0,Lectura invalida de DHT
2026-05-12,12:25:40,maceta2,58.0,61.0,61.5,59.5,60.5,6210.9,21237.8,,,1,0,0,Lectura invalida de DHT
2026-05-12,12:26:07,maceta1,53.0,50.0,64.7,66.6,65.7,6295.7,21309.3,,,1,0,0,Lectura invalida de DHT
2026-05-12,12:26:07,maceta2,58.0,61.0,61.3,59.3,60.3,6206.7,21456.6,15.2,48.2,1,0,0,
2026-05-12,12:26:34,maceta1,53.0,50.0,64.6,66.5,65.6,5847.1,21053.7,,,1,0,0,Lectura invalida de DHT
2026-05-12,12:26:34,maceta2,58.0,61.0,61.3,59.1,60.2,6493.5,20592.6,15.3,48.2,1,0,0,
2026-05-12,12:27:01,maceta1,53.0,50.0,64.4,66.4,65.4,6207.5,19885.2,,,1,0,0,Lectura invalida de DHT
2026-05-12,12:27:01,maceta2,58.0,61.0,61.2,59.1,60.1,6329.7,19404.1,15.2,48.2,1,0,0,
2026-05-12,12:27:28,maceta1,54.0,51.0,64.2,66.3,65.3,6042.1,20639.6,,,1,0,0,Lectura invalida de DHT
2026-05-12,12:27:28,maceta2,58.0,62.0,61.0,59.0,60.0,6109.6,21264.6,15.2,48.2,1,0,0,
2026-05-12,12:27:54,maceta1,54.0,51.0,64.0,66.1,65.1,6234.6,20343.2,,,1,0,0,Lectura invalida de DHT
2026-05-12,12:27:54,maceta2,59.0,62.0,60.8,58.8,59.8,6295.2,20290.6,15.2,48.2,1,0,0,
2026-05-12,12:28:21,maceta1,54.0,51.0,64.0,66.0,65.0,5832.0,20692.8,,,1,0,0,Lectura invalida de DHT
2026-05-12,12:28:21,maceta2,59.0,62.0,60.7,58.6,59.6,6072.5,19384.4,15.2,48.2,1,0,0,
2026-05-12,12:28:48,maceta1,54.0,51.0,63.9,65.9,64.9,6410.1,20706.7,,,1,0,0,Lectura invalida de DHT
2026-05-12,12:28:48,maceta2,59.0,62.0,60.5,58.4,59.5,5960.2,21304.3,15.2,48.2,1,0,0,
2026-05-12,12:29:15,maceta1,55.0,52.0,63.7,65.6,64.7,6481.4,20571.8,,,1,0,0,Lectura invalida de DHT
2026-05-12,12:29:15,maceta2,59.0,63.0,60.3,58.3,59.3,6217.8,20893.7,15.3,48.2,1,0,0,
2026-05-12,12:29:41,maceta1,55.0,52.0,63.4,65.4,64.4,6478.2,19665.3,,,1,0,0,Lectura invalida de DHT
2026-05-12,12:29:41,maceta2,60.0,63.0,60.2,58.2,59.2,6449.7,20829.3,15.3,48.2,1,0,0,
2026-05-12,12:30:08,maceta1,55.0,52.0,63.2,65.3,64.2,6324.8,19097.5,,,1,0,0,Lectura invalida de DHT
2026-05-12,12:30:08,maceta2,60.0,63.0,60.0,57.9,59.0,6450.4,20773.0,,,1,0,0,Lectura invalida de DHT
2026-05-12,12:30:35,maceta1,55.0,52.0,63.0,65.1,64.1,5891.1,20138.9,,,1,0,0,Lectura invalida de DHT
2026-05-12,12:30:35,maceta2,60.0,63.0,59.9,57.8,58.8,6039.3,19500.8,,,1,0,0,Lectura invalida de DHT
2026-05-12,12:31:02,maceta1,56.0,52.0,62.8,65.0,63.9,6330.8,21227.4,,,1,0,0,Lectura invalida de DHT
2026-05-12,12:31:02,maceta2,60.0,63.0,59.8,57.7,58.7,6169.4,19527.5,15.3,48.2,1,0,0,
2026-05-12,12:31:28,maceta1,56.0,53.0,62.8,64.8,63.8,5817.2,20423.7,,,1,0,0,Lectura invalida de DHT
2026-05-12,12:31:28,maceta2,61.0,64.0,59.6,57.5,58.6,5948.1,20720.7,,,1,0,0,Lectura invalida de DHT
2026-05-12,12:32:04,maceta1,56.0,53.0,62.7,64.5,63.6,5815.5,21081.0,,,1,0,0,Lectura invalida de DHT
2026-05-12,12:32:04,maceta2,61.0,64.0,59.5,57.4,58.5,6496.9,19549.3,,,1,0,0,Lectura invalida de DHT
2026-05-12,12:32:30,maceta1,56.0,53.0,62.5,64.4,63.5,6026.5,21479.1,,,1,0,0,Lectura invalida de DHT
2026-05-12,12:32:30,maceta2,61.0,64.0,59.3,57.4,58.3,6486.8,20096.7,15.3,48.2,1,0,0,
2026-05-12,12:32:57,maceta1,56.0,54.0,62.3,64.2,63.3,6142.1,19409.0,,,1,0,0,Lectura invalida de DHT
2026-05-12,12:32:57,maceta2,61.0,64.0,59.2,57.1,58.2,6254.7,20955.0,15.3,48.2,1,0,0,
2026-05-12,12:33:24,maceta1,57.0,54.0,62.2,64.0,63.1,6339.3,20729.4,,,1,0,0,Lectura invalida de DHT
2026-05-12,12:33:24,maceta2,62.0,64.0,58.9,57.0,58.0,6363.1,20959.9,15.3,48.2,1,0,0,
2026-05-12,12:33:51,maceta1,57.0,54.0,62.0,63.9,63.0,6278.3,20685.7,,,1,0,0,Lectura invalida de DHT
2026-05-12,12:33:51,maceta2,62.0,65.0,58.7,56.9,57.8,6300.6,20133.2,,,1,0,0,Lectura invalida de DHT
2026-05-12,12:34:17,maceta1,57.0,54.0,62.0,63.8,62.9,6112.1,21449.9,,,1,0,0,Lectura invalida de DHT
2026-05-12,12:34:17,maceta2,62.0,65.0,58.6,56.7,57.7,6215.2,20980.5,15.3,48.2,1,0,0,
2026-05-12,12:34:44,maceta1,57.0,54.0,61.9,63.8,62.8,5991.5,21464.0,,,1,0,0,Lectura invalida de DHT
2026-05-12,12:34:44,maceta2,62.0,65.0,58.4,56.6,57.5,5837.3,21096.6,15.2,48.2,1,0,0,
2026-05-12,12:35:11,maceta1,57.0,55.0,61.7,63.6,62.7,6498.0,20716.7,,,1,0,0,Lectura invalida de DHT
2026-05-12,12:35:11,maceta2,63.0,65.0,58.3,56.5,57.4,6118.3,20636.9,15.3,48.2,1,0,0,
2026-05-12,12:35:38,maceta1,58.0,55.0,61.5,63.5,62.5,6098.3,19609.0,,,1,0,0,Lectura invalida de DHT
2026-05-12,12:35:38,maceta2,63.0,66.0,58.2,56.3,57.3,6272.4,19571.1,15.3,48.2,1,0,0,
2026-05-12,12:36:04,maceta1,58.0,55.0,61.3,63.4,62.3,6116.0,20996.4,,,1,0,0,Lectura invalida de DHT
2026-05-12,12:36:04,maceta2,63.0,66.0,58.1,56.2,57.1,6274.3,19685.0,,,1,0,0,Lectura invalida de DHT
2026-05-12,12:36:31,maceta1,58.0,55.0,61.1,63.2,62.1,5914.5,19267.6,,,1,0,0,Lectura invalida de DHT
2026-05-12,12:36:31,maceta2,63.0,66.0,57.9,56.0,56.9,6061.2,19787.1,15.3,48.2,1,0,0,
2026-05-12,12:37:03,maceta1,59.0,56.0,61.0,63.0,62.0,6356.4,20951.7,,,1,0,0,Lectura invalida de DHT
2026-05-12,12:37:03,maceta2,63.0,66.0,57.8,55.8,56.8,6459.2,19292.0,,,1,0,0,Lectura invalida de DHT
2026-05-12,12:37:30,maceta1,59.0,56.0,60.9,62.9,61.9,6285.6,21275.5,,,1,0,0,Lectura invalida de DHT
2026-05-12,12:37:30,maceta2,64.0,66.0,57.6,55.7,56.6,5917.1,19682.9,,,1,0,0,Lectura invalida de DHT
2026-05-12,12:37:57,maceta1,59.0,56.0,60.7,62.7,61.7,5954.5,19957.1,,,1,0,0,Lectura invalida de DHT
2026-05-12,12:37:57,maceta2,64.0,67.0,57.4,55.5,56.4,6150.3,19523.8,15.3,48.2,1,0,0,
2026-05-12,12:38:24,maceta1,59.0,56.0,60.7,62.5,61.6,5857.7,20576.6,,,1,0,0,Lectura invalida de DHT
2026-05-12,12:38:24,maceta2,64.0,67.0,57.3,55.4,56.4,6283.6,20138.3,15.3,48.2,1,0,0,
2026-05-12,12:38:51,maceta1,59.0,57.0,60.5,62.3,61.4,6276.3,20075.4,,,1,0,0,Lectura invalida de DHT
2026-05-12,12:38:51,maceta2,64.0,67.0,57.2,55.2,56.2,6288.0,21271.1,15.3,48.2,1,0,0,
2026-05-12,12:39:17,maceta1,59.0,57.0,60.4,62.2,61.3,6258.2,20094.4,,,1,0,0,Lectura invalida de DHT
2026-05-12,12:39:17,maceta2,64.0,67.0,57.0,55.1,56.1,6254.0,19261.2,15.3,48.2,1,0,0,
2026-05-12,12:39:45,maceta1,60.0,57.0,60.2,62.1,61.2,5991.3,19775.9,,,1,0,0,Lectura invalida de DHT
2026-05-12,12:39:45,maceta2,65.0,67.0,56.8,55.0,55.9,5992.7,20800.7,,,1,0,0,Lectura invalida de DHT
2026-05-12,12:40:12,maceta1,60.0,57.0,60.0,61.9,61.0,6465.6,20905.3,,,1,0,0,Lectura invalida de DHT
2026-05-12,12:40:12,maceta2,65.0,68.0,56.7,54.9,55.8,5909.3,20718.2,15.3,48.2,1,0,0,
2026-05-12,12:40:38,maceta1,60.0,57.0,59.8,61.7,60.8,5905.7,21340.4,,,1,0,0,Lectura invalida de DHT
2026-05-12,12:40:38,maceta2,65.0,68.0,56.5,54.9,55.7,6245.2,19239.4,,,1,0,0,Lectura invalida de DHT
2026-05-12,12:41:05,maceta1,61.0,58.0,59.6,61.5,60.6,6102.6,21351.9,,,1,0,0,Lectura invalida de DHT
2026-05-12,12:41:05,maceta2,65.0,68.0,56.4,54.8,55.6,6219.5,21306.4,15.3,48.2,1,0,0,
2026-05-12,12:41:32,maceta1,61.0,58.0,59.4,61.5,60.4,6460.5,19437.0,,,1,0,0,Lectura invalida de DHT
2026-05-12,12:41:32,maceta2,65.0,68.0,56.3,54.7,55.5,5925.5,20421.2,15.3,48.2,1,0,0,
2026-05-12,12:41:59,maceta1,61.0,58.0,59.2,61.3,60.2,6093.8,21186.9,,,1,0,0,Lectura invalida de DHT
2026-05-12,12:41:59,maceta2,66.0,68.0,56.2,54.5,55.3,6293.6,19909.3,15.3,48.2,1,0,0,
2026-05-12,12:42:25,maceta1,62.0,58.0,59.0,61.2,60.1,6247.0,20843.6,,,1,0,0,Lectura invalida de DHT
2026-05-12,12:42:25,maceta2,66.0,69.0,56.0,54.3,55.2,6118.6,20891.3,,,1,0,0,Lectura invalida de DHT
2026-05-12,12:42:52,maceta1,62.0,59.0,58.7,60.9,59.8,6078.3,19632.1,,,1,0,0,Lectura invalida de DHT
2026-05-12,12:42:52,maceta2,66.0,69.0,55.9,54.1,55.0,6267.4,19643.4,15.3,48.2,1,0,0,
2026-05-12,12:43:19,maceta1,62.0,59.0,58.6,60.7,59.6,5992.0,19168.2,,,1,0,0,Lectura invalida de DHT
2026-05-12,12:43:19,maceta2,66.0,69.0,55.8,53.9,54.9,6386.2,20733.8,15.3,48.2,1,0,0,
2026-05-12,12:43:46,maceta1,62.0,59.0,58.5,60.6,59.6,6488.8,19670.0,,,1,0,0,Lectura invalida de DHT
2026-05-12,12:43:46,maceta2,67.0,69.0,55.6,53.7,54.7,5918.8,19099.3,15.3,48.2,1,0,0,
2026-05-12,12:44:12,maceta1,63.0,59.0,58.2,60.4,59.3,6086.5,21280.5,,,1,0,0,Lectura invalida de DHT
2026-05-12,12:44:12,maceta2,67.0,70.0,55.5,53.6,54.6,5813.4,21098.5,15.3,48.2,1,0,0,
2026-05-12,12:44:39,maceta1,63.0,60.0,58.1,60.3,59.2,6425.9,20582.9,,,1,0,0,Lectura invalida de DHT
2026-05-12,12:44:39,maceta2,67.0,70.0,55.5,53.4,54.4,6345.4,20120.4,15.3,48.1,1,0,0,
2026-05-12,12:45:06,maceta1,63.0,60.0,58.0,60.2,59.1,5961.0,20802.6,,,1,0,0,Lectura invalida de DHT
2026-05-12,12:45:06,maceta2,67.0,70.0,55.3,53.2,54.3,6226.8,20591.7,15.3,48.1,1,0,0,
2026-05-12,12:45:33,maceta1,63.0,60.0,57.9,60.1,59.0,5949.2,19642.9,,,1,0,0,Lectura invalida de DHT
2026-05-12,12:45:33,maceta2,67.0,70.0,55.2,53.0,54.1,6289.7,19553.1,15.3,48.2,1,0,0,
2026-05-12,12:46:00,maceta1,63.0,60.0,57.8,59.9,58.9,5821.8,20798.5,,,1,0,0,Lectura invalida de DHT
2026-05-12,12:46:00,maceta2,67.0,71.0,55.0,52.9,54.0,6386.7,20692.7,15.3,48.1,1,0,0,
2026-05-12,12:46:26,maceta1,64.0,60.0,57.6,59.8,58.7,6256.2,19070.3,,,1,0,0,Lectura invalida de DHT
2026-05-12,12:46:26,maceta2,68.0,71.0,54.9,52.8,53.8,6362.0,20930.6,,,1,0,0,Lectura invalida de DHT
2026-05-12,12:46:53,maceta1,64.0,61.0,57.5,59.6,58.5,6058.0,19938.3,,,1,0,0,Lectura invalida de DHT
2026-05-12,12:46:53,maceta2,68.0,71.0,54.8,52.7,53.7,6472.6,20183.0,15.3,48.1,1,0,0,
2026-05-12,12:47:25,maceta1,64.0,61.0,57.3,59.4,58.3,6405.1,20566.9,,,1,0,0,Lectura invalida de DHT
2026-05-12,12:47:25,maceta2,68.0,71.0,54.7,52.5,53.6,6175.2,20544.3,,,1,0,0,Lectura invalida de DHT
2026-05-12,12:47:52,maceta1,64.0,61.0,57.1,59.3,58.2,6131.2,19365.2,,,1,0,0,Lectura invalida de DHT
2026-05-12,12:47:52,maceta2,68.0,71.0,54.6,52.4,53.5,6141.9,20140.8,,,1,0,0,Lectura invalida de DHT
2026-05-12,12:48:18,maceta1,64.0,61.0,57.0,59.2,58.1,6477.7,21057.5,,,1,0,0,Lectura invalida de DHT
2026-05-12,12:48:18,maceta2,68.0,72.0,54.4,52.2,53.3,6081.3,21235.2,,,1,0,0,Lectura invalida de DHT
2026-05-12,12:48:45,maceta1,65.0,61.0,56.8,59.0,57.9,5929.9,19587.6,,,1,0,0,Lectura invalida de DHT
2026-05-12,12:48:45,maceta2,69.0,72.0,54.2,52.1,53.2,5907.6,20244.7,15.3,48.1,1,0,0,
2026-05-12,12:49:12,maceta1,65.0,62.0,56.7,58.9,57.8,6408.0,20630.7,,,1,0,0,Lectura invalida de DHT
2026-05-12,12:49:12,maceta2,69.0,72.0,54.1,51.9,53.0,6200.8,21104.5,15.3,48.1,1,0,0,
2026-05-12,12:49:39,maceta1,65.0,62.0,56.7,58.6,57.6,6343.6,20013.0,,,1,0,0,Lectura invalida de DHT
2026-05-12,12:49:39,maceta2,69.0,72.0,53.8,51.8,52.8,5993.9,21003.4,15.3,48.1,1,0,0,
2026-05-12,12:50:05,maceta1,65.0,62.0,56.6,58.4,57.5,6339.6,20490.1,,,1,0,0,Lectura invalida de DHT
2026-05-12,12:50:05,maceta2,69.0,72.0,53.7,51.8,52.7,6444.9,20026.3,,,1,0,0,Lectura invalida de DHT
2026-05-12,12:50:32,maceta1,65.0,63.0,56.5,58.3,57.4,6391.3,19268.6,,,1,0,0,Lectura invalida de DHT
2026-05-12,12:50:32,maceta2,70.0,73.0,53.6,51.6,52.6,6208.2,19575.2,15.3,48.1,1,0,0,
2026-05-12,12:50:59,maceta1,65.0,63.0,56.4,58.0,57.2,6332.7,19042.3,,,1,0,0,Lectura invalida de DHT
2026-05-12,12:50:59,maceta2,70.0,73.0,53.5,51.5,52.5,6215.0,20015.2,15.3,48.0,1,0,0,
2026-05-12,12:51:26,maceta1,65.0,63.0,56.4,57.9,57.1,6238.4,21273.9,,,1,0,0,Lectura invalida de DHT
2026-05-12,12:51:26,maceta2,70.0,73.0,53.4,51.4,52.4,6048.4,21065.5,15.3,48.0,1,0,0,
2026-05-12,12:51:53,maceta1,66.0,63.0,56.1,57.7,56.9,5891.9,19674.1,,,1,0,0,Lectura invalida de DHT
2026-05-12,12:51:53,maceta2,70.0,73.0,53.2,51.2,52.2,5836.4,19569.1,15.3,48.0,1,0,0,
2026-05-12,12:52:19,maceta1,66.0,64.0,56.0,57.4,56.7,5822.8,21049.2,,,1,0,0,Lectura invalida de DHT
2026-05-12,12:52:19,maceta2,70.0,73.0,53.1,51.1,52.1,5822.2,20311.1,15.3,48.0,1,0,0,
2026-05-12,12:52:46,maceta1,66.0,64.0,55.8,57.3,56.5,6444.6,21498.4,,,1,0,0,Lectura invalida de DHT
2026-05-12,12:52:46,maceta2,70.0,74.0,53.0,50.9,52.0,6096.3,21015.2,,,1,0,0,Lectura invalida de DHT
2026-05-12,12:53:13,maceta1,67.0,64.0,55.6,57.1,56.3,6231.7,19528.6,,,1,0,0,Lectura invalida de DHT
2026-05-12,12:53:13,maceta2,71.0,74.0,52.9,50.6,51.8,5859.2,19883.7,15.3,47.9,1,0,0,
2026-05-12,12:53:40,maceta1,67.0,65.0,55.4,56.9,56.1,6357.6,19662.9,,,1,0,0,Lectura invalida de DHT
2026-05-12,12:53:40,maceta2,71.0,74.0,52.7,50.5,51.6,6224.8,20605.5,15.3,48.0,1,0,0,
2026-05-12,12:54:06,maceta1,67.0,65.0,55.1,56.8,56.0,6137.1,20657.1,,,1,0,0,Lectura invalida de DHT
2026-05-12,12:54:06,maceta2,71.0,75.0,52.5,50.3,51.4,6416.7,19614.1,15.3,47.9,1,0,0,
2026-05-12,12:54:33,maceta1,67.0,65.0,55.0,56.7,55.9,5882.1,21413.6,,,1,0,0,Lectura invalida de DHT
2026-05-12,12:54:33,maceta2,71.0,75.0,52.4,50.1,51.3,6418.0,19273.2,,,1,0,0,Lectura invalida de DHT
2026-05-12,12:55:00,maceta1,68.0,65.0,54.9,56.5,55.7,5887.6,21289.5,,,1,0,0,Lectura invalida de DHT
2026-05-12,12:55:00,maceta2,72.0,75.0,52.2,50.0,51.1,6261.3,20986.0,15.3,47.9,1,0,1,
2026-05-12,12:55:27,maceta1,68.0,65.0,54.8,56.4,55.6,6279.9,20257.2,,,1,0,0,Lectura invalida de DHT
2026-05-12,12:55:27,maceta2,28.0,29.0,81.6,80.6,81.1,5947.9,19247.4,15.4,47.9,1,0,0,
2026-05-12,12:55:55,maceta1,68.0,66.0,54.6,56.3,55.5,6101.2,20987.8,,,1,0,0,Lectura invalida de DHT
2026-05-12,12:55:55,maceta2,28.0,29.0,81.4,80.4,80.9,6404.1,19678.5,15.3,47.9,1,0,0,
2026-05-12,12:56:22,maceta1,68.0,66.0,54.4,56.1,55.3,5940.4,19339.4,,,1,0,0,Lectura invalida de DHT
2026-05-12,12:56:22,maceta2,28.0,30.0,81.2,80.2,80.7,6420.3,21137.8,15.3,47.9,1,0,0,
2026-05-12,12:56:48,maceta1,69.0,66.0,54.3,55.9,55.1,6144.1,21443.6,,,1,0,0,Lectura invalida de DHT
2026-05-12,12:56:48,maceta2,28.0,30.0,81.0,80.0,80.5,5937.7,19866.2,,,1,0,0,Lectura invalida de DHT
2026-05-12,12:57:15,maceta1,69.0,66.0,54.2,55.7,54.9,5844.9,21410.9,,,1,0,0,Lectura invalida de DHT
2026-05-12,12:57:15,maceta2,29.0,30.0,80.9,79.8,80.3,6316.2,21432.6,15.4,47.9,1,0,0,
2026-05-12,12:57:42,maceta1,69.0,67.0,53.9,55.6,54.7,6207.4,19409.3,,,1,0,0,Lectura invalida de DHT
2026-05-12,12:57:42,maceta2,29.0,31.0,80.8,79.5,80.1,6000.6,21449.3,15.4,47.9,1,0,0,
2026-05-12,12:58:09,maceta1,69.0,67.0,53.7,55.4,54.6,5988.3,19748.6,,,1,0,0,Lectura invalida de DHT
2026-05-12,12:58:09,maceta2,29.0,31.0,80.5,79.3,79.9,6361.8,19670.7,15.3,47.9,1,0,0,
2026-05-12,12:58:36,maceta1,70.0,67.0,53.6,55.3,54.5,6358.3,19250.4,,,1,0,0,Lectura invalida de DHT
2026-05-12,12:58:36,maceta2,29.0,31.0,80.5,79.2,79.8,6498.1,19102.4,15.4,47.9,1,0,0,
2026-05-12,12:59:02,maceta1,70.0,67.0,53.4,55.1,54.3,6017.3,19679.3,,,1,0,0,Lectura invalida de DHT
2026-05-12,12:59:02,maceta2,29.0,31.0,80.4,79.1,79.7,5821.0,20762.7,15.4,47.9,1,0,0,
2026-05-12,12:59:29,maceta1,70.0,68.0,53.1,54.9,54.0,6118.7,21039.9,,,1,0,0,Lectura invalida de DHT
2026-05-12,12:59:29,maceta2,30.0,32.0,80.3,79.0,79.6,6428.2,20127.5,,,1,0,0,Lectura invalida de DHT
2026-05-12,12:59:56,maceta1,70.0,68.0,53.0,54.8,53.9,5808.1,19945.8,,,1,0,0,Lectura invalida de DHT
2026-05-12,12:59:56,maceta2,30.0,32.0,80.1,78.9,79.5,6235.8,19251.9,,,1,0,0,Lectura invalida de DHT
2026-05-12,13:00:23,maceta1,71.0,68.0,52.9,54.6,53.7,5850.7,19221.0,,,1,0,0,Lectura invalida de DHT
2026-05-12,13:00:23,maceta2,30.0,32.0,79.8,78.8,79.3,6481.4,20768.8,15.4,47.8,1,0,0,
2026-05-12,13:00:49,maceta1,71.0,68.0,52.8,54.4,53.6,6074.7,19855.6,,,1,0,0,Lectura invalida de DHT
2026-05-12,13:00:49,maceta2,30.0,32.0,79.7,78.6,79.2,6125.5,19077.9,15.4,47.8,1,0,0,
2026-05-12,13:01:16,maceta1,71.0,69.0,52.6,54.2,53.4,6136.0,21453.5,,,1,0,0,Lectura invalida de DHT
2026-05-12,13:01:16,maceta2,31.0,32.0,79.5,78.5,79.0,6393.2,21175.5,15.4,47.7,1,0,0,
2026-05-12,13:01:43,maceta1,71.0,69.0,52.4,54.2,53.3,6220.0,20574.2,,,1,0,0,Lectura invalida de DHT
2026-05-12,13:01:43,maceta2,31.0,32.0,79.3,78.4,78.8,5843.7,19346.6,,,1,0,0,Lectura invalida de DHT
2026-05-12,13:02:10,maceta1,72.0,69.0,52.3,53.9,53.1,6004.2,20040.4,,,1,0,0,Lectura invalida de DHT
2026-05-12,13:02:10,maceta2,31.0,33.0,79.1,78.1,78.6,6034.7,19318.3,,,1,0,0,Lectura invalida de DHT
2026-05-12,13:02:38,maceta1,72.0,69.0,52.0,53.8,52.9,6286.5,19416.3,,,1,0,0,Lectura invalida de DHT
2026-05-12,13:02:38,maceta2,32.0,33.0,78.9,77.9,78.4,5846.9,19439.2,15.4,47.8,1,0,0,
2026-05-12,13:03:20,maceta1,72.0,70.0,51.9,53.6,52.8,6402.1,21465.4,,,1,0,0,Lectura invalida de DHT
2026-05-12,13:03:20,maceta2,32.0,33.0,78.7,77.7,78.2,6482.7,21400.7,15.4,47.8,1,0,0,
2026-05-12,13:03:47,maceta1,72.0,70.0,51.8,53.6,52.7,6345.9,21052.1,,,1,0,0,Lectura invalida de DHT
2026-05-12,13:03:47,maceta2,32.0,34.0,78.5,77.5,78.0,6371.9,20732.9,15.4,47.7,1,0,0,
2026-05-12,13:04:14,maceta1,73.0,70.0,51.6,53.4,52.5,5827.7,19703.7,,,1,0,0,Lectura invalida de DHT
2026-05-12,13:04:14,maceta2,32.0,34.0,78.4,77.4,77.9,6396.8,21003.4,15.4,47.7,1,0,0,
2026-05-12,13:04:41,maceta1,73.0,70.0,51.6,53.3,52.4,6136.4,19175.2,,,1,0,0,Lectura invalida de DHT
2026-05-12,13:04:41,maceta2,33.0,34.0,78.1,77.2,77.6,6456.6,19994.1,,,1,0,0,Lectura invalida de DHT
2026-05-12,13:05:07,maceta1,73.0,70.0,51.5,53.2,52.3,5873.5,19141.6,,,1,0,0,Lectura invalida de DHT
2026-05-12,13:05:07,maceta2,33.0,34.0,78.0,77.0,77.5,5859.6,19840.8,15.4,47.7,1,0,0,
2026-05-12,13:05:34,maceta1,73.0,70.0,51.3,53.1,52.2,5969.4,19300.9,,,1,0,0,Lectura invalida de DHT
2026-05-12,13:05:34,maceta2,33.0,35.0,77.8,76.9,77.4,6069.9,19586.2,15.4,47.7,1,0,0,
2026-05-12,13:06:01,maceta1,73.0,71.0,51.2,52.9,52.0,6490.7,20451.9,,,1,0,0,Lectura invalida de DHT
2026-05-12,13:06:01,maceta2,33.0,35.0,77.8,76.8,77.3,5849.7,20201.6,,,1,0,0,Lectura invalida de DHT
2026-05-12,13:06:28,maceta1,73.0,71.0,51.1,52.7,51.9,5899.7,21321.9,,,1,0,0,Lectura invalida de DHT
2026-05-12,13:06:28,maceta2,34.0,35.0,77.6,76.7,77.1,5947.6,20379.6,15.4,47.7,1,0,0,
2026-05-12,13:06:54,maceta1,74.0,71.0,50.9,52.5,51.7,6149.2,20241.9,,,1,0,0,Lectura invalida de DHT
2026-05-12,13:06:54,maceta2,34.0,35.0,77.4,76.5,77.0,5960.6,20579.4,,,1,0,0,Lectura invalida de DHT
2026-05-12,13:07:21,maceta1,74.0,71.0,50.7,52.4,51.6,6232.7,21107.4,,,1,0,0,Lectura invalida de DHT
2026-05-12,13:07:21,maceta2,34.0,35.0,77.2,76.4,76.8,6128.4,19642.8,,,1,0,0,Lectura invalida de DHT
2026-05-12,13:07:48,maceta1,74.0,72.0,50.6,52.2,51.4,6291.7,20114.7,,,1,0,0,Lectura invalida de DHT
2026-05-12,13:07:48,maceta2,34.0,36.0,77.1,76.3,76.7,5988.0,21371.6,15.4,47.6,1,0,0,
2026-05-12,13:08:15,maceta1,74.0,72.0,50.5,52.2,51.3,6191.8,20771.5,,,1,0,0,Lectura invalida de DHT
2026-05-12,13:08:15,maceta2,35.0,36.0,76.9,76.2,76.6,5870.7,19424.4,15.4,47.5,1,0,0,
2026-05-12,13:08:42,maceta1,75.0,72.0,50.3,51.9,51.1,5806.8,20829.7,,,1,0,0,Lectura invalida de DHT
2026-05-12,13:08:42,maceta2,35.0,36.0,76.8,76.0,76.4,5917.2,21414.1,,,1,0,0,Lectura invalida de DHT
2026-05-12,13:09:09,maceta1,75.0,72.0,50.2,51.8,51.0,6028.5,19434.9,,,1,0,0,Lectura invalida de DHT
2026-05-12,13:09:09,maceta2,35.0,36.0,76.6,75.8,76.2,5903.1,19037.1,15.4,47.5,1,0,0,
2026-05-12,13:09:36,maceta1,75.0,73.0,50.1,51.6,50.8,6162.4,19903.0,,,1,0,0,Lectura invalida de DHT
2026-05-12,13:09:36,maceta2,35.0,36.0,76.5,75.7,76.1,6481.2,20202.8,15.4,47.5,1,0,0,
2026-05-12,13:10:03,maceta1,75.0,73.0,49.9,51.4,50.6,5861.5,20593.3,,,1,0,1,Lectura invalida de DHT
2026-05-12,13:10:03,maceta2,35.0,37.0,76.4,75.6,76.0,6331.5,19833.4,15.4,47.5,1,0,0,
2026-05-12,13:10:30,maceta1,26.0,29.0,82.3,80.6,81.5,6045.4,19176.7,,,1,0,0,Lectura invalida de DHT
2026-05-12,13:10:30,maceta2,36.0,37.0,76.3,75.4,75.9,6477.4,20122.8,15.4,47.5,1,0,0,
2026-05-12,13:10:57,maceta1,27.0,30.0,82.2,80.3,81.2,5823.2,19903.9,,,1,0,0,Lectura invalida de DHT
2026-05-12,13:10:57,maceta2,36.0,37.0,76.2,75.2,75.7,6107.8,20426.7,15.4,47.6,1,0,0,
2026-05-12,13:11:24,maceta1,27.0,30.0,82.0,80.1,81.1,5855.0,20337.0,,,1,0,0,Lectura invalida de DHT
2026-05-12,13:11:24,maceta2,36.0,37.0,76.0,75.0,75.5,5994.9,20089.0,,,1,0,0,Lectura invalida de DHT
2026-05-12,13:11:59,maceta1,27.0,30.0,81.9,80.1,81.0,6077.8,21490.6,,,1,0,0,Lectura invalida de DHT
2026-05-12,13:11:59,maceta2,36.0,38.0,75.8,74.9,75.3,6358.8,20037.1,15.4,47.5,1,0,0,
2026-05-12,13:12:26,maceta1,27.0,30.0,81.7,79.9,80.8,5892.9,20186.3,,,1,0,0,Lectura invalida de DHT
2026-05-12,13:12:26,maceta2,37.0,38.0,75.5,74.8,75.2,6028.4,20831.8,15.4,47.5,1,0,0,
2026-05-12,13:12:53,maceta1,28.0,30.0,81.5,79.8,80.6,6197.3,21040.1,,,1,0,0,Lectura invalida de DHT
2026-05-12,13:12:53,maceta2,37.0,38.0,75.4,74.6,75.0,6009.6,20714.7,15.4,47.4,1,0,0,
2026-05-12,13:13:20,maceta1,28.0,31.0,81.2,79.6,80.4,6282.6,20080.2,,,1,0,0,Lectura invalida de DHT
2026-05-12,13:13:20,maceta2,37.0,38.0,75.3,74.5,74.9,5962.8,21083.2,,,1,0,0,Lectura invalida de DHT
2026-05-12,13:13:46,maceta1,28.0,31.0,81.1,79.5,80.3,6360.4,20991.0,,,1,0,0,Lectura invalida de DHT
2026-05-12,13:13:46,maceta2,37.0,38.0,75.1,74.5,74.8,5890.8,19624.9,15.4,47.4,1,0,0,
2026-05-12,13:14:13,maceta1,28.0,31.0,81.0,79.4,80.2,5940.1,20488.5,,,1,0,0,Lectura invalida de DHT
2026-05-12,13:14:13,maceta2,38.0,39.0,74.9,74.3,74.6,5979.5,20523.8,15.4,47.4,1,0,0,
2026-05-12,13:14:40,maceta1,29.0,31.0,81.0,79.3,80.1,5917.2,21216.5,,,1,0,0,Lectura invalida de DHT
2026-05-12,13:14:40,maceta2,38.0,39.0,74.7,74.2,74.4,6048.7,20463.0,15.4,47.4,1,0,0,
2026-05-12,13:15:07,maceta1,29.0,31.0,80.7,79.1,79.9,5873.2,20027.4,,,1,0,0,Lectura invalida de DHT
2026-05-12,13:15:07,maceta2,38.0,39.0,74.5,74.1,74.3,6271.8,19924.3,15.4,47.4,1,0,0,
2026-05-12,13:15:34,maceta1,29.0,32.0,80.5,79.0,79.8,6245.5,20510.8,,,1,0,0,Lectura invalida de DHT
2026-05-12,13:15:34,maceta2,39.0,39.0,74.2,74.0,74.1,5843.8,20215.1,15.4,47.3,1,0,0,
2026-05-12,13:16:00,maceta1,29.0,32.0,80.4,78.9,79.6,6294.5,20575.0,,,1,0,0,Lectura invalida de DHT
2026-05-12,13:16:00,maceta2,39.0,39.0,74.0,73.9,73.9,5947.4,19784.5,15.4,47.3,1,0,0,
2026-05-12,13:16:27,maceta1,30.0,32.0,80.2,78.8,79.5,5822.1,20043.5,,,1,0,0,Lectura invalida de DHT
2026-05-12,13:16:27,maceta2,39.0,40.0,73.8,73.6,73.7,6366.3,19354.6,15.4,47.3,1,0,0,
2026-05-12,13:16:54,maceta1,30.0,32.0,80.0,78.6,79.3,6455.3,19360.8,,,1,0,0,Lectura invalida de DHT
2026-05-12,13:16:54,maceta2,40.0,40.0,73.6,73.6,73.6,5902.8,19534.5,15.4,47.3,1,0,0,
2026-05-12,13:17:21,maceta1,30.0,32.0,79.9,78.4,79.1,5836.4,19233.9,,,1,0,0,Lectura invalida de DHT
2026-05-12,13:17:21,maceta2,40.0,40.0,73.4,73.5,73.4,6039.9,19263.8,15.4,47.3,1,0,0,
2026-05-12,13:17:48,maceta1,30.0,33.0,79.8,78.3,79.0,6178.9,19041.7,,,1,0,0,Lectura invalida de DHT
2026-05-12,13:17:48,maceta2,40.0,40.0,73.4,73.4,73.4,6405.3,20707.7,,,1,0,0,Lectura invalida de DHT
2026-05-12,13:18:14,maceta1,31.0,33.0,79.6,78.1,78.9,6296.3,21183.8,,,1,0,0,Lectura invalida de DHT
2026-05-12,13:18:14,maceta2,40.0,40.0,73.2,73.2,73.2,5908.4,20651.8,15.4,47.3,1,0,0,
2026-05-12,13:18:41,maceta1,31.0,33.0,79.4,78.1,78.8,6409.7,19591.2,,,1,0,0,Lectura invalida de DHT
2026-05-12,13:18:41,maceta2,40.0,40.0,73.1,73.1,73.1,5857.9,21376.5,,,1,0,0,Lectura invalida de DHT
2026-05-12,13:19:08,maceta1,31.0,33.0,79.2,77.8,78.5,6299.9,19528.8,,,1,0,0,Lectura invalida de DHT
2026-05-12,13:19:08,maceta2,41.0,41.0,72.9,72.9,72.9,6139.2,20824.2,15.5,47.2,1,0,0,
2026-05-12,13:19:35,maceta1,31.0,34.0,79.1,77.6,78.3,6361.2,20840.1,,,1,0,0,Lectura invalida de DHT
2026-05-12,13:19:35,maceta2,41.0,41.0,72.8,72.7,72.7,6011.7,19130.1,15.5,47.2,1,0,0,
2026-05-12,13:20:02,maceta1,32.0,34.0,78.9,77.5,78.2,6037.6,19800.0,,,1,0,0,Lectura invalida de DHT
2026-05-12,13:20:02,maceta2,41.0,41.0,72.6,72.5,72.5,6194.4,21210.6,,,1,0,0,Lectura invalida de DHT
2026-05-12,13:20:30,maceta1,32.0,34.0,78.9,77.3,78.1,6370.4,20265.1,,,1,0,0,Lectura invalida de DHT
2026-05-12,13:20:30,maceta2,41.0,42.0,72.4,72.3,72.3,6362.7,21156.7,15.5,47.2,1,0,0,
2026-05-12,13:21:06,maceta1,32.0,34.0,78.7,77.1,77.9,5856.1,19406.3,,,1,0,0,Lectura invalida de DHT
2026-05-12,13:21:06,maceta2,42.0,42.0,72.2,72.1,72.2,5896.0,20108.3,15.4,47.2,1,0,0,
2026-05-12,13:21:33,maceta1,32.0,35.0,78.5,76.9,77.7,6426.4,21399.4,,,1,0,0,Lectura invalida de DHT
2026-05-12,13:21:33,maceta2,42.0,42.0,72.0,72.0,72.0,6206.5,20464.7,15.5,47.2,1,0,0,
2026-05-12,13:22:09,maceta1,32.0,35.0,78.4,76.8,77.6,6183.3,21129.0,,,1,0,0,Lectura invalida de DHT
2026-05-12,13:22:09,maceta2,42.0,42.0,71.8,71.8,71.8,6153.9,21440.2,15.5,47.1,1,0,0,
2026-05-12,13:22:35,maceta1,33.0,35.0,78.3,76.6,77.4,6372.1,21159.5,,,1,0,0,Lectura invalida de DHT
2026-05-12,13:22:35,maceta2,43.0,42.0,71.7,71.7,71.7,5900.9,20330.8,15.5,47.1,1,0,0,
2026-05-12,13:23:03,maceta1,33.0,35.0,78.0,76.5,77.3,6116.6,20016.9,,,1,0,0,Lectura invalida de DHT
2026-05-12,13:23:03,maceta2,43.0,43.0,71.5,71.6,71.5,6236.8,21263.3,15.4,47.1,1,0,0,
2026-05-12,13:23:30,maceta1,33.0,36.0,77.8,76.3,77.0,6250.5,20905.9,,,1,0,0,Lectura invalida de DHT
2026-05-12,13:23:30,maceta2,43.0,43.0,71.4,71.3,71.3,5991.5,19207.6,,,1,0,0,Lectura invalida de DHT
2026-05-12,13:23:57,maceta1,34.0,36.0,77.6,76.2,76.9,6168.5,19359.7,,,1,0,0,Lectura invalida de DHT
2026-05-12,13:23:57,maceta2,43.0,43.0,71.2,71.1,71.1,6141.5,19477.6,,,1,0,0,Lectura invalida de DHT
2026-05-12,13:24:23,maceta1,34.0,36.0,77.5,76.1,76.8,6312.1,19021.5,,,1,0,0,Lectura invalida de DHT
2026-05-12,13:24:23,maceta2,44.0,44.0,71.0,70.9,70.9,5857.6,20101.9,,,1,0,0,Lectura invalida de DHT
2026-05-12,13:24:50,maceta1,34.0,36.0,77.5,75.9,76.7,5857.1,19049.9,,,1,0,0,Lectura invalida de DHT
2026-05-12,13:24:50,maceta2,44.0,44.0,70.7,70.8,70.8,6121.7,20461.9,15.4,47.0,1,0,0,
2026-05-12,13:25:18,maceta1,34.0,36.0,77.4,75.7,76.6,5842.2,20466.5,,,1,0,0,Lectura invalida de DHT
2026-05-12,13:25:18,maceta2,44.0,44.0,70.6,70.6,70.6,6014.5,21040.6,15.5,47.0,1,0,0,
2026-05-12,13:25:44,maceta1,34.0,37.0,77.3,75.6,76.5,5973.0,20138.5,,,1,0,0,Lectura invalida de DHT
2026-05-12,13:25:44,maceta2,44.0,44.0,70.4,70.6,70.5,6375.7,21470.7,15.4,46.9,1,0,0,
2026-05-12,13:26:16,maceta1,34.0,37.0,77.1,75.4,76.3,5911.7,20295.0,,,1,0,0,Lectura invalida de DHT
2026-05-12,13:26:16,maceta2,45.0,44.0,70.3,70.5,70.4,5839.9,19972.1,15.5,46.9,1,0,0,
2026-05-12,13:26:44,maceta1,35.0,37.0,76.9,75.3,76.1,6410.2,19018.7,,,1,0,0,Lectura invalida de DHT
2026-05-12,13:26:44,maceta2,45.0,45.0,70.1,70.2,70.2,6093.0,19118.5,15.5,46.9,1,0,0,
2026-05-12,13:27:19,maceta1,35.0,37.0,76.7,75.1,75.9,5953.4,20056.7,,,1,0,0,Lectura invalida de DHT
2026-05-12,13:27:19,maceta2,45.0,45.0,69.9,70.1,70.0,6120.9,21002.9,,,1,0,0,Lectura invalida de DHT
2026-05-12,13:27:51,maceta1,35.0,38.0,76.5,75.0,75.7,6483.1,20795.2,,,1,0,0,Lectura invalida de DHT
2026-05-12,13:27:51,maceta2,45.0,45.0,69.8,70.1,69.9,6307.5,20511.0,15.5,46.8,1,0,0,
2026-05-12,13:28:20,maceta1,36.0,38.0,76.3,74.9,75.6,6035.8,20106.7,,,1,0,0,Lectura invalida de DHT
2026-05-12,13:28:20,maceta2,46.0,45.0,69.6,69.8,69.7,6202.0,19496.4,15.5,46.8,1,0,0,
2026-05-12,13:28:47,maceta1,36.0,38.0,76.0,74.8,75.4,5927.5,20830.5,,,1,0,0,Lectura invalida de DHT
2026-05-12,13:28:47,maceta2,46.0,45.0,69.4,69.7,69.6,6267.0,20237.1,15.5,46.8,1,0,0,
2026-05-12,13:29:14,maceta1,36.0,38.0,75.8,74.5,75.2,6352.8,19582.5,,,1,0,0,Lectura invalida de DHT
2026-05-12,13:29:14,maceta2,46.0,46.0,69.3,69.6,69.5,6343.9,20855.8,15.5,46.7,1,0,0,
2026-05-12,13:29:49,maceta1,36.0,39.0,75.7,74.3,75.0,6261.1,21032.9,,,1,0,0,Lectura invalida de DHT
2026-05-12,13:29:49,maceta2,46.0,46.0,69.2,69.4,69.3,6403.5,20926.0,15.5,46.8,1,0,0,
2026-05-12,13:30:16,maceta1,37.0,39.0,75.7,74.2,74.9,6148.7,20471.1,,,1,0,0,Lectura invalida de DHT
2026-05-12,13:30:16,maceta2,46.0,46.0,69.0,69.2,69.1,6019.7,20249.0,15.5,46.7,1,0,0,
2026-05-12,13:30:43,maceta1,37.0,39.0,75.5,73.9,74.7,6188.8,19526.9,,,1,0,0,Lectura invalida de DHT
2026-05-12,13:30:43,maceta2,47.0,46.0,68.8,69.1,69.0,6176.6,19763.0,15.5,46.6,1,0,0,
2026-05-12,13:31:13,maceta1,37.0,39.0,75.4,73.8,74.6,6303.4,19591.8,,,1,0,0,Lectura invalida de DHT
2026-05-12,13:31:13,maceta2,47.0,46.0,68.7,69.1,68.9,6388.1,21434.4,15.5,46.7,1,0,0,
2026-05-12,13:31:40,maceta1,37.0,40.0,75.2,73.5,74.4,5959.9,20570.1,,,1,0,0,Lectura invalida de DHT
2026-05-12,13:31:40,maceta2,47.0,47.0,68.5,68.9,68.7,6492.6,20658.4,15.5,46.5,1,0,0,
2026-05-12,13:32:07,maceta1,38.0,40.0,75.0,73.4,74.2,6497.4,21074.8,,,1,0,0,Lectura invalida de DHT
2026-05-12,13:32:07,maceta2,48.0,47.0,68.3,68.8,68.6,6422.7,20020.6,,,1,0,0,Lectura invalida de DHT
2026-05-12,13:32:34,maceta1,38.0,40.0,74.9,73.4,74.1,6482.4,20039.1,,,1,0,0,Lectura invalida de DHT
2026-05-12,13:32:34,maceta2,48.0,47.0,68.1,68.7,68.4,6060.0,19701.2,,,1,0,0,Lectura invalida de DHT
2026-05-12,13:33:00,maceta1,38.0,40.0,74.7,73.3,74.0,6255.2,19645.8,,,1,0,0,Lectura invalida de DHT
2026-05-12,13:33:00,maceta2,48.0,47.0,68.1,68.6,68.3,5936.6,20827.8,15.5,46.6,1,0,0,
2026-05-12,13:33:27,maceta1,38.0,40.0,74.6,73.0,73.8,5939.7,21167.5,,,1,0,0,Lectura invalida de DHT
2026-05-12,13:33:27,maceta2,48.0,47.0,67.9,68.4,68.1,6142.6,19605.5,,,1,0,0,Lectura invalida de DHT
2026-05-12,13:33:54,maceta1,38.0,41.0,74.5,72.9,73.7,6276.2,20673.2,,,1,0,0,Lectura invalida de DHT
2026-05-12,13:33:54,maceta2,48.0,48.0,67.7,68.3,68.0,6319.1,19429.3,15.5,46.5,1,0,0,
2026-05-12,13:34:21,maceta1,38.0,41.0,74.3,72.8,73.6,5850.5,20120.2,,,1,0,0,Lectura invalida de DHT
2026-05-12,13:34:21,maceta2,49.0,48.0,67.6,68.2,67.9,6144.8,20324.6,15.5,46.4,1,0,0,
2026-05-12,13:34:49,maceta1,39.0,41.0,74.2,72.7,73.4,5821.5,20219.8,,,1,0,0,Lectura invalida de DHT
2026-05-12,13:34:49,maceta2,49.0,48.0,67.6,68.1,67.8,6138.2,19725.0,,,1,0,0,Lectura invalida de DHT
2026-05-12,13:35:16,maceta1,39.0,41.0,74.0,72.6,73.3,5980.4,19510.6,,,1,0,0,Lectura invalida de DHT
2026-05-12,13:35:16,maceta2,49.0,48.0,67.4,68.0,67.7,6386.8,20572.3,15.5,46.3,1,0,0,
2026-05-12,13:35:43,maceta1,39.0,41.0,73.9,72.4,73.1,6123.8,20567.0,,,1,0,0,Lectura invalida de DHT
2026-05-12,13:35:43,maceta2,49.0,48.0,67.1,67.8,67.5,6053.0,19294.8,15.5,46.5,1,0,0,
2026-05-12,13:36:09,maceta1,40.0,42.0,73.7,72.1,72.9,6407.8,19896.9,,,1,0,0,Lectura invalida de DHT
2026-05-12,13:36:09,maceta2,49.0,48.0,67.0,67.7,67.4,6401.9,20637.4,15.5,46.3,1,0,0,
2026-05-12,13:36:36,maceta1,40.0,42.0,73.4,71.9,72.7,6309.0,21489.1,,,1,0,0,Lectura invalida de DHT
2026-05-12,13:36:36,maceta2,50.0,49.0,66.8,67.6,67.2,6084.8,19708.2,15.5,46.3,1,0,0,
2026-05-12,13:37:11,maceta1,40.0,42.0,73.3,71.7,72.5,6319.9,20200.5,,,1,0,0,Lectura invalida de DHT
2026-05-12,13:37:11,maceta2,50.0,49.0,66.8,67.3,67.1,6029.8,19000.6,15.5,46.3,1,0,0,
2026-05-12,13:37:47,maceta1,40.0,43.0,73.1,71.6,72.4,6097.8,20214.7,,,1,0,0,Lectura invalida de DHT
2026-05-12,13:37:47,maceta2,50.0,49.0,66.7,67.1,66.9,6117.8,19317.3,15.5,46.2,1,0,0,
2026-05-12,13:38:23,maceta1,40.0,43.0,73.0,71.5,72.3,6042.2,20414.6,,,1,0,0,Lectura invalida de DHT
2026-05-12,13:38:23,maceta2,50.0,50.0,66.7,66.9,66.8,6333.7,21334.0,15.5,46.2,1,0,0,
2026-05-12,13:38:50,maceta1,41.0,43.0,72.9,71.4,72.2,6059.7,21291.9,,,1,0,0,Lectura invalida de DHT
2026-05-12,13:38:50,maceta2,50.0,50.0,66.5,66.7,66.6,5888.2,21168.4,15.5,46.3,1,0,0,
2026-05-12,13:39:17,maceta1,41.0,43.0,72.9,71.2,72.0,6491.4,21002.0,,,1,0,0,Lectura invalida de DHT
2026-05-12,13:39:17,maceta2,50.0,50.0,66.4,66.6,66.5,5937.5,19584.0,15.5,46.2,1,0,0,
2026-05-12,13:39:44,maceta1,41.0,43.0,72.6,71.0,71.8,5828.1,20127.8,,,1,0,0,Lectura invalida de DHT
2026-05-12,13:39:44,maceta2,51.0,50.0,66.2,66.4,66.3,6466.0,20945.9,15.5,46.2,1,0,0,
2026-05-12,13:40:11,maceta1,41.0,44.0,72.4,71.0,71.7,6406.9,20796.7,,,1,0,0,Lectura invalida de DHT
2026-05-12,13:40:11,maceta2,51.0,51.0,66.1,66.3,66.2,5922.8,20521.4,,,1,0,0,Lectura invalida de DHT
2026-05-12,13:40:37,maceta1,42.0,44.0,72.2,70.8,71.5,6205.1,20465.6,,,1,0,0,Lectura invalida de DHT
2026-05-12,13:40:37,maceta2,51.0,51.0,66.0,66.1,66.1,6197.4,21427.3,15.5,46.2,1,0,0,
2026-05-12,13:41:04,maceta1,42.0,44.0,72.1,70.7,71.4,6107.0,20230.9,,,1,0,0,Lectura invalida de DHT
2026-05-12,13:41:04,maceta2,51.0,51.0,65.9,66.0,66.0,6205.5,19934.0,15.5,46.1,1,0,0,
2026-05-12,13:41:33,maceta1,42.0,44.0,72.0,70.7,71.3,6307.7,19480.8,,,1,0,0,Lectura invalida de DHT
2026-05-12,13:41:33,maceta2,51.0,51.0,65.7,65.9,65.8,6142.7,20703.7,,,1,0,0,Lectura invalida de DHT
2026-05-12,13:42:00,maceta1,42.0,44.0,71.9,70.6,71.3,6140.7,20159.8,,,1,0,0,Lectura invalida de DHT
2026-05-12,13:42:00,maceta2,51.0,51.0,65.7,65.8,65.7,6251.3,19158.8,15.5,46.1,1,0,0,
2026-05-12,13:42:32,maceta1,42.0,44.0,71.8,70.5,71.2,6411.4,19614.5,,,1,0,0,Lectura invalida de DHT
2026-05-12,13:42:32,maceta2,52.0,51.0,65.5,65.8,65.6,5960.9,19990.6,15.5,46.0,1,0,0,
2026-05-12,13:43:00,maceta1,43.0,44.0,71.6,70.4,71.0,6430.5,21287.1,,,1,0,0,Lectura invalida de DHT
2026-05-12,13:43:00,maceta2,52.0,52.0,65.3,65.6,65.5,6186.9,21409.5,15.5,45.9,1,0,0,
2026-05-12,13:43:42,maceta1,43.0,45.0,71.5,70.2,70.8,6095.2,19838.5,,,1,0,0,Lectura invalida de DHT
2026-05-12,13:43:42,maceta2,52.0,52.0,65.2,65.4,65.3,6060.5,20347.5,15.5,46.0,1,0,0,
2026-05-12,13:44:09,maceta1,43.0,45.0,71.2,70.1,70.7,5993.8,21380.7,,,1,0,0,Lectura invalida de DHT
2026-05-12,13:44:09,maceta2,52.0,52.0,65.0,65.3,65.2,6263.2,19719.7,15.5,46.0,1,0,0,
2026-05-12,13:44:35,maceta1,43.0,45.0,71.0,70.0,70.5,6214.6,20332.6,,,1,0,0,Lectura invalida de DHT
2026-05-12,13:44:35,maceta2,53.0,52.0,64.9,65.3,65.1,5898.9,19300.7,,,1,0,0,Lectura invalida de DHT
2026-05-12,13:45:02,maceta1,44.0,45.0,70.9,69.9,70.4,6438.7,20578.9,,,1,0,0,Lectura invalida de DHT
2026-05-12,13:45:02,maceta2,53.0,52.0,64.7,65.2,64.9,6199.6,20758.8,15.5,45.9,1,0,0,
2026-05-12,13:45:29,maceta1,44.0,45.0,70.8,69.7,70.2,5947.5,20357.4,,,1,0,0,Lectura invalida de DHT
2026-05-12,13:45:29,maceta2,53.0,53.0,64.5,65.0,64.8,5929.7,20612.1,15.5,45.9,1,0,0,
2026-05-12,13:45:56,maceta1,44.0,46.0,70.6,69.6,70.1,6236.1,19323.5,,,1,0,0,Lectura invalida de DHT
2026-05-12,13:45:56,maceta2,53.0,53.0,64.4,64.8,64.6,5995.1,19934.8,,,1,0,0,Lectura invalida de DHT
2026-05-12,13:46:23,maceta1,44.0,46.0,70.4,69.5,70.0,6242.1,19939.6,,,1,0,0,Lectura invalida de DHT
2026-05-12,13:46:23,maceta2,54.0,53.0,64.2,64.6,64.4,5953.1,21377.4,15.5,45.9,1,0,0,
2026-05-12,13:46:49,maceta1,45.0,46.0,70.2,69.4,69.8,6313.2,19247.9,,,1,0,0,Lectura invalida de DHT
2026-05-12,13:46:49,maceta2,54.0,53.0,64.1,64.6,64.3,5928.0,19055.5,15.5,46.0,1,0,0,
2026-05-12,13:47:16,maceta1,45.0,46.0,70.1,69.3,69.7,5892.1,20557.4,,,1,0,0,Lectura invalida de DHT
2026-05-12,13:47:16,maceta2,54.0,53.0,63.8,64.4,64.1,6378.0,19759.3,15.6,45.9,1,0,0,
2026-05-12,13:47:43,maceta1,45.0,46.0,69.8,69.1,69.5,6301.1,20117.2,,,1,0,0,Lectura invalida de DHT
2026-05-12,13:47:43,maceta2,54.0,54.0,63.7,64.1,63.9,6000.0,21302.7,15.5,45.9,1,0,0,
2026-05-12,13:48:10,maceta1,45.0,47.0,69.7,68.8,69.3,6436.3,20945.0,,,1,0,0,Lectura invalida de DHT
2026-05-12,13:48:10,maceta2,55.0,54.0,63.6,64.0,63.8,6449.0,19802.3,15.5,45.9,1,0,0,
2026-05-12,13:48:37,maceta1,46.0,47.0,69.6,68.7,69.1,5925.8,19551.2,,,1,0,0,Lectura invalida de DHT
2026-05-12,13:48:37,maceta2,55.0,54.0,63.5,63.9,63.7,6478.9,19630.6,15.5,45.9,1,0,0,
2026-05-12,13:49:12,maceta1,46.0,47.0,69.5,68.5,69.0,5966.3,19411.4,,,1,0,0,Lectura invalida de DHT
2026-05-12,13:49:12,maceta2,55.0,54.0,63.3,63.8,63.6,6199.9,20335.6,15.5,45.8,1,0,0,
2026-05-12,13:49:38,maceta1,46.0,47.0,69.4,68.4,68.9,6480.0,20015.8,,,1,0,0,Lectura invalida de DHT
2026-05-12,13:49:38,maceta2,55.0,55.0,63.2,63.5,63.4,5900.1,21059.5,,,1,0,0,Lectura invalida de DHT
2026-05-12,13:50:05,maceta1,46.0,48.0,69.3,68.2,68.7,5926.7,21316.5,,,1,0,0,Lectura invalida de DHT
2026-05-12,13:50:05,maceta2,55.0,55.0,63.0,63.4,63.2,6062.2,19257.9,15.6,45.8,1,0,0,
2026-05-12,13:50:32,maceta1,46.0,48.0,69.2,68.0,68.6,6398.1,20776.1,,,1,0,0,Lectura invalida de DHT
2026-05-12,13:50:32,maceta2,56.0,55.0,62.9,63.3,63.1,6358.4,21357.6,15.6,45.8,1,0,0,
2026-05-12,13:50:58,maceta1,46.0,48.0,69.1,67.8,68.4,6144.6,20047.3,,,1,0,0,Lectura invalida de DHT
2026-05-12,13:50:58,maceta2,56.0,55.0,62.6,63.1,62.9,6057.2,20987.7,,,1,0,0,Lectura invalida de DHT
2026-05-12,13:51:25,maceta1,47.0,49.0,68.9,67.7,68.3,5973.1,20293.2,,,1,0,0,Lectura invalida de DHT
2026-05-12,13:51:25,maceta2,56.0,55.0,62.4,63.0,62.7,5860.9,19453.1,15.6,45.7,1,0,0,
2026-05-12,13:51:52,maceta1,47.0,49.0,68.7,67.5,68.1,6409.5,19210.5,,,1,0,0,Lectura invalida de DHT
2026-05-12,13:51:52,maceta2,56.0,56.0,62.3,62.9,62.6,6189.7,20780.0,15.6,45.7,1,0,0,
2026-05-12,13:52:19,maceta1,47.0,49.0,68.6,67.4,68.0,6111.7,21461.4,,,1,0,0,Lectura invalida de DHT
2026-05-12,13:52:19,maceta2,57.0,56.0,62.2,62.8,62.5,6391.6,19962.4,,,1,0,0,Lectura invalida de DHT
2026-05-12,13:52:46,maceta1,47.0,49.0,68.5,67.2,67.8,6160.4,20666.0,,,1,0,0,Lectura invalida de DHT
2026-05-12,13:52:46,maceta2,57.0,56.0,62.0,62.7,62.3,6357.1,20005.7,15.6,45.7,1,0,0,
2026-05-12,13:53:12,maceta1,47.0,49.0,68.4,67.1,67.7,6051.5,19713.5,,,1,0,0,Lectura invalida de DHT
2026-05-12,13:53:12,maceta2,57.0,56.0,61.9,62.5,62.2,5922.6,20958.2,15.6,45.7,1,0,0,
2026-05-12,13:53:39,maceta1,48.0,50.0,68.2,67.0,67.6,6215.1,20464.5,,,1,0,0,Lectura invalida de DHT
2026-05-12,13:53:39,maceta2,57.0,57.0,61.9,62.3,62.1,6270.9,21407.0,,,1,0,0,Lectura invalida de DHT
2026-05-12,13:54:06,maceta1,48.0,50.0,68.1,66.8,67.5,5914.5,19273.7,,,1,0,0,Lectura invalida de DHT
2026-05-12,13:54:06,maceta2,57.0,57.0,61.7,62.2,61.9,5954.4,19316.6,15.6,45.5,1,0,0,
2026-05-12,13:54:33,maceta1,48.0,50.0,68.0,66.6,67.3,6073.8,21414.6,,,1,0,0,Lectura invalida de DHT
2026-05-12,13:54:33,maceta2,57.0,57.0,61.7,61.9,61.8,5952.7,20051.6,15.6,45.5,1,0,0,
2026-05-12,13:55:08,maceta1,48.0,50.0,67.9,66.4,67.1,6478.6,19437.0,,,1,0,0,Lectura invalida de DHT
2026-05-12,13:55:08,maceta2,58.0,57.0,61.5,61.8,61.6,6411.9,20202.4,15.6,45.6,1,0,0,
2026-05-12,13:55:34,maceta1,48.0,51.0,67.8,66.3,67.0,5980.7,20620.1,,,1,0,0,Lectura invalida de DHT
2026-05-12,13:55:34,maceta2,58.0,58.0,61.4,61.6,61.5,5974.8,19940.8,,,1,0,0,Lectura invalida de DHT
2026-05-12,13:56:01,maceta1,49.0,51.0,67.6,66.1,66.8,6259.7,19613.6,,,1,0,0,Lectura invalida de DHT
2026-05-12,13:56:01,maceta2,58.0,58.0,61.3,61.3,61.3,5984.3,19908.0,,,1,0,0,Lectura invalida de DHT
2026-05-12,13:56:28,maceta1,49.0,51.0,67.4,65.9,66.7,6027.6,20793.9,,,1,0,0,Lectura invalida de DHT
2026-05-12,13:56:28,maceta2,58.0,58.0,61.1,61.1,61.1,5800.5,19130.7,,,1,0,0,Lectura invalida de DHT
2026-05-12,13:56:55,maceta1,49.0,51.0,67.2,65.7,66.4,6341.4,20942.1,,,1,0,0,Lectura invalida de DHT
2026-05-12,13:56:55,maceta2,59.0,58.0,60.8,61.1,61.0,6409.5,20713.8,,,1,0,0,Lectura invalida de DHT
2026-05-12,13:57:21,maceta1,49.0,52.0,67.2,65.5,66.3,5891.6,20683.5,,,1,0,0,Lectura invalida de DHT
2026-05-12,13:57:21,maceta2,59.0,59.0,60.7,61.0,60.9,6354.8,20090.5,15.6,45.5,1,0,0,
2026-05-12,13:57:53,maceta1,50.0,52.0,67.0,65.3,66.1,6478.9,20536.2,,,1,0,0,Lectura invalida de DHT
2026-05-12,13:57:53,maceta2,59.0,59.0,60.7,60.7,60.7,6239.1,19487.0,,,1,0,0,Lectura invalida de DHT
2026-05-12,13:58:20,maceta1,50.0,52.0,66.8,65.0,65.9,6117.7,21231.2,,,1,0,0,Lectura invalida de DHT
2026-05-12,13:58:20,maceta2,59.0,59.0,60.6,60.5,60.6,6325.2,21040.1,15.6,45.5,1,0,0,
2026-05-12,13:58:46,maceta1,50.0,53.0,66.6,65.0,65.8,5965.2,19196.6,,,1,0,0,Lectura invalida de DHT
2026-05-12,13:58:46,maceta2,59.0,59.0,60.4,60.4,60.4,5906.4,21006.4,15.6,45.5,1,0,0,
2026-05-12,13:59:13,maceta1,50.0,53.0,66.5,64.9,65.7,5851.4,19827.3,,,1,0,0,Lectura invalida de DHT
2026-05-12,13:59:13,maceta2,59.0,60.0,60.4,60.3,60.3,6120.8,20216.0,,,1,0,0,Lectura invalida de DHT
2026-05-12,13:59:40,maceta1,50.0,53.0,66.4,64.7,65.6,5918.8,19620.7,,,1,0,0,Lectura invalida de DHT
2026-05-12,13:59:40,maceta2,60.0,60.0,60.3,60.2,60.2,6045.9,19746.1,15.6,45.5,1,0,0,
2026-05-12,14:00:07,maceta1,51.0,53.0,66.3,64.6,65.4,6163.8,21470.0,,,1,0,0,Lectura invalida de DHT
2026-05-12,14:00:07,maceta2,60.0,60.0,60.1,60.0,60.1,5865.6,20595.2,15.6,45.4,1,0,0,
2026-05-12,14:00:34,maceta1,51.0,53.0,66.0,64.4,65.2,6035.9,19973.5,,,1,0,0,Lectura invalida de DHT
2026-05-12,14:00:34,maceta2,60.0,60.0,59.9,59.9,59.9,6140.3,19720.4,,,1,0,0,Lectura invalida de DHT
2026-05-12,14:01:00,maceta1,51.0,53.0,65.8,64.4,65.1,6380.2,20831.5,,,1,0,0,Lectura invalida de DHT
2026-05-12,14:01:00,maceta2,60.0,60.0,59.8,59.7,59.8,6444.5,19590.0,15.6,45.4,1,0,0,
2026-05-12,14:01:27,maceta1,52.0,54.0,65.6,64.1,64.9,6101.6,20711.8,,,1,0,0,Lectura invalida de DHT
2026-05-12,14:01:27,maceta2,60.0,61.0,59.7,59.6,59.6,5828.0,20826.3,15.6,45.4,1,0,0,
2026-05-12,14:01:54,maceta1,52.0,54.0,65.5,64.0,64.8,5974.1,19530.2,,,1,0,0,Lectura invalida de DHT
2026-05-12,14:01:54,maceta2,61.0,61.0,59.5,59.3,59.4,6004.0,19100.8,15.6,45.2,1,0,0,
2026-05-12,14:02:34,maceta1,52.0,54.0,65.4,63.8,64.6,6232.0,19597.5,,,1,0,0,Lectura invalida de DHT
2026-05-12,14:02:34,maceta2,61.0,61.0,59.3,59.3,59.3,5945.3,19236.9,15.6,45.3,1,0,0,
2026-05-12,14:03:00,maceta1,52.0,54.0,65.1,63.7,64.4,6294.7,19703.2,,,1,0,0,Lectura invalida de DHT
2026-05-12,14:03:00,maceta2,61.0,61.0,59.1,59.2,59.2,5966.7,19017.0,15.6,45.3,1,0,0,
2026-05-12,14:03:27,maceta1,53.0,55.0,65.0,63.6,64.3,5916.9,20027.8,,,1,0,0,Lectura invalida de DHT
2026-05-12,14:03:27,maceta2,62.0,61.0,58.9,59.1,59.0,6435.9,19382.4,,,1,0,0,Lectura invalida de DHT
2026-05-12,14:03:54,maceta1,53.0,55.0,64.8,63.4,64.1,5917.3,19585.8,,,1,0,0,Lectura invalida de DHT
2026-05-12,14:03:54,maceta2,62.0,62.0,58.8,58.9,58.8,6127.6,19172.5,15.6,45.3,1,0,0,
2026-05-12,14:04:21,maceta1,53.0,55.0,64.8,63.1,63.9,5825.7,19049.1,,,1,0,0,Lectura invalida de DHT
2026-05-12,14:04:21,maceta2,62.0,62.0,58.6,58.7,58.6,6126.4,21489.5,,,1,0,0,Lectura invalida de DHT
2026-05-12,14:04:48,maceta1,53.0,56.0,64.5,62.9,63.7,6315.5,21198.5,,,1,0,0,Lectura invalida de DHT
2026-05-12,14:04:48,maceta2,62.0,62.0,58.5,58.5,58.5,6332.4,19722.0,15.6,45.3,1,0,0,
2026-05-12,14:05:14,maceta1,53.0,56.0,64.5,62.8,63.6,6264.7,21414.0,,,1,0,0,Lectura invalida de DHT
2026-05-12,14:05:14,maceta2,63.0,62.0,58.3,58.4,58.3,5908.1,19373.2,15.6,45.3,1,0,0,
2026-05-12,14:05:41,maceta1,53.0,56.0,64.4,62.6,63.5,6132.2,19853.9,,,1,0,0,Lectura invalida de DHT
2026-05-12,14:05:41,maceta2,63.0,63.0,58.2,58.3,58.2,6141.1,19602.5,15.6,45.3,1,0,0,
2026-05-12,14:06:08,maceta1,54.0,56.0,64.2,62.5,63.4,6390.9,19846.3,,,1,0,0,Lectura invalida de DHT
2026-05-12,14:06:08,maceta2,63.0,63.0,58.0,58.1,58.0,6101.0,21340.3,,,1,0,0,Lectura invalida de DHT
2026-05-12,14:06:35,maceta1,54.0,56.0,64.0,62.4,63.2,6364.0,19017.7,,,1,0,0,Lectura invalida de DHT
2026-05-12,14:06:35,maceta2,63.0,63.0,57.8,58.0,57.9,6217.8,20300.4,15.6,45.3,1,0,0,
2026-05-12,14:07:02,maceta1,54.0,57.0,63.9,62.3,63.1,6209.7,20700.6,,,1,0,0,Lectura invalida de DHT
2026-05-12,14:07:02,maceta2,64.0,63.0,57.6,57.8,57.7,6499.7,19912.0,15.6,45.2,1,0,0,
2026-05-12,14:07:29,maceta1,54.0,57.0,63.9,62.2,63.0,6407.8,21063.6,,,1,0,0,Lectura invalida de DHT
2026-05-12,14:07:29,maceta2,64.0,64.0,57.5,57.6,57.5,6338.6,21183.5,,,1,0,0,Lectura invalida de DHT
2026-05-12,14:08:04,maceta1,54.0,57.0,63.7,62.0,62.8,5944.1,19366.5,,,1,0,0,Lectura invalida de DHT
2026-05-12,14:08:04,maceta2,64.0,64.0,57.4,57.5,57.5,6078.5,19987.5,15.6,45.2,1,0,0,
2026-05-12,14:08:31,maceta1,55.0,57.0,63.5,61.8,62.7,5878.3,19399.2,,,1,0,0,Lectura invalida de DHT
2026-05-12,14:08:31,maceta2,64.0,64.0,57.2,57.3,57.2,6379.3,19837.5,,,1,0,0,Lectura invalida de DHT
2026-05-12,14:08:58,maceta1,55.0,58.0,63.3,61.6,62.5,5988.8,20975.2,,,1,0,0,Lectura invalida de DHT
2026-05-12,14:08:58,maceta2,64.0,64.0,57.0,57.2,57.1,5919.5,19518.2,15.6,45.1,1,0,0,
2026-05-12,14:09:25,maceta1,55.0,58.0,63.2,61.5,62.3,5840.0,20540.7,,,1,0,0,Lectura invalida de DHT
2026-05-12,14:09:25,maceta2,65.0,65.0,56.9,57.0,56.9,5821.3,19944.5,15.6,45.1,1,0,0,
2026-05-12,14:09:51,maceta1,55.0,58.0,63.0,61.3,62.2,6171.8,19112.2,,,1,0,0,Lectura invalida de DHT
2026-05-12,14:09:51,maceta2,65.0,65.0,56.8,56.7,56.8,5943.1,19791.7,15.6,45.1,1,0,0,
2026-05-12,14:10:18,maceta1,56.0,58.0,62.9,61.1,62.0,6455.6,20556.4,,,1,0,0,Lectura invalida de DHT
2026-05-12,14:10:18,maceta2,65.0,65.0,56.7,56.5,56.6,6038.3,20693.3,15.6,45.0,1,0,0,
2026-05-12,14:10:45,maceta1,56.0,59.0,62.7,60.9,61.8,5827.5,19772.3,,,1,0,0,Lectura invalida de DHT
2026-05-12,14:10:45,maceta2,65.0,65.0,56.5,56.4,56.5,6157.4,19724.0,,,1,0,0,Lectura invalida de DHT
2026-05-12,14:11:12,maceta1,56.0,59.0,62.7,60.6,61.6,5885.5,19921.8,,,1,0,0,Lectura invalida de DHT
2026-05-12,14:11:12,maceta2,66.0,65.0,56.3,56.4,56.3,6230.6,20443.0,,,1,0,0,Lectura invalida de DHT
2026-05-12,14:11:39,maceta1,56.0,59.0,62.5,60.6,61.6,6116.5,20924.3,,,1,0,0,Lectura invalida de DHT
2026-05-12,14:11:39,maceta2,66.0,66.0,56.2,56.2,56.2,6437.4,19164.7,15.6,45.1,1,0,0,
2026-05-12,14:12:05,maceta1,56.0,59.0,62.4,60.4,61.4,6453.7,21027.3,,,1,0,0,Lectura invalida de DHT
2026-05-12,14:12:05,maceta2,66.0,66.0,56.0,56.1,56.1,6156.9,19478.2,15.6,45.2,1,0,0,
2026-05-12,14:12:32,maceta1,57.0,60.0,62.1,60.3,61.2,6021.3,20000.9,,,1,0,0,Lectura invalida de DHT
2026-05-12,14:12:32,maceta2,66.0,66.0,55.9,56.0,55.9,6150.9,20018.5,15.6,45.2,1,0,0,
2026-05-12,14:12:59,maceta1,57.0,60.0,62.0,60.2,61.1,6155.1,21367.9,,,1,0,0,Lectura invalida de DHT
2026-05-12,14:12:59,maceta2,66.0,66.0,55.8,55.9,55.8,5835.2,21342.4,15.6,45.2,1,0,0,
2026-05-12,14:13:26,maceta1,57.0,60.0,61.9,60.1,61.0,5829.1,20016.2,,,1,0,0,Lectura invalida de DHT
2026-05-12,14:13:26,maceta2,67.0,66.0,55.7,55.7,55.7,5824.4,19943.1,15.6,45.2,1,0,0,
2026-05-12,14:13:52,maceta1,57.0,60.0,61.7,59.9,60.8,5903.8,20929.6,,,1,0,0,Lectura invalida de DHT
2026-05-12,14:13:52,maceta2,67.0,67.0,55.5,55.4,55.5,6185.8,20660.2,15.6,45.2,1,0,0,
2026-05-12,14:14:19,maceta1,58.0,61.0,61.5,59.6,60.6,6490.6,20209.7,,,1,0,0,Lectura invalida de DHT
2026-05-12,14:14:19,maceta2,67.0,67.0,55.3,55.4,55.4,6106.7,19637.7,15.6,45.3,1,0,0,
2026-05-12,14:14:46,maceta1,58.0,61.0,61.3,59.4,60.4,6475.6,21243.8,,,1,0,0,Lectura invalida de DHT
2026-05-12,14:14:46,maceta2,67.0,67.0,55.2,55.2,55.2,6387.4,19317.6,,,1,0,0,Lectura invalida de DHT
2026-05-12,14:15:13,maceta1,58.0,61.0,61.3,59.3,60.3,5803.5,21269.4,,,1,0,0,Lectura invalida de DHT
2026-05-12,14:15:13,maceta2,67.0,67.0,55.0,55.0,55.0,5912.5,19146.3,15.6,45.1,1,0,0,
2026-05-12,14:15:39,maceta1,58.0,61.0,61.2,59.3,60.2,6466.3,19218.5,,,1,0,0,Lectura invalida de DHT
2026-05-12,14:15:39,maceta2,68.0,68.0,54.9,54.9,54.9,5817.5,19763.5,15.6,45.0,1,0,0,
2026-05-12,14:16:06,maceta1,58.0,61.0,61.0,59.1,60.1,6247.4,21341.2,,,1,0,0,Lectura invalida de DHT
2026-05-12,14:16:06,maceta2,68.0,68.0,54.7,54.8,54.8,6114.3,19394.2,,,1,0,0,Lectura invalida de DHT
2026-05-12,14:16:33,maceta1,59.0,62.0,60.8,58.9,59.9,6407.5,21063.8,,,1,0,0,Lectura invalida de DHT
2026-05-12,14:16:33,maceta2,68.0,68.0,54.6,54.7,54.6,5966.2,19435.0,15.6,45.0,1,0,0,
2026-05-12,14:17:00,maceta1,59.0,62.0,60.6,58.7,59.6,6118.3,20978.3,,,1,0,0,Lectura invalida de DHT
2026-05-12,14:17:00,maceta2,68.0,68.0,54.4,54.5,54.5,5834.7,20901.9,15.6,45.0,1,0,0,
2026-05-12,14:17:26,maceta1,59.0,62.0,60.5,58.6,59.5,6160.9,19502.3,,,1,0,0,Lectura invalida de DHT
2026-05-12,14:17:26,maceta2,68.0,69.0,54.4,54.3,54.3,6307.2,19039.6,15.6,45.0,1,0,0,
2026-05-12,14:17:53,maceta1,59.0,62.0,60.4,58.5,59.5,6142.2,21012.8,,,1,0,0,Lectura invalida de DHT
2026-05-12,14:17:53,maceta2,69.0,69.0,54.2,54.1,54.2,5878.1,20394.5,15.6,44.9,1,0,0,
2026-05-12,14:18:20,maceta1,60.0,63.0,60.3,58.3,59.3,6266.8,21125.3,,,1,0,0,Lectura invalida de DHT
2026-05-12,14:18:20,maceta2,69.0,69.0,54.1,54.1,54.1,6225.8,19948.7,15.6,44.9,1,0,0,
2026-05-12,14:18:47,maceta1,60.0,63.0,60.2,58.1,59.1,5897.8,19722.9,,,1,0,0,Lectura invalida de DHT
2026-05-12,14:18:47,maceta2,69.0,69.0,53.9,54.0,53.9,5996.7,20266.4,15.6,44.8,1,0,0,
2026-05-12,14:19:14,maceta1,60.0,63.0,60.0,58.1,59.0,5821.0,21380.7,,,1,0,0,Lectura invalida de DHT
2026-05-12,14:19:14,maceta2,69.0,69.0,53.8,53.8,53.8,5921.4,20407.1,15.6,44.8,1,0,0,
2026-05-12,14:19:41,maceta1,60.0,63.0,59.8,57.8,58.8,6015.6,19124.7,,,1,0,0,Lectura invalida de DHT
2026-05-12,14:19:41,maceta2,70.0,70.0,53.6,53.6,53.6,6065.8,19783.4,15.6,44.9,1,0,0,
2026-05-12,14:20:08,maceta1,60.0,63.0,59.7,57.7,58.7,6293.3,19374.8,,,1,0,0,Lectura invalida de DHT
2026-05-12,14:20:08,maceta2,70.0,70.0,53.5,53.4,53.4,6361.0,19737.8,,,1,0,0,Lectura invalida de DHT
2026-05-12,14:20:35,maceta1,61.0,64.0,59.6,57.6,58.6,5941.3,20344.0,,,1,0,0,Lectura invalida de DHT
2026-05-12,14:20:35,maceta2,70.0,70.0,53.4,53.2,53.3,6074.5,20833.5,15.6,44.8,1,0,0,
2026-05-12,14:21:03,maceta1,61.0,64.0,59.5,57.4,58.5,6271.4,20439.5,,,1,0,0,Lectura invalida de DHT
2026-05-12,14:21:03,maceta2,70.0,70.0,53.3,53.1,53.2,6325.5,21178.2,15.6,44.9,1,0,0,
2026-05-12,14:21:30,maceta1,61.0,64.0,59.5,57.3,58.4,6478.9,20612.9,,,1,0,0,Lectura invalida de DHT
2026-05-12,14:21:30,maceta2,70.0,71.0,53.1,53.0,53.1,5887.8,19481.5,,,1,0,0,Lectura invalida de DHT
2026-05-12,14:21:56,maceta1,61.0,64.0,59.4,57.1,58.2,5865.7,19042.4,,,1,0,0,Lectura invalida de DHT
2026-05-12,14:21:56,maceta2,71.0,71.0,53.0,52.8,52.9,6340.9,19244.0,,,1,0,0,Lectura invalida de DHT
2026-05-12,14:22:23,maceta1,61.0,65.0,59.3,57.0,58.2,6270.8,21400.9,,,1,0,0,Lectura invalida de DHT
2026-05-12,14:22:23,maceta2,71.0,71.0,52.9,52.6,52.8,5965.9,21244.5,15.6,44.8,1,0,0,
2026-05-12,14:22:50,maceta1,61.0,65.0,59.2,56.9,58.0,6110.6,19111.5,,,1,0,0,Lectura invalida de DHT
2026-05-12,14:22:50,maceta2,71.0,71.0,52.7,52.5,52.6,6274.2,19874.7,15.6,44.9,1,0,0,
2026-05-12,14:23:17,maceta1,61.0,65.0,59.1,56.8,57.9,6407.7,19357.7,,,1,0,0,Lectura invalida de DHT
2026-05-12,14:23:17,maceta2,71.0,72.0,52.5,52.3,52.4,6196.0,20378.3,15.6,44.8,1,0,0,
2026-05-12,14:23:44,maceta1,62.0,65.0,58.9,56.5,57.7,5924.0,19035.0,,,1,0,0,Lectura invalida de DHT
2026-05-12,14:23:44,maceta2,71.0,72.0,52.4,52.2,52.3,6450.4,19898.9,,,1,0,0,Lectura invalida de DHT
2026-05-12,14:24:10,maceta1,62.0,65.0,58.7,56.4,57.6,6284.8,20417.1,,,1,0,0,Lectura invalida de DHT
2026-05-12,14:24:10,maceta2,72.0,72.0,52.2,52.0,52.1,6071.1,19314.5,,,1,0,0,Lectura invalida de DHT
2026-05-12,14:24:37,maceta1,62.0,66.0,58.7,56.2,57.5,6386.7,21330.7,,,1,0,0,Lectura invalida de DHT
2026-05-12,14:24:37,maceta2,72.0,72.0,52.1,51.9,52.0,5846.3,20473.3,15.6,44.8,1,0,0,
2026-05-12,14:25:04,maceta1,62.0,66.0,58.5,56.0,57.3,6461.2,20664.9,,,1,0,0,Lectura invalida de DHT
2026-05-12,14:25:04,maceta2,72.0,73.0,52.0,51.7,51.8,5813.4,20312.9,15.6,44.9,1,0,0,
2026-05-12,14:25:32,maceta1,63.0,66.0,58.3,55.8,57.1,6278.3,21056.6,,,1,0,0,Lectura invalida de DHT
2026-05-12,14:25:32,maceta2,72.0,73.0,51.9,51.4,51.6,6378.8,19507.5,15.6,44.9,1,0,0,
2026-05-12,14:25:59,maceta1,63.0,67.0,58.1,55.6,56.9,6148.0,19033.2,,,1,0,0,Lectura invalida de DHT
2026-05-12,14:25:59,maceta2,73.0,73.0,51.6,51.2,51.4,6167.3,20129.7,,,1,0,0,Lectura invalida de DHT
2026-05-12,14:26:25,maceta1,63.0,67.0,58.0,55.5,56.7,6232.5,20355.0,,,1,0,0,Lectura invalida de DHT
2026-05-12,14:26:25,maceta2,73.0,73.0,51.4,51.1,51.3,6342.7,20992.4,15.6,44.7,1,0,0,
2026-05-12,14:26:57,maceta1,63.0,67.0,57.8,55.3,56.6,6408.2,20148.9,,,1,0,0,Lectura invalida de DHT
2026-05-12,14:26:57,maceta2,73.0,74.0,51.4,50.9,51.1,5964.1,20476.1,15.6,44.7,1,0,0,
2026-05-12,14:27:24,maceta1,64.0,67.0,57.6,55.3,56.4,6199.4,20247.4,,,1,0,0,Lectura invalida de DHT
2026-05-12,14:27:24,maceta2,73.0,74.0,51.2,50.8,51.0,6041.6,19242.3,15.6,44.8,1,0,0,
2026-05-12,14:27:59,maceta1,64.0,67.0,57.5,55.1,56.3,5821.3,19180.5,,,1,0,0,Lectura invalida de DHT
2026-05-12,14:27:59,maceta2,73.0,74.0,51.1,50.7,50.9,5821.1,20370.1,,,1,0,0,Lectura invalida de DHT
2026-05-12,14:28:26,maceta1,64.0,67.0,57.3,55.0,56.1,6451.7,20711.1,,,1,0,0,Lectura invalida de DHT
2026-05-12,14:28:26,maceta2,74.0,74.0,50.9,50.5,50.7,6473.0,20756.8,15.6,44.7,1,0,0,
2026-05-12,14:28:53,maceta1,64.0,68.0,57.1,54.9,56.0,6282.7,20258.1,,,1,0,0,Lectura invalida de DHT
2026-05-12,14:28:53,maceta2,74.0,74.0,50.8,50.4,50.6,6267.5,20981.8,15.6,44.6,1,0,0,
2026-05-12,14:29:19,maceta1,65.0,68.0,56.9,54.8,55.8,6273.6,20912.9,,,1,0,0,Lectura invalida de DHT
2026-05-12,14:29:19,maceta2,74.0,75.0,50.5,50.2,50.4,6453.2,20572.8,15.6,44.7,1,0,0,
2026-05-12,14:29:46,maceta1,65.0,68.0,56.8,54.7,55.8,5951.0,20213.2,,,1,0,0,Lectura invalida de DHT
2026-05-12,14:29:46,maceta2,74.0,75.0,50.4,50.0,50.2,5985.8,19381.6,15.6,44.6,1,0,0,
2026-05-12,14:30:13,maceta1,65.0,68.0,56.6,54.6,55.6,6261.2,19373.5,,,1,0,0,Lectura invalida de DHT
2026-05-12,14:30:13,maceta2,75.0,75.0,50.2,50.0,50.1,6228.0,20775.4,15.6,44.6,1,0,1,
2026-05-12,14:30:49,maceta1,65.0,68.0,56.4,54.5,55.4,6075.7,20620.6,,,1,0,0,Lectura invalida de DHT
2026-05-12,14:30:49,maceta2,27.0,29.0,81.9,80.9,81.4,6274.9,20693.4,,,1,0,0,Lectura invalida de DHT
2026-05-12,14:31:15,maceta1,66.0,69.0,56.3,54.3,55.3,6255.9,19431.0,,,1,0,0,Lectura invalida de DHT
2026-05-12,14:31:15,maceta2,27.0,29.0,81.8,80.8,81.3,6022.3,19061.1,15.6,44.6,1,0,0,
2026-05-12,14:31:50,maceta1,66.0,69.0,56.2,54.1,55.1,5874.6,21181.0,,,1,0,0,Lectura invalida de DHT
2026-05-12,14:31:50,maceta2,27.0,29.0,81.7,80.6,81.2,6393.7,20029.4,,,1,0,0,Lectura invalida de DHT
2026-05-12,14:32:17,maceta1,66.0,69.0,56.1,53.8,54.9,6260.5,20532.8,,,1,0,0,Lectura invalida de DHT
2026-05-12,14:32:17,maceta2,28.0,29.0,81.6,80.4,81.0,6463.0,19832.4,15.6,44.4,1,0,0,
2026-05-12,14:32:44,maceta1,66.0,70.0,55.9,53.6,54.7,6499.6,19393.0,,,1,0,0,Lectura invalida de DHT
2026-05-12,14:32:44,maceta2,28.0,30.0,81.5,80.3,80.9,6419.4,20673.5,15.6,44.5,1,0,0,
2026-05-12,14:33:11,maceta1,66.0,70.0,55.8,53.5,54.7,5833.7,21405.8,,,1,0,0,Lectura invalida de DHT
2026-05-12,14:33:11,maceta2,28.0,30.0,81.4,80.1,80.7,6317.3,19540.3,15.6,44.5,1,0,0,
2026-05-12,14:33:37,maceta1,67.0,70.0,55.6,53.3,54.5,6484.0,20295.9,,,1,0,0,Lectura invalida de DHT
2026-05-12,14:33:37,maceta2,28.0,30.0,81.2,80.0,80.6,5994.2,20477.2,15.6,44.5,1,0,0,
2026-05-12,14:34:13,maceta1,67.0,70.0,55.5,53.2,54.4,6084.8,19182.2,,,1,0,0,Lectura invalida de DHT
2026-05-12,14:34:13,maceta2,28.0,30.0,81.1,79.9,80.5,5997.1,21283.0,15.6,44.5,1,0,0,
2026-05-12,14:34:40,maceta1,67.0,70.0,55.4,53.0,54.2,6409.5,20567.1,,,1,0,0,Lectura invalida de DHT
2026-05-12,14:34:40,maceta2,28.0,30.0,81.0,79.7,80.4,6474.4,20994.5,,,1,0,0,Lectura invalida de DHT
2026-05-12,14:35:07,maceta1,67.0,71.0,55.3,52.9,54.1,6347.7,19633.0,,,1,0,0,Lectura invalida de DHT
2026-05-12,14:35:07,maceta2,29.0,31.0,80.9,79.5,80.2,5807.2,21303.6,,,1,0,0,Lectura invalida de DHT
2026-05-12,14:35:33,maceta1,67.0,71.0,55.2,52.8,54.0,6196.9,21009.2,,,1,0,0,Lectura invalida de DHT
2026-05-12,14:35:33,maceta2,29.0,31.0,80.7,79.3,80.0,6301.2,21446.3,15.6,44.4,1,0,0,
2026-05-12,14:36:00,maceta1,67.0,71.0,55.1,52.5,53.8,6316.9,21044.6,,,1,0,0,Lectura invalida de DHT
2026-05-12,14:36:00,maceta2,29.0,31.0,80.6,79.2,79.9,6294.4,19026.7,15.6,44.4,1,0,0,
2026-05-12,14:36:27,maceta1,67.0,72.0,55.1,52.3,53.7,6415.0,21447.4,,,1,0,0,Lectura invalida de DHT
2026-05-12,14:36:27,maceta2,29.0,31.0,80.3,79.1,79.7,6235.9,20556.9,15.6,44.5,1,0,0,
2026-05-12,14:36:54,maceta1,68.0,72.0,54.9,52.2,53.5,6082.9,20254.7,,,1,0,0,Lectura invalida de DHT
2026-05-12,14:36:54,maceta2,30.0,32.0,80.2,79.0,79.6,6493.1,20032.1,15.6,44.3,1,0,0,
2026-05-12,14:37:21,maceta1,68.0,72.0,54.8,52.0,53.4,6028.9,20137.4,,,1,0,0,Lectura invalida de DHT
2026-05-12,14:37:21,maceta2,30.0,32.0,80.0,78.8,79.4,6018.3,21149.6,15.6,44.4,1,0,0,
2026-05-12,14:37:48,maceta1,68.0,72.0,54.6,51.8,53.2,6267.3,20883.7,,,1,0,0,Lectura invalida de DHT
2026-05-12,14:37:48,maceta2,30.0,32.0,79.9,78.6,79.3,6038.0,19629.5,,,1,0,0,Lectura invalida de DHT
2026-05-12,14:38:14,maceta1,68.0,73.0,54.6,51.6,53.1,6365.5,19331.2,,,1,0,0,Lectura invalida de DHT
2026-05-12,14:38:14,maceta2,30.0,32.0,79.8,78.4,79.1,5855.3,21452.6,,,1,0,0,Lectura invalida de DHT
2026-05-12,14:38:41,maceta1,69.0,73.0,54.3,51.5,52.9,6333.6,20367.3,,,1,0,0,Lectura invalida de DHT
2026-05-12,14:38:41,maceta2,31.0,33.0,79.7,78.2,78.9,6110.0,20534.3,15.6,44.4,1,0,0,
2026-05-12,14:39:08,maceta1,69.0,73.0,54.2,51.3,52.7,6358.5,20365.6,,,1,0,0,Lectura invalida de DHT
2026-05-12,14:39:08,maceta2,31.0,33.0,79.5,78.0,78.8,5982.7,20983.8,15.6,44.5,1,0,0,
2026-05-12,14:39:35,maceta1,69.0,73.0,54.0,51.3,52.7,6104.9,19223.7,,,1,0,0,Lectura invalida de DHT
2026-05-12,14:39:35,maceta2,31.0,33.0,79.3,77.8,78.6,6040.4,19214.0,15.6,44.4,1,0,0,
2026-05-12,14:40:02,maceta1,69.0,73.0,53.9,51.1,52.5,6372.5,20045.0,,,1,0,0,Lectura invalida de DHT
2026-05-12,14:40:02,maceta2,31.0,33.0,79.1,77.7,78.4,6384.2,19458.6,15.6,44.3,1,0,0,
2026-05-12,14:40:28,maceta1,69.0,74.0,53.8,50.9,52.4,5884.1,21133.2,,,1,0,0,Lectura invalida de DHT
2026-05-12,14:40:28,maceta2,32.0,34.0,78.8,77.6,78.2,6454.8,20896.0,15.6,44.3,1,0,0,
2026-05-12,14:40:55,maceta1,70.0,74.0,53.6,50.8,52.2,6181.1,21140.4,,,1,0,0,Lectura invalida de DHT
2026-05-12,14:40:55,maceta2,32.0,34.0,78.6,77.4,78.0,5930.0,19055.0,,,1,0,0,Lectura invalida de DHT
2026-05-12,14:41:22,maceta1,70.0,74.0,53.5,50.6,52.1,5804.0,19248.1,,,1,0,0,Lectura invalida de DHT
2026-05-12,14:41:22,maceta2,32.0,34.0,78.5,77.2,77.9,6060.8,21042.2,,,1,0,0,Lectura invalida de DHT
2026-05-12,14:41:51,maceta1,70.0,74.0,53.4,50.5,52.0,6027.2,19226.8,,,1,0,0,Lectura invalida de DHT
2026-05-12,14:41:51,maceta2,32.0,34.0,78.5,77.0,77.7,6450.0,19034.9,,,1,0,0,Lectura invalida de DHT
2026-05-12,14:42:18,maceta1,70.0,74.0,53.3,50.4,51.8,6056.5,19656.7,,,1,0,0,Lectura invalida de DHT
2026-05-12,14:42:18,maceta2,33.0,35.0,78.3,76.9,77.6,5843.3,20642.8,15.6,44.3,1,0,0,
2026-05-12,14:42:45,maceta1,70.0,75.0,53.1,50.2,51.6,6077.3,21186.9,,,1,0,0,Lectura invalida de DHT
2026-05-12,14:42:45,maceta2,33.0,35.0,78.1,76.7,77.4,5864.7,19912.7,15.6,44.2,1,0,0,
2026-05-12,14:43:12,maceta1,71.0,75.0,53.0,50.0,51.5,6286.8,19322.3,,,1,0,0,Lectura invalida de DHT
2026-05-12,14:43:12,maceta2,33.0,35.0,77.9,76.5,77.2,5914.0,20528.7,15.6,44.2,1,0,0,
2026-05-12,14:43:39,maceta1,71.0,75.0,52.7,50.0,51.3,6072.0,20800.0,,,1,0,1,Lectura invalida de DHT
2026-05-12,14:43:39,maceta2,33.0,36.0,77.7,76.3,77.0,6216.6,20740.1,15.6,44.3,1,0,0,
2026-05-12,14:44:05,maceta1,28.0,25.0,81.6,83.6,82.6,6114.1,19252.9,,,1,0,0,Lectura invalida de DHT
2026-05-12,14:44:05,maceta2,34.0,36.0,77.6,76.1,76.8,5905.3,19856.2,15.6,44.4,1,0,0,
2026-05-12,14:44:32,maceta1,28.0,25.0,81.5,83.5,82.5,5966.3,20557.8,,,1,0,0,Lectura invalida de DHT
2026-05-12,14:44:32,maceta2,34.0,36.0,77.4,75.9,76.6,6477.7,19269.9,,,1,0,0,Lectura invalida de DHT
2026-05-12,14:44:59,maceta1,28.0,25.0,81.5,83.3,82.4,6061.3,19890.2,,,1,0,0,Lectura invalida de DHT
2026-05-12,14:44:59,maceta2,34.0,36.0,77.1,75.7,76.4,6112.7,19174.1,15.6,44.2,1,0,0,
2026-05-12,14:45:26,maceta1,28.0,25.0,81.4,83.2,82.3,5959.1,20972.3,,,1,0,0,Lectura invalida de DHT
2026-05-12,14:45:26,maceta2,35.0,37.0,77.0,75.5,76.2,6151.1,20472.3,15.6,44.2,1,0,0,
2026-05-12,14:45:53,maceta1,28.0,26.0,81.2,83.0,82.1,5851.2,19584.2,,,1,0,0,Lectura invalida de DHT
2026-05-12,14:45:53,maceta2,35.0,37.0,76.9,75.3,76.1,5972.7,20301.6,,,1,0,0,Lectura invalida de DHT
2026-05-12,14:46:19,maceta1,28.0,26.0,81.1,82.9,82.0,6222.4,20598.0,,,1,0,0,Lectura invalida de DHT
2026-05-12,14:46:19,maceta2,35.0,37.0,76.7,75.1,75.9,6129.7,20855.5,,,1,0,0,Lectura invalida de DHT
2026-05-12,14:46:46,maceta1,29.0,26.0,80.9,82.7,81.8,6267.7,19589.2,,,1,0,0,Lectura invalida de DHT
2026-05-12,14:46:46,maceta2,35.0,38.0,76.5,74.9,75.7,6263.3,20274.3,15.6,44.0,1,0,0,
2026-05-12,14:47:13,maceta1,29.0,26.0,80.7,82.6,81.7,6233.6,20784.2,,,1,0,0,Lectura invalida de DHT
2026-05-12,14:47:13,maceta2,35.0,38.0,76.4,74.8,75.6,6325.8,20056.1,,,1,0,0,Lectura invalida de DHT
2026-05-12,14:47:40,maceta1,29.0,26.0,80.6,82.4,81.5,6124.4,21184.2,,,1,0,0,Lectura invalida de DHT
2026-05-12,14:47:40,maceta2,36.0,38.0,76.2,74.6,75.4,6327.7,19995.2,15.6,44.1,1,0,0,
2026-05-12,14:48:06,maceta1,29.0,27.0,80.5,82.3,81.4,6065.9,19317.0,,,1,0,0,Lectura invalida de DHT
2026-05-12,14:48:06,maceta2,36.0,38.0,76.2,74.5,75.3,6204.5,19066.1,15.6,44.1,1,0,0,
2026-05-12,14:48:35,maceta1,29.0,27.0,80.4,82.2,81.3,6404.3,21166.5,,,1,0,0,Lectura invalida de DHT
2026-05-12,14:48:35,maceta2,36.0,39.0,76.1,74.3,75.2,6433.1,19838.9,15.6,44.1,1,0,0,
2026-05-12,14:49:02,maceta1,30.0,27.0,80.3,82.1,81.2,6163.4,20483.9,,,1,0,0,Lectura invalida de DHT
2026-05-12,14:49:02,maceta2,36.0,39.0,75.9,74.1,75.0,6372.2,21440.1,15.6,44.1,1,0,0,
2026-05-12,14:49:31,maceta1,30.0,27.0,80.2,81.9,81.0,6135.4,19317.8,,,1,0,0,Lectura invalida de DHT
2026-05-12,14:49:31,maceta2,36.0,39.0,75.7,73.9,74.8,6329.9,21183.9,15.6,43.9,1,0,0,
2026-05-12,14:49:58,maceta1,30.0,27.0,80.0,81.8,80.9,5817.9,20068.9,,,1,0,0,Lectura invalida de DHT
2026-05-12,14:49:58,maceta2,37.0,39.0,75.5,73.8,74.7,5838.9,19823.4,,,1,0,0,Lectura invalida de DHT
2026-05-12,14:50:25,maceta1,30.0,27.0,79.8,81.8,80.8,6038.9,19402.2,,,1,0,0,Lectura invalida de DHT
2026-05-12,14:50:25,maceta2,37.0,39.0,75.4,73.7,74.5,5804.8,20469.5,15.6,43.8,1,0,0,
2026-05-12,14:50:52,maceta1,31.0,28.0,79.6,81.6,80.6,6066.1,20750.9,,,1,0,0,Lectura invalida de DHT
2026-05-12,14:50:52,maceta2,37.0,40.0,75.3,73.6,74.4,5948.7,21118.2,15.6,43.9,1,0,0,
2026-05-12,14:51:19,maceta1,31.0,28.0,79.5,81.4,80.4,6079.2,20897.2,,,1,0,0,Lectura invalida de DHT
2026-05-12,14:51:19,maceta2,37.0,40.0,75.2,73.5,74.3,6264.5,20103.2,15.6,43.9,1,0,0,
2026-05-12,14:51:46,maceta1,31.0,28.0,79.4,81.2,80.3,6206.1,19264.5,,,1,0,0,Lectura invalida de DHT
2026-05-12,14:51:46,maceta2,37.0,40.0,75.1,73.3,74.2,6087.8,19044.9,15.6,44.0,1,0,0,
2026-05-12,14:52:13,maceta1,31.0,28.0,79.3,81.1,80.2,6173.5,20265.3,,,1,0,0,Lectura invalida de DHT
2026-05-12,14:52:13,maceta2,37.0,40.0,75.0,73.1,74.1,6081.7,19186.3,15.6,44.1,1,0,0,
2026-05-12,14:52:41,maceta1,31.0,29.0,79.1,80.9,80.0,6225.5,21036.6,,,1,0,0,Lectura invalida de DHT
2026-05-12,14:52:41,maceta2,38.0,41.0,75.0,73.0,74.0,6419.2,20276.0,15.6,44.0,1,0,0,
2026-05-12,14:53:16,maceta1,32.0,29.0,78.8,80.8,79.8,6335.4,21340.4,,,1,0,0,Lectura invalida de DHT
2026-05-12,14:53:16,maceta2,38.0,41.0,74.8,72.8,73.8,6426.9,21423.6,15.6,43.9,1,0,0,
2026-05-12,14:53:43,maceta1,32.0,29.0,78.7,80.8,79.7,6369.1,20283.8,,,1,0,0,Lectura invalida de DHT
2026-05-12,14:53:43,maceta2,38.0,41.0,74.6,72.7,73.6,6436.4,20733.0,,,1,0,0,Lectura invalida de DHT
2026-05-12,14:54:10,maceta1,32.0,29.0,78.5,80.7,79.6,6302.7,21375.7,,,1,0,0,Lectura invalida de DHT
2026-05-12,14:54:10,maceta2,38.0,41.0,74.5,72.6,73.5,6019.7,19177.3,15.6,43.7,1,0,0,
2026-05-12,14:54:36,maceta1,32.0,29.0,78.4,80.6,79.5,6468.9,20339.2,,,1,0,0,Lectura invalida de DHT
2026-05-12,14:54:36,maceta2,39.0,41.0,74.2,72.4,73.3,6283.7,19473.4,15.7,43.8,1,0,0,
2026-05-12,14:55:03,maceta1,33.0,29.0,78.2,80.5,79.4,5812.8,19985.5,,,1,0,0,Lectura invalida de DHT
2026-05-12,14:55:03,maceta2,39.0,42.0,74.2,72.3,73.2,5990.1,20928.3,15.7,43.9,1,0,0,
2026-05-12,14:55:30,maceta1,33.0,29.0,78.0,80.5,79.2,5937.0,21120.5,,,1,0,0,Lectura invalida de DHT
2026-05-12,14:55:30,maceta2,39.0,42.0,74.0,72.2,73.1,5933.4,21103.6,,,1,0,0,Lectura invalida de DHT
2026-05-12,14:55:57,maceta1,33.0,30.0,78.0,80.3,79.1,5805.3,20232.5,,,1,0,0,Lectura invalida de DHT
2026-05-12,14:55:57,maceta2,39.0,42.0,73.8,72.1,72.9,5929.2,20544.2,15.6,43.8,1,0,0,
2026-05-12,14:56:24,maceta1,33.0,30.0,77.7,80.3,79.0,6253.2,20179.8,,,1,0,0,Lectura invalida de DHT
2026-05-12,14:56:24,maceta2,40.0,42.0,73.7,71.9,72.8,6039.5,20611.1,15.7,43.9,1,0,0,
2026-05-12,14:56:50,maceta1,34.0,30.0,77.6,80.1,78.8,6428.6,20225.8,,,1,0,0,Lectura invalida de DHT
2026-05-12,14:56:50,maceta2,40.0,42.0,73.6,71.7,72.7,6101.0,19070.8,15.6,43.8,1,0,0,
2026-05-12,14:57:17,maceta1,34.0,30.0,77.5,79.9,78.7,5970.4,21117.0,,,1,0,0,Lectura invalida de DHT
2026-05-12,14:57:17,maceta2,40.0,43.0,73.4,71.6,72.5,6381.7,21071.3,15.7,43.8,1,0,0,
2026-05-12,14:57:44,maceta1,34.0,30.0,77.4,79.7,78.6,6448.9,21079.9,,,1,0,0,Lectura invalida de DHT
2026-05-12,14:57:44,maceta2,40.0,43.0,73.2,71.4,72.3,5883.9,20970.7,,,1,0,0,Lectura invalida de DHT
2026-05-12,14:58:11,maceta1,34.0,31.0,77.3,79.6,78.5,5842.2,20008.8,,,1,0,0,Lectura invalida de DHT
2026-05-12,14:58:11,maceta2,40.0,43.0,73.1,71.2,72.2,6314.4,19647.6,15.7,43.8,1,0,0,
2026-05-12,14:58:43,maceta1,34.0,31.0,77.1,79.4,78.3,6454.1,19833.2,,,1,0,0,Lectura invalida de DHT
2026-05-12,14:58:43,maceta2,40.0,43.0,73.0,71.1,72.0,6172.0,20771.7,15.7,43.6,1,0,0,
2026-05-12,14:59:10,maceta1,35.0,31.0,77.0,79.1,78.1,6046.1,20229.8,,,1,0,0,Lectura invalida de DHT
2026-05-12,14:59:10,maceta2,41.0,44.0,73.0,70.9,71.9,6001.6,19537.1,15.7,43.6,1,0,0,
2026-05-12,14:59:37,maceta1,35.0,31.0,76.9,79.0,78.0,5871.0,20431.9,,,1,0,0,Lectura invalida de DHT
2026-05-12,14:59:37,maceta2,41.0,44.0,72.9,70.8,71.8,6145.0,19100.8,15.7,43.6,1,0,0,
2026-05-12,15:00:03,maceta1,35.0,32.0,76.7,78.9,77.8,6140.1,19595.8,,,1,0,0,Lectura invalida de DHT
2026-05-12,15:00:03,maceta2,41.0,44.0,72.7,70.6,71.7,6010.0,19502.8,,,1,0,0,Lectura invalida de DHT
2026-05-12,15:00:30,maceta1,35.0,32.0,76.6,78.7,77.7,5979.7,20984.9,,,1,0,0,Lectura invalida de DHT
2026-05-12,15:00:30,maceta2,41.0,44.0,72.5,70.5,71.5,6217.3,19446.6,15.7,43.6,1,0,0,
2026-05-12,15:00:59,maceta1,35.0,32.0,76.5,78.5,77.5,5999.4,20216.2,,,1,0,0,Lectura invalida de DHT
2026-05-12,15:00:59,maceta2,42.0,45.0,72.3,70.3,71.3,6103.7,19844.4,15.7,43.6,1,0,0,
2026-05-12,15:01:26,maceta1,36.0,32.0,76.3,78.3,77.3,6015.1,19835.1,,,1,0,0,Lectura invalida de DHT
2026-05-12,15:01:26,maceta2,42.0,45.0,72.2,70.2,71.2,5915.1,20046.1,,,1,0,0,Lectura invalida de DHT
2026-05-12,15:01:53,maceta1,36.0,33.0,76.3,78.2,77.2,6362.1,19267.1,,,1,0,0,Lectura invalida de DHT
2026-05-12,15:01:53,maceta2,42.0,45.0,72.1,70.1,71.1,5881.6,20271.3,15.7,43.5,1,0,0,
2026-05-12,15:02:19,maceta1,36.0,33.0,76.1,78.1,77.1,6177.4,19597.1,,,1,0,0,Lectura invalida de DHT
2026-05-12,15:02:19,maceta2,42.0,45.0,72.0,69.9,70.9,6182.7,20191.9,15.7,43.5,1,0,0,
2026-05-12,15:02:46,maceta1,36.0,33.0,75.9,77.8,76.9,6017.9,21373.2,,,1,0,0,Lectura invalida de DHT
2026-05-12,15:02:46,maceta2,42.0,46.0,71.8,69.7,70.7,6431.7,19676.7,15.7,43.5,1,0,0,
2026-05-12,15:03:13,maceta1,36.0,33.0,75.8,77.7,76.8,6227.2,19762.7,,,1,0,0,Lectura invalida de DHT
2026-05-12,15:03:13,maceta2,43.0,46.0,71.5,69.5,70.5,6040.8,19072.9,15.7,43.6,1,0,0,
2026-05-12,15:03:40,maceta1,36.0,34.0,75.7,77.6,76.6,6301.3,19422.1,,,1,0,0,Lectura invalida de DHT
2026-05-12,15:03:40,maceta2,43.0,46.0,71.4,69.4,70.4,6313.1,20512.8,15.7,43.5,1,0,0,
2026-05-12,15:04:07,maceta1,37.0,34.0,75.5,77.4,76.4,5990.8,20151.7,,,1,0,0,Lectura invalida de DHT
2026-05-12,15:04:07,maceta2,43.0,46.0,71.2,69.2,70.2,6261.1,19989.4,15.7,43.4,1,0,0,
2026-05-12,15:04:33,maceta1,37.0,34.0,75.4,77.2,76.3,6089.5,19767.7,,,1,0,0,Lectura invalida de DHT
2026-05-12,15:04:33,maceta2,43.0,46.0,71.0,69.1,70.1,6452.1,19746.7,,,1,0,0,Lectura invalida de DHT
2026-05-12,15:05:00,maceta1,37.0,34.0,75.2,77.0,76.1,5885.3,19087.9,,,1,0,0,Lectura invalida de DHT
2026-05-12,15:05:00,maceta2,44.0,46.0,70.9,69.0,70.0,6374.7,21167.4,,,1,0,0,Lectura invalida de DHT
2026-05-12,15:05:27,maceta1,37.0,35.0,75.1,76.9,76.0,5926.8,19807.9,,,1,0,0,Lectura invalida de DHT
2026-05-12,15:05:27,maceta2,44.0,47.0,70.8,68.8,69.8,6196.6,20866.9,,,1,0,0,Lectura invalida de DHT
2026-05-12,15:05:54,maceta1,38.0,35.0,75.0,76.8,75.9,6276.8,20360.3,,,1,0,0,Lectura invalida de DHT
2026-05-12,15:05:54,maceta2,44.0,47.0,70.7,68.5,69.6,6259.9,21144.4,15.7,43.4,1,0,0,
2026-05-12,15:06:21,maceta1,38.0,35.0,74.8,76.6,75.7,5927.0,20379.3,,,1,0,0,Lectura invalida de DHT
2026-05-12,15:06:21,maceta2,44.0,48.0,70.7,68.3,69.5,6428.9,20237.5,15.7,43.5,1,0,0,
2026-05-12,15:06:47,maceta1,38.0,36.0,74.7,76.3,75.5,6167.6,19891.4,,,1,0,0,Lectura invalida de DHT
2026-05-12,15:06:47,maceta2,44.0,48.0,70.5,68.1,69.3,6079.7,19327.3,15.7,43.5,1,0,0,
2026-05-12,15:07:14,maceta1,38.0,36.0,74.6,76.1,75.4,6296.3,20118.3,,,1,0,0,Lectura invalida de DHT
2026-05-12,15:07:14,maceta2,44.0,48.0,70.4,67.9,69.2,6028.8,20740.6,15.7,43.4,1,0,0,
2026-05-12,15:07:41,maceta1,38.0,36.0,74.5,76.0,75.3,5874.8,21413.8,,,1,0,0,Lectura invalida de DHT
2026-05-12,15:07:41,maceta2,45.0,48.0,70.2,67.8,69.0,5807.6,19515.2,15.7,43.4,1,0,0,
2026-05-12,15:08:08,maceta1,38.0,36.0,74.4,75.9,75.1,6197.1,19943.4,,,1,0,0,Lectura invalida de DHT
2026-05-12,15:08:08,maceta2,45.0,48.0,70.1,67.7,68.9,6378.6,20103.1,15.7,43.4,1,0,0,
2026-05-12,15:08:35,maceta1,39.0,36.0,74.2,75.7,74.9,5979.6,19645.6,,,1,0,0,Lectura invalida de DHT
2026-05-12,15:08:35,maceta2,45.0,49.0,70.0,67.7,68.9,6360.7,19162.5,15.7,43.3,1,0,0,
2026-05-12,15:09:01,maceta1,39.0,37.0,74.0,75.4,74.7,6474.0,19608.7,,,1,0,0,Lectura invalida de DHT
2026-05-12,15:09:01,maceta2,45.0,49.0,69.9,67.6,68.7,5873.1,21063.3,15.7,43.4,1,0,0,
2026-05-12,15:09:28,maceta1,39.0,37.0,73.9,75.4,74.6,6138.5,20144.4,,,1,0,0,Lectura invalida de DHT
2026-05-12,15:09:28,maceta2,45.0,49.0,69.7,67.3,68.5,6203.8,19314.9,,,1,0,0,Lectura invalida de DHT
2026-05-12,15:09:55,maceta1,39.0,37.0,73.8,75.2,74.5,6364.2,20898.8,,,1,0,0,Lectura invalida de DHT
2026-05-12,15:09:55,maceta2,46.0,49.0,69.5,67.3,68.4,6124.8,21257.7,15.7,43.4,1,0,0,
2026-05-12,15:10:22,maceta1,40.0,37.0,73.6,75.2,74.4,6185.2,19515.0,,,1,0,0,Lectura invalida de DHT
2026-05-12,15:10:22,maceta2,46.0,49.0,69.3,67.1,68.2,5883.1,21160.6,15.7,43.4,1,0,0,
2026-05-12,15:10:49,maceta1,40.0,37.0,73.5,75.1,74.3,5830.4,20773.2,,,1,0,0,Lectura invalida de DHT
2026-05-12,15:10:49,maceta2,46.0,49.0,69.2,67.0,68.1,6486.4,20161.5,,,1,0,0,Lectura invalida de DHT
2026-05-12,15:11:15,maceta1,40.0,38.0,73.3,75.0,74.2,6243.2,19052.9,,,1,0,0,Lectura invalida de DHT
2026-05-12,15:11:15,maceta2,47.0,50.0,69.0,66.8,67.9,5950.3,20860.9,15.7,43.2,1,0,0,
2026-05-12,15:11:42,maceta1,40.0,38.0,73.3,74.8,74.0,6466.0,20047.3,,,1,0,0,Lectura invalida de DHT
2026-05-12,15:11:42,maceta2,47.0,50.0,68.9,66.7,67.8,5847.1,20548.6,15.7,43.3,1,0,0,
2026-05-12,15:12:09,maceta1,40.0,38.0,73.1,74.7,73.9,6221.1,20939.7,,,1,0,0,Lectura invalida de DHT
2026-05-12,15:12:09,maceta2,47.0,50.0,68.8,66.4,67.6,6216.4,21007.7,,,1,0,0,Lectura invalida de DHT
2026-05-12,15:12:36,maceta1,41.0,38.0,72.9,74.6,73.8,6373.4,19846.8,,,1,0,0,Lectura invalida de DHT
2026-05-12,15:12:36,maceta2,47.0,51.0,68.5,66.3,67.4,6317.2,20079.5,15.7,43.2,1,0,0,
2026-05-12,15:13:03,maceta1,41.0,38.0,72.7,74.5,73.6,6418.9,20409.3,,,1,0,0,Lectura invalida de DHT
2026-05-12,15:13:03,maceta2,47.0,51.0,68.4,66.2,67.3,5822.7,20964.5,,,1,0,0,Lectura invalida de DHT
2026-05-12,15:13:29,maceta1,41.0,39.0,72.4,74.3,73.3,5959.7,19512.4,,,1,0,0,Lectura invalida de DHT
2026-05-12,15:13:29,maceta2,48.0,51.0,68.3,66.1,67.2,6261.1,20156.1,15.7,43.2,1,0,0,
2026-05-12,15:13:56,maceta1,42.0,39.0,72.2,74.2,73.2,5948.4,20855.0,,,1,0,0,Lectura invalida de DHT
2026-05-12,15:13:56,maceta2,48.0,51.0,68.1,65.9,67.0,6172.6,21352.4,,,1,0,0,Lectura invalida de DHT
2026-05-12,15:14:23,maceta1,42.0,39.0,72.0,74.2,73.1,6227.7,19130.7,,,1,0,0,Lectura invalida de DHT
2026-05-12,15:14:23,maceta2,48.0,51.0,67.9,65.8,66.9,5872.3,20215.9,15.8,43.2,1,0,0,
2026-05-12,15:14:50,maceta1,42.0,39.0,71.8,73.9,72.9,6087.7,21131.4,,,1,0,0,Lectura invalida de DHT
2026-05-12,15:14:50,maceta2,48.0,52.0,67.7,65.6,66.7,5920.8,20156.5,15.7,43.2,1,0,0,
2026-05-12,15:15:16,maceta1,43.0,39.0,71.6,73.8,72.7,6387.9,19495.5,,,1,0,0,Lectura invalida de DHT
2026-05-12,15:15:16,maceta2,49.0,52.0,67.6,65.4,66.5,6197.6,20962.7,15.7,43.2,1,0,0,
2026-05-12,15:15:43,maceta1,43.0,40.0,71.4,73.6,72.5,6430.0,21186.0,,,1,0,0,Lectura invalida de DHT
2026-05-12,15:15:43,maceta2,49.0,52.0,67.4,65.4,66.4,6007.5,21053.9,15.7,43.2,1,0,0,
2026-05-12,15:16:10,maceta1,43.0,40.0,71.3,73.5,72.4,6047.4,19881.3,,,1,0,0,Lectura invalida de DHT
2026-05-12,15:16:10,maceta2,49.0,52.0,67.3,65.3,66.3,6456.8,20386.2,15.8,43.2,1,0,0,
2026-05-12,15:16:37,maceta1,43.0,40.0,71.1,73.2,72.2,5965.8,20806.7,,,1,0,0,Lectura invalida de DHT
2026-05-12,15:16:37,maceta2,49.0,52.0,67.3,65.1,66.2,6373.1,19449.5,,,1,0,0,Lectura invalida de DHT
2026-05-12,15:17:04,maceta1,44.0,40.0,70.9,73.0,72.0,6346.4,19798.1,,,1,0,0,Lectura invalida de DHT
2026-05-12,15:17:04,maceta2,49.0,52.0,67.2,65.0,66.1,6488.5,20169.4,15.7,43.1,1,0,0,
2026-05-12,15:17:30,maceta1,44.0,41.0,70.7,72.9,71.8,5992.4,21264.8,,,1,0,0,Lectura invalida de DHT
2026-05-12,15:17:30,maceta2,50.0,53.0,66.9,64.8,65.9,5981.8,21420.2,,,1,0,0,Lectura invalida de DHT
2026-05-12,15:17:57,maceta1,44.0,41.0,70.6,72.7,71.6,6375.8,19316.6,,,1,0,0,Lectura invalida de DHT
2026-05-12,15:17:57,maceta2,50.0,53.0,66.8,64.7,65.8,6478.8,20882.5,15.8,43.0,1,0,0,
2026-05-12,15:18:24,maceta1,44.0,41.0,70.5,72.6,71.5,6096.6,19446.3,,,1,0,0,Lectura invalida de DHT
2026-05-12,15:18:24,maceta2,50.0,53.0,66.7,64.6,65.7,6101.9,21027.9,,,1,0,0,Lectura invalida de DHT
2026-05-12,15:18:51,maceta1,44.0,41.0,70.3,72.4,71.4,6267.3,20232.6,,,1,0,0,Lectura invalida de DHT
2026-05-12,15:18:51,maceta2,50.0,53.0,66.5,64.5,65.5,6043.3,19082.1,15.8,43.1,1,0,0,
2026-05-12,15:19:17,maceta1,45.0,42.0,70.3,72.2,71.2,5866.9,19204.8,,,1,0,0,Lectura invalida de DHT
2026-05-12,15:19:17,maceta2,51.0,54.0,66.3,64.3,65.3,5835.2,20169.6,15.8,43.2,1,0,0,
2026-05-12,15:19:44,maceta1,45.0,42.0,70.1,72.0,71.0,6236.7,19490.0,,,1,0,0,Lectura invalida de DHT
2026-05-12,15:19:44,maceta2,51.0,54.0,66.2,64.1,65.1,5836.9,20616.6,15.8,43.2,1,0,0,
2026-05-12,15:20:11,maceta1,45.0,42.0,69.9,71.8,70.9,6116.2,21359.4,,,1,0,0,Lectura invalida de DHT
2026-05-12,15:20:11,maceta2,51.0,54.0,66.0,63.9,64.9,6284.4,21075.1,15.8,43.1,1,0,0,
2026-05-12,15:20:38,maceta1,45.0,42.0,69.8,71.7,70.8,6210.6,21441.2,,,1,0,0,Lectura invalida de DHT
2026-05-12,15:20:38,maceta2,51.0,54.0,65.8,63.7,64.7,6120.6,19123.2,15.8,43.0,1,0,0,
2026-05-12,15:21:05,maceta1,46.0,43.0,69.5,71.6,70.6,5917.6,19940.6,,,1,0,0,Lectura invalida de DHT
2026-05-12,15:21:05,maceta2,52.0,55.0,65.6,63.5,64.6,5958.6,21131.1,15.8,43.0,1,0,0,
2026-05-12,15:21:31,maceta1,46.0,43.0,69.3,71.5,70.4,6315.8,21308.2,,,1,0,0,Lectura invalida de DHT
2026-05-12,15:21:31,maceta2,52.0,55.0,65.4,63.3,64.4,6229.8,20371.0,15.8,43.0,1,0,0,
2026-05-12,15:21:58,maceta1,46.0,43.0,69.3,71.2,70.2,6404.0,20362.1,,,1,0,0,Lectura invalida de DHT
2026-05-12,15:21:58,maceta2,52.0,55.0,65.2,63.1,64.2,5977.0,19493.3,15.8,43.0,1,0,0,
2026-05-12,15:22:25,maceta1,46.0,43.0,69.1,71.1,70.1,5951.7,19674.4,,,1,0,0,Lectura invalida de DHT
2026-05-12,15:22:25,maceta2,52.0,56.0,65.0,62.9,64.0,6204.3,19793.1,15.8,43.1,1,0,0,
2026-05-12,15:22:52,maceta1,47.0,44.0,68.8,70.9,69.9,5867.0,20756.0,,,1,0,0,Lectura invalida de DHT
2026-05-12,15:22:52,maceta2,53.0,56.0,65.0,62.7,63.8,6051.4,19704.8,15.8,43.0,1,0,0,
2026-05-12,15:23:19,maceta1,47.0,44.0,68.7,70.8,69.7,5816.5,20647.3,,,1,0,0,Lectura invalida de DHT
2026-05-12,15:23:19,maceta2,53.0,56.0,64.8,62.5,63.6,6376.5,20327.1,15.8,43.0,1,0,0,
2026-05-12,15:23:45,maceta1,47.0,44.0,68.6,70.6,69.6,6249.4,21472.8,,,1,0,0,Lectura invalida de DHT
2026-05-12,15:23:45,maceta2,53.0,56.0,64.6,62.5,63.5,6374.5,19129.2,15.8,43.1,1,0,0,
2026-05-12,15:24:12,maceta1,47.0,44.0,68.5,70.4,69.5,6225.0,19662.6,,,1,0,0,Lectura invalida de DHT
2026-05-12,15:24:12,maceta2,53.0,57.0,64.4,62.3,63.3,6134.1,19396.3,15.8,43.1,1,0,0,
2026-05-12,15:24:39,maceta1,47.0,45.0,68.4,70.2,69.3,6182.7,20680.1,,,1,0,0,Lectura invalida de DHT
2026-05-12,15:24:39,maceta2,54.0,57.0,64.2,62.2,63.2,6045.6,21031.7,15.8,43.1,1,0,0,
2026-05-12,15:25:06,maceta1,48.0,45.0,68.2,70.1,69.1,5962.4,19130.1,,,1,0,0,Lectura invalida de DHT
2026-05-12,15:25:06,maceta2,54.0,57.0,64.0,62.0,63.0,6053.8,19331.5,15.8,43.0,1,0,0,
2026-05-12,15:25:32,maceta1,48.0,45.0,68.0,70.0,69.0,6073.6,19284.1,,,1,0,0,Lectura invalida de DHT
2026-05-12,15:25:32,maceta2,54.0,57.0,63.8,61.8,62.8,6364.0,19583.5,15.8,43.1,1,0,0,
2026-05-12,15:25:59,maceta1,48.0,45.0,67.8,69.9,68.8,6216.1,19009.8,,,1,0,0,Lectura invalida de DHT
2026-05-12,15:25:59,maceta2,54.0,58.0,63.8,61.6,62.7,6029.7,20133.4,,,1,0,0,Lectura invalida de DHT
2026-05-12,15:26:26,maceta1,49.0,46.0,67.6,69.6,68.6,6147.7,21498.7,,,1,0,0,Lectura invalida de DHT
2026-05-12,15:26:26,maceta2,55.0,58.0,63.6,61.4,62.5,5946.3,20292.8,15.8,43.0,1,0,0,
2026-05-12,15:26:53,maceta1,49.0,46.0,67.4,69.4,68.4,6491.4,21005.7,,,1,0,0,Lectura invalida de DHT
2026-05-12,15:26:53,maceta2,55.0,58.0,63.4,61.3,62.3,5859.3,20909.0,15.8,43.0,1,0,0,
2026-05-12,15:27:19,maceta1,49.0,46.0,67.2,69.2,68.2,5895.5,20966.8,,,1,0,0,Lectura invalida de DHT
2026-05-12,15:27:19,maceta2,55.0,58.0,63.1,61.1,62.1,6126.7,20118.3,,,1,0,0,Lectura invalida de DHT
2026-05-12,15:27:46,maceta1,49.0,46.0,67.1,69.1,68.1,6286.6,20274.3,,,1,0,0,Lectura invalida de DHT
2026-05-12,15:27:46,maceta2,56.0,59.0,62.9,60.8,61.9,6137.5,20974.7,,,1,0,0,Lectura invalida de DHT
2026-05-12,15:28:13,maceta1,50.0,47.0,66.9,68.9,67.9,6083.0,19750.2,,,1,0,0,Lectura invalida de DHT
2026-05-12,15:28:13,maceta2,56.0,59.0,62.7,60.6,61.7,6388.6,20545.9,15.8,43.0,1,0,0,
2026-05-12,15:28:40,maceta1,50.0,47.0,66.8,68.8,67.8,6099.7,19378.2,,,1,0,0,Lectura invalida de DHT
2026-05-12,15:28:40,maceta2,56.0,59.0,62.6,60.5,61.5,5954.9,19282.7,,,1,0,0,Lectura invalida de DHT
2026-05-12,15:29:07,maceta1,50.0,47.0,66.7,68.7,67.7,6302.3,19711.7,,,1,0,0,Lectura invalida de DHT
2026-05-12,15:29:07,maceta2,56.0,59.0,62.4,60.4,61.4,6066.7,19390.8,15.8,43.1,1,0,0,
2026-05-12,15:29:34,maceta1,50.0,47.0,66.6,68.6,67.6,6284.7,19939.9,,,1,0,0,Lectura invalida de DHT
2026-05-12,15:29:34,maceta2,57.0,60.0,62.3,60.2,61.2,6365.9,20092.6,15.8,43.0,1,0,0,
2026-05-12,15:30:02,maceta1,50.0,47.0,66.5,68.4,67.4,6493.9,20890.8,,,1,0,0,Lectura invalida de DHT
2026-05-12,15:30:02,maceta2,57.0,60.0,62.2,60.0,61.1,6376.5,19992.2,,,1,0,0,Lectura invalida de DHT
2026-05-12,15:30:29,maceta1,51.0,48.0,66.3,68.3,67.3,5889.9,20349.2,,,1,0,0,Lectura invalida de DHT
2026-05-12,15:30:29,maceta2,57.0,60.0,62.0,59.8,60.9,6069.2,20858.9,,,1,0,0,Lectura invalida de DHT
2026-05-12,15:30:56,maceta1,51.0,48.0,66.1,68.1,67.1,5872.9,19193.7,,,1,0,0,Lectura invalida de DHT
2026-05-12,15:30:56,maceta2,57.0,60.0,61.9,59.7,60.8,6121.4,20451.8,,,1,0,0,Lectura invalida de DHT
2026-05-12,15:31:22,maceta1,51.0,48.0,65.9,67.9,66.9,6307.0,19045.1,,,1,0,0,Lectura invalida de DHT
2026-05-12,15:31:22,maceta2,58.0,61.0,61.7,59.6,60.6,6012.3,19970.3,15.8,43.0,1,0,0,
2026-05-12,15:31:50,maceta1,51.0,48.0,65.8,67.9,66.8,6204.9,19255.8,,,1,0,0,Lectura invalida de DHT
2026-05-12,15:31:50,maceta2,58.0,61.0,61.5,59.4,60.5,6452.8,19426.9,,,1,0,0,Lectura invalida de DHT
2026-05-12,15:32:17,maceta1,52.0,48.0,65.7,67.7,66.7,5991.9,20026.2,,,1,0,0,Lectura invalida de DHT
2026-05-12,15:32:17,maceta2,58.0,61.0,61.3,59.3,60.3,5883.1,19567.1,15.8,43.0,1,0,0,
2026-05-12,15:32:44,maceta1,52.0,49.0,65.5,67.5,66.5,5855.6,21333.0,,,1,0,0,Lectura invalida de DHT
2026-05-12,15:32:44,maceta2,58.0,61.0,61.2,59.2,60.2,6453.6,20438.8,15.8,42.9,1,0,0,
2026-05-12,15:33:10,maceta1,52.0,49.0,65.4,67.3,66.3,5860.0,20593.5,,,1,0,0,Lectura invalida de DHT
2026-05-12,15:33:10,maceta2,58.0,62.0,61.1,59.0,60.0,6278.7,20058.6,15.8,42.9,1,0,0,
2026-05-12,15:33:38,maceta1,52.0,49.0,65.2,67.1,66.1,6425.9,21004.6,,,1,0,0,Lectura invalida de DHT
2026-05-12,15:33:38,maceta2,59.0,62.0,60.9,58.9,59.9,6172.1,20287.3,15.8,42.9,1,0,0,
2026-05-12,15:34:05,maceta1,52.0,50.0,65.1,66.8,66.0,5934.3,20165.9,,,1,0,0,Lectura invalida de DHT
2026-05-12,15:34:05,maceta2,59.0,62.0,60.9,58.7,59.8,5822.9,19426.7,,,1,0,0,Lectura invalida de DHT
2026-05-12,15:34:31,maceta1,53.0,50.0,64.9,66.7,65.8,6026.4,19904.2,,,1,0,0,Lectura invalida de DHT
2026-05-12,15:34:31,maceta2,59.0,62.0,60.7,58.6,59.7,6132.9,20657.3,,,1,0,0,Lectura invalida de DHT
2026-05-12,15:34:58,maceta1,53.0,50.0,64.7,66.6,65.6,5958.7,19271.0,,,1,0,0,Lectura invalida de DHT
2026-05-12,15:34:58,maceta2,59.0,62.0,60.6,58.5,59.5,6085.4,21131.3,15.8,42.8,1,0,0,
2026-05-12,15:35:25,maceta1,53.0,50.0,64.5,66.5,65.5,6048.5,21189.8,,,1,0,0,Lectura invalida de DHT
2026-05-12,15:35:25,maceta2,59.0,62.0,60.4,58.4,59.4,5912.9,19644.8,,,1,0,0,Lectura invalida de DHT
2026-05-12,15:35:52,maceta1,54.0,50.0,64.3,66.4,65.3,5848.6,20957.9,,,1,0,0,Lectura invalida de DHT
2026-05-12,15:35:52,maceta2,60.0,62.0,60.2,58.3,59.2,6259.5,20228.8,15.8,42.7,1,0,0,
2026-05-12,15:36:20,maceta1,54.0,51.0,64.2,66.2,65.2,6163.3,19420.3,,,1,0,0,Lectura invalida de DHT
2026-05-12,15:36:20,maceta2,60.0,63.0,60.0,58.1,59.1,6479.8,21438.8,15.8,42.8,1,0,0,
2026-05-12,15:36:48,maceta1,54.0,51.0,63.9,66.1,65.0,5847.3,20280.7,,,1,0,0,Lectura invalida de DHT
2026-05-12,15:36:48,maceta2,60.0,63.0,59.9,57.9,58.9,6193.5,19833.1,15.8,42.7,1,0,0,
2026-05-12,15:37:15,maceta1,54.0,51.0,63.7,65.9,64.8,6360.2,20218.4,,,1,0,0,Lectura invalida de DHT
2026-05-12,15:37:15,maceta2,60.0,63.0,59.8,57.8,58.8,6300.3,20487.6,,,1,0,0,Lectura invalida de DHT
2026-05-12,15:37:42,maceta1,55.0,51.0,63.6,65.8,64.7,5963.6,20562.7,,,1,0,0,Lectura invalida de DHT
2026-05-12,15:37:42,maceta2,61.0,64.0,59.6,57.6,58.6,5847.9,19225.5,15.8,42.7,1,0,0,
2026-05-12,15:38:08,maceta1,55.0,51.0,63.4,65.8,64.6,6178.0,21365.5,,,1,0,0,Lectura invalida de DHT
2026-05-12,15:38:08,maceta2,61.0,64.0,59.5,57.4,58.5,6092.4,20515.0,,,1,0,0,Lectura invalida de DHT
2026-05-12,15:38:35,maceta1,55.0,51.0,63.3,65.7,64.5,6416.1,20449.4,,,1,0,0,Lectura invalida de DHT
2026-05-12,15:38:35,maceta2,61.0,64.0,59.3,57.3,58.3,5881.5,19224.1,,,1,0,0,Lectura invalida de DHT
2026-05-12,15:39:02,maceta1,55.0,52.0,63.1,65.5,64.3,6255.6,20350.5,,,1,0,0,Lectura invalida de DHT
2026-05-12,15:39:02,maceta2,61.0,64.0,59.1,57.2,58.2,6229.0,21398.1,15.8,42.7,1,0,0,
2026-05-12,15:39:29,maceta1,56.0,52.0,63.0,65.4,64.2,6173.1,19125.8,,,1,0,0,Lectura invalida de DHT
2026-05-12,15:39:29,maceta2,61.0,64.0,59.0,57.1,58.0,6456.9,20789.2,15.8,42.6,1,0,0,
2026-05-12,15:39:56,maceta1,56.0,52.0,62.9,65.3,64.1,6027.0,19157.3,,,1,0,0,Lectura invalida de DHT
2026-05-12,15:39:56,maceta2,62.0,65.0,58.8,56.9,57.9,6263.2,20970.4,15.8,42.7,1,0,0,
2026-05-12,15:40:22,maceta1,56.0,52.0,62.8,65.1,64.0,6033.1,19468.4,,,1,0,0,Lectura invalida de DHT
2026-05-12,15:40:22,maceta2,62.0,65.0,58.6,56.8,57.7,5853.8,20760.3,15.8,42.6,1,0,0,
2026-05-12,15:40:49,maceta1,56.0,52.0,62.6,65.1,63.8,6268.6,19081.2,,,1,0,0,Lectura invalida de DHT
2026-05-12,15:40:49,maceta2,62.0,65.0,58.5,56.7,57.6,6048.3,20474.3,15.8,42.6,1,0,0,
2026-05-12,15:41:16,maceta1,56.0,53.0,62.5,64.9,63.7,6495.9,20858.4,,,1,0,0,Lectura invalida de DHT
2026-05-12,15:41:16,maceta2,63.0,65.0,58.3,56.5,57.4,6185.5,20124.8,15.8,42.7,1,0,0,
2026-05-12,15:41:43,maceta1,56.0,53.0,62.4,64.8,63.6,6263.3,20808.3,,,1,0,0,Lectura invalida de DHT
2026-05-12,15:41:43,maceta2,63.0,66.0,58.2,56.3,57.2,6082.2,21145.9,15.8,42.7,1,0,0,
2026-05-12,15:42:09,maceta1,57.0,53.0,62.3,64.6,63.4,6190.4,19340.1,,,1,0,0,Lectura invalida de DHT
2026-05-12,15:42:09,maceta2,63.0,66.0,58.1,56.1,57.1,6383.6,21392.1,15.8,42.7,1,0,0,
2026-05-12,15:42:36,maceta1,57.0,53.0,62.1,64.5,63.3,6311.5,21090.2,,,1,0,0,Lectura invalida de DHT
2026-05-12,15:42:36,maceta2,63.0,66.0,57.9,55.9,56.9,6370.3,20247.6,,,1,0,0,Lectura invalida de DHT
2026-05-12,15:43:03,maceta1,57.0,53.0,61.9,64.4,63.1,6125.6,19387.0,,,1,0,0,Lectura invalida de DHT
2026-05-12,15:43:03,maceta2,63.0,66.0,57.7,55.7,56.7,6228.3,21328.8,,,1,0,0,Lectura invalida de DHT
2026-05-12,15:43:30,maceta1,57.0,54.0,61.8,64.2,63.0,5842.1,19752.9,,,1,0,0,Lectura invalida de DHT
2026-05-12,15:43:30,maceta2,64.0,67.0,57.6,55.6,56.6,6061.4,20458.3,15.8,42.6,1,0,0,
2026-05-12,15:43:57,maceta1,58.0,54.0,61.6,64.0,62.8,6193.6,19622.4,,,1,0,0,Lectura invalida de DHT
2026-05-12,15:43:57,maceta2,64.0,67.0,57.5,55.5,56.5,5978.7,20346.0,15.8,42.7,1,0,0,
2026-05-12,15:44:23,maceta1,58.0,54.0,61.4,63.8,62.6,6470.3,19930.8,,,1,0,0,Lectura invalida de DHT
2026-05-12,15:44:23,maceta2,64.0,67.0,57.2,55.5,56.3,5874.1,20136.2,15.8,42.7,1,0,0,
2026-05-12,15:44:50,maceta1,58.0,55.0,61.2,63.7,62.4,5922.7,19636.7,,,1,0,0,Lectura invalida de DHT
2026-05-12,15:44:50,maceta2,64.0,67.0,57.0,55.3,56.2,6048.4,19523.2,15.8,42.7,1,0,0,
2026-05-12,15:45:18,maceta1,59.0,55.0,61.0,63.6,62.3,6283.0,20222.4,,,1,0,0,Lectura invalida de DHT
2026-05-12,15:45:18,maceta2,65.0,67.0,56.8,55.1,56.0,6089.2,19009.3,15.8,42.7,1,0,0,
2026-05-12,15:45:45,maceta1,59.0,55.0,60.8,63.5,62.2,5940.7,20018.5,,,1,0,0,Lectura invalida de DHT
2026-05-12,15:45:45,maceta2,65.0,67.0,56.6,55.0,55.8,6273.1,19603.8,,,1,0,0,Lectura invalida de DHT
2026-05-12,15:46:12,maceta1,59.0,55.0,60.7,63.4,62.1,6175.1,21466.4,,,1,0,0,Lectura invalida de DHT
2026-05-12,15:46:12,maceta2,65.0,68.0,56.4,54.9,55.7,6260.7,20274.3,15.8,42.6,1,0,0,
2026-05-12,15:46:39,maceta1,59.0,55.0,60.5,63.2,61.9,5867.7,19139.8,,,1,0,0,Lectura invalida de DHT
2026-05-12,15:46:39,maceta2,66.0,68.0,56.2,54.8,55.5,5849.1,19949.9,15.8,42.7,1,0,0,
2026-05-12,15:47:05,maceta1,59.0,55.0,60.4,63.1,61.7,6115.3,19355.5,,,1,0,0,Lectura invalida de DHT
2026-05-12,15:47:05,maceta2,66.0,68.0,56.1,54.7,55.4,6076.7,20121.2,15.8,42.6,1,0,0,
2026-05-12,15:47:32,maceta1,60.0,56.0,60.2,63.0,61.6,6329.3,19132.1,,,1,0,0,Lectura invalida de DHT
2026-05-12,15:47:32,maceta2,66.0,68.0,55.9,54.5,55.2,5927.2,21451.6,15.8,42.6,1,0,0,
2026-05-12,15:47:59,maceta1,60.0,56.0,60.1,62.9,61.5,6043.3,20564.6,,,1,0,0,Lectura invalida de DHT
2026-05-12,15:47:59,maceta2,66.0,68.0,55.8,54.4,55.1,5909.8,19875.7,15.8,42.6,1,0,0,
2026-05-12,15:48:26,maceta1,60.0,56.0,59.9,62.8,61.3,6265.4,19136.3,,,1,0,0,Lectura invalida de DHT
2026-05-12,15:48:26,maceta2,66.0,69.0,55.7,54.2,54.9,6379.1,20130.5,,,1,0,0,Lectura invalida de DHT
2026-05-12,15:48:52,maceta1,60.0,56.0,59.8,62.6,61.2,6356.8,21091.1,,,1,0,0,Lectura invalida de DHT
2026-05-12,15:48:52,maceta2,67.0,69.0,55.5,54.1,54.8,5829.3,19333.8,15.8,42.6,1,0,0,
2026-05-12,15:49:19,maceta1,60.0,56.0,59.7,62.5,61.1,6449.0,20279.8,,,1,0,0,Lectura invalida de DHT
2026-05-12,15:49:19,maceta2,67.0,69.0,55.3,54.0,54.6,6093.4,19119.9,15.8,42.6,1,0,0,
2026-05-12,15:49:46,maceta1,61.0,57.0,59.6,62.3,61.0,5964.2,20317.5,,,1,0,0,Lectura invalida de DHT
2026-05-12,15:49:46,maceta2,67.0,69.0,55.1,53.9,54.5,5917.7,20938.5,15.8,42.6,1,0,0,
2026-05-12,15:50:13,maceta1,61.0,57.0,59.4,62.1,60.8,6079.5,20404.0,,,1,0,0,Lectura invalida de DHT
2026-05-12,15:50:13,maceta2,68.0,69.0,54.9,53.7,54.3,6415.5,20426.7,15.8,42.6,1,0,0,
2026-05-12,15:50:39,maceta1,61.0,57.0,59.2,62.0,60.6,5906.7,19427.0,,,1,0,0,Lectura invalida de DHT
2026-05-12,15:50:39,maceta2,68.0,70.0,54.8,53.6,54.2,6189.9,20901.8,15.8,42.6,1,0,0,
2026-05-12,15:51:06,maceta1,61.0,57.0,59.0,61.9,60.5,6494.7,19494.2,,,1,0,0,Lectura invalida de DHT
2026-05-12,15:51:06,maceta2,68.0,70.0,54.7,53.5,54.1,5962.0,19374.7,,,1,0,0,Lectura invalida de DHT
2026-05-12,15:51:33,maceta1,62.0,57.0,58.9,61.9,60.4,6448.9,19797.0,,,1,0,0,Lectura invalida de DHT
2026-05-12,15:51:33,maceta2,68.0,70.0,54.5,53.3,53.9,6151.7,20429.6,15.8,42.6,1,0,0,
2026-05-12,15:52:00,maceta1,62.0,57.0,58.7,61.7,60.2,6178.0,20483.7,,,1,0,0,Lectura invalida de DHT
2026-05-12,15:52:00,maceta2,68.0,70.0,54.5,53.2,53.8,6312.0,19634.1,15.8,42.6,1,0,0,
2026-05-12,15:52:26,maceta1,62.0,58.0,58.5,61.5,60.0,6389.4,19525.3,,,1,0,0,Lectura invalida de DHT
2026-05-12,15:52:26,maceta2,69.0,70.0,54.3,53.1,53.7,6470.7,19570.2,15.8,42.6,1,0,0,
2026-05-12,15:52:53,maceta1,62.0,58.0,58.4,61.4,59.9,6164.7,19290.8,,,1,0,0,Lectura invalida de DHT
2026-05-12,15:52:53,maceta2,69.0,71.0,54.2,52.9,53.6,5954.3,19028.8,15.8,42.6,1,0,0,
2026-05-12,15:53:20,maceta1,63.0,58.0,58.3,61.2,59.7,6236.5,21425.3,,,1,0,0,Lectura invalida de DHT
2026-05-12,15:53:20,maceta2,69.0,71.0,54.1,52.7,53.4,6420.3,19325.9,15.8,42.6,1,0,0,
2026-05-12,15:53:47,maceta1,63.0,58.0,58.1,61.1,59.6,5862.4,19055.0,,,1,0,0,Lectura invalida de DHT
2026-05-12,15:53:47,maceta2,69.0,71.0,54.0,52.6,53.3,6454.0,19773.2,15.8,42.5,1,0,0,
2026-05-12,15:54:13,maceta1,63.0,59.0,57.8,60.9,59.4,6328.7,21006.7,,,1,0,0,Lectura invalida de DHT
2026-05-12,15:54:13,maceta2,69.0,71.0,53.9,52.5,53.2,6441.5,19292.2,15.8,42.5,1,0,0,
2026-05-12,15:54:40,maceta1,64.0,59.0,57.7,60.8,59.2,5889.4,20970.1,,,1,0,0,Lectura invalida de DHT
2026-05-12,15:54:40,maceta2,69.0,71.0,53.7,52.3,53.0,6244.8,21464.6,15.8,42.5,1,0,0,
2026-05-12,15:55:07,maceta1,64.0,59.0,57.4,60.7,59.1,6378.2,19743.0,,,1,0,0,Lectura invalida de DHT
2026-05-12,15:55:07,maceta2,70.0,72.0,53.5,52.2,52.8,6240.9,19771.6,15.8,42.5,1,0,0,
2026-05-12,15:55:34,maceta1,64.0,59.0,57.2,60.5,58.9,6347.4,19339.1,,,1,0,0,Lectura invalida de DHT
2026-05-12,15:55:34,maceta2,70.0,72.0,53.3,52.1,52.7,6082.2,19325.8,15.8,42.6,1,0,0,
2026-05-12,15:56:01,maceta1,64.0,59.0,57.2,60.5,58.8,6296.1,19364.1,,,1,0,0,Lectura invalida de DHT
2026-05-12,15:56:01,maceta2,70.0,72.0,53.2,52.0,52.6,6326.7,19497.7,15.8,42.6,1,0,0,
2026-05-12,15:56:27,maceta1,65.0,59.0,56.9,60.4,58.7,5825.3,20743.6,,,1,0,0,Lectura invalida de DHT
2026-05-12,15:56:27,maceta2,70.0,72.0,53.2,51.7,52.5,6171.9,20469.3,,,1,0,0,Lectura invalida de DHT
2026-05-12,15:56:54,maceta1,65.0,60.0,56.9,60.1,58.5,6012.2,20607.0,,,1,0,0,Lectura invalida de DHT
2026-05-12,15:56:54,maceta2,70.0,73.0,53.1,51.6,52.3,6274.2,19160.1,15.8,42.5,1,0,0,
2026-05-12,15:57:21,maceta1,65.0,60.0,56.7,60.0,58.4,5984.2,20956.9,,,1,0,0,Lectura invalida de DHT
2026-05-12,15:57:21,maceta2,71.0,73.0,53.0,51.5,52.2,6099.9,21156.1,15.8,42.5,1,0,0,
2026-05-12,15:57:48,maceta1,65.0,60.0,56.5,59.9,58.2,6052.1,21343.7,,,1,0,0,Lectura invalida de DHT
2026-05-12,15:57:48,maceta2,71.0,73.0,52.9,51.4,52.1,6312.0,21403.7,15.8,42.5,1,0,0,
2026-05-12,15:58:14,maceta1,66.0,60.0,56.3,59.7,58.0,5861.3,20729.8,,,1,0,0,Lectura invalida de DHT
2026-05-12,15:58:14,maceta2,71.0,73.0,52.7,51.1,51.9,6377.1,19616.9,15.8,42.5,1,0,0,
2026-05-12,15:58:41,maceta1,66.0,61.0,56.1,59.6,57.8,6455.9,19389.6,,,1,0,0,Lectura invalida de DHT
2026-05-12,15:58:41,maceta2,71.0,74.0,52.5,51.0,51.8,5902.5,20125.2,15.8,42.5,1,0,0,
2026-05-12,15:59:08,maceta1,66.0,61.0,55.9,59.5,57.7,6187.7,19608.6,,,1,0,0,Lectura invalida de DHT
2026-05-12,15:59:08,maceta2,71.0,74.0,52.5,50.7,51.6,6383.1,19055.3,,,1,0,0,Lectura invalida de DHT
2026-05-12,15:59:35,maceta1,66.0,61.0,55.8,59.4,57.6,6013.9,21105.5,,,1,0,0,Lectura invalida de DHT
2026-05-12,15:59:35,maceta2,71.0,74.0,52.4,50.5,51.5,6178.2,20601.8,15.8,42.5,1,0,0,
2026-05-12,16:00:02,maceta1,66.0,61.0,55.8,59.2,57.5,6077.9,19523.3,,,1,0,0,Lectura invalida de DHT
2026-05-12,16:00:02,maceta2,72.0,74.0,52.3,50.4,51.3,6391.3,20034.8,15.8,42.5,1,0,0,
2026-05-12,16:00:28,maceta1,67.0,61.0,55.5,59.1,57.3,6113.0,19181.3,,,1,0,0,Lectura invalida de DHT
2026-05-12,16:00:28,maceta2,72.0,75.0,52.1,50.2,51.2,6101.9,19675.1,15.8,42.5,1,0,0,
2026-05-12,16:00:55,maceta1,67.0,62.0,55.5,58.9,57.2,6220.4,20758.2,,,1,0,0,Lectura invalida de DHT
2026-05-12,16:00:55,maceta2,72.0,75.0,52.0,50.1,51.0,6065.3,19517.1,,,1,0,0,Lectura invalida de DHT
2026-05-12,16:01:22,maceta1,67.0,62.0,55.3,58.7,57.0,6161.0,20006.3,,,1,0,0,Lectura invalida de DHT
2026-05-12,16:01:22,maceta2,72.0,75.0,51.9,49.9,50.9,6440.5,20635.1,15.8,42.5,1,0,1,
2026-05-12,16:01:49,maceta1,67.0,62.0,55.1,58.6,56.8,6443.6,21300.1,,,1,0,0,Lectura invalida de DHT
2026-05-12,16:01:49,maceta2,28.0,27.0,81.1,82.2,81.7,5975.8,20040.5,15.8,42.5,1,0,0,
2026-05-12,16:02:15,maceta1,67.0,62.0,55.0,58.4,56.7,6147.9,20625.6,,,1,0,0,Lectura invalida de DHT
2026-05-12,16:02:15,maceta2,28.0,27.0,81.1,82.0,81.5,6390.9,19449.1,15.8,42.4,1,0,0,
2026-05-12,16:02:42,maceta1,68.0,63.0,54.9,58.2,56.6,6494.5,19226.0,,,1,0,0,Lectura invalida de DHT
2026-05-12,16:02:42,maceta2,29.0,27.0,81.0,81.9,81.4,6138.8,20722.8,15.8,42.4,1,0,0,
2026-05-12,16:03:09,maceta1,68.0,63.0,54.8,58.0,56.4,6396.0,21369.6,,,1,0,0,Lectura invalida de DHT
2026-05-12,16:03:09,maceta2,29.0,27.0,80.8,81.7,81.2,6159.9,20412.7,15.8,42.5,1,0,0,
2026-05-12,16:03:36,maceta1,68.0,63.0,54.6,57.8,56.2,5946.0,19646.4,,,1,0,0,Lectura invalida de DHT
2026-05-12,16:03:36,maceta2,29.0,28.0,80.5,81.5,81.0,6015.9,21146.7,15.8,42.4,1,0,0,
2026-05-12,16:04:02,maceta1,68.0,64.0,54.4,57.6,56.0,6451.4,19843.0,,,1,0,0,Lectura invalida de DHT
2026-05-12,16:04:02,maceta2,29.0,28.0,80.4,81.3,80.9,6201.1,19293.7,15.8,42.4,1,0,0,
2026-05-12,16:04:29,maceta1,69.0,64.0,54.2,57.3,55.7,5881.5,20005.7,,,1,0,0,Lectura invalida de DHT
2026-05-12,16:04:29,maceta2,29.0,28.0,80.4,81.2,80.8,6027.6,20964.2,15.8,42.5,1,0,0,
2026-05-12,16:04:56,maceta1,69.0,64.0,54.0,57.1,55.5,6372.2,19128.1,,,1,0,0,Lectura invalida de DHT
2026-05-12,16:04:56,maceta2,30.0,29.0,80.3,80.9,80.6,5827.5,20683.8,15.8,42.5,1,0,0,
2026-05-12,16:05:23,maceta1,69.0,64.0,53.8,57.1,55.4,6066.4,20241.3,,,1,0,0,Lectura invalida de DHT
2026-05-12,16:05:23,maceta2,30.0,29.0,80.2,80.8,80.5,5990.4,19287.5,15.8,42.5,1,0,0,
2026-05-12,16:05:49,maceta1,70.0,64.0,53.7,57.0,55.3,6414.6,19308.3,,,1,0,0,Lectura invalida de DHT
2026-05-12,16:05:49,maceta2,30.0,29.0,80.0,80.6,80.3,5804.5,20737.1,15.8,42.4,1,0,0,
2026-05-12,16:06:16,maceta1,70.0,65.0,53.6,56.9,55.2,6407.6,20002.4,,,1,0,0,Lectura invalida de DHT
2026-05-12,16:06:16,maceta2,30.0,29.0,79.8,80.5,80.1,6484.8,20103.9,15.8,42.4,1,0,0,
2026-05-12,16:06:43,maceta1,70.0,65.0,53.5,56.6,55.1,6364.1,19876.8,,,1,0,0,Lectura invalida de DHT
2026-05-12,16:06:43,maceta2,31.0,30.0,79.6,80.3,79.9,6476.0,21362.5,15.8,42.5,1,0,0,
2026-05-12,16:07:10,maceta1,70.0,65.0,53.3,56.6,54.9,6353.0,20932.1,,,1,0,0,Lectura invalida de DHT
2026-05-12,16:07:10,maceta2,31.0,30.0,79.4,80.2,79.8,6076.6,19354.0,,,1,0,0,Lectura invalida de DHT
2026-05-12,16:07:37,maceta1,70.0,65.0,53.2,56.4,54.8,6013.3,21007.9,,,1,0,0,Lectura invalida de DHT
2026-05-12,16:07:37,maceta2,31.0,30.0,79.3,80.0,79.7,6309.9,20607.1,15.8,42.4,1,0,0,
2026-05-12,16:08:04,maceta1,71.0,66.0,53.0,56.1,54.6,5856.6,19383.5,,,1,0,0,Lectura invalida de DHT
2026-05-12,16:08:04,maceta2,31.0,30.0,79.2,79.9,79.5,6042.1,19955.0,15.8,42.5,1,0,0,
2026-05-12,16:08:30,maceta1,71.0,66.0,52.7,55.9,54.3,6082.1,19916.4,,,1,0,0,Lectura invalida de DHT
2026-05-12,16:08:30,maceta2,31.0,30.0,79.1,79.8,79.5,6269.8,21392.0,15.8,42.5,1,0,0,
2026-05-12,16:08:57,maceta1,71.0,66.0,52.6,55.8,54.2,5921.5,19933.4,,,1,0,0,Lectura invalida de DHT
2026-05-12,16:08:57,maceta2,31.0,31.0,79.0,79.6,79.3,6363.8,19824.9,15.8,42.3,1,0,0,
2026-05-12,16:09:24,maceta1,71.0,66.0,52.4,55.7,54.0,6286.5,19378.5,,,1,0,0,Lectura invalida de DHT
2026-05-12,16:09:24,maceta2,32.0,31.0,78.8,79.5,79.2,6462.7,21405.5,15.8,42.4,1,0,0,
2026-05-12,16:09:51,maceta1,72.0,67.0,52.2,55.5,53.9,6042.3,20996.1,,,1,0,0,Lectura invalida de DHT
2026-05-12,16:09:51,maceta2,32.0,31.0,78.7,79.4,79.0,6080.1,21253.7,15.8,42.4,1,0,0,
2026-05-12,16:10:17,maceta1,72.0,67.0,52.0,55.4,53.7,6482.9,20768.1,,,1,0,0,Lectura invalida de DHT
2026-05-12,16:10:17,maceta2,32.0,31.0,78.6,79.1,78.8,6348.3,19676.0,15.8,42.3,1,0,0,
2026-05-12,16:10:44,maceta1,72.0,67.0,51.8,55.2,53.5,6248.7,19476.0,,,1,0,0,Lectura invalida de DHT
2026-05-12,16:10:44,maceta2,32.0,32.0,78.4,79.0,78.7,5986.1,21008.9,15.8,42.4,1,0,0,
2026-05-12,16:11:11,maceta1,73.0,67.0,51.6,55.1,53.4,6375.7,19916.8,,,1,0,0,Lectura invalida de DHT
2026-05-12,16:11:11,maceta2,33.0,32.0,78.3,78.8,78.5,6493.2,21489.0,15.8,42.3,1,0,0,
2026-05-12,16:11:38,maceta1,73.0,68.0,51.4,54.9,53.1,5892.8,19264.5,,,1,0,0,Lectura invalida de DHT
2026-05-12,16:11:38,maceta2,33.0,32.0,78.1,78.7,78.4,5818.0,19631.7,15.8,42.3,1,0,0,
2026-05-12,16:12:04,maceta1,73.0,68.0,51.2,54.7,52.9,6403.4,20570.5,,,1,0,0,Lectura invalida de DHT
2026-05-12,16:12:04,maceta2,33.0,32.0,78.0,78.4,78.2,6222.5,20091.9,,,1,0,0,Lectura invalida de DHT
2026-05-12,16:12:31,maceta1,74.0,68.0,51.0,54.6,52.8,6445.9,19303.4,,,1,0,0,Lectura invalida de DHT
2026-05-12,16:12:31,maceta2,33.0,32.0,77.8,78.4,78.1,6261.7,20300.5,15.8,42.3,1,0,0,
2026-05-12,16:12:58,maceta1,74.0,68.0,50.9,54.4,52.7,6140.9,21464.8,,,1,0,0,Lectura invalida de DHT
2026-05-12,16:12:58,maceta2,34.0,33.0,77.6,78.2,77.9,6281.6,19737.3,15.8,42.3,1,0,0,
2026-05-12,16:13:25,maceta1,74.0,69.0,50.7,54.3,52.5,6224.4,20951.7,,,1,0,0,Lectura invalida de DHT
2026-05-12,16:13:25,maceta2,34.0,33.0,77.5,78.2,77.8,5884.3,19038.2,15.8,42.3,1,0,0,
2026-05-12,16:13:51,maceta1,74.0,69.0,50.5,54.2,52.4,6335.4,19975.6,,,1,0,0,Lectura invalida de DHT
2026-05-12,16:13:51,maceta2,34.0,33.0,77.2,78.1,77.7,6457.0,19550.3,15.8,42.3,1,0,0,
2026-05-12,16:14:18,maceta1,74.0,69.0,50.5,54.0,52.2,5922.4,20446.4,,,1,0,0,Lectura invalida de DHT
2026-05-12,16:14:18,maceta2,34.0,33.0,77.1,78.0,77.5,5926.8,19704.8,15.8,42.3,1,0,0,
2026-05-12,16:14:45,maceta1,74.0,69.0,50.3,53.9,52.1,6151.8,21278.4,,,1,0,0,Lectura invalida de DHT
2026-05-12,16:14:45,maceta2,35.0,33.0,76.8,78.0,77.4,6235.9,20109.0,15.8,42.2,1,0,0,
2026-05-12,16:15:12,maceta1,75.0,69.0,50.2,53.8,52.0,6079.1,20385.2,,,1,0,0,Lectura invalida de DHT
2026-05-12,16:15:12,maceta2,35.0,33.0,76.7,77.9,77.3,5955.9,19427.8,15.9,42.3,1,0,0,
2026-05-12,16:15:38,maceta1,75.0,70.0,50.1,53.6,51.9,5902.5,19436.2,,,1,0,0,Lectura invalida de DHT
2026-05-12,16:15:38,maceta2,35.0,33.0,76.7,77.7,77.2,6015.1,21183.1,,,1,0,0,Lectura invalida de DHT
2026-05-12,16:16:05,maceta1,75.0,70.0,50.0,53.6,51.8,6057.3,19946.8,,,1,0,0,Lectura invalida de DHT
2026-05-12,16:16:05,maceta2,35.0,34.0,76.6,77.5,77.0,6182.5,20762.3,15.9,42.2,1,0,0,
2026-05-12,16:16:32,maceta1,75.0,70.0,50.0,53.5,51.7,5847.7,21107.9,,,1,0,1,Lectura invalida de DHT
2026-05-12,16:16:32,maceta2,35.0,34.0,76.4,77.3,76.8,6092.0,19213.0,15.9,42.2,1,0,0,
2026-05-12,16:17:04,maceta1,28.0,26.0,81.6,82.9,82.2,5818.1,20610.5,,,1,0,0,Lectura invalida de DHT
2026-05-12,16:17:04,maceta2,36.0,34.0,76.3,77.2,76.7,5912.2,20625.2,,,1,0,0,Lectura invalida de DHT
2026-05-12,16:17:31,maceta1,28.0,26.0,81.5,82.8,82.1,5894.6,20626.8,,,1,0,0,Lectura invalida de DHT
2026-05-12,16:17:31,maceta2,36.0,35.0,76.2,77.0,76.6,5919.7,20634.1,15.9,42.2,1,0,0,
2026-05-12,16:17:57,maceta1,28.0,26.0,81.3,82.6,82.0,6474.2,21167.1,,,1,0,0,Lectura invalida de DHT
2026-05-12,16:17:57,maceta2,36.0,35.0,76.1,76.8,76.4,6092.7,21390.6,15.9,42.2,1,0,0,
2026-05-12,16:18:24,maceta1,28.0,26.0,81.2,82.5,81.9,6184.7,21234.9,,,1,0,0,Lectura invalida de DHT
2026-05-12,16:18:24,maceta2,36.0,35.0,76.0,76.5,76.2,6330.1,19007.6,,,1,0,0,Lectura invalida de DHT
2026-05-12,16:18:51,maceta1,28.0,26.0,81.1,82.4,81.8,6476.1,21299.5,,,1,0,0,Lectura invalida de DHT
2026-05-12,16:18:51,maceta2,36.0,35.0,75.9,76.5,76.2,6428.6,19619.8,15.9,42.2,1,0,0,
2026-05-12,16:19:18,maceta1,29.0,27.0,80.9,82.3,81.6,6102.7,19237.1,,,1,0,0,Lectura invalida de DHT
2026-05-12,16:19:18,maceta2,36.0,36.0,75.7,76.2,76.0,5858.9,21319.5,15.9,42.3,1,0,0,
2026-05-12,16:19:45,maceta1,29.0,27.0,80.8,82.1,81.5,6018.3,20360.3,,,1,0,0,Lectura invalida de DHT
2026-05-12,16:19:45,maceta2,37.0,36.0,75.5,76.2,75.9,6075.2,21330.3,,,1,0,0,Lectura invalida de DHT
2026-05-12,16:20:11,maceta1,29.0,27.0,80.7,82.0,81.3,6154.3,20851.3,,,1,0,0,Lectura invalida de DHT
2026-05-12,16:20:11,maceta2,37.0,36.0,75.4,75.9,75.7,5870.2,20801.5,,,1,0,0,Lectura invalida de DHT
2026-05-12,16:20:40,maceta1,29.0,27.0,80.5,81.8,81.2,6107.7,20892.3,,,1,0,0,Lectura invalida de DHT
2026-05-12,16:20:40,maceta2,37.0,36.0,75.3,75.8,75.6,5811.6,20914.4,15.9,42.3,1,0,0,
2026-05-12,16:21:07,maceta1,29.0,28.0,80.4,81.6,81.0,5874.0,20516.8,,,1,0,0,Lectura invalida de DHT
2026-05-12,16:21:07,maceta2,37.0,37.0,75.1,75.6,75.4,6263.2,19228.7,15.9,42.3,1,0,0,
2026-05-12,16:21:33,maceta1,30.0,28.0,80.2,81.5,80.9,6248.6,19417.0,,,1,0,0,Lectura invalida de DHT
2026-05-12,16:21:33,maceta2,38.0,37.0,74.9,75.4,75.1,6221.7,20284.7,15.9,42.2,1,0,0,
2026-05-12,16:22:00,maceta1,30.0,28.0,80.1,81.4,80.7,5951.2,20993.6,,,1,0,0,Lectura invalida de DHT
2026-05-12,16:22:00,maceta2,38.0,37.0,74.9,75.2,75.0,5914.1,19579.0,15.9,42.2,1,0,0,
2026-05-12,16:22:27,maceta1,30.0,28.0,79.9,81.1,80.5,6233.7,20800.3,,,1,0,0,Lectura invalida de DHT
2026-05-12,16:22:27,maceta2,38.0,37.0,74.7,75.0,74.8,5963.7,19453.0,15.9,42.2,1,0,0,
2026-05-12,16:22:54,maceta1,30.0,28.0,79.7,81.0,80.4,6255.1,19215.3,,,1,0,0,Lectura invalida de DHT
2026-05-12,16:22:54,maceta2,38.0,38.0,74.5,74.8,74.6,5816.6,21025.8,15.9,42.2,1,0,0,
2026-05-12,16:23:21,maceta1,31.0,29.0,79.5,80.9,80.2,5906.4,20159.5,,,1,0,0,Lectura invalida de DHT
2026-05-12,16:23:21,maceta2,38.0,38.0,74.3,74.7,74.5,6384.5,19337.6,15.9,42.2,1,0,0,
2026-05-12,16:23:47,maceta1,31.0,29.0,79.3,80.7,80.0,5842.9,19434.9,,,1,0,0,Lectura invalida de DHT
2026-05-12,16:23:47,maceta2,39.0,38.0,74.2,74.5,74.4,6482.3,20171.6,15.9,42.2,1,0,0,
2026-05-12,16:24:14,maceta1,31.0,29.0,79.1,80.6,79.9,6346.5,19843.7,,,1,0,0,Lectura invalida de DHT
2026-05-12,16:24:14,maceta2,39.0,39.0,74.1,74.3,74.2,5894.8,21346.4,15.9,42.1,1,0,0,
2026-05-12,16:24:41,maceta1,32.0,29.0,78.9,80.5,79.7,6121.9,19045.2,,,1,0,0,Lectura invalida de DHT
2026-05-12,16:24:41,maceta2,39.0,39.0,74.0,74.3,74.2,5962.0,19464.6,15.9,42.2,1,0,0,
2026-05-12,16:25:08,maceta1,32.0,29.0,78.8,80.3,79.6,5840.7,20000.8,,,1,0,0,Lectura invalida de DHT
2026-05-12,16:25:08,maceta2,39.0,39.0,73.9,74.1,74.0,6407.9,21445.0,,,1,0,0,Lectura invalida de DHT
2026-05-12,16:25:34,maceta1,32.0,30.0,78.6,80.1,79.3,6496.4,20374.7,,,1,0,0,Lectura invalida de DHT
2026-05-12,16:25:34,maceta2,39.0,39.0,73.8,73.9,73.8,6448.5,21485.7,15.9,42.2,1,0,0,
2026-05-12,16:26:01,maceta1,32.0,30.0,78.5,79.9,79.2,5840.4,20549.0,,,1,0,0,Lectura invalida de DHT
2026-05-12,16:26:01,maceta2,40.0,39.0,73.6,73.8,73.7,6093.7,20389.0,15.9,42.1,1,0,0,
2026-05-12,16:26:28,maceta1,32.0,31.0,78.4,79.6,79.0,6286.5,20658.7,,,1,0,0,Lectura invalida de DHT
2026-05-12,16:26:28,maceta2,40.0,40.0,73.6,73.6,73.6,5835.4,19425.4,16.0,42.1,1,0,0,
2026-05-12,16:26:55,maceta1,33.0,31.0,78.2,79.6,78.9,6488.6,21090.7,,,1,0,0,Lectura invalida de DHT
2026-05-12,16:26:55,maceta2,40.0,40.0,73.4,73.4,73.4,5827.6,19790.3,15.9,42.1,1,0,0,
2026-05-12,16:27:22,maceta1,33.0,31.0,78.2,79.5,78.8,5967.4,19538.7,,,1,0,0,Lectura invalida de DHT
2026-05-12,16:27:22,maceta2,40.0,40.0,73.3,73.3,73.3,6201.8,20061.2,15.9,42.2,1,0,0,
2026-05-12,16:27:48,maceta1,33.0,31.0,78.1,79.3,78.7,5899.6,19301.2,,,1,0,0,Lectura invalida de DHT
2026-05-12,16:27:48,maceta2,40.0,40.0,73.2,73.2,73.2,6075.0,19773.3,16.0,42.2,1,0,0,
2026-05-12,16:28:15,maceta1,33.0,31.0,78.0,79.1,78.5,5885.0,21128.8,,,1,0,0,Lectura invalida de DHT
2026-05-12,16:28:15,maceta2,41.0,40.0,73.0,73.0,73.0,5820.1,19701.6,,,1,0,0,Lectura invalida de DHT
2026-05-12,16:28:42,maceta1,33.0,32.0,77.8,78.9,78.3,6012.3,19391.5,,,1,0,0,Lectura invalida de DHT
2026-05-12,16:28:42,maceta2,41.0,41.0,72.8,72.9,72.8,6208.3,21430.6,16.0,42.2,1,0,0,
2026-05-12,16:29:09,maceta1,33.0,32.0,77.7,78.6,78.2,5870.7,21436.9,,,1,0,0,Lectura invalida de DHT
2026-05-12,16:29:09,maceta2,41.0,41.0,72.7,72.8,72.8,5807.9,19383.4,16.0,42.2,1,0,0,
2026-05-12,16:29:35,maceta1,34.0,32.0,77.5,78.4,78.0,6284.5,21106.3,,,1,0,0,Lectura invalida de DHT
2026-05-12,16:29:35,maceta2,41.0,41.0,72.6,72.7,72.6,6351.2,20833.3,16.0,42.2,1,0,0,
2026-05-12,16:30:02,maceta1,34.0,32.0,77.3,78.3,77.8,5843.6,20252.2,,,1,0,0,Lectura invalida de DHT
2026-05-12,16:30:02,maceta2,42.0,41.0,72.3,72.5,72.4,6014.5,19001.0,15.9,42.2,1,0,0,
2026-05-12,16:30:29,maceta1,34.0,33.0,77.2,78.1,77.7,6156.6,21453.6,,,1,0,0,Lectura invalida de DHT
2026-05-12,16:30:29,maceta2,42.0,41.0,72.1,72.4,72.3,5828.2,20490.5,16.0,42.1,1,0,0,
2026-05-12,16:30:56,maceta1,35.0,33.0,77.0,78.0,77.5,6497.7,19243.4,,,1,0,0,Lectura invalida de DHT
2026-05-12,16:30:56,maceta2,42.0,42.0,72.0,72.3,72.2,6211.8,21289.9,,,1,0,0,Lectura invalida de DHT
2026-05-12,16:31:22,maceta1,35.0,33.0,76.9,77.8,77.3,6369.8,19757.7,,,1,0,0,Lectura invalida de DHT
2026-05-12,16:31:22,maceta2,42.0,42.0,71.9,72.1,72.0,6078.4,19719.8,16.0,42.2,1,0,0,
2026-05-12,16:31:49,maceta1,35.0,33.0,76.8,77.7,77.2,6230.7,20595.6,,,1,0,0,Lectura invalida de DHT
2026-05-12,16:31:49,maceta2,42.0,42.0,71.8,71.9,71.9,6481.7,19463.8,16.0,42.2,1,0,0,
2026-05-12,16:32:16,maceta1,35.0,34.0,76.6,77.6,77.1,6014.4,19875.0,,,1,0,0,Lectura invalida de DHT
2026-05-12,16:32:16,maceta2,43.0,42.0,71.6,71.8,71.7,6180.9,20629.2,16.0,42.2,1,0,0,
2026-05-12,16:32:43,maceta1,35.0,34.0,76.5,77.4,76.9,6236.7,21320.9,,,1,0,0,Lectura invalida de DHT
2026-05-12,16:32:43,maceta2,43.0,43.0,71.4,71.6,71.5,5992.7,20781.5,16.0,42.2,1,0,0,
2026-05-12,16:33:10,maceta1,36.0,34.0,76.2,77.1,76.7,6168.9,19164.1,,,1,0,0,Lectura invalida de DHT
2026-05-12,16:33:10,maceta2,43.0,43.0,71.3,71.4,71.3,6296.6,20720.1,15.9,42.2,1,0,0,
2026-05-12,16:33:36,maceta1,36.0,34.0,76.0,77.0,76.5,6098.3,20373.5,,,1,0,0,Lectura invalida de DHT
2026-05-12,16:33:36,maceta2,43.0,43.0,71.2,71.2,71.2,5990.0,19798.3,16.0,42.2,1,0,0,
2026-05-12,16:34:03,maceta1,36.0,35.0,75.8,76.8,76.3,5891.5,20477.2,,,1,0,0,Lectura invalida de DHT
2026-05-12,16:34:03,maceta2,43.0,43.0,71.1,71.1,71.1,6433.0,19630.5,16.0,42.2,1,0,0,
2026-05-12,16:34:30,maceta1,37.0,35.0,75.6,76.6,76.1,6420.6,20631.8,,,1,0,0,Lectura invalida de DHT
2026-05-12,16:34:30,maceta2,44.0,44.0,70.9,70.9,70.9,6062.3,21389.8,16.0,42.2,1,0,0,
2026-05-12,16:34:57,maceta1,37.0,35.0,75.5,76.5,76.0,6114.8,19639.2,,,1,0,0,Lectura invalida de DHT
2026-05-12,16:34:57,maceta2,44.0,44.0,70.9,70.8,70.8,6184.9,21308.2,,,1,0,0,Lectura invalida de DHT
2026-05-12,16:35:24,maceta1,37.0,36.0,75.4,76.3,75.8,5936.2,19911.4,,,1,0,0,Lectura invalida de DHT
2026-05-12,16:35:24,maceta2,44.0,44.0,70.7,70.7,70.7,5835.4,20143.3,16.0,42.2,1,0,0,
2026-05-12,16:35:50,maceta1,37.0,36.0,75.3,76.1,75.7,6057.4,21109.2,,,1,0,0,Lectura invalida de DHT
2026-05-12,16:35:50,maceta2,44.0,44.0,70.5,70.5,70.5,6098.3,21115.5,16.0,42.2,1,0,0,
2026-05-12,16:36:17,maceta1,37.0,36.0,75.1,75.9,75.5,6089.9,19487.4,,,1,0,0,Lectura invalida de DHT
2026-05-12,16:36:17,maceta2,45.0,45.0,70.3,70.3,70.3,6382.7,20130.8,16.0,42.2,1,0,0,
2026-05-12,16:36:44,maceta1,37.0,36.0,75.1,75.8,75.4,6379.3,21067.2,,,1,0,0,Lectura invalida de DHT
2026-05-12,16:36:44,maceta2,45.0,45.0,70.1,70.1,70.1,6364.0,20061.0,16.0,42.2,1,0,0,
2026-05-12,16:37:11,maceta1,38.0,37.0,74.9,75.6,75.3,6313.5,20406.6,,,1,0,0,Lectura invalida de DHT
2026-05-12,16:37:11,maceta2,45.0,45.0,69.8,70.0,69.9,5957.0,19391.9,16.0,42.2,1,0,0,
2026-05-12,16:37:37,maceta1,38.0,37.0,74.8,75.4,75.1,6338.5,20905.5,,,1,0,0,Lectura invalida de DHT
2026-05-12,16:37:37,maceta2,45.0,45.0,69.7,69.8,69.7,5958.3,20066.0,16.0,42.2,1,0,0,
2026-05-12,16:38:04,maceta1,38.0,37.0,74.7,75.2,75.0,5807.7,20784.0,,,1,0,0,Lectura invalida de DHT
2026-05-12,16:38:04,maceta2,46.0,46.0,69.5,69.6,69.5,6372.1,20343.5,16.0,42.2,1,0,0,
2026-05-12,16:38:31,maceta1,38.0,38.0,74.7,75.0,74.8,6091.3,19518.8,,,1,0,0,Lectura invalida de DHT
2026-05-12,16:38:31,maceta2,46.0,46.0,69.5,69.3,69.4,6451.3,19056.3,,,1,0,0,Lectura invalida de DHT
2026-05-12,16:38:58,maceta1,38.0,38.0,74.5,74.8,74.7,6136.9,20422.0,,,1,0,0,Lectura invalida de DHT
2026-05-12,16:38:58,maceta2,46.0,46.0,69.3,69.3,69.3,5866.8,20110.3,,,1,0,0,Lectura invalida de DHT
2026-05-12,16:39:25,maceta1,38.0,38.0,74.4,74.6,74.5,5813.4,21169.3,,,1,0,0,Lectura invalida de DHT
2026-05-12,16:39:25,maceta2,46.0,46.0,69.2,69.2,69.2,6115.0,20953.4,16.0,42.2,1,0,0,
2026-05-12,16:39:52,maceta1,39.0,38.0,74.2,74.5,74.4,5981.9,20080.3,,,1,0,0,Lectura invalida de DHT
2026-05-12,16:39:52,maceta2,47.0,47.0,69.0,69.0,69.0,6036.2,20700.1,16.0,42.3,1,0,0,
2026-05-12,16:40:19,maceta1,39.0,38.0,74.1,74.3,74.2,6332.2,21416.5,,,1,0,0,Lectura invalida de DHT
2026-05-12,16:40:19,maceta2,47.0,47.0,68.7,68.8,68.8,6409.5,20587.9,,,1,0,0,Lectura invalida de DHT
2026-05-12,16:40:46,maceta1,39.0,39.0,73.9,74.2,74.1,5896.0,20130.5,,,1,0,0,Lectura invalida de DHT
2026-05-12,16:40:46,maceta2,47.0,47.0,68.5,68.7,68.6,5858.5,21273.9,16.0,42.2,1,0,0,
2026-05-12,16:41:13,maceta1,39.0,39.0,73.8,74.2,74.0,6174.7,19357.0,,,1,0,0,Lectura invalida de DHT
2026-05-12,16:41:13,maceta2,47.0,47.0,68.4,68.6,68.5,5947.8,19045.1,16.1,42.3,1,0,0,
2026-05-12,16:41:40,maceta1,39.0,39.0,73.7,74.0,73.9,5950.6,19973.6,,,1,0,0,Lectura invalida de DHT
2026-05-12,16:41:40,maceta2,48.0,47.0,68.2,68.5,68.3,6326.7,20392.6,,,1,0,0,Lectura invalida de DHT
2026-05-12,16:42:06,maceta1,40.0,39.0,73.5,73.9,73.7,5808.5,21379.3,,,1,0,0,Lectura invalida de DHT
2026-05-12,16:42:06,maceta2,48.0,47.0,68.1,68.4,68.3,5835.9,20968.4,16.1,42.3,1,0,0,
2026-05-12,16:42:34,maceta1,40.0,39.0,73.3,73.7,73.5,5968.8,19799.3,,,1,0,0,Lectura invalida de DHT
2026-05-12,16:42:34,maceta2,48.0,48.0,68.0,68.2,68.1,6144.8,20353.3,16.1,42.3,1,0,0,
2026-05-12,16:43:01,maceta1,40.0,40.0,73.2,73.5,73.3,6483.1,21170.2,,,1,0,0,Lectura invalida de DHT
2026-05-12,16:43:01,maceta2,48.0,48.0,67.8,68.0,67.9,6109.5,19809.7,16.1,42.4,1,0,0,
2026-05-12,16:43:28,maceta1,41.0,40.0,73.0,73.4,73.2,6361.1,21203.1,,,1,0,0,Lectura invalida de DHT
2026-05-12,16:43:28,maceta2,49.0,48.0,67.6,67.9,67.7,6034.1,19340.6,16.1,42.5,1,0,0,
2026-05-12,16:43:55,maceta1,41.0,40.0,72.9,73.1,73.0,6471.7,19875.5,,,1,0,0,Lectura invalida de DHT
2026-05-12,16:43:55,maceta2,49.0,48.0,67.4,67.8,67.6,6076.2,21218.9,16.1,42.5,1,0,0,
2026-05-12,16:44:29,maceta1,41.0,40.0,72.6,73.1,72.8,6141.5,19208.1,,,1,0,0,Lectura invalida de DHT
2026-05-12,16:44:29,maceta2,49.0,48.0,67.1,67.7,67.4,6171.0,20176.9,16.1,42.5,1,0,0,
2026-05-12,16:45:07,maceta1,41.0,41.0,72.6,72.9,72.8,5876.8,20811.4,,,1,0,0,Lectura invalida de DHT
2026-05-12,16:45:07,maceta2,50.0,49.0,66.9,67.5,67.2,5913.0,21195.3,16.1,42.5,1,0,0,
2026-05-12,16:45:50,maceta1,41.0,41.0,72.4,72.8,72.6,6183.6,19778.8,,,1,0,0,Lectura invalida de DHT
2026-05-12,16:45:50,maceta2,50.0,49.0,66.8,67.4,67.1,6200.4,20464.6,16.1,42.4,1,0,0,
2026-05-12,16:46:25,maceta1,42.0,41.0,72.3,72.6,72.4,6118.1,20957.3,,,1,0,0,Lectura invalida de DHT
2026-05-12,16:46:25,maceta2,50.0,49.0,66.7,67.3,67.0,6363.8,20685.5,16.2,42.5,1,0,0,
2026-05-12,16:46:53,maceta1,42.0,41.0,72.1,72.4,72.3,6391.0,20106.6,,,1,0,0,Lectura invalida de DHT
2026-05-12,16:46:53,maceta2,50.0,49.0,66.6,67.1,66.8,6332.1,21010.7,16.1,42.4,1,0,0,
2026-05-12,16:47:19,maceta1,42.0,42.0,72.1,72.3,72.2,5868.7,20213.2,,,1,0,0,Lectura invalida de DHT
2026-05-12,16:47:19,maceta2,50.0,50.0,66.4,66.9,66.7,5907.7,20647.9,,,1,0,0,Lectura invalida de DHT
2026-05-12,16:47:51,maceta1,42.0,42.0,71.9,72.2,72.1,6141.8,20944.8,,,1,0,0,Lectura invalida de DHT
2026-05-12,16:47:51,maceta2,50.0,50.0,66.3,66.8,66.6,5904.5,19995.1,,,1,0,0,Lectura invalida de DHT
2026-05-12,16:48:18,maceta1,42.0,42.0,71.8,72.0,71.9,5905.0,19955.9,,,1,0,0,Lectura invalida de DHT
2026-05-12,16:48:18,maceta2,51.0,50.0,66.2,66.6,66.4,5987.7,20284.1,,,1,0,0,Lectura invalida de DHT
2026-05-12,16:48:45,maceta1,42.0,42.0,71.7,71.8,71.8,6027.3,20107.8,,,1,0,0,Lectura invalida de DHT
2026-05-12,16:48:45,maceta2,51.0,50.0,66.0,66.5,66.2,6052.8,21007.6,16.2,42.4,1,0,0,
2026-05-12,16:49:12,maceta1,43.0,42.0,71.6,71.8,71.7,6316.1,19940.5,,,1,0,0,Lectura invalida de DHT
2026-05-12,16:49:12,maceta2,51.0,51.0,65.8,66.3,66.1,6085.9,19934.1,16.2,42.4,1,0,0,
2026-05-12,16:49:39,maceta1,43.0,43.0,71.4,71.5,71.5,6133.2,19918.4,,,1,0,0,Lectura invalida de DHT
2026-05-12,16:49:39,maceta2,52.0,51.0,65.6,66.1,65.9,6275.8,19970.3,,,1,0,0,Lectura invalida de DHT
2026-05-12,16:50:06,maceta1,43.0,43.0,71.3,71.4,71.3,6063.1,20314.9,,,1,0,0,Lectura invalida de DHT
2026-05-12,16:50:06,maceta2,52.0,51.0,65.4,66.1,65.7,5839.7,19239.2,,,1,0,0,Lectura invalida de DHT
2026-05-12,16:50:33,maceta1,43.0,43.0,71.1,71.2,71.1,6076.1,21022.0,,,1,0,0,Lectura invalida de DHT
2026-05-12,16:50:33,maceta2,52.0,51.0,65.2,66.0,65.6,5824.3,21286.5,16.2,42.6,1,0,0,
2026-05-12,16:51:00,maceta1,44.0,44.0,71.0,71.0,71.0,6121.6,19904.4,,,1,0,0,Lectura invalida de DHT
2026-05-12,16:51:00,maceta2,52.0,51.0,65.0,65.8,65.4,6074.3,19227.6,16.4,42.5,1,0,0,
2026-05-12,16:51:27,maceta1,44.0,44.0,70.8,70.8,70.8,6349.5,20310.6,,,1,0,0,Lectura invalida de DHT
2026-05-12,16:51:27,maceta2,53.0,51.0,64.9,65.7,65.3,6288.0,20620.5,,,1,0,0,Lectura invalida de DHT
2026-05-12,16:51:53,maceta1,44.0,44.0,70.7,70.7,70.7,6424.5,20676.8,,,1,0,0,Lectura invalida de DHT
2026-05-12,16:51:53,maceta2,53.0,52.0,64.8,65.5,65.2,5935.4,20033.0,,,1,0,0,Lectura invalida de DHT
2026-05-12,16:52:20,maceta1,44.0,44.0,70.5,70.5,70.5,6468.7,19673.6,,,1,0,0,Lectura invalida de DHT
2026-05-12,16:52:20,maceta2,53.0,52.0,64.7,65.4,65.1,6249.1,20014.0,,,1,0,0,Lectura invalida de DHT
2026-05-12,16:52:47,maceta1,44.0,45.0,70.4,70.3,70.3,6350.8,19693.8,,,1,0,0,Lectura invalida de DHT
2026-05-12,16:52:47,maceta2,53.0,52.0,64.6,65.2,64.9,5981.9,20698.9,16.4,42.5,1,0,0,
2026-05-12,16:53:14,maceta1,45.0,45.0,70.1,70.2,70.2,6020.8,21333.5,,,1,0,0,Lectura invalida de DHT
2026-05-12,16:53:14,maceta2,53.0,52.0,64.5,65.0,64.8,6420.3,19167.7,,,1,0,0,Lectura invalida de DHT
2026-05-12,16:55:59,maceta1,45.0,45.0,70.0,70.0,70.0,6281.7,20808.8,,,1,0,0,Lectura invalida de DHT
2026-05-12,16:55:59,maceta2,53.0,53.0,64.4,64.8,64.6,6427.0,20484.3,,,1,0,0,Lectura invalida de DHT
2026-05-12,16:56:34,maceta1,45.0,45.0,69.8,69.8,69.8,6106.3,20443.0,,,1,0,0,Lectura invalida de DHT
2026-05-12,16:56:34,maceta2,54.0,53.0,64.3,64.7,64.5,6008.1,20930.1,16.3,42.5,1,0,0,
2026-05-12,16:57:02,maceta1,46.0,45.0,69.7,69.7,69.7,5978.3,20619.3,,,1,0,0,Lectura invalida de DHT
2026-05-12,16:57:02,maceta2,54.0,53.0,64.1,64.6,64.4,5961.0,21070.5,16.3,42.6,1,0,0,
2026-05-12,16:57:29,maceta1,46.0,46.0,69.5,69.5,69.5,6388.6,19073.2,,,1,0,0,Lectura invalida de DHT
2026-05-12,16:57:29,maceta2,54.0,53.0,63.9,64.4,64.1,6087.9,19426.3,16.4,42.6,1,0,0,
2026-05-12,16:57:56,maceta1,46.0,46.0,69.3,69.3,69.3,5826.9,20545.3,,,1,0,0,Lectura invalida de DHT
2026-05-12,16:57:56,maceta2,54.0,54.0,63.8,64.2,64.0,5968.4,21243.5,16.4,42.5,1,0,0,
2026-05-12,16:58:23,maceta1,46.0,46.0,69.2,69.3,69.3,6431.2,20273.8,,,1,0,0,Lectura invalida de DHT
2026-05-12,16:58:23,maceta2,54.0,54.0,63.7,64.2,63.9,6270.7,20640.4,16.4,42.6,1,0,0,
2026-05-12,16:58:50,maceta1,46.0,46.0,69.1,69.1,69.1,6123.0,20364.4,,,1,0,0,Lectura invalida de DHT
2026-05-12,16:58:50,maceta2,55.0,54.0,63.6,63.9,63.7,6378.2,21204.6,,,1,0,0,Lectura invalida de DHT
2026-05-12,16:59:17,maceta1,46.0,47.0,69.1,68.9,69.0,6246.0,19898.6,,,1,0,0,Lectura invalida de DHT
2026-05-12,16:59:17,maceta2,55.0,54.0,63.4,63.7,63.5,6271.2,20213.2,16.4,42.5,1,0,0,
2026-05-12,16:59:43,maceta1,47.0,47.0,68.9,68.7,68.8,6261.5,19203.7,,,1,0,0,Lectura invalida de DHT
2026-05-12,16:59:43,maceta2,55.0,55.0,63.2,63.6,63.4,6377.0,20355.1,16.4,42.6,1,0,0,
2026-05-12,17:00:11,maceta1,47.0,47.0,68.9,68.6,68.7,6426.6,19483.3,,,1,0,0,Lectura invalida de DHT
2026-05-12,17:00:11,maceta2,55.0,55.0,63.1,63.4,63.3,6077.9,21297.6,16.4,42.6,1,0,0,
2026-05-12,17:00:37,maceta1,47.0,47.0,68.7,68.5,68.6,6245.7,21376.9,,,1,0,0,Lectura invalida de DHT
2026-05-12,17:00:37,maceta2,56.0,55.0,63.0,63.4,63.2,5909.4,21249.8,16.4,42.6,1,0,0,
2026-05-12,17:01:04,maceta1,47.0,47.0,68.5,68.5,68.5,6229.8,20021.7,,,1,0,0,Lectura invalida de DHT
2026-05-12,17:01:04,maceta2,56.0,55.0,62.8,63.1,63.0,6316.6,20120.4,16.4,42.6,1,0,0,
2026-05-12,17:01:39,maceta1,47.0,48.0,68.3,68.3,68.3,5846.7,20166.7,,,1,0,0,Lectura invalida de DHT
2026-05-12,17:01:39,maceta2,56.0,55.0,62.6,63.0,62.8,6052.3,19686.0,,,1,0,0,Lectura invalida de DHT
2026-05-12,17:02:06,maceta1,48.0,48.0,68.2,68.2,68.2,6162.9,19131.8,,,1,0,0,Lectura invalida de DHT
2026-05-12,17:02:06,maceta2,56.0,56.0,62.5,62.8,62.7,6269.9,19982.9,16.4,42.6,1,0,0,
2026-05-12,17:02:33,maceta1,48.0,48.0,68.1,68.0,68.1,5905.1,19093.9,,,1,0,0,Lectura invalida de DHT
2026-05-12,17:02:33,maceta2,57.0,56.0,62.3,62.7,62.5,5989.5,19969.4,16.4,42.6,1,0,0,
2026-05-12,17:03:00,maceta1,48.0,48.0,68.0,67.9,68.0,6316.2,20793.0,,,1,0,0,Lectura invalida de DHT
2026-05-12,17:03:00,maceta2,57.0,56.0,62.1,62.6,62.3,5856.9,19717.2,,,1,0,0,Lectura invalida de DHT
2026-05-12,17:03:27,maceta1,48.0,48.0,67.8,67.7,67.7,6158.6,20345.2,,,1,0,0,Lectura invalida de DHT
2026-05-12,17:03:27,maceta2,57.0,56.0,62.0,62.5,62.2,6494.8,19671.4,16.4,42.6,1,0,0,
2026-05-12,17:03:54,maceta1,48.0,49.0,67.7,67.6,67.7,6276.2,20271.8,,,1,0,0,Lectura invalida de DHT
2026-05-12,17:03:54,maceta2,57.0,57.0,61.9,62.3,62.1,5909.3,21152.7,16.4,42.7,1,0,0,
2026-05-12,17:04:21,maceta1,49.0,49.0,67.6,67.4,67.5,5829.2,19607.8,,,1,0,0,Lectura invalida de DHT
2026-05-12,17:04:21,maceta2,57.0,57.0,61.7,62.2,62.0,6491.9,19174.7,16.4,42.7,1,0,0,
2026-05-12,17:04:48,maceta1,49.0,49.0,67.5,67.2,67.4,5859.4,20861.9,,,1,0,0,Lectura invalida de DHT
2026-05-12,17:04:48,maceta2,58.0,57.0,61.5,62.0,61.8,6484.1,20694.0,16.4,42.7,1,0,0,
2026-05-12,17:05:16,maceta1,49.0,49.0,67.3,67.1,67.2,6301.4,19420.6,,,1,0,0,Lectura invalida de DHT
2026-05-12,17:05:16,maceta2,58.0,57.0,61.5,61.8,61.6,6355.7,19432.1,16.4,42.7,1,0,0,
2026-05-12,17:05:43,maceta1,49.0,49.0,67.1,67.1,67.1,5850.5,19474.8,,,1,0,0,Lectura invalida de DHT
2026-05-12,17:05:43,maceta2,58.0,58.0,61.3,61.6,61.4,6261.6,19861.3,16.4,42.8,1,0,0,
2026-05-12,17:06:11,maceta1,49.0,50.0,67.0,67.0,67.0,5849.9,20151.8,,,1,0,0,Lectura invalida de DHT
2026-05-12,17:06:11,maceta2,58.0,58.0,61.1,61.5,61.3,6204.5,19153.9,16.4,42.7,1,0,0,
2026-05-12,17:06:38,maceta1,50.0,50.0,67.0,66.8,66.9,5808.5,19715.7,,,1,0,0,Lectura invalida de DHT
2026-05-12,17:06:38,maceta2,59.0,58.0,60.9,61.3,61.1,6406.3,19674.9,,,1,0,0,Lectura invalida de DHT
2026-05-12,17:07:05,maceta1,50.0,50.0,66.8,66.7,66.8,6469.6,19618.7,,,1,0,0,Lectura invalida de DHT
2026-05-12,17:07:05,maceta2,59.0,58.0,60.7,61.2,61.0,6002.6,20921.1,16.4,42.8,1,0,0,
2026-05-12,17:07:32,maceta1,50.0,50.0,66.5,66.6,66.6,6316.3,20613.1,,,1,0,0,Lectura invalida de DHT
2026-05-12,17:07:32,maceta2,59.0,59.0,60.7,61.0,60.8,6127.4,21212.5,16.4,42.8,1,0,0,
2026-05-12,17:07:58,maceta1,50.0,50.0,66.5,66.5,66.5,6047.3,20627.4,,,1,0,0,Lectura invalida de DHT
2026-05-12,17:07:58,maceta2,59.0,59.0,60.5,60.9,60.7,6233.6,19553.8,16.4,42.8,1,0,0,
2026-05-12,17:08:25,maceta1,51.0,51.0,66.3,66.3,66.3,6007.6,21061.3,,,1,0,0,Lectura invalida de DHT
2026-05-12,17:08:25,maceta2,59.0,59.0,60.4,60.7,60.6,6087.8,20158.9,,,1,0,0,Lectura invalida de DHT
2026-05-12,17:08:52,maceta1,51.0,51.0,66.1,66.0,66.1,6044.8,20044.3,,,1,0,0,Lectura invalida de DHT
2026-05-12,17:08:52,maceta2,60.0,59.0,60.3,60.6,60.4,6099.2,20175.8,,,1,0,0,Lectura invalida de DHT
2026-05-12,17:09:19,maceta1,51.0,51.0,66.0,65.9,65.9,6342.3,19182.7,,,1,0,0,Lectura invalida de DHT
2026-05-12,17:09:19,maceta2,60.0,60.0,60.2,60.3,60.3,6031.2,21183.9,,,1,0,0,Lectura invalida de DHT
2026-05-12,17:09:46,maceta1,51.0,51.0,65.9,65.7,65.8,6263.0,19684.2,,,1,0,0,Lectura invalida de DHT
2026-05-12,17:09:46,maceta2,60.0,60.0,60.0,60.1,60.0,6195.0,20907.0,16.5,42.9,1,0,0,
2026-05-12,17:10:12,maceta1,51.0,52.0,65.7,65.5,65.6,5929.6,21450.0,,,1,0,0,Lectura invalida de DHT
2026-05-12,17:10:12,maceta2,60.0,60.0,59.8,59.9,59.8,6395.4,20282.7,16.5,42.9,1,0,0,
2026-05-12,17:10:39,maceta1,51.0,52.0,65.7,65.3,65.5,5921.9,20490.6,,,1,0,0,Lectura invalida de DHT
2026-05-12,17:10:39,maceta2,60.0,60.0,59.7,59.8,59.8,5941.1,20676.9,,,1,0,0,Lectura invalida de DHT
2026-05-12,17:11:06,maceta1,52.0,52.0,65.5,65.2,65.3,5868.9,20774.3,,,1,0,0,Lectura invalida de DHT
2026-05-12,17:11:06,maceta2,61.0,60.0,59.6,59.7,59.7,6454.1,21118.4,16.5,42.7,1,0,0,
2026-05-12,17:11:33,maceta1,52.0,52.0,65.4,65.0,65.2,6262.2,19018.4,,,1,0,0,Lectura invalida de DHT
2026-05-12,17:11:33,maceta2,61.0,61.0,59.4,59.5,59.5,6282.4,19023.8,16.5,42.7,1,0,0,
2026-05-12,17:12:00,maceta1,52.0,53.0,65.3,64.8,65.1,6335.1,20295.5,,,1,0,0,Lectura invalida de DHT
2026-05-12,17:12:00,maceta2,61.0,61.0,59.3,59.3,59.3,6376.3,20007.2,,,1,0,0,Lectura invalida de DHT
2026-05-12,17:12:26,maceta1,52.0,53.0,65.1,64.6,64.9,5985.5,19093.8,,,1,0,0,Lectura invalida de DHT
2026-05-12,17:12:26,maceta2,61.0,61.0,59.1,59.2,59.2,6189.3,21268.1,16.5,42.6,1,0,0,
2026-05-12,17:12:53,maceta1,53.0,53.0,64.9,64.4,64.7,5814.7,20423.1,,,1,0,0,Lectura invalida de DHT
2026-05-12,17:12:53,maceta2,62.0,61.0,58.9,59.1,59.0,6345.7,20850.8,16.5,42.6,1,0,0,
2026-05-12,17:13:20,maceta1,53.0,54.0,64.7,64.3,64.5,5857.5,21301.9,,,1,0,0,Lectura invalida de DHT
2026-05-12,17:13:20,maceta2,62.0,62.0,58.8,58.8,58.8,5811.3,20357.1,,,1,0,0,Lectura invalida de DHT
2026-05-12,17:13:47,maceta1,53.0,54.0,64.6,64.2,64.4,6477.5,21421.0,,,1,0,0,Lectura invalida de DHT
2026-05-12,17:13:47,maceta2,62.0,62.0,58.6,58.7,58.7,6372.9,20324.1,16.5,42.7,1,0,0,
2026-05-12,17:14:14,maceta1,53.0,54.0,64.5,64.0,64.2,6006.8,20351.4,,,1,0,0,Lectura invalida de DHT
2026-05-12,17:14:14,maceta2,62.0,62.0,58.4,58.5,58.5,5828.1,19869.4,16.6,42.7,1,0,0,
2026-05-12,17:14:41,maceta1,54.0,54.0,64.3,63.7,64.0,6338.5,20145.5,,,1,0,0,Lectura invalida de DHT
2026-05-12,17:14:41,maceta2,62.0,63.0,58.4,58.3,58.3,6422.9,20301.3,,,1,0,0,Lectura invalida de DHT
2026-05-12,17:15:08,maceta1,54.0,55.0,64.2,63.6,63.9,6237.3,21362.5,,,1,0,0,Lectura invalida de DHT
2026-05-12,17:15:08,maceta2,63.0,63.0,58.1,58.1,58.1,6494.4,20638.5,16.6,42.8,1,0,0,
2026-05-12,17:15:34,maceta1,54.0,55.0,64.1,63.5,63.8,6067.4,20684.0,,,1,0,0,Lectura invalida de DHT
2026-05-12,17:15:34,maceta2,63.0,63.0,57.9,57.9,57.9,6005.8,20045.9,16.6,42.8,1,0,0,
2026-05-12,17:16:01,maceta1,54.0,55.0,63.9,63.4,63.7,5944.0,19162.2,,,1,0,0,Lectura invalida de DHT
2026-05-12,17:16:01,maceta2,63.0,64.0,57.8,57.6,57.7,5947.2,20785.4,,,1,0,0,Lectura invalida de DHT
2026-05-12,17:16:28,maceta1,54.0,55.0,63.7,63.2,63.5,5885.0,20164.3,,,1,0,0,Lectura invalida de DHT
2026-05-12,17:16:28,maceta2,64.0,64.0,57.6,57.5,57.6,6335.8,21153.1,16.6,42.8,1,0,0,
2026-05-12,17:16:55,maceta1,55.0,55.0,63.5,63.2,63.3,6230.5,19600.6,,,1,0,0,Lectura invalida de DHT
2026-05-12,17:16:55,maceta2,64.0,64.0,57.4,57.4,57.4,5977.1,19386.7,16.6,42.8,1,0,0,
2026-05-12,17:17:21,maceta1,55.0,56.0,63.3,62.9,63.1,6342.2,20174.5,,,1,0,0,Lectura invalida de DHT
2026-05-12,17:17:21,maceta2,64.0,64.0,57.4,57.1,57.3,6405.9,20128.9,,,1,0,0,Lectura invalida de DHT
2026-05-12,17:17:48,maceta1,55.0,56.0,63.1,62.7,62.9,6250.7,20138.7,,,1,0,0,Lectura invalida de DHT
2026-05-12,17:17:48,maceta2,64.0,65.0,57.2,56.9,57.1,5872.0,20020.1,16.6,42.8,1,0,0,
2026-05-12,17:18:15,maceta1,56.0,56.0,62.9,62.6,62.7,6171.2,20455.4,,,1,0,0,Lectura invalida de DHT
2026-05-12,17:18:15,maceta2,64.0,65.0,57.1,56.8,56.9,5888.2,20718.7,,,1,0,0,Lectura invalida de DHT
2026-05-12,17:18:42,maceta1,56.0,56.0,62.7,62.4,62.5,5829.4,19891.9,,,1,0,0,Lectura invalida de DHT
2026-05-12,17:18:42,maceta2,65.0,65.0,56.9,56.5,56.7,6485.4,19624.7,,,1,0,0,Lectura invalida de DHT
2026-05-12,17:19:09,maceta1,56.0,57.0,62.5,62.2,62.3,6477.9,19410.7,,,1,0,0,Lectura invalida de DHT
2026-05-12,17:19:09,maceta2,65.0,66.0,56.7,56.3,56.5,6271.7,20600.6,16.6,42.8,1,0,0,
2026-05-12,17:19:36,maceta1,56.0,57.0,62.4,62.1,62.2,6359.1,20259.3,,,1,0,0,Lectura invalida de DHT
2026-05-12,17:19:36,maceta2,65.0,66.0,56.6,56.1,56.3,6392.8,21193.7,16.6,42.8,1,0,0,
2026-05-12,17:20:02,maceta1,57.0,57.0,62.2,62.0,62.1,6005.0,21075.5,,,1,0,0,Lectura invalida de DHT
2026-05-12,17:20:02,maceta2,65.0,66.0,56.5,56.0,56.3,6027.0,20045.3,,,1,0,0,Lectura invalida de DHT
2026-05-12,17:20:29,maceta1,57.0,57.0,62.1,61.9,62.0,6486.0,20660.0,,,1,0,0,Lectura invalida de DHT
2026-05-12,17:20:29,maceta2,65.0,66.0,56.4,55.8,56.1,6273.5,21277.5,16.6,42.8,1,0,0,
2026-05-12,17:20:57,maceta1,57.0,57.0,62.0,61.7,61.8,6221.3,19845.9,,,1,0,0,Lectura invalida de DHT
2026-05-12,17:20:57,maceta2,65.0,66.0,56.4,55.7,56.0,6216.0,21482.9,16.6,42.8,1,0,0,
2026-05-12,17:21:24,maceta1,57.0,57.0,61.8,61.7,61.7,6207.7,21338.8,,,1,0,0,Lectura invalida de DHT
2026-05-12,17:21:24,maceta2,66.0,67.0,56.3,55.5,55.9,6222.2,19265.2,,,1,0,0,Lectura invalida de DHT
2026-05-12,17:21:51,maceta1,58.0,58.0,61.7,61.6,61.6,6323.7,21280.5,,,1,0,0,Lectura invalida de DHT
2026-05-12,17:21:51,maceta2,66.0,67.0,56.0,55.4,55.7,6277.8,19582.6,,,1,0,0,Lectura invalida de DHT
2026-05-12,17:22:18,maceta1,58.0,58.0,61.5,61.4,61.5,6368.2,19523.4,,,1,0,0,Lectura invalida de DHT
2026-05-12,17:22:18,maceta2,66.0,67.0,55.9,55.3,55.6,6202.8,21375.9,16.6,42.8,1,0,0,
2026-05-12,17:22:45,maceta1,58.0,58.0,61.3,61.4,61.3,6259.5,19098.5,,,1,0,0,Lectura invalida de DHT
2026-05-12,17:22:45,maceta2,66.0,67.0,55.8,55.2,55.5,6100.3,21395.8,16.7,42.8,1,0,0,
2026-05-12,17:23:11,maceta1,58.0,58.0,61.1,61.2,61.1,5889.7,20853.3,,,1,0,0,Lectura invalida de DHT
2026-05-12,17:23:11,maceta2,67.0,67.0,55.6,55.1,55.4,5993.1,19244.3,16.7,42.8,1,0,0,
2026-05-12,17:23:38,maceta1,59.0,58.0,60.8,61.1,61.0,6036.8,21069.0,,,1,0,0,Lectura invalida de DHT
2026-05-12,17:23:38,maceta2,67.0,68.0,55.5,54.9,55.2,6338.0,19037.5,16.7,42.8,1,0,0,
2026-05-12,17:24:05,maceta1,59.0,58.0,60.7,61.0,60.9,6449.7,21419.7,,,1,0,0,Lectura invalida de DHT
2026-05-12,17:24:05,maceta2,67.0,68.0,55.3,54.8,55.0,5958.4,19402.8,,,1,0,0,Lectura invalida de DHT
2026-05-12,17:24:32,maceta1,59.0,59.0,60.5,60.9,60.7,5957.2,21224.6,,,1,0,0,Lectura invalida de DHT
2026-05-12,17:24:32,maceta2,67.0,68.0,55.2,54.6,54.9,6284.6,21490.0,16.7,42.8,1,0,0,
2026-05-12,17:24:59,maceta1,60.0,59.0,60.3,60.9,60.6,6060.5,20501.3,,,1,0,0,Lectura invalida de DHT
2026-05-12,17:24:59,maceta2,67.0,68.0,55.1,54.5,54.8,5963.3,19450.0,16.7,42.8,1,0,0,
2026-05-12,17:25:26,maceta1,60.0,59.0,60.2,60.7,60.4,6102.5,20325.1,,,1,0,0,Lectura invalida de DHT
2026-05-12,17:25:26,maceta2,67.0,69.0,55.0,54.2,54.6,6237.7,20256.4,16.7,42.8,1,0,0,
2026-05-12,17:25:55,maceta1,60.0,59.0,59.9,60.5,60.2,6107.6,19069.6,,,1,0,0,Lectura invalida de DHT
2026-05-12,17:25:55,maceta2,68.0,69.0,54.8,54.2,54.5,6323.0,21121.0,16.7,42.8,1,0,0,
2026-05-12,17:26:21,maceta1,60.0,59.0,59.8,60.4,60.1,6229.1,19616.6,,,1,0,0,Lectura invalida de DHT
2026-05-12,17:26:21,maceta2,68.0,69.0,54.8,54.1,54.4,5953.1,19051.0,16.7,42.9,1,0,0,
2026-05-12,17:26:51,maceta1,60.0,60.0,59.7,60.2,60.0,6460.2,20149.0,,,1,0,0,Lectura invalida de DHT
2026-05-12,17:26:51,maceta2,68.0,69.0,54.7,53.9,54.3,5842.0,20511.2,16.7,42.9,1,0,0,
2026-05-12,17:27:18,maceta1,61.0,60.0,59.6,60.1,59.8,5968.5,20571.3,,,1,0,0,Lectura invalida de DHT
2026-05-12,17:27:18,maceta2,68.0,69.0,54.5,53.8,54.1,5891.7,19692.6,16.7,42.8,1,0,0,
2026-05-12,17:27:45,maceta1,61.0,60.0,59.5,59.9,59.7,5885.1,20393.1,,,1,0,0,Lectura invalida de DHT
2026-05-12,17:27:45,maceta2,69.0,69.0,54.3,53.7,54.0,6224.2,21155.8,16.7,42.9,1,0,0,
2026-05-12,17:28:12,maceta1,61.0,61.0,59.3,59.6,59.5,5938.2,20856.6,,,1,0,0,Lectura invalida de DHT
2026-05-12,17:28:12,maceta2,69.0,70.0,54.3,53.5,53.9,6394.6,19708.7,16.8,42.9,1,0,0,
2026-05-12,17:28:39,maceta1,61.0,61.0,59.2,59.5,59.3,6420.8,19699.4,,,1,0,0,Lectura invalida de DHT
2026-05-12,17:28:39,maceta2,69.0,70.0,54.2,53.3,53.8,5831.5,20716.9,16.7,43.0,1,0,0,
2026-05-12,17:29:06,maceta1,61.0,61.0,59.0,59.4,59.2,6252.1,20412.4,,,1,0,0,Lectura invalida de DHT
2026-05-12,17:29:06,maceta2,69.0,70.0,54.1,53.2,53.7,6313.9,20685.5,16.8,42.9,1,0,0,
2026-05-12,17:29:34,maceta1,62.0,61.0,58.8,59.2,59.0,6000.1,19220.4,,,1,0,0,Lectura invalida de DHT
2026-05-12,17:29:34,maceta2,69.0,70.0,53.9,53.1,53.5,6038.9,19553.7,,,1,0,0,Lectura invalida de DHT
2026-05-12,17:30:14,maceta1,62.0,61.0,58.7,59.1,58.9,6371.2,20034.2,,,1,0,0,Lectura invalida de DHT
2026-05-12,17:30:14,maceta2,69.0,70.0,53.7,53.1,53.4,6135.0,19087.0,,,1,0,0,Lectura invalida de DHT
2026-05-12,17:30:41,maceta1,62.0,62.0,58.7,58.9,58.8,6403.0,20875.4,,,1,0,0,Lectura invalida de DHT
2026-05-12,17:30:41,maceta2,70.0,71.0,53.5,52.9,53.2,6450.2,20023.1,16.7,43.0,1,0,0,
2026-05-12,17:31:20,maceta1,62.0,62.0,58.6,58.8,58.7,6392.6,20733.5,,,1,0,0,Lectura invalida de DHT
2026-05-12,17:31:20,maceta2,70.0,71.0,53.4,52.8,53.1,6032.4,19723.0,16.7,43.0,1,0,0,
2026-05-12,17:32:04,maceta1,62.0,62.0,58.5,58.7,58.6,6443.2,21476.6,,,1,0,0,Lectura invalida de DHT
2026-05-12,17:32:04,maceta2,70.0,71.0,53.1,52.6,52.9,6125.7,21022.4,16.7,43.0,1,0,0,
2026-05-12,17:32:47,maceta1,63.0,62.0,58.3,58.4,58.4,5976.6,19694.7,,,1,0,0,Lectura invalida de DHT
2026-05-12,17:32:47,maceta2,71.0,71.0,53.0,52.4,52.7,5809.6,21000.9,16.8,43.0,1,0,0,
2026-05-12,17:33:14,maceta1,63.0,63.0,58.2,58.3,58.2,6328.5,20245.5,,,1,0,0,Lectura invalida de DHT
2026-05-12,17:33:14,maceta2,71.0,71.0,52.8,52.3,52.6,5857.1,20142.6,16.8,43.0,1,0,0,
2026-05-12,17:33:41,maceta1,63.0,63.0,58.1,58.0,58.0,6122.4,19823.8,,,1,0,0,Lectura invalida de DHT
2026-05-12,17:33:41,maceta2,71.0,72.0,52.7,52.3,52.5,5981.0,20516.3,16.8,43.1,1,0,0,
2026-05-12,17:34:08,maceta1,63.0,63.0,58.0,58.0,58.0,6389.4,20101.5,,,1,0,0,Lectura invalida de DHT
2026-05-12,17:34:08,maceta2,71.0,72.0,52.6,52.1,52.3,5819.5,20510.6,,,1,0,0,Lectura invalida de DHT
2026-05-12,17:34:34,maceta1,63.0,63.0,57.8,57.9,57.8,6309.9,21142.4,,,1,0,0,Lectura invalida de DHT
2026-05-12,17:34:34,maceta2,71.0,72.0,52.5,51.9,52.2,6242.0,21067.9,16.8,43.0,1,0,0,
2026-05-12,17:35:02,maceta1,63.0,63.0,57.8,57.7,57.7,6343.5,20710.5,,,1,0,0,Lectura invalida de DHT
2026-05-12,17:35:02,maceta2,72.0,72.0,52.3,51.8,52.0,6098.5,20062.5,16.8,43.0,1,0,0,
2026-05-12,17:35:29,maceta1,64.0,64.0,57.6,57.5,57.5,6259.3,21206.1,,,1,0,0,Lectura invalida de DHT
2026-05-12,17:35:29,maceta2,72.0,73.0,52.2,51.6,51.9,6183.7,19688.6,16.8,43.1,1,0,0,
2026-05-12,17:35:56,maceta1,64.0,64.0,57.4,57.4,57.4,5924.2,19508.8,,,1,0,0,Lectura invalida de DHT
2026-05-12,17:35:56,maceta2,72.0,73.0,52.0,51.5,51.7,5922.3,19662.6,,,1,0,0,Lectura invalida de DHT
2026-05-12,17:36:15,maceta1,64.0,64.0,57.2,57.2,57.2,6181.5,21183.4,,,1,0,0,Lectura invalida de DHT
2026-05-12,17:36:15,maceta2,72.0,73.0,51.8,51.3,51.6,6007.2,20340.5,16.8,43.1,1,0,0,
2026-05-12,17:36:42,maceta1,64.0,64.0,57.0,57.1,57.1,6489.3,19149.4,,,1,0,0,Lectura invalida de DHT
2026-05-12,17:36:42,maceta2,72.0,73.0,51.7,51.2,51.4,6264.7,20122.9,16.8,43.1,1,0,0,
2026-05-12,17:37:09,maceta1,65.0,65.0,56.9,57.0,56.9,6456.2,21221.5,,,1,0,0,Lectura invalida de DHT
2026-05-12,17:37:09,maceta2,73.0,74.0,51.5,50.9,51.2,6475.7,20100.3,,,1,0,0,Lectura invalida de DHT
2026-05-12,17:37:35,maceta1,65.0,65.0,56.8,56.8,56.8,5830.2,19822.7,,,1,0,0,Lectura invalida de DHT
2026-05-12,17:37:35,maceta2,73.0,74.0,51.4,50.8,51.1,5835.3,19227.8,,,1,0,0,Lectura invalida de DHT
2026-05-12,17:38:02,maceta1,65.0,65.0,56.6,56.7,56.7,5915.4,19786.5,,,1,0,0,Lectura invalida de DHT
2026-05-12,17:38:02,maceta2,73.0,74.0,51.2,50.6,50.9,6423.3,20796.5,16.8,43.0,1,0,0,
2026-05-12,17:38:41,maceta1,65.0,65.0,56.5,56.6,56.6,5892.2,20280.2,,,1,0,0,Lectura invalida de DHT
2026-05-12,17:38:41,maceta2,74.0,74.0,50.9,50.5,50.7,6203.8,19534.3,,,1,0,0,Lectura invalida de DHT
2026-05-12,17:39:12,maceta1,65.0,65.0,56.3,56.5,56.4,6308.2,21351.7,,,1,0,0,Lectura invalida de DHT
2026-05-12,17:39:12,maceta2,74.0,75.0,50.8,50.3,50.6,6194.7,19492.4,,,1,0,0,Lectura invalida de DHT
2026-05-12,17:39:39,maceta1,66.0,66.0,56.2,56.3,56.2,6372.4,19119.5,,,1,0,0,Lectura invalida de DHT
2026-05-12,17:39:39,maceta2,74.0,75.0,50.8,50.2,50.5,6150.2,20031.9,16.8,43.1,1,0,0,
2026-05-12,17:40:15,maceta1,66.0,66.0,55.9,56.1,56.0,5949.5,19880.6,,,1,0,0,Lectura invalida de DHT
2026-05-12,17:40:15,maceta2,74.0,75.0,50.6,50.1,50.4,5848.6,19569.4,16.8,43.2,1,0,0,
2026-05-12,17:40:49,maceta1,66.0,66.0,55.7,55.9,55.8,6154.1,21141.4,,,1,0,0,Lectura invalida de DHT
2026-05-12,17:40:49,maceta2,74.0,75.0,50.5,50.0,50.2,5862.9,20459.6,16.8,43.2,1,0,1,
2026-05-12,17:41:17,maceta1,67.0,67.0,55.6,55.6,55.6,6388.5,19990.1,,,1,0,0,Lectura invalida de DHT
2026-05-12,17:41:17,maceta2,28.0,29.0,81.1,80.6,80.9,6220.6,19928.7,16.8,43.2,1,0,0,
2026-05-12,17:41:45,maceta1,67.0,67.0,55.4,55.4,55.4,6313.0,19497.9,,,1,0,0,Lectura invalida de DHT
2026-05-12,17:41:45,maceta2,29.0,29.0,81.0,80.4,80.7,6038.7,20122.3,,,1,0,0,Lectura invalida de DHT
2026-05-12,17:42:11,maceta1,67.0,67.0,55.2,55.2,55.2,6179.6,20062.0,,,1,0,0,Lectura invalida de DHT
2026-05-12,17:42:11,maceta2,29.0,30.0,80.9,80.2,80.5,6442.1,20342.9,16.8,43.2,1,0,0,
2026-05-12,17:42:38,maceta1,67.0,67.0,55.0,55.1,55.1,6213.2,19963.9,,,1,0,0,Lectura invalida de DHT
2026-05-12,17:42:38,maceta2,29.0,30.0,80.8,80.1,80.5,6084.6,19508.8,16.8,43.2,1,0,0,
2026-05-12,17:43:05,maceta1,68.0,68.0,54.9,54.8,54.9,6155.9,21288.5,,,1,0,0,Lectura invalida de DHT
2026-05-12,17:43:05,maceta2,29.0,30.0,80.6,80.0,80.3,5900.3,19389.4,16.8,43.2,1,0,0,
2026-05-12,17:43:32,maceta1,68.0,68.0,54.9,54.7,54.8,6008.3,20904.8,,,1,0,0,Lectura invalida de DHT
2026-05-12,17:43:32,maceta2,29.0,30.0,80.4,79.9,80.2,6300.3,21201.1,16.8,43.2,1,0,0,
2026-05-12,17:43:51,maceta1,68.0,68.0,54.7,54.5,54.6,6195.5,20262.8,,,1,0,0,Lectura invalida de DHT
2026-05-12,17:43:51,maceta2,30.0,30.0,80.3,79.8,80.0,6005.3,20084.3,16.8,43.2,1,0,0,
2026-05-12,17:44:31,maceta1,68.0,69.0,54.5,54.3,54.4,6282.2,21470.9,,,1,0,0,Lectura invalida de DHT
2026-05-12,17:44:31,maceta2,30.0,30.0,80.0,79.7,79.9,6167.8,20030.2,16.8,43.2,1,0,0,
2026-05-12,17:55:10,maceta1,68.0,69.0,54.3,54.2,54.3,6411.3,20163.2,,,1,0,0,Lectura invalida de DHT
2026-05-12,17:55:10,maceta2,30.0,31.0,79.9,79.5,79.7,6288.5,19089.0,,,1,0,0,Lectura invalida de DHT
2026-05-12,18:34:01,maceta1,69.0,69.0,54.2,54.1,54.1,27.5,26.1,18.6,41.0,0,0,0,
2026-05-12,18:34:01,maceta2,30.0,31.0,79.7,79.3,79.5,5.0,16.5,16.9,43.2,0,0,0,
2026-05-12,18:34:25,maceta1,69.0,69.0,54.1,54.0,54.0,21.2,23.3,18.3,47.8,0,0,0,
2026-05-12,18:34:25,maceta2,31.0,31.0,79.5,79.1,79.3,29.4,19.0,,,0,0,0,Lectura invalida de DHT
2026-05-12,18:34:49,maceta1,69.0,69.0,53.9,53.9,53.9,21.7,2.5,,,0,0,0,Lectura invalida de DHT
2026-05-12,18:34:49,maceta2,31.0,31.0,79.3,79.1,79.2,11.3,17.7,17.2,43.9,0,0,0,
2026-05-12,18:35:13,maceta1,69.0,69.0,53.7,53.8,53.8,2.6,26.7,18.4,46.2,0,0,0,
2026-05-12,18:35:13,maceta2,31.0,32.0,79.1,78.9,79.0,3.2,27.5,17.2,43.9,0,0,0,
2026-05-12,18:35:37,maceta1,70.0,69.0,53.6,53.7,53.7,6.6,14.2,,,0,0,0,Lectura invalida de DHT
2026-05-12,18:35:37,maceta2,32.0,32.0,78.9,78.9,78.9,14.8,26.9,17.2,43.7,0,0,0,
2026-05-12,18:36:07,maceta1,70.0,70.0,53.3,53.6,53.5,0.3,22.3,18.4,49.1,0,0,0,
2026-05-12,18:36:07,maceta2,32.0,32.0,78.6,78.8,78.7,26.2,29.1,17.2,43.9,0,0,0,
2026-05-12,18:36:31,maceta1,70.0,70.0,53.3,53.4,53.4,21.5,4.2,,,0,0,0,Lectura invalida de DHT
2026-05-12,18:36:31,maceta2,32.0,32.0,78.5,78.7,78.6,26.6,20.0,17.2,43.9,0,0,0,
2026-05-12,18:36:55,maceta1,70.0,70.0,53.1,53.2,53.1,10.3,20.1,18.5,43.0,0,0,0,
2026-05-12,18:36:55,maceta2,33.0,32.0,78.3,78.5,78.4,0.3,29.2,17.2,43.9,0,0,0,
2026-05-12,18:37:20,maceta1,71.0,70.0,52.9,53.1,53.0,23.6,7.1,18.5,44.1,0,0,0,
2026-05-12,18:37:20,maceta2,33.0,33.0,78.2,78.3,78.3,26.6,25.0,17.2,43.9,0,0,0,
2026-05-12,18:37:44,maceta1,71.0,71.0,52.7,52.9,52.8,10.2,13.2,,,0,0,0,Lectura invalida de DHT
2026-05-12,18:37:44,maceta2,33.0,33.0,78.1,78.2,78.1,8.1,8.1,17.2,43.9,0,0,0,
2026-05-12,18:43:40,maceta1,71.0,71.0,52.5,52.7,52.6,24.6,0.5,,,0,0,0,Lectura invalida de DHT
2026-05-12,18:43:40,maceta2,33.0,33.0,77.9,78.1,78.0,1.2,12.8,17.2,43.9,0,0,0,
2026-05-12,18:44:04,maceta1,71.0,71.0,52.4,52.6,52.5,3.9,4.5,,,0,0,0,Lectura invalida de DHT
2026-05-12,18:44:04,maceta2,33.0,33.0,77.7,77.9,77.8,25.4,7.2,,,0,0,0,Lectura invalida de DHT
2026-05-12,18:44:28,maceta1,72.0,71.0,52.2,52.4,52.3,5.2,2.8,,,0,0,0,Lectura invalida de DHT
2026-05-12,18:44:28,maceta2,34.0,33.0,77.6,77.7,77.7,25.9,0.1,,,0,0,0,Lectura invalida de DHT
2026-05-12,18:45:19,maceta1,72.0,72.0,52.2,52.3,52.2,10.2,7.2,,,0,0,0,Lectura invalida de DHT
2026-05-12,18:45:19,maceta2,34.0,34.0,77.5,77.6,77.5,17.9,5.6,17.3,44.0,0,0,0,
2026-05-12,18:45:43,maceta1,72.0,72.0,51.9,52.3,52.1,12.3,3.0,,,0,0,0,Lectura invalida de DHT
2026-05-12,18:45:43,maceta2,34.0,34.0,77.4,77.4,77.4,17.2,0.1,17.3,44.0,0,0,0,
2026-05-12,18:46:07,maceta1,72.0,72.0,51.9,52.2,52.0,10.5,20.8,,,0,0,0,Lectura invalida de DHT
2026-05-12,18:46:07,maceta2,34.0,34.0,77.3,77.4,77.3,24.4,21.6,17.4,43.9,0,0,0,
2026-05-12,18:46:22,maceta1,73.0,72.0,51.6,51.9,51.8,22.9,0.9,,,0,0,0,Lectura invalida de DHT
2026-05-12,18:46:22,maceta2,34.0,34.0,77.2,77.2,77.2,23.6,12.8,17.4,43.9,0,0,0,
2026-05-12,18:46:31,maceta1,73.0,72.0,51.5,51.8,51.6,2.9,18.5,,,0,0,0,Lectura invalida de DHT
2026-05-12,18:46:31,maceta2,34.0,34.0,77.0,77.1,77.1,26.7,9.4,,,0,0,0,Lectura invalida de DHT
2026-05-12,18:46:40,maceta1,73.0,73.0,51.4,51.7,51.5,10.5,4.2,,,0,0,0,Lectura invalida de DHT
2026-05-12,18:46:40,maceta2,35.0,35.0,76.9,76.9,76.9,16.6,22.9,17.4,43.9,0,0,0,
2026-05-12,18:46:49,maceta1,73.0,73.0,51.2,51.6,51.4,25.1,28.4,,,0,0,0,Lectura invalida de DHT
2026-05-12,18:46:49,maceta2,35.0,35.0,76.6,76.6,76.6,29.0,25.0,17.4,44.0,0,0,0,
2026-05-12,18:46:58,maceta1,73.0,73.0,51.0,51.4,51.2,2.0,28.0,,,0,0,0,Lectura invalida de DHT
2026-05-12,18:46:58,maceta2,35.0,35.0,76.4,76.5,76.5,29.9,29.3,17.4,44.0,0,0,0,
2026-05-12,18:47:07,maceta1,74.0,73.0,50.9,51.3,51.1,28.3,6.8,,,0,0,0,Lectura invalida de DHT
2026-05-12,18:47:07,maceta2,36.0,35.0,76.3,76.4,76.4,3.5,19.3,17.4,43.9,0,0,0,
2026-05-12,18:47:16,maceta1,74.0,73.0,50.8,51.1,50.9,29.6,18.4,,,0,0,0,Lectura invalida de DHT
2026-05-12,18:47:16,maceta2,36.0,36.0,76.2,76.2,76.2,25.5,13.8,,,0,0,0,Lectura invalida de DHT
2026-05-12,18:47:25,maceta1,74.0,74.0,50.7,51.0,50.8,2.7,0.8,,,0,0,0,Lectura invalida de DHT
2026-05-12,18:47:25,maceta2,36.0,36.0,76.1,76.0,76.1,15.0,9.2,17.4,43.9,0,0,0,
2026-05-12,18:47:34,maceta1,74.0,74.0,50.5,50.7,50.6,8.7,28.0,,,0,0,0,Lectura invalida de DHT
2026-05-12,18:47:34,maceta2,36.0,36.0,75.9,75.9,75.9,11.6,6.7,17.4,44.0,0,0,0,
2026-05-12,18:47:43,maceta1,74.0,74.0,50.4,50.5,50.4,11.2,15.7,,,0,0,0,Lectura invalida de DHT
2026-05-12,18:47:43,maceta2,36.0,36.0,75.7,75.8,75.8,18.4,6.4,17.4,44.0,0,0,0,
2026-05-12,18:47:52,maceta1,75.0,75.0,50.2,50.2,50.2,23.3,1.3,,,0,0,0,Lectura invalida de DHT
2026-05-12,18:47:52,maceta2,37.0,37.0,75.5,75.7,75.6,1.7,12.3,17.4,44.0,0,0,0,
2026-05-12,18:48:01,maceta1,75.0,75.0,50.2,50.1,50.2,17.9,10.3,,,0,0,0,Lectura invalida de DHT
2026-05-12,18:48:01,maceta2,37.0,37.0,75.3,75.6,75.5,15.2,29.8,,,0,0,0,Lectura invalida de DHT
2026-05-12,18:48:10,maceta1,75.0,75.0,50.1,50.0,50.1,19.3,2.3,,,0,0,0,Lectura invalida de DHT
2026-05-12,18:48:10,maceta2,37.0,37.0,75.2,75.5,75.3,26.1,0.0,17.4,44.0,0,0,0,
2026-05-12,18:48:19,maceta1,75.0,75.0,49.9,49.9,49.9,22.7,11.8,,,0,0,1,Lectura invalida de DHT
2026-05-12,18:48:19,maceta2,37.0,37.0,75.1,75.4,75.2,6.4,5.9,17.4,44.0,0,0,0,
2026-05-12,18:48:28,maceta1,25.0,28.0,83.1,81.2,82.1,3.5,20.1,,,0,0,0,Lectura invalida de DHT
2026-05-12,18:48:28,maceta2,37.0,37.0,75.0,75.2,75.1,12.8,5.7,17.4,44.0,0,0,0,
2026-05-12,18:48:37,maceta1,26.0,28.0,83.0,81.1,82.0,25.0,14.1,,,0,0,0,Lectura invalida de DHT
2026-05-12,18:48:37,maceta2,38.0,38.0,74.9,75.0,74.9,28.2,21.5,,,0,0,0,Lectura invalida de DHT
2026-05-12,18:52:52,maceta1,26.0,29.0,82.8,81.0,81.9,21.2,11.5,,,0,0,0,Lectura invalida de DHT
2026-05-12,18:52:52,maceta2,38.0,38.0,74.9,74.9,74.9,12.9,10.6,,,0,0,0,Lectura invalida de DHT
2026-05-12,18:53:05,maceta1,26.0,29.0,82.7,80.9,81.8,17.3,3.6,,,0,0,0,Lectura invalida de DHT
2026-05-12,18:53:05,maceta2,38.0,38.0,74.6,74.8,74.7,10.8,13.7,17.4,44.0,0,0,0,
2026-05-12,18:53:14,maceta1,26.0,29.0,82.4,80.8,81.6,26.7,7.3,,,0,0,0,Lectura invalida de DHT
2026-05-12,18:53:14,maceta2,38.0,38.0,74.6,74.8,74.7,13.2,4.5,17.4,44.0,0,0,0,
2026-05-12,18:53:23,maceta1,27.0,29.0,82.2,80.6,81.4,21.0,3.0,,,0,0,0,Lectura invalida de DHT
2026-05-12,18:53:23,maceta2,38.0,38.0,74.4,74.5,74.5,15.6,12.1,17.4,44.1,0,0,0,
2026-05-12,18:53:32,maceta1,27.0,29.0,82.2,80.4,81.3,6.1,24.2,,,0,0,0,Lectura invalida de DHT
2026-05-12,18:53:32,maceta2,39.0,38.0,74.2,74.4,74.3,19.0,3.1,17.4,44.0,0,0,0,
2026-05-12,18:53:42,maceta1,27.0,30.0,82.1,80.3,81.2,12.9,4.1,,,0,0,0,Lectura invalida de DHT
2026-05-12,18:53:42,maceta2,39.0,39.0,74.1,74.1,74.1,24.0,16.0,17.4,44.0,0,0,0,
2026-05-12,18:53:51,maceta1,27.0,30.0,81.9,80.1,81.0,14.8,17.9,,,0,0,0,Lectura invalida de DHT
2026-05-12,18:53:51,maceta2,39.0,39.0,74.0,73.9,74.0,13.6,2.9,17.4,44.1,0,0,0,
2026-05-12,18:54:00,maceta1,27.0,30.0,81.9,80.1,81.0,1.7,10.3,,,0,0,0,Lectura invalida de DHT
2026-05-12,18:54:00,maceta2,39.0,39.0,73.9,73.8,73.9,24.5,23.7,17.4,44.1,0,0,0,
2026-05-12,18:54:14,maceta1,28.0,30.0,81.6,79.9,80.8,28.6,6.8,,,0,0,0,Lectura invalida de DHT
2026-05-12,18:54:14,maceta2,39.0,40.0,73.9,73.6,73.7,16.0,17.0,,,0,0,0,Lectura invalida de DHT
2026-05-12,18:54:34,maceta1,28.0,30.0,81.6,79.8,80.7,3.9,19.2,,,0,0,0,Lectura invalida de DHT
2026-05-12,18:54:34,maceta2,39.0,40.0,73.7,73.4,73.6,10.2,21.7,17.4,44.1,0,0,0,
2026-05-12,18:54:44,maceta1,28.0,31.0,81.3,79.6,80.5,20.9,13.7,,,0,0,0,Lectura invalida de DHT
2026-05-12,18:54:44,maceta2,40.0,40.0,73.5,73.3,73.4,19.7,12.6,17.4,44.1,0,0,0,
2026-05-12,18:54:53,maceta1,28.0,31.0,81.1,79.5,80.3,15.2,12.0,,,0,0,0,Lectura invalida de DHT
2026-05-12,18:54:53,maceta2,40.0,40.0,73.3,73.2,73.2,21.5,11.4,17.4,44.1,0,0,0,
2026-05-12,18:55:04,maceta1,29.0,31.0,80.9,79.4,80.2,0.8,17.8,,,0,0,0,Lectura invalida de DHT
2026-05-12,18:55:04,maceta2,40.0,40.0,73.1,73.1,73.1,16.7,2.9,17.4,44.1,0,0,0,
2026-05-12,18:55:13,maceta1,29.0,31.0,80.8,79.3,80.1,27.7,14.7,,,0,0,0,Lectura invalida de DHT
2026-05-12,18:55:13,maceta2,40.0,41.0,73.0,72.9,72.9,1.7,15.7,17.4,44.1,0,0,0,
2026-05-12,18:55:22,maceta1,29.0,31.0,80.7,79.3,80.0,25.6,9.1,,,0,0,0,Lectura invalida de DHT
2026-05-12,18:55:22,maceta2,41.0,41.0,72.8,72.7,72.8,5.1,15.4,17.4,44.1,0,0,0,
2026-05-12,18:55:31,maceta1,29.0,31.0,80.5,79.1,79.8,15.7,16.8,,,0,0,0,Lectura invalida de DHT
2026-05-12,18:55:31,maceta2,41.0,41.0,72.7,72.5,72.6,8.6,14.0,17.4,44.1,0,0,0,
2026-05-12,18:55:40,maceta1,29.0,32.0,80.3,78.9,79.6,6.9,20.1,,,0,0,0,Lectura invalida de DHT
2026-05-12,18:55:40,maceta2,41.0,42.0,72.6,72.3,72.4,8.5,22.2,17.4,44.1,0,0,0,
2026-05-12,18:55:49,maceta1,30.0,32.0,80.1,78.8,79.4,3.6,0.8,,,0,0,0,Lectura invalida de DHT
2026-05-12,18:55:49,maceta2,41.0,42.0,72.5,72.1,72.3,20.2,25.0,,,0,0,0,Lectura invalida de DHT
2026-05-12,18:56:07,maceta1,30.0,32.0,79.9,78.6,79.3,10.9,14.0,,,0,0,0,Lectura invalida de DHT
2026-05-12,18:56:07,maceta2,42.0,42.0,72.3,71.9,72.1,0.6,22.5,17.4,44.1,0,0,0,
2026-05-12,18:56:16,maceta1,30.0,32.0,79.8,78.4,79.1,7.7,1.7,,,0,0,0,Lectura invalida de DHT
2026-05-12,18:56:16,maceta2,42.0,42.0,72.1,71.8,71.9,22.7,4.3,17.4,44.0,0,0,0,
2026-05-12,18:56:25,maceta1,30.0,33.0,79.8,78.2,79.0,15.2,5.6,,,0,0,0,Lectura invalida de DHT
2026-05-12,18:56:25,maceta2,42.0,43.0,72.0,71.6,71.8,8.0,18.7,17.4,44.0,0,0,0,
2026-05-12,18:56:34,maceta1,31.0,33.0,79.7,78.0,78.9,29.0,16.8,,,0,0,0,Lectura invalida de DHT
2026-05-12,18:56:34,maceta2,42.0,43.0,71.8,71.4,71.6,9.3,2.4,17.5,44.0,0,0,0,
2026-05-12,18:56:43,maceta1,31.0,33.0,79.5,78.0,78.7,17.2,26.0,,,0,0,0,Lectura invalida de DHT
2026-05-12,18:56:43,maceta2,42.0,43.0,71.7,71.2,71.5,15.8,20.8,,,0,0,0,Lectura invalida de DHT
2026-05-12,18:56:52,maceta1,31.0,33.0,79.3,77.8,78.5,26.7,26.5,,,0,0,0,Lectura invalida de DHT
2026-05-12,18:56:52,maceta2,43.0,43.0,71.5,71.2,71.3,6.5,11.5,,,0,0,0,Lectura invalida de DHT
2026-05-12,18:57:01,maceta1,31.0,34.0,79.2,77.6,78.4,19.5,2.1,,,0,0,0,Lectura invalida de DHT
2026-05-12,18:57:01,maceta2,43.0,44.0,71.4,70.9,71.2,26.5,4.0,17.5,43.9,0,0,0,
2026-05-12,18:57:10,maceta1,31.0,34.0,79.1,77.4,78.3,14.3,12.6,,,0,0,0,Lectura invalida de DHT
2026-05-12,18:57:10,maceta2,43.0,44.0,71.1,70.8,71.0,2.6,25.9,17.5,43.9,0,0,0,
2026-05-12,18:57:19,maceta1,32.0,34.0,78.9,77.2,78.1,25.6,17.5,,,0,0,0,Lectura invalida de DHT
2026-05-12,18:57:19,maceta2,43.0,44.0,71.1,70.7,70.9,13.3,18.4,17.5,43.9,0,0,0,
2026-05-12,18:57:28,maceta1,32.0,34.0,78.8,77.1,78.0,14.1,4.4,,,0,0,0,Lectura invalida de DHT
2026-05-12,18:57:28,maceta2,44.0,44.0,70.9,70.6,70.8,25.5,10.6,,,0,0,0,Lectura invalida de DHT
2026-05-12,18:57:38,maceta1,32.0,34.0,78.8,77.0,77.9,26.1,23.0,,,0,0,0,Lectura invalida de DHT
2026-05-12,18:57:38,maceta2,44.0,44.0,70.8,70.4,70.6,18.5,0.9,17.5,44.0,0,0,0,
2026-05-12,18:57:48,maceta1,32.0,35.0,78.6,76.8,77.7,8.7,22.3,,,0,0,0,Lectura invalida de DHT
2026-05-12,18:57:48,maceta2,44.0,45.0,70.6,70.2,70.4,8.8,16.1,17.5,44.0,0,0,0,
2026-05-12,18:57:57,maceta1,32.0,35.0,78.5,76.6,77.5,3.9,27.1,,,0,0,0,Lectura invalida de DHT
2026-05-12,18:57:57,maceta2,44.0,45.0,70.6,70.1,70.3,12.6,27.7,,,0,0,0,Lectura invalida de DHT
2026-05-12,18:58:06,maceta1,32.0,36.0,78.4,76.3,77.4,25.7,0.3,,,0,0,0,Lectura invalida de DHT
2026-05-12,18:58:06,maceta2,44.0,45.0,70.3,69.9,70.1,21.2,17.9,,,0,0,0,Lectura invalida de DHT
2026-05-12,18:58:15,maceta1,32.0,36.0,78.3,76.1,77.2,17.6,6.5,,,0,0,0,Lectura invalida de DHT
2026-05-12,18:58:15,maceta2,45.0,45.0,70.1,69.7,69.9,29.2,29.1,17.5,44.1,0,0,0,
2026-05-12,18:58:24,maceta1,33.0,36.0,78.3,75.8,77.1,26.7,24.8,,,0,0,0,Lectura invalida de DHT
2026-05-12,18:58:24,maceta2,45.0,46.0,69.9,69.5,69.7,26.8,4.1,17.5,44.0,0,0,0,
2026-05-12,18:58:33,maceta1,33.0,36.0,78.2,75.7,77.0,28.1,20.1,,,0,0,0,Lectura invalida de DHT
2026-05-12,18:58:33,maceta2,45.0,46.0,69.8,69.4,69.6,10.3,17.0,17.5,44.1,0,0,0,
2026-05-12,18:58:42,maceta1,33.0,37.0,78.0,75.6,76.8,1.6,26.8,,,0,0,0,Lectura invalida de DHT
2026-05-12,18:58:42,maceta2,46.0,46.0,69.6,69.3,69.4,29.9,23.9,17.5,44.0,0,0,0,
2026-05-12,18:58:51,maceta1,33.0,37.0,77.9,75.4,76.6,15.0,1.7,,,0,0,0,Lectura invalida de DHT
2026-05-12,18:58:51,maceta2,46.0,46.0,69.4,69.2,69.3,0.1,15.8,17.5,44.1,0,0,0,
2026-05-12,18:59:00,maceta1,33.0,37.0,77.7,75.2,76.4,11.2,17.9,,,0,0,0,Lectura invalida de DHT
2026-05-12,18:59:00,maceta2,46.0,46.0,69.2,69.1,69.2,0.8,2.7,17.5,44.1,0,0,0,
2026-05-12,18:59:09,maceta1,34.0,38.0,77.6,75.0,76.3,18.8,17.1,,,0,0,0,Lectura invalida de DHT
2026-05-12,18:59:09,maceta2,46.0,47.0,69.1,68.9,69.0,24.7,17.5,17.5,44.0,0,0,0,
2026-05-12,18:59:18,maceta1,34.0,38.0,77.5,74.8,76.1,23.8,1.1,,,0,0,0,Lectura invalida de DHT
2026-05-12,18:59:18,maceta2,47.0,47.0,69.0,68.8,68.9,6.0,18.4,17.5,44.0,0,0,0,
2026-05-12,18:59:27,maceta1,34.0,38.0,77.4,74.6,76.0,8.4,15.4,,,0,0,0,Lectura invalida de DHT
2026-05-12,18:59:27,maceta2,47.0,47.0,68.9,68.5,68.7,1.8,21.9,17.5,44.0,0,0,0,
2026-05-12,18:59:37,maceta1,34.0,38.0,77.3,74.5,75.9,16.7,18.3,,,0,0,0,Lectura invalida de DHT
2026-05-12,18:59:37,maceta2,47.0,48.0,68.7,68.3,68.5,7.1,22.8,17.5,44.1,0,0,0,
2026-05-12,18:59:46,maceta1,34.0,38.0,77.1,74.4,75.8,21.3,5.7,,,0,0,0,Lectura invalida de DHT
2026-05-12,18:59:46,maceta2,47.0,48.0,68.5,68.1,68.3,12.8,23.1,17.5,44.1,0,0,0,
2026-05-12,18:59:55,maceta1,34.0,39.0,77.0,74.3,75.7,4.0,8.2,,,0,0,0,Lectura invalida de DHT
2026-05-12,18:59:55,maceta2,47.0,48.0,68.4,68.0,68.2,21.9,19.9,17.5,44.1,0,0,0,
2026-05-12,19:00:04,maceta1,35.0,39.0,76.8,74.2,75.5,24.4,19.2,,,0,0,0,Lectura invalida de DHT
2026-05-12,19:00:04,maceta2,48.0,48.0,68.2,67.8,68.0,18.7,6.5,17.5,44.0,0,0,0,
2026-05-12,19:00:13,maceta1,35.0,39.0,76.6,74.2,75.4,18.2,14.0,,,0,0,0,Lectura invalida de DHT
2026-05-12,19:00:13,maceta2,48.0,48.0,68.0,67.7,67.9,7.1,12.1,17.5,44.1,0,0,0,
2026-05-12,19:00:22,maceta1,35.0,39.0,76.5,74.0,75.3,28.5,25.7,,,0,0,0,Lectura invalida de DHT
2026-05-12,19:00:22,maceta2,48.0,49.0,67.9,67.6,67.8,15.1,23.3,,,0,0,0,Lectura invalida de DHT
2026-05-12,19:00:32,maceta1,35.0,39.0,76.4,73.9,75.1,10.2,10.3,,,0,0,0,Lectura invalida de DHT
2026-05-12,19:00:32,maceta2,48.0,49.0,67.9,67.4,67.6,27.8,28.6,17.5,44.1,0,0,0,
2026-05-12,19:00:41,maceta1,36.0,39.0,76.2,73.8,75.0,3.2,8.0,,,0,0,0,Lectura invalida de DHT
2026-05-12,19:00:41,maceta2,48.0,49.0,67.7,67.2,67.4,24.5,2.4,,,0,0,0,Lectura invalida de DHT
2026-05-12,19:00:50,maceta1,36.0,40.0,76.0,73.6,74.8,15.2,29.5,,,0,0,0,Lectura invalida de DHT
2026-05-12,19:00:50,maceta2,49.0,50.0,67.6,66.9,67.3,9.7,16.1,17.5,44.1,0,0,0,
2026-05-12,19:00:59,maceta1,36.0,40.0,75.9,73.4,74.6,2.6,27.3,,,0,0,0,Lectura invalida de DHT
2026-05-12,19:00:59,maceta2,49.0,50.0,67.6,66.8,67.2,29.5,9.4,17.5,44.0,0,0,0,
2026-05-12,19:01:08,maceta1,36.0,40.0,75.7,73.3,74.5,29.1,0.9,,,0,0,0,Lectura invalida de DHT
2026-05-12,19:01:08,maceta2,49.0,50.0,67.4,66.8,67.1,21.3,6.8,,,0,0,0,Lectura invalida de DHT
2026-05-12,19:01:18,maceta1,37.0,40.0,75.5,73.0,74.3,1.2,23.1,,,0,0,0,Lectura invalida de DHT
2026-05-12,19:01:18,maceta2,49.0,50.0,67.3,66.7,67.0,1.9,15.2,17.5,44.0,0,0,0,
2026-05-12,19:01:27,maceta1,37.0,41.0,75.3,72.9,74.1,22.6,3.3,,,0,0,0,Lectura invalida de DHT
2026-05-12,19:01:27,maceta2,49.0,50.0,67.2,66.5,66.8,1.1,18.2,,,0,0,0,Lectura invalida de DHT
2026-05-12,19:01:36,maceta1,37.0,41.0,75.1,72.8,74.0,15.8,0.8,,,0,0,0,Lectura invalida de DHT
2026-05-12,19:01:36,maceta2,49.0,51.0,67.0,66.3,66.7,5.1,0.3,17.5,44.0,0,0,0,
2026-05-12,19:01:45,maceta1,37.0,41.0,75.0,72.7,73.9,11.1,8.2,,,0,0,0,Lectura invalida de DHT
2026-05-12,19:01:45,maceta2,50.0,51.0,66.9,66.2,66.6,21.8,23.4,17.5,44.0,0,0,0,
2026-05-12,19:01:54,maceta1,38.0,41.0,74.9,72.5,73.7,2.0,8.1,,,0,0,0,Lectura invalida de DHT
2026-05-12,19:01:54,maceta2,50.0,51.0,66.8,66.0,66.4,5.5,24.6,17.5,44.0,0,0,0,
2026-05-12,19:02:03,maceta1,38.0,42.0,74.7,72.3,73.5,18.7,24.6,,,0,0,0,Lectura invalida de DHT
2026-05-12,19:02:03,maceta2,50.0,51.0,66.8,65.8,66.3,15.3,29.0,17.5,44.1,0,0,0,
2026-05-12,19:02:13,maceta1,38.0,42.0,74.6,72.2,73.4,17.6,21.3,,,0,0,0,Lectura invalida de DHT
2026-05-12,19:02:13,maceta2,50.0,52.0,66.7,65.6,66.1,2.8,5.4,,,0,0,0,Lectura invalida de DHT
2026-05-12,19:02:22,maceta1,38.0,42.0,74.4,71.9,73.2,8.4,29.4,,,0,0,0,Lectura invalida de DHT
2026-05-12,19:02:22,maceta2,50.0,52.0,66.4,65.5,66.0,27.6,17.8,,,0,0,0,Lectura invalida de DHT
2026-05-12,19:02:31,maceta1,39.0,42.0,74.3,71.9,73.1,27.3,21.3,,,0,0,0,Lectura invalida de DHT
2026-05-12,19:02:31,maceta2,51.0,52.0,66.2,65.3,65.8,10.3,12.8,17.5,44.0,0,0,0,
2026-05-12,19:02:40,maceta1,39.0,42.0,74.2,71.8,73.0,9.1,12.5,,,0,0,0,Lectura invalida de DHT
2026-05-12,19:02:40,maceta2,51.0,52.0,66.1,65.3,65.7,27.2,10.0,,,0,0,0,Lectura invalida de DHT
2026-05-12,19:02:49,maceta1,39.0,42.0,74.1,71.7,72.9,13.5,21.0,,,0,0,0,Lectura invalida de DHT
2026-05-12,19:02:49,maceta2,51.0,52.0,65.9,65.2,65.5,28.3,17.0,17.5,44.0,0,0,0,
2026-05-12,19:02:58,maceta1,39.0,43.0,73.8,71.6,72.7,16.3,30.0,,,0,0,0,Lectura invalida de DHT
2026-05-12,19:02:58,maceta2,51.0,53.0,65.8,64.9,65.4,0.2,23.5,,,0,0,0,Lectura invalida de DHT
2026-05-12,19:03:07,maceta1,40.0,43.0,73.7,71.5,72.6,3.0,21.3,,,0,0,0,Lectura invalida de DHT
2026-05-12,19:03:07,maceta2,51.0,53.0,65.7,64.8,65.2,13.9,0.7,,,0,0,0,Lectura invalida de DHT
2026-05-12,19:03:16,maceta1,40.0,43.0,73.6,71.3,72.5,28.0,22.9,,,0,0,0,Lectura invalida de DHT
2026-05-12,19:03:16,maceta2,52.0,53.0,65.4,64.6,65.0,0.7,29.1,17.5,44.0,0,0,0,
2026-05-12,19:03:25,maceta1,40.0,43.0,73.4,71.2,72.3,11.2,28.2,,,0,0,0,Lectura invalida de DHT
2026-05-12,19:03:25,maceta2,52.0,53.0,65.3,64.4,64.9,27.3,24.3,17.5,44.0,0,0,0,
2026-05-12,19:03:34,maceta1,40.0,44.0,73.1,71.0,72.1,2.4,3.4,,,0,0,0,Lectura invalida de DHT
2026-05-12,19:03:34,maceta2,52.0,54.0,65.2,64.3,64.8,15.6,22.5,17.5,44.0,0,0,0,
2026-05-12,19:03:43,maceta1,40.0,44.0,73.1,70.9,72.0,11.6,21.1,,,0,0,0,Lectura invalida de DHT
2026-05-12,19:03:43,maceta2,52.0,54.0,65.1,64.1,64.6,2.2,22.8,17.5,44.1,0,0,0,
2026-05-12,19:03:52,maceta1,41.0,44.0,72.9,70.7,71.8,18.0,25.5,,,0,0,0,Lectura invalida de DHT
2026-05-12,19:03:52,maceta2,52.0,54.0,65.0,64.0,64.5,3.3,11.7,17.5,44.0,0,0,0,
2026-05-12,19:04:01,maceta1,41.0,44.0,72.8,70.6,71.7,15.4,28.6,,,0,0,0,Lectura invalida de DHT
2026-05-12,19:04:01,maceta2,53.0,54.0,64.9,63.9,64.4,11.5,22.5,17.5,44.1,0,0,0,
2026-05-12,19:04:10,maceta1,41.0,44.0,72.7,70.4,71.5,20.8,6.3,,,0,0,0,Lectura invalida de DHT
2026-05-12,19:04:10,maceta2,53.0,54.0,64.7,63.8,64.3,28.2,11.6,,,0,0,0,Lectura invalida de DHT
2026-05-12,19:04:19,maceta1,41.0,45.0,72.6,70.3,71.4,1.7,15.1,,,0,0,0,Lectura invalida de DHT
2026-05-12,19:04:19,maceta2,53.0,55.0,64.5,63.7,64.1,20.8,27.0,17.5,44.0,0,0,0,
2026-05-12,19:04:28,maceta1,41.0,45.0,72.4,70.1,71.3,8.5,20.4,,,0,0,0,Lectura invalida de DHT
2026-05-12,19:04:28,maceta2,53.0,55.0,64.5,63.6,64.0,26.0,5.3,17.5,44.1,0,0,0,
2026-05-12,19:04:38,maceta1,42.0,45.0,72.2,69.8,71.0,24.6,7.4,,,0,0,0,Lectura invalida de DHT
2026-05-12,19:04:38,maceta2,53.0,55.0,64.4,63.5,63.9,11.0,8.8,17.5,44.0,0,0,0,
2026-05-12,19:04:47,maceta1,42.0,45.0,72.0,69.7,70.9,2.4,18.0,,,0,0,0,Lectura invalida de DHT
2026-05-12,19:04:47,maceta2,54.0,55.0,64.2,63.3,63.8,1.3,16.5,17.5,44.1,0,0,0,
2026-05-12,19:04:56,maceta1,42.0,46.0,71.9,69.5,70.7,25.7,7.7,,,0,0,0,Lectura invalida de DHT
2026-05-12,19:04:56,maceta2,54.0,55.0,64.1,63.1,63.6,29.2,9.6,17.5,44.1,0,0,0,
2026-05-12,19:05:05,maceta1,42.0,46.0,71.8,69.3,70.5,2.8,10.0,,,0,0,0,Lectura invalida de DHT
2026-05-12,19:05:05,maceta2,54.0,55.0,63.9,63.1,63.5,0.5,12.7,,,0,0,0,Lectura invalida de DHT
2026-05-12,19:05:14,maceta1,43.0,46.0,71.5,69.2,70.3,25.0,13.2,,,0,0,0,Lectura invalida de DHT
2026-05-12,19:05:14,maceta2,54.0,56.0,63.7,62.9,63.3,28.4,14.8,17.5,44.1,0,0,0,
2026-05-12,19:05:23,maceta1,43.0,46.0,71.4,69.1,70.2,10.8,15.9,,,0,0,0,Lectura invalida de DHT
2026-05-12,19:05:23,maceta2,55.0,56.0,63.7,62.7,63.2,11.1,25.7,17.5,44.1,0,0,0,
2026-05-12,19:05:32,maceta1,43.0,46.0,71.3,69.0,70.2,18.4,13.5,,,0,0,0,Lectura invalida de DHT
2026-05-12,19:05:32,maceta2,55.0,56.0,63.4,62.6,63.0,0.3,15.7,17.5,44.1,0,0,0,
2026-05-12,19:05:41,maceta1,43.0,47.0,71.2,68.9,70.1,4.6,14.8,,,0,0,0,Lectura invalida de DHT
2026-05-12,19:05:41,maceta2,55.0,56.0,63.2,62.5,62.8,20.7,10.9,17.5,44.1,0,0,0,
2026-05-12,19:05:51,maceta1,43.0,47.0,71.1,68.7,69.9,2.0,9.0,,,0,0,0,Lectura invalida de DHT
2026-05-12,19:05:51,maceta2,55.0,57.0,63.1,62.3,62.7,29.4,7.4,17.5,44.1,0,0,0,
2026-05-12,19:06:00,maceta1,44.0,47.0,71.0,68.5,69.8,6.5,4.8,,,0,0,0,Lectura invalida de DHT
2026-05-12,19:06:00,maceta2,55.0,57.0,63.1,62.2,62.6,29.0,12.3,17.5,44.1,0,0,0,
2026-05-12,19:06:09,maceta1,44.0,47.0,70.8,68.4,69.6,3.8,1.4,,,0,0,0,Lectura invalida de DHT
2026-05-12,19:06:09,maceta2,55.0,57.0,63.0,62.0,62.5,4.8,15.5,17.5,44.1,0,0,0,
2026-05-12,19:06:18,maceta1,44.0,47.0,70.6,68.4,69.5,9.4,5.9,,,0,0,0,Lectura invalida de DHT
2026-05-12,19:06:18,maceta2,56.0,57.0,62.9,61.8,62.3,5.4,22.4,17.5,44.0,0,0,0,
2026-05-12,19:06:27,maceta1,44.0,48.0,70.3,68.3,69.3,15.4,17.5,,,0,0,0,Lectura invalida de DHT
2026-05-12,19:06:27,maceta2,56.0,57.0,62.8,61.7,62.2,17.0,3.6,17.5,44.0,0,0,0,
2026-05-12,19:06:36,maceta1,45.0,48.0,70.2,68.2,69.2,17.7,23.6,,,0,0,0,Lectura invalida de DHT
2026-05-12,19:06:36,maceta2,56.0,58.0,62.7,61.5,62.1,19.1,6.6,17.5,44.0,0,0,0,
2026-05-12,19:06:45,maceta1,45.0,48.0,70.1,68.1,69.1,23.7,5.1,,,0,0,0,Lectura invalida de DHT
2026-05-12,19:06:45,maceta2,56.0,58.0,62.6,61.3,62.0,22.2,11.4,,,0,0,0,Lectura invalida de DHT
2026-05-12,19:06:54,maceta1,45.0,48.0,69.9,67.9,68.9,19.7,3.3,,,0,0,0,Lectura invalida de DHT
2026-05-12,19:06:54,maceta2,56.0,58.0,62.5,61.2,61.8,5.4,10.8,17.5,44.1,0,0,0,
2026-05-12,19:07:04,maceta1,45.0,48.0,69.8,67.8,68.8,18.3,22.5,,,0,0,0,Lectura invalida de DHT
2026-05-12,19:07:04,maceta2,57.0,58.0,62.3,61.0,61.7,28.8,11.8,,,0,0,0,Lectura invalida de DHT
2026-05-12,19:07:13,maceta1,46.0,49.0,69.6,67.6,68.6,12.4,9.2,,,0,0,0,Lectura invalida de DHT
2026-05-12,19:07:13,maceta2,57.0,59.0,62.1,60.9,61.5,19.2,23.8,17.5,44.0,0,0,0,
2026-05-12,19:07:22,maceta1,46.0,49.0,69.4,67.5,68.4,14.2,28.5,,,0,0,0,Lectura invalida de DHT
2026-05-12,19:07:22,maceta2,57.0,59.0,61.9,60.7,61.3,25.4,9.7,,,0,0,0,Lectura invalida de DHT
2026-05-12,19:07:31,maceta1,46.0,49.0,69.3,67.4,68.3,12.4,21.4,,,0,0,0,Lectura invalida de DHT
2026-05-12,19:07:31,maceta2,57.0,59.0,61.8,60.5,61.1,16.2,15.1,17.5,44.1,0,0,0,
2026-05-12,19:07:40,maceta1,46.0,49.0,69.1,67.3,68.2,25.3,9.8,,,0,0,0,Lectura invalida de DHT
2026-05-12,19:07:40,maceta2,58.0,60.0,61.6,60.3,60.9,12.4,18.7,,,0,0,0,Lectura invalida de DHT
2026-05-12,19:07:49,maceta1,47.0,49.0,68.9,67.2,68.0,6.9,8.7,,,0,0,0,Lectura invalida de DHT
2026-05-12,19:07:49,maceta2,58.0,60.0,61.5,60.2,60.8,29.3,7.0,,,0,0,0,Lectura invalida de DHT
2026-05-12,19:07:58,maceta1,47.0,49.0,68.6,67.0,67.8,0.2,15.7,,,0,0,0,Lectura invalida de DHT
2026-05-12,19:07:58,maceta2,58.0,60.0,61.4,60.0,60.7,17.5,21.6,17.5,44.1,0,0,0,
2026-05-12,19:08:07,maceta1,47.0,50.0,68.5,66.9,67.7,19.5,2.4,,,0,0,0,Lectura invalida de DHT
2026-05-12,19:08:07,maceta2,58.0,60.0,61.2,59.8,60.5,26.0,16.4,17.5,44.1,0,0,0,
2026-05-12,19:08:16,maceta1,48.0,50.0,68.2,66.6,67.4,6.1,3.5,,,0,0,0,Lectura invalida de DHT
2026-05-12,19:08:16,maceta2,58.0,61.0,61.0,59.6,60.3,28.6,13.4,17.5,44.1,0,0,0,
2026-05-12,19:08:25,maceta1,48.0,50.0,68.1,66.4,67.2,26.7,5.3,,,0,0,0,Lectura invalida de DHT
2026-05-12,19:08:25,maceta2,59.0,61.0,60.9,59.5,60.2,20.3,24.3,17.5,44.1,0,0,0,
2026-05-12,19:08:34,maceta1,48.0,51.0,67.9,66.2,67.1,25.8,23.2,,,0,0,0,Lectura invalida de DHT
2026-05-12,19:08:34,maceta2,59.0,61.0,60.8,59.4,60.1,16.5,7.3,,,0,0,0,Lectura invalida de DHT
2026-05-12,19:08:44,maceta1,48.0,51.0,67.7,66.1,66.9,2.3,15.4,,,0,0,0,Lectura invalida de DHT
2026-05-12,19:08:44,maceta2,59.0,61.0,60.6,59.3,59.9,0.1,26.5,17.5,44.2,0,0,0,
2026-05-12,19:08:53,maceta1,49.0,51.0,67.5,65.9,66.7,3.2,0.3,,,0,0,0,Lectura invalida de DHT
2026-05-12,19:08:53,maceta2,59.0,61.0,60.5,59.2,59.8,1.2,16.8,17.5,44.2,0,0,0,
2026-05-12,19:09:02,maceta1,49.0,51.0,67.3,65.7,66.5,14.9,20.2,,,0,0,0,Lectura invalida de DHT
2026-05-12,19:09:02,maceta2,60.0,61.0,60.3,59.1,59.7,6.0,18.3,17.5,44.2,0,0,0,
2026-05-12,19:09:11,maceta1,49.0,52.0,67.2,65.6,66.4,18.3,12.7,,,0,0,0,Lectura invalida de DHT
2026-05-12,19:09:11,maceta2,60.0,61.0,60.2,59.0,59.6,5.6,26.3,17.5,44.2,0,0,0,
2026-05-12,19:09:21,maceta1,49.0,52.0,67.1,65.5,66.3,8.2,15.3,,,0,0,0,Lectura invalida de DHT
2026-05-12,19:09:21,maceta2,60.0,62.0,60.1,58.9,59.5,7.6,24.5,17.5,44.2,0,0,0,
2026-05-12,19:09:30,maceta1,50.0,52.0,66.9,65.3,66.1,21.5,6.4,,,0,0,0,Lectura invalida de DHT
2026-05-12,19:09:30,maceta2,60.0,62.0,60.0,58.7,59.3,9.1,18.0,17.5,44.2,0,0,0,
2026-05-12,19:09:39,maceta1,50.0,52.0,66.8,65.0,65.9,17.8,16.6,,,0,0,0,Lectura invalida de DHT
2026-05-12,19:09:39,maceta2,60.0,62.0,59.9,58.7,59.3,10.8,22.6,17.5,44.2,0,0,0,
2026-05-12,19:09:48,maceta1,50.0,53.0,66.7,64.8,65.7,9.7,29.4,,,0,0,0,Lectura invalida de DHT
2026-05-12,19:09:48,maceta2,61.0,62.0,59.7,58.4,59.1,12.6,13.0,17.5,44.2,0,0,0,
2026-05-12,19:09:58,maceta1,50.0,53.0,66.5,64.8,65.6,0.8,2.2,,,0,0,0,Lectura invalida de DHT
2026-05-12,19:09:58,maceta2,61.0,63.0,59.6,58.3,59.0,3.0,16.4,17.5,44.2,0,0,0,
2026-05-12,19:10:07,maceta1,51.0,53.0,66.3,64.5,65.4,22.5,8.5,,,0,0,0,Lectura invalida de DHT
2026-05-12,19:10:07,maceta2,61.0,63.0,59.5,58.2,58.9,1.3,1.9,,,0,0,0,Lectura invalida de DHT
2026-05-12,19:10:16,maceta1,51.0,53.0,66.3,64.3,65.3,6.4,7.3,,,0,0,0,Lectura invalida de DHT
2026-05-12,19:10:16,maceta2,61.0,63.0,59.3,58.0,58.7,20.2,2.7,17.5,44.2,0,0,0,
2026-05-12,19:10:25,maceta1,51.0,54.0,66.0,64.3,65.2,25.0,7.5,,,0,0,0,Lectura invalida de DHT
2026-05-12,19:10:25,maceta2,61.0,63.0,59.1,57.8,58.4,16.1,24.9,17.5,44.2,0,0,0,
2026-05-12,19:10:34,maceta1,51.0,54.0,65.8,64.1,65.0,12.6,11.4,,,0,0,0,Lectura invalida de DHT
2026-05-12,19:10:34,maceta2,61.0,64.0,59.0,57.5,58.3,13.3,1.8,17.5,44.2,0,0,0,
2026-05-12,19:10:44,maceta1,51.0,54.0,65.7,64.0,64.9,17.3,24.5,,,0,0,0,Lectura invalida de DHT
2026-05-12,19:10:44,maceta2,62.0,64.0,58.9,57.5,58.2,19.0,5.1,17.5,44.2,0,0,0,
2026-05-12,19:10:54,maceta1,52.0,54.0,65.7,63.8,64.7,26.2,27.4,,,0,0,0,Lectura invalida de DHT
2026-05-12,19:10:54,maceta2,62.0,64.0,58.7,57.3,58.0,24.8,23.9,,,0,0,0,Lectura invalida de DHT
2026-05-12,19:11:03,maceta1,52.0,55.0,65.6,63.7,64.6,25.9,6.1,,,0,0,0,Lectura invalida de DHT
2026-05-12,19:11:03,maceta2,62.0,64.0,58.6,57.1,57.9,12.8,0.0,,,0,0,0,Lectura invalida de DHT
2026-05-12,19:11:13,maceta1,52.0,55.0,65.5,63.5,64.5,11.1,16.3,,,0,0,0,Lectura invalida de DHT
2026-05-12,19:11:13,maceta2,62.0,65.0,58.5,57.0,57.7,19.2,8.5,17.5,44.2,0,0,0,
2026-05-12,19:11:22,maceta1,52.0,55.0,65.4,63.3,64.3,6.3,19.1,,,0,0,0,Lectura invalida de DHT
2026-05-12,19:11:22,maceta2,62.0,65.0,58.4,56.8,57.6,28.6,17.5,17.5,44.1,0,0,0,
2026-05-12,19:11:31,maceta1,52.0,55.0,65.1,63.1,64.1,23.3,15.7,,,0,0,0,Lectura invalida de DHT
2026-05-12,19:11:31,maceta2,63.0,65.0,58.3,56.6,57.4,25.2,17.9,17.5,44.1,0,0,0,
2026-05-12,19:11:40,maceta1,53.0,56.0,65.0,62.9,63.9,13.0,13.0,,,0,0,0,Lectura invalida de DHT
2026-05-12,19:11:40,maceta2,63.0,65.0,58.2,56.4,57.3,12.8,23.3,17.5,44.1,0,0,0,
2026-05-12,19:11:49,maceta1,53.0,56.0,64.7,62.7,63.7,5.8,5.8,,,0,0,0,Lectura invalida de DHT
2026-05-12,19:11:49,maceta2,63.0,66.0,58.0,56.3,57.2,19.3,15.2,,,0,0,0,Lectura invalida de DHT
2026-05-12,19:11:59,maceta1,53.0,56.0,64.6,62.7,63.6,27.1,14.6,,,0,0,0,Lectura invalida de DHT
2026-05-12,19:11:59,maceta2,63.0,66.0,57.9,56.2,57.1,5.3,15.3,,,0,0,0,Lectura invalida de DHT
2026-05-12,19:12:08,maceta1,53.0,56.0,64.5,62.4,63.5,5.9,12.0,,,0,0,0,Lectura invalida de DHT
2026-05-12,19:12:08,maceta2,63.0,66.0,57.8,56.1,56.9,16.8,21.8,17.5,44.1,0,0,0,
2026-05-12,19:12:17,maceta1,54.0,57.0,64.3,62.2,63.3,0.8,23.9,,,0,0,0,Lectura invalida de DHT
2026-05-12,19:12:17,maceta2,63.0,66.0,57.7,55.9,56.8,29.4,15.0,,,0,0,0,Lectura invalida de DHT
2026-05-12,19:12:26,maceta1,54.0,57.0,64.2,62.2,63.2,0.6,22.9,,,0,0,0,Lectura invalida de DHT
2026-05-12,19:12:26,maceta2,64.0,66.0,57.5,55.8,56.6,15.5,18.3,,,0,0,0,Lectura invalida de DHT
2026-05-12,19:12:35,maceta1,54.0,57.0,64.1,61.9,63.0,18.7,4.0,,,0,0,0,Lectura invalida de DHT
2026-05-12,19:12:35,maceta2,64.0,67.0,57.3,55.6,56.5,27.8,26.9,,,0,0,0,Lectura invalida de DHT
2026-05-12,19:12:44,maceta1,54.0,57.0,64.0,61.7,62.8,19.9,2.7,,,0,0,0,Lectura invalida de DHT
2026-05-12,19:12:44,maceta2,64.0,67.0,57.1,55.6,56.4,12.2,12.0,,,0,0,0,Lectura invalida de DHT
2026-05-12,19:12:53,maceta1,54.0,58.0,63.9,61.5,62.7,9.3,27.2,,,0,0,0,Lectura invalida de DHT
2026-05-12,19:12:53,maceta2,64.0,67.0,57.1,55.5,56.3,30.0,11.6,17.5,44.2,0,0,0,
2026-05-12,19:13:03,maceta1,54.0,58.0,63.7,61.3,62.5,9.6,16.1,,,0,0,0,Lectura invalida de DHT
2026-05-12,19:13:03,maceta2,65.0,67.0,56.9,55.3,56.1,17.4,0.1,,,0,0,0,Lectura invalida de DHT
2026-05-12,19:13:12,maceta1,54.0,58.0,63.7,61.2,62.4,10.2,25.7,,,0,0,0,Lectura invalida de DHT
2026-05-12,19:13:12,maceta2,65.0,67.0,56.8,55.2,56.0,1.3,18.4,,,0,0,0,Lectura invalida de DHT
2026-05-12,19:13:21,maceta1,55.0,59.0,63.6,61.0,62.3,20.4,1.7,,,0,0,0,Lectura invalida de DHT
2026-05-12,19:13:21,maceta2,65.0,67.0,56.7,55.0,55.9,17.6,0.9,17.5,44.2,0,0,0,
2026-05-12,19:13:31,maceta1,55.0,59.0,63.5,60.9,62.2,1.7,15.8,,,0,0,0,Lectura invalida de DHT
2026-05-12,19:13:31,maceta2,65.0,68.0,56.6,54.9,55.7,8.2,15.1,17.5,44.2,0,0,0,
2026-05-12,19:13:40,maceta1,55.0,59.0,63.3,60.8,62.1,27.9,16.2,,,0,0,0,Lectura invalida de DHT
2026-05-12,19:13:40,maceta2,65.0,68.0,56.4,54.6,55.5,1.0,24.1,17.5,44.2,0,0,0,
2026-05-12,19:13:49,maceta1,55.0,59.0,63.1,60.5,61.8,6.7,25.8,,,0,0,0,Lectura invalida de DHT
2026-05-12,19:13:49,maceta2,66.0,68.0,56.2,54.5,55.4,24.6,16.5,,,0,0,0,Lectura invalida de DHT
2026-05-12,19:13:58,maceta1,56.0,60.0,63.0,60.3,61.6,30.0,2.9,,,0,0,0,Lectura invalida de DHT
2026-05-12,19:13:58,maceta2,66.0,69.0,56.0,54.3,55.2,8.3,8.1,,,0,0,0,Lectura invalida de DHT
2026-05-12,19:14:08,maceta1,56.0,60.0,62.8,60.2,61.5,5.1,7.2,,,0,0,0,Lectura invalida de DHT
2026-05-12,19:14:08,maceta2,66.0,69.0,55.8,54.3,55.0,23.9,23.6,17.5,44.2,0,0,0,
2026-05-12,19:14:17,maceta1,56.0,60.0,62.5,60.0,61.3,23.1,12.2,,,0,0,0,Lectura invalida de DHT
2026-05-12,19:14:17,maceta2,66.0,69.0,55.8,54.1,54.9,8.6,8.1,17.5,44.2,0,0,0,
2026-05-12,19:14:26,maceta1,56.0,60.0,62.4,59.8,61.1,6.7,26.0,,,0,0,0,Lectura invalida de DHT
2026-05-12,19:14:26,maceta2,67.0,69.0,55.5,53.9,54.7,5.8,22.0,17.5,44.2,0,0,0,
2026-05-12,19:14:36,maceta1,57.0,60.0,62.3,59.7,61.0,2.4,28.2,,,0,0,0,Lectura invalida de DHT
2026-05-12,19:14:36,maceta2,67.0,69.0,55.3,53.7,54.5,29.2,18.3,,,0,0,0,Lectura invalida de DHT
2026-05-12,19:14:45,maceta1,57.0,61.0,62.1,59.5,60.8,26.2,29.8,,,0,0,0,Lectura invalida de DHT
2026-05-12,19:14:45,maceta2,67.0,70.0,55.2,53.5,54.4,10.8,5.1,,,0,0,0,Lectura invalida de DHT
2026-05-12,19:14:54,maceta1,57.0,61.0,61.9,59.4,60.7,25.8,28.8,,,0,0,0,Lectura invalida de DHT
2026-05-12,19:14:54,maceta2,68.0,70.0,55.0,53.3,54.2,18.0,27.2,,,0,0,0,Lectura invalida de DHT
2026-05-12,19:15:03,maceta1,58.0,61.0,61.6,59.4,60.5,12.1,0.2,,,0,0,0,Lectura invalida de DHT
2026-05-12,19:15:03,maceta2,68.0,70.0,54.8,53.2,54.0,18.3,6.0,17.5,44.2,0,0,0,
2026-05-12,19:15:12,maceta1,58.0,61.0,61.5,59.3,60.4,21.1,1.4,,,0,0,0,Lectura invalida de DHT
2026-05-12,19:15:12,maceta2,68.0,71.0,54.7,53.0,53.8,16.8,29.7,17.5,44.2,0,0,0,
2026-05-12,19:15:21,maceta1,58.0,61.0,61.5,59.1,60.3,16.7,4.4,,,0,0,0,Lectura invalida de DHT
2026-05-12,19:15:21,maceta2,68.0,71.0,54.6,52.8,53.7,27.4,0.2,17.5,44.2,0,0,0,
2026-05-12,19:15:30,maceta1,58.0,62.0,61.3,58.9,60.1,25.6,10.5,,,0,0,0,Lectura invalida de DHT
2026-05-12,19:15:30,maceta2,68.0,71.0,54.4,52.7,53.5,20.2,7.9,,,0,0,0,Lectura invalida de DHT
2026-05-12,19:15:40,maceta1,58.0,62.0,61.0,58.7,59.9,9.5,24.9,,,0,0,0,Lectura invalida de DHT
2026-05-12,19:15:40,maceta2,69.0,71.0,54.2,52.6,53.4,12.1,6.0,,,0,0,0,Lectura invalida de DHT
2026-05-12,19:15:49,maceta1,59.0,62.0,60.9,58.5,59.7,15.7,26.8,,,0,0,0,Lectura invalida de DHT
2026-05-12,19:15:49,maceta2,69.0,71.0,54.0,52.5,53.2,25.9,0.4,17.5,44.2,0,0,0,
2026-05-12,19:15:59,maceta1,59.0,62.0,60.7,58.4,59.5,14.6,5.6,,,0,0,0,Lectura invalida de DHT
2026-05-12,19:15:59,maceta2,69.0,72.0,53.8,52.3,53.1,5.4,22.0,,,0,0,0,Lectura invalida de DHT
2026-05-12,19:16:08,maceta1,59.0,63.0,60.5,58.2,59.4,10.6,18.6,,,0,0,0,Lectura invalida de DHT
2026-05-12,19:16:08,maceta2,70.0,72.0,53.6,52.1,52.9,16.3,20.8,17.5,44.2,0,0,0,
2026-05-12,19:16:17,maceta1,59.0,63.0,60.4,58.1,59.2,26.7,27.5,,,0,0,0,Lectura invalida de DHT
2026-05-12,19:16:17,maceta2,70.0,72.0,53.4,51.9,52.7,28.5,23.8,17.6,44.2,0,0,0,
2026-05-12,19:16:26,maceta1,60.0,63.0,60.2,57.9,59.0,5.0,13.9,,,0,0,0,Lectura invalida de DHT
2026-05-12,19:16:26,maceta2,70.0,72.0,53.2,51.8,52.5,18.8,7.7,,,0,0,0,Lectura invalida de DHT
2026-05-12,19:16:35,maceta1,60.0,63.0,60.0,57.7,58.9,4.5,3.1,,,0,0,0,Lectura invalida de DHT
2026-05-12,19:16:35,maceta2,70.0,72.0,53.0,51.7,52.3,24.5,13.3,17.6,44.3,0,0,0,
2026-05-12,19:16:45,maceta1,60.0,64.0,59.8,57.5,58.6,17.3,13.7,,,0,0,0,Lectura invalida de DHT
2026-05-12,19:16:45,maceta2,71.0,73.0,52.8,51.6,52.2,19.6,19.8,17.6,44.3,0,0,0,
2026-05-12,19:16:55,maceta1,60.0,64.0,59.7,57.4,58.5,19.7,11.3,,,0,0,0,Lectura invalida de DHT
2026-05-12,19:16:55,maceta2,71.0,73.0,52.6,51.5,52.1,25.2,13.2,17.6,44.3,0,0,0,
2026-05-12,19:17:04,maceta1,61.0,64.0,59.5,57.2,58.4,5.8,17.3,,,0,0,0,Lectura invalida de DHT
2026-05-12,19:17:04,maceta2,71.0,73.0,52.5,51.3,51.9,28.3,20.9,17.6,44.2,0,0,0,
2026-05-12,19:17:13,maceta1,61.0,64.0,59.5,57.1,58.3,11.7,13.2,,,0,0,0,Lectura invalida de DHT
2026-05-12,19:17:13,maceta2,71.0,73.0,52.4,51.1,51.7,8.2,19.0,17.6,44.2,0,0,0,
2026-05-12,19:17:22,maceta1,61.0,65.0,59.3,56.9,58.1,28.4,0.5,,,0,0,0,Lectura invalida de DHT
2026-05-12,19:17:22,maceta2,72.0,74.0,52.2,50.8,51.5,5.1,3.4,17.6,44.2,0,0,0,
2026-05-12,19:17:31,maceta1,61.0,65.0,59.1,56.8,57.9,7.4,29.8,,,0,0,0,Lectura invalida de DHT
2026-05-12,19:17:31,maceta2,72.0,74.0,52.1,50.7,51.4,14.5,23.4,17.6,44.3,0,0,0,
2026-05-12,19:17:41,maceta1,62.0,65.0,59.0,56.7,57.8,20.1,16.3,,,0,0,0,Lectura invalida de DHT
2026-05-12,19:17:41,maceta2,72.0,74.0,52.0,50.6,51.3,21.1,21.6,17.6,44.2,0,0,0,
2026-05-12,19:17:50,maceta1,62.0,65.0,58.8,56.6,57.7,22.2,14.2,,,0,0,0,Lectura invalida de DHT
2026-05-12,19:17:50,maceta2,72.0,74.0,51.9,50.5,51.2,6.8,19.7,17.6,44.3,0,0,0,
2026-05-12,19:18:00,maceta1,62.0,65.0,58.7,56.5,57.6,13.4,28.6,,,0,0,0,Lectura invalida de DHT
2026-05-12,19:18:00,maceta2,72.0,74.0,51.8,50.4,51.1,0.1,4.7,,,0,0,0,Lectura invalida de DHT
2026-05-12,19:18:10,maceta1,62.0,66.0,58.5,56.3,57.4,28.1,4.7,,,0,0,0,Lectura invalida de DHT
2026-05-12,19:18:10,maceta2,73.0,75.0,51.6,50.2,50.9,10.3,8.0,17.6,44.3,0,0,0,
2026-05-12,19:18:19,maceta1,62.0,66.0,58.3,56.3,57.3,22.1,5.7,,,0,0,0,Lectura invalida de DHT
2026-05-12,19:18:19,maceta2,73.0,75.0,51.4,50.0,50.7,29.1,11.8,,,0,0,1,Lectura invalida de DHT
2026-05-12,19:18:28,maceta1,63.0,66.0,58.2,56.1,57.2,13.7,24.2,,,0,0,0,Lectura invalida de DHT
2026-05-12,19:18:28,maceta2,26.0,27.0,82.4,82.2,82.3,20.8,8.4,17.6,44.3,0,0,0,
2026-05-12,19:18:37,maceta1,63.0,66.0,58.2,56.0,57.1,17.1,7.8,,,0,0,0,Lectura invalida de DHT
2026-05-12,19:18:37,maceta2,27.0,27.0,82.2,82.1,82.2,12.0,6.8,17.6,44.3,0,0,0,
2026-05-12,19:18:46,maceta1,63.0,66.0,58.0,55.8,56.9,20.8,24.0,,,0,0,0,Lectura invalida de DHT
2026-05-12,19:18:46,maceta2,27.0,27.0,82.1,82.0,82.1,5.8,24.2,17.6,44.3,0,0,0,
2026-05-12,19:18:55,maceta1,63.0,66.0,57.9,55.7,56.8,17.8,8.1,,,0,0,0,Lectura invalida de DHT
2026-05-12,19:18:55,maceta2,27.0,27.0,81.9,81.8,81.9,10.7,19.1,17.6,44.3,0,0,0,
2026-05-12,19:19:05,maceta1,64.0,67.0,57.6,55.4,56.5,26.4,1.0,,,0,0,0,Lectura invalida de DHT
2026-05-12,19:19:05,maceta2,27.0,28.0,81.7,81.6,81.6,5.1,17.0,17.6,44.4,0,0,0,
2026-05-12,19:19:14,maceta1,64.0,67.0,57.5,55.2,56.4,10.7,15.5,,,0,0,0,Lectura invalida de DHT
2026-05-12,19:19:14,maceta2,28.0,28.0,81.6,81.5,81.6,3.2,6.8,17.6,44.4,0,0,0,
2026-05-12,19:19:23,maceta1,64.0,68.0,57.4,55.0,56.2,9.0,5.9,,,0,0,0,Lectura invalida de DHT
2026-05-12,19:19:23,maceta2,28.0,28.0,81.5,81.4,81.4,27.2,27.5,17.5,44.4,0,0,0,
2026-05-12,19:19:32,maceta1,64.0,68.0,57.2,54.8,56.0,6.4,22.7,,,0,0,0,Lectura invalida de DHT
2026-05-12,19:19:32,maceta2,28.0,28.0,81.3,81.3,81.3,29.9,5.7,17.6,44.4,0,0,0,
2026-05-12,19:19:41,maceta1,64.0,68.0,57.0,54.6,55.8,1.1,19.2,,,0,0,0,Lectura invalida de DHT
2026-05-12,19:19:41,maceta2,28.0,28.0,81.3,81.3,81.3,4.9,23.8,17.6,44.4,0,0,0,
2026-05-12,19:19:50,maceta1,65.0,68.0,56.8,54.5,55.7,1.3,27.7,,,0,0,0,Lectura invalida de DHT
2026-05-12,19:19:50,maceta2,28.0,28.0,81.0,81.0,81.0,1.6,29.0,17.6,44.5,0,0,0,
2026-05-12,19:19:59,maceta1,65.0,68.0,56.7,54.4,55.6,26.1,23.5,,,0,0,0,Lectura invalida de DHT
2026-05-12,19:19:59,maceta2,29.0,29.0,81.0,80.9,80.9,9.9,21.8,17.5,44.4,0,0,0,
2026-05-12,19:20:09,maceta1,65.0,69.0,56.5,54.2,55.4,20.4,5.4,,,0,0,0,Lectura invalida de DHT
2026-05-12,19:20:09,maceta2,29.0,29.0,80.9,80.7,80.8,13.8,29.8,17.6,44.5,0,0,0,
2026-05-12,19:20:18,maceta1,66.0,69.0,56.3,54.1,55.2,19.8,24.0,,,0,0,0,Lectura invalida de DHT
2026-05-12,19:20:18,maceta2,29.0,29.0,80.6,80.6,80.6,6.1,19.5,,,0,0,0,Lectura invalida de DHT
2026-05-12,19:20:34,maceta1,66.0,69.0,56.2,53.9,55.1,18.4,19.3,,,0,0,0,Lectura invalida de DHT
2026-05-12,19:20:34,maceta2,29.0,29.0,80.5,80.5,80.5,9.0,6.5,17.6,44.5,0,0,0,
2026-05-12,19:20:43,maceta1,66.0,69.0,56.0,53.7,54.9,25.5,20.1,,,0,0,0,Lectura invalida de DHT
2026-05-12,19:20:43,maceta2,29.0,30.0,80.4,80.3,80.3,6.0,6.1,17.5,44.5,0,0,0,
2026-05-12,19:20:52,maceta1,66.0,70.0,56.0,53.6,54.8,14.4,25.0,,,0,0,0,Lectura invalida de DHT
2026-05-12,19:20:52,maceta2,30.0,30.0,80.2,80.0,80.1,23.2,9.7,17.5,44.5,0,0,0,
2026-05-12,19:21:02,maceta1,66.0,70.0,55.9,53.5,54.7,26.1,17.2,,,0,0,0,Lectura invalida de DHT
2026-05-12,19:21:02,maceta2,30.0,30.0,80.2,79.8,80.0,21.4,0.2,,,0,0,0,Lectura invalida de DHT
2026-05-12,19:21:11,maceta1,66.0,70.0,55.8,53.3,54.5,10.8,14.0,,,0,0,0,Lectura invalida de DHT
2026-05-12,19:21:11,maceta2,30.0,30.0,80.0,79.7,79.9,19.0,20.5,17.6,44.5,0,0,0,
2026-05-12,19:21:20,maceta1,66.0,70.0,55.7,53.2,54.4,27.8,19.1,,,0,0,0,Lectura invalida de DHT
2026-05-12,19:21:20,maceta2,30.0,31.0,79.9,79.5,79.7,11.6,8.1,,,0,0,0,Lectura invalida de DHT
2026-05-12,19:21:29,maceta1,67.0,71.0,55.5,53.0,54.2,21.0,8.9,,,0,0,0,Lectura invalida de DHT
2026-05-12,19:21:29,maceta2,31.0,31.0,79.7,79.3,79.5,27.3,24.5,17.6,44.5,0,0,0,
2026-05-12,19:21:38,maceta1,67.0,71.0,55.4,52.8,54.1,7.7,5.5,,,0,0,0,Lectura invalida de DHT
2026-05-12,19:21:38,maceta2,31.0,31.0,79.5,79.2,79.3,29.1,10.8,,,0,0,0,Lectura invalida de DHT
2026-05-12,19:21:47,maceta1,67.0,71.0,55.2,52.5,53.9,16.9,18.5,,,0,0,0,Lectura invalida de DHT
2026-05-12,19:21:47,maceta2,31.0,32.0,79.3,79.0,79.1,5.2,14.4,17.5,44.5,0,0,0,
2026-05-12,19:21:57,maceta1,67.0,72.0,55.1,52.3,53.7,16.0,7.0,,,0,0,0,Lectura invalida de DHT
2026-05-12,19:21:57,maceta2,31.0,32.0,79.1,78.8,78.9,6.7,29.0,,,0,0,0,Lectura invalida de DHT
2026-05-12,19:22:06,maceta1,67.0,72.0,55.0,52.2,53.6,4.1,2.4,,,0,0,0,Lectura invalida de DHT
2026-05-12,19:22:06,maceta2,32.0,32.0,78.9,78.6,78.7,15.8,7.3,,,0,0,0,Lectura invalida de DHT
2026-05-12,19:22:15,maceta1,68.0,72.0,54.8,52.1,53.5,17.7,0.0,,,0,0,0,Lectura invalida de DHT
2026-05-12,19:22:15,maceta2,32.0,32.0,78.8,78.4,78.6,2.7,21.6,,,0,0,0,Lectura invalida de DHT
2026-05-12,19:22:24,maceta1,68.0,72.0,54.7,51.9,53.3,9.4,18.2,,,0,0,0,Lectura invalida de DHT
2026-05-12,19:22:24,maceta2,32.0,33.0,78.6,78.3,78.4,13.1,22.7,,,0,0,0,Lectura invalida de DHT
2026-05-12,19:22:33,maceta1,68.0,72.0,54.6,51.8,53.2,1.6,10.9,,,0,0,0,Lectura invalida de DHT
2026-05-12,19:22:33,maceta2,32.0,33.0,78.4,78.2,78.3,17.5,6.6,17.6,44.5,0,0,0,
2026-05-12,19:22:42,maceta1,68.0,72.0,54.4,51.7,53.1,28.5,22.6,,,0,0,0,Lectura invalida de DHT
2026-05-12,19:22:42,maceta2,33.0,33.0,78.3,78.0,78.2,15.7,15.0,,,0,0,0,Lectura invalida de DHT
2026-05-12,19:22:51,maceta1,69.0,73.0,54.3,51.6,52.9,19.2,11.3,,,0,0,0,Lectura invalida de DHT
2026-05-12,19:22:51,maceta2,33.0,33.0,78.1,78.0,78.0,9.9,10.5,,,0,0,0,Lectura invalida de DHT
2026-05-12,19:23:00,maceta1,69.0,73.0,54.2,51.4,52.8,26.3,14.6,,,0,0,0,Lectura invalida de DHT
2026-05-12,19:23:00,maceta2,33.0,33.0,77.9,77.8,77.8,16.3,23.2,17.6,44.5,0,0,0,
2026-05-12,19:23:09,maceta1,69.0,73.0,54.1,51.3,52.7,20.3,12.2,,,0,0,0,Lectura invalida de DHT
2026-05-12,19:23:09,maceta2,34.0,34.0,77.6,77.6,77.6,28.8,18.7,17.6,44.5,0,0,0,
2026-05-12,19:23:20,maceta1,69.0,73.0,53.9,51.0,52.5,10.7,19.5,,,0,0,0,Lectura invalida de DHT
2026-05-12,19:23:20,maceta2,34.0,34.0,77.4,77.4,77.4,6.2,14.3,,,0,0,0,Lectura invalida de DHT
2026-05-12,19:24:01,maceta1,69.0,74.0,53.8,50.8,52.3,15.4,10.7,,,0,0,0,Lectura invalida de DHT
2026-05-12,19:24:01,maceta2,34.0,34.0,77.2,77.3,77.3,19.6,23.4,17.6,44.4,0,0,0,
2026-05-12,19:24:19,maceta1,69.0,74.0,53.7,50.7,52.2,20.3,28.9,,,0,0,0,Lectura invalida de DHT
2026-05-12,19:24:19,maceta2,34.0,34.0,77.1,77.2,77.1,1.3,7.1,,,0,0,0,Lectura invalida de DHT
2026-05-12,19:24:29,maceta1,70.0,74.0,53.6,50.5,52.0,28.8,28.1,,,0,0,0,Lectura invalida de DHT
2026-05-12,19:24:29,maceta2,35.0,34.0,76.9,77.1,77.0,2.0,22.6,17.6,44.5,0,0,0,
2026-05-12,19:28:11,maceta1,70.0,74.0,53.4,50.4,51.9,7.6,25.4,,,0,0,0,Lectura invalida de DHT
2026-05-12,19:28:11,maceta2,35.0,35.0,76.8,76.9,76.9,16.6,26.0,17.6,44.6,0,0,0,
2026-05-12,19:28:25,maceta1,70.0,74.0,53.4,50.3,51.9,26.2,27.6,,,0,0,0,Lectura invalida de DHT
2026-05-12,19:28:25,maceta2,35.0,35.0,76.6,76.7,76.6,3.1,26.4,17.6,45.0,0,0,0,
2026-05-12,19:28:39,maceta1,70.0,75.0,53.2,50.1,51.7,27.7,13.5,,,0,0,0,Lectura invalida de DHT
2026-05-12,19:28:39,maceta2,35.0,35.0,76.5,76.5,76.5,0.7,23.5,17.6,44.9,0,0,0,
2026-05-12,19:28:53,maceta1,70.0,75.0,53.1,50.0,51.5,20.1,16.1,,,0,0,0,Lectura invalida de DHT
2026-05-12,19:28:53,maceta2,35.0,35.0,76.4,76.5,76.5,5.1,12.2,17.6,44.9,0,0,0,
2026-05-12,19:29:07,maceta1,70.0,75.0,53.0,49.9,51.5,27.9,22.3,,,0,0,1,Lectura invalida de DHT
2026-05-12,19:29:07,maceta2,36.0,35.0,76.3,76.4,76.3,16.9,29.5,,,0,0,0,Lectura invalida de DHT
2026-05-12,19:29:21,maceta1,24.0,23.0,84.0,84.4,84.2,11.9,20.9,,,0,0,0,Lectura invalida de DHT
2026-05-12,19:29:21,maceta2,36.0,36.0,76.3,76.2,76.2,21.1,11.4,17.6,44.8,0,0,0,
2026-05-12,19:29:32,maceta1,24.0,23.0,83.8,84.3,84.1,28.6,26.7,,,0,0,0,Lectura invalida de DHT
2026-05-12,19:29:32,maceta2,36.0,36.0,76.1,76.1,76.1,6.1,19.2,17.6,44.9,0,0,0,
2026-05-12,19:59:36,maceta1,24.0,24.0,83.7,84.2,83.9,21.1,21.5,,,0,0,0,Lectura invalida de DHT
2026-05-12,19:59:36,maceta2,36.0,36.0,75.9,75.9,75.9,20.0,4.8,17.6,45.0,0,0,0,
2026-05-12,20:29:40,maceta1,25.0,24.0,83.5,84.0,83.8,1.3,29.9,,,0,0,0,Lectura invalida de DHT
2026-05-12,20:29:40,maceta2,36.0,36.0,75.7,75.8,75.8,5.5,29.4,17.5,45.5,0,0,0,
2026-05-12,20:59:44,maceta1,25.0,24.0,83.3,83.9,83.6,27.2,10.5,,,0,0,0,Lectura invalida de DHT
2026-05-12,20:59:44,maceta2,37.0,37.0,75.5,75.6,75.5,18.4,21.1,,,0,0,0,Lectura invalida de DHT
2026-05-12,21:29:48,maceta1,25.0,24.0,83.1,83.8,83.5,14.5,25.0,,,0,0,0,Lectura invalida de DHT
2026-05-12,21:29:48,maceta2,37.0,37.0,75.3,75.4,75.4,12.4,22.6,17.4,46.1,0,0,0,
2026-05-12,21:59:52,maceta1,26.0,25.0,82.9,83.6,83.3,13.8,20.9,,,0,0,0,Lectura invalida de DHT
2026-05-12,21:59:52,maceta2,37.0,37.0,75.3,75.2,75.2,19.6,2.0,,,0,0,0,Lectura invalida de DHT
2026-05-12,22:29:56,maceta1,26.0,25.0,82.8,83.4,83.1,17.0,20.7,,,0,0,0,Lectura invalida de DHT
2026-05-12,22:29:56,maceta2,37.0,38.0,75.1,75.0,75.0,29.9,22.9,17.3,46.4,0,0,0,
2026-05-12,23:00:00,maceta1,26.0,25.0,82.6,83.4,83.0,4.5,9.8,,,0,0,0,Lectura invalida de DHT
2026-05-12,23:00:00,maceta2,38.0,38.0,74.9,74.8,74.8,28.1,23.2,17.2,46.5,0,0,0,
2026-05-12,23:30:04,maceta1,26.0,25.0,82.4,83.1,82.8,14.1,23.6,,,0,0,0,Lectura invalida de DHT
2026-05-12,23:30:04,maceta2,38.0,38.0,74.7,74.5,74.6,0.1,20.2,,,0,0,0,Lectura invalida de DHT
2026-05-13,00:00:08,maceta1,27.0,25.0,82.2,83.0,82.6,24.9,27.0,,,0,0,0,Lectura invalida de DHT
2026-05-13,00:00:08,maceta2,38.0,38.0,74.6,74.4,74.5,26.6,8.8,17.0,46.2,0,0,0,
2026-05-13,00:30:12,maceta1,27.0,26.0,82.1,82.9,82.5,0.5,6.6,,,0,0,0,Lectura invalida de DHT
2026-05-13,00:30:12,maceta2,38.0,39.0,74.4,74.2,74.3,2.0,14.7,16.9,46.1,0,0,0,
2026-05-13,01:00:16,maceta1,27.0,26.0,82.1,82.8,82.4,8.2,18.8,,,0,0,0,Lectura invalida de DHT
2026-05-13,01:00:16,maceta2,39.0,39.0,74.3,74.0,74.2,28.6,3.3,,,0,0,0,Lectura invalida de DHT
2026-05-13,01:30:20,maceta1,27.0,26.0,82.0,82.7,82.3,0.1,11.8,,,0,0,0,Lectura invalida de DHT
2026-05-13,01:30:20,maceta2,39.0,39.0,74.1,73.9,74.0,8.5,14.1,16.6,45.7,0,0,0,
2026-05-13,02:00:24,maceta1,27.0,26.0,81.9,82.5,82.2,12.5,29.7,,,0,0,0,Lectura invalida de DHT
2026-05-13,02:00:24,maceta2,39.0,39.0,74.0,73.7,73.8,11.5,7.3,,,0,0,0,Lectura invalida de DHT
2026-05-13,02:30:28,maceta1,27.0,26.0,81.7,82.3,82.0,21.8,14.4,,,0,0,0,Lectura invalida de DHT
2026-05-13,02:30:28,maceta2,39.0,40.0,73.8,73.5,73.7,2.7,10.5,16.4,45.5,0,0,0,
2026-05-13,03:00:32,maceta1,28.0,27.0,81.6,82.3,82.0,24.0,6.8,,,0,0,0,Lectura invalida de DHT
2026-05-13,03:00:32,maceta2,39.0,40.0,73.8,73.3,73.5,3.4,4.9,,,0,0,0,Lectura invalida de DHT
2026-05-13,03:30:36,maceta1,28.0,27.0,81.6,82.1,81.9,28.4,11.5,,,0,0,0,Lectura invalida de DHT
2026-05-13,03:30:36,maceta2,40.0,40.0,73.5,73.2,73.3,21.8,6.9,,,0,0,0,Lectura invalida de DHT
2026-05-13,04:00:40,maceta1,28.0,27.0,81.5,81.9,81.7,18.3,19.6,,,0,0,0,Lectura invalida de DHT
2026-05-13,04:00:40,maceta2,40.0,41.0,73.4,73.0,73.2,28.3,2.3,16.2,45.5,0,0,0,
2026-05-13,04:30:44,maceta1,28.0,27.0,81.4,81.7,81.6,7.6,2.3,,,0,0,0,Lectura invalida de DHT
2026-05-13,04:30:44,maceta2,40.0,41.0,73.2,72.9,73.0,18.3,27.6,16.1,45.4,0,0,0,
2026-05-13,05:00:48,maceta1,28.0,28.0,81.3,81.6,81.4,27.7,18.1,,,0,0,0,Lectura invalida de DHT
2026-05-13,05:00:48,maceta2,40.0,41.0,73.0,72.8,72.9,21.5,15.9,16.1,45.2,0,0,0,
2026-05-13,05:30:52,maceta1,28.0,28.0,81.1,81.4,81.2,23.3,27.9,,,0,0,0,Lectura invalida de DHT
2026-05-13,05:30:52,maceta2,41.0,41.0,72.9,72.7,72.8,22.9,11.9,,,0,0,0,Lectura invalida de DHT
2026-05-13,06:00:56,maceta1,29.0,28.0,80.9,81.1,81.0,6245.4,19145.6,,,1,0,0,Lectura invalida de DHT
2026-05-13,06:00:56,maceta2,41.0,41.0,72.7,72.5,72.6,6430.2,20244.9,16.0,45.7,1,0,0,
2026-05-13,06:31:00,maceta1,29.0,29.0,80.8,80.9,80.9,6332.8,19655.7,,,1,0,0,Lectura invalida de DHT
2026-05-13,06:31:00,maceta2,41.0,42.0,72.5,72.3,72.4,6354.5,20385.4,16.0,46.0,1,0,0,
2026-05-13,07:01:04,maceta1,29.0,29.0,80.6,80.7,80.7,5912.1,20090.2,,,1,0,0,Lectura invalida de DHT
2026-05-13,07:01:04,maceta2,41.0,42.0,72.4,72.1,72.2,6273.5,20397.1,,,1,0,0,Lectura invalida de DHT
2026-05-13,07:31:08,maceta1,29.0,29.0,80.5,80.6,80.6,6123.1,19392.3,,,1,0,0,Lectura invalida de DHT
2026-05-13,07:31:08,maceta2,42.0,42.0,72.2,72.0,72.1,6275.7,20767.6,,,1,0,0,Lectura invalida de DHT
2026-05-13,08:01:12,maceta1,29.0,29.0,80.4,80.5,80.4,5806.5,21368.9,,,1,0,0,Lectura invalida de DHT
2026-05-13,08:01:12,maceta2,42.0,42.0,72.1,71.8,72.0,6462.1,19443.7,,,1,0,0,Lectura invalida de DHT
2026-05-13,08:31:16,maceta1,30.0,29.0,80.3,80.4,80.3,5972.7,20917.1,,,1,0,0,Lectura invalida de DHT
2026-05-13,08:31:16,maceta2,42.0,42.0,72.0,71.7,71.9,6007.1,19630.6,15.6,46.6,1,0,0,
2026-05-13,09:01:20,maceta1,30.0,30.0,80.1,80.2,80.1,6308.5,19670.7,,,1,0,0,Lectura invalida de DHT
2026-05-13,09:01:20,maceta2,42.0,43.0,71.7,71.6,71.7,5800.8,21026.8,15.5,46.6,1,0,0,
2026-05-13,09:31:24,maceta1,30.0,30.0,79.9,80.0,79.9,6494.3,20477.0,,,1,0,0,Lectura invalida de DHT
2026-05-13,09:31:24,maceta2,43.0,43.0,71.5,71.5,71.5,5990.4,21367.9,15.5,46.7,1,0,0,
2026-05-13,10:01:28,maceta1,30.0,30.0,79.7,79.9,79.8,5869.4,20803.6,,,1,0,0,Lectura invalida de DHT
2026-05-13,10:01:28,maceta2,43.0,43.0,71.3,71.3,71.3,5952.5,19339.8,15.6,47.0,1,0,0,
2026-05-13,10:31:32,maceta1,31.0,30.0,79.7,79.7,79.7,6081.0,21353.2,,,1,0,0,Lectura invalida de DHT
2026-05-13,10:31:32,maceta2,43.0,43.0,71.1,71.2,71.1,6263.3,20244.1,15.6,47.5,1,0,0,
2026-05-13,11:01:36,maceta1,31.0,31.0,79.6,79.6,79.6,6360.0,21204.1,,,1,0,0,Lectura invalida de DHT
2026-05-13,11:01:36,maceta2,44.0,44.0,70.9,71.0,71.0,6243.6,19535.4,15.7,48.2,1,0,0,
2026-05-13,11:31:40,maceta1,31.0,31.0,79.4,79.5,79.4,5942.8,20288.0,,,1,0,0,Lectura invalida de DHT
2026-05-13,11:31:40,maceta2,44.0,44.0,70.7,70.8,70.7,6215.4,19150.2,15.8,48.4,1,0,0,
2026-05-13,12:01:44,maceta1,31.0,31.0,79.3,79.2,79.3,6188.6,20936.6,,,1,0,0,Lectura invalida de DHT
2026-05-13,12:01:44,maceta2,44.0,44.0,70.6,70.5,70.6,5811.4,19813.8,16.0,48.9,1,0,0,
2026-05-13,12:31:49,maceta1,31.0,31.0,79.1,79.0,79.1,6313.1,20405.4,,,1,0,0,Lectura invalida de DHT
2026-05-13,12:31:49,maceta2,44.0,44.0,70.4,70.4,70.4,6310.1,19359.2,,,1,0,0,Lectura invalida de DHT
2026-05-13,13:01:53,maceta1,32.0,32.0,78.8,78.9,78.9,6231.2,20381.8,,,1,0,0,Lectura invalida de DHT
2026-05-13,13:01:53,maceta2,45.0,45.0,70.3,70.2,70.2,6026.5,20774.8,16.4,49.3,1,0,0,
2026-05-13,13:31:57,maceta1,32.0,32.0,78.7,78.7,78.7,5931.6,19286.9,,,1,0,0,Lectura invalida de DHT
2026-05-13,13:31:57,maceta2,45.0,45.0,70.2,69.9,70.1,6265.5,20334.3,16.5,49.6,1,0,0,
2026-05-13,14:02:02,maceta1,32.0,32.0,78.5,78.5,78.5,6048.8,19315.3,,,1,0,0,Lectura invalida de DHT
2026-05-13,14:02:02,maceta2,45.0,45.0,69.9,69.9,69.9,6189.6,19359.6,16.7,50.0,1,0,0,
2026-05-13,14:32:06,maceta1,32.0,32.0,78.4,78.3,78.3,6348.7,20323.8,,,1,0,0,Lectura invalida de DHT
2026-05-13,14:32:06,maceta2,45.0,45.0,69.8,69.7,69.8,6039.9,19023.1,16.8,50.3,1,0,0,
2026-05-13,15:02:11,maceta1,33.0,33.0,78.3,78.1,78.2,6188.0,19672.2,,,1,0,0,Lectura invalida de DHT
2026-05-13,15:02:11,maceta2,46.0,46.0,69.5,69.6,69.6,5894.2,21020.4,16.9,50.3,1,0,0,
2026-05-13,15:32:15,maceta1,33.0,33.0,78.1,77.9,78.0,5803.7,19052.6,,,1,0,0,Lectura invalida de DHT
2026-05-13,15:32:15,maceta2,46.0,46.0,69.4,69.4,69.4,5866.1,19440.5,,,1,0,0,Lectura invalida de DHT
2026-05-13,16:02:19,maceta1,33.0,33.0,77.9,77.8,77.8,6332.7,20807.1,,,1,0,0,Lectura invalida de DHT
2026-05-13,16:02:19,maceta2,46.0,46.0,69.4,69.2,69.3,6382.1,20515.5,,,1,0,0,Lectura invalida de DHT
2026-05-13,16:32:24,maceta1,33.0,34.0,77.8,77.6,77.7,5824.7,19081.2,,,1,0,0,Lectura invalida de DHT
2026-05-13,16:32:24,maceta2,46.0,46.0,69.3,69.0,69.1,6442.9,19842.3,17.0,50.1,1,0,0,
2026-05-13,17:02:31,maceta1,33.0,34.0,77.7,77.5,77.6,6322.0,20488.2,,,1,0,0,Lectura invalida de DHT
2026-05-13,17:02:31,maceta2,46.0,47.0,69.1,68.9,69.0,6254.9,20463.7,17.2,50.3,1,0,0,
2026-05-13,17:32:46,maceta1,34.0,34.0,77.5,77.3,77.4,5941.7,20348.0,,,1,0,0,Lectura invalida de DHT
2026-05-13,17:32:46,maceta2,47.0,47.0,68.8,68.8,68.8,5872.4,19789.1,17.2,50.3,1,0,0,
2026-05-13,17:35:45,maceta1,34.0,34.0,77.4,77.2,77.3,6470.7,21422.0,,,1,0,0,Lectura invalida de DHT
2026-05-13,17:35:45,maceta2,47.0,47.0,68.7,68.7,68.7,6081.4,19217.3,17.5,50.3,1,0,0,
2026-05-13,17:36:38,maceta1,34.0,35.0,77.2,77.0,77.1,6057.6,20210.5,,,1,0,0,Lectura invalida de DHT
2026-05-13,17:36:38,maceta2,47.0,47.0,68.5,68.6,68.5,6310.3,19557.4,17.5,50.3,1,0,0,
2026-05-13,17:37:31,maceta1,34.0,35.0,77.1,76.8,77.0,6028.9,19159.0,,,1,0,0,Lectura invalida de DHT
2026-05-13,17:37:31,maceta2,47.0,48.0,68.5,68.3,68.4,6345.9,19470.1,,,1,0,0,Lectura invalida de DHT
2026-05-13,17:38:47,maceta1,35.0,35.0,77.0,76.6,76.8,5904.2,20379.2,,,1,0,0,Lectura invalida de DHT
2026-05-13,17:38:47,maceta2,48.0,48.0,68.3,68.2,68.3,5882.8,20070.0,17.5,50.2,1,0,0,
2026-05-13,17:39:20,maceta1,35.0,35.0,76.8,76.5,76.6,6013.9,21102.7,,,1,0,0,Lectura invalida de DHT
2026-05-13,17:39:20,maceta2,48.0,48.0,68.2,68.1,68.2,5800.0,20645.7,17.5,50.2,1,0,0,
2026-05-13,17:39:52,maceta1,35.0,35.0,76.6,76.3,76.5,6413.7,21492.1,,,1,0,0,Lectura invalida de DHT
2026-05-13,17:39:52,maceta2,48.0,48.0,68.1,68.0,68.1,6298.5,19659.5,17.5,50.2,1,0,0,
2026-05-13,17:41:17,maceta1,35.0,36.0,76.4,76.1,76.3,6497.4,20075.9,,,1,0,0,Lectura invalida de DHT
2026-05-13,17:41:17,maceta2,48.0,48.0,68.0,67.9,68.0,6049.6,19030.2,,,1,0,0,Lectura invalida de DHT
2026-05-13,17:41:51,maceta1,36.0,36.0,76.3,75.9,76.1,6057.8,19800.7,,,1,0,0,Lectura invalida de DHT
2026-05-13,17:41:51,maceta2,48.0,48.0,67.9,67.8,67.8,5978.1,20297.3,17.5,50.2,1,0,0,
2026-05-13,17:42:16,maceta1,36.0,36.0,76.2,75.7,76.0,6114.0,21266.6,,,1,0,0,Lectura invalida de DHT
2026-05-13,17:42:16,maceta2,48.0,48.0,67.7,67.7,67.7,5809.0,20514.4,,,1,0,0,Lectura invalida de DHT
2026-05-13,18:12:32,maceta1,36.0,37.0,76.0,75.6,75.8,17.2,25.5,,,0,0,0,Lectura invalida de DHT
2026-05-13,18:12:32,maceta2,49.0,49.0,67.5,67.5,67.5,7.9,16.1,17.5,50.2,0,0,0,
2026-05-13,18:42:51,maceta1,36.0,37.0,75.9,75.4,75.6,20.9,2.0,,,0,0,0,Lectura invalida de DHT
2026-05-13,18:42:51,maceta2,49.0,49.0,67.2,67.4,67.3,1.4,18.8,17.4,50.4,0,0,0,
2026-05-13,19:13:09,maceta1,36.0,37.0,75.8,75.2,75.5,27.7,29.8,,,0,0,0,Lectura invalida de DHT
2026-05-13,19:13:09,maceta2,49.0,49.0,67.1,67.3,67.2,0.1,27.7,,,0,0,0,Lectura invalida de DHT
2026-05-13,19:43:27,maceta1,36.0,37.0,75.7,75.1,75.4,21.4,21.0,,,0,0,0,Lectura invalida de DHT
2026-05-13,19:43:27,maceta2,50.0,49.0,66.8,67.2,67.0,10.5,5.4,17.3,51.1,0,0,0,
2026-05-13,20:13:44,maceta1,37.0,38.0,75.5,74.9,75.2,11.1,4.9,,,0,0,0,Lectura invalida de DHT
2026-05-13,20:13:44,maceta2,50.0,49.0,66.7,67.1,66.9,7.2,8.9,17.3,51.6,0,0,0,
2026-05-13,20:44:00,maceta1,37.0,38.0,75.3,74.8,75.1,21.4,0.4,,,0,0,0,Lectura invalida de DHT
2026-05-13,20:44:00,maceta2,50.0,50.0,66.6,66.9,66.7,1.9,29.3,17.4,52.1,0,0,0,
2026-05-13,21:14:18,maceta1,37.0,38.0,75.2,74.6,74.9,1.2,5.1,,,0,0,0,Lectura invalida de DHT
2026-05-13,21:14:18,maceta2,50.0,50.0,66.5,66.8,66.6,5.4,11.1,17.4,52.5,0,0,0,
2026-05-13,21:44:36,maceta1,37.0,38.0,75.0,74.4,74.7,11.6,25.1,,,0,0,0,Lectura invalida de DHT
2026-05-13,21:44:36,maceta2,51.0,50.0,66.3,66.6,66.4,3.7,0.7,17.4,52.8,0,0,0,
2026-05-13,22:14:54,maceta1,38.0,39.0,74.8,74.1,74.5,12.2,0.6,,,0,0,0,Lectura invalida de DHT
2026-05-13,22:14:54,maceta2,51.0,50.0,66.1,66.4,66.2,27.4,4.4,17.4,52.8,0,0,0,
2026-05-13,22:45:04,maceta1,38.0,39.0,74.6,74.1,74.3,5.0,7.0,,,0,0,0,Lectura invalida de DHT
2026-05-13,22:45:04,maceta2,51.0,51.0,66.0,66.3,66.2,4.2,0.8,17.3,52.8,0,0,0,
2026-05-13,23:15:13,maceta1,38.0,39.0,74.3,74.0,74.2,0.7,22.7,,,0,0,0,Lectura invalida de DHT
2026-05-13,23:15:13,maceta2,51.0,51.0,65.9,66.1,66.0,16.1,29.7,17.2,52.6,0,0,0,
2026-05-13,23:45:22,maceta1,39.0,39.0,74.3,74.0,74.1,4.0,17.6,,,0,0,0,Lectura invalida de DHT
2026-05-13,23:45:22,maceta2,51.0,51.0,65.7,66.0,65.9,17.8,8.4,17.2,52.4,0,0,0,
2026-05-14,00:15:31,maceta1,39.0,39.0,74.2,73.8,74.0,19.6,23.5,,,0,0,0,Lectura invalida de DHT
2026-05-14,00:15:31,maceta2,52.0,51.0,65.6,65.9,65.8,16.3,27.7,17.1,52.4,0,0,0,
2026-05-14,00:45:41,maceta1,39.0,39.0,74.0,73.7,73.9,24.1,22.4,,,0,0,0,Lectura invalida de DHT
2026-05-14,00:45:41,maceta2,52.0,51.0,65.6,65.7,65.6,3.0,29.9,,,0,0,0,Lectura invalida de DHT
2026-05-14,01:15:50,maceta1,39.0,40.0,73.9,73.6,73.7,29.6,1.5,,,0,0,0,Lectura invalida de DHT
2026-05-14,01:15:50,maceta2,52.0,52.0,65.5,65.5,65.5,9.6,18.0,,,0,0,0,Lectura invalida de DHT
2026-05-14,01:45:59,maceta1,39.0,40.0,73.7,73.5,73.6,10.4,26.8,,,0,0,0,Lectura invalida de DHT
2026-05-14,01:45:59,maceta2,52.0,52.0,65.3,65.4,65.4,1.5,1.0,16.9,52.8,0,0,0,
2026-05-14,02:16:09,maceta1,40.0,40.0,73.6,73.4,73.5,18.0,6.8,,,0,0,0,Lectura invalida de DHT
2026-05-14,02:16:09,maceta2,52.0,52.0,65.2,65.3,65.2,11.9,2.4,16.8,52.9,0,0,0,
2026-05-14,02:46:18,maceta1,40.0,40.0,73.5,73.2,73.3,28.1,16.6,,,0,0,0,Lectura invalida de DHT
2026-05-14,02:46:18,maceta2,52.0,52.0,65.2,65.1,65.1,5.7,14.4,16.8,53.2,0,0,0,
2026-05-14,03:16:27,maceta1,40.0,40.0,73.3,73.1,73.2,5.0,19.3,,,0,0,0,Lectura invalida de DHT
2026-05-14,03:16:27,maceta2,53.0,53.0,65.0,65.0,65.0,16.8,12.2,16.7,53.3,0,0,0,
2026-05-14,03:46:36,maceta1,40.0,41.0,73.2,73.0,73.1,21.5,5.1,,,0,0,0,Lectura invalida de DHT
2026-05-14,03:46:36,maceta2,53.0,53.0,64.8,64.7,64.8,20.8,18.2,16.6,53.2,0,0,0,
2026-05-14,04:16:46,maceta1,41.0,41.0,73.0,72.9,72.9,22.6,29.3,,,0,0,0,Lectura invalida de DHT
2026-05-14,04:16:46,maceta2,53.0,53.0,64.7,64.5,64.6,16.0,13.2,16.6,53.2,0,0,0,
2026-05-14,04:46:55,maceta1,41.0,41.0,72.8,72.7,72.7,2.7,14.6,,,0,0,0,Lectura invalida de DHT
2026-05-14,04:46:55,maceta2,53.0,54.0,64.6,64.3,64.4,13.0,28.0,16.4,53.1,0,0,0,
2026-05-14,05:17:04,maceta1,41.0,41.0,72.7,72.4,72.6,25.8,1.7,,,0,0,0,Lectura invalida de DHT
2026-05-14,05:17:04,maceta2,53.0,54.0,64.4,64.1,64.2,11.6,16.0,,,0,0,0,Lectura invalida de DHT
2026-05-14,05:47:13,maceta1,41.0,42.0,72.5,72.2,72.4,24.4,28.1,,,0,0,0,Lectura invalida de DHT
2026-05-14,05:47:13,maceta2,53.0,54.0,64.3,64.0,64.2,25.3,20.8,16.2,52.8,0,0,0,
2026-05-14,06:17:23,maceta1,41.0,42.0,72.4,72.1,72.2,6305.4,19478.1,,,1,0,0,Lectura invalida de DHT
2026-05-14,06:17:23,maceta2,54.0,54.0,64.3,63.7,64.0,6178.2,21407.2,16.1,52.8,1,0,0,
2026-05-14,06:47:32,maceta1,42.0,42.0,72.3,72.0,72.1,6420.3,20538.6,,,1,0,0,Lectura invalida de DHT
2026-05-14,06:47:32,maceta2,54.0,55.0,64.1,63.5,63.8,6395.8,20473.7,,,1,0,0,Lectura invalida de DHT
2026-05-14,07:17:41,maceta1,42.0,42.0,72.1,71.8,71.9,6215.1,20014.3,,,1,0,0,Lectura invalida de DHT
2026-05-14,07:17:41,maceta2,54.0,55.0,64.0,63.4,63.7,6470.3,20177.9,16.0,52.9,1,0,0,
2026-05-14,07:47:51,maceta1,42.0,43.0,72.0,71.6,71.8,6074.1,19102.7,,,1,0,0,Lectura invalida de DHT
2026-05-14,07:47:51,maceta2,54.0,55.0,63.9,63.3,63.6,6196.0,20433.5,,,1,0,0,Lectura invalida de DHT
2026-05-14,08:18:00,maceta1,42.0,43.0,71.8,71.5,71.6,6088.8,19868.2,,,1,0,0,Lectura invalida de DHT
2026-05-14,08:18:00,maceta2,54.0,55.0,63.7,63.1,63.4,6160.1,21319.8,15.9,53.0,1,0,0,
2026-05-14,08:48:09,maceta1,43.0,43.0,71.6,71.4,71.5,6286.9,19663.1,,,1,0,0,Lectura invalida de DHT
2026-05-14,08:48:09,maceta2,55.0,55.0,63.5,63.0,63.2,5859.5,21070.9,15.8,53.1,1,0,0,
2026-05-14,09:18:23,maceta1,43.0,43.0,71.4,71.2,71.3,5802.3,20715.2,,,1,0,0,Lectura invalida de DHT
2026-05-14,09:18:23,maceta2,55.0,56.0,63.3,62.8,63.1,6184.2,19807.4,15.8,53.3,1,0,0,
2026-05-14,09:48:32,maceta1,43.0,44.0,71.4,71.0,71.2,6233.7,21372.0,,,1,0,0,Lectura invalida de DHT
2026-05-14,09:48:32,maceta2,55.0,56.0,63.2,62.8,63.0,6066.0,19593.1,15.8,53.4,1,0,0,
2026-05-14,10:18:46,maceta1,43.0,44.0,71.2,70.8,71.0,6048.8,19670.1,,,1,0,0,Lectura invalida de DHT
2026-05-14,10:18:46,maceta2,55.0,56.0,63.0,62.7,62.9,6225.0,19656.6,15.8,53.6,1,0,0,
2026-05-14,10:48:59,maceta1,43.0,44.0,71.1,70.6,70.9,6355.9,21028.7,,,1,0,0,Lectura invalida de DHT
2026-05-14,10:48:59,maceta2,56.0,56.0,62.8,62.5,62.6,6072.1,20261.1,15.8,53.6,1,0,0,
2026-05-14,11:19:08,maceta1,44.0,44.0,70.9,70.5,70.7,5865.1,19138.4,,,1,0,0,Lectura invalida de DHT
2026-05-14,11:19:08,maceta2,56.0,57.0,62.6,62.3,62.5,5968.2,20860.1,,,1,0,0,Lectura invalida de DHT
2026-05-14,11:49:22,maceta1,44.0,45.0,70.7,70.3,70.5,6211.7,20345.3,,,1,0,0,Lectura invalida de DHT
2026-05-14,11:49:22,maceta2,56.0,57.0,62.5,62.2,62.4,5866.5,20258.0,15.8,53.2,1,0,0,
2026-05-14,12:19:31,maceta1,44.0,45.0,70.7,70.1,70.4,6136.7,19176.4,,,1,0,0,Lectura invalida de DHT
2026-05-14,12:19:31,maceta2,57.0,57.0,62.3,62.1,62.2,6020.4,19169.5,,,1,0,0,Lectura invalida de DHT
2026-05-14,12:49:40,maceta1,44.0,45.0,70.5,70.0,70.3,6249.6,21335.1,,,1,0,0,Lectura invalida de DHT
2026-05-14,12:49:40,maceta2,57.0,57.0,62.1,61.9,62.0,5867.7,20809.0,15.9,53.0,1,0,0,
2026-05-14,13:19:50,maceta1,44.0,45.0,70.5,70.0,70.2,5845.4,20915.9,,,1,0,0,Lectura invalida de DHT
2026-05-14,13:19:50,maceta2,57.0,57.0,62.0,61.8,61.9,5923.8,21014.9,16.0,53.1,1,0,0,
2026-05-14,13:50:01,maceta1,44.0,45.0,70.4,69.8,70.1,6206.0,20644.9,,,1,0,0,Lectura invalida de DHT
2026-05-14,13:50:01,maceta2,57.0,58.0,61.8,61.6,61.7,6491.1,19723.7,,,1,0,0,Lectura invalida de DHT
2026-05-14,14:20:10,maceta1,45.0,46.0,70.3,69.5,69.9,6193.0,21059.7,,,1,0,0,Lectura invalida de DHT
2026-05-14,14:20:10,maceta2,58.0,58.0,61.6,61.5,61.5,6110.9,20660.3,16.0,53.7,1,0,0,
2026-05-14,14:50:25,maceta1,45.0,46.0,70.1,69.4,69.8,6192.5,20618.8,,,1,0,0,Lectura invalida de DHT
2026-05-14,14:50:25,maceta2,58.0,58.0,61.5,61.4,61.4,6172.3,20066.5,16.0,53.8,1,0,0,
2026-05-14,15:20:36,maceta1,45.0,46.0,70.0,69.2,69.6,6222.4,21422.4,,,1,0,0,Lectura invalida de DHT
2026-05-14,15:20:36,maceta2,58.0,58.0,61.3,61.2,61.3,6411.5,21222.8,16.1,54.1,1,0,0,
2026-05-14,16:23:05,maceta1,45.0,46.0,69.9,69.1,69.5,6273.5,20784.9,,,1,0,0,Lectura invalida de DHT
2026-05-14,16:23:05,maceta2,58.0,58.0,61.1,61.1,61.1,6496.9,21113.1,16.1,54.1,1,0,0,
2026-05-14,16:23:21,maceta1,46.0,47.0,69.6,69.0,69.3,6363.5,21311.6,,,1,0,0,Lectura invalida de DHT
2026-05-14,16:23:21,maceta2,59.0,58.0,61.0,61.0,61.0,6207.9,20313.6,16.6,54.5,1,0,0,
2026-05-14,16:36:08,maceta1,46.0,47.0,69.6,68.8,69.2,5988.9,20292.8,,,1,0,0,Lectura invalida de DHT
2026-05-14,16:36:08,maceta2,59.0,59.0,60.9,60.9,60.9,6368.7,20728.8,,,1,0,0,Lectura invalida de DHT
2026-05-14,16:36:40,maceta1,46.0,47.0,69.4,68.7,69.1,6377.5,19292.7,,,1,0,0,Lectura invalida de DHT
2026-05-14,16:36:40,maceta2,59.0,59.0,60.7,60.7,60.7,6028.9,21208.4,,,1,0,0,Lectura invalida de DHT
2026-05-14,16:43:06,maceta1,46.0,47.0,69.2,68.6,68.9,6148.8,20320.4,,,1,0,0,Lectura invalida de DHT
2026-05-14,16:43:06,maceta2,59.0,59.0,60.6,60.6,60.6,6014.0,20239.3,16.6,54.5,1,0,0,
2026-05-14,16:43:55,maceta1,47.0,47.0,69.0,68.4,68.7,5853.9,19317.2,,,1,0,0,Lectura invalida de DHT
2026-05-14,16:43:55,maceta2,59.0,59.0,60.5,60.5,60.5,6081.9,19783.1,,,1,0,0,Lectura invalida de DHT
2026-05-14,16:44:30,maceta1,47.0,48.0,68.8,68.3,68.5,5841.0,20481.2,,,1,0,0,Lectura invalida de DHT
2026-05-14,16:44:30,maceta2,60.0,59.0,60.3,60.4,60.4,6270.8,20884.2,18.4,62.9,1,0,0,
2026-05-14,16:44:59,maceta1,47.0,48.0,68.6,68.2,68.4,6034.0,20206.2,,,1,0,0,Lectura invalida de DHT
2026-05-14,16:44:59,maceta2,60.0,59.0,60.1,60.4,60.2,6277.5,19550.2,19.1,61.3,1,0,0,
2026-05-14,16:45:29,maceta1,47.0,48.0,68.4,68.1,68.3,6349.4,20556.4,,,1,0,0,Lectura invalida de DHT
2026-05-14,16:45:29,maceta2,60.0,60.0,59.9,60.1,60.0,6020.7,19971.3,20.3,82.4,1,0,0,
2026-05-14,16:45:58,maceta1,47.0,48.0,68.3,67.9,68.1,6295.4,19025.1,,,1,0,0,Lectura invalida de DHT
2026-05-14,16:45:58,maceta2,60.0,60.0,59.7,59.9,59.8,5893.2,21164.3,21.1,83.8,1,0,0,
2026-05-14,16:46:36,maceta1,48.0,48.0,68.2,67.8,68.0,6352.0,19487.1,,,1,0,0,Lectura invalida de DHT
2026-05-14,16:46:36,maceta2,61.0,60.0,59.6,59.8,59.7,6242.7,20811.1,21.1,84.0,1,0,0,
2026-05-14,16:47:06,maceta1,48.0,49.0,68.0,67.6,67.8,6162.1,20228.3,,,1,0,0,Lectura invalida de DHT
2026-05-14,16:47:06,maceta2,61.0,60.0,59.5,59.7,59.6,5889.8,20009.5,20.8,83.9,1,0,0,
2026-05-14,16:47:48,maceta1,48.0,49.0,67.9,67.5,67.7,6108.1,21376.3,,,1,0,0,Lectura invalida de DHT
2026-05-14,16:47:48,maceta2,61.0,61.0,59.4,59.6,59.5,6204.9,19536.9,20.5,83.7,1,0,0,
2026-05-14,16:48:26,maceta1,48.0,49.0,67.7,67.4,67.5,5903.2,19959.0,,,1,0,0,Lectura invalida de DHT
2026-05-14,16:48:26,maceta2,61.0,61.0,59.3,59.4,59.3,6285.4,19889.9,20.0,83.6,1,0,0,
2026-05-14,16:48:56,maceta1,49.0,49.0,67.6,67.2,67.4,6029.7,20060.9,,,1,0,0,Lectura invalida de DHT
2026-05-14,16:48:56,maceta2,61.0,61.0,59.2,59.3,59.3,6290.4,19710.3,19.6,83.4,1,0,0,
2026-05-14,16:49:30,maceta1,49.0,49.0,67.4,67.1,67.2,6103.8,20786.7,,,1,0,0,Lectura invalida de DHT
2026-05-14,16:49:30,maceta2,61.0,61.0,59.0,59.2,59.1,6327.4,19440.2,19.3,83.3,1,0,0,
2026-05-14,16:49:59,maceta1,49.0,50.0,67.3,66.9,67.1,5862.0,20509.5,,,1,0,0,Lectura invalida de DHT
2026-05-14,16:49:59,maceta2,62.0,61.0,59.0,59.1,59.0,6411.0,20858.3,19.0,83.1,1,0,0,
2026-05-14,16:50:30,maceta1,49.0,50.0,67.1,66.9,67.0,5954.4,19747.3,,,1,0,0,Lectura invalida de DHT
2026-05-14,16:50:30,maceta2,62.0,61.0,58.8,59.0,58.9,6150.0,19630.2,,,1,0,0,Lectura invalida de DHT
2026-05-14,16:51:00,maceta1,49.0,50.0,67.0,66.6,66.8,6218.8,20027.0,,,1,0,0,Lectura invalida de DHT
2026-05-14,16:51:00,maceta2,62.0,62.0,58.6,58.9,58.8,6311.2,20135.4,18.5,82.1,1,0,0,
2026-05-14,16:51:29,maceta1,50.0,50.0,66.9,66.5,66.7,6315.0,19544.2,,,1,0,0,Lectura invalida de DHT
2026-05-14,16:51:29,maceta2,62.0,62.0,58.5,58.8,58.7,6233.4,19964.6,18.3,81.4,1,0,0,
2026-05-14,16:52:14,maceta1,50.0,51.0,66.8,66.3,66.6,6498.8,21415.1,,,1,0,0,Lectura invalida de DHT
2026-05-14,16:52:14,maceta2,63.0,62.0,58.3,58.6,58.5,5930.6,21455.2,18.1,80.4,1,0,0,
2026-05-14,16:52:48,maceta1,50.0,51.0,66.7,66.2,66.5,6453.2,19326.6,,,1,0,0,Lectura invalida de DHT
2026-05-14,16:52:48,maceta2,63.0,62.0,58.2,58.6,58.4,5818.0,19977.7,18.0,78.8,1,0,0,
2026-05-14,16:53:19,maceta1,50.0,51.0,66.5,66.0,66.3,6249.8,19929.6,,,1,0,0,Lectura invalida de DHT
2026-05-14,16:53:19,maceta2,63.0,62.0,58.0,58.5,58.2,5999.2,19200.0,,,1,0,0,Lectura invalida de DHT
2026-05-14,16:53:54,maceta1,50.0,51.0,66.4,65.9,66.1,6094.9,19064.6,,,1,0,0,Lectura invalida de DHT
2026-05-14,16:53:54,maceta2,63.0,63.0,57.8,58.3,58.1,6110.1,19224.6,17.6,76.9,1,0,0,
2026-05-14,16:54:27,maceta1,51.0,51.0,66.2,65.7,66.0,6245.3,19554.4,,,1,0,0,Lectura invalida de DHT
2026-05-14,16:54:27,maceta2,63.0,63.0,57.7,58.3,58.0,6232.0,20476.9,18.5,82.3,1,0,0,
2026-05-14,16:55:01,maceta1,51.0,52.0,66.0,65.5,65.8,6350.0,20951.2,,,1,0,0,Lectura invalida de DHT
2026-05-14,16:55:01,maceta2,64.0,63.0,57.5,58.1,57.8,6395.0,20498.4,22.2,95.2,1,0,0,
2026-05-14,16:55:43,maceta1,51.0,52.0,65.8,65.3,65.6,5882.8,19502.9,,,1,0,0,Lectura invalida de DHT
2026-05-14,16:55:43,maceta2,64.0,63.0,57.3,58.0,57.6,5937.4,20046.9,23.8,99.3,1,0,0,
2026-05-14,16:56:14,maceta1,51.0,52.0,65.8,65.3,65.5,6086.9,19200.2,,,1,0,0,Lectura invalida de DHT
2026-05-14,16:56:14,maceta2,64.0,63.0,57.1,57.9,57.5,5887.9,20079.6,23.3,99.0,1,0,0,
2026-05-14,16:56:46,maceta1,52.0,52.0,65.7,65.0,65.3,6387.9,20186.1,,,1,0,0,Lectura invalida de DHT
2026-05-14,16:56:46,maceta2,64.0,63.0,57.0,57.7,57.4,6474.4,19134.8,22.5,97.7,1,0,0,
2026-05-14,16:57:15,maceta1,52.0,53.0,65.5,64.9,65.2,6068.7,19024.9,,,1,0,0,Lectura invalida de DHT
2026-05-14,16:57:15,maceta2,65.0,64.0,56.8,57.6,57.2,5875.6,20291.4,21.7,95.5,1,0,0,
2026-05-14,16:57:53,maceta1,52.0,53.0,65.4,64.8,65.1,6200.3,19211.9,,,1,0,0,Lectura invalida de DHT
2026-05-14,16:57:53,maceta2,65.0,64.0,56.6,57.4,57.0,6134.9,20261.8,21.1,93.0,1,0,0,
2026-05-14,16:58:33,maceta1,52.0,53.0,65.1,64.6,64.8,6211.4,21019.1,,,1,0,0,Lectura invalida de DHT
2026-05-14,16:58:33,maceta2,65.0,64.0,56.5,57.2,56.8,6209.9,19373.9,20.3,89.5,1,0,0,
2026-05-14,16:59:04,maceta1,52.0,53.0,65.1,64.3,64.7,5929.1,20928.7,,,1,0,0,Lectura invalida de DHT
2026-05-14,16:59:04,maceta2,66.0,64.0,56.3,57.0,56.7,6179.0,19259.6,19.7,86.7,1,0,0,
2026-05-14,16:59:43,maceta1,53.0,54.0,64.9,64.2,64.6,6053.6,21287.8,19.4,86.3,1,0,0,
2026-05-14,16:59:43,maceta2,66.0,65.0,56.2,56.9,56.5,5860.2,19308.9,,,1,0,0,Lectura invalida de DHT
2026-05-14,17:00:15,maceta1,53.0,54.0,64.7,64.1,64.4,6034.2,21136.3,,,1,0,0,Lectura invalida de DHT
2026-05-14,17:00:15,maceta2,66.0,65.0,56.0,56.8,56.4,5839.9,19252.6,18.9,86.2,1,0,0,
2026-05-14,17:00:58,maceta1,53.0,54.0,64.5,64.0,64.3,5818.3,20707.9,,,1,0,0,Lectura invalida de DHT
2026-05-14,17:00:58,maceta2,66.0,65.0,55.9,56.5,56.2,5873.8,20524.3,18.6,86.0,1,0,0,
2026-05-14,17:01:37,maceta1,53.0,54.0,64.4,63.9,64.1,5816.9,19130.8,,,1,0,0,Lectura invalida de DHT
2026-05-14,17:01:37,maceta2,66.0,65.0,55.7,56.4,56.1,6209.9,19491.2,,,1,0,0,Lectura invalida de DHT
2026-05-14,17:02:12,maceta1,54.0,54.0,64.3,63.7,64.0,6382.2,20957.1,,,1,0,0,Lectura invalida de DHT
2026-05-14,17:02:12,maceta2,67.0,66.0,55.6,56.2,55.9,6181.0,19628.6,17.9,85.9,1,0,0,
2026-05-14,17:03:02,maceta1,54.0,55.0,64.2,63.6,63.9,5991.1,21113.8,,,1,0,0,Lectura invalida de DHT
2026-05-14,17:03:02,maceta2,67.0,66.0,55.5,56.1,55.8,5963.6,19433.9,,,1,0,0,Lectura invalida de DHT
2026-05-14,17:03:41,maceta1,54.0,55.0,64.1,63.4,63.7,6162.7,20997.7,,,1,0,0,Lectura invalida de DHT
2026-05-14,17:03:41,maceta2,67.0,66.0,55.5,55.9,55.7,6246.4,21394.6,,,1,0,0,Lectura invalida de DHT
2026-05-14,17:04:11,maceta1,54.0,55.0,63.9,63.2,63.6,6009.1,20271.2,,,1,0,0,Lectura invalida de DHT
2026-05-14,17:04:11,maceta2,67.0,66.0,55.4,55.8,55.6,6374.0,21136.5,,,1,0,0,Lectura invalida de DHT
2026-05-14,17:04:42,maceta1,54.0,55.0,63.8,63.1,63.4,6458.5,19582.3,,,1,0,0,Lectura invalida de DHT
2026-05-14,17:04:42,maceta2,67.0,67.0,55.2,55.6,55.4,5829.1,19576.2,,,1,0,0,Lectura invalida de DHT
2026-05-14,17:05:12,maceta1,54.0,55.0,63.7,63.0,63.4,5981.5,21113.3,,,1,0,0,Lectura invalida de DHT
2026-05-14,17:05:12,maceta2,67.0,67.0,55.1,55.5,55.3,6148.7,19818.9,17.0,85.7,1,0,0,
2026-05-14,17:05:41,maceta1,55.0,56.0,63.6,63.0,63.3,6100.8,20817.9,,,1,0,0,Lectura invalida de DHT
2026-05-14,17:05:41,maceta2,67.0,67.0,55.0,55.4,55.2,6282.5,19524.7,16.9,85.7,1,0,0,
2026-05-14,17:06:11,maceta1,55.0,56.0,63.5,62.7,63.1,6410.9,21451.9,,,1,0,0,Lectura invalida de DHT
2026-05-14,17:06:11,maceta2,68.0,67.0,54.8,55.3,55.1,5976.6,20229.7,16.8,85.7,1,0,0,
2026-05-14,17:06:50,maceta1,55.0,56.0,63.4,62.5,62.9,6389.4,19389.2,,,1,0,0,Lectura invalida de DHT
2026-05-14,17:06:50,maceta2,68.0,67.0,54.7,55.2,54.9,6015.4,19049.0,16.8,85.7,1,0,0,
2026-05-14,17:07:21,maceta1,55.0,57.0,63.3,62.3,62.8,5930.3,19564.2,,,1,0,0,Lectura invalida de DHT
2026-05-14,17:07:21,maceta2,68.0,67.0,54.5,55.0,54.8,6229.5,20678.4,16.6,85.7,1,0,0,
2026-05-14,17:08:06,maceta1,55.0,57.0,63.1,62.1,62.6,6361.9,19529.5,,,1,0,0,Lectura invalida de DHT
2026-05-14,17:08:06,maceta2,69.0,68.0,54.3,54.8,54.6,6428.6,20307.9,16.6,85.7,1,0,0,
2026-05-14,17:08:40,maceta1,55.0,57.0,63.1,62.0,62.5,6120.7,20981.3,,,1,0,0,Lectura invalida de DHT
2026-05-14,17:08:40,maceta2,69.0,68.0,54.1,54.7,54.4,6366.9,21246.6,16.5,85.7,1,0,0,
2026-05-14,17:09:09,maceta1,55.0,57.0,63.0,61.8,62.4,6138.1,19467.3,,,1,0,0,Lectura invalida de DHT
2026-05-14,17:09:09,maceta2,69.0,68.0,53.8,54.6,54.2,6208.2,19411.0,,,1,0,0,Lectura invalida de DHT
2026-05-14,17:09:47,maceta1,56.0,58.0,62.8,61.6,62.2,5893.4,19166.6,,,1,0,0,Lectura invalida de DHT
2026-05-14,17:09:47,maceta2,69.0,68.0,53.7,54.5,54.1,6311.2,21010.3,,,1,0,0,Lectura invalida de DHT
2026-05-14,17:10:25,maceta1,56.0,58.0,62.6,61.5,62.0,5856.4,21496.4,23.2,47.4,1,0,0,
2026-05-14,17:10:25,maceta2,70.0,69.0,53.5,54.3,53.9,6055.4,20979.9,16.4,85.7,1,0,0,
2026-05-14,17:11:14,maceta1,56.0,58.0,62.4,61.3,61.8,6309.6,19062.0,24.5,40.1,1,0,0,
2026-05-14,17:11:14,maceta2,70.0,69.0,53.5,54.1,53.8,6248.7,19318.0,,,1,0,0,Lectura invalida de DHT
2026-05-14,17:11:46,maceta1,57.0,58.0,62.3,61.1,61.7,6147.5,21088.1,23.6,48.9,1,0,0,
2026-05-14,17:11:46,maceta2,70.0,69.0,53.3,53.9,53.6,6126.3,19996.4,,,1,0,0,Lectura invalida de DHT
2026-05-14,17:12:16,maceta1,57.0,58.0,62.2,61.1,61.6,6105.8,19913.4,23.2,72.0,1,0,0,
2026-05-14,17:12:16,maceta2,70.0,69.0,53.3,53.7,53.5,5933.0,19425.4,16.2,85.7,1,0,0,
2026-05-14,17:12:45,maceta1,57.0,59.0,62.1,60.9,61.5,6310.7,21104.0,23.3,61.2,1,0,0,
2026-05-14,17:12:45,maceta2,70.0,70.0,53.1,53.5,53.3,6291.2,19636.8,,,1,0,0,Lectura invalida de DHT
2026-05-14,17:13:17,maceta1,57.0,59.0,61.9,60.8,61.4,6335.9,20386.6,23.5,77.8,1,0,0,
2026-05-14,17:13:17,maceta2,71.0,70.0,52.9,53.4,53.2,6189.5,19658.1,16.2,85.7,1,0,0,
2026-05-14,17:14:02,maceta1,57.0,59.0,61.7,60.6,61.2,5911.2,21254.1,,,1,0,0,Lectura invalida de DHT
2026-05-14,17:14:02,maceta2,71.0,70.0,52.8,53.3,53.0,6051.0,20390.6,,,1,0,0,Lectura invalida de DHT
2026-05-14,17:14:33,maceta1,58.0,59.0,61.5,60.4,61.0,6227.2,21315.5,,,1,0,0,Lectura invalida de DHT
2026-05-14,17:14:33,maceta2,71.0,70.0,52.7,53.2,52.9,6437.9,20028.5,16.1,85.6,1,0,0,
2026-05-14,17:15:17,maceta1,58.0,60.0,61.3,60.2,60.7,5894.7,19022.7,22.7,60.0,1,0,0,
2026-05-14,17:15:17,maceta2,71.0,70.0,52.5,53.0,52.8,5814.7,21369.3,16.1,85.6,1,0,0,
2026-05-14,17:15:49,maceta1,58.0,60.0,61.2,60.1,60.6,6326.0,19188.5,22.6,52.8,1,0,0,
2026-05-14,17:15:49,maceta2,71.0,71.0,52.3,53.0,52.7,6021.0,19315.9,,,1,0,0,Lectura invalida de DHT
2026-05-14,17:16:19,maceta1,58.0,60.0,61.0,60.0,60.5,6259.9,19625.9,,,1,0,0,Lectura invalida de DHT
2026-05-14,17:16:19,maceta2,72.0,71.0,52.2,52.8,52.5,5839.8,21434.2,16.1,85.7,1,0,0,
2026-05-14,17:16:49,maceta1,59.0,60.0,60.9,59.9,60.4,6469.6,20673.3,,,1,0,0,Lectura invalida de DHT
2026-05-14,17:16:49,maceta2,72.0,71.0,52.0,52.6,52.3,6336.6,19576.6,16.0,85.7,1,0,0,
2026-05-14,17:17:20,maceta1,59.0,60.0,60.9,59.8,60.3,5848.3,21220.7,21.8,54.5,1,0,0,
2026-05-14,17:17:20,maceta2,72.0,71.0,51.8,52.4,52.1,6291.5,20932.2,,,1,0,0,Lectura invalida de DHT
2026-05-14,17:17:55,maceta1,59.0,61.0,60.7,59.6,60.2,5839.9,20149.9,,,1,0,0,Lectura invalida de DHT
2026-05-14,17:17:55,maceta2,72.0,72.0,51.8,52.3,52.0,6031.9,19847.4,,,1,0,0,Lectura invalida de DHT
2026-05-14,17:18:25,maceta1,59.0,61.0,60.5,59.5,60.0,5997.5,20517.4,21.3,56.2,1,0,0,
2026-05-14,17:18:25,maceta2,72.0,72.0,51.7,52.1,51.9,6273.0,19357.7,,,1,0,0,Lectura invalida de DHT
2026-05-14,17:18:54,maceta1,59.0,61.0,60.4,59.3,59.8,5983.2,19471.2,21.0,55.2,1,0,0,
2026-05-14,17:18:54,maceta2,73.0,72.0,51.5,52.0,51.7,6077.2,21144.7,17.5,85.8,1,0,0,
2026-05-14,17:19:26,maceta1,60.0,61.0,60.3,59.3,59.8,5972.9,21012.4,20.7,53.5,1,0,0,
2026-05-14,17:19:26,maceta2,73.0,72.0,51.4,51.9,51.7,6329.4,19772.2,18.0,85.8,1,0,0,
2026-05-14,17:19:55,maceta1,60.0,61.0,60.1,59.1,59.6,6434.4,21418.3,20.6,54.9,1,0,0,
2026-05-14,17:19:55,maceta2,73.0,72.0,51.2,51.7,51.4,6117.9,20647.1,18.0,85.9,1,0,0,
2026-05-14,17:20:33,maceta1,60.0,62.0,59.8,58.9,59.4,5974.7,19671.5,20.4,59.2,1,0,0,
2026-05-14,17:20:33,maceta2,73.0,73.0,51.1,51.5,51.3,6088.6,20416.1,18.0,85.8,1,0,0,
2026-05-14,17:21:08,maceta1,60.0,62.0,59.8,58.8,59.3,5990.4,20237.1,20.2,60.2,1,0,0,
2026-05-14,17:21:08,maceta2,74.0,73.0,51.0,51.4,51.2,6454.3,20179.4,17.8,85.8,1,0,0,
2026-05-14,17:21:53,maceta1,61.0,62.0,59.6,58.6,59.1,6331.6,19215.3,20.0,59.4,1,0,0,
2026-05-14,17:21:53,maceta2,74.0,73.0,50.9,51.3,51.1,5975.6,20239.5,17.7,85.7,1,0,0,
2026-05-14,17:22:37,maceta1,61.0,62.0,59.5,58.4,58.9,6114.8,20397.8,,,1,0,0,Lectura invalida de DHT
2026-05-14,17:22:37,maceta2,74.0,73.0,50.8,51.2,51.0,5884.3,20830.6,17.5,85.7,1,0,0,
2026-05-14,17:23:19,maceta1,61.0,63.0,59.2,58.2,58.7,6343.7,20257.0,19.7,59.1,1,0,0,
2026-05-14,17:23:19,maceta2,74.0,73.0,50.8,51.1,50.9,6209.2,19219.4,17.4,85.6,1,0,0,
2026-05-14,17:23:53,maceta1,61.0,63.0,59.2,58.1,58.6,5845.8,19361.1,19.6,60.0,1,0,0,
2026-05-14,17:23:53,maceta2,74.0,74.0,50.6,51.0,50.8,6478.5,20670.5,,,1,0,0,Lectura invalida de DHT
2026-05-14,17:24:35,maceta1,61.0,63.0,59.1,58.0,58.6,6141.3,20105.2,19.5,63.2,1,0,0,
2026-05-14,17:24:35,maceta2,74.0,74.0,50.3,50.9,50.6,6064.5,21239.5,17.2,85.5,1,0,0,
2026-05-14,17:25:05,maceta1,62.0,63.0,59.0,57.8,58.4,5823.5,19835.3,19.4,61.1,1,0,0,
2026-05-14,17:25:05,maceta2,75.0,74.0,50.2,50.8,50.5,5843.4,19144.5,17.0,85.5,1,0,0,
2026-05-14,17:25:44,maceta1,62.0,64.0,58.8,57.6,58.2,5843.9,20304.6,19.3,59.9,1,0,0,
2026-05-14,17:25:44,maceta2,75.0,74.0,50.1,50.7,50.4,6037.5,19351.6,17.0,85.5,1,0,0,
2026-05-14,17:26:13,maceta1,62.0,64.0,58.6,57.5,58.0,6434.5,20464.1,,,1,0,0,Lectura invalida de DHT
2026-05-14,17:26:13,maceta2,75.0,74.0,50.0,50.5,50.3,6154.2,20791.6,16.9,85.5,1,0,0,
2026-05-14,17:26:45,maceta1,62.0,64.0,58.4,57.4,57.9,5897.5,19021.2,,,1,0,0,Lectura invalida de DHT
2026-05-14,17:26:45,maceta2,75.0,75.0,49.8,50.3,50.1,5913.3,20093.2,16.9,85.5,1,0,1,
2026-05-14,17:27:15,maceta1,63.0,64.0,58.2,57.1,57.7,6172.7,20902.5,,,1,0,0,Lectura invalida de DHT
2026-05-14,17:27:15,maceta2,28.0,28.0,81.3,81.0,81.2,6260.7,20008.9,16.8,85.5,1,0,0,
2026-05-14,17:27:45,maceta1,63.0,65.0,58.2,56.9,57.5,6087.8,20782.5,,,1,0,0,Lectura invalida de DHT
2026-05-14,17:27:45,maceta2,28.0,29.0,81.1,80.8,81.0,6498.4,19342.4,16.8,85.5,1,0,0,
2026-05-14,17:28:21,maceta1,63.0,65.0,58.0,56.7,57.3,6043.1,19915.7,,,1,0,0,Lectura invalida de DHT
2026-05-14,17:28:21,maceta2,28.0,29.0,81.0,80.7,80.9,6116.2,20266.9,16.7,85.5,1,0,0,
2026-05-14,17:28:50,maceta1,63.0,65.0,57.7,56.5,57.1,6429.9,19132.3,,,1,0,0,Lectura invalida de DHT
2026-05-14,17:28:50,maceta2,29.0,29.0,81.0,80.7,80.8,6048.3,19316.4,16.7,85.4,1,0,0,
2026-05-14,17:29:20,maceta1,64.0,65.0,57.7,56.5,57.1,5815.3,20887.3,19.1,61.4,1,0,0,
2026-05-14,17:29:20,maceta2,29.0,29.0,80.9,80.6,80.7,6080.5,20191.6,16.6,85.4,1,0,0,
2026-05-14,17:29:49,maceta1,64.0,65.0,57.6,56.4,57.0,6264.7,21387.9,,,1,0,0,Lectura invalida de DHT
2026-05-14,17:29:49,maceta2,29.0,29.0,80.8,80.4,80.6,5880.6,20909.0,16.6,85.4,1,0,0,
2026-05-14,17:30:28,maceta1,64.0,66.0,57.3,56.3,56.8,6474.4,19600.4,19.1,60.4,1,0,0,
2026-05-14,17:30:28,maceta2,29.0,30.0,80.7,80.2,80.4,6418.3,19645.7,16.6,85.4,1,0,0,
2026-05-14,17:30:58,maceta1,64.0,66.0,57.1,56.1,56.6,6192.1,19808.8,19.0,59.8,1,0,0,
2026-05-14,17:30:58,maceta2,29.0,30.0,80.6,80.1,80.4,6090.4,20202.0,,,1,0,0,Lectura invalida de DHT
2026-05-14,17:31:28,maceta1,64.0,66.0,57.0,55.9,56.5,6455.8,19459.5,19.0,63.7,1,0,0,
2026-05-14,17:31:28,maceta2,29.0,30.0,80.4,80.0,80.2,6071.1,21480.0,16.5,85.3,1,0,0,
2026-05-14,17:32:13,maceta1,65.0,66.0,56.9,55.8,56.3,5836.6,20442.3,,,1,0,0,Lectura invalida de DHT
2026-05-14,17:32:13,maceta2,30.0,30.0,80.3,79.8,80.0,6261.8,20716.6,,,1,0,0,Lectura invalida de DHT
2026-05-14,17:32:44,maceta1,65.0,66.0,56.7,55.7,56.2,6093.2,19387.1,,,1,0,0,Lectura invalida de DHT
2026-05-14,17:32:44,maceta2,30.0,31.0,80.2,79.6,79.9,6109.4,21103.4,16.5,85.0,1,0,0,
2026-05-14,17:33:29,maceta1,65.0,67.0,56.5,55.6,56.1,5982.1,19890.5,18.9,65.1,1,0,0,
2026-05-14,17:33:29,maceta2,30.0,31.0,80.1,79.5,79.8,6253.8,20037.1,,,1,0,0,Lectura invalida de DHT
2026-05-14,17:33:58,maceta1,66.0,67.0,56.3,55.4,55.8,6311.6,20742.5,18.9,64.8,1,0,0,
2026-05-14,17:33:58,maceta2,30.0,31.0,79.9,79.4,79.7,5843.0,20919.7,16.5,84.3,1,0,0,
2026-05-14,17:34:33,maceta1,66.0,67.0,56.2,55.3,55.8,6486.9,20400.3,,,1,0,0,Lectura invalida de DHT
2026-05-14,17:34:33,maceta2,30.0,31.0,79.8,79.2,79.5,6369.6,19101.3,16.5,83.7,1,0,0,
2026-05-14,17:35:03,maceta1,66.0,67.0,56.0,55.1,55.5,5979.6,19966.2,18.8,65.6,1,0,0,
2026-05-14,17:35:03,maceta2,30.0,32.0,79.7,79.0,79.3,6458.4,19307.3,,,1,0,0,Lectura invalida de DHT
2026-05-14,17:35:34,maceta1,66.0,68.0,55.9,55.0,55.4,6257.9,20050.6,,,1,0,0,Lectura invalida de DHT
2026-05-14,17:35:34,maceta2,31.0,32.0,79.6,78.8,79.2,6254.1,19507.7,16.5,82.3,1,0,0,
2026-05-14,17:36:04,maceta1,66.0,68.0,55.8,54.9,55.3,5938.7,20405.3,18.8,62.2,1,0,0,
2026-05-14,17:36:04,maceta2,31.0,32.0,79.5,78.6,79.1,6468.2,20004.9,16.5,81.3,1,0,0,
2026-05-14,17:36:33,maceta1,66.0,68.0,55.7,54.7,55.2,6195.7,19014.7,,,1,0,0,Lectura invalida de DHT
2026-05-14,17:36:33,maceta2,31.0,32.0,79.3,78.6,78.9,5906.0,21114.4,,,1,0,0,Lectura invalida de DHT
2026-05-14,17:36:50,maceta1,67.0,68.0,55.5,54.6,55.1,6124.8,19196.3,,,1,0,0,Lectura invalida de DHT
2026-05-14,17:36:50,maceta2,31.0,32.0,79.2,78.3,78.8,6134.2,19865.7,16.5,77.7,1,0,0,
2026-05-14,17:38:29,maceta1,67.0,68.0,55.4,54.5,55.0,6480.4,21203.1,,,1,0,0,Lectura invalida de DHT
2026-05-14,17:38:29,maceta2,32.0,33.0,79.0,78.2,78.6,6221.3,20636.6,16.5,76.4,1,0,0,
2026-05-14,17:38:55,maceta1,67.0,68.0,55.2,54.3,54.8,6226.0,19194.7,,,1,0,0,Lectura invalida de DHT
2026-05-14,17:38:55,maceta2,32.0,33.0,78.8,78.0,78.4,6207.2,20773.3,,,1,0,0,Lectura invalida de DHT
2026-05-14,17:39:15,maceta1,68.0,69.0,55.0,54.2,54.6,6044.7,20767.0,18.6,66.2,1,0,0,
2026-05-14,17:39:15,maceta2,32.0,33.0,78.8,77.8,78.3,6081.0,20465.5,,,1,0,0,Lectura invalida de DHT
2026-05-14,17:39:34,maceta1,68.0,69.0,54.9,54.1,54.5,5879.9,21300.1,18.6,64.1,1,0,0,
2026-05-14,17:39:34,maceta2,32.0,34.0,78.6,77.6,78.1,6036.7,19893.1,16.5,72.2,1,0,0,
2026-05-14,17:39:53,maceta1,68.0,69.0,54.7,53.9,54.3,5905.9,19676.7,,,1,0,0,Lectura invalida de DHT
2026-05-14,17:39:53,maceta2,32.0,34.0,78.6,77.4,78.0,5888.8,20442.6,16.5,71.9,1,0,0,
2026-05-14,17:40:23,maceta1,68.0,69.0,54.5,53.7,54.1,5957.7,19926.2,18.7,67.5,1,0,0,
2026-05-14,17:40:23,maceta2,32.0,34.0,78.4,77.2,77.8,6074.2,19855.7,,,1,0,0,Lectura invalida de DHT
2026-05-14,18:10:32,maceta1,69.0,69.0,54.3,53.7,54.0,1.0,17.6,18.2,67.6,0,0,0,
2026-05-14,18:10:32,maceta2,33.0,35.0,78.2,77.0,77.6,6.6,26.9,,,0,0,0,Lectura invalida de DHT
2026-05-14,18:40:41,maceta1,69.0,70.0,54.1,53.5,53.8,2.7,21.0,,,0,0,0,Lectura invalida de DHT
2026-05-14,18:40:41,maceta2,33.0,35.0,78.0,76.9,77.4,22.0,4.4,16.4,65.0,0,0,0,
2026-05-14,19:10:53,maceta1,69.0,70.0,54.0,53.4,53.7,1.5,15.8,,,0,0,0,Lectura invalida de DHT
2026-05-14,19:10:53,maceta2,33.0,35.0,77.9,76.7,77.3,22.7,6.9,,,0,0,0,Lectura invalida de DHT
2026-05-14,19:41:02,maceta1,69.0,70.0,53.8,53.3,53.6,10.0,25.0,19.5,58.2,0,0,0,
2026-05-14,19:41:02,maceta2,33.0,35.0,77.7,76.6,77.2,12.6,3.2,,,0,0,0,Lectura invalida de DHT
2026-05-14,20:11:16,maceta1,69.0,70.0,53.7,53.2,53.4,15.3,1.0,19.8,57.2,0,0,0,
2026-05-14,20:11:16,maceta2,34.0,35.0,77.5,76.5,77.0,8.9,4.2,,,0,0,0,Lectura invalida de DHT
2026-05-14,20:41:29,maceta1,70.0,70.0,53.6,53.1,53.3,16.0,8.1,,,0,0,0,Lectura invalida de DHT
2026-05-14,20:41:29,maceta2,34.0,35.0,77.5,76.4,76.9,14.1,15.4,18.8,60.9,0,0,0,
2026-05-14,21:11:48,maceta1,70.0,70.0,53.5,53.0,53.3,8.0,14.1,19.9,55.3,0,0,0,
2026-05-14,21:11:48,maceta2,34.0,36.0,77.3,76.2,76.7,2.8,9.6,18.9,61.6,0,0,0,
2026-05-14,21:42:02,maceta1,70.0,71.0,53.4,52.8,53.1,27.3,2.3,20.0,56.8,0,0,0,
2026-05-14,21:42:02,maceta2,34.0,36.0,77.1,76.1,76.6,1.4,12.7,19.0,61.1,0,0,0,
2026-05-14,22:12:15,maceta1,70.0,71.0,53.3,52.7,53.0,11.0,21.2,20.0,55.0,0,0,0,
2026-05-14,22:12:15,maceta2,35.0,36.0,77.0,75.9,76.4,3.3,29.5,19.0,62.1,0,0,0,
2026-05-14,22:42:28,maceta1,70.0,71.0,53.1,52.5,52.8,1.4,11.8,19.9,54.9,0,0,0,
2026-05-14,22:42:28,maceta2,35.0,36.0,76.8,75.8,76.3,5.6,4.7,19.0,59.8,0,0,0,
2026-05-14,23:12:41,maceta1,70.0,71.0,53.1,52.4,52.7,9.0,8.2,19.9,57.2,0,0,0,
2026-05-14,23:12:41,maceta2,35.0,37.0,76.6,75.6,76.1,15.1,16.2,18.9,60.3,0,0,0,
2026-05-14,23:42:54,maceta1,71.0,72.0,53.0,52.1,52.6,15.9,0.1,19.9,55.4,0,0,0,
2026-05-14,23:42:54,maceta2,35.0,37.0,76.5,75.4,75.9,25.5,3.0,18.9,58.6,0,0,0,
2026-05-15,00:13:08,maceta1,71.0,72.0,52.8,52.0,52.4,12.2,21.6,,,0,0,0,Lectura invalida de DHT
2026-05-15,00:13:08,maceta2,35.0,37.0,76.4,75.2,75.8,7.1,9.6,18.8,56.4,0,0,0,
2026-05-15,00:43:21,maceta1,71.0,72.0,52.7,52.0,52.3,8.2,25.0,,,0,0,0,Lectura invalida de DHT
2026-05-15,00:43:21,maceta2,36.0,37.0,76.1,75.1,75.6,28.1,15.8,18.8,56.6,0,0,0,
2026-05-15,01:13:34,maceta1,71.0,72.0,52.7,51.7,52.2,3.9,11.9,,,0,0,0,Lectura invalida de DHT
2026-05-15,01:13:34,maceta2,36.0,38.0,76.0,74.9,75.5,28.6,28.4,,,0,0,0,Lectura invalida de DHT
2026-05-15,01:43:47,maceta1,71.0,73.0,52.5,51.6,52.0,24.6,16.9,19.7,54.3,0,0,0,
2026-05-15,01:43:47,maceta2,36.0,38.0,75.8,74.8,75.3,28.8,11.7,18.7,57.5,0,0,0,
2026-05-15,02:14:01,maceta1,71.0,73.0,52.4,51.4,51.9,29.9,6.8,,,0,0,0,Lectura invalida de DHT
2026-05-15,02:14:01,maceta2,37.0,38.0,75.7,74.8,75.2,25.1,1.9,18.7,56.5,0,0,0,
2026-05-15,02:44:14,maceta1,72.0,73.0,52.3,51.3,51.8,9.9,18.7,19.7,55.5,0,0,0,
2026-05-15,02:44:14,maceta2,37.0,38.0,75.6,74.6,75.1,10.9,11.6,18.6,56.2,0,0,0,
2026-05-15,03:14:27,maceta1,72.0,73.0,52.1,51.2,51.7,11.4,0.4,,,0,0,0,Lectura invalida de DHT
2026-05-15,03:14:27,maceta2,37.0,38.0,75.5,74.5,75.0,2.2,4.4,,,0,0,0,Lectura invalida de DHT
2026-05-15,03:44:41,maceta1,72.0,74.0,51.9,51.0,51.5,18.5,14.7,,,0,0,0,Lectura invalida de DHT
2026-05-15,03:44:41,maceta2,37.0,39.0,75.2,74.3,74.8,17.1,6.9,18.5,56.3,0,0,0,
2026-05-15,04:14:54,maceta1,72.0,74.0,51.9,50.8,51.3,21.6,19.3,19.5,55.9,0,0,0,
2026-05-15,04:14:54,maceta2,37.0,39.0,75.1,74.2,74.7,16.8,18.5,,,0,0,0,Lectura invalida de DHT
2026-05-15,04:45:07,maceta1,72.0,74.0,51.8,50.7,51.2,11.8,27.5,,,0,0,0,Lectura invalida de DHT
2026-05-15,04:45:07,maceta2,38.0,39.0,75.0,74.0,74.5,25.5,2.0,18.4,56.6,0,0,0,
2026-05-15,05:15:21,maceta1,73.0,74.0,51.6,50.5,51.1,27.1,11.4,19.4,55.4,0,0,0,
2026-05-15,05:15:21,maceta2,38.0,39.0,74.9,73.9,74.4,29.9,13.9,,,0,0,0,Lectura invalida de DHT
2026-05-15,05:45:34,maceta1,73.0,75.0,51.6,50.3,50.9,16.8,23.0,19.4,54.8,0,0,0,
2026-05-15,05:45:34,maceta2,38.0,39.0,74.8,73.8,74.3,15.2,18.3,18.3,56.2,0,0,0,
2026-05-15,06:15:47,maceta1,73.0,75.0,51.3,50.2,50.7,5975.7,20422.3,19.3,55.2,1,0,0,
2026-05-15,06:15:47,maceta2,38.0,39.0,74.7,73.7,74.2,5913.9,19209.7,18.2,56.0,1,0,0,
2026-05-15,06:46:00,maceta1,73.0,75.0,51.1,50.0,50.6,6395.4,21204.3,19.3,54.6,1,0,0,
2026-05-15,06:46:00,maceta2,38.0,40.0,74.5,73.4,73.9,6314.1,21482.0,18.2,56.3,1,0,0,
2026-05-15,07:16:14,maceta1,74.0,75.0,50.8,49.9,50.4,6192.9,21354.8,,,1,0,1,Lectura invalida de DHT
2026-05-15,07:16:14,maceta2,39.0,40.0,74.3,73.2,73.8,5946.2,19318.0,18.1,56.7,1,0,0,
2026-05-15,15:18:38,maceta1,24.0,27.0,83.9,82.2,83.1,6166.4,20848.9,17.4,51.9,1,0,0,
2026-05-15,15:18:38,maceta2,39.0,40.0,74.1,73.2,73.6,5841.0,19180.9,,,1,0,0,Lectura invalida de DHT
2026-05-15,15:19:35,maceta1,24.0,27.0,83.8,82.1,83.0,5880.3,19216.5,17.4,56.9,1,0,0,
2026-05-15,15:19:35,maceta2,39.0,40.0,74.0,73.0,73.5,6186.7,21196.3,15.8,57.9,1,0,0,
2026-05-15,15:19:59,maceta1,25.0,27.0,83.6,82.0,82.8,6402.1,20672.9,17.4,59.1,1,0,0,
2026-05-15,15:19:59,maceta2,39.0,41.0,73.9,72.9,73.4,6216.7,19754.6,15.8,61.6,1,0,0,
2026-05-15,15:20:24,maceta1,25.0,27.0,83.5,81.8,82.7,6306.0,20025.8,17.4,62.3,1,0,0,
2026-05-15,15:20:24,maceta2,40.0,41.0,73.6,72.7,73.1,6410.3,20625.7,,,1,0,0,Lectura invalida de DHT
2026-05-15,15:20:48,maceta1,25.0,27.0,83.3,81.7,82.5,5847.4,20176.8,17.4,57.6,1,0,0,
2026-05-15,15:20:48,maceta2,40.0,41.0,73.4,72.4,72.9,6203.9,19822.5,15.8,61.9,1,0,0,
2026-05-15,15:21:12,maceta1,25.0,28.0,83.2,81.5,82.3,6295.5,19122.9,,,1,0,0,Lectura invalida de DHT
2026-05-15,15:21:12,maceta2,40.0,42.0,73.2,72.3,72.8,6041.8,19978.6,15.8,62.0,1,0,0,
2026-05-15,15:21:37,maceta1,25.0,28.0,83.1,81.4,82.2,6180.5,19477.7,,,1,0,0,Lectura invalida de DHT
2026-05-15,15:21:37,maceta2,40.0,42.0,73.1,72.2,72.6,6362.1,19655.3,15.8,61.2,1,0,0,
2026-05-15,15:22:01,maceta1,26.0,28.0,83.0,81.1,82.1,5857.2,20976.3,,,1,0,0,Lectura invalida de DHT
2026-05-15,15:22:01,maceta2,41.0,42.0,72.9,72.0,72.5,6178.2,19857.6,15.8,62.7,1,0,0,
2026-05-15,15:22:25,maceta1,26.0,29.0,82.9,80.9,81.9,6120.8,20134.9,17.4,57.0,1,0,0,
2026-05-15,15:22:25,maceta2,41.0,42.0,72.7,71.8,72.2,5855.5,20026.8,15.8,62.4,1,0,0,
2026-05-15,15:22:50,maceta1,26.0,29.0,82.7,80.9,81.8,6139.3,19754.2,,,1,0,0,Lectura invalida de DHT
2026-05-15,15:22:50,maceta2,41.0,43.0,72.5,71.7,72.1,6196.1,20801.0,15.8,60.3,1,0,0,
2026-05-15,15:23:14,maceta1,26.0,29.0,82.4,80.8,81.6,5916.0,19960.0,,,1,0,0,Lectura invalida de DHT
2026-05-15,15:23:14,maceta2,42.0,43.0,72.3,71.6,72.0,6435.6,20278.8,15.8,56.6,1,0,0,
2026-05-15,15:23:38,maceta1,27.0,29.0,82.3,80.6,81.4,6462.0,21136.0,17.5,55.3,1,0,0,
2026-05-15,15:23:38,maceta2,42.0,43.0,72.2,71.4,71.8,6077.4,21358.9,15.8,55.6,1,0,0,
2026-05-15,15:24:03,maceta1,27.0,29.0,82.1,80.5,81.3,6395.0,20872.5,17.5,53.7,1,0,0,
2026-05-15,15:24:03,maceta2,42.0,43.0,72.0,71.2,71.6,6007.4,19104.7,15.8,58.2,1,0,0,
2026-05-15,15:24:27,maceta1,27.0,30.0,82.0,80.3,81.2,6268.3,19680.8,17.6,53.3,1,0,0,
2026-05-15,15:24:27,maceta2,42.0,43.0,71.8,71.1,71.5,5900.4,20257.7,15.8,58.0,1,0,0,
2026-05-15,15:24:51,maceta1,27.0,30.0,82.0,80.1,81.0,6123.6,19293.8,17.6,57.1,1,0,0,
2026-05-15,15:24:51,maceta2,43.0,44.0,71.6,70.9,71.3,5906.0,20460.6,15.8,59.3,1,0,0,
2026-05-15,15:25:16,maceta1,27.0,30.0,81.9,80.0,80.9,6088.2,19630.0,,,1,0,0,Lectura invalida de DHT
2026-05-15,15:25:16,maceta2,43.0,44.0,71.5,70.8,71.2,6102.9,21300.5,15.8,61.4,1,0,0,
2026-05-15,15:25:40,maceta1,27.0,30.0,81.7,79.9,80.8,6255.7,21301.9,17.6,62.5,1,0,0,
2026-05-15,15:25:40,maceta2,43.0,44.0,71.3,70.8,71.0,6217.0,19122.9,15.8,62.0,1,0,0,
2026-05-15,15:26:04,maceta1,28.0,30.0,81.4,79.7,80.6,6181.8,20454.0,17.6,63.7,1,0,0,
2026-05-15,15:26:04,maceta2,43.0,44.0,71.2,70.6,70.9,5856.4,20433.7,15.8,62.5,1,0,0,
2026-05-15,15:26:29,maceta1,28.0,31.0,81.3,79.5,80.4,5843.6,20333.7,,,1,0,0,Lectura invalida de DHT
2026-05-15,15:26:29,maceta2,43.0,44.0,71.2,70.4,70.8,6457.7,21134.1,15.8,63.3,1,0,0,
2026-05-15,15:26:53,maceta1,28.0,31.0,81.2,79.4,80.3,6158.8,20491.0,17.6,59.8,1,0,0,
2026-05-15,15:26:53,maceta2,43.0,45.0,71.1,70.2,70.6,6328.6,19604.8,15.9,64.7,1,0,0,
2026-05-15,15:27:17,maceta1,28.0,31.0,81.0,79.3,80.2,6364.5,19915.1,,,1,0,0,Lectura invalida de DHT
2026-05-15,15:27:17,maceta2,44.0,45.0,71.0,70.0,70.5,6210.6,21190.7,15.9,63.9,1,0,0,
2026-05-15,15:27:41,maceta1,29.0,31.0,80.9,79.1,80.0,6121.5,21017.8,17.6,58.2,1,0,0,
2026-05-15,15:27:41,maceta2,44.0,45.0,70.8,69.9,70.3,6379.9,19047.6,15.9,65.0,1,0,0,
2026-05-15,15:28:06,maceta1,29.0,32.0,80.7,78.9,79.8,5836.4,20308.2,,,1,0,0,Lectura invalida de DHT
2026-05-15,15:28:06,maceta2,44.0,45.0,70.6,69.8,70.2,5856.1,20831.1,15.9,64.7,1,0,0,
2026-05-15,15:28:30,maceta1,29.0,32.0,80.6,78.7,79.6,6350.4,19291.9,17.6,61.3,1,0,0,
2026-05-15,15:28:30,maceta2,44.0,46.0,70.4,69.6,70.0,6133.8,21332.8,16.0,65.6,1,0,0,
2026-05-15,15:28:54,maceta1,29.0,32.0,80.4,78.6,79.5,5941.0,19322.7,,,1,0,0,Lectura invalida de DHT
2026-05-15,15:28:54,maceta2,45.0,46.0,70.2,69.4,69.8,6241.1,20643.0,16.0,65.0,1,0,0,
2026-05-15,15:29:07,maceta1,30.0,32.0,80.1,78.5,79.3,5981.0,20342.1,17.6,63.6,1,0,0,
2026-05-15,15:29:07,maceta2,45.0,46.0,70.1,69.3,69.7,6380.1,20097.6,16.0,65.4,1,0,0,
2026-05-15,15:59:16,maceta1,30.0,33.0,80.0,78.3,79.1,5915.3,21341.4,,,1,0,0,Lectura invalida de DHT
2026-05-15,15:59:16,maceta2,45.0,46.0,70.1,69.1,69.6,6348.4,19112.2,,,1,0,0,Lectura invalida de DHT
2026-05-15,16:29:26,maceta1,30.0,33.0,79.8,78.1,78.9,6031.2,19770.9,17.2,54.1,1,0,0,
2026-05-15,16:29:26,maceta2,45.0,47.0,69.8,68.9,69.4,5993.9,21300.3,15.8,65.5,1,0,0,
2026-05-15,16:59:35,maceta1,30.0,33.0,79.7,78.0,78.8,6329.7,21173.9,,,1,0,0,Lectura invalida de DHT
2026-05-15,16:59:35,maceta2,45.0,47.0,69.7,68.9,69.3,6458.6,20175.7,15.8,66.6,1,0,0,
2026-05-15,17:29:49,maceta1,31.0,33.0,79.5,77.8,78.7,6163.6,20910.2,17.2,54.8,1,0,0,
2026-05-15,17:29:49,maceta2,46.0,47.0,69.6,68.7,69.2,5887.0,19072.5,,,1,0,0,Lectura invalida de DHT
2026-05-15,17:59:59,maceta1,31.0,33.0,79.3,77.8,78.5,5943.4,19619.5,17.1,50.0,1,0,0,
2026-05-15,17:59:59,maceta2,46.0,47.0,69.4,68.5,69.0,6412.6,20724.6,15.8,67.2,1,0,0,
2026-05-15,18:30:08,maceta1,31.0,34.0,79.1,77.6,78.3,13.5,17.9,,,0,0,0,Lectura invalida de DHT
2026-05-15,18:30:08,maceta2,46.0,48.0,69.2,68.3,68.8,10.4,12.7,,,0,0,0,Lectura invalida de DHT
2026-05-15,19:00:17,maceta1,32.0,34.0,79.0,77.5,78.2,19.4,27.8,17.0,50.7,0,0,0,
2026-05-15,19:00:17,maceta2,46.0,48.0,69.0,68.1,68.6,5.6,0.6,15.8,67.7,0,0,0,
2026-05-15,19:30:26,maceta1,32.0,34.0,78.8,77.4,78.1,28.6,12.0,,,0,0,0,Lectura invalida de DHT
2026-05-15,19:30:26,maceta2,47.0,48.0,68.9,68.0,68.4,0.1,29.6,15.7,67.1,0,0,0,
2026-05-15,20:00:40,maceta1,32.0,34.0,78.6,77.2,77.9,23.8,9.6,19.5,52.8,0,0,0,
2026-05-15,20:00:40,maceta2,47.0,48.0,68.8,67.8,68.3,15.3,11.0,,,0,0,0,Lectura invalida de DHT
2026-05-15,20:30:54,maceta1,32.0,34.0,78.5,77.0,77.8,1.2,26.6,,,0,0,0,Lectura invalida de DHT
2026-05-15,20:30:54,maceta2,47.0,49.0,68.5,67.7,68.1,16.7,23.4,18.5,58.5,0,0,0,
2026-05-15,21:01:08,maceta1,32.0,35.0,78.4,76.9,77.7,10.0,1.5,19.6,52.7,0,0,0,
2026-05-15,21:01:08,maceta2,48.0,49.0,68.3,67.6,68.0,24.7,9.8,,,0,0,0,Lectura invalida de DHT
2026-05-15,21:31:21,maceta1,33.0,35.0,78.2,76.8,77.5,14.1,4.1,,,0,0,0,Lectura invalida de DHT
2026-05-15,21:31:21,maceta2,48.0,49.0,68.1,67.4,67.7,15.1,14.3,,,0,0,0,Lectura invalida de DHT
2026-05-15,22:01:34,maceta1,33.0,35.0,78.0,76.7,77.3,9.4,2.5,,,0,0,0,Lectura invalida de DHT
2026-05-15,22:01:34,maceta2,48.0,49.0,67.9,67.2,67.5,27.5,11.7,18.7,56.6,0,0,0,
2026-05-15,22:31:47,maceta1,33.0,35.0,77.9,76.6,77.2,21.0,25.3,19.6,49.5,0,0,0,
2026-05-15,22:31:47,maceta2,48.0,49.0,67.7,67.1,67.4,18.8,10.3,,,0,0,0,Lectura invalida de DHT
2026-05-15,23:02:01,maceta1,33.0,35.0,77.7,76.5,77.1,24.8,0.3,,,0,0,0,Lectura invalida de DHT
2026-05-15,23:02:01,maceta2,49.0,50.0,67.6,66.9,67.3,25.2,0.7,18.6,55.1,0,0,0,
2026-05-15,23:32:14,maceta1,34.0,35.0,77.5,76.4,76.9,21.9,25.8,19.5,49.1,0,0,0,
2026-05-15,23:32:14,maceta2,49.0,50.0,67.4,66.8,67.1,4.4,10.8,,,0,0,0,Lectura invalida de DHT
2026-05-16,00:02:27,maceta1,34.0,36.0,77.3,76.2,76.7,29.7,13.5,,,0,0,0,Lectura invalida de DHT
2026-05-16,00:02:27,maceta2,49.0,50.0,67.2,66.6,66.9,25.7,26.7,18.5,55.5,0,0,0,
2026-05-16,00:32:40,maceta1,34.0,36.0,77.0,76.1,76.6,8.2,0.1,,,0,0,0,Lectura invalida de DHT
2026-05-16,00:32:40,maceta2,49.0,50.0,67.2,66.6,66.9,20.3,20.7,18.4,54.6,0,0,0,
2026-05-16,01:02:54,maceta1,35.0,36.0,76.9,75.9,76.4,26.2,12.0,19.5,48.3,0,0,0,
2026-05-16,01:02:54,maceta2,49.0,50.0,67.0,66.4,66.7,5.1,4.4,,,0,0,0,Lectura invalida de DHT
2026-05-16,01:33:07,maceta1,35.0,36.0,76.7,75.9,76.3,23.0,5.6,19.5,48.5,0,0,0,
2026-05-16,01:33:07,maceta2,50.0,50.0,67.0,66.4,66.7,5.7,17.7,18.4,54.1,0,0,0,
2026-05-16,02:03:20,maceta1,35.0,36.0,76.5,75.8,76.1,10.9,18.7,19.4,48.5,0,0,0,
2026-05-16,02:03:20,maceta2,50.0,51.0,66.9,66.2,66.5,27.8,26.8,18.4,54.2,0,0,0,
2026-05-16,02:33:33,maceta1,35.0,37.0,76.4,75.6,76.0,22.0,20.4,,,0,0,0,Lectura invalida de DHT
2026-05-16,02:33:33,maceta2,50.0,51.0,66.7,66.0,66.3,1.0,21.0,18.4,57.1,0,0,0,
2026-05-16,03:03:47,maceta1,36.0,37.0,76.2,75.4,75.8,3.1,14.6,,,0,0,0,Lectura invalida de DHT
2026-05-16,03:03:47,maceta2,50.0,51.0,66.5,65.8,66.1,13.9,4.5,18.3,55.5,0,0,0,
2026-05-16,03:34:00,maceta1,36.0,37.0,76.1,75.3,75.7,23.7,1.2,19.2,48.0,0,0,0,
2026-05-16,03:34:00,maceta2,51.0,52.0,66.3,65.5,65.9,9.4,26.0,18.3,54.6,0,0,0,
2026-05-16,04:04:13,maceta1,36.0,37.0,75.9,75.2,75.5,16.0,19.7,,,0,0,0,Lectura invalida de DHT
2026-05-16,04:04:13,maceta2,51.0,52.0,66.2,65.3,65.7,20.0,9.0,,,0,0,0,Lectura invalida de DHT
2026-05-16,04:34:26,maceta1,36.0,38.0,75.7,74.9,75.3,8.8,25.3,19.1,48.7,0,0,0,
2026-05-16,04:34:26,maceta2,51.0,52.0,66.0,65.2,65.6,25.2,13.6,,,0,0,0,Lectura invalida de DHT
2026-05-16,05:04:40,maceta1,37.0,38.0,75.5,74.9,75.2,19.7,21.6,19.1,49.0,0,0,0,
2026-05-16,05:04:40,maceta2,51.0,53.0,65.9,65.0,65.4,10.8,15.8,18.0,56.0,0,0,0,
2026-05-16,05:34:53,maceta1,37.0,38.0,75.3,74.8,75.1,19.2,24.9,,,0,0,0,Lectura invalida de DHT
2026-05-16,05:34:53,maceta2,51.0,53.0,65.8,64.9,65.4,12.8,25.5,,,0,0,0,Lectura invalida de DHT
2026-05-16,06:05:06,maceta1,37.0,38.0,75.2,74.7,75.0,6414.5,19090.9,19.0,48.3,1,0,0,
2026-05-16,06:05:06,maceta2,51.0,53.0,65.7,64.7,65.2,6479.7,20204.6,,,1,0,0,Lectura invalida de DHT
2026-05-16,06:35:19,maceta1,37.0,38.0,75.1,74.5,74.8,6415.7,19254.6,19.0,48.6,1,0,0,
2026-05-16,06:35:19,maceta2,52.0,53.0,65.4,64.5,65.0,5924.0,19310.9,,,1,0,0,Lectura invalida de DHT
2026-05-16,07:05:33,maceta1,38.0,39.0,75.0,74.3,74.6,6409.4,20821.2,19.0,48.6,1,0,0,
2026-05-16,07:05:33,maceta2,52.0,53.0,65.3,64.4,64.8,6305.4,19535.7,17.8,54.9,1,0,0,
2026-05-18,15:54:47,maceta1,38.0,39.0,74.9,74.1,74.5,5967.2,19499.2,13.8,55.4,1,0,0,
2026-05-18,15:54:47,maceta2,52.0,54.0,65.1,64.3,64.7,5828.2,19161.2,16.9,56.2,1,0,0,
2026-05-18,16:24:56,maceta1,38.0,39.0,74.6,73.9,74.3,6115.9,19928.2,14.4,63.9,1,0,0,
2026-05-18,16:24:56,maceta2,53.0,54.0,64.9,64.1,64.5,6083.8,20435.7,,,1,0,0,Lectura invalida de DHT
2026-05-18,16:37:10,maceta1,38.0,39.0,74.4,73.8,74.1,6489.5,20254.2,,,1,0,0,Lectura invalida de DHT
2026-05-18,16:37:10,maceta2,53.0,54.0,64.7,64.0,64.4,6161.4,20555.1,12.5,65.2,1,0,0,
2026-05-18,16:37:51,maceta1,39.0,39.0,74.2,73.7,74.0,6340.4,20813.7,14.3,56.3,1,0,0,
2026-05-18,16:37:51,maceta2,53.0,54.0,64.5,63.8,64.1,6206.5,20264.4,,,1,0,0,Lectura invalida de DHT
2026-05-18,16:38:34,maceta1,39.0,40.0,74.1,73.5,73.8,5819.0,19283.1,14.3,58.9,1,0,0,
2026-05-18,16:38:34,maceta2,53.0,55.0,64.4,63.6,64.0,6455.2,21042.8,12.5,60.6,1,0,0,
2026-05-18,16:39:21,maceta1,39.0,40.0,73.9,73.3,73.6,5845.6,20015.9,14.4,59.8,1,0,0,
2026-05-18,16:39:21,maceta2,54.0,55.0,64.2,63.4,63.8,6270.6,21152.5,12.7,59.7,1,0,0,
2026-05-18,16:40:04,maceta1,39.0,40.0,73.7,73.3,73.5,6124.8,20212.7,,,1,0,0,Lectura invalida de DHT
2026-05-18,16:40:04,maceta2,54.0,55.0,64.0,63.3,63.7,6136.9,20539.1,12.8,59.3,1,0,0,
2026-05-18,16:40:47,maceta1,40.0,40.0,73.6,73.1,73.3,6436.5,20352.1,14.6,58.3,1,0,0,
2026-05-18,16:40:47,maceta2,54.0,55.0,63.9,63.2,63.5,6366.8,19031.9,,,1,0,0,Lectura invalida de DHT
2026-05-18,16:41:32,maceta1,40.0,41.0,73.5,73.0,73.2,6177.1,21045.9,14.7,57.1,1,0,0,
2026-05-18,16:41:32,maceta2,54.0,55.0,63.8,63.1,63.4,6465.4,20738.1,13.0,58.5,1,0,0,
2026-05-18,16:42:15,maceta1,40.0,41.0,73.4,72.8,73.1,6148.5,19429.2,14.8,55.0,1,0,0,
2026-05-18,16:42:15,maceta2,54.0,56.0,63.7,62.9,63.3,5815.4,20045.0,13.1,57.5,1,0,0,
2026-05-18,16:42:59,maceta1,40.0,41.0,73.1,72.7,72.9,5873.8,21019.6,14.9,55.9,1,0,0,
2026-05-18,16:42:59,maceta2,55.0,56.0,63.5,62.7,63.1,6487.8,20413.9,,,1,0,0,Lectura invalida de DHT
2026-05-18,16:43:50,maceta1,41.0,41.0,73.0,72.5,72.8,6259.7,20732.2,,,1,0,0,Lectura invalida de DHT
2026-05-18,16:43:50,maceta2,55.0,56.0,63.3,62.4,62.9,5860.3,20622.7,,,1,0,0,Lectura invalida de DHT
2026-05-18,16:44:33,maceta1,41.0,42.0,72.9,72.3,72.6,6375.5,20389.7,15.1,52.8,1,0,0,
2026-05-18,16:44:33,maceta2,55.0,57.0,63.2,62.3,62.7,6370.1,19875.6,13.5,57.8,1,0,0,
2026-05-18,16:45:17,maceta1,41.0,42.0,72.8,72.1,72.4,6066.3,20748.8,15.2,55.6,1,0,0,
2026-05-18,16:45:17,maceta2,55.0,57.0,63.1,62.1,62.6,5996.2,21292.7,,,1,0,0,Lectura invalida de DHT
2026-05-18,16:46:00,maceta1,41.0,42.0,72.7,72.0,72.4,6342.9,20030.0,,,1,0,0,Lectura invalida de DHT
2026-05-18,16:46:00,maceta2,56.0,57.0,62.9,61.8,62.4,5892.5,19334.9,,,1,0,0,Lectura invalida de DHT
2026-05-18,16:46:43,maceta1,41.0,42.0,72.6,71.9,72.3,6475.1,19346.0,15.2,51.7,1,0,0,
2026-05-18,16:46:43,maceta2,56.0,58.0,62.7,61.6,62.2,6107.9,20678.8,13.9,56.9,1,0,0,
2026-05-18,16:47:27,maceta1,41.0,42.0,72.4,71.8,72.1,5942.6,20664.4,15.3,50.9,1,0,0,
2026-05-18,16:47:27,maceta2,56.0,58.0,62.5,61.5,62.0,6250.8,19010.9,,,1,0,0,Lectura invalida de DHT
2026-05-18,16:48:10,maceta1,42.0,42.0,72.2,71.8,72.0,6166.3,20311.7,15.4,50.9,1,0,0,
2026-05-18,16:48:10,maceta2,57.0,58.0,62.3,61.4,61.9,6066.7,21311.6,14.0,56.5,1,0,0,
2026-05-18,16:48:53,maceta1,42.0,43.0,72.0,71.6,71.8,6001.0,20598.4,15.4,50.8,1,0,0,
2026-05-18,16:48:53,maceta2,57.0,58.0,62.1,61.4,61.7,5838.2,19281.3,14.1,57.1,1,0,0,
2026-05-18,16:49:36,maceta1,42.0,43.0,71.9,71.5,71.7,6355.0,19845.0,15.5,55.3,1,0,0,
2026-05-18,16:49:36,maceta2,57.0,58.0,62.0,61.2,61.6,6219.6,19237.2,14.2,56.2,1,0,0,
2026-05-18,16:50:20,maceta1,42.0,43.0,71.7,71.4,71.5,6204.3,21267.2,15.5,52.2,1,0,0,
2026-05-18,16:50:20,maceta2,57.0,58.0,61.9,61.1,61.5,6431.7,19832.5,14.2,55.3,1,0,0,
2026-05-18,16:51:03,maceta1,43.0,43.0,71.6,71.2,71.4,6244.2,20468.4,15.6,50.8,1,0,0,
2026-05-18,16:51:03,maceta2,57.0,59.0,61.7,60.9,61.3,6068.3,19933.9,14.3,54.5,1,0,0,
2026-05-18,16:55:24,maceta1,43.0,44.0,71.4,71.0,71.2,6358.5,19213.5,,,1,0,0,Lectura invalida de DHT
2026-05-18,16:55:24,maceta2,58.0,59.0,61.6,60.7,61.1,5951.4,19535.8,14.3,54.0,1,0,0,
2026-05-18,16:56:04,maceta1,43.0,44.0,71.2,70.8,71.0,6077.2,20124.5,15.6,50.8,1,0,0,
2026-05-18,16:56:04,maceta2,58.0,59.0,61.4,60.5,61.0,6109.8,20462.8,,,1,0,0,Lectura invalida de DHT
2026-05-18,16:56:47,maceta1,44.0,44.0,70.9,70.7,70.8,6440.6,20890.9,15.7,52.5,1,0,0,
2026-05-18,16:56:47,maceta2,58.0,59.0,61.2,60.4,60.8,5833.9,20107.3,,,1,0,0,Lectura invalida de DHT
2026-05-18,16:57:30,maceta1,44.0,44.0,70.8,70.4,70.6,6173.1,20985.3,15.9,54.9,1,0,0,
2026-05-18,16:57:30,maceta2,58.0,60.0,61.1,60.3,60.7,6374.3,19085.4,14.4,56.7,1,0,0,
2026-05-18,16:58:14,maceta1,44.0,44.0,70.7,70.4,70.5,5910.6,20236.5,,,1,0,0,Lectura invalida de DHT
2026-05-18,16:58:14,maceta2,58.0,60.0,61.0,60.2,60.6,6378.4,19799.1,14.5,55.4,1,0,0,
2026-05-18,16:58:57,maceta1,44.0,45.0,70.5,70.3,70.4,6287.1,21236.9,16.4,53.8,1,0,0,
2026-05-18,16:58:57,maceta2,59.0,60.0,60.9,60.0,60.5,6211.6,21026.1,14.5,55.1,1,0,0,
2026-05-18,16:59:41,maceta1,44.0,45.0,70.4,70.2,70.3,6355.3,19669.2,16.4,51.0,1,0,0,
2026-05-18,16:59:41,maceta2,59.0,60.0,60.7,59.8,60.3,6047.2,20724.3,14.6,55.7,1,0,0,
2026-05-18,17:00:24,maceta1,45.0,45.0,70.2,69.9,70.1,6021.7,20026.5,,,1,0,0,Lectura invalida de DHT
2026-05-18,17:00:24,maceta2,59.0,60.0,60.7,59.7,60.2,6359.8,20812.2,14.7,54.9,1,0,0,
2026-05-18,17:01:08,maceta1,45.0,45.0,70.1,69.8,70.0,6400.0,21246.5,16.5,49.5,1,0,0,
2026-05-18,17:01:08,maceta2,59.0,61.0,60.5,59.7,60.1,6188.3,20745.3,14.7,56.4,1,0,0,
2026-05-18,17:01:51,maceta1,45.0,46.0,70.1,69.6,69.8,6434.3,21240.6,16.5,51.1,1,0,0,
2026-05-18,17:01:51,maceta2,60.0,61.0,60.3,59.5,59.9,6378.2,19777.4,14.8,55.4,1,0,0,
2026-05-18,17:02:34,maceta1,45.0,46.0,69.9,69.5,69.7,5993.8,20714.3,16.5,50.1,1,0,0,
2026-05-18,17:02:34,maceta2,60.0,61.0,60.1,59.4,59.8,6242.0,19249.2,,,1,0,0,Lectura invalida de DHT
2026-05-18,17:03:18,maceta1,45.0,46.0,69.8,69.3,69.5,6488.5,21147.5,,,1,0,0,Lectura invalida de DHT
2026-05-18,17:03:18,maceta2,60.0,61.0,60.0,59.3,59.6,6349.1,19681.2,,,1,0,0,Lectura invalida de DHT
2026-05-18,17:04:01,maceta1,46.0,46.0,69.6,69.2,69.4,5898.5,19221.9,16.5,50.1,1,0,0,
2026-05-18,17:04:01,maceta2,60.0,61.0,60.0,59.2,59.6,6219.0,21079.5,14.9,54.1,1,0,0,
2026-05-18,17:04:44,maceta1,46.0,46.0,69.5,69.1,69.3,5941.4,21162.5,16.6,50.8,1,0,0,
2026-05-18,17:04:44,maceta2,60.0,61.0,59.8,59.1,59.5,6089.9,21451.2,15.0,55.6,1,0,0,
2026-05-18,17:05:28,maceta1,46.0,47.0,69.2,68.8,69.0,5929.0,19801.5,16.5,49.5,1,0,0,
2026-05-18,17:05:28,maceta2,61.0,61.0,59.6,59.0,59.3,6470.6,20234.6,,,1,0,0,Lectura invalida de DHT
2026-05-18,17:06:11,maceta1,46.0,47.0,69.0,68.6,68.8,6425.8,19445.8,16.5,51.6,1,0,0,
2026-05-18,17:06:11,maceta2,61.0,62.0,59.5,58.9,59.2,6178.8,19024.3,,,1,0,0,Lectura invalida de DHT
2026-05-18,17:06:54,maceta1,47.0,47.0,68.8,68.4,68.6,6258.0,19598.4,,,1,0,0,Lectura invalida de DHT
2026-05-18,17:06:54,maceta2,61.0,62.0,59.4,58.8,59.1,6223.6,19350.1,15.2,54.2,1,0,0,
2026-05-18,17:07:38,maceta1,47.0,48.0,68.8,68.2,68.5,5906.5,20044.9,16.5,50.8,1,0,0,
2026-05-18,17:07:38,maceta2,61.0,62.0,59.3,58.7,59.0,5954.3,19805.2,,,1,0,0,Lectura invalida de DHT
2026-05-18,17:08:21,maceta1,47.0,48.0,68.6,68.1,68.3,6108.2,19628.0,16.4,51.7,1,0,0,
2026-05-18,17:08:21,maceta2,61.0,62.0,59.2,58.5,58.9,6238.0,20446.5,,,1,0,0,Lectura invalida de DHT
2026-05-18,17:09:04,maceta1,47.0,48.0,68.5,68.0,68.2,6230.7,19801.4,,,1,0,0,Lectura invalida de DHT
2026-05-18,17:09:04,maceta2,61.0,62.0,59.0,58.4,58.7,6200.1,19187.7,,,1,0,0,Lectura invalida de DHT
2026-05-18,17:09:48,maceta1,47.0,48.0,68.4,67.9,68.1,5858.4,19337.4,,,1,0,0,Lectura invalida de DHT
2026-05-18,17:09:48,maceta2,62.0,63.0,58.9,58.3,58.6,5929.4,21358.4,,,1,0,0,Lectura invalida de DHT
2026-05-18,17:10:31,maceta1,48.0,48.0,68.3,67.7,68.0,6417.7,19740.4,16.3,53.3,1,0,0,
2026-05-18,17:10:31,maceta2,62.0,63.0,58.7,58.0,58.4,5841.7,19912.7,15.4,53.5,1,0,0,
2026-05-18,17:11:14,maceta1,48.0,49.0,68.0,67.5,67.8,6362.5,20430.7,16.2,51.4,1,0,0,
2026-05-18,17:11:14,maceta2,62.0,63.0,58.7,57.9,58.3,6223.1,21281.5,15.4,55.5,1,0,0,
2026-05-18,17:11:58,maceta1,48.0,49.0,67.8,67.3,67.6,6153.6,20104.6,,,1,0,0,Lectura invalida de DHT
2026-05-18,17:11:58,maceta2,62.0,64.0,58.5,57.7,58.1,6334.6,20951.3,,,1,0,0,Lectura invalida de DHT
2026-05-18,17:12:41,maceta1,48.0,49.0,67.7,67.2,67.4,6477.0,19866.8,,,1,0,0,Lectura invalida de DHT
2026-05-18,17:12:41,maceta2,62.0,64.0,58.4,57.5,57.9,6166.4,20888.6,15.5,55.9,1,0,0,
2026-05-18,17:13:29,maceta1,49.0,50.0,67.6,66.9,67.3,6092.4,20866.1,16.3,52.1,1,0,0,
2026-05-18,17:13:29,maceta2,63.0,64.0,58.3,57.4,57.9,5958.7,20516.8,15.6,55.0,1,0,0,
2026-05-18,17:13:53,maceta1,49.0,50.0,67.6,66.7,67.2,6488.9,21233.8,16.3,50.3,1,0,0,
2026-05-18,17:13:53,maceta2,63.0,64.0,58.2,57.3,57.7,6266.6,20567.0,,,1,0,0,Lectura invalida de DHT
2026-05-18,17:14:21,maceta1,49.0,50.0,67.4,66.5,67.0,6267.5,20892.0,16.3,50.4,1,0,0,
2026-05-18,17:14:21,maceta2,63.0,64.0,58.0,57.1,57.5,5856.1,20595.0,,,1,0,0,Lectura invalida de DHT
2026-05-18,17:14:50,maceta1,49.0,51.0,67.3,66.3,66.8,6244.3,19830.0,16.3,51.4,1,0,0,
2026-05-18,17:14:50,maceta2,63.0,64.0,57.7,57.0,57.4,6109.3,20571.8,,,1,0,0,Lectura invalida de DHT
2026-05-18,17:15:18,maceta1,49.0,51.0,67.2,66.2,66.7,5916.2,20861.1,,,1,0,0,Lectura invalida de DHT
2026-05-18,17:15:18,maceta2,63.0,65.0,57.7,56.9,57.3,5914.4,20384.3,15.6,53.9,1,0,0,
2026-05-18,17:15:47,maceta1,49.0,51.0,67.0,65.9,66.5,6417.3,19380.0,,,1,0,0,Lectura invalida de DHT
2026-05-18,17:15:47,maceta2,64.0,65.0,57.5,56.7,57.1,5929.1,21466.0,15.6,55.0,1,0,0,
2026-05-18,17:25:26,maceta1,50.0,51.0,66.9,65.7,66.3,6099.2,19325.8,16.0,52.4,1,0,0,
2026-05-18,17:25:26,maceta2,64.0,65.0,57.4,56.6,57.0,5941.6,20830.7,15.6,54.3,1,0,0,
2026-05-18,17:25:50,maceta1,50.0,52.0,66.7,65.5,66.1,5913.6,19864.1,15.9,53.7,1,0,0,
2026-05-18,17:25:50,maceta2,64.0,65.0,57.3,56.5,56.9,6070.7,20942.4,,,1,0,0,Lectura invalida de DHT
2026-05-18,17:29:53,maceta1,50.0,52.0,66.5,65.3,65.9,5808.8,21019.3,15.8,55.1,1,0,0,
2026-05-18,17:29:53,maceta2,64.0,65.0,57.1,56.3,56.7,5835.8,21181.2,14.8,56.8,1,0,0,
2026-05-18,17:30:17,maceta1,50.0,52.0,66.5,65.1,65.8,6191.8,19615.9,,,1,0,0,Lectura invalida de DHT
2026-05-18,17:30:17,maceta2,65.0,66.0,56.9,56.2,56.5,6078.5,19539.1,14.5,54.1,1,0,0,
2026-05-18,17:30:42,maceta1,51.0,53.0,66.2,64.9,65.6,6169.2,19158.1,15.7,55.8,1,0,0,
2026-05-18,17:30:42,maceta2,65.0,66.0,56.8,56.0,56.4,6158.2,19209.5,14.5,56.1,1,0,0,
2026-05-18,17:31:04,maceta1,51.0,53.0,66.1,64.8,65.5,6303.5,19329.3,15.8,57.5,1,0,0,
2026-05-18,17:31:04,maceta2,65.0,66.0,56.6,55.9,56.3,6138.3,20207.2,14.5,55.5,1,0,0,
2026-05-18,17:31:29,maceta1,51.0,53.0,65.9,64.7,65.3,6423.2,21146.9,,,1,0,0,Lectura invalida de DHT
2026-05-18,17:31:29,maceta2,65.0,66.0,56.4,55.8,56.1,6067.9,20285.2,14.4,56.6,1,0,0,
2026-05-18,17:31:53,maceta1,52.0,53.0,65.6,64.6,65.1,5855.6,20584.5,,,1,0,0,Lectura invalida de DHT
2026-05-18,17:31:53,maceta2,66.0,67.0,56.3,55.6,55.9,6387.4,21073.0,14.4,56.2,1,0,0,
2026-05-18,17:32:18,maceta1,52.0,53.0,65.5,64.4,65.0,6312.0,19633.0,,,1,0,0,Lectura invalida de DHT
2026-05-18,17:32:18,maceta2,66.0,67.0,56.1,55.5,55.8,5901.7,20109.5,,,1,0,0,Lectura invalida de DHT
2026-05-18,17:32:45,maceta1,52.0,54.0,65.4,64.3,64.9,5931.2,20388.2,,,1,0,0,Lectura invalida de DHT
2026-05-18,17:32:45,maceta2,66.0,67.0,56.0,55.4,55.7,6154.0,20427.1,,,1,0,0,Lectura invalida de DHT
2026-05-18,17:33:09,maceta1,52.0,54.0,65.2,64.1,64.6,6400.7,20318.9,15.7,52.8,1,0,0,
2026-05-18,17:33:09,maceta2,66.0,67.0,55.9,55.2,55.6,5843.4,20317.7,,,1,0,0,Lectura invalida de DHT
2026-05-18,17:33:37,maceta1,53.0,54.0,65.0,63.9,64.4,6373.3,20638.6,15.7,51.3,1,0,0,
2026-05-18,17:33:37,maceta2,66.0,67.0,55.8,55.0,55.4,5849.8,19095.5,,,1,0,0,Lectura invalida de DHT
2026-05-18,17:34:05,maceta1,53.0,54.0,64.9,63.8,64.4,6178.6,19583.0,15.7,50.1,1,0,0,
2026-05-18,17:34:05,maceta2,67.0,68.0,55.6,54.9,55.2,6201.7,20538.0,14.4,57.2,1,0,0,
2026-05-18,17:34:34,maceta1,53.0,54.0,64.8,63.7,64.2,6297.2,21161.0,15.8,54.5,1,0,0,
2026-05-18,17:34:34,maceta2,67.0,68.0,55.5,54.7,55.1,6196.2,21070.1,14.4,55.9,1,0,0,
2026-05-18,17:35:02,maceta1,53.0,55.0,64.6,63.5,64.1,6020.0,19773.4,15.9,54.2,1,0,0,
2026-05-18,17:35:02,maceta2,67.0,68.0,55.3,54.6,55.0,6414.6,19393.8,,,1,0,0,Lectura invalida de DHT
2026-05-18,17:35:30,maceta1,53.0,55.0,64.6,63.3,63.9,6129.8,20735.3,15.9,52.4,1,0,0,
2026-05-18,17:35:30,maceta2,67.0,68.0,55.1,54.4,54.8,6190.5,20485.8,14.5,56.0,1,0,0,
2026-05-18,17:35:59,maceta1,53.0,55.0,64.5,63.2,63.9,6375.1,19040.3,15.9,51.1,1,0,0,
2026-05-18,17:35:59,maceta2,68.0,69.0,54.9,54.3,54.6,6471.9,20484.0,,,1,0,0,Lectura invalida de DHT
2026-05-18,17:36:27,maceta1,53.0,55.0,64.4,63.0,63.7,6121.5,19931.6,16.0,51.3,1,0,0,
2026-05-18,17:36:27,maceta2,68.0,69.0,54.9,54.1,54.5,5834.1,19410.5,14.6,55.6,1,0,0,
2026-05-18,17:36:55,maceta1,53.0,56.0,64.3,62.8,63.6,6050.5,19879.3,16.0,50.5,1,0,0,
2026-05-18,17:36:55,maceta2,68.0,69.0,54.7,53.9,54.3,5868.6,19308.7,,,1,0,0,Lectura invalida de DHT
2026-05-18,17:37:32,maceta1,54.0,56.0,64.2,62.7,63.4,6145.9,20358.7,16.0,52.6,1,0,0,
2026-05-18,17:37:32,maceta2,68.0,70.0,54.5,53.6,54.1,5830.8,21450.1,14.6,55.4,1,0,0,
2026-05-18,17:38:00,maceta1,54.0,56.0,64.0,62.5,63.3,6379.8,19181.8,,,1,0,0,Lectura invalida de DHT
2026-05-18,17:38:00,maceta2,68.0,70.0,54.4,53.4,53.9,5929.7,19984.3,14.7,54.4,1,0,0,
2026-05-18,17:38:29,maceta1,54.0,56.0,63.8,62.4,63.1,6034.6,20975.3,16.2,52.7,1,0,0,
2026-05-18,17:38:29,maceta2,69.0,70.0,54.3,53.3,53.8,6178.9,19568.6,,,1,0,0,Lectura invalida de DHT
2026-05-18,17:38:58,maceta1,54.0,57.0,63.7,62.3,63.0,5921.6,19544.5,16.2,52.5,1,0,0,
2026-05-18,17:38:58,maceta2,69.0,70.0,54.2,53.2,53.7,6251.9,19428.3,,,1,0,0,Lectura invalida de DHT
2026-05-18,17:39:26,maceta1,55.0,57.0,63.6,62.2,62.9,6298.4,20692.6,16.2,51.5,1,0,0,
2026-05-18,17:39:26,maceta2,69.0,70.0,54.1,53.1,53.6,5831.9,20669.0,14.8,52.3,1,0,0,
2026-05-18,17:40:03,maceta1,55.0,57.0,63.5,62.1,62.8,6378.2,21008.0,16.3,51.0,1,0,0,
2026-05-18,17:40:03,maceta2,69.0,71.0,54.1,52.9,53.5,6462.2,20523.6,,,1,0,0,Lectura invalida de DHT
2026-05-18,17:40:31,maceta1,55.0,57.0,63.4,62.0,62.7,5870.4,20404.7,,,1,0,0,Lectura invalida de DHT
2026-05-18,17:40:31,maceta2,69.0,71.0,54.0,52.7,53.3,6389.5,20608.9,14.9,52.3,1,0,0,
2026-05-18,17:40:59,maceta1,55.0,57.0,63.3,61.8,62.5,5967.9,20852.2,16.3,50.0,1,0,0,
2026-05-18,17:40:59,maceta2,69.0,71.0,53.9,52.6,53.3,6007.6,19220.0,,,1,0,0,Lectura invalida de DHT
2026-05-18,17:41:27,maceta1,55.0,58.0,63.1,61.5,62.3,5899.4,20654.7,,,1,0,0,Lectura invalida de DHT
2026-05-18,17:41:27,maceta2,69.0,71.0,53.8,52.5,53.1,5854.0,21233.8,15.0,51.6,1,0,0,
2026-05-18,17:41:56,maceta1,56.0,58.0,63.0,61.5,62.2,6043.6,19888.8,16.3,49.6,1,0,0,
2026-05-18,17:41:56,maceta2,69.0,72.0,53.7,52.2,53.0,5918.9,19973.2,,,1,0,0,Lectura invalida de DHT
2026-05-18,17:42:24,maceta1,56.0,58.0,62.8,61.2,62.0,6115.2,21022.1,16.4,52.4,1,0,0,
2026-05-18,17:42:24,maceta2,70.0,72.0,53.6,52.0,52.8,5888.9,19783.4,15.0,51.9,1,0,0,
2026-05-18,17:42:57,maceta1,56.0,58.0,62.7,61.2,62.0,6324.2,19736.8,16.4,52.5,1,0,0,
2026-05-18,17:42:57,maceta2,70.0,72.0,53.5,51.8,52.7,5886.3,20155.9,15.0,51.8,1,0,0,
2026-05-18,17:43:34,maceta1,56.0,58.0,62.6,61.0,61.8,6255.8,20428.0,16.4,52.9,1,0,0,
2026-05-18,17:43:34,maceta2,70.0,73.0,53.4,51.6,52.5,6163.0,19975.2,15.2,52.0,1,0,0,
2026-05-18,17:44:03,maceta1,56.0,59.0,62.5,61.0,61.7,6234.6,20863.5,16.4,52.5,1,0,0,
2026-05-18,17:44:03,maceta2,70.0,73.0,53.3,51.5,52.4,5972.1,21158.9,15.2,50.8,1,0,0,
2026-05-18,17:44:31,maceta1,56.0,59.0,62.4,60.8,61.6,6046.7,19947.4,16.5,52.6,1,0,0,
2026-05-18,17:44:31,maceta2,70.0,73.0,53.1,51.4,52.2,6050.7,21323.2,15.2,51.3,1,0,0,
2026-05-18,17:45:16,maceta1,57.0,59.0,62.3,60.6,61.5,6389.0,19756.9,,,1,0,0,Lectura invalida de DHT
2026-05-18,17:45:16,maceta2,70.0,73.0,53.0,51.3,52.2,6492.7,19758.6,15.3,51.5,1,0,0,
2026-05-18,17:45:44,maceta1,57.0,59.0,62.1,60.4,61.3,6129.9,20148.4,16.5,49.4,1,0,0,
2026-05-18,17:45:44,maceta2,71.0,73.0,52.8,51.2,52.0,6279.0,21159.8,,,1,0,0,Lectura invalida de DHT
2026-05-18,17:46:13,maceta1,57.0,60.0,62.0,60.3,61.2,6485.4,21044.9,16.5,50.4,1,0,0,
2026-05-18,17:46:13,maceta2,71.0,73.0,52.7,51.1,51.9,6464.3,20953.8,15.4,51.1,1,0,0,
2026-05-18,17:46:47,maceta1,57.0,60.0,62.0,60.2,61.1,6243.9,21324.8,16.5,52.5,1,0,0,
2026-05-18,17:46:47,maceta2,71.0,73.0,52.5,51.0,51.8,5899.8,21327.0,,,1,0,0,Lectura invalida de DHT
2026-05-18,17:47:24,maceta1,57.0,60.0,61.8,60.1,60.9,5888.4,20362.7,16.5,51.1,1,0,0,
2026-05-18,17:47:24,maceta2,72.0,74.0,52.3,51.0,51.6,6067.5,19614.4,15.6,51.6,1,0,0,
2026-05-18,17:48:00,maceta1,57.0,60.0,61.7,60.0,60.8,6273.3,20653.7,,,1,0,0,Lectura invalida de DHT
2026-05-18,17:48:00,maceta2,72.0,74.0,52.2,50.8,51.5,6188.3,20442.4,15.8,52.4,1,0,0,
2026-05-18,17:48:29,maceta1,58.0,60.0,61.7,59.9,60.8,6027.6,21258.2,16.5,50.0,1,0,0,
2026-05-18,17:48:29,maceta2,72.0,74.0,52.0,50.7,51.4,5853.7,19686.4,,,1,0,0,Lectura invalida de DHT
2026-05-18,17:48:57,maceta1,58.0,60.0,61.4,59.7,60.6,6280.4,19246.4,16.6,49.5,1,0,0,
2026-05-18,17:48:57,maceta2,72.0,74.0,51.9,50.6,51.2,5802.9,21060.2,16.1,50.2,1,0,0,
2026-05-18,17:49:25,maceta1,58.0,61.0,61.3,59.6,60.4,5848.7,19580.2,16.6,52.0,1,0,0,
2026-05-18,17:49:25,maceta2,72.0,74.0,51.8,50.4,51.1,6269.3,19013.3,,,1,0,0,Lectura invalida de DHT
2026-05-18,17:49:54,maceta1,58.0,61.0,61.1,59.3,60.2,5922.4,20772.3,,,1,0,0,Lectura invalida de DHT
2026-05-18,17:49:54,maceta2,73.0,75.0,51.5,50.1,50.8,6249.3,20412.0,16.4,51.3,1,0,0,
2026-05-18,17:50:55,maceta1,59.0,61.0,60.9,59.1,60.0,6399.0,21059.4,16.6,50.1,1,0,0,
2026-05-18,17:50:55,maceta2,73.0,75.0,51.4,50.0,50.7,6087.6,19848.0,16.4,52.0,1,0,1,
2026-05-18,18:09:35,maceta1,59.0,61.0,60.6,59.0,59.8,6.3,6.0,16.4,58.3,0,0,0,
2026-05-18,18:09:35,maceta2,23.0,26.0,84.5,82.9,83.7,29.5,27.9,16.5,51.2,0,0,0,
2026-05-18,19:09:42,maceta1,59.0,62.0,60.4,58.8,59.6,0.9,26.7,,,0,0,0,Lectura invalida de DHT
2026-05-18,19:09:42,maceta2,23.0,26.0,84.4,82.6,83.5,23.5,27.9,16.1,50.1,0,0,0,
2026-05-18,20:09:53,maceta1,60.0,62.0,60.3,58.5,59.4,13.0,9.7,16.7,51.4,0,0,0,
2026-05-18,20:09:53,maceta2,24.0,26.0,84.2,82.5,83.3,26.9,0.2,15.8,52.4,0,0,0,
2026-05-18,21:10:07,maceta1,60.0,62.0,60.2,58.4,59.3,17.1,0.4,,,0,0,0,Lectura invalida de DHT
2026-05-18,21:10:07,maceta2,24.0,26.0,84.0,82.3,83.1,13.2,27.7,15.7,54.1,0,0,0,
2026-05-18,22:10:18,maceta1,60.0,63.0,60.0,58.3,59.1,26.3,25.3,16.7,51.3,0,0,0,
2026-05-18,22:10:18,maceta2,24.0,27.0,83.7,82.2,83.0,7.0,1.6,15.6,54.7,0,0,0,
2026-05-18,23:10:31,maceta1,60.0,63.0,59.8,58.2,59.0,27.8,28.3,16.7,53.5,0,0,0,
2026-05-18,23:10:31,maceta2,25.0,27.0,83.6,82.1,82.9,12.4,8.0,15.6,56.5,0,0,0,
2026-05-19,00:10:44,maceta1,61.0,63.0,59.6,58.0,58.8,15.9,19.7,16.6,51.8,0,0,0,
2026-05-19,00:10:44,maceta2,25.0,27.0,83.5,82.0,82.8,21.5,15.4,,,0,0,0,Lectura invalida de DHT
2026-05-19,01:10:55,maceta1,61.0,63.0,59.4,57.9,58.7,22.6,6.9,16.5,53.0,0,0,0,
2026-05-19,01:10:55,maceta2,25.0,27.0,83.4,81.8,82.6,3.3,14.4,15.6,57.4,0,0,0,
2026-05-19,02:11:08,maceta1,61.0,63.0,59.4,57.7,58.5,13.2,7.6,16.2,49.9,0,0,0,
2026-05-19,02:11:08,maceta2,25.0,28.0,83.2,81.6,82.4,8.1,18.1,15.5,57.0,0,0,0,
2026-05-19,03:11:19,maceta1,61.0,64.0,59.2,57.6,58.4,22.4,14.0,16.0,49.8,0,0,0,
2026-05-19,03:11:19,maceta2,26.0,28.0,82.9,81.4,82.2,1.4,14.4,15.1,56.8,0,0,0,
2026-05-19,04:11:32,maceta1,61.0,64.0,59.1,57.4,58.3,6.1,26.9,15.7,48.9,0,0,0,
2026-05-19,04:11:32,maceta2,26.0,28.0,82.8,81.2,82.0,13.0,28.0,14.9,55.8,0,0,0,
2026-05-19,05:11:43,maceta1,62.0,64.0,58.9,57.3,58.1,11.1,4.5,,,0,0,0,Lectura invalida de DHT
2026-05-19,05:11:43,maceta2,26.0,28.0,82.5,81.0,81.8,24.8,7.2,14.7,55.6,0,0,0,
2026-05-19,06:11:56,maceta1,62.0,64.0,58.8,57.1,58.0,5959.0,21142.6,15.4,48.6,1,0,0,
2026-05-19,06:11:56,maceta2,26.0,29.0,82.5,80.9,81.7,6142.8,19806.7,14.5,56.0,1,0,0,
2026-05-19,07:12:07,maceta1,62.0,65.0,58.7,56.9,57.8,6385.9,20037.8,15.3,54.1,1,0,0,
2026-05-19,07:12:07,maceta2,27.0,29.0,82.3,80.7,81.5,6090.8,20612.3,14.3,58.5,1,0,0,
2026-05-19,08:12:18,maceta1,62.0,65.0,58.5,56.7,57.6,5995.5,19223.3,,,1,0,0,Lectura invalida de DHT
2026-05-19,08:12:18,maceta2,27.0,29.0,82.1,80.5,81.3,5816.8,21128.7,11.5,59.2,1,0,0,
2026-05-19,09:12:26,maceta1,62.0,65.0,58.4,56.5,57.4,6250.0,20094.5,15.0,50.6,1,0,0,
2026-05-19,09:12:26,maceta2,27.0,29.0,81.9,80.3,81.1,6034.8,20523.0,11.1,58.6,1,0,0,
2026-05-19,10:12:37,maceta1,63.0,65.0,58.2,56.4,57.3,6285.9,19576.8,,,1,0,0,Lectura invalida de DHT
2026-05-19,10:12:37,maceta2,27.0,30.0,81.7,80.3,81.0,5924.0,21132.9,11.1,59.3,1,0,0,
2026-05-19,11:13:02,maceta1,63.0,66.0,58.1,56.2,57.1,6158.9,19728.0,,,1,0,0,Lectura invalida de DHT
2026-05-19,11:13:02,maceta2,28.0,30.0,81.6,80.0,80.8,5868.9,19661.5,11.2,62.2,1,0,0,
2026-05-19,12:13:11,maceta1,63.0,66.0,58.0,56.0,57.0,6013.7,20930.7,13.6,58.8,1,0,0,
2026-05-19,12:13:11,maceta2,28.0,30.0,81.4,79.8,80.6,6469.7,20298.8,11.5,62.3,1,0,0,
2026-05-19,13:13:21,maceta1,63.0,66.0,57.8,56.0,56.9,5948.9,19188.8,,,1,0,0,Lectura invalida de DHT
2026-05-19,13:13:21,maceta2,28.0,31.0,81.3,79.6,80.5,6219.6,20126.3,11.8,65.0,1,0,0,
2026-05-19,14:13:27,maceta1,63.0,66.0,57.8,55.9,56.8,5823.2,21069.0,14.9,50.0,1,0,0,
2026-05-19,14:13:27,maceta2,28.0,31.0,81.2,79.5,80.4,6310.1,19029.1,12.2,68.7,1,0,0,
2026-05-19,15:13:37,maceta1,64.0,67.0,57.6,55.7,56.6,6012.8,20069.2,15.1,46.2,1,0,0,
2026-05-19,15:13:37,maceta2,28.0,31.0,81.1,79.3,80.2,6020.8,20392.0,12.7,67.3,1,0,0,
2026-05-19,16:13:46,maceta1,64.0,67.0,57.4,55.4,56.4,6257.2,20490.2,15.6,49.2,1,0,0,
2026-05-19,16:13:46,maceta2,28.0,31.0,81.0,79.2,80.1,6075.2,20653.8,12.9,65.3,1,0,0,
2026-05-19,17:13:56,maceta1,64.0,67.0,57.2,55.2,56.2,6456.8,19224.1,15.9,48.3,1,0,0,
2026-05-19,17:13:56,maceta2,29.0,31.0,80.8,79.0,79.9,5965.8,20479.8,,,1,0,0,Lectura invalida de DHT
2026-05-19,18:14:07,maceta1,64.0,67.0,57.2,55.2,56.2,19.0,24.8,15.2,63.1,0,0,0,
2026-05-19,18:14:07,maceta2,29.0,32.0,80.7,78.9,79.8,0.7,8.2,13.7,63.1,0,0,0,
2026-05-19,19:14:16,maceta1,64.0,67.0,57.1,55.0,56.1,0.5,8.7,17.3,44.5,0,0,0,
2026-05-19,19:14:16,maceta2,29.0,32.0,80.4,78.6,79.5,20.3,27.6,13.6,64.0,0,0,0,
2026-05-19,20:14:27,maceta1,64.0,68.0,57.0,54.9,56.0,21.7,24.3,,,0,0,0,Lectura invalida de DHT
2026-05-19,20:14:27,maceta2,30.0,32.0,80.3,78.5,79.4,28.0,2.3,16.5,54.5,0,0,0,
2026-05-19,21:14:40,maceta1,65.0,68.0,56.8,54.8,55.8,25.1,27.6,17.4,50.5,0,0,0,
2026-05-19,21:14:40,maceta2,30.0,32.0,80.2,78.5,79.3,7.1,18.3,16.5,52.2,0,0,0,
2026-05-19,22:14:51,maceta1,65.0,68.0,56.7,54.7,55.7,12.0,12.8,,,0,0,0,Lectura invalida de DHT
2026-05-19,22:14:51,maceta2,30.0,32.0,80.1,78.4,79.2,20.8,20.5,16.4,54.0,0,0,0,
2026-05-19,23:15:04,maceta1,65.0,68.0,56.6,54.6,55.6,13.4,11.0,17.1,50.5,0,0,0,
2026-05-19,23:15:04,maceta2,30.0,33.0,80.0,78.2,79.1,29.3,15.2,16.1,54.0,0,0,0,
2026-05-20,00:15:15,maceta1,65.0,68.0,56.5,54.5,55.5,25.5,24.1,,,0,0,0,Lectura invalida de DHT
2026-05-20,00:15:15,maceta2,30.0,33.0,79.8,78.1,79.0,28.9,20.8,16.0,56.0,0,0,0,
2026-05-20,01:15:28,maceta1,66.0,69.0,56.3,54.3,55.3,23.3,15.9,,,0,0,0,Lectura invalida de DHT
2026-05-20,01:15:28,maceta2,31.0,33.0,79.6,77.9,78.7,7.0,5.2,15.8,57.2,0,0,0,
2026-05-20,02:15:39,maceta1,66.0,69.0,56.2,54.2,55.2,8.6,20.5,16.5,47.6,0,0,0,
2026-05-20,02:15:39,maceta2,31.0,33.0,79.4,77.7,78.6,3.0,25.6,15.7,57.0,0,0,0,
2026-05-20,03:15:52,maceta1,66.0,69.0,56.0,54.1,55.0,9.7,18.7,,,0,0,0,Lectura invalida de DHT
2026-05-20,03:15:52,maceta2,31.0,33.0,79.3,77.7,78.5,4.4,4.2,15.5,54.3,0,0,0,
2026-05-20,04:16:03,maceta1,66.0,69.0,55.9,54.0,54.9,20.4,4.6,16.2,46.9,0,0,0,
2026-05-20,04:16:03,maceta2,31.0,34.0,79.2,77.6,78.4,21.1,12.0,15.3,57.5,0,0,0,
2026-05-20,05:16:16,maceta1,66.0,69.0,55.7,53.8,54.8,16.9,25.3,16.0,46.4,0,0,0,
2026-05-20,05:16:16,maceta2,32.0,34.0,79.0,77.3,78.2,21.8,2.3,15.2,56.5,0,0,0,
2026-05-20,06:16:29,maceta1,67.0,69.0,55.5,53.7,54.6,6409.8,19843.4,15.9,46.7,1,0,0,
2026-05-20,06:16:29,maceta2,32.0,34.0,78.8,77.1,78.0,5867.9,20840.7,15.0,54.8,1,0,0,
2026-05-20,07:16:40,maceta1,67.0,70.0,55.4,53.6,54.5,6336.2,19224.3,15.7,50.1,1,0,0,
2026-05-20,07:16:40,maceta2,32.0,35.0,78.6,76.9,77.8,5925.3,20428.3,,,1,0,0,Lectura invalida de DHT
2026-05-20,08:16:51,maceta1,67.0,70.0,55.2,53.4,54.3,6351.9,21403.9,15.5,49.5,1,0,0,
2026-05-20,08:16:51,maceta2,32.0,35.0,78.4,76.8,77.6,6358.3,19166.9,,,1,0,0,Lectura invalida de DHT
2026-05-20,09:17:03,maceta1,67.0,70.0,55.1,53.3,54.2,6265.5,21018.2,15.6,46.6,1,0,0,
2026-05-20,09:17:03,maceta2,33.0,35.0,78.3,76.7,77.5,6274.3,19291.1,11.7,58.9,1,0,0,
2026-05-20,10:17:15,maceta1,68.0,70.0,55.0,53.3,54.1,5982.2,20149.1,13.7,49.7,1,0,0,
2026-05-20,10:17:15,maceta2,33.0,35.0,78.1,76.6,77.3,6182.9,20491.2,11.7,59.7,1,0,0,
2026-05-20,11:17:24,maceta1,68.0,70.0,54.9,53.1,54.0,6435.0,19559.0,13.9,50.3,1,0,0,
2026-05-20,11:17:24,maceta2,33.0,35.0,77.9,76.4,77.1,6132.6,19687.4,11.8,60.1,1,0,0,
2026-05-20,12:17:33,maceta1,68.0,71.0,54.6,53.0,53.8,6269.5,21333.6,14.1,54.2,1,0,0,
2026-05-20,12:17:33,maceta2,33.0,35.0,77.7,76.3,77.0,6445.7,19199.1,12.1,61.9,1,0,0,
2026-05-20,13:17:43,maceta1,68.0,71.0,54.5,52.9,53.7,6192.3,19861.5,,,1,0,0,Lectura invalida de DHT
2026-05-20,13:17:43,maceta2,34.0,36.0,77.6,76.2,76.9,5850.9,20074.0,12.3,63.0,1,0,0,
2026-05-20,14:17:52,maceta1,68.0,71.0,54.4,52.8,53.6,5877.7,19402.5,14.6,50.2,1,0,0,
2026-05-20,14:17:52,maceta2,34.0,36.0,77.4,76.1,76.7,5996.4,20385.8,,,1,0,0,Lectura invalida de DHT
2026-05-20,15:18:01,maceta1,69.0,71.0,54.2,52.7,53.5,6112.9,20407.9,14.6,63.8,1,0,0,
2026-05-20,15:18:01,maceta2,34.0,36.0,77.1,75.9,76.5,6045.0,19821.9,12.8,68.4,1,0,0,
2026-05-20,16:18:11,maceta1,69.0,71.0,54.0,52.6,53.3,6122.3,21359.4,14.6,64.2,1,0,0,
2026-05-20,16:18:11,maceta2,35.0,37.0,76.9,75.7,76.3,6347.7,20801.1,12.8,66.9,1,0,0,
2026-05-20,17:18:20,maceta1,69.0,71.0,53.8,52.5,53.2,6405.2,19009.6,14.7,59.9,1,0,0,
2026-05-20,17:18:20,maceta2,35.0,37.0,76.7,75.6,76.1,6494.8,20609.4,13.0,69.3,1,0,0,
2026-05-20,18:18:29,maceta1,70.0,72.0,53.6,52.3,53.0,4.9,5.9,14.8,66.0,0,0,0,
2026-05-20,18:18:29,maceta2,35.0,37.0,76.5,75.5,76.0,20.2,16.4,13.1,67.5,0,0,0,
2026-05-20,19:18:39,maceta1,70.0,72.0,53.5,52.2,52.9,9.3,28.0,17.2,45.8,0,0,0,
2026-05-20,19:18:39,maceta2,35.0,37.0,76.3,75.4,75.9,10.1,20.1,13.2,66.2,0,0,0,
2026-05-20,20:18:52,maceta1,70.0,72.0,53.3,52.1,52.7,27.0,7.5,17.3,46.8,0,0,0,
2026-05-20,20:18:52,maceta2,36.0,37.0,76.2,75.3,75.7,5.1,28.2,16.2,55.2,0,0,0,
2026-05-20,21:19:06,maceta1,70.0,72.0,53.2,52.0,52.6,20.6,22.0,17.4,47.7,0,0,0,
2026-05-20,21:19:06,maceta2,36.0,37.0,76.0,75.1,75.5,17.4,22.2,16.4,54.1,0,0,0,
2026-05-20,22:19:17,maceta1,70.0,72.0,53.1,51.9,52.5,29.6,8.5,17.3,48.5,0,0,0,
2026-05-20,22:19:17,maceta2,36.0,38.0,75.8,75.0,75.4,14.5,16.2,16.4,56.2,0,0,0,
2026-05-20,23:19:30,maceta1,70.0,72.0,53.0,51.7,52.4,23.0,9.5,17.2,49.6,0,0,0,
2026-05-20,23:19:30,maceta2,37.0,38.0,75.6,74.8,75.2,21.9,28.0,16.4,58.2,0,0,0,
2026-05-21,00:19:41,maceta1,71.0,73.0,52.9,51.5,52.2,28.3,9.3,,,0,0,0,Lectura invalida de DHT
2026-05-21,00:19:41,maceta2,37.0,38.0,75.4,74.6,75.0,13.2,14.4,16.2,54.3,0,0,0,
2026-05-21,01:19:54,maceta1,71.0,73.0,52.7,51.4,52.1,6.5,22.4,,,0,0,0,Lectura invalida de DHT
2026-05-21,01:19:54,maceta2,37.0,38.0,75.3,74.4,74.9,10.2,16.8,16.1,56.8,0,0,0,
2026-05-21,02:20:05,maceta1,71.0,73.0,52.5,51.2,51.9,23.1,16.7,16.9,48.3,0,0,0,
2026-05-21,02:20:05,maceta2,37.0,38.0,75.2,74.3,74.7,8.8,17.9,16.0,56.6,0,0,0,
2026-05-21,03:20:18,maceta1,71.0,73.0,52.3,51.0,51.7,0.6,26.5,16.7,48.7,0,0,0,
2026-05-21,03:20:18,maceta2,37.0,39.0,75.0,74.1,74.6,6.3,12.3,15.9,56.4,0,0,0,
2026-05-21,04:20:31,maceta1,72.0,74.0,52.1,51.0,51.6,20.1,9.2,16.6,48.5,0,0,0,
2026-05-21,04:20:31,maceta2,38.0,39.0,74.9,74.0,74.5,8.0,25.2,,,0,0,0,Lectura invalida de DHT
2026-05-21,05:20:42,maceta1,72.0,74.0,51.9,50.9,51.4,14.1,20.8,,,0,0,0,Lectura invalida de DHT
2026-05-21,05:20:42,maceta2,38.0,39.0,74.8,73.8,74.3,2.8,5.6,15.6,56.3,0,0,0,
2026-05-21,06:20:55,maceta1,72.0,74.0,51.8,50.8,51.3,6182.7,19595.3,16.4,48.4,1,0,0,
2026-05-21,06:20:55,maceta2,38.0,40.0,74.6,73.6,74.1,5968.5,19832.0,,,1,0,0,Lectura invalida de DHT
2026-05-21,07:21:06,maceta1,73.0,74.0,51.6,50.6,51.1,6066.3,21346.1,16.4,50.4,1,0,0,
2026-05-21,07:21:06,maceta2,38.0,40.0,74.4,73.4,73.9,6412.0,20887.2,15.3,56.6,1,0,0,
2026-05-21,08:21:17,maceta1,73.0,74.0,51.4,50.4,50.9,6483.8,19427.7,16.2,49.5,1,0,0,
2026-05-21,08:21:17,maceta2,39.0,40.0,74.2,73.3,73.8,6381.4,20621.7,12.5,61.0,1,0,0,
2026-05-21,09:21:28,maceta1,73.0,75.0,51.2,50.2,50.7,5877.5,19283.1,16.2,50.8,1,0,0,
2026-05-21,09:21:28,maceta2,39.0,40.0,74.0,73.0,73.5,5957.3,20593.6,12.2,61.8,1,0,0,
2026-05-21,10:21:40,maceta1,73.0,75.0,51.1,50.0,50.5,6095.8,20425.5,14.2,55.0,1,0,0,
2026-05-21,10:21:40,maceta2,39.0,41.0,73.9,72.9,73.4,6079.5,20383.6,12.2,63.1,1,0,0,
2026-05-21,11:21:49,maceta1,74.0,75.0,50.9,49.8,50.4,5829.4,21154.6,14.3,54.6,1,0,1,
2026-05-21,11:21:49,maceta2,39.0,41.0,73.7,72.7,73.2,6086.8,19028.5,12.3,62.8,1,0,0,
2026-05-21,12:21:58,maceta1,23.0,25.0,84.6,83.5,84.1,6317.9,20192.8,,,1,0,0,Lectura invalida de DHT
2026-05-21,12:21:58,maceta2,40.0,41.0,73.5,72.5,73.0,6484.8,20741.3,12.5,64.4,1,0,0,
2026-05-21,13:22:09,maceta1,23.0,25.0,84.4,83.4,83.9,6442.7,21486.4,14.6,57.0,1,0,0,
2026-05-21,13:22:09,maceta2,40.0,41.0,73.3,72.4,72.9,5926.6,19940.1,12.7,65.4,1,0,0,
2026-05-21,14:22:18,maceta1,24.0,25.0,84.2,83.2,83.7,5996.0,20697.9,14.8,59.1,1,0,0,
2026-05-21,14:22:18,maceta2,40.0,42.0,73.2,72.3,72.7,6359.4,21356.5,13.0,64.8,1,0,0,
2026-05-21,15:22:30,maceta1,24.0,25.0,84.0,83.0,83.5,6400.8,19185.2,,,1,0,0,Lectura invalida de DHT
2026-05-21,15:22:30,maceta2,41.0,42.0,73.0,72.1,72.5,6033.9,21045.0,13.1,64.5,1,0,0,
2026-05-21,16:22:39,maceta1,24.0,26.0,84.0,82.8,83.4,6004.6,21482.1,14.9,57.8,1,0,0,
2026-05-21,16:22:39,maceta2,41.0,42.0,72.9,72.0,72.5,6311.6,20469.2,,,1,0,0,Lectura invalida de DHT
2026-05-21,17:23:00,maceta1,24.0,26.0,83.7,82.7,83.2,6437.5,20019.7,14.9,59.5,1,0,0,
2026-05-21,17:23:00,maceta2,41.0,42.0,72.7,71.8,72.3,6094.0,19630.5,13.3,65.2,1,0,0,
2026-05-21,18:23:09,maceta1,25.0,26.0,83.6,82.7,83.1,10.4,22.6,14.9,60.5,0,0,0,
2026-05-21,18:23:09,maceta2,41.0,42.0,72.5,71.7,72.1,10.4,16.6,13.4,63.9,0,0,0,
2026-05-21,19:23:19,maceta1,25.0,26.0,83.4,82.5,83.0,25.9,4.5,17.3,52.1,0,0,0,
2026-05-21,19:23:19,maceta2,41.0,43.0,72.5,71.6,72.0,1.1,21.7,13.5,65.2,0,0,0,
2026-05-21,20:23:32,maceta1,25.0,26.0,83.3,82.4,82.9,25.6,12.0,,,0,0,0,Lectura invalida de DHT
2026-05-21,20:23:32,maceta2,41.0,43.0,72.4,71.4,71.9,5.6,27.1,,,0,0,0,Lectura invalida de DHT
2026-05-21,21:23:45,maceta1,25.0,27.0,83.1,82.2,82.7,0.7,14.5,,,0,0,0,Lectura invalida de DHT
2026-05-21,21:23:45,maceta2,42.0,43.0,72.3,71.2,71.8,22.4,26.5,16.6,57.0,0,0,0,
2026-05-21,22:23:58,maceta1,26.0,27.0,82.9,82.1,82.5,18.3,10.7,17.6,54.1,0,0,0,
2026-05-21,22:23:58,maceta2,42.0,44.0,72.1,71.0,71.5,9.8,15.3,16.7,56.9,0,0,0,
2026-05-21,23:24:12,maceta1,26.0,27.0,82.8,81.9,82.3,11.0,9.7,,,0,0,0,Lectura invalida de DHT
2026-05-21,23:24:12,maceta2,42.0,44.0,71.9,70.7,71.3,20.0,19.3,16.6,58.5,0,0,0,
2026-05-22,00:24:25,maceta1,26.0,27.0,82.7,81.8,82.2,12.5,20.6,17.4,54.0,0,0,0,
2026-05-22,00:24:25,maceta2,43.0,44.0,71.7,70.5,71.1,21.5,11.8,16.5,60.1,0,0,0,
2026-05-22,01:24:36,maceta1,26.0,28.0,82.4,81.7,82.0,25.0,6.5,17.4,54.0,0,0,0,
2026-05-22,01:24:36,maceta2,43.0,45.0,71.5,70.3,70.9,17.4,14.0,,,0,0,0,Lectura invalida de DHT
2026-05-22,02:24:49,maceta1,27.0,28.0,82.2,81.6,81.9,9.3,21.3,,,0,0,0,Lectura invalida de DHT
2026-05-22,02:24:49,maceta2,43.0,45.0,71.2,70.2,70.7,28.8,27.2,16.4,59.1,0,0,0,
2026-05-22,03:25:02,maceta1,27.0,28.0,82.0,81.4,81.7,28.3,28.1,17.1,54.2,0,0,0,
2026-05-22,03:25:02,maceta2,43.0,45.0,71.1,70.0,70.6,0.6,27.9,16.3,58.3,0,0,0,
2026-05-22,04:25:13,maceta1,27.0,28.0,81.8,81.2,81.5,5.4,17.0,,,0,0,0,Lectura invalida de DHT
2026-05-22,04:25:13,maceta2,44.0,45.0,70.9,69.8,70.4,22.2,26.9,,,0,0,0,Lectura invalida de DHT
2026-05-22,05:25:26,maceta1,28.0,29.0,81.6,81.0,81.3,19.9,18.3,16.9,53.3,0,0,0,
2026-05-22,05:25:26,maceta2,44.0,45.0,70.7,69.7,70.2,28.8,4.2,16.0,58.8,0,0,0,
2026-05-22,06:25:37,maceta1,28.0,29.0,81.5,80.7,81.1,6327.8,19718.5,16.8,53.3,1,0,0,
2026-05-22,06:25:37,maceta2,44.0,46.0,70.6,69.4,70.0,6204.9,19509.3,15.8,58.9,1,0,0,
2026-05-22,07:25:50,maceta1,28.0,29.0,81.5,80.5,81.0,6363.4,20394.7,,,1,0,0,Lectura invalida de DHT
2026-05-22,07:25:50,maceta2,44.0,46.0,70.5,69.3,69.9,6382.8,19851.0,15.8,59.1,1,0,0,
2026-05-22,08:26:01,maceta1,28.0,29.0,81.3,80.3,80.8,5812.6,19760.8,16.8,54.3,1,0,0,
2026-05-22,08:26:01,maceta2,45.0,46.0,70.3,69.3,69.8,6362.9,20191.4,13.0,63.0,1,0,0,
2026-05-22,09:26:13,maceta1,28.0,30.0,81.3,80.1,80.7,6474.0,19216.1,16.6,53.9,1,0,0,
2026-05-22,09:26:13,maceta2,45.0,46.0,70.1,69.1,69.6,6406.5,19740.2,12.8,63.9,1,0,0,
2026-05-22,10:26:24,maceta1,28.0,30.0,81.2,80.0,80.6,6308.7,19003.6,14.5,60.6,1,0,0,
2026-05-22,10:26:24,maceta2,45.0,47.0,70.1,69.0,69.5,5841.7,20287.3,12.7,65.2,1,0,0,
2026-05-22,11:26:34,maceta1,28.0,30.0,81.0,79.8,80.4,6013.3,20124.0,14.3,61.0,1,0,0,
2026-05-22,11:26:34,maceta2,45.0,47.0,69.9,68.8,69.4,6284.4,19413.4,12.7,65.3,1,0,0,
2026-05-22,12:26:43,maceta1,29.0,30.0,81.0,79.7,80.3,6380.6,21092.2,14.3,59.3,1,0,0,
2026-05-22,12:26:43,maceta2,45.0,47.0,69.8,68.6,69.2,5898.0,21444.3,12.6,66.6,1,0,0,
2026-05-22,13:26:52,maceta1,29.0,31.0,80.9,79.5,80.2,5997.1,20430.8,14.6,59.9,1,0,0,
2026-05-22,13:26:52,maceta2,45.0,47.0,69.7,68.5,69.1,6091.1,19269.8,12.7,67.7,1,0,0,
2026-05-22,14:27:02,maceta1,29.0,31.0,80.6,79.3,80.0,6410.9,21498.0,14.7,59.0,1,0,0,
2026-05-22,14:27:02,maceta2,46.0,47.0,69.6,68.4,69.0,6184.0,21329.9,13.0,64.8,1,0,0,
2026-05-22,18:44:15,maceta1,29.0,31.0,80.6,79.2,79.9,20.2,2.1,15.4,64.5,0,0,0,
2026-05-22,18:44:15,maceta2,46.0,48.0,69.5,68.2,68.9,25.9,25.5,13.8,62.3,0,0,0,
2026-05-22,18:44:35,maceta1,30.0,31.0,80.3,79.1,79.7,7.6,25.9,15.5,65.7,0,0,0,
2026-05-22,18:44:35,maceta2,46.0,48.0,69.2,68.0,68.6,5.0,28.5,14.0,60.3,0,0,0,
2026-05-22,18:44:58,maceta1,30.0,32.0,80.1,79.0,79.6,9.7,8.6,15.5,63.6,0,0,0,
2026-05-22,18:44:58,maceta2,46.0,48.0,69.1,67.9,68.5,9.8,10.8,14.0,60.4,0,0,0,
2026-05-22,18:57:11,maceta1,30.0,32.0,79.9,78.8,79.3,25.0,18.5,16.8,57.3,0,0,0,
2026-05-22,18:57:11,maceta2,47.0,48.0,68.9,67.9,68.4,5.2,15.6,14.0,60.3,0,0,0,
2026-05-22,18:58:26,maceta1,30.0,32.0,79.8,78.6,79.2,22.9,29.4,16.8,56.2,0,0,0,
2026-05-22,18:58:26,maceta2,47.0,48.0,68.7,67.7,68.2,18.0,23.4,15.3,58.7,0,0,0,
2026-05-22,19:00:43,maceta1,31.0,32.0,79.7,78.5,79.1,9.9,17.9,17.0,57.3,0,0,0,
2026-05-22,19:00:43,maceta2,47.0,49.0,68.5,67.5,68.0,21.4,16.9,15.4,58.6,0,0,0,
2026-05-22,19:02:41,maceta1,31.0,33.0,79.6,78.3,78.9,16.0,21.7,17.1,59.8,0,0,0,
2026-05-22,19:02:41,maceta2,47.0,49.0,68.4,67.4,67.9,9.5,29.8,,,0,0,0,Lectura invalida de DHT
2026-05-22,19:09:36,maceta1,31.0,33.0,79.5,78.1,78.8,1.9,13.4,17.2,59.3,0,0,0,
2026-05-22,19:09:36,maceta2,48.0,49.0,68.2,67.3,67.7,16.2,13.7,,,0,0,0,Lectura invalida de DHT
2026-05-22,19:12:18,maceta1,31.0,33.0,79.4,78.0,78.7,6.3,1.8,17.2,55.7,0,0,0,
2026-05-22,19:12:18,maceta2,48.0,49.0,67.9,67.1,67.5,20.7,21.4,15.6,57.2,0,0,0,
2026-05-22,20:12:35,maceta1,31.0,33.0,79.3,77.9,78.6,14.6,23.9,17.3,55.4,0,0,0,
2026-05-22,20:12:35,maceta2,48.0,50.0,67.9,66.9,67.4,12.6,23.8,15.5,59.0,0,0,0,
2026-05-22,21:12:51,maceta1,31.0,33.0,79.2,77.8,78.5,2.6,1.0,,,0,0,0,Lectura invalida de DHT
2026-05-22,21:12:51,maceta2,48.0,50.0,67.8,66.9,67.3,25.6,14.8,16.0,63.4,0,0,0,
2026-05-22,22:13:06,maceta1,32.0,34.0,79.0,77.6,78.3,25.3,21.0,17.2,54.9,0,0,0,
2026-05-22,22:13:06,maceta2,49.0,50.0,67.6,66.7,67.1,23.1,25.7,,,0,0,0,Lectura invalida de DHT
2026-05-22,23:13:22,maceta1,32.0,34.0,78.8,77.5,78.1,21.5,0.7,,,0,0,0,Lectura invalida de DHT
2026-05-22,23:13:22,maceta2,49.0,50.0,67.4,66.5,67.0,1.9,16.4,15.8,60.7,0,0,0,
2026-05-23,00:13:38,maceta1,32.0,34.0,78.5,77.4,77.9,28.3,25.9,17.0,56.0,0,0,0,
2026-05-23,00:13:38,maceta2,49.0,50.0,67.4,66.3,66.9,18.6,12.3,15.6,60.8,0,0,0,
2026-05-23,01:13:54,maceta1,32.0,34.0,78.4,77.2,77.8,20.8,4.7,,,0,0,0,Lectura invalida de DHT
2026-05-23,01:13:54,maceta2,49.0,51.0,67.3,66.1,66.7,7.1,3.2,15.5,58.4,0,0,0,
2026-05-23,02:14:09,maceta1,33.0,34.0,78.3,77.0,77.6,28.2,15.4,16.8,55.7,0,0,0,
2026-05-23,02:14:09,maceta2,49.0,51.0,67.2,66.0,66.6,16.7,11.8,,,0,0,0,Lectura invalida de DHT
2026-05-23,03:14:25,maceta1,33.0,35.0,78.2,76.8,77.5,16.6,17.9,16.6,53.2,0,0,0,
2026-05-23,03:14:25,maceta2,50.0,51.0,67.0,65.7,66.3,28.7,22.0,15.2,58.2,0,0,0,
2026-05-23,04:14:41,maceta1,33.0,35.0,78.1,76.6,77.3,18.0,13.7,16.5,52.8,0,0,0,
2026-05-23,04:14:41,maceta2,50.0,51.0,66.7,65.7,66.2,26.4,27.6,15.1,58.3,0,0,0,
2026-05-23,05:14:57,maceta1,33.0,35.0,77.9,76.5,77.2,29.3,10.2,16.4,53.0,0,0,0,
2026-05-23,05:14:57,maceta2,50.0,52.0,66.6,65.5,66.1,12.1,7.6,,,0,0,0,Lectura invalida de DHT
2026-05-23,06:15:13,maceta1,34.0,36.0,77.7,76.3,77.0,5878.8,19717.1,16.2,52.0,1,0,0,
2026-05-23,06:15:13,maceta2,50.0,52.0,66.4,65.5,65.9,6081.9,21283.9,,,1,0,0,Lectura invalida de DHT
2026-05-23,07:15:28,maceta1,34.0,36.0,77.5,76.2,76.8,6292.6,19701.1,,,1,0,0,Lectura invalida de DHT
2026-05-23,07:15:28,maceta2,51.0,52.0,66.3,65.3,65.8,6163.7,20313.4,14.5,57.8,1,0,0,
2026-05-23,08:15:42,maceta1,34.0,36.0,77.3,76.1,76.7,6178.5,19399.4,16.0,54.1,1,0,0,
2026-05-23,08:15:42,maceta2,51.0,52.0,66.2,65.1,65.7,6497.6,20812.3,12.1,64.3,1,0,0,
2026-05-23,09:15:56,maceta1,34.0,36.0,77.2,75.9,76.5,5867.6,19410.2,16.1,54.9,1,0,0,
2026-05-23,09:15:56,maceta2,51.0,53.0,66.0,65.0,65.5,5894.7,20090.1,,,1,0,0,Lectura invalida de DHT
2026-05-23,10:16:10,maceta1,34.0,36.0,77.0,75.7,76.4,5969.3,19713.0,13.8,59.5,1,0,0,
2026-05-23,10:16:10,maceta2,51.0,53.0,65.8,64.7,65.3,6272.8,20575.1,11.9,67.4,1,0,0,
2026-05-23,11:16:21,maceta1,35.0,37.0,77.0,75.6,76.3,5808.7,20982.1,,,1,0,0,Lectura invalida de DHT
2026-05-23,11:16:21,maceta2,51.0,53.0,65.8,64.6,65.2,6077.2,19851.4,,,1,0,0,Lectura invalida de DHT
2026-05-23,12:16:33,maceta1,35.0,37.0,76.9,75.6,76.2,6128.1,21264.4,13.9,62.5,1,0,0,
2026-05-23,12:16:33,maceta2,52.0,53.0,65.6,64.6,65.1,5893.1,19752.9,12.0,67.9,1,0,0,
2026-05-23,13:16:45,maceta1,35.0,37.0,76.8,75.3,76.1,6010.9,21437.7,14.2,61.0,1,0,0,
2026-05-23,13:16:45,maceta2,52.0,53.0,65.5,64.4,65.0,5911.1,20445.6,,,1,0,0,Lectura invalida de DHT
2026-05-23,14:16:57,maceta1,35.0,37.0,76.7,75.1,75.9,6218.9,19580.7,14.4,58.5,1,0,0,
2026-05-23,14:16:57,maceta2,52.0,54.0,65.3,64.2,64.8,6464.5,20245.3,12.5,68.0,1,0,0,
2026-05-23,15:17:08,maceta1,35.0,38.0,76.6,75.0,75.8,6008.1,21203.2,14.3,59.7,1,0,0,
2026-05-23,15:17:08,maceta2,52.0,54.0,65.2,64.1,64.6,6415.7,20448.8,12.5,68.0,1,0,0,
2026-05-23,16:17:20,maceta1,35.0,38.0,76.4,74.9,75.6,6009.9,19820.6,14.4,67.4,1,0,0,
2026-05-23,16:17:20,maceta2,52.0,54.0,65.1,64.0,64.5,6434.9,19716.7,12.6,69.3,1,0,0,
2026-05-23,17:17:32,maceta1,36.0,38.0,76.1,74.6,75.4,6320.2,19282.1,14.3,60.8,1,0,0,
2026-05-23,17:17:32,maceta2,53.0,54.0,65.0,63.9,64.5,6494.1,19917.4,12.7,70.5,1,0,0,
2026-05-23,18:17:44,maceta1,36.0,38.0,76.0,74.5,75.2,19.3,14.0,14.2,60.1,0,0,0,
2026-05-23,18:17:44,maceta2,53.0,54.0,64.8,63.8,64.3,8.7,10.7,12.8,70.3,0,0,0,
2026-05-23,19:17:55,maceta1,36.0,39.0,75.8,74.3,75.0,0.9,9.3,,,0,0,0,Lectura invalida de DHT
2026-05-23,19:17:55,maceta2,53.0,55.0,64.7,63.6,64.1,7.0,4.6,12.8,69.1,0,0,0,
2026-05-23,20:18:11,maceta1,36.0,39.0,75.7,74.1,74.9,21.7,13.1,,,0,0,0,Lectura invalida de DHT
2026-05-23,20:18:11,maceta2,53.0,55.0,64.5,63.4,64.0,16.0,20.7,15.4,64.2,0,0,0,
2026-05-23,21:18:27,maceta1,37.0,39.0,75.6,74.0,74.8,27.2,10.8,16.7,55.2,0,0,0,
2026-05-23,21:18:27,maceta2,53.0,55.0,64.4,63.2,63.8,3.4,28.8,,,0,0,0,Lectura invalida de DHT
2026-05-23,22:18:43,maceta1,37.0,39.0,75.4,73.9,74.6,23.9,17.0,16.7,54.5,0,0,0,
2026-05-23,22:18:43,maceta2,54.0,55.0,64.2,63.1,63.7,16.5,19.2,15.4,61.8,0,0,0,
2026-05-23,23:18:58,maceta1,37.0,39.0,75.2,73.7,74.5,17.5,7.1,16.8,55.4,0,0,0,
2026-05-23,23:18:58,maceta2,54.0,56.0,64.1,62.9,63.5,0.0,18.5,15.3,59.4,0,0,0,
2026-05-24,00:19:14,maceta1,37.0,40.0,75.2,73.6,74.4,20.1,29.7,16.7,55.9,0,0,0,
2026-05-24,00:19:14,maceta2,54.0,56.0,63.9,62.8,63.3,9.7,16.6,15.4,60.3,0,0,0,
2026-05-24,01:19:30,maceta1,38.0,40.0,75.0,73.5,74.2,29.7,15.0,16.7,57.3,0,0,0,
2026-05-24,01:19:30,maceta2,54.0,56.0,63.7,62.6,63.2,6.6,2.7,15.3,60.0,0,0,0,
2026-05-24,02:19:46,maceta1,38.0,40.0,74.9,73.4,74.2,2.7,5.8,16.6,55.7,0,0,0,
2026-05-24,02:19:46,maceta2,55.0,56.0,63.6,62.5,63.1,29.1,21.9,15.3,60.0,0,0,0,
2026-05-24,03:20:02,maceta1,38.0,40.0,74.7,73.2,74.0,20.0,14.3,16.7,55.7,0,0,0,
2026-05-24,03:20:02,maceta2,55.0,56.0,63.5,62.4,63.0,21.8,18.1,15.2,59.8,0,0,0,
2026-05-24,04:20:17,maceta1,38.0,40.0,74.5,73.1,73.8,8.5,26.0,,,0,0,0,Lectura invalida de DHT
2026-05-24,04:20:17,maceta2,55.0,57.0,63.4,62.3,62.8,10.5,19.8,15.3,59.3,0,0,0,
2026-05-24,05:20:33,maceta1,38.0,41.0,74.3,72.9,73.6,19.2,0.7,16.6,54.8,0,0,0,
2026-05-24,05:20:33,maceta2,55.0,57.0,63.2,62.2,62.7,2.8,27.0,15.2,59.5,0,0,0,
2026-05-24,06:20:49,maceta1,39.0,41.0,74.2,72.7,73.4,5833.7,21175.1,16.6,55.6,1,0,0,
2026-05-24,06:20:49,maceta2,56.0,57.0,63.0,62.0,62.5,5945.8,19209.7,15.2,59.6,1,0,0,
2026-05-24,07:21:05,maceta1,39.0,41.0,74.0,72.6,73.3,6432.0,20590.3,16.5,56.7,1,0,0,
2026-05-24,07:21:05,maceta2,56.0,57.0,62.9,61.9,62.4,6048.8,19130.7,15.2,59.9,1,0,0,
2026-05-24,08:21:18,maceta1,39.0,41.0,73.9,72.5,73.2,6396.6,19411.8,,,1,0,0,Lectura invalida de DHT
2026-05-24,08:21:18,maceta2,56.0,57.0,62.7,61.8,62.2,6268.5,19633.6,12.7,64.5,1,0,0,
2026-05-24,09:21:32,maceta1,39.0,42.0,73.8,72.3,73.0,6267.5,20074.6,,,1,0,0,Lectura invalida de DHT
2026-05-24,09:21:32,maceta2,56.0,58.0,62.4,61.6,62.0,6138.7,19185.6,12.4,66.4,1,0,0,
2026-05-24,10:21:46,maceta1,40.0,42.0,73.6,72.2,72.9,6215.3,19718.1,14.2,62.1,1,0,0,
2026-05-24,10:21:46,maceta2,57.0,58.0,62.3,61.5,61.9,6092.9,19259.4,12.3,68.2,1,0,0,
2026-05-24,11:21:58,maceta1,40.0,42.0,73.4,72.0,72.7,6424.6,20842.0,,,1,0,0,Lectura invalida de DHT
2026-05-24,11:21:58,maceta2,57.0,58.0,62.1,61.4,61.7,6050.5,21032.3,12.3,67.7,1,0,0,
2026-05-24,12:22:09,maceta1,40.0,42.0,73.3,71.9,72.6,5929.7,20133.5,14.2,59.7,1,0,0,
2026-05-24,12:22:09,maceta2,57.0,58.0,61.9,61.2,61.5,6215.6,19097.2,12.5,68.7,1,0,0,
2026-05-24,13:22:21,maceta1,40.0,42.0,73.0,71.8,72.4,5855.3,21473.2,,,1,0,0,Lectura invalida de DHT
2026-05-24,13:22:21,maceta2,57.0,58.0,61.7,61.1,61.4,6202.9,20647.4,12.6,67.0,1,0,0,
2026-05-24,14:22:33,maceta1,41.0,42.0,72.9,71.7,72.3,5967.7,19136.9,14.4,60.6,1,0,0,
2026-05-24,14:22:33,maceta2,58.0,59.0,61.7,61.0,61.3,5913.0,19681.4,12.8,68.7,1,0,0,
2026-05-24,15:22:44,maceta1,41.0,43.0,72.8,71.6,72.2,6356.2,19887.5,,,1,0,0,Lectura invalida de DHT
2026-05-24,15:22:44,maceta2,58.0,59.0,61.4,60.9,61.2,6130.2,21178.9,12.8,70.3,1,0,0,
2026-05-24,16:22:56,maceta1,41.0,43.0,72.7,71.5,72.1,5824.3,20204.8,14.6,63.9,1,0,0,
2026-05-24,16:22:56,maceta2,58.0,59.0,61.3,60.8,61.0,6187.4,20212.5,12.9,70.9,1,0,0,
2026-05-24,17:23:08,maceta1,41.0,43.0,72.5,71.3,71.9,6208.0,20257.8,14.5,67.6,1,0,0,
2026-05-24,17:23:08,maceta2,58.0,59.0,61.1,60.7,60.9,6199.2,19763.9,13.0,70.7,1,0,0,
2026-05-24,18:23:20,maceta1,41.0,43.0,72.4,71.1,71.7,18.2,20.4,14.5,62.2,0,0,0,
2026-05-24,18:23:20,maceta2,59.0,59.0,60.8,60.5,60.6,15.5,23.5,13.0,71.1,0,0,0,
2026-05-24,19:23:32,maceta1,42.0,43.0,72.1,71.0,71.6,4.6,16.4,17.0,57.9,0,0,0,
2026-05-24,19:23:32,maceta2,59.0,59.0,60.6,60.4,60.5,6.4,23.4,13.0,71.7,0,0,0,
2026-05-24,20:23:47,maceta1,42.0,44.0,72.0,70.8,71.4,6.2,5.1,,,0,0,0,Lectura invalida de DHT
2026-05-24,20:23:47,maceta2,59.0,60.0,60.5,60.3,60.4,16.1,27.8,15.8,64.2,0,0,0,
2026-05-24,21:24:03,maceta1,42.0,44.0,72.0,70.7,71.3,18.6,24.5,,,0,0,0,Lectura invalida de DHT
2026-05-24,21:24:03,maceta2,59.0,60.0,60.4,60.1,60.2,25.1,29.7,,,0,0,0,Lectura invalida de DHT
2026-05-24,22:24:19,maceta1,42.0,44.0,71.8,70.6,71.2,3.8,11.1,17.4,57.9,0,0,0,
2026-05-24,22:24:19,maceta2,60.0,60.0,60.3,60.0,60.2,18.5,17.4,,,0,0,0,Lectura invalida de DHT
2026-05-24,23:24:35,maceta1,42.0,44.0,71.7,70.5,71.1,8.0,8.8,17.4,58.1,0,0,0,
2026-05-24,23:24:35,maceta2,60.0,60.0,60.1,59.9,60.0,19.0,3.3,16.2,64.1,0,0,0,
2026-05-25,00:24:50,maceta1,43.0,45.0,71.5,70.2,70.9,25.1,24.8,17.4,59.6,0,0,0,
2026-05-25,00:24:50,maceta2,60.0,60.0,60.0,59.9,59.9,16.2,13.8,,,0,0,0,Lectura invalida de DHT
2026-05-25,01:25:06,maceta1,43.0,45.0,71.3,70.2,70.7,9.8,19.2,17.4,58.8,0,0,0,
2026-05-25,01:25:06,maceta2,60.0,60.0,59.8,59.7,59.7,27.8,23.6,16.1,63.6,0,0,0,
2026-05-25,02:25:22,maceta1,43.0,45.0,71.2,70.0,70.6,14.6,26.9,,,0,0,0,Lectura invalida de DHT
2026-05-25,02:25:22,maceta2,61.0,61.0,59.6,59.6,59.6,28.0,0.8,16.1,63.0,0,0,0,
2026-05-25,03:25:38,maceta1,43.0,45.0,71.0,69.9,70.5,28.2,18.9,17.3,58.4,0,0,0,
2026-05-25,03:25:38,maceta2,61.0,61.0,59.5,59.4,59.4,15.4,1.7,16.1,62.0,0,0,0,
2026-05-25,04:25:53,maceta1,44.0,45.0,71.0,69.8,70.4,6.8,22.2,,,0,0,0,Lectura invalida de DHT
2026-05-25,04:25:53,maceta2,61.0,61.0,59.3,59.2,59.3,9.2,2.0,,,0,0,0,Lectura invalida de DHT
2026-05-25,05:26:09,maceta1,44.0,46.0,70.8,69.7,70.2,11.7,25.1,17.0,57.7,0,0,0,
2026-05-25,05:26:09,maceta2,61.0,61.0,59.1,59.2,59.1,13.8,21.9,,,0,0,0,Lectura invalida de DHT
2026-05-25,06:26:25,maceta1,44.0,46.0,70.6,69.6,70.1,6496.8,19789.8,17.0,57.5,1,0,0,
2026-05-25,06:26:25,maceta2,62.0,62.0,58.9,59.0,58.9,5947.1,20294.1,15.6,59.6,1,0,0,
2026-05-25,07:26:41,maceta1,45.0,46.0,70.3,69.4,69.9,6399.0,20823.1,16.8,58.1,1,0,0,
2026-05-25,07:26:41,maceta2,62.0,62.0,58.7,58.7,58.7,6319.6,19954.9,15.5,60.2,1,0,0,
2026-05-25,08:26:54,maceta1,45.0,46.0,70.2,69.2,69.7,6165.0,21186.9,,,1,0,0,Lectura invalida de DHT
2026-05-25,08:26:54,maceta2,62.0,62.0,58.6,58.5,58.6,5817.6,20410.8,12.9,64.3,1,0,0,
2026-05-25,09:27:08,maceta1,45.0,46.0,70.0,69.1,69.5,5844.5,21346.8,16.5,56.4,1,0,0,
2026-05-25,09:27:08,maceta2,62.0,62.0,58.4,58.4,58.4,6048.4,19286.3,12.5,66.6,1,0,0,
2026-05-25,10:27:22,maceta1,45.0,47.0,69.9,68.9,69.4,6382.0,21012.7,14.5,62.4,1,0,0,
2026-05-25,10:27:22,maceta2,62.0,63.0,58.4,58.2,58.3,6346.1,21492.5,12.5,67.5,1,0,0,
2026-05-25,11:27:34,maceta1,45.0,47.0,69.7,68.8,69.2,6219.3,21126.5,,,1,0,0,Lectura invalida de DHT
2026-05-25,11:27:34,maceta2,63.0,63.0,58.3,58.0,58.2,6194.7,20063.9,12.5,68.7,1,0,0,
2026-05-25,12:27:45,maceta1,46.0,47.0,69.6,68.6,69.1,5880.5,20376.4,14.9,67.1,1,0,0,
2026-05-25,12:27:45,maceta2,63.0,63.0,58.2,57.8,58.0,5982.8,19870.6,12.9,67.0,1,0,0,
2026-05-25,13:27:57,maceta1,46.0,47.0,69.4,68.5,69.0,5865.7,21064.7,15.1,63.6,1,0,0,
2026-05-25,13:27:57,maceta2,63.0,63.0,58.1,57.7,57.9,6286.5,20775.5,13.1,69.8,1,0,0,
2026-05-25,14:28:09,maceta1,46.0,48.0,69.3,68.3,68.8,6436.7,19758.8,15.1,63.8,1,0,0,
2026-05-25,14:28:09,maceta2,63.0,64.0,57.9,57.5,57.7,6197.2,19909.7,,,1,0,0,Lectura invalida de DHT
2026-05-25,15:28:21,maceta1,46.0,48.0,69.1,68.1,68.6,6268.4,19996.2,,,1,0,0,Lectura invalida de DHT
2026-05-25,15:28:21,maceta2,63.0,64.0,57.8,57.4,57.6,6357.4,21083.2,13.5,71.5,1,0,0,
2026-05-25,16:28:32,maceta1,47.0,48.0,68.9,67.9,68.4,6380.5,19792.3,15.2,68.6,1,0,0,
2026-05-25,16:28:32,maceta2,64.0,64.0,57.6,57.2,57.4,6314.5,20135.7,,,1,0,0,Lectura invalida de DHT
2026-05-25,17:28:44,maceta1,47.0,48.0,68.8,67.8,68.3,6415.3,20168.5,15.2,63.3,1,0,0,
2026-05-25,17:28:44,maceta2,64.0,64.0,57.4,57.0,57.2,6227.1,20798.9,13.6,68.8,1,0,0,
2026-05-25,18:28:56,maceta1,47.0,48.0,68.5,67.8,68.1,18.2,1.6,15.2,60.5,0,0,0,
2026-05-25,18:28:56,maceta2,64.0,65.0,57.3,56.8,57.1,5.6,15.0,13.6,69.7,0,0,0,
2026-05-25,19:29:08,maceta1,47.0,48.0,68.4,67.7,68.0,22.7,23.3,,,0,0,0,Lectura invalida de DHT
2026-05-25,19:29:08,maceta2,64.0,65.0,57.1,56.7,56.9,19.1,11.1,13.7,70.3,0,0,0,
2026-05-25,20:29:24,maceta1,48.0,49.0,68.3,67.5,67.9,27.0,18.4,,,0,0,0,Lectura invalida de DHT
2026-05-25,20:29:24,maceta2,65.0,65.0,56.9,56.5,56.7,15.0,3.2,16.4,63.5,0,0,0,
2026-05-25,21:29:39,maceta1,48.0,49.0,68.2,67.3,67.7,27.5,2.1,,,0,0,0,Lectura invalida de DHT
2026-05-25,21:29:39,maceta2,65.0,66.0,56.7,56.3,56.5,3.1,22.0,16.6,61.0,0,0,0,
2026-05-25,22:29:55,maceta1,48.0,49.0,68.1,67.2,67.6,23.3,15.3,18.2,56.5,0,0,0,
2026-05-25,22:29:55,maceta2,65.0,66.0,56.5,56.2,56.3,5.9,9.6,16.8,62.3,0,0,0,
2026-05-25,23:30:11,maceta1,48.0,49.0,68.0,67.0,67.5,6.8,2.5,,,0,0,0,Lectura invalida de DHT
2026-05-25,23:30:11,maceta2,66.0,66.0,56.3,55.9,56.1,14.4,8.0,16.8,62.3,0,0,0,
2026-05-26,00:30:26,maceta1,48.0,50.0,67.7,66.9,67.3,0.7,22.1,17.9,58.1,0,0,0,
2026-05-26,00:30:26,maceta2,66.0,66.0,56.2,55.8,56.0,26.6,19.6,16.7,61.4,0,0,0,
2026-05-26,01:30:42,maceta1,49.0,50.0,67.6,66.6,67.1,11.5,16.4,17.8,56.2,0,0,0,
2026-05-26,01:30:42,maceta2,66.0,67.0,56.0,55.6,55.8,17.0,16.8,16.4,59.8,0,0,0,
2026-05-26,02:30:58,maceta1,49.0,50.0,67.6,66.5,67.0,4.2,28.6,17.5,55.4,0,0,0,
2026-05-26,02:30:58,maceta2,66.0,67.0,56.0,55.5,55.7,20.4,10.9,16.2,59.7,0,0,0,
2026-05-26,03:31:14,maceta1,49.0,50.0,67.4,66.4,66.9,21.3,5.5,17.5,56.3,0,0,0,
2026-05-26,03:31:14,maceta2,66.0,67.0,55.9,55.4,55.6,10.2,19.2,16.1,59.5,0,0,0,
2026-05-26,04:31:30,maceta1,49.0,50.0,67.3,66.4,66.8,19.8,18.2,17.3,55.0,0,0,0,
2026-05-26,04:31:30,maceta2,66.0,67.0,55.8,55.2,55.5,17.1,8.1,16.0,57.7,0,0,0,
2026-05-26,05:31:45,maceta1,49.0,51.0,67.1,66.2,66.6,1.3,6.3,,,0,0,0,Lectura invalida de DHT
2026-05-26,05:31:45,maceta2,67.0,67.0,55.6,55.0,55.3,13.4,23.8,15.8,58.8,0,0,0,
2026-05-26,06:32:01,maceta1,50.0,51.0,66.9,66.0,66.5,6200.2,19713.9,17.0,54.1,1,0,0,
2026-05-26,06:32:01,maceta2,67.0,68.0,55.5,54.8,55.1,6141.7,19268.6,15.6,58.7,1,0,0,
2026-05-26,07:32:17,maceta1,50.0,51.0,66.7,65.8,66.3,6162.2,21404.0,,,1,0,0,Lectura invalida de DHT
2026-05-26,07:32:17,maceta2,67.0,68.0,55.3,54.7,55.0,5893.2,21115.3,15.4,56.7,1,0,0,
2026-05-26,08:32:31,maceta1,50.0,51.0,66.5,65.8,66.1,6101.3,19782.1,,,1,0,0,Lectura invalida de DHT
2026-05-26,08:32:31,maceta2,67.0,68.0,55.2,54.5,54.8,5982.9,20839.3,12.9,63.4,1,0,0,
2026-05-26,09:32:44,maceta1,50.0,52.0,66.4,65.6,66.0,6021.9,19245.1,,,1,0,0,Lectura invalida de DHT
2026-05-26,09:32:44,maceta2,68.0,69.0,55.0,54.3,54.6,6093.4,19529.3,12.7,65.3,1,0,0,
2026-05-26,10:32:58,maceta1,51.0,52.0,66.1,65.3,65.7,6104.2,20317.0,14.7,57.4,1,0,0,
2026-05-26,10:32:58,maceta2,68.0,69.0,54.9,54.1,54.5,6219.5,19363.2,12.7,66.9,1,0,0,
2026-05-26,11:33:10,maceta1,51.0,52.0,65.9,65.3,65.6,6341.7,19142.7,,,1,0,0,Lectura invalida de DHT
2026-05-26,11:33:10,maceta2,68.0,69.0,54.8,53.9,54.3,6159.6,19790.7,12.9,68.0,1,0,0,
2026-05-26,12:33:22,maceta1,51.0,52.0,65.9,65.0,65.4,6221.3,19276.4,15.2,64.9,1,0,0,
2026-05-26,12:33:22,maceta2,68.0,69.0,54.6,53.8,54.2,6001.7,21440.2,13.1,66.8,1,0,0,
2026-05-26,13:33:34,maceta1,51.0,53.0,65.7,64.9,65.3,6424.8,19548.5,,,1,0,0,Lectura invalida de DHT
2026-05-26,13:33:34,maceta2,68.0,69.0,54.5,53.7,54.1,5804.5,19642.1,13.4,69.4,1,0,0,
2026-05-26,14:33:45,maceta1,52.0,53.0,65.5,64.9,65.2,6110.4,20160.9,15.6,70.4,1,0,0,
2026-05-26,14:33:45,maceta2,68.0,70.0,54.4,53.6,54.0,6147.4,20140.3,13.7,70.2,1,0,0,
2026-05-26,15:33:57,maceta1,52.0,53.0,65.3,64.7,65.0,6225.0,20083.1,15.6,72.1,1,0,0,
2026-05-26,15:33:57,maceta2,69.0,70.0,54.2,53.5,53.9,5999.9,19075.1,13.8,69.7,1,0,0,
2026-05-26,16:34:09,maceta1,52.0,53.0,65.2,64.6,64.9,6241.9,20999.2,,,1,0,0,Lectura invalida de DHT
2026-05-26,16:34:09,maceta2,69.0,70.0,54.1,53.3,53.7,6314.2,19993.1,13.9,69.9,1,0,0,
2026-05-26,17:34:21,maceta1,52.0,53.0,65.1,64.4,64.8,6214.2,20848.7,15.8,69.6,1,0,0,
2026-05-26,17:34:21,maceta2,69.0,70.0,53.9,53.1,53.5,5816.8,20428.3,14.1,68.0,1,0,0,
2026-05-26,18:34:32,maceta1,52.0,53.0,65.0,64.3,64.7,25.1,18.4,16.6,67.0,0,0,0,
2026-05-26,18:34:32,maceta2,69.0,71.0,53.8,52.9,53.3,19.8,6.9,14.2,68.4,0,0,0,
2026-05-26,19:34:44,maceta1,53.0,54.0,64.8,64.2,64.5,7.5,21.7,18.9,55.9,0,0,0,
2026-05-26,19:34:44,maceta2,69.0,71.0,53.7,52.8,53.3,1.5,4.8,,,0,0,0,Lectura invalida de DHT
2026-05-26,20:35:00,maceta1,53.0,54.0,64.7,64.1,64.4,13.0,21.7,19.1,58.0,0,0,0,
2026-05-26,20:35:00,maceta2,70.0,71.0,53.5,52.7,53.1,14.8,23.5,,,0,0,0,Lectura invalida de DHT
2026-05-26,21:07:14,maceta1,53.0,54.0,64.6,63.9,64.2,20.0,24.5,19.2,57.8,0,0,0,
2026-05-26,21:07:14,maceta2,70.0,71.0,53.3,52.5,52.9,8.9,21.2,17.6,60.5,0,0,0,
2026-05-26,22:07:26,maceta1,53.0,54.0,64.5,63.7,64.1,12.9,25.6,19.1,58.6,0,0,0,
2026-05-26,22:07:26,maceta2,70.0,72.0,53.2,52.3,52.8,9.8,5.5,,,0,0,0,Lectura invalida de DHT
2026-05-26,23:07:42,maceta1,54.0,55.0,64.2,63.6,63.9,13.2,2.3,,,0,0,0,Lectura invalida de DHT
2026-05-26,23:07:42,maceta2,70.0,72.0,53.2,52.2,52.7,28.8,3.5,17.5,64.9,0,0,0,
2026-05-27,00:07:59,maceta1,54.0,55.0,64.1,63.3,63.7,2.0,10.3,18.6,55.9,0,0,0,
2026-05-27,00:07:59,maceta2,70.0,72.0,53.1,52.0,52.5,5.5,25.2,17.3,63.6,0,0,0,
2026-05-27,01:08:15,maceta1,54.0,55.0,63.9,63.2,63.6,12.0,20.6,18.6,57.1,0,0,0,
2026-05-27,01:08:15,maceta2,71.0,72.0,52.9,51.8,52.4,9.3,23.3,17.2,63.7,0,0,0,
2026-05-27,02:08:30,maceta1,54.0,55.0,63.7,63.0,63.4,22.9,15.0,18.5,56.6,0,0,0,
2026-05-27,02:08:30,maceta2,71.0,73.0,52.7,51.6,52.2,15.3,9.8,17.0,61.2,0,0,0,
2026-05-27,03:08:46,maceta1,55.0,56.0,63.6,62.8,63.2,27.5,5.7,18.4,56.2,0,0,0,
2026-05-27,03:08:46,maceta2,71.0,73.0,52.5,51.5,52.0,25.9,19.7,17.0,59.8,0,0,0,
2026-05-27,04:09:02,maceta1,55.0,56.0,63.3,62.6,63.0,12.4,16.6,,,0,0,0,Lectura invalida de DHT
2026-05-27,04:09:02,maceta2,72.0,73.0,52.3,51.3,51.8,12.5,3.7,16.9,59.5,0,0,0,
2026-05-27,05:09:18,maceta1,55.0,56.0,63.3,62.5,62.9,12.7,12.2,18.2,55.8,0,0,0,
2026-05-27,05:09:18,maceta2,72.0,73.0,52.1,51.2,51.6,22.3,15.2,16.7,59.6,0,0,0,
2026-05-27,06:09:33,maceta1,55.0,56.0,63.1,62.4,62.8,6291.8,20065.8,,,1,0,0,Lectura invalida de DHT
2026-05-27,06:09:33,maceta2,72.0,74.0,51.9,51.0,51.4,6209.4,21382.8,16.7,58.9,1,0,0,
2026-05-27,07:09:49,maceta1,56.0,57.0,62.9,62.3,62.6,5966.2,19834.3,18.1,58.3,1,0,0,
2026-05-27,07:09:49,maceta2,72.0,74.0,51.7,50.8,51.2,6459.0,20291.8,16.6,58.3,1,0,0,
2026-05-27,08:10:03,maceta1,56.0,57.0,62.7,62.1,62.4,6158.7,19791.2,18.0,57.7,1,0,0,
2026-05-27,08:10:03,maceta2,73.0,74.0,51.6,50.7,51.1,5922.1,21047.8,,,1,0,0,Lectura invalida de DHT
2026-05-27,09:10:17,maceta1,56.0,57.0,62.6,62.0,62.3,5873.0,20935.0,18.1,58.7,1,0,0,
2026-05-27,09:10:17,maceta2,73.0,74.0,51.4,50.5,51.0,6130.2,20367.8,13.9,66.7,1,0,0,
2026-05-27,10:10:30,maceta1,56.0,57.0,62.5,61.8,62.2,6069.2,19130.2,15.8,63.8,1,0,0,
2026-05-27,10:10:30,maceta2,73.0,74.0,51.4,50.4,50.9,5864.0,19102.0,13.9,67.8,1,0,0,
2026-05-27,11:10:42,maceta1,57.0,58.0,62.3,61.6,61.9,6141.4,19032.1,,,1,0,0,Lectura invalida de DHT
2026-05-27,11:10:42,maceta2,73.0,75.0,51.2,50.3,50.8,6238.0,19787.5,14.0,69.8,1,0,0,
2026-05-27,12:10:54,maceta1,57.0,58.0,62.2,61.5,61.8,6256.6,20988.9,,,1,0,0,Lectura invalida de DHT
2026-05-27,12:10:54,maceta2,73.0,75.0,51.1,50.1,50.6,6185.4,20438.9,14.2,68.7,1,0,0,
2026-05-27,13:11:06,maceta1,57.0,58.0,61.9,61.3,61.6,6465.4,20192.9,16.3,72.1,1,0,0,
2026-05-27,13:11:06,maceta2,74.0,75.0,51.0,50.0,50.5,6085.2,21376.5,14.4,69.7,1,0,0,
2026-05-27,14:11:18,maceta1,57.0,58.0,61.8,61.1,61.5,6220.5,19327.2,,,1,0,0,Lectura invalida de DHT
2026-05-27,14:11:18,maceta2,74.0,75.0,50.7,49.8,50.3,6165.0,21147.8,14.6,69.6,1,0,1,
2026-05-27,15:11:29,maceta1,57.0,59.0,61.7,61.0,61.3,6320.5,19588.9,16.6,74.8,1,0,0,
2026-05-27,15:11:29,maceta2,27.0,28.0,82.3,81.6,81.9,6427.6,19570.9,14.8,70.2,1,0,0,
2026-05-27,16:11:41,maceta1,58.0,59.0,61.5,60.9,61.2,6154.4,21331.3,16.9,77.8,1,0,0,
2026-05-27,16:11:41,maceta2,27.0,28.0,82.1,81.5,81.8,5937.4,19550.3,14.9,69.7,1,0,0,
2026-05-27,17:11:53,maceta1,58.0,59.0,61.3,60.8,61.0,6243.9,21148.8,17.0,72.3,1,0,0,
2026-05-27,17:11:53,maceta2,27.0,28.0,81.9,81.4,81.6,5815.8,19502.9,15.2,69.4,1,0,0,
2026-05-27,18:12:05,maceta1,58.0,59.0,61.2,60.6,60.9,21.1,11.7,,,0,0,0,Lectura invalida de DHT
2026-05-27,18:12:05,maceta2,27.0,28.0,81.8,81.3,81.6,25.7,0.6,15.4,69.2,0,0,0,
2026-05-27,19:12:17,maceta1,58.0,59.0,61.1,60.4,60.8,28.3,24.3,19.3,60.3,0,0,0,
2026-05-27,19:12:17,maceta2,27.0,28.0,81.8,81.1,81.5,9.3,11.7,,,0,0,0,Lectura invalida de DHT
2026-05-27,20:12:32,maceta1,58.0,60.0,61.0,60.3,60.6,8.0,12.2,19.4,60.5,0,0,0,
2026-05-27,20:12:32,maceta2,28.0,28.0,81.6,81.1,81.3,11.8,2.2,18.0,64.6,0,0,0,
2026-05-27,21:12:48,maceta1,59.0,60.0,60.9,60.1,60.5,13.2,0.8,19.5,60.7,0,0,0,
2026-05-27,21:12:48,maceta2,28.0,29.0,81.5,81.0,81.2,10.7,14.3,,,0,0,0,Lectura invalida de DHT
2026-05-27,22:13:04,maceta1,59.0,60.0,60.8,59.8,60.3,23.9,1.7,19.4,61.4,0,0,0,
2026-05-27,22:13:04,maceta2,28.0,29.0,81.3,80.8,81.0,25.0,12.7,18.1,64.0,0,0,0,
2026-05-27,23:13:20,maceta1,59.0,60.0,60.5,59.7,60.1,18.3,25.7,19.5,61.8,0,0,0,
2026-05-27,23:13:20,maceta2,28.0,29.0,81.1,80.7,80.9,1.3,13.3,18.1,64.4,0,0,0,
2026-05-28,00:13:35,maceta1,59.0,61.0,60.5,59.5,60.0,3.3,28.8,19.6,62.4,0,0,0,
2026-05-28,00:13:35,maceta2,29.0,29.0,81.0,80.6,80.8,9.3,1.4,18.1,64.6,0,0,0,
2026-05-28,01:13:51,maceta1,60.0,61.0,60.3,59.5,59.9,18.8,20.7,19.6,62.0,0,0,0,
2026-05-28,01:13:51,maceta2,29.0,29.0,80.7,80.4,80.6,20.4,10.8,18.1,65.7,0,0,0,
2026-05-28,02:14:07,maceta1,60.0,61.0,60.2,59.3,59.8,5.6,10.9,19.6,62.5,0,0,0,
2026-05-28,02:14:07,maceta2,29.0,30.0,80.5,80.2,80.4,17.0,22.7,18.2,63.9,0,0,0,
2026-05-28,03:14:23,maceta1,60.0,61.0,60.0,59.1,59.5,15.3,28.2,19.6,62.9,0,0,0,
2026-05-28,03:14:23,maceta2,29.0,30.0,80.4,80.1,80.3,13.1,11.1,18.2,65.3,0,0,0,
2026-05-28,04:14:38,maceta1,60.0,62.0,59.9,59.0,59.4,15.9,19.9,19.5,63.8,0,0,0,
2026-05-28,04:14:38,maceta2,30.0,30.0,80.3,80.0,80.1,16.2,21.5,,,0,0,0,Lectura invalida de DHT
2026-05-28,05:14:54,maceta1,60.0,62.0,59.9,58.8,59.3,26.3,25.3,,,0,0,0,Lectura invalida de DHT
2026-05-28,05:14:54,maceta2,30.0,30.0,80.2,79.9,80.1,5.9,11.1,18.1,65.9,0,0,0,
2026-05-28,06:15:10,maceta1,61.0,62.0,59.7,58.6,59.1,5849.7,20774.5,,,1,0,0,Lectura invalida de DHT
2026-05-28,06:15:10,maceta2,30.0,30.0,80.1,79.7,79.9,6403.2,21306.2,18.0,66.2,1,0,0,
2026-05-28,07:15:26,maceta1,61.0,62.0,59.5,58.5,59.0,5978.1,20205.6,,,1,0,0,Lectura invalida de DHT
2026-05-28,07:15:26,maceta2,30.0,31.0,79.8,79.6,79.7,6204.0,21131.7,18.0,66.7,1,0,0,
2026-05-28,08:15:40,maceta1,61.0,63.0,59.4,58.3,58.8,6053.3,20300.8,19.4,65.2,1,0,0,
2026-05-28,08:15:40,maceta2,30.0,31.0,79.8,79.5,79.6,6423.5,20937.2,15.6,72.0,1,0,0,
2026-05-28,09:15:53,maceta1,61.0,63.0,59.3,58.2,58.7,6130.7,21438.1,19.4,64.7,1,0,0,
2026-05-28,09:15:53,maceta2,31.0,31.0,79.5,79.2,79.4,6217.9,19981.8,,,1,0,0,Lectura invalida de DHT
2026-05-28,10:16:07,maceta1,61.0,63.0,59.1,58.0,58.5,5832.0,21414.4,17.0,72.7,1,0,0,
2026-05-28,10:16:07,maceta2,31.0,31.0,79.3,79.0,79.2,6367.1,20261.0,15.3,72.7,1,0,0,
2026-05-28,11:16:19,maceta1,62.0,63.0,58.9,57.9,58.4,5898.0,19538.2,16.8,74.2,1,0,0,
2026-05-28,11:16:19,maceta2,31.0,32.0,79.2,79.0,79.1,6100.8,20160.8,,,1,0,0,Lectura invalida de DHT
2026-05-28,12:16:32,maceta1,62.0,63.0,58.7,57.7,58.2,5993.8,21027.8,16.8,73.4,1,0,0,
2026-05-28,12:16:32,maceta2,31.0,32.0,79.2,78.8,79.0,6324.9,19633.5,15.2,74.7,1,0,0,
2026-05-28,13:16:44,maceta1,62.0,64.0,58.5,57.5,58.0,6480.1,19493.1,,,1,0,0,Lectura invalida de DHT
2026-05-28,13:16:44,maceta2,31.0,32.0,79.1,78.6,78.9,6439.1,20262.6,,,1,0,0,Lectura invalida de DHT
2026-05-28,14:16:55,maceta1,63.0,64.0,58.3,57.4,57.8,6031.9,19533.8,16.7,74.7,1,0,0,
2026-05-28,14:16:55,maceta2,32.0,32.0,78.9,78.5,78.7,6200.5,19076.2,15.3,75.9,1,0,0,
2026-05-28,15:17:07,maceta1,63.0,64.0,58.0,57.3,57.7,6137.4,20690.2,16.9,77.5,1,0,0,
2026-05-28,15:17:07,maceta2,32.0,32.0,78.7,78.4,78.5,5926.5,19329.5,,,1,0,0,Lectura invalida de DHT
2026-05-28,16:08:40,maceta1,63.0,64.0,58.0,57.2,57.6,5937.3,20012.5,17.6,75.2,1,0,0,
2026-05-28,16:08:40,maceta2,32.0,33.0,78.5,78.1,78.3,5988.2,21216.5,,,1,0,0,Lectura invalida de DHT
2026-05-28,16:09:56,maceta1,63.0,64.0,57.8,57.1,57.5,6227.5,21328.9,17.6,75.7,1,0,0,
2026-05-28,16:09:56,maceta2,32.0,33.0,78.4,78.0,78.2,5939.1,20879.2,15.9,71.6,1,0,0,
2026-05-28,16:10:32,maceta1,64.0,65.0,57.6,56.9,57.2,5996.5,19222.5,17.6,75.3,1,0,0,
2026-05-28,16:10:32,maceta2,33.0,33.0,78.3,77.8,78.0,5972.8,20057.2,15.9,72.5,1,0,0,
2026-05-28,16:11:09,maceta1,64.0,65.0,57.5,56.7,57.1,5944.9,20278.8,17.6,76.4,1,0,0,
2026-05-28,16:11:09,maceta2,33.0,34.0,78.1,77.6,77.9,6014.5,20292.9,16.0,72.5,1,0,0,
2026-05-28,16:11:46,maceta1,64.0,65.0,57.4,56.6,57.0,6161.6,21296.3,17.6,75.5,1,0,0,
2026-05-28,16:11:46,maceta2,33.0,34.0,78.0,77.4,77.7,6188.6,19925.0,15.9,72.7,1,0,0,
2026-05-28,16:12:23,maceta1,64.0,65.0,57.3,56.4,56.8,5803.9,21260.3,17.6,76.0,1,0,0,
2026-05-28,16:12:23,maceta2,33.0,34.0,77.8,77.2,77.5,6211.6,20851.9,16.0,73.0,1,0,0,
2026-05-28,16:13:00,maceta1,64.0,66.0,57.1,56.2,56.6,5805.4,19391.3,17.6,76.9,1,0,0,
2026-05-28,16:13:00,maceta2,33.0,34.0,77.7,77.0,77.4,6098.5,20960.5,16.0,73.0,1,0,0,
2026-05-28,16:13:36,maceta1,65.0,66.0,56.9,56.0,56.5,5953.3,19916.6,17.6,77.0,1,0,0,
2026-05-28,16:13:36,maceta2,34.0,35.0,77.6,77.0,77.3,6230.8,20908.2,16.0,71.9,1,0,0,
2026-05-28,16:14:13,maceta1,65.0,66.0,56.8,55.8,56.3,5825.7,20547.8,17.7,76.7,1,0,0,
2026-05-28,16:14:13,maceta2,34.0,35.0,77.5,76.9,77.2,5857.1,20806.5,16.0,72.2,1,0,0,
2026-05-28,16:14:50,maceta1,65.0,67.0,56.7,55.6,56.2,5875.6,19398.5,17.6,75.8,1,0,0,
2026-05-28,16:14:50,maceta2,34.0,35.0,77.3,76.8,77.0,5861.5,19511.3,,,1,0,0,Lectura invalida de DHT
