fecha,hora,maceta,humedad_raw_1,humedad_raw_2,humedad_pct_1,humedad_pct_2,humedad_pct_promedio,lux,dli_acumulado,temperatura_c,humedad_ambiente_pct,luz_encendida,ventilador_encendido,riego_pendiente,alertas
2026-04-01,00:00:00,maceta1,95.0,94.0,81.4,82.4,81.9,22.8,0.0042,17.1,67.6,0,0,0,
2026-04-01,00:00:00,maceta2,94.0,95.0,81.9,81.4,81.7,15.0,0.0028,16.1,70.1,0,0,0,
2026-04-01,01:00:00,maceta1,96.0,94.0,81.2,82.1,81.7,26.5,0.0091,16.5,72.8,0,0,0,
2026-04-01,01:00:00,maceta2,95.0,96.0,81.8,81.3,81.5,1.2,0.003,17.8,59.2,0,0,0,
2026-04-01,02:00:00,maceta1,96.0,94.0,81.0,81.9,81.5,27.7,0.0142,14.7,83.0,0,0,0,
2026-04-01,02:00:00,maceta2,95.0,96.0,81.6,81.0,81.3,5.9,0.0041,14.7,70.2,0,0,0,
2026-04-01,03:00:00,maceta1,96.0,95.0,80.9,81.8,81.3,26.5,0.0191,17.2,77.5,0,0,0,
2026-04-01,03:00:00,maceta2,95.0,96.0,81.4,80.8,81.1,12.0,0.0063,16.0,74.6,0,0,0,
2026-04-01,04:00:00,maceta1,97.0,95.0,80.7,81.6,81.1,25.0,0.0238,14.3,80.9,0,0,0,
2026-04-01,04:00:00,maceta2,96.0,97.0,81.2,80.6,80.9,20.1,0.01,15.8,76.7,0,0,0,
2026-04-01,05:00:00,maceta1,97.0,95.0,80.4,81.4,80.9,5.3,0.0247,14.8,72.5,0,0,0,
2026-04-01,05:00:00,maceta2,96.0,97.0,81.0,80.4,80.7,27.5,0.0151,14.8,69.2,0,0,0,
2026-04-01,06:00:00,maceta1,98.0,96.0,80.2,81.2,80.7,6457.5,1.2194,16.7,76.1,1,0,0,
2026-04-01,06:00:00,maceta2,97.0,98.0,80.8,80.2,80.5,6206.0,1.1633,13.4,62.7,1,0,0,
2026-04-01,07:00:00,maceta1,98.0,96.0,79.9,81.0,80.5,5966.2,2.3231,14.8,73.2,1,0,0,
2026-04-01,07:00:00,maceta2,97.0,98.0,80.6,80.0,80.3,6079.0,2.2879,16.5,64.5,1,0,0,
2026-04-01,08:00:00,maceta1,99.0,97.0,79.7,80.8,80.2,6330.8,3.4943,17.0,73.8,1,0,0,
2026-04-01,08:00:00,maceta2,97.0,98.0,80.3,79.9,80.1,6255.6,3.4452,19.0,68.4,1,0,0,
2026-04-01,09:00:00,maceta1,99.0,97.0,79.5,80.6,80.1,5924.5,4.5904,18.5,68.2,1,0,0,
2026-04-01,09:00:00,maceta2,98.0,99.0,80.2,79.6,79.9,5835.9,4.5248,17.7,65.4,1,0,0,
2026-04-01,10:00:00,maceta1,99.0,97.0,79.4,80.4,79.9,6278.1,5.7518,23.3,53.6,1,0,0,
2026-04-01,10:00:00,maceta2,98.0,99.0,80.0,79.4,79.7,5975.8,5.6303,20.8,58.1,1,0,0,
2026-04-01,11:00:00,maceta1,100.0,98.0,79.2,80.2,79.7,6149.8,6.8895,22.4,63.4,1,0,0,
2026-04-01,11:00:00,maceta2,98.0,100.0,79.8,79.2,79.5,6322.7,6.8,20.2,60.8,1,0,0,
2026-04-01,12:00:00,maceta1,100.0,98.0,78.9,80.0,79.5,6193.9,8.0354,22.6,63.8,1,0,0,
2026-04-01,12:00:00,maceta2,99.0,100.0,79.6,78.9,79.3,5858.3,7.8838,23.5,59.9,1,0,0,
2026-04-01,13:00:00,maceta1,100.0,98.0,78.7,79.9,79.3,5929.9,9.1324,22.4,51.5,1,0,0,
2026-04-01,13:00:00,maceta2,99.0,100.0,79.4,78.7,79.0,5953.5,8.9852,24.7,52.4,1,0,0,
2026-04-01,14:00:00,maceta1,101.0,99.0,78.5,79.7,79.1,5980.5,10.2388,23.8,55.9,1,0,0,
2026-04-01,14:00:00,maceta2,100.0,101.0,79.1,78.6,78.8,6195.8,10.1314,24.2,43.8,1,0,0,
2026-04-01,15:00:00,maceta1,101.0,99.0,78.3,79.5,78.9,6152.8,11.3771,23.9,63.4,1,0,0,
2026-04-01,15:00:00,maceta2,100.0,101.0,78.9,78.3,78.6,5942.2,11.2307,27.6,57.2,1,0,0,
2026-04-01,16:00:00,maceta1,102.0,99.0,78.1,79.3,78.7,5847.3,12.4588,24.7,61.5,1,0,0,
2026-04-01,16:00:00,maceta2,101.0,102.0,78.7,78.1,78.4,5920.0,12.3259,23.1,47.4,1,0,0,
2026-04-01,17:00:00,maceta1,102.0,100.0,77.9,79.1,78.5,6489.1,13.6593,25.4,62.6,1,0,0,
2026-04-01,17:00:00,maceta2,101.0,102.0,78.5,77.9,78.2,6128.0,13.4596,22.3,67.5,1,0,0,
2026-04-01,18:00:00,maceta1,102.0,100.0,77.7,79.0,78.3,16.7,13.6624,23.7,51.3,0,0,0,
2026-04-01,18:00:00,maceta2,101.0,102.0,78.3,77.7,78.0,6.7,13.4609,20.4,61.8,0,0,0,
2026-04-01,19:00:00,maceta1,103.0,100.0,77.5,78.8,78.2,28.3,13.6676,20.4,60.0,0,0,0,
2026-04-01,19:00:00,maceta2,102.0,103.0,78.1,77.5,77.8,20.9,13.4647,22.6,52.3,0,0,0,
2026-04-01,20:00:00,maceta1,103.0,101.0,77.3,78.7,78.0,7.1,13.6689,22.2,64.9,0,0,0,
2026-04-01,20:00:00,maceta2,102.0,103.0,77.9,77.3,77.6,9.7,13.4665,21.4,66.6,0,0,0,
2026-04-01,21:00:00,maceta1,104.0,101.0,77.0,78.4,77.7,27.7,13.674,19.7,62.0,0,0,0,
2026-04-01,21:00:00,maceta2,102.0,104.0,77.7,77.1,77.4,26.6,13.4714,19.4,70.8,0,0,0,
2026-04-01,22:00:00,maceta1,104.0,101.0,76.8,78.2,77.5,12.2,13.6763,16.3,59.3,0,0,0,
2026-04-01,22:00:00,maceta2,103.0,104.0,77.4,76.8,77.1,1.1,13.4716,17.5,60.1,0,0,0,
2026-04-01,23:00:00,maceta1,104.0,102.0,76.6,78.0,77.3,1.5,13.6766,16.7,70.7,0,0,0,
2026-04-01,23:00:00,maceta2,103.0,104.0,77.3,76.6,76.9,8.5,13.4732,18.9,70.1,0,0,0,
2026-04-02,00:00:00,maceta1,105.0,102.0,76.4,77.8,77.1,18.9,0.0035,16.7,68.5,0,0,0,
2026-04-02,00:00:00,maceta2,104.0,105.0,77.0,76.4,76.7,17.5,0.0032,13.5,76.1,0,0,0,
2026-04-02,01:00:00,maceta1,105.0,103.0,76.2,77.6,76.9,19.0,0.007,15.8,76.3,0,0,0,
2026-04-02,01:00:00,maceta2,104.0,105.0,76.8,76.2,76.5,21.5,0.0072,14.8,78.0,0,0,0,
2026-04-02,02:00:00,maceta1,106.0,103.0,76.0,77.4,76.7,0.6,0.0071,13.8,74.0,0,0,0,
2026-04-02,02:00:00,maceta2,104.0,106.0,76.6,75.9,76.3,3.2,0.0078,15.8,77.7,0,0,0,
2026-04-02,03:00:00,maceta1,106.0,103.0,75.8,77.3,76.5,10.8,0.0091,16.2,72.8,0,0,0,
2026-04-02,03:00:00,maceta2,105.0,106.0,76.4,75.7,76.1,4.6,0.0087,16.1,85.3,0,0,0,
2026-04-02,04:00:00,maceta1,106.0,103.0,75.6,77.1,76.3,2.3,0.0095,13.6,70.6,0,0,0,
2026-04-02,04:00:00,maceta2,105.0,107.0,76.2,75.5,75.9,19.2,0.0122,14.4,85.2,0,0,0,
2026-04-02,05:00:00,maceta1,107.0,104.0,75.3,76.9,76.1,24.5,0.0141,15.9,73.8,0,0,0,
2026-04-02,05:00:00,maceta2,106.0,107.0,76.0,75.3,75.6,22.6,0.0164,16.8,66.8,0,0,0,
2026-04-02,06:00:00,maceta1,107.0,104.0,75.2,76.7,75.9,6408.2,1.1996,15.4,78.9,1,0,0,
2026-04-02,06:00:00,maceta2,106.0,107.0,75.8,75.1,75.4,6090.4,1.1431,15.9,72.7,1,0,0,
2026-04-02,07:00:00,maceta1,108.0,105.0,75.0,76.5,75.7,6174.3,2.3418,15.5,74.3,1,0,0,
2026-04-02,07:00:00,maceta2,106.0,108.0,75.6,74.9,75.2,5814.1,2.2187,15.4,76.1,1,0,0,
2026-04-02,08:00:00,maceta1,108.0,105.0,74.8,76.3,75.5,5911.0,3.4353,19.6,69.3,1,0,0,
2026-04-02,08:00:00,maceta2,107.0,108.0,75.4,74.7,75.1,6249.2,3.3748,20.4,64.6,1,0,0,
2026-04-02,09:00:00,maceta1,108.0,105.0,74.6,76.1,75.4,6301.9,4.6012,19.6,69.9,1,0,0,
2026-04-02,09:00:00,maceta2,107.0,109.0,75.3,74.5,74.9,6207.8,4.5233,21.2,65.0,1,0,0,
2026-04-02,10:00:00,maceta1,109.0,106.0,74.4,75.9,75.1,5900.3,5.6928,21.5,65.8,1,0,0,
2026-04-02,10:00:00,maceta2,107.0,109.0,75.0,74.2,74.6,6111.8,5.654,20.0,51.6,1,0,0,
2026-04-02,11:00:00,maceta1,109.0,106.0,74.2,75.7,74.9,6048.6,6.8117,22.7,62.2,1,0,0,
2026-04-02,11:00:00,maceta2,108.0,109.0,74.8,74.0,74.4,6147.0,6.7912,24.5,56.8,1,0,0,
2026-04-02,12:00:00,maceta1,109.0,107.0,74.0,75.5,74.7,6409.2,7.9974,23.2,66.2,1,0,0,
2026-04-02,12:00:00,maceta2,108.0,110.0,74.6,73.9,74.2,6343.1,7.9646,25.6,61.0,1,0,0,
2026-04-02,13:00:00,maceta1,110.0,107.0,73.8,75.3,74.6,5858.8,9.0813,20.1,57.5,1,0,0,
2026-04-02,13:00:00,maceta2,109.0,110.0,74.4,73.7,74.0,6423.2,9.1529,25.2,58.8,1,0,0,
2026-04-02,14:00:00,maceta1,110.0,107.0,73.6,75.1,74.3,6130.2,10.2154,24.6,50.3,1,0,0,
2026-04-02,14:00:00,maceta2,109.0,110.0,74.2,73.5,73.9,6320.7,10.3223,24.1,63.5,1,0,0,
2026-04-02,15:00:00,maceta1,111.0,108.0,73.3,74.9,74.1,5898.0,11.3066,24.8,65.0,1,0,0,
2026-04-02,15:00:00,maceta2,109.0,111.0,74.1,73.3,73.7,6269.5,11.4821,21.7,57.0,1,0,0,
2026-04-02,16:00:00,maceta1,111.0,108.0,73.1,74.7,73.9,5965.4,12.4102,24.2,63.3,1,0,0,
2026-04-02,16:00:00,maceta2,110.0,111.0,73.9,73.1,73.5,6106.9,12.6119,25.1,52.5,1,0,0,
2026-04-02,17:00:00,maceta1,111.0,108.0,72.9,74.5,73.7,5811.8,13.4853,26.2,52.4,1,0,0,
2026-04-02,17:00:00,maceta2,110.0,112.0,73.7,72.9,73.3,5906.1,13.7045,23.2,56.5,1,0,0,
2026-04-02,18:00:00,maceta1,112.0,128.0,72.7,64.2,68.5,21.5,13.4893,22.0,60.1,0,0,0,Discrepancia alta entre sensores de humedad
2026-04-02,18:00:00,maceta2,110.0,112.0,73.6,72.7,73.1,14.5,13.7072,22.5,56.0,0,0,0,
2026-04-02,19:00:00,maceta1,112.0,109.0,72.6,74.1,73.3,18.8,13.4928,23.6,62.7,0,0,0,
2026-04-02,19:00:00,maceta2,111.0,112.0,73.4,72.4,72.9,15.1,13.71,22.7,61.5,0,0,0,
2026-04-02,20:00:00,maceta1,113.0,110.0,72.4,73.9,73.1,29.0,13.4982,20.2,57.4,0,0,0,
2026-04-02,20:00:00,maceta2,111.0,113.0,73.1,72.3,72.7,20.8,13.7138,21.7,65.0,0,0,0,
2026-04-02,21:00:00,maceta1,113.0,110.0,72.1,73.7,72.9,7.5,13.4996,19.8,69.3,0,0,0,
2026-04-02,21:00:00,maceta2,111.0,113.0,73.0,72.1,72.5,27.3,13.7189,21.1,65.9,0,0,0,
2026-04-02,22:00:00,maceta1,113.0,110.0,72.0,73.5,72.7,8.8,13.5012,17.3,73.4,0,0,0,
2026-04-02,22:00:00,maceta2,112.0,113.0,72.7,71.9,72.3,11.1,13.7209,17.9,61.5,0,0,0,
2026-04-02,23:00:00,maceta1,114.0,111.0,71.8,73.4,72.6,3.1,13.5018,16.6,72.3,0,0,0,
2026-04-02,23:00:00,maceta2,112.0,114.0,72.6,71.7,72.1,27.0,13.7259,15.0,64.1,0,0,0,
2026-04-03,00:00:00,maceta1,114.0,111.0,71.6,73.1,72.3,8.6,0.0016,16.4,66.5,0,0,0,
2026-04-03,00:00:00,maceta2,112.0,114.0,72.4,71.5,72.0,7.8,0.0014,16.4,68.9,0,0,0,
2026-04-03,01:00:00,maceta1,114.0,111.0,71.4,72.9,72.2,27.6,0.0067,15.2,68.9,0,0,0,
2026-04-03,01:00:00,maceta2,113.0,114.0,72.1,71.3,71.7,24.2,0.0059,14.8,70.9,0,0,0,
2026-04-03,02:00:00,maceta1,115.0,112.0,71.2,72.8,72.0,4.2,0.0075,12.6,73.6,0,0,0,
2026-04-03,02:00:00,maceta2,113.0,115.0,71.9,71.1,71.5,23.1,0.0102,14.1,78.8,0,0,0,
2026-04-03,03:00:00,maceta1,115.0,112.0,71.0,72.5,71.7,27.4,0.0125,14.0,73.4,0,0,0,
2026-04-03,03:00:00,maceta2,114.0,115.0,71.8,70.9,71.3,2.4,0.0106,13.3,67.1,0,0,0,
2026-04-03,04:00:00,maceta1,115.0,113.0,70.8,72.3,71.5,24.8,0.0171,14.5,80.4,0,0,0,
2026-04-03,04:00:00,maceta2,114.0,116.0,71.5,70.7,71.1,16.4,0.0137,15.3,70.5,0,0,0,
2026-04-03,05:00:00,maceta1,116.0,113.0,70.6,72.1,71.4,20.1,0.0208,18.0,73.4,0,0,0,
2026-04-03,05:00:00,maceta2,114.0,116.0,71.3,70.5,70.9,14.8,0.0164,15.5,75.9,0,0,0,
2026-04-03,06:00:00,maceta1,116.0,113.0,70.5,71.9,71.2,6365.2,1.1984,16.4,73.1,1,0,0,
2026-04-03,06:00:00,maceta2,115.0,116.0,71.2,70.3,70.7,5894.7,1.1069,15.9,77.5,1,0,0,
2026-04-03,07:00:00,maceta1,116.0,114.0,70.3,71.7,71.0,6216.8,2.3485,14.2,72.4,1,0,0,
2026-04-03,07:00:00,maceta2,115.0,117.0,71.0,70.1,70.5,6039.9,2.2243,17.0,65.7,1,0,0,
2026-04-03,08:00:00,maceta1,117.0,114.0,70.1,71.6,70.8,5958.2,3.4508,18.3,78.5,1,0,0,
2026-04-03,08:00:00,maceta2,115.0,117.0,70.8,69.9,70.3,6247.6,3.3801,21.9,68.6,1,0,0,
2026-04-03,09:00:00,maceta1,117.0,114.0,69.9,71.4,70.6,6119.9,4.583,19.2,64.3,1,0,0,
2026-04-03,09:00:00,maceta2,116.0,118.0,70.7,69.7,70.2,6080.1,4.5049,20.0,69.8,1,0,0,
2026-04-03,10:00:00,maceta1,118.0,115.0,69.7,71.2,70.4,6215.0,5.7327,20.8,63.7,1,0,0,
2026-04-03,10:00:00,maceta2,116.0,118.0,70.4,69.5,70.0,6143.9,5.6415,19.1,64.4,1,0,0,
2026-04-03,11:00:00,maceta1,118.0,115.0,69.5,71.0,70.3,6012.4,6.845,23.7,72.5,1,0,0,
2026-04-03,11:00:00,maceta2,117.0,118.0,70.2,69.3,69.8,6191.3,6.7869,23.2,58.6,1,0,0,
2026-04-03,12:00:00,maceta1,118.0,116.0,69.3,70.7,70.0,6268.6,8.0047,24.3,56.3,1,0,0,
2026-04-03,12:00:00,maceta2,117.0,119.0,70.0,69.1,69.5,5818.7,7.8634,21.7,58.5,1,0,0,
2026-04-03,13:00:00,maceta1,119.0,116.0,69.1,70.5,69.8,6126.1,9.1381,26.0,61.7,1,0,0,
2026-04-03,13:00:00,maceta2,117.0,119.0,69.8,68.9,69.4,5840.4,8.9439,21.8,48.8,1,0,0,
2026-04-03,14:00:00,maceta1,119.0,116.0,68.9,70.3,69.6,5930.5,10.2352,25.2,45.5,1,0,0,
2026-04-03,14:00:00,maceta2,118.0,119.0,69.6,68.7,69.2,6192.4,10.0894,27.6,52.4,1,0,0,
2026-04-03,15:00:00,maceta1,120.0,117.0,68.6,70.1,69.4,6406.3,11.4204,23.0,46.8,1,0,0,
2026-04-03,15:00:00,maceta2,118.0,120.0,69.5,68.5,69.0,6418.0,11.2768,23.7,52.9,1,0,0,
2026-04-03,16:00:00,maceta1,120.0,117.0,68.4,69.9,69.2,5849.0,12.5024,24.5,57.9,1,0,0,
2026-04-03,16:00:00,maceta2,118.0,120.0,69.2,68.3,68.7,6093.4,12.404,23.6,50.9,1,0,0,
2026-04-03,17:00:00,maceta1,120.0,118.0,68.2,69.7,68.9,6208.1,13.6509,21.5,49.2,1,0,0,
2026-04-03,17:00:00,maceta2,119.0,121.0,69.0,68.1,68.5,5902.9,13.4961,24.0,56.7,1,0,0,
2026-04-03,18:00:00,maceta1,121.0,118.0,68.0,69.5,68.7,5.9,13.652,21.5,62.2,0,0,0,
2026-04-03,18:00:00,maceta2,119.0,121.0,68.8,67.9,68.3,9.0,13.4978,23.8,49.5,0,0,0,
2026-04-03,19:00:00,maceta1,121.0,118.0,67.8,69.3,68.6,18.8,13.6555,20.6,64.1,0,0,0,
2026-04-03,19:00:00,maceta2,120.0,121.0,68.6,67.7,68.1,20.6,13.5016,24.4,64.1,0,0,0,
2026-04-03,20:00:00,maceta1,122.0,119.0,67.6,69.2,68.4,3.7,13.6562,19.6,67.2,0,0,0,
2026-04-03,20:00:00,maceta2,120.0,122.0,68.4,67.5,67.9,28.3,13.5068,20.3,68.5,0,0,0,
2026-04-03,21:00:00,maceta1,122.0,119.0,67.4,69.0,68.2,10.2,13.6581,20.7,76.0,0,0,0,
2026-04-03,21:00:00,maceta2,120.0,122.0,68.2,67.3,67.7,21.4,13.5108,17.7,63.2,0,0,0,
2026-04-03,22:00:00,maceta1,122.0,119.0,67.2,68.8,68.0,15.7,13.661,18.6,68.1,0,0,0,
2026-04-03,22:00:00,maceta2,121.0,123.0,68.0,67.1,67.5,6.7,13.512,20.2,65.5,0,0,0,
2026-04-03,23:00:00,maceta1,123.0,120.0,67.0,68.6,67.8,25.4,13.6657,14.6,70.0,0,0,0,
2026-04-03,23:00:00,maceta2,121.0,123.0,67.8,66.8,67.3,24.5,13.5165,17.3,77.7,0,0,0,
2026-04-04,00:00:00,maceta1,123.0,120.0,66.8,68.5,67.6,11.9,0.0022,16.2,65.3,0,0,0,
2026-04-04,00:00:00,maceta2,121.0,123.0,67.7,66.6,67.1,17.7,0.0033,17.0,67.8,0,0,0,
2026-04-04,01:00:00,maceta1,123.0,120.0,66.6,68.3,67.4,7.7,0.0036,13.2,80.5,0,0,0,
2026-04-04,01:00:00,maceta2,122.0,124.0,67.5,66.4,66.9,20.7,0.0071,13.1,78.8,0,0,0,
2026-04-04,02:00:00,maceta1,124.0,121.0,66.4,68.0,67.2,9.3,0.0053,15.3,72.8,0,0,0,
2026-04-04,02:00:00,maceta2,122.0,124.0,67.3,66.1,66.7,25.3,0.0118,15.0,78.9,0,0,0,
2026-04-04,03:00:00,maceta1,124.0,121.0,66.2,67.8,67.0,6.5,0.0066,14.7,76.7,0,0,0,
2026-04-04,03:00:00,maceta2,123.0,125.0,67.1,66.0,66.5,0.4,0.0119,14.9,82.5,0,0,0,
2026-04-04,04:00:00,maceta1,125.0,122.0,66.0,67.6,66.8,8.1,0.008,13.5,75.0,0,0,0,
2026-04-04,04:00:00,maceta2,123.0,125.0,66.9,65.8,66.4,5.7,0.0129,14.9,79.8,0,0,0,
2026-04-04,05:00:00,maceta1,125.0,122.0,65.9,67.4,66.6,15.2,0.0109,15.5,86.9,0,0,0,
2026-04-04,05:00:00,maceta2,123.0,125.0,66.7,65.6,66.2,6.1,0.0141,14.0,76.7,0,0,0,
2026-04-04,06:00:00,maceta1,125.0,122.0,65.7,67.2,66.5,6339.5,1.1837,18.6,72.3,1,0,0,
2026-04-04,06:00:00,maceta2,124.0,126.0,66.5,65.5,66.0,5877.2,1.1013,16.5,75.7,1,0,0,
2026-04-04,07:00:00,maceta1,126.0,123.0,65.5,67.1,66.3,5819.2,2.2602,15.1,68.2,1,0,0,
2026-04-04,07:00:00,maceta2,124.0,126.0,66.3,65.2,65.8,5991.6,2.2098,17.9,81.9,1,0,0,
2026-04-04,08:00:00,maceta1,126.0,123.0,65.3,66.9,66.1,5988.5,3.3681,16.6,68.5,1,0,0,
2026-04-04,08:00:00,maceta2,124.0,126.0,66.1,65.1,65.6,6373.5,3.3889,19.3,66.2,1,0,0,
2026-04-04,09:00:00,maceta1,126.0,123.0,65.2,66.7,65.9,6297.5,4.5331,21.1,60.8,1,0,0,
2026-04-04,09:00:00,maceta2,125.0,127.0,65.9,64.9,65.4,6487.1,4.589,18.1,70.5,1,0,0,
2026-04-04,10:00:00,maceta1,127.0,124.0,65.0,66.5,65.7,6298.1,5.6983,22.1,66.7,1,0,0,
2026-04-04,10:00:00,maceta2,125.0,127.0,65.7,64.7,65.2,6092.8,5.7162,21.3,59.9,1,0,0,
2026-04-04,11:00:00,maceta1,127.0,124.0,64.8,66.3,65.5,6289.2,6.8618,23.1,62.9,1,0,0,
2026-04-04,11:00:00,maceta2,126.0,127.0,65.5,64.5,65.0,6499.6,6.9186,24.7,52.5,1,0,0,
2026-04-04,12:00:00,maceta1,127.0,124.0,64.6,66.1,65.3,6297.1,8.0268,22.5,58.9,1,0,0,
2026-04-04,12:00:00,maceta2,126.0,128.0,65.3,64.3,64.8,6333.2,8.0902,21.8,60.2,1,0,0,Discrepancia alta entre sensores de humedad
2026-04-04,13:00:00,maceta1,128.0,125.0,64.4,65.9,65.1,6456.9,9.2213,22.4,64.9,1,0,0,Discrepancia alta entre sensores de humedad
2026-04-04,13:00:00,maceta2,126.0,128.0,65.1,64.0,64.6,5879.6,9.178,22.5,52.5,1,0,0,Discrepancia alta entre sensores de humedad
2026-04-04,14:00:00,maceta1,128.0,125.0,64.2,65.7,64.9,6293.3,10.3855,24.1,48.9,1,0,0,Discrepancia alta entre sensores de humedad
2026-04-04,14:00:00,maceta2,127.0,129.0,64.9,63.8,64.4,6395.6,10.3611,24.7,50.9,1,0,0,
2026-04-04,15:00:00,maceta1,128.0,126.0,64.0,65.5,64.7,6468.1,11.5821,24.8,48.3,1,0,0,Discrepancia alta entre sensores de humedad
2026-04-04,15:00:00,maceta2,127.0,129.0,64.7,63.6,64.2,5947.7,11.4615,25.6,61.7,1,0,0,
2026-04-04,16:00:00,maceta1,129.0,126.0,63.8,65.3,64.6,6152.8,12.7204,24.2,63.1,1,0,0,
2026-04-04,16:00:00,maceta2,127.0,129.0,64.5,63.5,64.0,6276.4,12.6226,26.4,56.9,1,0,0,
2026-04-04,17:00:00,maceta1,129.0,126.0,63.6,65.1,64.3,5973.2,13.8254,23.3,62.4,1,0,0,
2026-04-04,17:00:00,maceta2,128.0,130.0,64.3,63.3,63.8,6220.3,13.7733,27.8,57.0,1,0,0,Discrepancia alta entre sensores de humedad
2026-04-04,18:00:00,maceta1,130.0,127.0,63.4,64.9,64.2,8.4,13.827,23.8,57.5,0,0,0,
2026-04-04,18:00:00,maceta2,128.0,130.0,64.2,63.1,63.7,11.4,13.7755,21.6,56.3,0,0,0,Discrepancia alta entre sensores de humedad
2026-04-04,19:00:00,maceta1,130.0,127.0,63.2,64.7,64.0,18.0,13.8303,20.3,58.4,0,0,0,
2026-04-04,19:00:00,maceta2,129.0,131.0,63.8,62.9,63.4,17.4,13.7787,22.6,52.3,0,0,0,
2026-04-04,20:00:00,maceta1,130.0,127.0,63.0,64.5,63.7,19.1,13.8338,20.3,63.7,0,0,0,
2026-04-04,20:00:00,maceta2,129.0,131.0,63.6,62.7,63.1,10.6,13.7806,21.7,62.2,0,0,0,
2026-04-04,21:00:00,maceta1,131.0,128.0,62.8,64.3,63.5,9.5,13.8356,20.1,68.7,0,0,0,Discrepancia alta entre sensores de humedad
2026-04-04,21:00:00,maceta2,129.0,131.0,63.4,62.5,63.0,18.3,13.784,19.3,65.5,0,0,0,
2026-04-04,22:00:00,maceta1,131.0,128.0,62.5,64.0,63.3,4.0,13.8363,16.8,66.8,0,0,0,Discrepancia alta entre sensores de humedad
2026-04-04,22:00:00,maceta2,130.0,132.0,63.3,62.3,62.8,7.6,13.7854,15.8,63.2,0,0,0,
2026-04-04,23:00:00,maceta1,132.0,129.0,62.4,63.8,63.1,1.3,13.8366,16.2,70.4,0,0,0,
2026-04-04,23:00:00,maceta2,130.0,132.0,63.1,62.1,62.6,2.2,13.7858,18.2,73.7,0,0,0,
2026-04-05,00:00:00,maceta1,132.0,129.0,62.2,63.6,62.9,7.3,0.0014,16.0,66.4,0,0,0,
2026-04-05,00:00:00,maceta2,130.0,132.0,62.9,61.9,62.4,0.6,0.0001,13.8,72.5,0,0,0,
2026-04-05,01:00:00,maceta1,132.0,130.0,62.1,63.4,62.7,7.4,0.0027,15.1,74.8,0,0,0,
2026-04-05,01:00:00,maceta2,131.0,133.0,62.7,61.7,62.2,19.6,0.0037,15.5,70.1,0,0,0,
2026-04-05,02:00:00,maceta1,132.0,130.0,61.9,63.2,62.5,1.8,0.0031,13.1,71.7,0,0,0,
2026-04-05,02:00:00,maceta2,131.0,133.0,62.5,61.5,62.0,13.1,0.0062,14.6,75.8,0,0,0,
2026-04-05,03:00:00,maceta1,133.0,130.0,61.7,63.0,62.3,27.4,0.0081,14.3,69.3,0,0,0,
2026-04-05,03:00:00,maceta2,132.0,133.0,62.3,61.4,61.8,23.7,0.0106,12.5,76.7,0,0,0,
2026-04-05,04:00:00,maceta1,133.0,131.0,61.5,62.8,62.1,9.2,0.0098,14.9,70.2,0,0,0,
2026-04-05,04:00:00,maceta2,132.0,134.0,62.1,61.2,61.6,27.7,0.0157,15.2,80.0,0,0,0,
2026-04-05,05:00:00,maceta1,134.0,131.0,61.2,62.6,61.9,9.9,0.0116,16.5,85.3,0,0,0,
2026-04-05,05:00:00,maceta2,132.0,134.0,61.9,60.9,61.4,2.2,0.0161,16.5,69.4,0,0,0,
2026-04-05,06:00:00,maceta1,134.0,131.0,61.0,62.4,61.7,6342.3,1.185,13.6,74.7,1,0,0,
2026-04-05,06:00:00,maceta2,133.0,135.0,61.7,60.7,61.2,6159.7,1.1556,14.3,68.4,1,0,0,
2026-04-05,07:00:00,maceta1,134.0,132.0,60.8,62.2,61.5,5807.4,2.2593,17.5,75.2,1,0,0,
2026-04-05,07:00:00,maceta2,133.0,135.0,61.5,60.5,61.0,6271.5,2.3159,17.5,63.7,1,0,0,
2026-04-05,08:00:00,maceta1,135.0,132.0,60.6,62.0,61.3,6096.6,3.3872,18.7,70.0,1,0,0,
2026-04-05,08:00:00,maceta2,134.0,135.0,61.2,60.3,60.8,6157.6,3.455,23.7,63.2,1,0,0,
2026-04-05,09:00:00,maceta1,135.0,133.0,60.4,61.8,61.1,5949.9,4.4879,20.1,64.0,1,0,0,
2026-04-05,09:00:00,maceta2,134.0,136.0,61.0,60.0,60.5,6186.2,4.5995,20.9,59.8,1,0,0,
2026-04-05,10:00:00,maceta1,136.0,133.0,60.2,61.7,60.9,6485.4,5.6877,21.9,66.5,1,0,0,
2026-04-05,10:00:00,maceta2,134.0,136.0,60.8,59.8,60.3,5851.4,5.682,21.5,58.2,1,0,0,
2026-04-05,11:00:00,maceta1,136.0,133.0,60.0,61.5,60.7,5998.7,6.7975,21.2,62.8,1,0,0,
2026-04-05,11:00:00,maceta2,135.0,137.0,60.6,59.6,60.1,5970.1,6.7864,22.9,58.3,1,0,0,
2026-04-05,12:00:00,maceta1,136.0,133.0,59.8,61.3,60.5,5974.0,7.9027,21.6,57.4,1,0,0,
2026-04-05,12:00:00,maceta2,135.0,137.0,60.4,59.4,59.9,6065.1,7.9085,22.4,58.7,1,0,0,
2026-04-05,13:00:00,maceta1,137.0,134.0,59.5,61.1,60.3,6372.7,9.0816,22.8,52.5,1,0,0,
2026-04-05,13:00:00,maceta2,136.0,138.0,60.2,59.2,59.7,6439.0,9.0997,23.7,57.4,1,0,0,
2026-04-05,14:00:00,maceta1,137.0,134.0,59.3,60.9,60.1,5941.6,10.1808,27.5,63.0,1,0,0,
2026-04-05,14:00:00,maceta2,136.0,138.0,60.0,59.0,59.5,6180.1,10.243,21.2,51.5,1,0,0,
2026-04-05,15:00:00,maceta1,138.0,135.0,59.1,60.7,59.9,6245.8,11.3363,25.2,60.9,1,0,0,
2026-04-05,15:00:00,maceta2,136.0,138.0,59.8,58.8,59.3,6165.3,11.3836,21.8,62.5,1,0,0,
2026-04-05,16:00:00,maceta1,138.0,135.0,58.9,60.5,59.7,6103.9,12.4655,23.3,51.3,1,0,0,
2026-04-05,16:00:00,maceta2,137.0,139.0,59.6,58.6,59.1,5934.4,12.4815,25.7,48.1,1,0,0,
2026-04-05,17:00:00,maceta1,139.0,135.0,58.7,60.3,59.5,6141.8,13.6017,23.6,57.8,1,0,0,
2026-04-05,17:00:00,maceta2,137.0,139.0,59.3,58.4,58.9,6080.9,13.6064,21.9,53.6,1,0,0,
2026-04-05,18:00:00,maceta1,139.0,136.0,58.4,60.1,59.3,27.4,13.6068,21.7,67.3,0,0,0,
2026-04-05,18:00:00,maceta2,138.0,139.0,59.1,58.2,58.6,0.5,13.6065,23.8,58.1,0,0,0,
2026-04-05,19:00:00,maceta1,139.0,136.0,58.3,59.8,59.1,19.3,13.6104,20.6,56.0,0,0,0,
2026-04-05,19:00:00,maceta2,138.0,140.0,58.9,58.0,58.4,2.2,13.6069,22.0,54.3,0,0,0,
2026-04-05,20:00:00,maceta1,140.0,137.0,58.1,59.6,58.8,0.2,13.6104,20.6,67.9,0,0,0,
2026-04-05,20:00:00,maceta2,138.0,140.0,58.7,57.7,58.2,4.5,13.6077,19.5,59.6,0,0,0,
2026-04-05,21:00:00,maceta1,140.0,137.0,57.9,59.4,58.7,12.7,13.6128,22.4,65.2,0,0,0,
2026-04-05,21:00:00,maceta2,139.0,141.0,58.5,57.5,58.0,24.1,13.6122,20.2,69.8,0,0,0,
2026-04-05,22:00:00,maceta1,140.0,138.0,57.8,59.2,58.5,8.5,13.6143,14.9,65.2,0,0,0,
2026-04-05,22:00:00,maceta2,139.0,141.0,58.3,57.3,57.8,18.8,13.6157,18.2,67.4,0,0,0,
2026-04-05,23:00:00,maceta1,141.0,138.0,57.5,59.0,58.3,12.3,13.6166,15.7,69.9,0,0,0,
2026-04-05,23:00:00,maceta2,140.0,142.0,58.0,57.1,57.6,7.0,13.617,18.0,73.4,0,0,0,
2026-04-06,00:00:00,maceta1,141.0,138.0,57.3,58.8,58.0,15.4,0.0029,14.3,75.0,0,0,0,
2026-04-06,00:00:00,maceta2,140.0,142.0,57.8,56.8,57.3,23.9,0.0044,15.4,71.0,0,0,0,
2026-04-06,01:00:00,maceta1,142.0,139.0,57.0,58.6,57.8,25.0,0.0075,15.5,74.0,0,0,0,
2026-04-06,01:00:00,maceta2,141.0,142.0,57.6,56.6,57.1,25.4,0.0091,16.0,71.8,0,0,0,
2026-04-06,02:00:00,maceta1,142.0,139.0,56.9,58.4,57.6,10.2,0.0094,12.4,67.3,0,0,0,
2026-04-06,02:00:00,maceta2,141.0,143.0,57.4,56.4,56.9,23.8,0.0135,13.7,75.9,0,0,0,
2026-04-06,03:00:00,maceta1,142.0,139.0,56.7,58.2,57.5,6.4,0.0105,13.3,84.5,0,0,0,
2026-04-06,03:00:00,maceta2,141.0,143.0,57.2,56.2,56.7,22.2,0.0176,13.1,70.6,0,0,0,
2026-04-06,04:00:00,maceta1,143.0,140.0,56.5,58.0,57.3,28.5,0.0158,16.9,70.8,0,0,0,
2026-04-06,04:00:00,maceta2,142.0,144.0,57.0,56.0,56.5,0.4,0.0177,14.8,70.3,0,0,0,
2026-04-06,05:00:00,maceta1,143.0,140.0,56.3,57.8,57.1,13.2,0.0182,12.8,77.3,0,0,0,
2026-04-06,05:00:00,maceta2,142.0,144.0,56.8,55.8,56.3,19.4,0.0213,16.1,75.9,0,0,0,
2026-04-06,06:00:00,maceta1,143.0,141.0,56.1,57.6,56.9,5930.8,1.1154,18.7,71.3,1,0,0,
2026-04-06,06:00:00,maceta2,142.0,144.0,56.6,55.6,56.1,6233.8,1.1745,17.1,67.5,1,0,0,
2026-04-06,07:00:00,maceta1,144.0,141.0,55.9,57.4,56.7,6442.2,2.3072,14.3,70.5,1,0,0,
2026-04-06,07:00:00,maceta2,143.0,145.0,56.4,55.4,55.9,6124.6,2.3076,15.8,62.2,1,0,0,
2026-04-06,08:00:00,maceta1,144.0,141.0,55.7,57.2,56.5,5872.5,3.3936,19.7,68.3,1,0,0,
2026-04-06,08:00:00,maceta2,143.0,145.0,56.2,55.2,55.7,6120.5,3.4399,16.7,71.9,1,0,0,
2026-04-06,09:00:00,maceta1,144.0,142.0,55.6,57.0,56.3,6063.1,4.5153,19.7,58.7,1,0,0,
2026-04-06,09:00:00,maceta2,144.0,145.0,56.0,55.0,55.5,6204.4,4.5877,20.2,57.3,1,0,0,
2026-04-06,10:00:00,maceta1,145.0,142.0,55.3,56.8,56.0,6107.1,5.6451,19.0,70.3,1,0,0,
2026-04-06,10:00:00,maceta2,128.0,146.0,64.2,54.8,59.5,5812.1,5.6629,20.3,59.4,1,0,0,Discrepancia alta entre sensores de humedad
2026-04-06,11:00:00,maceta1,145.0,142.0,55.1,56.6,55.9,6495.8,6.8468,16.7,65.7,1,0,0,
2026-04-06,11:00:00,maceta2,144.0,146.0,55.6,54.7,55.1,6180.5,6.8063,20.0,59.2,1,0,0,
2026-04-06,12:00:00,maceta1,146.0,143.0,54.9,56.4,55.7,6131.5,7.9812,22.2,57.1,1,0,0,
2026-04-06,12:00:00,maceta2,145.0,147.0,55.4,54.4,54.9,6468.2,8.0029,20.7,60.1,1,0,0,
2026-04-06,13:00:00,maceta1,146.0,143.0,54.7,56.3,55.5,5909.1,9.0744,25.8,51.9,1,0,0,
2026-04-06,13:00:00,maceta2,145.0,147.0,55.2,54.3,54.7,5932.5,9.1005,21.2,57.0,1,0,0,
2026-04-06,14:00:00,maceta1,146.0,143.0,54.5,56.1,55.3,6365.6,10.252,23.2,53.4,1,0,0,
2026-04-06,14:00:00,maceta2,145.0,147.0,55.0,54.0,54.5,5982.6,10.2072,24.1,48.7,1,0,0,
2026-04-06,15:00:00,maceta1,147.0,144.0,54.3,55.9,55.1,6359.5,11.4285,26.2,56.7,1,0,0,
2026-04-06,15:00:00,maceta2,146.0,148.0,54.8,53.9,54.4,5990.1,11.3154,21.9,53.7,1,0,0,
2026-04-06,16:00:00,maceta1,147.0,144.0,54.1,55.7,54.9,5823.2,12.5058,25.6,54.6,1,0,0,
2026-04-06,16:00:00,maceta2,128.0,128.0,64.2,64.2,64.2,6161.9,12.4553,23.9,49.3,1,0,0,Discrepancia alta entre sensores de humedad
2026-04-06,17:00:00,maceta1,147.0,145.0,54.0,55.5,54.7,5937.7,13.6043,21.9,64.3,1,0,0,
2026-04-06,17:00:00,maceta2,147.0,148.0,54.4,53.5,54.0,6330.5,13.6265,24.1,60.7,1,0,0,
2026-04-06,18:00:00,maceta1,148.0,145.0,53.8,55.3,54.5,29.9,13.6098,22.9,62.7,0,0,0,
2026-04-06,18:00:00,maceta2,147.0,149.0,54.2,53.4,53.8,1.0,13.6267,21.7,56.4,0,0,0,
2026-04-06,19:00:00,maceta1,148.0,145.0,53.6,55.1,54.3,2.0,13.6102,21.7,51.4,0,0,0,
2026-04-06,19:00:00,maceta2,147.0,149.0,54.0,53.1,53.5,2.3,13.6271,21.0,69.8,0,0,0,
2026-04-06,20:00:00,maceta1,149.0,146.0,53.3,54.9,54.1,22.3,13.6143,20.5,62.1,0,0,0,
2026-04-06,20:00:00,maceta2,148.0,150.0,53.8,52.9,53.3,4.1,13.6279,21.3,58.7,0,0,0,
2026-04-06,21:00:00,maceta1,149.0,146.0,53.1,54.7,53.9,18.7,13.6177,21.4,67.1,0,0,0,
2026-04-06,21:00:00,maceta2,148.0,150.0,53.6,52.7,53.2,9.7,13.6297,17.2,70.8,0,0,0,
2026-04-06,22:00:00,maceta1,149.0,146.0,52.9,54.5,53.7,13.7,13.6203,21.0,67.5,0,0,0,
2026-04-06,22:00:00,maceta2,149.0,150.0,53.4,52.5,53.0,6.5,13.6309,14.8,74.0,0,0,0,
2026-04-06,23:00:00,maceta1,150.0,147.0,52.7,54.3,53.5,26.0,13.6251,16.3,75.4,0,0,0,
2026-04-06,23:00:00,maceta2,149.0,151.0,53.2,52.3,52.7,17.6,13.6341,17.4,64.6,0,0,0,
2026-04-07,00:00:00,maceta1,150.0,147.0,52.5,54.1,53.3,28.3,0.0052,15.8,68.7,0,0,0,
2026-04-07,00:00:00,maceta2,149.0,151.0,53.0,52.1,52.5,17.2,0.0032,14.4,76.9,0,0,0,
2026-04-07,01:00:00,maceta1,151.0,148.0,52.3,53.9,53.1,3.7,0.0059,14.3,60.1,0,0,0,
2026-04-07,01:00:00,maceta2,150.0,151.0,52.8,51.9,52.4,5.1,0.0041,13.8,72.9,0,0,0,
2026-04-07,02:00:00,maceta1,151.0,148.0,52.1,53.7,52.9,29.7,0.0114,13.2,67.5,0,0,0,
2026-04-07,02:00:00,maceta2,150.0,152.0,52.6,51.7,52.2,21.8,0.0082,15.3,72.3,0,0,0,
2026-04-07,03:00:00,maceta1,151.0,148.0,51.9,53.5,52.7,1.5,0.0117,14.4,73.5,0,0,0,
2026-04-07,03:00:00,maceta2,150.0,152.0,52.4,51.5,52.0,21.1,0.0121,12.9,73.2,0,0,0,
2026-04-07,04:00:00,maceta1,152.0,149.0,51.8,53.3,52.5,12.4,0.014,15.4,71.9,0,0,0,
2026-04-07,04:00:00,maceta2,151.0,152.0,52.2,51.4,51.8,9.2,0.0138,14.5,69.2,0,0,0,
2026-04-07,05:00:00,maceta1,152.0,149.0,51.5,53.2,52.3,4.6,0.0148,15.8,85.1,0,0,0,
2026-04-07,05:00:00,maceta2,151.0,153.0,52.0,51.1,51.6,25.2,0.0184,15.5,83.0,0,0,0,
2026-04-07,06:00:00,maceta1,152.0,149.0,51.4,52.9,52.1,6049.3,1.134,14.1,66.3,1,0,0,
2026-04-07,06:00:00,maceta2,152.0,153.0,51.8,50.9,51.4,6474.6,1.2162,14.5,80.0,1,0,0,
2026-04-07,07:00:00,maceta1,153.0,150.0,51.1,52.7,51.9,6455.3,2.3282,17.5,68.0,1,0,0,
2026-04-07,07:00:00,maceta2,152.0,154.0,51.6,50.7,51.1,6393.6,2.3991,17.3,70.6,1,0,0,
2026-04-07,08:00:00,maceta1,153.0,150.0,50.9,52.5,51.7,6444.2,3.5204,17.6,67.3,1,0,0,
2026-04-07,08:00:00,maceta2,152.0,154.0,51.4,50.5,50.9,6114.4,3.5302,17.8,64.3,1,0,0,
2026-04-07,09:00:00,maceta1,154.0,151.0,50.7,52.3,51.5,6175.5,4.6628,20.8,69.9,1,0,0,
2026-04-07,09:00:00,maceta2,153.0,154.0,51.2,50.3,50.7,6319.5,4.6993,18.0,65.6,1,0,0,
2026-04-07,10:00:00,maceta1,154.0,151.0,50.5,52.1,51.3,6287.3,5.826,21.0,60.0,1,0,0,
2026-04-07,10:00:00,maceta2,153.0,155.0,50.9,50.0,50.5,6423.5,5.8877,19.9,55.9,1,0,0,
2026-04-07,11:00:00,maceta1,128.0,151.0,64.2,51.9,58.0,6301.4,6.9917,21.1,55.5,1,0,0,Discrepancia alta entre sensores de humedad
2026-04-07,11:00:00,maceta2,154.0,155.0,50.8,49.9,50.3,6498.5,7.0899,23.1,51.8,1,0,1,
2026-04-07,12:00:00,maceta1,155.0,152.0,50.1,51.7,50.9,6044.0,8.1099,23.7,58.0,1,0,0,
2026-04-07,12:00:00,maceta2,90.0,94.0,84.1,82.3,83.2,6383.1,8.2708,23.7,51.9,1,0,0,
2026-04-07,13:00:00,maceta1,155.0,152.0,50.0,51.5,50.7,6288.3,9.2732,25.2,55.0,1,0,1,
2026-04-07,13:00:00,maceta2,91.0,94.0,83.9,82.1,83.0,6284.0,9.4333,23.3,63.2,1,0,0,
2026-04-07,14:00:00,maceta1,87.0,87.0,85.7,85.9,85.8,6028.1,10.3884,24.8,61.3,1,0,0,
2026-04-07,14:00:00,maceta2,91.0,94.0,83.7,81.9,82.8,6349.9,10.608,23.3,55.2,1,0,0,
2026-04-07,15:00:00,maceta1,88.0,87.0,85.5,85.7,85.6,6430.3,11.578,24.4,54.6,1,0,0,
2026-04-07,15:00:00,maceta2,91.0,95.0,83.4,81.7,82.6,5953.0,11.7093,23.7,64.4,1,0,0,
2026-04-07,16:00:00,maceta1,88.0,88.0,85.2,85.5,85.3,6237.8,12.732,23.9,57.9,1,0,0,
2026-04-07,16:00:00,maceta2,92.0,95.0,83.2,81.5,82.4,6074.5,12.8331,24.6,53.7,1,0,0,
2026-04-07,17:00:00,maceta1,89.0,88.0,85.0,85.2,85.1,6492.7,13.9332,22.0,49.2,1,0,0,
2026-04-07,17:00:00,maceta2,92.0,95.0,83.0,81.4,82.2,6135.2,13.9681,26.4,58.3,1,0,0,
2026-04-07,18:00:00,maceta1,89.0,88.0,84.7,85.1,84.9,21.0,13.937,20.9,62.1,0,0,0,
2026-04-07,18:00:00,maceta2,93.0,96.0,82.8,81.2,82.0,21.7,13.9721,20.6,54.8,0,0,0,
2026-04-07,19:00:00,maceta1,89.0,89.0,84.5,84.8,84.6,5.2,13.938,23.1,61.5,0,0,0,
2026-04-07,19:00:00,maceta2,93.0,128.0,82.6,64.2,73.4,0.8,13.9723,22.6,58.2,0,0,0,Discrepancia alta entre sensores de humedad
2026-04-07,20:00:00,maceta1,90.0,89.0,84.2,84.6,84.4,12.2,13.9403,21.1,61.5,0,0,0,
2026-04-07,20:00:00,maceta2,93.0,97.0,82.4,80.8,81.6,17.5,13.9755,21.1,50.0,0,0,0,
2026-04-07,21:00:00,maceta1,90.0,90.0,84.1,84.4,84.2,21.2,13.9442,18.9,63.9,0,0,0,
2026-04-07,21:00:00,maceta2,94.0,97.0,82.2,80.6,81.4,24.3,13.98,17.6,69.8,0,0,0,
2026-04-07,22:00:00,maceta1,91.0,90.0,83.9,84.2,84.0,18.3,13.9476,17.7,64.4,0,0,0,
2026-04-07,22:00:00,maceta2,94.0,97.0,82.0,80.4,81.2,3.3,13.9806,16.6,67.9,0,0,0,
2026-04-07,23:00:00,maceta1,91.0,90.0,83.7,84.0,83.8,20.5,13.9514,17.9,66.2,0,0,0,
2026-04-07,23:00:00,maceta2,95.0,98.0,81.8,80.2,81.0,29.5,13.9861,16.2,71.8,0,0,0,
2026-04-08,00:00:00,maceta1,91.0,91.0,83.5,83.8,83.6,27.2,0.005,14.0,71.0,0,0,0,
2026-04-08,00:00:00,maceta2,95.0,98.0,81.5,80.0,80.8,26.2,0.0048,14.7,67.4,0,0,0,
2026-04-08,01:00:00,maceta1,92.0,91.0,83.2,83.6,83.4,9.1,0.0067,15.0,80.3,0,0,0,
2026-04-08,01:00:00,maceta2,95.0,98.0,81.3,79.8,80.6,22.5,0.009,13.6,78.3,0,0,0,
2026-04-08,02:00:00,maceta1,92.0,92.0,83.0,83.4,83.2,25.5,0.0114,12.7,71.6,0,0,0,
2026-04-08,02:00:00,maceta2,96.0,99.0,81.1,79.6,80.4,20.3,0.0128,14.3,77.1,0,0,0,
2026-04-08,03:00:00,maceta1,93.0,92.0,82.8,83.2,83.0,7.5,0.0128,14.1,77.7,0,0,0,
2026-04-08,03:00:00,maceta2,96.0,99.0,81.0,79.4,80.2,28.6,0.0181,13.0,78.2,0,0,0,
2026-04-08,04:00:00,maceta1,93.0,92.0,82.6,82.9,82.8,13.5,0.0153,13.2,66.2,0,0,0,
2026-04-08,04:00:00,maceta2,97.0,99.0,80.8,79.2,80.0,3.9,0.0188,14.3,79.7,0,0,0,
2026-04-08,05:00:00,maceta1,93.0,93.0,82.4,82.7,82.6,3.3,0.0159,12.2,70.8,0,0,0,
2026-04-08,05:00:00,maceta2,97.0,100.0,80.6,79.1,79.8,19.4,0.0224,12.3,71.9,0,0,0,
2026-04-08,06:00:00,maceta1,94.0,93.0,82.2,82.5,82.4,6251.0,1.1724,14.1,85.3,1,0,0,
2026-04-08,06:00:00,maceta2,97.0,100.0,80.4,78.9,79.6,5918.0,1.1172,14.9,73.6,1,0,0,
2026-04-08,07:00:00,maceta1,94.0,94.0,82.0,82.4,82.2,6483.4,2.3718,16.7,68.1,1,0,0,
2026-04-08,07:00:00,maceta2,98.0,101.0,80.2,78.7,79.5,6141.7,2.2534,18.5,59.0,1,0,0,
2026-04-08,08:00:00,maceta1,95.0,94.0,81.8,82.2,82.0,5840.3,3.4523,18.7,74.5,1,0,0,
2026-04-08,08:00:00,maceta2,98.0,101.0,80.0,78.4,79.2,6456.1,3.4478,17.2,60.9,1,0,0,
2026-04-08,09:00:00,maceta1,95.0,128.0,81.6,64.2,72.9,6210.4,4.6012,18.7,60.0,1,0,0,Discrepancia alta entre sensores de humedad
2026-04-08,09:00:00,maceta2,98.0,101.0,79.9,78.3,79.1,6289.4,4.6114,17.2,63.3,1,0,0,
2026-04-08,10:00:00,maceta1,95.0,95.0,81.3,81.7,81.5,6167.6,5.7422,20.0,69.5,1,0,0,
2026-04-08,10:00:00,maceta2,99.0,102.0,79.7,78.1,78.9,6384.3,5.7925,19.6,66.3,1,0,0,
2026-04-08,11:00:00,maceta1,96.0,128.0,81.1,64.2,72.7,5823.2,6.8195,21.7,59.2,1,0,0,Discrepancia alta entre sensores de humedad
2026-04-08,11:00:00,maceta2,99.0,102.0,79.5,77.9,78.7,5987.9,6.9002,20.0,61.5,1,0,0,
2026-04-08,12:00:00,maceta1,96.0,95.0,80.9,81.4,81.1,6128.8,7.9533,23.1,54.9,1,0,0,
2026-04-08,12:00:00,maceta2,99.0,102.0,79.3,77.7,78.5,5853.6,7.9831,24.6,58.6,1,0,0,
2026-04-08,13:00:00,maceta1,97.0,96.0,80.7,81.2,81.0,6294.1,9.1177,22.9,56.7,1,0,0,
2026-04-08,13:00:00,maceta2,100.0,103.0,79.0,77.5,78.3,6075.6,9.1071,23.7,61.2,1,0,0,
2026-04-08,14:00:00,maceta1,97.0,96.0,80.5,80.9,80.7,5990.9,10.226,24.6,60.2,1,0,0,
2026-04-08,14:00:00,maceta2,100.0,103.0,78.9,77.3,78.1,5802.4,10.1805,23.0,57.8,1,0,0,
2026-04-08,15:00:00,maceta1,97.0,97.0,80.3,80.7,80.5,6303.9,11.3922,24.1,53.2,1,0,0,
2026-04-08,15:00:00,maceta2,100.0,104.0,78.7,77.1,77.9,6383.7,11.3615,23.8,58.7,1,0,0,
2026-04-08,16:00:00,maceta1,98.0,97.0,80.1,80.5,80.3,6076.5,12.5164,23.7,54.9,1,0,0,
2026-04-08,16:00:00,maceta2,101.0,104.0,78.5,76.9,77.7,6195.0,12.5076,22.4,49.9,1,0,0,
2026-04-08,17:00:00,maceta1,98.0,97.0,79.9,80.3,80.1,5959.4,13.6189,23.1,54.3,1,0,0,
2026-04-08,17:00:00,maceta2,101.0,104.0,78.3,76.7,77.5,6235.5,13.6612,23.8,56.8,1,0,0,
2026-04-08,18:00:00,maceta1,99.0,98.0,79.7,80.1,79.9,7.4,13.6203,24.5,62.5,0,0,0,
2026-04-08,18:00:00,maceta2,101.0,105.0,78.2,76.5,77.3,2.8,13.6617,23.7,57.0,0,0,0,
2026-04-08,19:00:00,maceta1,99.0,98.0,79.5,79.9,79.7,10.8,13.6223,24.5,54.0,0,0,0,
2026-04-08,19:00:00,maceta2,102.0,105.0,78.0,76.3,77.1,8.2,13.6632,20.1,60.3,0,0,0,
2026-04-08,20:00:00,maceta1,99.0,99.0,79.3,79.7,79.5,15.3,13.6251,21.3,63.0,0,0,0,
2026-04-08,20:00:00,maceta2,102.0,105.0,77.8,76.1,76.9,29.4,13.6686,20.3,63.3,0,0,0,
2026-04-08,21:00:00,maceta1,100.0,99.0,79.1,79.5,79.3,3.7,13.6258,22.0,69.6,0,0,0,
2026-04-08,21:00:00,maceta2,103.0,106.0,77.6,75.8,76.7,11.2,13.6707,17.5,70.1,0,0,0,
2026-04-08,22:00:00,maceta1,100.0,99.0,78.9,79.3,79.1,28.0,13.6309,16.2,64.6,0,0,0,
2026-04-08,22:00:00,maceta2,103.0,106.0,77.5,75.6,76.5,26.3,13.6756,16.6,64.5,0,0,0,
2026-04-08,23:00:00,maceta1,100.0,100.0,78.7,79.0,78.9,11.8,13.6331,13.1,64.8,0,0,0,
2026-04-08,23:00:00,maceta2,128.0,107.0,64.2,75.4,69.8,21.0,13.6794,15.5,73.5,0,0,0,Discrepancia alta entre sensores de humedad
2026-04-09,00:00:00,maceta1,101.0,100.0,78.5,78.8,78.7,2.6,0.0005,13.9,79.3,0,0,0,
2026-04-09,00:00:00,maceta2,104.0,107.0,77.1,75.2,76.1,21.4,0.004,15.3,70.5,0,0,0,
2026-04-09,01:00:00,maceta1,101.0,101.0,78.2,78.7,78.4,29.2,0.0059,14.8,72.5,0,0,0,
2026-04-09,01:00:00,maceta2,104.0,108.0,76.9,75.0,75.9,16.1,0.0069,17.1,81.0,0,0,0,
2026-04-09,02:00:00,maceta1,102.0,101.0,78.1,78.4,78.2,15.0,0.0087,15.2,77.2,0,0,0,
2026-04-09,02:00:00,maceta2,104.0,108.0,76.7,74.8,75.7,5.6,0.008,12.9,76.8,0,0,0,
2026-04-09,03:00:00,maceta1,102.0,101.0,77.8,78.2,78.0,19.0,0.0122,12.2,69.0,0,0,0,
2026-04-09,03:00:00,maceta2,105.0,108.0,76.6,74.6,75.6,17.7,0.0113,14.3,78.4,0,0,0,
2026-04-09,04:00:00,maceta1,102.0,102.0,77.7,78.0,77.8,19.6,0.0158,11.8,70.0,0,0,0,
2026-04-09,04:00:00,maceta2,105.0,109.0,76.3,74.3,75.3,0.8,0.0114,16.5,69.0,0,0,0,
2026-04-09,05:00:00,maceta1,103.0,102.0,77.5,77.8,77.6,16.5,0.0188,16.0,71.9,0,0,0,
2026-04-09,05:00:00,maceta2,105.0,109.0,76.2,74.1,75.1,17.8,0.0147,13.6,70.7,0,0,0,
2026-04-09,06:00:00,maceta1,103.0,103.0,77.3,77.5,77.4,5828.4,1.0971,12.5,71.0,1,0,0,
2026-04-09,06:00:00,maceta2,106.0,110.0,76.0,73.9,74.9,6259.3,1.1727,17.1,64.9,1,0,0,
2026-04-09,07:00:00,maceta1,103.0,103.0,77.1,77.3,77.2,6389.4,2.2791,15.9,74.8,1,0,0,
2026-04-09,07:00:00,maceta2,106.0,110.0,75.8,73.7,74.7,6304.2,2.339,17.9,75.6,1,0,0,
2026-04-09,08:00:00,maceta1,104.0,103.0,77.0,77.1,77.0,6381.0,3.4596,14.9,57.9,1,0,0,
2026-04-09,08:00:00,maceta2,107.0,110.0,75.5,73.5,74.5,5940.4,3.4379,16.4,72.5,1,0,0,
2026-04-09,09:00:00,maceta1,104.0,104.0,76.7,76.9,76.8,6422.2,4.6477,18.6,60.9,1,0,0,
2026-04-09,09:00:00,maceta2,107.0,111.0,75.3,73.3,74.3,6025.5,4.5526,18.7,69.3,1,0,0,
2026-04-09,10:00:00,maceta1,105.0,104.0,76.5,76.8,76.6,5809.4,5.7225,19.2,62.1,1,0,0,
2026-04-09,10:00:00,maceta2,107.0,111.0,75.2,73.1,74.1,6390.4,5.7349,20.8,62.6,1,0,0,
2026-04-09,11:00:00,maceta1,105.0,104.0,76.3,76.6,76.4,6459.3,6.9174,19.5,59.1,1,0,0,
2026-04-09,11:00:00,maceta2,107.0,112.0,75.0,72.8,73.9,6258.9,6.8928,20.9,66.1,1,0,0,
2026-04-09,12:00:00,maceta1,105.0,105.0,76.1,76.4,76.2,5962.0,8.0204,22.3,51.7,1,0,0,
2026-04-09,12:00:00,maceta2,108.0,112.0,74.8,72.6,73.7,5976.2,7.9984,22.9,61.0,1,0,0,
2026-04-09,13:00:00,maceta1,106.0,105.0,75.9,76.2,76.1,6126.6,9.1538,24.0,61.8,1,0,0,
2026-04-09,13:00:00,maceta2,108.0,112.0,74.6,72.4,73.5,6428.5,9.1876,21.2,59.9,1,0,0,
2026-04-09,14:00:00,maceta1,106.0,106.0,75.7,76.0,75.8,5904.7,10.2462,21.1,67.0,1,0,0,
2026-04-09,14:00:00,maceta2,109.0,113.0,74.4,72.2,73.3,6378.2,10.3676,25.3,52.7,1,0,0,
2026-04-09,15:00:00,maceta1,107.0,106.0,75.5,75.8,75.7,6003.9,11.3569,24.1,59.8,1,0,0,
2026-04-09,15:00:00,maceta2,109.0,113.0,74.2,72.0,73.1,6366.0,11.5453,22.5,54.5,1,0,0,
2026-04-09,16:00:00,maceta1,107.0,106.0,75.3,75.6,75.5,6444.2,12.5491,25.7,61.5,1,0,0,
2026-04-09,16:00:00,maceta2,109.0,114.0,74.0,71.8,72.9,6099.2,12.6737,23.6,55.3,1,0,0,
2026-04-09,17:00:00,maceta1,107.0,107.0,75.1,75.4,75.2,6055.5,13.6694,24.7,54.4,1,0,0,
2026-04-09,17:00:00,maceta2,110.0,114.0,73.8,71.6,72.7,6361.6,13.8505,23.0,62.9,1,0,0,
2026-04-09,18:00:00,maceta1,108.0,107.0,74.9,75.3,75.1,24.6,13.6739,25.2,55.5,0,0,0,
2026-04-09,18:00:00,maceta2,110.0,114.0,73.6,71.4,72.5,23.9,13.855,24.8,50.9,0,0,0,
2026-04-09,19:00:00,maceta1,108.0,107.0,74.7,75.0,74.9,3.0,13.6745,20.7,57.4,0,0,0,
2026-04-09,19:00:00,maceta2,110.0,115.0,73.4,71.2,72.3,24.0,13.8594,22.5,63.1,0,0,0,
2026-04-09,20:00:00,maceta1,108.0,108.0,74.6,74.8,74.7,3.6,13.6751,20.9,69.4,0,0,0,
2026-04-09,20:00:00,maceta2,111.0,115.0,73.3,71.0,72.1,3.7,13.8601,21.9,63.0,0,0,0,
2026-04-09,21:00:00,maceta1,109.0,108.0,74.3,74.6,74.5,28.4,13.6804,17.1,71.6,0,0,0,
2026-04-09,21:00:00,maceta2,111.0,115.0,73.0,70.9,71.9,24.6,13.8647,19.6,58.2,0,0,0,
2026-04-09,22:00:00,maceta1,109.0,109.0,74.1,74.4,74.3,16.6,13.6835,18.9,65.4,0,0,0,
2026-04-09,22:00:00,maceta2,112.0,116.0,72.8,70.6,71.7,26.2,13.8695,14.7,66.1,0,0,0,
2026-04-09,23:00:00,maceta1,109.0,109.0,74.0,74.2,74.1,29.7,13.689,14.3,69.4,0,0,0,
2026-04-09,23:00:00,maceta2,112.0,116.0,72.7,70.4,71.5,18.3,13.8729,13.0,70.4,0,0,0,
2026-04-10,00:00:00,maceta1,110.0,109.0,73.8,74.0,73.9,18.4,0.0034,14.5,75.5,0,0,0,
2026-04-10,00:00:00,maceta2,112.0,117.0,72.5,70.2,71.3,22.6,0.0042,16.0,69.8,0,0,0,
2026-04-10,01:00:00,maceta1,128.0,110.0,64.2,73.9,69.0,7.0,0.0047,16.4,74.4,0,0,0,Discrepancia alta entre sensores de humedad
2026-04-10,01:00:00,maceta2,113.0,117.0,72.3,70.0,71.1,5.0,0.0051,14.2,73.4,0,0,0,
2026-04-10,02:00:00,maceta1,111.0,110.0,73.4,73.7,73.6,22.8,0.0089,16.0,70.0,0,0,0,
2026-04-10,02:00:00,maceta2,113.0,117.0,72.1,69.8,70.9,10.3,0.007,11.5,74.1,0,0,0,
2026-04-10,03:00:00,maceta1,111.0,110.0,73.2,73.5,73.3,4.1,0.0097,10.9,74.3,0,0,0,
2026-04-10,03:00:00,maceta2,113.0,118.0,71.9,69.6,70.7,9.4,0.0088,13.4,74.2,0,0,0,
2026-04-10,04:00:00,maceta1,111.0,111.0,73.0,73.3,73.1,10.8,0.0116,14.2,74.8,0,0,0,
2026-04-10,04:00:00,maceta2,114.0,118.0,71.7,69.4,70.5,29.0,0.0141,13.6,75.0,0,0,0,
2026-04-10,05:00:00,maceta1,112.0,111.0,72.9,73.1,73.0,20.9,0.0155,11.0,71.5,0,0,0,
2026-04-10,05:00:00,maceta2,114.0,119.0,71.4,69.2,70.3,15.9,0.0171,14.0,80.0,0,0,0,
2026-04-10,06:00:00,maceta1,112.0,111.0,72.7,72.9,72.8,5951.1,1.1165,12.9,66.2,1,0,0,
2026-04-10,06:00:00,maceta2,115.0,119.0,71.2,69.0,70.1,6296.6,1.1819,15.9,68.5,1,0,0,
2026-04-10,07:00:00,maceta1,112.0,112.0,72.4,72.7,72.6,6454.5,2.3106,16.5,83.9,1,0,0,
2026-04-10,07:00:00,maceta2,115.0,119.0,71.0,68.9,69.9,6195.6,2.3281,14.5,64.8,1,0,0,
2026-04-10,08:00:00,maceta1,113.0,112.0,72.2,72.5,72.4,6228.0,3.4627,16.4,60.8,1,0,0,
2026-04-10,08:00:00,maceta2,116.0,119.0,70.8,68.7,69.8,5848.3,3.4101,15.6,71.3,1,0,0,
2026-04-10,09:00:00,maceta1,113.0,113.0,72.1,72.3,72.2,6405.1,4.6477,18.3,54.6,1,0,0,
2026-04-10,09:00:00,maceta2,116.0,120.0,70.5,68.6,69.6,5999.8,4.52,19.9,63.8,1,0,0,
2026-04-10,10:00:00,maceta1,113.0,113.0,71.9,72.1,72.0,6230.5,5.8003,18.3,73.1,1,0,0,
2026-04-10,10:00:00,maceta2,128.0,120.0,64.2,68.4,66.3,6485.4,5.7198,20.5,54.7,1,0,0,Discrepancia alta entre sensores de humedad
2026-04-10,11:00:00,maceta1,114.0,113.0,71.8,71.8,71.8,6216.9,6.9505,20.1,50.1,1,0,0,
2026-04-10,11:00:00,maceta2,117.0,120.0,70.2,68.2,69.2,6307.3,6.8867,19.7,52.5,1,0,0,
2026-04-10,12:00:00,maceta1,114.0,114.0,71.5,71.7,71.6,6111.7,8.0811,21.8,62.4,1,0,0,
2026-04-10,12:00:00,maceta2,117.0,121.0,70.0,67.9,69.0,5842.3,7.9675,20.4,63.6,1,0,0,
2026-04-10,13:00:00,maceta1,114.0,114.0,71.3,71.5,71.4,6358.3,9.2574,21.9,53.8,1,0,0,
2026-04-10,13:00:00,maceta2,117.0,128.0,69.8,64.2,67.0,5824.5,9.045,21.0,59.8,1,0,0,Discrepancia alta entre sensores de humedad
2026-04-10,14:00:00,maceta1,115.0,115.0,71.2,71.2,71.2,6290.5,10.4212,26.2,62.3,1,0,0,
2026-04-10,14:00:00,maceta2,118.0,122.0,69.6,67.6,68.6,5816.0,10.121,23.3,64.3,1,0,0,
2026-04-10,15:00:00,maceta1,115.0,115.0,71.0,71.1,71.0,6403.6,11.6058,22.4,53.8,1,0,0,
2026-04-10,15:00:00,maceta2,118.0,122.0,69.5,67.3,68.4,5910.3,11.2144,23.8,43.5,1,0,0,
2026-04-10,16:00:00,maceta1,115.0,115.0,70.9,70.8,70.8,6160.0,12.7454,23.1,51.2,1,0,0,
2026-04-10,16:00:00,maceta2,118.0,123.0,69.3,67.1,68.2,6218.0,12.3647,22.9,53.2,1,0,0,
2026-04-10,17:00:00,maceta1,116.0,116.0,70.7,70.7,70.7,6120.3,13.8777,23.7,55.0,1,0,0,
2026-04-10,17:00:00,maceta2,119.0,123.0,69.1,66.9,68.0,6038.5,13.4819,23.9,55.4,1,0,0,
2026-04-10,18:00:00,maceta1,116.0,116.0,70.5,70.5,70.5,5.8,13.8787,21.2,63.5,0,0,0,
2026-04-10,18:00:00,maceta2,119.0,123.0,68.9,66.7,67.8,20.4,13.4856,21.1,64.3,0,0,0,
2026-04-10,19:00:00,maceta1,116.0,116.0,70.3,70.3,70.3,28.1,13.8839,20.5,59.1,0,0,0,
2026-04-10,19:00:00,maceta2,119.0,124.0,68.7,66.5,67.6,6.4,13.4868,17.5,65.5,0,0,0,
2026-04-10,20:00:00,maceta1,117.0,117.0,70.1,70.1,70.1,7.7,13.8854,17.5,64.2,0,0,0,
2026-04-10,20:00:00,maceta2,120.0,124.0,68.5,66.3,67.4,4.5,13.4877,21.8,62.7,0,0,0,
2026-04-10,21:00:00,maceta1,117.0,117.0,69.9,69.9,69.9,22.1,13.8895,20.9,69.5,0,0,0,
2026-04-10,21:00:00,maceta2,120.0,124.0,68.3,66.1,67.2,12.2,13.4899,18.1,65.4,0,0,0,
2026-04-10,22:00:00,maceta1,128.0,118.0,64.2,69.7,67.0,1.9,13.8898,18.0,77.9,0,0,0,Discrepancia alta entre sensores de humedad
2026-04-10,22:00:00,maceta2,120.0,125.0,68.2,65.9,67.0,26.2,13.4948,17.6,60.4,0,0,0,
2026-04-10,23:00:00,maceta1,118.0,118.0,69.5,69.6,69.5,16.7,13.8929,20.6,67.4,0,0,0,
2026-04-10,23:00:00,maceta2,121.0,125.0,67.9,65.6,66.8,9.9,13.4966,17.6,69.4,0,0,0,
2026-04-11,00:00:00,maceta1,118.0,118.0,69.3,69.3,69.3,10.3,0.0019,14.6,74.3,0,0,0,
2026-04-11,00:00:00,maceta2,121.0,126.0,67.7,65.4,66.6,8.7,0.0016,13.3,78.4,0,0,0,
2026-04-11,01:00:00,maceta1,119.0,119.0,69.1,69.2,69.1,13.7,0.0044,11.5,73.5,0,0,0,
2026-04-11,01:00:00,maceta2,122.0,126.0,67.6,65.2,66.4,10.1,0.0035,14.3,66.5,0,0,0,
2026-04-11,02:00:00,maceta1,119.0,128.0,68.9,64.2,66.5,16.4,0.0075,12.3,78.9,0,0,0,Discrepancia alta entre sensores de humedad
2026-04-11,02:00:00,maceta2,122.0,127.0,67.3,65.0,66.2,23.2,0.0078,11.3,78.4,0,0,0,
2026-04-11,03:00:00,maceta1,119.0,119.0,68.7,68.8,68.8,20.2,0.0112,12.3,65.3,0,0,0,
2026-04-11,03:00:00,maceta2,122.0,127.0,67.1,64.7,65.9,8.8,0.0094,11.7,75.0,0,0,0,
2026-04-11,04:00:00,maceta1,120.0,119.0,68.5,68.7,68.6,15.9,0.0142,16.0,66.7,0,0,0,
2026-04-11,04:00:00,maceta2,123.0,127.0,66.9,64.6,65.8,25.2,0.0141,14.8,71.3,0,0,0,
2026-04-11,05:00:00,maceta1,120.0,120.0,68.2,68.5,68.4,2.0,0.0145,13.9,69.1,0,0,0,
2026-04-11,05:00:00,maceta2,123.0,128.0,66.7,64.4,65.6,2.3,0.0145,16.2,77.7,0,0,0,Discrepancia alta entre sensores de humedad
2026-04-11,06:00:00,maceta1,121.0,120.0,68.0,68.3,68.1,5838.3,1.0946,14.9,72.7,1,0,0,
2026-04-11,06:00:00,maceta2,124.0,128.0,66.6,64.1,65.3,6343.2,1.188,13.5,65.6,1,0,0,Discrepancia alta entre sensores de humedad
2026-04-11,07:00:00,maceta1,121.0,121.0,67.9,68.0,68.0,6229.6,2.2471,18.1,74.4,1,0,0,
2026-04-11,07:00:00,maceta2,124.0,128.0,66.4,64.0,65.2,5848.7,2.27,16.6,62.8,1,0,0,Discrepancia alta entre sensores de humedad
2026-04-11,08:00:00,maceta1,121.0,121.0,67.7,67.8,67.8,6156.0,3.386,15.4,69.2,1,0,0,
2026-04-11,08:00:00,maceta2,124.0,129.0,66.2,63.8,65.0,5857.7,3.3537,16.7,63.5,1,0,0,
2026-04-11,09:00:00,maceta1,122.0,121.0,67.5,67.7,67.6,6315.2,4.5543,17.0,63.2,1,0,0,
2026-04-11,09:00:00,maceta2,125.0,129.0,66.0,63.5,64.8,6182.6,4.4975,16.2,67.5,1,0,0,
2026-04-11,10:00:00,maceta1,122.0,122.0,67.2,67.4,67.3,6467.5,5.7508,21.0,65.0,1,0,0,
2026-04-11,10:00:00,maceta2,125.0,130.0,65.8,63.4,64.6,5928.2,5.5942,22.4,69.1,1,0,0,
2026-04-11,11:00:00,maceta1,123.0,122.0,67.0,67.2,67.1,6224.2,6.9022,18.7,59.6,1,0,0,
2026-04-11,11:00:00,maceta2,125.0,130.0,65.7,63.1,64.4,5948.1,6.6946,21.6,61.5,1,0,0,
2026-04-11,12:00:00,maceta1,123.0,123.0,66.8,67.0,66.9,6229.8,8.0548,20.8,55.7,1,0,0,
2026-04-11,12:00:00,maceta2,126.0,130.0,65.5,62.9,64.2,6305.9,7.8612,21.1,58.8,1,0,0,
2026-04-11,13:00:00,maceta1,123.0,123.0,66.6,66.8,66.7,6305.6,9.2213,21.7,58.5,1,0,0,
2026-04-11,13:00:00,maceta2,126.0,131.0,65.3,62.7,64.0,6370.6,9.0397,21.3,55.8,1,0,0,
2026-04-11,14:00:00,maceta1,124.0,123.0,66.4,66.6,66.5,6397.5,10.4048,23.2,46.3,1,0,0,
2026-04-11,14:00:00,maceta2,126.0,131.0,65.1,62.6,63.8,5854.1,10.1227,21.9,57.0,1,0,0,
2026-04-11,15:00:00,maceta1,124.0,124.0,66.2,66.4,66.3,6040.3,11.5223,23.7,56.8,1,0,0,
2026-04-11,15:00:00,maceta2,127.0,132.0,64.9,62.3,63.6,6281.0,11.2847,23.2,51.6,1,0,0,
2026-04-11,16:00:00,maceta1,125.0,124.0,66.0,66.2,66.1,6149.0,12.6598,22.8,48.9,1,0,0,
2026-04-11,16:00:00,maceta2,127.0,132.0,64.6,62.2,63.4,5933.5,12.3824,21.7,62.7,1,0,0,
2026-04-11,17:00:00,maceta1,125.0,125.0,65.7,66.0,65.8,6186.9,13.8044,21.7,58.8,1,0,0,
2026-04-11,17:00:00,maceta2,128.0,132.0,64.5,62.0,63.2,6085.2,13.5082,23.7,55.2,1,0,0,Discrepancia alta entre sensores de humedad
2026-04-11,18:00:00,maceta1,126.0,125.0,65.5,65.7,65.6,25.4,13.8091,22.6,52.2,0,0,0,
2026-04-11,18:00:00,maceta2,128.0,133.0,64.3,61.8,63.1,21.7,13.5122,20.3,53.8,0,0,0,Discrepancia alta entre sensores de humedad
2026-04-11,19:00:00,maceta1,126.0,126.0,65.2,65.5,65.4,15.9,13.8121,20.9,66.5,0,0,0,
2026-04-11,19:00:00,maceta2,128.0,133.0,64.0,61.6,62.8,21.9,13.5162,21.9,60.7,0,0,0,Discrepancia alta entre sensores de humedad
2026-04-11,20:00:00,maceta1,126.0,126.0,65.0,65.3,65.2,2.8,13.8126,17.1,59.7,0,0,0,
2026-04-11,20:00:00,maceta2,129.0,133.0,63.8,61.4,62.6,15.9,13.5192,20.4,65.0,0,0,0,
2026-04-11,21:00:00,maceta1,127.0,126.0,64.9,65.2,65.0,8.7,13.8142,17.3,60.9,0,0,0,
2026-04-11,21:00:00,maceta2,129.0,134.0,63.6,61.3,62.4,29.2,13.5246,19.1,72.5,0,0,0,
2026-04-11,22:00:00,maceta1,127.0,126.0,64.7,65.0,64.9,25.7,13.819,15.8,74.4,0,0,0,
2026-04-11,22:00:00,maceta2,129.0,134.0,63.5,61.0,62.3,22.0,13.5286,14.3,65.3,0,0,0,
2026-04-11,23:00:00,maceta1,128.0,127.0,64.5,64.8,64.6,28.0,13.8242,13.3,66.9,0,0,0,Discrepancia alta entre sensores de humedad
2026-04-11,23:00:00,maceta2,130.0,134.0,63.3,60.8,62.0,10.4,13.5305,15.9,56.9,0,0,0,
2026-04-12,00:00:00,maceta1,128.0,127.0,64.3,64.6,64.4,27.0,0.005,15.0,64.7,0,0,0,Discrepancia alta entre sensores de humedad
2026-04-12,00:00:00,maceta2,130.0,135.0,63.0,60.6,61.8,9.8,0.0018,13.2,65.4,0,0,0,
2026-04-12,01:00:00,maceta1,128.0,128.0,64.1,64.4,64.2,22.0,0.0091,14.8,74.3,0,0,0,Discrepancia alta entre sensores de humedad
2026-04-12,01:00:00,maceta2,131.0,135.0,62.8,60.4,61.6,22.1,0.0059,11.3,72.0,0,0,0,
2026-04-12,02:00:00,maceta1,129.0,128.0,63.8,64.2,64.0,0.6,0.0092,13.2,67.9,0,0,0,Discrepancia alta entre sensores de humedad
2026-04-12,02:00:00,maceta2,131.0,136.0,62.6,60.2,61.4,10.8,0.0079,11.5,73.3,0,0,0,
2026-04-12,03:00:00,maceta1,129.0,128.0,63.6,64.1,63.8,0.6,0.0093,12.1,77.5,0,0,0,Discrepancia alta entre sensores de humedad
2026-04-12,03:00:00,maceta2,131.0,136.0,62.5,59.9,61.2,29.9,0.0134,13.2,77.6,0,0,0,
2026-04-12,04:00:00,maceta1,130.0,129.0,63.4,63.8,63.6,3.7,0.01,12.0,65.2,0,0,0,
2026-04-12,04:00:00,maceta2,132.0,136.0,62.3,59.8,61.0,16.3,0.0164,12.7,74.0,0,0,0,
2026-04-12,05:00:00,maceta1,130.0,129.0,63.3,63.6,63.4,23.7,0.0143,15.3,66.7,0,0,0,
2026-04-12,05:00:00,maceta2,132.0,137.0,62.1,59.5,60.8,6.0,0.0176,12.9,78.2,0,0,0,
2026-04-12,06:00:00,maceta1,130.0,130.0,63.1,63.4,63.2,6124.7,1.1474,15.8,76.0,1,0,0,
2026-04-12,06:00:00,maceta2,132.0,137.0,61.9,59.4,60.6,6226.4,1.1694,12.9,67.6,1,0,0,
2026-04-12,07:00:00,maceta1,131.0,130.0,62.9,63.1,63.0,5804.5,2.2212,16.4,66.2,1,0,0,
2026-04-12,07:00:00,maceta2,133.0,138.0,61.7,59.2,60.5,6492.8,2.3706,17.8,67.7,1,0,0,
2026-04-12,08:00:00,maceta1,131.0,130.0,62.7,63.0,62.8,6054.8,3.3414,13.1,56.3,1,0,0,
2026-04-12,08:00:00,maceta2,133.0,138.0,61.5,59.0,60.3,6393.7,3.5534,15.6,69.3,1,0,0,
2026-04-12,09:00:00,maceta1,131.0,131.0,62.5,62.8,62.6,6174.5,4.4837,19.0,63.6,1,0,0,
2026-04-12,09:00:00,maceta2,134.0,138.0,61.3,58.8,60.0,5891.3,4.6433,17.8,69.9,1,0,0,
2026-04-12,10:00:00,maceta1,132.0,131.0,62.3,62.6,62.4,6358.3,5.6599,20.0,56.9,1,0,0,
2026-04-12,10:00:00,maceta2,134.0,139.0,61.0,58.5,59.8,6296.9,5.8083,18.5,59.3,1,0,0,
2026-04-12,11:00:00,maceta1,132.0,131.0,62.1,62.4,62.2,6169.2,6.8012,20.8,52.5,1,0,0,
2026-04-12,11:00:00,maceta2,134.0,139.0,60.8,58.4,59.6,6160.2,6.9479,20.4,55.0,1,0,0,
2026-04-12,12:00:00,maceta1,132.0,132.0,61.9,62.2,62.0,5861.2,7.8856,23.4,52.0,1,0,0,
2026-04-12,12:00:00,maceta2,135.0,140.0,60.6,58.1,59.4,6259.1,8.1058,22.0,62.9,1,0,0,
2026-04-12,13:00:00,maceta1,133.0,132.0,61.6,61.9,61.8,6437.9,9.0766,23.0,52.8,1,0,0,
2026-04-12,13:00:00,maceta2,135.0,140.0,60.4,57.9,59.1,5865.3,9.1909,21.8,57.0,1,0,0,
2026-04-12,14:00:00,maceta1,133.0,133.0,61.5,61.8,61.6,5984.5,10.1837,22.2,53.4,1,0,0,
2026-04-12,14:00:00,maceta2,128.0,140.0,64.2,57.6,60.9,6431.6,10.3807,22.3,49.0,1,0,0,Discrepancia alta entre sensores de humedad
2026-04-12,15:00:00,maceta1,134.0,133.0,61.3,61.6,61.4,5999.0,11.2935,23.7,54.2,1,0,0,
2026-04-12,15:00:00,maceta2,136.0,141.0,60.0,57.5,58.7,6257.8,11.5384,22.5,58.0,1,0,0,
2026-04-12,16:00:00,maceta1,134.0,133.0,61.1,61.4,61.2,6174.4,12.4358,23.4,49.3,1,0,0,
2026-04-12,16:00:00,maceta2,136.0,141.0,59.9,57.3,58.6,6217.4,12.6887,26.1,59.4,1,0,0,
2026-04-12,17:00:00,maceta1,134.0,134.0,60.9,61.1,61.0,6091.1,13.5626,23.8,52.1,1,0,0,
2026-04-12,17:00:00,maceta2,137.0,142.0,59.6,57.1,58.3,6010.0,13.8005,22.0,53.9,1,0,0,
2026-04-12,18:00:00,maceta1,135.0,134.0,60.7,60.9,60.8,27.1,13.5677,23.5,60.6,0,0,0,
2026-04-12,18:00:00,maceta2,137.0,142.0,59.4,56.9,58.1,2.7,13.801,21.0,54.6,0,0,0,
2026-04-12,19:00:00,maceta1,135.0,135.0,60.5,60.8,60.6,26.1,13.5725,17.6,60.2,0,0,0,
2026-04-12,19:00:00,maceta2,138.0,142.0,59.1,56.7,57.9,11.3,13.8031,19.1,58.4,0,0,0,
2026-04-12,20:00:00,maceta1,135.0,135.0,60.3,60.6,60.4,26.4,13.5774,16.6,63.1,0,0,0,
2026-04-12,20:00:00,maceta2,138.0,143.0,59.0,56.5,57.7,21.9,13.8071,18.9,50.5,0,0,0,
2026-04-12,21:00:00,maceta1,136.0,135.0,60.2,60.4,60.3,3.1,13.5779,18.2,55.9,0,0,0,
2026-04-12,21:00:00,maceta2,138.0,143.0,58.7,56.3,57.5,24.9,13.8118,20.6,68.1,0,0,0,
2026-04-12,22:00:00,maceta1,136.0,136.0,60.0,60.2,60.1,20.5,13.5817,17.3,72.8,0,0,0,
2026-04-12,22:00:00,maceta2,139.0,143.0,58.5,56.2,57.4,1.0,13.8119,16.5,63.0,0,0,0,
2026-04-12,23:00:00,maceta1,136.0,136.0,59.8,60.0,59.9,4.0,13.5825,16.9,68.8,0,0,0,
2026-04-12,23:00:00,maceta2,139.0,144.0,58.4,55.9,57.2,19.1,13.8155,12.3,71.5,0,0,0,
2026-04-13,00:00:00,maceta1,137.0,136.0,59.6,59.8,59.7,19.9,0.0037,14.8,75.5,0,0,0,
2026-04-13,00:00:00,maceta2,139.0,144.0,58.2,55.7,56.9,22.4,0.0041,15.6,61.9,0,0,0,
2026-04-13,01:00:00,maceta1,137.0,137.0,59.3,59.5,59.4,21.6,0.0077,11.4,69.2,0,0,0,
2026-04-13,01:00:00,maceta2,140.0,144.0,57.9,55.5,56.7,19.8,0.0078,15.4,72.0,0,0,0,
2026-04-13,02:00:00,maceta1,138.0,137.0,59.2,59.3,59.2,23.0,0.0119,13.7,78.2,0,0,0,
2026-04-13,02:00:00,maceta2,140.0,145.0,57.7,55.4,56.5,17.3,0.011,12.5,87.2,0,0,0,
2026-04-13,03:00:00,maceta1,138.0,138.0,59.0,59.1,59.1,7.8,0.0134,13.9,73.9,0,0,0,
2026-04-13,03:00:00,maceta2,141.0,145.0,57.4,55.2,56.3,27.4,0.0161,16.4,68.0,0,0,0,
2026-04-13,04:00:00,maceta1,138.0,138.0,58.8,59.0,58.9,0.5,0.0135,13.4,76.7,0,0,0,
2026-04-13,04:00:00,maceta2,141.0,146.0,57.2,55.0,56.1,11.0,0.0181,13.5,81.3,0,0,0,
2026-04-13,05:00:00,maceta1,138.0,138.0,58.7,58.8,58.7,21.9,0.0175,13.0,74.2,0,0,0,
2026-04-13,05:00:00,maceta2,142.0,146.0,57.0,54.8,55.9,12.8,0.0205,12.4,69.1,0,0,0,
2026-04-13,06:00:00,maceta1,139.0,139.0,58.5,58.6,58.5,6160.5,1.1572,15.7,76.9,1,0,0,
2026-04-13,06:00:00,maceta2,142.0,146.0,56.9,54.6,55.7,6025.3,1.1351,13.2,75.4,1,0,0,
2026-04-13,07:00:00,maceta1,139.0,139.0,58.2,58.4,58.3,5907.9,2.2502,15.6,64.9,1,0,0,
2026-04-13,07:00:00,maceta2,142.0,147.0,56.7,54.4,55.5,6117.2,2.2668,14.8,71.9,1,0,0,
2026-04-13,08:00:00,maceta1,140.0,139.0,58.0,58.2,58.1,6411.7,3.4363,17.4,72.6,1,0,0,
2026-04-13,08:00:00,maceta2,143.0,147.0,56.4,54.2,55.3,6199.4,3.4137,17.2,73.5,1,0,0,
2026-04-13,09:00:00,maceta1,140.0,140.0,57.8,58.0,57.9,6414.8,4.6231,19.5,64.7,1,0,0,
2026-04-13,09:00:00,maceta2,143.0,147.0,56.3,54.0,55.2,5937.1,4.5121,17.2,63.2,1,0,0,
2026-04-13,10:00:00,maceta1,141.0,140.0,57.6,57.8,57.7,5916.9,5.7177,18.9,68.5,1,0,0,
2026-04-13,10:00:00,maceta2,143.0,148.0,56.1,53.8,54.9,6202.9,5.6596,17.8,56.4,1,0,0,
2026-04-13,11:00:00,maceta1,141.0,128.0,57.4,64.2,60.8,6124.3,6.8507,19.8,62.2,1,0,0,Discrepancia alta entre sensores de humedad
2026-04-13,11:00:00,maceta2,144.0,148.0,55.9,53.6,54.7,6262.1,6.8181,21.0,53.1,1,0,0,
2026-04-13,12:00:00,maceta1,141.0,141.0,57.2,57.4,57.3,6356.2,8.0266,22.6,63.3,1,0,0,
2026-04-13,12:00:00,maceta2,144.0,149.0,55.7,53.4,54.5,6325.9,7.9884,20.1,56.6,1,0,0,
2026-04-13,13:00:00,maceta1,142.0,141.0,56.9,57.2,57.1,6459.6,9.2216,23.6,62.7,1,0,0,
2026-04-13,13:00:00,maceta2,145.0,149.0,55.4,53.2,54.3,6078.8,9.113,24.3,58.8,1,0,0,
2026-04-13,14:00:00,maceta1,142.0,142.0,56.8,57.0,56.9,5944.5,10.3214,23.4,49.2,1,0,0,
2026-04-13,14:00:00,maceta2,145.0,149.0,55.2,53.0,54.1,6185.6,10.2573,25.6,62.5,1,0,0,
2026-04-13,15:00:00,maceta1,142.0,142.0,56.6,56.7,56.7,5877.5,11.4087,21.8,62.8,1,0,0,
2026-04-13,15:00:00,maceta2,146.0,150.0,55.0,52.8,53.9,6002.2,11.3677,21.1,59.4,1,0,0,
2026-04-13,16:00:00,maceta1,143.0,143.0,56.4,56.5,56.5,5945.5,12.5086,20.1,51.5,1,0,0,
2026-04-13,16:00:00,maceta2,146.0,150.0,54.8,52.6,53.7,6077.6,12.4921,25.0,53.8,1,0,0,
2026-04-13,17:00:00,maceta1,143.0,143.0,56.2,56.3,56.3,5877.9,13.596,23.3,57.1,1,0,0,
2026-04-13,17:00:00,maceta2,146.0,150.0,54.6,52.4,53.5,5822.3,13.5692,22.2,52.8,1,0,0,
2026-04-13,18:00:00,maceta1,144.0,143.0,56.0,56.2,56.1,22.1,13.6001,21.9,66.4,0,0,0,
2026-04-13,18:00:00,maceta2,147.0,151.0,54.4,52.2,53.3,20.8,13.5731,19.8,58.7,0,0,0,
2026-04-13,19:00:00,maceta1,144.0,144.0,55.8,55.9,55.9,7.9,13.6016,24.1,46.5,0,0,0,
2026-04-13,19:00:00,maceta2,147.0,151.0,54.2,52.0,53.1,27.7,13.5782,20.7,61.7,0,0,0,
2026-04-13,20:00:00,maceta1,144.0,144.0,55.6,55.8,55.7,5.4,13.6026,19.4,60.7,0,0,0,
2026-04-13,20:00:00,maceta2,147.0,152.0,54.0,51.8,52.9,27.1,13.5832,20.4,62.0,0,0,0,
2026-04-13,21:00:00,maceta1,145.0,144.0,55.4,55.6,55.5,9.4,13.6043,18.7,63.2,0,0,0,
2026-04-13,21:00:00,maceta2,148.0,152.0,53.9,51.6,52.7,3.9,13.5839,18.3,69.0,0,0,0,
2026-04-13,22:00:00,maceta1,145.0,145.0,55.2,55.4,55.3,24.8,13.6089,15.5,73.2,0,0,0,
2026-04-13,22:00:00,maceta2,148.0,152.0,53.7,51.4,52.5,0.1,13.5839,17.4,69.0,0,0,0,
2026-04-13,23:00:00,maceta1,146.0,145.0,55.0,55.2,55.1,25.0,13.6135,18.3,68.3,0,0,0,
2026-04-13,23:00:00,maceta2,148.0,153.0,53.5,51.2,52.4,7.9,13.5854,17.5,69.8,0,0,0,
2026-04-14,00:00:00,maceta1,146.0,145.0,54.8,55.1,54.9,26.5,0.0049,16.7,72.2,0,0,0,
2026-04-14,00:00:00,maceta2,149.0,128.0,53.3,64.2,58.8,20.7,0.0038,13.5,68.1,0,0,0,Discrepancia alta entre sensores de humedad
2026-04-14,01:00:00,maceta1,146.0,146.0,54.5,54.9,54.7,20.0,0.0086,12.0,76.6,0,0,0,
2026-04-14,01:00:00,maceta2,149.0,154.0,53.1,50.8,51.9,11.0,0.0059,13.3,76.0,0,0,0,
2026-04-14,02:00:00,maceta1,147.0,146.0,54.4,54.6,54.5,1.8,0.0089,13.1,82.4,0,0,0,
2026-04-14,02:00:00,maceta2,149.0,154.0,52.9,50.6,51.7,24.9,0.0105,14.6,80.9,0,0,0,
2026-04-14,03:00:00,maceta1,147.0,147.0,54.2,54.4,54.3,5.1,0.0099,10.3,71.6,0,0,0,
2026-04-14,03:00:00,maceta2,150.0,154.0,52.7,50.4,51.6,11.2,0.0125,15.1,79.1,0,0,0,
2026-04-14,04:00:00,maceta1,147.0,147.0,54.0,54.2,54.1,18.0,0.0132,12.8,69.9,0,0,0,
2026-04-14,04:00:00,maceta2,150.0,155.0,52.5,50.2,51.4,14.5,0.0152,12.3,78.1,0,0,0,
2026-04-14,05:00:00,maceta1,148.0,147.0,53.8,54.1,53.9,6.0,0.0143,12.0,71.1,0,0,0,
2026-04-14,05:00:00,maceta2,151.0,155.0,52.3,49.9,51.1,4.2,0.016,11.0,68.5,0,0,1,
2026-04-14,06:00:00,maceta1,148.0,148.0,53.6,53.8,53.7,6410.1,1.2002,15.5,73.5,1,0,0,
2026-04-14,06:00:00,maceta2,87.0,91.0,85.9,83.9,84.9,6016.2,1.129,14.4,58.7,1,0,0,
2026-04-14,07:00:00,maceta1,149.0,148.0,53.4,53.7,53.5,6182.4,2.3439,13.4,61.2,1,0,0,
2026-04-14,07:00:00,maceta2,87.0,91.0,85.7,83.8,84.7,6291.8,2.293,13.4,69.1,1,0,0,
2026-04-14,08:00:00,maceta1,149.0,148.0,53.2,53.5,53.3,6499.9,3.5464,16.0,68.0,1,0,0,
2026-04-14,08:00:00,maceta2,88.0,91.0,85.5,83.6,84.5,6104.7,3.4224,19.0,65.7,1,0,0,
2026-04-14,09:00:00,maceta1,149.0,149.0,53.0,53.2,53.1,6099.7,4.6749,17.4,57.1,1,0,0,
2026-04-14,09:00:00,maceta2,88.0,92.0,85.3,83.4,84.3,6389.8,4.6045,15.6,60.9,1,0,0,
2026-04-14,10:00:00,maceta1,150.0,149.0,52.9,53.1,53.0,6363.9,5.8522,18.7,64.4,1,0,0,
2026-04-14,10:00:00,maceta2,88.0,92.0,85.1,83.1,84.1,6311.8,5.7721,18.7,65.3,1,0,0,
2026-04-14,11:00:00,maceta1,150.0,150.0,52.6,52.8,52.7,6124.3,6.9852,16.3,59.9,1,0,0,
2026-04-14,11:00:00,maceta2,89.0,92.0,84.8,82.9,83.9,6026.8,6.8871,20.2,65.8,1,0,0,
2026-04-14,12:00:00,maceta1,150.0,150.0,52.4,52.6,52.5,6226.1,8.137,21.0,59.9,1,0,0,
2026-04-14,12:00:00,maceta2,89.0,93.0,84.6,82.8,83.7,6413.4,8.0736,22.4,54.2,1,0,0,
2026-04-14,13:00:00,maceta1,151.0,150.0,52.2,52.4,52.3,6418.6,9.3245,24.9,54.9,1,0,0,
2026-04-14,13:00:00,maceta2,90.0,93.0,84.4,82.6,83.5,5875.9,9.1606,23.8,49.3,1,0,0,
2026-04-14,14:00:00,maceta1,151.0,151.0,51.9,52.2,52.1,6099.8,10.4529,22.2,54.8,1,0,0,
2026-04-14,14:00:00,maceta2,90.0,93.0,84.3,82.4,83.3,6125.3,10.2938,21.0,60.9,1,0,0,
2026-04-14,15:00:00,maceta1,152.0,151.0,51.7,52.0,51.9,6484.3,11.6525,26.7,58.4,1,0,0,
2026-04-14,15:00:00,maceta2,90.0,94.0,84.1,82.2,83.1,6274.6,11.4546,22.9,62.0,1,0,0,
2026-04-14,16:00:00,maceta1,152.0,152.0,51.5,51.8,51.6,6085.1,12.7783,22.7,53.8,1,0,0,
2026-04-14,16:00:00,maceta2,91.0,94.0,83.8,82.0,82.9,5818.2,12.531,22.6,62.1,1,0,0,
2026-04-14,17:00:00,maceta1,152.0,152.0,51.3,51.6,51.5,6195.8,13.9245,22.4,55.4,1,0,0,
2026-04-14,17:00:00,maceta2,91.0,95.0,83.7,81.8,82.7,5867.3,13.6164,21.9,63.7,1,0,0,
2026-04-14,18:00:00,maceta1,153.0,152.0,51.2,51.5,51.3,25.8,13.9293,20.5,57.8,0,0,0,
2026-04-14,18:00:00,maceta2,91.0,95.0,83.5,81.5,82.5,3.6,13.6171,20.5,61.5,0,0,0,
2026-04-14,19:00:00,maceta1,153.0,153.0,50.9,51.2,51.1,27.3,13.9343,20.3,67.4,0,0,0,
2026-04-14,19:00:00,maceta2,92.0,95.0,83.2,81.4,82.3,25.4,13.6218,19.5,59.0,0,0,0,
2026-04-14,20:00:00,maceta1,154.0,153.0,50.8,51.0,50.9,21.2,13.9382,18.0,63.5,0,0,0,
2026-04-14,20:00:00,maceta2,92.0,96.0,83.0,81.1,82.1,24.5,13.6263,19.3,68.9,0,0,0,
2026-04-14,21:00:00,maceta1,154.0,153.0,50.6,50.8,50.7,16.3,13.9413,17.4,64.3,0,0,0,
2026-04-14,21:00:00,maceta2,93.0,96.0,82.8,81.0,81.9,20.3,13.6301,20.1,58.4,0,0,0,
2026-04-14,22:00:00,maceta1,154.0,154.0,50.4,50.6,50.5,16.8,13.9444,12.5,78.3,0,0,0,
2026-04-14,22:00:00,maceta2,93.0,97.0,82.7,80.7,81.7,10.7,13.632,18.2,65.2,0,0,0,
2026-04-14,23:00:00,maceta1,155.0,154.0,50.2,50.4,50.3,17.1,13.9475,17.2,70.8,0,0,0,
2026-04-14,23:00:00,maceta2,93.0,97.0,82.5,80.5,81.5,7.7,13.6335,12.2,75.8,0,0,0,
2026-04-15,00:00:00,maceta1,155.0,155.0,50.0,50.2,50.1,13.2,0.0024,13.6,69.0,0,0,0,
2026-04-15,00:00:00,maceta2,94.0,97.0,82.3,80.3,81.3,8.4,0.0016,13.6,67.0,0,0,0,
2026-04-15,01:00:00,maceta1,155.0,155.0,49.8,50.0,49.9,3.7,0.0031,11.2,74.9,0,0,1,
2026-04-15,01:00:00,maceta2,94.0,98.0,82.1,80.1,81.1,9.7,0.0033,12.2,64.7,0,0,0,
2026-04-15,02:00:00,maceta1,93.0,92.0,82.5,83.1,82.8,25.6,0.0079,11.2,73.2,0,0,0,
2026-04-15,02:00:00,maceta2,94.0,98.0,81.9,79.9,80.9,11.4,0.0055,15.5,75.9,0,0,0,
2026-04-15,03:00:00,maceta1,94.0,93.0,82.2,82.9,82.5,22.4,0.012,14.1,73.7,0,0,0,
2026-04-15,03:00:00,maceta2,95.0,99.0,81.7,79.6,80.7,5.3,0.0064,14.6,67.3,0,0,0,
2026-04-15,04:00:00,maceta1,94.0,93.0,82.0,82.7,82.4,12.7,0.0144,13.9,82.6,0,0,0,
2026-04-15,04:00:00,maceta2,95.0,99.0,81.5,79.4,80.4,3.4,0.0071,11.1,75.2,0,0,0,
2026-04-15,05:00:00,maceta1,94.0,93.0,81.9,82.5,82.2,4.2,0.0151,12.5,80.8,0,0,0,
2026-04-15,05:00:00,maceta2,96.0,99.0,81.3,79.3,80.3,18.5,0.0105,14.1,72.4,0,0,0,
2026-04-15,06:00:00,maceta1,95.0,94.0,81.7,82.3,82.0,6142.9,1.1516,12.3,67.7,1,0,0,
2026-04-15,06:00:00,maceta2,96.0,100.0,81.1,79.1,80.1,6065.1,1.1325,15.2,73.4,1,0,0,
2026-04-15,07:00:00,maceta1,95.0,94.0,81.5,82.1,81.8,6286.4,2.3146,14.8,68.9,1,0,0,
2026-04-15,07:00:00,maceta2,96.0,100.0,80.9,78.8,79.9,6372.3,2.3114,14.6,64.1,1,0,0,
2026-04-15,08:00:00,maceta1,95.0,94.0,81.3,81.9,81.6,6181.0,3.458,17.4,74.9,1,0,0,
2026-04-15,08:00:00,maceta2,97.0,128.0,80.7,64.2,72.5,5822.5,3.3886,17.0,64.5,1,0,0,Discrepancia alta entre sensores de humedad
2026-04-15,09:00:00,maceta1,96.0,95.0,81.1,81.7,81.4,6233.2,4.6112,17.1,55.8,1,0,0,
2026-04-15,09:00:00,maceta2,97.0,101.0,80.5,78.5,79.5,5838.8,4.4688,19.4,71.6,1,0,0,
2026-04-15,10:00:00,maceta1,96.0,95.0,80.9,81.5,81.2,6231.4,5.764,17.3,59.9,1,0,0,
2026-04-15,10:00:00,maceta2,97.0,101.0,80.3,78.3,79.3,6279.5,5.6305,19.9,59.4,1,0,0,
2026-04-15,11:00:00,maceta1,97.0,96.0,80.7,81.2,81.0,5938.4,6.8626,21.1,51.2,1,0,0,
2026-04-15,11:00:00,maceta2,98.0,102.0,80.1,78.0,79.1,6373.5,6.8096,19.7,68.7,1,0,0,
2026-04-15,12:00:00,maceta1,97.0,96.0,80.5,81.0,80.8,6437.8,8.0536,21.7,51.5,1,0,0,
2026-04-15,12:00:00,maceta2,98.0,102.0,79.9,77.8,78.9,6369.2,7.9879,19.3,58.2,1,0,0,
2026-04-15,13:00:00,maceta1,97.0,96.0,80.3,80.8,80.5,6013.6,9.1661,23.4,60.9,1,0,0,
2026-04-15,13:00:00,maceta2,99.0,103.0,79.7,77.6,78.6,6210.7,9.1368,21.7,58.4,1,0,0,
2026-04-15,14:00:00,maceta1,98.0,97.0,80.1,80.6,80.4,6440.4,10.3576,21.7,55.0,1,0,0,
2026-04-15,14:00:00,maceta2,99.0,103.0,79.5,77.4,78.4,6024.5,10.2514,24.1,46.8,1,0,0,
2026-04-15,15:00:00,maceta1,98.0,97.0,80.0,80.4,80.2,6374.0,11.5368,21.6,51.0,1,0,0,
2026-04-15,15:00:00,maceta2,99.0,103.0,79.3,77.2,78.2,5806.6,11.3256,20.6,55.9,1,0,0,
2026-04-15,16:00:00,maceta1,98.0,98.0,79.8,80.2,80.0,5802.6,12.6103,20.2,51.4,1,0,0,
2026-04-15,16:00:00,maceta2,100.0,104.0,79.0,76.9,78.0,6331.8,12.497,23.4,56.4,1,0,0,
2026-04-15,17:00:00,maceta1,99.0,98.0,79.5,80.0,79.7,6333.0,13.7819,20.1,59.7,1,0,0,
2026-04-15,17:00:00,maceta2,100.0,104.0,78.9,76.7,77.8,6352.3,13.6721,24.6,61.2,1,0,0,
2026-04-15,18:00:00,maceta1,99.0,98.0,79.3,79.8,79.5,18.1,13.7852,18.1,51.8,0,0,0,
2026-04-15,18:00:00,maceta2,101.0,105.0,78.6,76.5,77.6,1.7,13.6725,23.7,68.9,0,0,0,
2026-04-15,19:00:00,maceta1,100.0,99.0,79.0,79.6,79.3,18.3,13.7886,20.5,63.8,0,0,0,
2026-04-15,19:00:00,maceta2,101.0,105.0,78.4,76.3,77.4,16.6,13.6755,20.0,60.0,0,0,0,
2026-04-15,20:00:00,maceta1,100.0,99.0,78.9,79.4,79.2,19.7,13.7922,18.1,67.9,0,0,0,
2026-04-15,20:00:00,maceta2,101.0,105.0,78.3,76.1,77.2,26.9,13.6805,19.6,74.2,0,0,0,
2026-04-15,21:00:00,maceta1,101.0,99.0,78.7,79.3,79.0,25.5,13.7969,17.6,57.8,0,0,0,
2026-04-15,21:00:00,maceta2,102.0,106.0,78.1,75.8,76.9,29.4,13.6859,19.3,63.9,0,0,0,
2026-04-15,22:00:00,maceta1,101.0,100.0,78.5,79.0,78.8,29.3,13.8024,16.5,55.7,0,0,0,
2026-04-15,22:00:00,maceta2,102.0,106.0,77.9,75.6,76.8,23.2,13.6902,16.6,68.6,0,0,0,
2026-04-15,23:00:00,maceta1,101.0,100.0,78.3,78.8,78.6,28.7,13.8077,14.6,71.8,0,0,0,
2026-04-15,23:00:00,maceta2,102.0,107.0,77.7,75.4,76.5,26.0,13.695,15.1,69.8,0,0,0,
2026-04-16,00:00:00,maceta1,102.0,101.0,78.1,78.6,78.4,21.8,0.004,14.4,68.8,0,0,0,
2026-04-16,00:00:00,maceta2,103.0,107.0,77.4,75.1,76.3,2.3,0.0004,11.4,61.8,0,0,0,
2026-04-16,01:00:00,maceta1,102.0,101.0,78.0,78.4,78.2,1.5,0.0043,11.2,75.5,0,0,0,
2026-04-16,01:00:00,maceta2,103.0,108.0,77.2,74.9,76.1,25.1,0.0051,14.3,80.9,0,0,0,
2026-04-16,02:00:00,maceta1,102.0,101.0,77.8,78.2,78.0,14.7,0.007,12.9,71.7,0,0,0,
2026-04-16,02:00:00,maceta2,104.0,108.0,77.1,74.7,75.9,24.4,0.0096,12.4,76.9,0,0,0,
2026-04-16,03:00:00,maceta1,103.0,102.0,77.6,78.0,77.8,9.4,0.0088,12.5,67.2,0,0,0,
2026-04-16,03:00:00,maceta2,104.0,108.0,76.9,74.5,75.7,11.9,0.0118,13.0,77.3,0,0,0,
2026-04-16,04:00:00,maceta1,103.0,102.0,77.4,77.7,77.6,21.0,0.0127,11.9,72.7,0,0,0,
2026-04-16,04:00:00,maceta2,104.0,109.0,76.8,74.3,75.5,27.5,0.0169,11.5,70.8,0,0,0,
2026-04-16,05:00:00,maceta1,103.0,103.0,77.3,77.5,77.4,2.6,0.0131,13.5,69.9,0,0,0,
2026-04-16,05:00:00,maceta2,104.0,109.0,76.6,74.1,75.4,25.8,0.0217,11.7,71.7,0,0,0,
2026-04-16,06:00:00,maceta1,104.0,103.0,77.1,77.3,77.2,5854.7,1.0963,14.6,74.0,1,0,0,
2026-04-16,06:00:00,maceta2,105.0,110.0,76.3,73.9,75.1,6460.2,1.2168,11.4,65.5,1,0,0,
2026-04-16,07:00:00,maceta1,104.0,104.0,76.9,77.1,77.0,5869.6,2.1821,16.6,68.0,1,0,0,
2026-04-16,07:00:00,maceta2,105.0,110.0,76.1,73.8,75.0,6398.4,2.4005,15.7,69.8,1,0,0,
2026-04-16,08:00:00,maceta1,104.0,104.0,76.7,76.9,76.8,5800.2,3.2552,16.6,62.1,1,0,0,
2026-04-16,08:00:00,maceta2,106.0,110.0,76.0,73.6,74.8,6417.6,3.5878,17.7,76.6,1,0,0,
2026-04-16,09:00:00,maceta1,105.0,104.0,76.5,76.7,76.6,5813.8,4.3307,20.0,60.7,1,0,0,
2026-04-16,09:00:00,maceta2,106.0,111.0,75.8,73.4,74.6,6330.5,4.7589,19.0,61.7,1,0,0,
2026-04-16,10:00:00,maceta1,105.0,105.0,76.3,76.5,76.4,6053.2,5.4506,16.0,57.5,1,0,0,
2026-04-16,10:00:00,maceta2,106.0,111.0,75.6,73.2,74.4,6316.8,5.9275,16.9,71.4,1,0,0,
2026-04-16,11:00:00,maceta1,106.0,105.0,76.0,76.3,76.2,6081.2,6.5756,19.1,62.8,1,0,0,
2026-04-16,11:00:00,maceta2,107.0,111.0,75.3,73.0,74.2,5849.6,7.0097,20.1,55.3,1,0,0,
2026-04-16,12:00:00,maceta1,106.0,105.0,75.8,76.1,76.0,6337.3,7.748,21.8,63.5,1,0,0,
2026-04-16,12:00:00,maceta2,107.0,112.0,75.2,72.8,74.0,5849.9,8.0919,20.0,58.9,1,0,0,
2026-04-16,13:00:00,maceta1,106.0,106.0,75.6,75.9,75.8,6445.5,8.9404,22.1,57.6,1,0,0,
2026-04-16,13:00:00,maceta2,107.0,112.0,75.0,72.6,73.8,5835.7,9.1715,20.7,54.6,1,0,0,
2026-04-16,14:00:00,maceta1,107.0,106.0,75.4,75.7,75.5,6135.5,10.0755,21.4,51.6,1,0,0,
2026-04-16,14:00:00,maceta2,108.0,113.0,74.8,72.3,73.6,6306.1,10.3381,20.2,57.0,1,0,0,
2026-04-16,15:00:00,maceta1,107.0,107.0,75.2,75.5,75.3,6075.3,11.1994,21.1,52.3,1,0,0,
2026-04-16,15:00:00,maceta2,108.0,113.0,74.6,72.2,73.4,5952.1,11.4393,20.5,64.1,1,0,0,
2026-04-16,16:00:00,maceta1,107.0,107.0,75.0,75.3,75.2,6331.4,12.3707,20.9,49.0,1,0,0,
2026-04-16,16:00:00,maceta2,109.0,113.0,74.5,72.0,73.2,6349.0,12.6138,23.9,63.0,1,0,0,
2026-04-16,17:00:00,maceta1,108.0,107.0,74.8,75.1,75.0,6445.9,13.5632,20.4,55.8,1,0,0,
2026-04-16,17:00:00,maceta2,109.0,114.0,74.3,71.8,73.1,6063.3,13.7355,25.8,57.8,1,0,0,
2026-04-16,18:00:00,maceta1,108.0,108.0,74.6,74.9,74.8,26.4,13.5681,21.8,62.1,0,0,0,
2026-04-16,18:00:00,maceta2,109.0,114.0,74.1,71.6,72.8,7.2,13.7369,21.3,54.8,0,0,0,
2026-04-16,19:00:00,maceta1,109.0,108.0,74.4,74.7,74.6,29.1,13.5734,18.7,64.3,0,0,0,
2026-04-16,19:00:00,maceta2,110.0,114.0,73.9,71.5,72.7,17.9,13.7402,21.1,46.5,0,0,0,
2026-04-16,20:00:00,maceta1,109.0,108.0,74.2,74.6,74.4,7.1,13.5748,17.9,58.8,0,0,0,
2026-04-16,20:00:00,maceta2,110.0,115.0,73.7,71.2,72.5,14.9,13.7429,19.0,57.8,0,0,0,
2026-04-16,21:00:00,maceta1,109.0,109.0,74.0,74.4,74.2,6.6,13.576,21.4,58.7,0,0,0,
2026-04-16,21:00:00,maceta2,110.0,115.0,73.5,71.0,72.3,29.5,13.7484,17.4,63.9,0,0,0,
2026-04-16,22:00:00,maceta1,110.0,109.0,73.7,74.2,74.0,25.4,13.5807,17.9,69.5,0,0,0,
2026-04-16,22:00:00,maceta2,111.0,115.0,73.4,70.8,72.1,0.8,13.7486,15.2,71.1,0,0,0,
2026-04-16,23:00:00,maceta1,110.0,109.0,73.5,74.0,73.8,28.4,13.5859,15.0,71.2,0,0,0,
2026-04-16,23:00:00,maceta2,111.0,116.0,73.1,70.7,71.9,21.6,13.7526,17.7,66.7,0,0,0,
2026-04-17,00:00:00,maceta1,111.0,110.0,73.4,73.8,73.6,2.5,0.0005,12.9,73.9,0,0,0,
2026-04-17,00:00:00,maceta2,111.0,116.0,72.9,70.5,71.7,20.1,0.0037,16.5,72.7,0,0,0,
2026-04-17,01:00:00,maceta1,111.0,110.0,73.2,73.6,73.4,19.4,0.004,14.1,78.3,0,0,0,
2026-04-17,01:00:00,maceta2,112.0,116.0,72.7,70.3,71.5,6.6,0.0049,12.2,77.5,0,0,0,
2026-04-17,02:00:00,maceta1,111.0,110.0,73.0,73.4,73.2,22.8,0.0083,13.5,74.8,0,0,0,
2026-04-17,02:00:00,maceta2,112.0,117.0,72.5,70.1,71.3,2.6,0.0054,14.0,70.2,0,0,0,
2026-04-17,03:00:00,maceta1,112.0,111.0,72.8,73.2,73.0,14.7,0.011,13.3,71.7,0,0,0,
2026-04-17,03:00:00,maceta2,113.0,117.0,72.3,69.9,71.1,0.3,0.0055,10.0,72.3,0,0,0,
2026-04-17,04:00:00,maceta1,112.0,111.0,72.6,73.0,72.8,29.1,0.0163,11.4,73.1,0,0,0,
2026-04-17,04:00:00,maceta2,113.0,118.0,72.1,69.7,70.9,22.5,0.0096,12.2,76.0,0,0,0,
2026-04-17,05:00:00,maceta1,112.0,112.0,72.4,72.8,72.6,4.8,0.0172,12.9,77.2,0,0,0,
2026-04-17,05:00:00,maceta2,113.0,118.0,71.9,69.5,70.7,10.3,0.0115,14.0,73.4,0,0,0,
2026-04-17,06:00:00,maceta1,113.0,112.0,72.2,72.6,72.4,5881.9,1.1054,14.1,72.2,1,0,0,
2026-04-17,06:00:00,maceta2,114.0,118.0,71.7,69.4,70.5,5811.2,1.0866,11.8,72.8,1,0,0,
2026-04-17,07:00:00,maceta1,113.0,112.0,72.0,72.5,72.2,5874.9,2.1922,15.4,67.4,1,0,0,
2026-04-17,07:00:00,maceta2,114.0,119.0,71.5,69.2,70.3,6004.8,2.1975,15.8,65.4,1,0,0,
2026-04-17,08:00:00,maceta1,114.0,113.0,71.8,72.3,72.0,6186.3,3.3367,16.9,58.8,1,0,0,
2026-04-17,08:00:00,maceta2,114.0,119.0,71.3,68.9,70.1,5844.8,3.2788,17.7,64.1,1,0,0,
2026-04-17,09:00:00,maceta1,114.0,113.0,71.6,72.1,71.8,5895.4,4.4273,18.6,67.4,1,0,0,
2026-04-17,09:00:00,maceta2,115.0,119.0,71.1,68.8,69.9,5926.8,4.3753,18.1,61.5,1,0,0,
2026-04-17,10:00:00,maceta1,114.0,113.0,71.3,71.9,71.6,6242.4,5.5822,18.6,61.2,1,0,0,
2026-04-17,10:00:00,maceta2,115.0,120.0,70.9,68.5,69.7,6231.1,5.528,16.2,64.7,1,0,0,
2026-04-17,11:00:00,maceta1,115.0,114.0,71.1,71.6,71.4,6185.5,6.7265,20.5,62.6,1,0,0,
2026-04-17,11:00:00,maceta2,116.0,120.0,70.7,68.4,69.5,5975.4,6.6334,20.2,54.6,1,0,0,
2026-04-17,12:00:00,maceta1,115.0,114.0,71.0,71.4,71.2,6059.8,7.8476,21.3,62.9,1,0,0,
2026-04-17,12:00:00,maceta2,116.0,121.0,70.5,68.1,69.3,5867.7,7.719,19.0,63.6,1,0,0,
2026-04-17,13:00:00,maceta1,116.0,115.0,70.7,71.2,71.0,5958.5,8.9499,20.1,50.7,1,0,0,
2026-04-17,13:00:00,maceta2,116.0,121.0,70.3,67.9,69.1,6428.4,8.9082,23.3,52.2,1,0,0,
2026-04-17,14:00:00,maceta1,116.0,115.0,70.5,71.0,70.7,6485.8,10.1498,22.1,61.3,1,0,0,
2026-04-17,14:00:00,maceta2,117.0,121.0,70.1,67.7,68.9,6253.4,10.0651,23.2,54.6,1,0,0,
2026-04-17,15:00:00,maceta1,117.0,115.0,70.2,70.8,70.5,6441.8,11.3415,22.4,43.9,1,0,0,
2026-04-17,15:00:00,maceta2,117.0,122.0,69.9,67.5,68.7,6249.9,11.2213,22.4,48.0,1,0,0,
2026-04-17,16:00:00,maceta1,117.0,116.0,70.1,70.6,70.3,5823.2,12.4188,23.6,54.1,1,0,0,
2026-04-17,16:00:00,maceta2,118.0,122.0,69.7,67.3,68.5,6497.7,12.4234,21.4,49.5,1,0,0,
2026-04-17,17:00:00,maceta1,117.0,116.0,69.8,70.4,70.1,5869.3,13.5046,21.8,54.3,1,0,0,
2026-04-17,17:00:00,maceta2,118.0,122.0,69.4,67.1,68.3,6277.8,13.5848,21.0,56.5,1,0,0,
2026-04-17,18:00:00,maceta1,118.0,117.0,69.7,70.1,69.9,7.0,13.5059,20.2,65.2,0,0,0,
2026-04-17,18:00:00,maceta2,118.0,123.0,69.2,66.9,68.1,28.9,13.5901,20.4,56.5,0,0,0,
2026-04-17,19:00:00,maceta1,118.0,117.0,69.4,70.0,69.7,19.5,13.5095,20.2,65.4,0,0,0,
2026-04-17,19:00:00,maceta2,119.0,123.0,69.1,66.7,67.9,8.9,13.5918,19.1,67.1,0,0,0,
2026-04-17,20:00:00,maceta1,118.0,117.0,69.3,69.8,69.5,27.9,13.5147,20.5,69.6,0,0,0,
2026-04-17,20:00:00,maceta2,119.0,124.0,68.9,66.5,67.7,22.2,13.5959,17.3,63.8,0,0,0,
2026-04-17,21:00:00,maceta1,119.0,118.0,69.1,69.6,69.3,8.5,13.5163,17.1,55.2,0,0,0,
2026-04-17,21:00:00,maceta2,120.0,124.0,68.7,66.3,67.5,11.4,13.598,16.7,67.3,0,0,0,
2026-04-17,22:00:00,maceta1,119.0,118.0,68.8,69.4,69.1,6.0,13.5174,18.2,72.8,0,0,0,
2026-04-17,22:00:00,maceta2,120.0,124.0,68.5,66.2,67.3,29.1,13.6034,16.4,67.2,0,0,0,
2026-04-17,23:00:00,maceta1,120.0,119.0,68.6,69.2,68.9,15.5,13.5202,16.4,78.7,0,0,0,
2026-04-17,23:00:00,maceta2,120.0,125.0,68.3,65.9,67.1,26.9,13.6084,12.6,74.3,0,0,0,
2026-04-18,00:00:00,maceta1,120.0,119.0,68.5,69.0,68.7,10.4,0.0019,14.1,74.9,0,0,0,
2026-04-18,00:00:00,maceta2,121.0,125.0,68.1,65.7,66.9,25.8,0.0048,15.0,77.5,0,0,0,
2026-04-18,01:00:00,maceta1,120.0,119.0,68.2,68.8,68.5,1.6,0.0022,13.0,75.3,0,0,0,
2026-04-18,01:00:00,maceta2,121.0,126.0,67.9,65.5,66.7,29.5,0.0102,14.5,61.2,0,0,0,
2026-04-18,02:00:00,maceta1,121.0,120.0,68.0,68.5,68.3,27.4,0.0073,11.6,72.2,0,0,0,
2026-04-18,02:00:00,maceta2,121.0,126.0,67.8,65.3,66.6,10.9,0.0122,14.5,80.6,0,0,0,
2026-04-18,03:00:00,maceta1,121.0,120.0,67.9,68.4,68.1,23.2,0.0116,15.7,71.0,0,0,0,
2026-04-18,03:00:00,maceta2,122.0,126.0,67.6,65.2,66.4,22.6,0.0164,11.7,73.9,0,0,0,
2026-04-18,04:00:00,maceta1,121.0,120.0,67.7,68.2,67.9,27.0,0.0166,11.7,69.4,0,0,0,
2026-04-18,04:00:00,maceta2,122.0,127.0,67.4,65.0,66.2,9.2,0.0181,14.6,83.6,0,0,0,
2026-04-18,05:00:00,maceta1,122.0,121.0,67.5,68.0,67.8,14.0,0.0192,15.2,82.1,0,0,0,
2026-04-18,05:00:00,maceta2,122.0,127.0,67.2,64.8,66.0,25.9,0.0229,12.1,69.2,0,0,0,
2026-04-18,06:00:00,maceta1,122.0,121.0,67.3,67.8,67.6,5898.7,1.1104,13.0,72.8,1,0,0,
2026-04-18,06:00:00,maceta2,123.0,127.0,66.9,64.6,65.8,6374.8,1.2023,13.3,68.7,1,0,0,
2026-04-18,07:00:00,maceta1,122.0,128.0,67.2,64.2,65.7,6420.1,2.2982,12.7,73.1,1,0,0,Discrepancia alta entre sensores de humedad
2026-04-18,07:00:00,maceta2,123.0,128.0,66.7,64.4,65.5,5964.3,2.3056,13.3,72.5,1,0,0,Discrepancia alta entre sensores de humedad
2026-04-18,08:00:00,maceta1,123.0,128.0,67.0,64.2,65.6,5879.4,3.3859,14.4,71.6,1,0,0,Discrepancia alta entre sensores de humedad
2026-04-18,08:00:00,maceta2,124.0,128.0,66.5,64.2,65.3,5837.4,3.3856,14.8,69.2,1,0,0,Discrepancia alta entre sensores de humedad
2026-04-18,09:00:00,maceta1,123.0,122.0,66.8,67.2,67.0,6225.8,4.5376,17.2,79.7,1,0,0,
2026-04-18,09:00:00,maceta2,124.0,128.0,66.3,64.0,65.1,6300.7,4.5512,17.6,59.9,1,0,0,Discrepancia alta entre sensores de humedad
2026-04-18,10:00:00,maceta1,123.0,123.0,66.6,67.0,66.8,6061.0,5.6589,20.8,53.9,1,0,0,
2026-04-18,10:00:00,maceta2,125.0,129.0,66.0,63.8,64.9,6275.8,5.7122,17.0,60.4,1,0,0,
2026-04-18,11:00:00,maceta1,124.0,123.0,66.5,66.9,66.7,6299.1,6.8242,21.2,52.2,1,0,0,
2026-04-18,11:00:00,maceta2,125.0,129.0,65.8,63.6,64.7,6454.7,6.9063,19.4,52.5,1,0,0,
2026-04-18,12:00:00,maceta1,124.0,123.0,66.2,66.7,66.4,5845.4,7.9056,20.7,52.9,1,0,0,
2026-04-18,12:00:00,maceta2,125.0,129.0,65.6,63.5,64.5,5934.6,8.0042,21.8,53.3,1,0,0,
2026-04-18,13:00:00,maceta1,125.0,124.0,66.0,66.5,66.2,5848.0,8.9875,19.9,51.6,1,0,0,
2026-04-18,13:00:00,maceta2,126.0,130.0,65.3,63.3,64.3,6407.6,9.1897,22.1,58.9,1,0,0,
2026-04-18,14:00:00,maceta1,125.0,124.0,65.9,66.3,66.1,6354.8,10.1631,22.3,52.8,1,0,0,
2026-04-18,14:00:00,maceta2,126.0,130.0,65.1,63.1,64.1,6202.2,10.3371,22.8,54.4,1,0,0,
2026-04-18,15:00:00,maceta1,125.0,125.0,65.6,66.0,65.8,5858.6,11.247,22.6,59.5,1,0,0,
2026-04-18,15:00:00,maceta2,127.0,131.0,64.9,62.9,63.9,5991.3,11.4455,25.9,51.2,1,0,0,
2026-04-18,16:00:00,maceta1,126.0,125.0,65.4,65.9,65.6,6008.4,12.3585,21.1,54.0,1,0,0,
2026-04-18,16:00:00,maceta2,128.0,131.0,64.2,62.7,63.5,6192.5,12.5911,21.2,57.2,1,0,0,Discrepancia alta entre sensores de humedad
2026-04-18,17:00:00,maceta1,126.0,125.0,65.2,65.7,65.4,5980.6,13.465,20.6,46.6,1,0,0,
2026-04-18,17:00:00,maceta2,127.0,131.0,64.5,62.5,63.5,5851.1,13.6735,20.7,44.4,1,0,0,
2026-04-18,18:00:00,maceta1,126.0,126.0,65.0,65.5,65.3,16.4,13.468,19.8,59.7,0,0,0,
2026-04-18,18:00:00,maceta2,128.0,132.0,64.3,62.3,63.3,13.8,13.6761,22.5,60.4,0,0,0,Discrepancia alta entre sensores de humedad
2026-04-18,19:00:00,maceta1,127.0,126.0,64.9,65.3,65.1,9.9,13.4698,21.8,70.3,0,0,0,
2026-04-18,19:00:00,maceta2,128.0,132.0,64.1,62.1,63.1,19.7,13.6797,18.9,60.8,0,0,0,Discrepancia alta entre sensores de humedad
2026-04-18,20:00:00,maceta1,127.0,126.0,64.7,65.1,64.9,6.9,13.4711,17.3,66.5,0,0,0,
2026-04-18,20:00:00,maceta2,129.0,132.0,63.9,61.9,62.9,3.1,13.6803,19.2,61.4,0,0,0,
2026-04-18,21:00:00,maceta1,128.0,127.0,64.5,65.0,64.7,0.8,13.4713,16.4,66.5,0,0,0,Discrepancia alta entre sensores de humedad
2026-04-18,21:00:00,maceta2,129.0,133.0,63.7,61.7,62.7,8.8,13.6819,18.2,73.3,0,0,0,
2026-04-18,22:00:00,maceta1,128.0,127.0,64.3,64.7,64.5,11.9,13.4735,16.2,57.0,0,0,0,Discrepancia alta entre sensores de humedad
2026-04-18,22:00:00,maceta2,129.0,133.0,63.6,61.5,62.5,16.6,13.685,13.6,69.7,0,0,0,
2026-04-18,23:00:00,maceta1,128.0,127.0,64.1,64.6,64.4,8.8,13.4751,17.0,80.7,0,0,0,Discrepancia alta entre sensores de humedad
2026-04-18,23:00:00,maceta2,130.0,133.0,63.4,61.3,62.4,29.5,13.6905,17.4,71.4,0,0,0,
2026-04-19,00:00:00,maceta1,129.0,128.0,63.9,64.4,64.2,8.8,0.0016,12.6,80.3,0,0,0,Discrepancia alta entre sensores de humedad
2026-04-19,00:00:00,maceta2,130.0,134.0,63.2,61.1,62.2,13.2,0.0024,12.9,68.9,0,0,0,
2026-04-19,01:00:00,maceta1,129.0,128.0,63.7,64.2,63.9,3.1,0.0022,13.2,73.5,0,0,0,Discrepancia alta entre sensores de humedad
2026-04-19,01:00:00,maceta2,130.0,134.0,63.0,61.0,62.0,7.8,0.0039,13.2,73.8,0,0,0,
2026-04-19,02:00:00,maceta1,129.0,128.0,63.5,64.0,63.7,1.4,0.0025,13.2,63.6,0,0,0,Discrepancia alta entre sensores de humedad
2026-04-19,02:00:00,maceta2,131.0,135.0,62.8,60.7,61.8,16.8,0.007,15.2,68.8,0,0,0,
2026-04-19,03:00:00,maceta1,130.0,129.0,63.3,63.8,63.6,22.5,0.0066,11.8,69.5,0,0,0,
2026-04-19,03:00:00,maceta2,131.0,135.0,62.6,60.5,61.5,5.9,0.0081,10.9,79.1,0,0,0,
2026-04-19,04:00:00,maceta1,130.0,129.0,63.1,63.6,63.4,11.0,0.0087,10.2,79.0,0,0,0,
2026-04-19,04:00:00,maceta2,132.0,135.0,62.3,60.3,61.3,0.5,0.0082,11.1,76.3,0,0,0,
2026-04-19,05:00:00,maceta1,130.0,129.0,63.0,63.4,63.2,25.2,0.0133,12.7,77.8,0,0,0,
2026-04-19,05:00:00,maceta2,132.0,136.0,62.2,60.1,61.1,23.4,0.0125,15.4,72.8,0,0,0,
2026-04-19,06:00:00,maceta1,131.0,128.0,62.8,64.2,63.5,5961.4,1.1162,12.7,78.1,1,0,0,Discrepancia alta entre sensores de humedad
2026-04-19,06:00:00,maceta2,132.0,136.0,62.0,59.9,60.9,6004.0,1.1232,13.9,72.1,1,0,0,
2026-04-19,07:00:00,maceta1,131.0,130.0,62.6,63.0,62.8,6395.6,2.2994,14.5,70.3,1,0,0,
2026-04-19,07:00:00,maceta2,133.0,137.0,61.8,59.7,60.7,6120.9,2.2556,16.3,68.7,1,0,0,
2026-04-19,08:00:00,maceta1,131.0,131.0,62.4,62.8,62.6,5816.8,3.3755,19.6,71.0,1,0,0,
2026-04-19,08:00:00,maceta2,133.0,137.0,61.6,59.5,60.5,6146.2,3.3927,15.0,65.5,1,0,0,
2026-04-19,09:00:00,maceta1,132.0,131.0,62.1,62.7,62.4,5859.2,4.4594,16.3,69.9,1,0,0,
2026-04-19,09:00:00,maceta2,133.0,128.0,61.4,64.2,62.8,6489.7,4.5933,18.6,59.3,1,0,0,Discrepancia alta entre sensores de humedad
2026-04-19,10:00:00,maceta1,132.0,131.0,62.0,62.5,62.2,6211.7,5.6086,19.4,56.9,1,0,0,
2026-04-19,10:00:00,maceta2,134.0,138.0,61.1,59.1,60.1,5979.6,5.6995,21.1,65.8,1,0,0,
2026-04-19,11:00:00,maceta1,133.0,132.0,61.8,62.3,62.0,6194.6,6.7546,20.4,59.6,1,0,0,
2026-04-19,11:00:00,maceta2,134.0,138.0,60.9,58.9,59.9,5853.8,6.7824,19.0,57.7,1,0,0,
2026-04-19,12:00:00,maceta1,133.0,132.0,61.6,62.1,61.9,6359.9,7.9312,21.5,62.4,1,0,0,
2026-04-19,12:00:00,maceta2,135.0,138.0,60.7,58.8,59.7,6447.7,7.9753,22.3,54.9,1,0,0,
2026-04-19,13:00:00,maceta1,133.0,132.0,61.4,61.9,61.6,6412.1,9.1174,22.6,55.3,1,0,0,
2026-04-19,13:00:00,maceta2,135.0,139.0,60.6,58.6,59.6,6039.2,9.0925,22.2,63.3,1,0,0,
2026-04-19,14:00:00,maceta1,134.0,133.0,61.2,61.7,61.5,6028.0,10.2326,23.5,63.0,1,0,0,
2026-04-19,14:00:00,maceta2,135.0,139.0,60.4,58.4,59.4,5824.6,10.1701,23.6,63.2,1,0,0,
2026-04-19,15:00:00,maceta1,134.0,133.0,61.0,61.5,61.3,6256.0,11.39,24.1,53.6,1,0,0,
2026-04-19,15:00:00,maceta2,136.0,140.0,60.2,58.1,59.2,6174.4,11.3123,23.0,61.2,1,0,0,
2026-04-19,16:00:00,maceta1,134.0,133.0,60.8,61.4,61.1,6121.5,12.5225,21.6,50.6,1,0,0,
2026-04-19,16:00:00,maceta2,136.0,140.0,60.1,58.0,59.0,6435.3,12.5029,22.1,50.8,1,0,0,
2026-04-19,17:00:00,maceta1,135.0,134.0,60.6,61.1,60.9,5917.5,13.6172,23.2,44.6,1,0,0,
2026-04-19,17:00:00,maceta2,136.0,140.0,59.8,57.8,58.8,5806.8,13.5771,20.2,64.7,1,0,0,
2026-04-19,18:00:00,maceta1,135.0,134.0,60.4,60.9,60.7,29.9,13.6227,21.1,53.6,0,0,0,
2026-04-19,18:00:00,maceta2,137.0,140.0,59.7,57.7,58.7,28.4,13.5824,20.0,57.3,0,0,0,
2026-04-19,19:00:00,maceta1,136.0,135.0,60.2,60.8,60.5,21.9,13.6268,19.6,55.4,0,0,0,
2026-04-19,19:00:00,maceta2,137.0,141.0,59.4,57.4,58.4,16.7,13.5855,21.5,63.5,0,0,0,
2026-04-19,20:00:00,maceta1,136.0,135.0,60.0,60.6,60.3,17.7,13.6301,18.6,60.5,0,0,0,
2026-04-19,20:00:00,maceta2,137.0,141.0,59.3,57.2,58.2,16.2,13.5885,18.4,55.9,0,0,0,
2026-04-19,21:00:00,maceta1,136.0,135.0,59.8,60.4,60.1,21.2,13.634,15.0,67.2,0,0,0,
2026-04-19,21:00:00,maceta2,138.0,142.0,59.1,57.0,58.0,12.6,13.5908,18.2,57.8,0,0,0,
2026-04-19,22:00:00,maceta1,137.0,136.0,59.6,60.1,59.9,20.1,13.6377,16.7,63.4,0,0,0,
2026-04-19,22:00:00,maceta2,138.0,142.0,58.9,56.7,57.8,3.6,13.5915,19.0,57.1,0,0,0,
2026-04-19,23:00:00,maceta1,137.0,136.0,59.4,59.9,59.7,8.0,13.6392,14.1,62.9,0,0,0,
2026-04-19,23:00:00,maceta2,138.0,143.0,58.7,56.5,57.6,25.1,13.5961,14.9,70.9,0,0,0,
2026-04-20,00:00:00,maceta1,138.0,136.0,59.2,59.7,59.5,27.1,0.005,13.7,62.2,0,0,0,
2026-04-20,00:00:00,maceta2,139.0,143.0,58.6,56.3,57.4,16.2,0.003,15.7,64.7,0,0,0,
2026-04-20,01:00:00,maceta1,138.0,137.0,59.0,59.5,59.3,0.9,0.0052,12.4,73.6,0,0,0,
2026-04-20,01:00:00,maceta2,139.0,143.0,58.3,56.1,57.2,27.8,0.0081,13.0,70.9,0,0,0,
2026-04-20,02:00:00,maceta1,138.0,137.0,58.8,59.4,59.1,21.1,0.0091,13.0,84.6,0,0,0,
2026-04-20,02:00:00,maceta2,140.0,144.0,58.1,55.9,57.0,12.4,0.0104,12.4,83.8,0,0,0,
2026-04-20,03:00:00,maceta1,139.0,138.0,58.6,59.2,58.9,18.0,0.0124,11.2,70.7,0,0,0,
2026-04-20,03:00:00,maceta2,140.0,144.0,57.9,55.7,56.8,12.9,0.0128,12.2,77.8,0,0,0,
2026-04-20,04:00:00,maceta1,139.0,128.0,58.4,64.2,61.3,14.0,0.015,13.7,78.4,0,0,0,Discrepancia alta entre sensores de humedad
2026-04-20,04:00:00,maceta2,140.0,144.0,57.7,55.6,56.6,26.6,0.0177,10.5,71.7,0,0,0,
2026-04-20,05:00:00,maceta1,139.0,138.0,58.2,58.8,58.5,4.8,0.0159,12.8,66.2,0,0,0,
2026-04-20,05:00:00,maceta2,141.0,145.0,57.5,55.3,56.4,3.1,0.0183,11.5,73.6,0,0,0,
2026-04-20,06:00:00,maceta1,140.0,139.0,58.0,58.6,58.3,5985.5,1.1232,15.2,71.2,1,0,0,
2026-04-20,06:00:00,maceta2,141.0,145.0,57.3,55.1,56.2,5954.9,1.12,11.1,69.9,1,0,0,
2026-04-20,07:00:00,maceta1,140.0,139.0,57.8,58.5,58.1,5937.1,2.2216,13.6,72.2,1,0,0,
2026-04-20,07:00:00,maceta2,141.0,146.0,57.1,54.9,56.0,5891.4,2.2099,15.0,66.2,1,0,0,
2026-04-20,08:00:00,maceta1,141.0,139.0,57.6,58.3,57.9,6453.8,3.4155,18.0,61.8,1,0,0,
2026-04-20,08:00:00,maceta2,128.0,146.0,64.2,54.7,59.4,5900.9,3.3016,15.5,68.1,1,0,0,Discrepancia alta entre sensores de humedad
2026-04-20,09:00:00,maceta1,141.0,140.0,57.4,58.1,57.8,5943.1,4.515,16.1,66.9,1,0,0,
2026-04-20,09:00:00,maceta2,142.0,147.0,56.7,54.5,55.6,5972.4,4.4065,19.7,59.1,1,0,0,
2026-04-20,10:00:00,maceta1,141.0,140.0,57.2,57.9,57.6,6453.1,5.7088,16.0,67.1,1,0,0,
2026-04-20,10:00:00,maceta2,143.0,147.0,56.5,54.2,55.4,6329.0,5.5773,14.9,53.6,1,0,0,
2026-04-20,11:00:00,maceta1,142.0,140.0,57.0,57.8,57.4,6352.8,6.8841,20.1,57.1,1,0,0,
2026-04-20,11:00:00,maceta2,143.0,147.0,56.3,54.0,55.2,5873.3,6.6639,18.7,58.7,1,0,0,
2026-04-20,12:00:00,maceta1,142.0,141.0,56.9,57.6,57.2,6385.4,8.0654,18.9,54.7,1,0,0,
2026-04-20,12:00:00,maceta2,143.0,148.0,56.1,53.8,55.0,6085.7,7.7897,21.5,55.1,1,0,0,
2026-04-20,13:00:00,maceta1,142.0,141.0,56.7,57.4,57.1,5984.0,9.1724,21.6,65.7,1,0,0,
2026-04-20,13:00:00,maceta2,144.0,148.0,55.9,53.6,54.8,6203.0,8.9373,20.4,52.1,1,0,0,
2026-04-20,14:00:00,maceta1,143.0,141.0,56.5,57.3,56.9,6375.5,10.3519,19.8,67.5,1,0,0,
2026-04-20,14:00:00,maceta2,144.0,149.0,55.8,53.4,54.6,6345.1,10.1111,23.0,57.5,1,0,0,
2026-04-20,15:00:00,maceta1,143.0,142.0,56.2,57.0,56.6,6423.0,11.5401,22.9,55.5,1,0,0,
2026-04-20,15:00:00,maceta2,145.0,149.0,55.5,53.2,54.4,6449.7,11.3043,21.8,57.4,1,0,0,
2026-04-20,16:00:00,maceta1,144.0,142.0,56.0,56.8,56.4,5966.7,12.644,24.5,68.0,1,0,0,
2026-04-20,16:00:00,maceta2,145.0,149.0,55.3,53.0,54.2,6096.7,12.4322,20.1,50.4,1,0,0,
2026-04-20,17:00:00,maceta1,144.0,142.0,55.8,56.7,56.3,5810.2,13.7189,19.0,50.7,1,0,0,
2026-04-20,17:00:00,maceta2,145.0,150.0,55.1,52.8,53.9,6415.5,13.6191,20.2,52.6,1,0,0,
2026-04-20,18:00:00,maceta1,144.0,143.0,55.6,56.5,56.0,9.7,13.7206,20.4,58.1,0,0,0,
2026-04-20,18:00:00,maceta2,146.0,150.0,54.9,52.6,53.8,9.3,13.6208,20.8,49.3,0,0,0,
2026-04-20,19:00:00,maceta1,145.0,143.0,55.4,56.2,55.8,10.9,13.7227,19.0,60.1,0,0,0,
2026-04-20,19:00:00,maceta2,146.0,150.0,54.7,52.5,53.6,30.0,13.6264,19.9,68.5,0,0,0,
2026-04-20,20:00:00,maceta1,145.0,143.0,55.2,56.1,55.6,23.3,13.727,16.3,63.2,0,0,0,
2026-04-20,20:00:00,maceta2,146.0,151.0,54.5,52.2,53.4,29.2,13.6318,20.4,60.9,0,0,0,
2026-04-20,21:00:00,maceta1,145.0,144.0,55.0,55.8,55.4,20.8,13.7308,16.8,61.9,0,0,0,
2026-04-20,21:00:00,maceta2,147.0,151.0,54.3,52.0,53.2,12.2,13.634,18.6,69.5,0,0,0,
2026-04-20,22:00:00,maceta1,146.0,144.0,54.8,55.6,55.2,11.7,13.733,16.1,63.5,0,0,0,
2026-04-20,22:00:00,maceta2,147.0,151.0,54.2,51.8,53.0,14.7,13.6367,16.3,76.8,0,0,0,
2026-04-20,23:00:00,maceta1,146.0,145.0,54.7,55.5,55.1,12.5,13.7353,15.3,79.7,0,0,0,
2026-04-20,23:00:00,maceta2,148.0,152.0,53.9,51.6,52.8,24.8,13.6413,15.1,71.3,0,0,0,
2026-04-21,00:00:00,maceta1,147.0,145.0,54.4,55.2,54.8,14.0,0.0026,14.2,72.0,0,0,0,
2026-04-21,00:00:00,maceta2,148.0,152.0,53.7,51.4,52.5,8.9,0.0016,15.2,77.2,0,0,0,
2026-04-21,01:00:00,maceta1,147.0,145.0,54.3,55.1,54.7,23.2,0.0069,12.7,79.1,0,0,0,
2026-04-21,01:00:00,maceta2,148.0,153.0,53.5,51.2,52.3,25.6,0.0064,13.5,69.6,0,0,0,
2026-04-21,02:00:00,maceta1,147.0,146.0,54.1,54.9,54.5,12.6,0.0092,11.8,72.0,0,0,0,
2026-04-21,02:00:00,maceta2,149.0,153.0,53.3,51.0,52.1,20.0,0.0101,14.1,68.0,0,0,0,
2026-04-21,03:00:00,maceta1,148.0,146.0,53.8,54.7,54.3,1.8,0.0095,10.7,77.0,0,0,0,
2026-04-21,03:00:00,maceta2,149.0,154.0,53.1,50.8,51.9,15.9,0.013,14.5,78.3,0,0,0,
2026-04-21,04:00:00,maceta1,148.0,146.0,53.6,54.5,54.1,1.3,0.0098,11.9,67.9,0,0,0,
2026-04-21,04:00:00,maceta2,150.0,154.0,52.8,50.6,51.7,0.9,0.0132,9.8,72.4,0,0,0,
2026-04-21,05:00:00,maceta1,148.0,147.0,53.4,54.4,53.9,18.4,0.0132,12.6,66.9,0,0,0,
2026-04-21,05:00:00,maceta2,150.0,154.0,52.6,50.5,51.5,9.1,0.0149,11.4,69.2,0,0,0,
2026-04-21,06:00:00,maceta1,149.0,147.0,53.2,54.1,53.7,6463.8,1.209,14.5,74.8,1,0,0,
2026-04-21,06:00:00,maceta2,150.0,155.0,52.4,50.2,51.3,5881.1,1.1029,12.2,68.4,1,0,0,
2026-04-21,07:00:00,maceta1,149.0,147.0,53.0,54.0,53.5,6034.3,2.3253,13.6,68.5,1,0,0,
2026-04-21,07:00:00,maceta2,151.0,155.0,52.3,50.0,51.1,6023.7,2.2173,11.4,61.9,1,0,0,
2026-04-21,08:00:00,maceta1,150.0,148.0,52.9,53.8,53.3,5905.8,3.4179,14.8,68.5,1,0,0,
2026-04-21,08:00:00,maceta2,151.0,155.0,52.1,49.8,50.9,6367.2,3.3952,11.8,67.4,1,0,1,
2026-04-21,09:00:00,maceta1,150.0,148.0,52.7,53.6,53.1,6331.9,4.5893,14.4,61.4,1,0,0,
2026-04-21,09:00:00,maceta2,85.0,82.0,86.8,88.5,87.6,6139.1,4.5309,17.9,64.1,1,0,0,
2026-04-21,10:00:00,maceta1,150.0,149.0,52.5,53.4,52.9,6176.4,5.732,19.2,63.3,1,0,0,
2026-04-21,10:00:00,maceta2,85.0,82.0,86.6,88.3,87.5,5841.7,5.6116,18.7,58.3,1,0,0,
2026-04-21,11:00:00,maceta1,151.0,149.0,52.3,53.2,52.7,6188.9,6.8769,17.8,52.6,1,0,0,
2026-04-21,11:00:00,maceta2,86.0,83.0,86.4,88.1,87.3,6353.9,6.7871,19.2,69.0,1,0,0,
2026-04-21,12:00:00,maceta1,151.0,149.0,52.1,52.9,52.5,6201.7,8.0242,20.3,54.8,1,0,0,
2026-04-21,12:00:00,maceta2,86.0,83.0,86.2,87.9,87.1,5985.7,7.8945,18.6,57.4,1,0,0,
2026-04-21,13:00:00,maceta1,151.0,150.0,51.9,52.8,52.3,6267.3,9.1836,23.3,61.4,1,0,0,
2026-04-21,13:00:00,maceta2,87.0,83.0,86.0,87.7,86.9,6053.0,9.0143,22.4,74.0,1,0,0,
2026-04-21,14:00:00,maceta1,152.0,150.0,51.7,52.6,52.1,6181.4,10.3272,21.3,49.1,1,0,0,
2026-04-21,14:00:00,maceta2,87.0,84.0,85.8,87.5,86.7,6141.3,10.1504,21.6,57.6,1,0,0,
2026-04-21,15:00:00,maceta1,152.0,151.0,51.4,52.3,51.9,6066.8,11.4496,22.1,51.5,1,0,0,
2026-04-21,15:00:00,maceta2,87.0,84.0,85.6,87.3,86.5,6303.2,11.3165,18.7,52.3,1,0,0,
2026-04-21,16:00:00,maceta1,153.0,151.0,51.2,52.1,51.7,6418.7,12.637,21.2,51.7,1,0,0,
2026-04-21,16:00:00,maceta2,88.0,85.0,85.5,87.1,86.3,5803.6,12.3902,20.6,49.7,1,0,0,
2026-04-21,17:00:00,maceta1,153.0,151.0,51.1,51.9,51.5,6453.5,13.8309,19.6,56.1,1,0,0,
2026-04-21,17:00:00,maceta2,88.0,85.0,85.3,86.9,86.1,6158.1,13.5294,20.7,49.0,1,0,0,
2026-04-21,18:00:00,maceta1,128.0,152.0,64.2,51.7,58.0,28.9,13.8363,23.0,62.7,0,0,0,Discrepancia alta entre sensores de humedad
2026-04-21,18:00:00,maceta2,88.0,85.0,85.1,86.7,85.9,4.5,13.5303,21.3,58.2,0,0,0,
2026-04-21,19:00:00,maceta1,154.0,152.0,50.6,51.5,51.1,16.0,13.8392,18.4,62.1,0,0,0,
2026-04-21,19:00:00,maceta2,89.0,128.0,84.9,64.2,74.6,17.0,13.5334,20.1,57.7,0,0,0,Discrepancia alta entre sensores de humedad
2026-04-21,20:00:00,maceta1,154.0,152.0,50.5,51.3,50.9,27.7,13.8444,20.2,60.6,0,0,0,
2026-04-21,20:00:00,maceta2,89.0,86.0,84.7,86.3,85.5,18.8,13.5369,19.4,63.8,0,0,0,
2026-04-21,21:00:00,maceta1,155.0,153.0,50.3,51.1,50.7,4.4,13.8452,16.9,59.2,0,0,0,
2026-04-21,21:00:00,maceta2,89.0,86.0,84.5,86.1,85.3,13.1,13.5393,15.8,63.2,0,0,0,
2026-04-21,22:00:00,maceta1,155.0,153.0,50.0,50.9,50.4,19.6,13.8488,16.5,63.3,0,0,0,
2026-04-21,22:00:00,maceta2,90.0,87.0,84.3,86.0,85.2,21.0,13.5432,16.1,63.1,0,0,0,
2026-04-21,23:00:00,maceta1,155.0,154.0,49.8,50.7,50.2,25.9,13.8536,15.6,59.5,0,0,1,
2026-04-21,23:00:00,maceta2,90.0,87.0,84.2,85.7,85.0,5.4,13.5442,15.2,76.7,0,0,0,
2026-04-22,00:00:00,maceta1,94.0,92.0,82.4,83.4,82.9,28.5,0.0053,14.7,68.6,0,0,0,
2026-04-22,00:00:00,maceta2,90.0,88.0,84.0,85.5,84.8,1.8,0.0003,12.3,77.9,0,0,0,
2026-04-22,01:00:00,maceta1,94.0,92.0,82.2,83.2,82.7,29.5,0.0107,14.3,79.0,0,0,0,
2026-04-22,01:00:00,maceta2,91.0,88.0,83.9,85.3,84.6,25.7,0.0051,12.6,67.2,0,0,0,
2026-04-22,02:00:00,maceta1,94.0,92.0,82.0,83.1,82.5,19.8,0.0144,14.9,69.2,0,0,0,
2026-04-22,02:00:00,maceta2,91.0,88.0,83.6,85.1,84.3,22.0,0.0092,10.7,87.5,0,0,0,
2026-04-22,03:00:00,maceta1,95.0,92.0,81.8,82.9,82.4,2.2,0.0148,14.2,83.8,0,0,0,
2026-04-22,03:00:00,maceta2,92.0,89.0,83.4,84.9,84.1,1.2,0.0094,11.9,74.8,0,0,0,
2026-04-22,04:00:00,maceta1,95.0,93.0,81.6,82.7,82.1,3.1,0.0154,10.8,75.9,0,0,0,
2026-04-22,04:00:00,maceta2,92.0,89.0,83.2,84.7,84.0,2.6,0.0099,11.1,71.5,0,0,0,
2026-04-22,05:00:00,maceta1,95.0,128.0,81.4,64.2,72.8,16.4,0.0184,11.8,75.8,0,0,0,Discrepancia alta entre sensores de humedad
2026-04-22,05:00:00,maceta2,92.0,89.0,83.0,84.5,83.8,6.5,0.0111,12.9,70.1,0,0,0,
2026-04-22,06:00:00,maceta1,96.0,94.0,81.2,82.2,81.7,6321.6,1.1879,13.9,61.9,1,0,0,
2026-04-22,06:00:00,maceta2,93.0,90.0,82.8,84.3,83.5,6433.5,1.2013,12.2,65.5,1,0,0,
2026-04-22,07:00:00,maceta1,96.0,94.0,81.0,82.1,81.5,5803.1,2.2615,14.1,70.1,1,0,0,
2026-04-22,07:00:00,maceta2,93.0,90.0,82.6,84.1,83.4,5800.2,2.2743,17.3,64.3,1,0,0,
2026-04-22,08:00:00,maceta1,97.0,94.0,80.8,81.8,81.3,6130.6,3.3956,17.9,67.3,1,0,0,
2026-04-22,08:00:00,maceta2,93.0,91.0,82.4,83.9,83.1,5820.5,3.3511,16.0,62.2,1,0,0,
2026-04-22,09:00:00,maceta1,97.0,95.0,80.6,81.6,81.1,6482.2,4.5948,16.7,61.1,1,0,0,
2026-04-22,09:00:00,maceta2,94.0,91.0,82.2,83.7,82.9,5955.4,4.4529,16.8,69.3,1,0,0,
2026-04-22,10:00:00,maceta1,97.0,95.0,80.4,81.4,80.9,6130.9,5.729,18.8,63.6,1,0,0,
2026-04-22,10:00:00,maceta2,94.0,91.0,82.0,83.5,82.8,5842.8,5.5338,16.4,62.4,1,0,0,
2026-04-22,11:00:00,maceta1,98.0,96.0,80.2,81.2,80.7,6165.4,6.8696,18.7,64.4,1,0,0,
2026-04-22,11:00:00,maceta2,95.0,92.0,81.8,83.3,82.5,6066.0,6.656,16.6,62.4,1,0,0,
2026-04-22,12:00:00,maceta1,98.0,96.0,79.9,81.0,80.5,5831.3,7.9484,20.7,65.2,1,0,0,
2026-04-22,12:00:00,maceta2,95.0,92.0,81.7,83.1,82.4,6034.6,7.7724,21.1,55.6,1,0,0,
2026-04-22,13:00:00,maceta1,98.0,96.0,79.8,80.8,80.3,6074.0,9.0721,20.2,54.2,1,0,0,
2026-04-22,13:00:00,maceta2,95.0,92.0,81.5,82.9,82.2,6492.9,8.9736,23.3,49.8,1,0,0,
2026-04-22,14:00:00,maceta1,99.0,97.0,79.6,80.6,80.1,5945.5,10.172,19.6,53.2,1,0,0,
2026-04-22,14:00:00,maceta2,96.0,93.0,81.3,82.7,82.0,6181.3,10.1171,19.2,60.2,1,0,0,
2026-04-22,15:00:00,maceta1,99.0,97.0,79.4,80.4,79.9,6491.1,11.3729,21.9,61.5,1,0,0,
2026-04-22,15:00:00,maceta2,96.0,128.0,81.0,64.2,72.6,6354.4,11.2927,23.2,59.8,1,0,0,Discrepancia alta entre sensores de humedad
2026-04-22,16:00:00,maceta1,100.0,98.0,79.2,80.2,79.7,6495.4,12.5745,24.0,46.4,1,0,0,
2026-04-22,16:00:00,maceta2,96.0,94.0,80.9,82.4,81.6,6477.8,12.4911,20.8,60.8,1,0,0,
2026-04-22,17:00:00,maceta1,100.0,98.0,79.0,80.0,79.5,6142.7,13.7109,22.6,47.1,1,0,0,
2026-04-22,17:00:00,maceta2,97.0,94.0,80.7,82.2,81.5,6287.5,13.6543,20.9,60.8,1,0,0,
2026-04-22,18:00:00,maceta1,100.0,98.0,78.8,79.8,79.3,1.5,13.7112,19.9,56.1,0,0,0,
2026-04-22,18:00:00,maceta2,97.0,94.0,80.5,82.0,81.2,27.1,13.6593,21.5,61.4,0,0,0,
2026-04-22,19:00:00,maceta1,101.0,99.0,78.6,79.6,79.1,14.5,13.7139,20.1,53.3,0,0,0,
2026-04-22,19:00:00,maceta2,97.0,95.0,80.3,81.8,81.1,8.4,13.6608,16.7,65.9,0,0,0,
2026-04-22,20:00:00,maceta1,101.0,99.0,78.4,79.4,78.9,21.5,13.7179,20.1,55.1,0,0,0,
2026-04-22,20:00:00,maceta2,98.0,95.0,80.1,81.6,80.9,26.6,13.6658,20.0,59.1,0,0,0,
2026-04-22,21:00:00,maceta1,101.0,100.0,78.2,79.2,78.7,0.0,13.7179,15.7,60.0,0,0,0,
2026-04-22,21:00:00,maceta2,98.0,95.0,79.9,81.4,80.6,20.6,13.6696,17.2,56.2,0,0,0,
2026-04-22,22:00:00,maceta1,102.0,100.0,78.1,79.0,78.5,23.0,13.7221,16.1,68.1,0,0,0,
2026-04-22,22:00:00,maceta2,99.0,96.0,79.7,81.2,80.4,6.3,13.6707,15.7,76.6,0,0,0,
2026-04-22,23:00:00,maceta1,102.0,100.0,77.9,78.8,78.3,14.7,13.7248,13.3,83.3,0,0,0,
2026-04-22,23:00:00,maceta2,128.0,96.0,64.2,81.0,72.6,2.7,13.6712,13.1,70.5,0,0,0,Discrepancia alta entre sensores de humedad
2026-04-23,00:00:00,maceta1,102.0,101.0,77.7,78.6,78.1,22.4,0.0041,12.9,77.7,0,0,0,
2026-04-23,00:00:00,maceta2,99.0,96.0,79.2,80.8,80.0,25.4,0.0047,14.7,73.2,0,0,0,
2026-04-23,01:00:00,maceta1,103.0,101.0,77.4,78.3,77.9,3.2,0.0047,13.0,76.2,0,0,0,
2026-04-23,01:00:00,maceta2,100.0,97.0,79.1,80.6,79.9,24.5,0.0092,11.6,71.9,0,0,0,
2026-04-23,02:00:00,maceta1,103.0,102.0,77.2,78.1,77.7,23.1,0.009,12.8,75.6,0,0,0,
2026-04-23,02:00:00,maceta2,100.0,97.0,78.9,80.4,79.7,10.4,0.0112,7.4,77.3,0,0,0,
2026-04-23,03:00:00,maceta1,104.0,102.0,77.0,77.9,77.4,20.7,0.0129,13.2,72.1,0,0,0,
2026-04-23,03:00:00,maceta2,100.0,98.0,78.8,80.2,79.5,0.0,0.0112,8.9,74.6,0,0,0,
2026-04-23,04:00:00,maceta1,104.0,102.0,76.8,77.7,77.2,28.0,0.018,11.1,74.4,0,0,0,
2026-04-23,04:00:00,maceta2,101.0,98.0,78.6,80.0,79.3,16.5,0.0142,10.0,78.8,0,0,0,
2026-04-23,05:00:00,maceta1,104.0,103.0,76.6,77.5,77.0,18.6,0.0215,10.2,68.3,0,0,0,
2026-04-23,05:00:00,maceta2,101.0,98.0,78.4,79.8,79.1,19.9,0.0179,13.9,73.4,0,0,0,
2026-04-23,06:00:00,maceta1,105.0,103.0,76.4,77.3,76.8,6445.5,1.2139,12.2,81.6,1,0,0,
2026-04-23,06:00:00,maceta2,101.0,99.0,78.2,79.6,78.9,5906.2,1.1105,13.4,77.9,1,0,0,
2026-04-23,07:00:00,maceta1,105.0,103.0,76.2,77.1,76.6,6196.9,2.3603,13.9,76.7,1,0,0,
2026-04-23,07:00:00,maceta2,102.0,99.0,78.1,79.4,78.7,6335.1,2.2825,14.7,70.1,1,0,0,
2026-04-23,08:00:00,maceta1,106.0,104.0,76.0,76.9,76.5,6330.3,3.5314,15.3,69.2,1,0,0,
2026-04-23,08:00:00,maceta2,102.0,100.0,77.9,79.2,78.5,6167.9,3.4236,13.2,72.6,1,0,0,
2026-04-23,09:00:00,maceta1,106.0,104.0,75.8,76.7,76.2,6237.3,4.6853,18.0,72.8,1,0,0,
2026-04-23,09:00:00,maceta2,102.0,100.0,77.7,79.0,78.3,6330.3,4.5947,15.7,55.2,1,0,0,
2026-04-23,10:00:00,maceta1,106.0,105.0,75.6,76.5,76.1,6388.7,5.8672,15.4,55.8,1,0,0,
2026-04-23,10:00:00,maceta2,103.0,100.0,77.5,78.8,78.1,6333.3,5.7664,17.1,69.0,1,0,0,
2026-04-23,11:00:00,maceta1,107.0,105.0,75.4,76.2,75.8,6047.8,6.9861,21.2,58.6,1,0,0,
2026-04-23,11:00:00,maceta2,103.0,101.0,77.2,78.6,77.9,6497.7,6.9684,20.2,56.6,1,0,0,
2026-04-23,12:00:00,maceta1,107.0,106.0,75.2,76.0,75.6,6104.2,8.1154,19.5,51.7,1,0,0,
2026-04-23,12:00:00,maceta2,104.0,101.0,77.0,78.3,77.7,5817.1,8.0446,19.5,55.2,1,0,0,
2026-04-23,13:00:00,maceta1,108.0,106.0,75.0,75.8,75.4,6053.8,9.2353,20.3,49.3,1,0,0,
2026-04-23,13:00:00,maceta2,104.0,102.0,76.8,78.1,77.5,5889.4,9.1342,23.9,66.8,1,0,0,
2026-04-23,14:00:00,maceta1,108.0,106.0,74.8,75.6,75.2,5885.0,10.324,21.9,55.2,1,0,0,
2026-04-23,14:00:00,maceta2,104.0,102.0,76.6,77.9,77.3,5997.1,10.2436,21.9,55.1,1,0,0,
2026-04-23,15:00:00,maceta1,108.0,107.0,74.6,75.4,75.0,5837.4,11.404,23.0,57.9,1,0,0,
2026-04-23,15:00:00,maceta2,105.0,102.0,76.5,77.7,77.1,6282.0,11.4058,21.8,59.8,1,0,0,
2026-04-23,16:00:00,maceta1,109.0,107.0,74.4,75.2,74.8,5851.8,12.4865,20.9,60.1,1,0,0,
2026-04-23,16:00:00,maceta2,105.0,103.0,76.2,77.5,76.9,5942.3,12.5051,21.0,60.7,1,0,0,
2026-04-23,17:00:00,maceta1,109.0,107.0,74.2,75.0,74.6,5865.0,13.5716,20.7,53.2,1,0,0,
2026-04-23,17:00:00,maceta2,106.0,103.0,76.0,77.3,76.7,5844.2,13.5863,20.7,54.9,1,0,0,
2026-04-23,18:00:00,maceta1,109.0,108.0,74.0,74.8,74.4,19.3,13.5751,21.1,61.8,0,0,0,
2026-04-23,18:00:00,maceta2,106.0,103.0,75.9,77.1,76.5,26.6,13.5912,20.1,55.3,0,0,0,
2026-04-23,19:00:00,maceta1,110.0,108.0,73.9,74.6,74.3,6.0,13.5762,20.1,60.0,0,0,0,
2026-04-23,19:00:00,maceta2,106.0,104.0,75.7,76.9,76.3,7.4,13.5926,18.8,62.0,0,0,0,
2026-04-23,20:00:00,maceta1,110.0,109.0,73.7,74.4,74.0,28.6,13.5815,17.9,66.3,0,0,0,
2026-04-23,20:00:00,maceta2,107.0,104.0,75.4,76.8,76.1,4.1,13.5933,14.8,53.5,0,0,0,
2026-04-23,21:00:00,maceta1,110.0,109.0,73.5,74.2,73.9,5.7,13.5826,17.8,68.6,0,0,0,
2026-04-23,21:00:00,maceta2,107.0,105.0,75.3,76.5,75.9,12.6,13.5957,17.0,63.8,0,0,0,
2026-04-23,22:00:00,maceta1,111.0,109.0,73.3,74.1,73.7,17.7,13.5859,16.7,71.1,0,0,0,
2026-04-23,22:00:00,maceta2,107.0,105.0,75.1,76.4,75.7,18.1,13.599,10.8,71.5,0,0,0,
2026-04-23,23:00:00,maceta1,111.0,110.0,73.1,73.9,73.5,8.8,13.5875,17.1,78.0,0,0,0,
2026-04-23,23:00:00,maceta2,108.0,105.0,74.9,76.2,75.5,27.6,13.6041,13.8,76.8,0,0,0,
2026-04-24,00:00:00,maceta1,111.0,128.0,72.9,64.2,68.6,27.5,0.0051,14.4,78.8,0,0,0,Discrepancia alta entre sensores de humedad
2026-04-24,00:00:00,maceta2,108.0,105.0,74.7,76.1,75.4,11.8,0.0022,11.2,79.3,0,0,0,
2026-04-24,01:00:00,maceta1,112.0,110.0,72.7,73.4,73.1,13.0,0.0075,12.9,75.1,0,0,0,
2026-04-24,01:00:00,maceta2,108.0,106.0,74.5,75.8,75.2,21.1,0.0061,10.4,73.8,0,0,0,
2026-04-24,02:00:00,maceta1,112.0,111.0,72.6,73.2,72.9,19.9,0.0112,10.6,79.0,0,0,0,
2026-04-24,02:00:00,maceta2,109.0,106.0,74.3,75.7,75.0,11.5,0.0082,14.4,78.3,0,0,0,
2026-04-24,03:00:00,maceta1,112.0,111.0,72.4,73.0,72.7,12.4,0.0135,11.0,73.5,0,0,0,
2026-04-24,03:00:00,maceta2,109.0,107.0,74.1,75.4,74.8,10.4,0.0101,11.6,77.0,0,0,0,
2026-04-24,04:00:00,maceta1,113.0,112.0,72.2,72.8,72.5,7.1,0.0148,12.8,74.5,0,0,0,
2026-04-24,04:00:00,maceta2,110.0,107.0,73.9,75.2,74.6,13.7,0.0127,12.2,70.4,0,0,0,
2026-04-24,05:00:00,maceta1,113.0,112.0,72.0,72.6,72.3,20.6,0.0186,12.2,80.1,0,0,0,
2026-04-24,05:00:00,maceta2,110.0,107.0,73.8,75.1,74.4,22.3,0.0168,12.5,73.9,0,0,0,
2026-04-24,06:00:00,maceta1,128.0,112.0,64.2,72.4,68.3,6415.8,1.2055,16.4,82.3,1,0,0,Discrepancia alta entre sensores de humedad
2026-04-24,06:00:00,maceta2,110.0,108.0,73.6,74.8,74.2,6485.9,1.2167,12.7,63.9,1,0,0,
2026-04-24,07:00:00,maceta1,114.0,113.0,71.6,72.2,71.9,6145.6,2.3424,14.1,67.2,1,0,0,
2026-04-24,07:00:00,maceta2,111.0,108.0,73.3,74.6,74.0,6073.4,2.3403,15.4,70.2,1,0,0,
2026-04-24,08:00:00,maceta1,114.0,113.0,71.4,72.0,71.7,6130.4,3.4766,16.7,73.3,1,0,0,
2026-04-24,08:00:00,maceta2,111.0,109.0,73.2,74.3,73.7,6396.9,3.5237,16.8,69.6,1,0,0,
2026-04-24,09:00:00,maceta1,115.0,114.0,71.2,71.7,71.5,6251.8,4.6332,17.3,66.6,1,0,0,
2026-04-24,09:00:00,maceta2,111.0,109.0,73.0,74.2,73.6,5831.3,4.6025,14.6,59.4,1,0,0,
2026-04-24,10:00:00,maceta1,115.0,114.0,70.9,71.6,71.3,6179.5,5.7764,20.1,56.6,1,0,0,
2026-04-24,10:00:00,maceta2,112.0,109.0,72.8,74.0,73.4,5812.1,5.6777,15.9,64.0,1,0,0,
2026-04-24,11:00:00,maceta1,116.0,114.0,70.8,71.4,71.1,6345.0,6.9502,19.3,53.2,1,0,0,
2026-04-24,11:00:00,maceta2,112.0,110.0,72.6,73.8,73.2,6029.8,6.7932,17.7,57.3,1,0,0,
2026-04-24,12:00:00,maceta1,116.0,115.0,70.5,71.2,70.8,6130.4,8.0843,19.8,60.4,1,0,0,
2026-04-24,12:00:00,maceta2,112.0,110.0,72.4,73.6,73.0,6359.1,7.9697,20.3,53.0,1,0,0,
2026-04-24,13:00:00,maceta1,116.0,115.0,70.3,71.0,70.6,5832.5,9.1633,21.1,64.4,1,0,0,
2026-04-24,13:00:00,maceta2,113.0,111.0,72.2,73.3,72.8,5911.0,9.0632,21.3,62.5,1,0,0,
2026-04-24,14:00:00,maceta1,117.0,115.0,70.1,70.8,70.5,6078.6,10.2879,23.6,47.5,1,0,0,
2026-04-24,14:00:00,maceta2,113.0,111.0,72.0,73.1,72.6,5960.9,10.166,21.8,50.7,1,0,0,
2026-04-24,15:00:00,maceta1,117.0,116.0,69.8,70.6,70.2,6036.5,11.4046,21.0,43.6,1,0,0,
2026-04-24,15:00:00,maceta2,113.0,111.0,71.9,72.9,72.4,6498.7,11.3682,22.8,51.1,1,0,0,
2026-04-24,16:00:00,maceta1,118.0,116.0,69.6,70.5,70.1,6377.8,12.5845,22.9,59.2,1,0,0,
2026-04-24,16:00:00,maceta2,114.0,112.0,71.7,72.7,72.2,6418.7,12.5557,19.3,53.3,1,0,0,
2026-04-24,17:00:00,maceta1,118.0,117.0,69.4,70.2,69.8,6455.9,13.7789,21.5,58.6,1,0,0,
2026-04-24,17:00:00,maceta2,114.0,112.0,71.5,72.6,72.0,6038.7,13.6729,21.7,48.7,1,0,0,
2026-04-24,18:00:00,maceta1,118.0,117.0,69.3,70.0,69.6,14.6,13.7816,19.4,61.9,0,0,0,
2026-04-24,18:00:00,maceta2,115.0,113.0,71.3,72.4,71.8,24.1,13.6773,21.9,55.2,0,0,0,
2026-04-24,19:00:00,maceta1,119.0,117.0,69.0,69.8,69.4,8.9,13.7832,18.6,60.1,0,0,0,
2026-04-24,19:00:00,maceta2,115.0,113.0,71.1,72.1,71.6,2.9,13.6779,19.0,59.5,0,0,0,
2026-04-24,20:00:00,maceta1,119.0,118.0,68.8,69.7,69.2,15.6,13.7861,17.4,56.1,0,0,0,
2026-04-24,20:00:00,maceta2,115.0,113.0,70.9,72.0,71.4,15.9,13.6808,17.6,56.6,0,0,0,
2026-04-24,21:00:00,maceta1,120.0,118.0,68.6,69.5,69.0,23.9,13.7905,14.7,69.8,0,0,0,
2026-04-24,21:00:00,maceta2,116.0,114.0,70.7,71.8,71.2,29.0,13.6862,14.2,67.0,0,0,0,
2026-04-24,22:00:00,maceta1,120.0,118.0,68.4,69.3,68.8,1.7,13.7908,17.4,72.8,0,0,0,
2026-04-24,22:00:00,maceta2,116.0,114.0,70.5,71.6,71.1,17.8,13.6894,13.8,69.2,0,0,0,
2026-04-24,23:00:00,maceta1,120.0,119.0,68.3,69.0,68.6,20.4,13.7946,12.3,70.7,0,0,0,
2026-04-24,23:00:00,maceta2,116.0,114.0,70.3,71.5,70.9,29.6,13.6949,10.6,61.4,0,0,0,
2026-04-25,00:00:00,maceta1,121.0,119.0,68.0,68.9,68.4,28.3,0.0052,11.7,70.7,0,0,0,
2026-04-25,00:00:00,maceta2,117.0,115.0,70.1,71.3,70.7,21.4,0.004,10.7,71.9,0,0,0,
2026-04-25,01:00:00,maceta1,121.0,119.0,67.8,68.7,68.3,15.7,0.0081,14.3,83.4,0,0,0,
2026-04-25,01:00:00,maceta2,117.0,115.0,69.9,71.1,70.5,4.8,0.0049,13.4,77.1,0,0,0,
2026-04-25,02:00:00,maceta1,121.0,120.0,67.6,68.5,68.1,11.5,0.0103,10.3,82.3,0,0,0,
2026-04-25,02:00:00,maceta2,117.0,115.0,69.7,70.8,70.3,17.6,0.0081,14.7,77.6,0,0,0,
2026-04-25,03:00:00,maceta1,122.0,120.0,67.4,68.3,67.9,21.8,0.0143,12.6,71.4,0,0,0,
2026-04-25,03:00:00,maceta2,118.0,116.0,69.6,70.6,70.1,19.1,0.0116,10.7,75.6,0,0,0,
2026-04-25,04:00:00,maceta1,122.0,121.0,67.2,68.1,67.7,21.4,0.0182,7.6,75.8,0,0,0,
2026-04-25,04:00:00,maceta2,118.0,116.0,69.3,70.4,69.9,12.9,0.014,14.8,70.0,0,0,0,
2026-04-25,05:00:00,maceta1,123.0,121.0,67.0,68.0,67.5,21.8,0.0223,9.8,71.7,0,0,0,
2026-04-25,05:00:00,maceta2,119.0,117.0,69.1,70.2,69.7,4.3,0.0148,9.4,72.6,0,0,0,
2026-04-25,06:00:00,maceta1,123.0,121.0,66.8,67.8,67.3,6425.9,1.2111,14.2,80.1,1,0,0,
2026-04-25,06:00:00,maceta2,119.0,117.0,68.9,70.0,69.5,6475.2,1.2127,16.3,61.7,1,0,0,
2026-04-25,07:00:00,maceta1,123.0,122.0,66.6,67.6,67.1,6135.1,2.3461,15.7,76.0,1,0,0,
2026-04-25,07:00:00,maceta2,120.0,117.0,68.7,69.8,69.3,5872.8,2.2992,14.5,65.3,1,0,0,
2026-04-25,08:00:00,maceta1,124.0,122.0,66.5,67.5,67.0,6349.7,3.5208,15.8,60.7,1,0,0,
2026-04-25,08:00:00,maceta2,120.0,118.0,68.5,69.6,69.1,6288.0,3.4625,16.2,73.5,1,0,0,
2026-04-25,09:00:00,maceta1,124.0,122.0,66.3,67.3,66.8,6048.3,4.6397,17.3,68.7,1,0,0,
2026-04-25,09:00:00,maceta2,120.0,118.0,68.3,69.4,68.8,6421.2,4.6504,16.6,71.3,1,0,0,
2026-04-25,10:00:00,maceta1,125.0,123.0,66.0,67.1,66.6,6483.1,5.8391,17.6,66.4,1,0,0,
2026-04-25,10:00:00,maceta2,121.0,119.0,68.0,69.2,68.6,6190.5,5.7956,17.4,72.7,1,0,0,
2026-04-25,11:00:00,maceta1,125.0,123.0,65.8,66.8,66.3,6196.0,6.9853,17.5,62.8,1,0,0,
2026-04-25,11:00:00,maceta2,121.0,119.0,67.9,69.0,68.4,6008.3,6.9072,18.3,59.2,1,0,0,
2026-04-25,12:00:00,maceta1,125.0,123.0,65.6,66.6,66.1,6209.2,8.134,17.2,59.6,1,0,0,
2026-04-25,12:00:00,maceta2,121.0,119.0,67.6,68.8,68.2,6107.7,8.0371,19.6,64.1,1,0,0,
2026-04-25,13:00:00,maceta1,126.0,124.0,65.4,66.4,65.9,6011.5,9.2461,19.0,52.4,1,0,0,
2026-04-25,13:00:00,maceta2,122.0,120.0,67.4,68.6,68.0,5847.0,9.1188,18.8,53.1,1,0,0,
2026-04-25,14:00:00,maceta1,126.0,124.0,65.2,66.1,65.7,5976.9,10.3519,21.3,53.8,1,0,0,
2026-04-25,14:00:00,maceta2,122.0,120.0,67.2,68.3,67.8,5938.5,10.2174,23.1,44.8,1,0,0,
2026-04-25,15:00:00,maceta1,127.0,125.0,65.0,66.0,65.5,6179.4,11.4951,22.6,55.7,1,0,0,
2026-04-25,15:00:00,maceta2,123.0,121.0,67.1,68.1,67.6,6221.2,11.3683,18.8,45.6,1,0,0,
2026-04-25,16:00:00,maceta1,127.0,125.0,64.8,65.7,65.3,6226.0,12.6469,19.5,55.6,1,0,0,
2026-04-25,16:00:00,maceta2,123.0,121.0,66.8,67.9,67.4,6071.7,12.4916,22.4,59.7,1,0,0,
2026-04-25,17:00:00,maceta1,127.0,126.0,64.6,65.5,65.1,6094.9,13.7744,19.0,54.0,1,0,0,
2026-04-25,17:00:00,maceta2,123.0,121.0,66.6,67.7,67.2,6384.0,13.6726,20.2,64.7,1,0,0,
2026-04-25,18:00:00,maceta1,128.0,126.0,64.4,65.3,64.9,9.1,13.7761,20.5,50.6,0,0,0,Discrepancia alta entre sensores de humedad
2026-04-25,18:00:00,maceta2,124.0,122.0,66.4,67.6,67.0,25.8,13.6774,18.3,63.9,0,0,0,
2026-04-25,19:00:00,maceta1,128.0,126.0,64.2,65.1,64.7,6.0,13.7772,18.8,63.4,0,0,0,Discrepancia alta entre sensores de humedad
2026-04-25,19:00:00,maceta2,124.0,122.0,66.2,67.4,66.8,0.1,13.6774,16.7,51.4,0,0,0,
2026-04-25,20:00:00,maceta1,128.0,127.0,64.0,64.9,64.4,26.1,13.7821,16.6,76.0,0,0,0,Discrepancia alta entre sensores de humedad
2026-04-25,20:00:00,maceta2,128.0,122.0,64.2,67.2,65.7,9.8,13.6792,17.9,62.1,0,0,0,Discrepancia alta entre sensores de humedad
2026-04-25,21:00:00,maceta1,129.0,127.0,63.8,64.7,64.2,12.4,13.7844,13.8,60.6,0,0,0,
2026-04-25,21:00:00,maceta2,125.0,128.0,65.7,64.2,65.0,13.4,13.6817,16.8,58.0,0,0,0,Discrepancia alta entre sensores de humedad
2026-04-25,22:00:00,maceta1,129.0,128.0,63.6,64.5,64.0,25.4,13.7891,14.8,66.5,0,0,0,Discrepancia alta entre sensores de humedad
2026-04-25,22:00:00,maceta2,126.0,123.0,65.5,66.7,66.1,10.1,13.6836,15.7,67.0,0,0,0,
2026-04-25,23:00:00,maceta1,129.0,128.0,63.4,64.3,63.9,26.8,13.794,14.0,70.5,0,0,0,Discrepancia alta entre sensores de humedad
2026-04-25,23:00:00,maceta2,126.0,124.0,65.3,66.6,65.9,18.5,13.687,15.7,68.5,0,0,0,
2026-04-26,00:00:00,maceta1,130.0,128.0,63.2,64.1,63.7,15.8,0.0029,12.7,75.2,0,0,0,Discrepancia alta entre sensores de humedad
2026-04-26,00:00:00,maceta2,126.0,124.0,65.0,66.4,65.7,9.8,0.0018,11.8,70.1,0,0,0,
2026-04-26,01:00:00,maceta1,130.0,129.0,63.0,63.9,63.5,7.3,0.0043,11.9,64.0,0,0,0,
2026-04-26,01:00:00,maceta2,127.0,124.0,64.8,66.2,65.5,18.7,0.0053,12.5,72.9,0,0,0,
2026-04-26,02:00:00,maceta1,131.0,129.0,62.8,63.8,63.3,13.4,0.0068,11.3,62.8,0,0,0,
2026-04-26,02:00:00,maceta2,127.0,125.0,64.7,66.0,65.3,27.3,0.0103,11.3,76.4,0,0,0,
2026-04-26,03:00:00,maceta1,131.0,129.0,62.6,63.6,63.1,14.7,0.0095,10.0,70.1,0,0,0,
2026-04-26,03:00:00,maceta2,128.0,125.0,64.5,65.7,65.1,15.4,0.0132,10.0,75.8,0,0,0,Discrepancia alta entre sensores de humedad
2026-04-26,04:00:00,maceta1,131.0,130.0,62.4,63.4,62.9,12.5,0.0118,9.1,81.2,0,0,0,
2026-04-26,04:00:00,maceta2,128.0,126.0,64.3,65.5,64.9,23.7,0.0175,13.8,69.9,0,0,0,Discrepancia alta entre sensores de humedad
2026-04-26,05:00:00,maceta1,132.0,130.0,62.2,63.2,62.7,12.7,0.0142,9.8,79.0,0,0,0,
2026-04-26,05:00:00,maceta2,128.0,126.0,64.1,65.3,64.7,8.1,0.019,10.7,71.5,0,0,0,Discrepancia alta entre sensores de humedad
2026-04-26,06:00:00,maceta1,132.0,130.0,62.0,62.9,62.5,6191.6,1.1596,11.4,80.8,1,0,0,
2026-04-26,06:00:00,maceta2,129.0,126.0,63.9,65.1,64.5,5832.0,1.098,13.8,70.2,1,0,0,
2026-04-26,07:00:00,maceta1,133.0,131.0,61.8,62.8,62.3,6452.3,2.3533,13.1,65.8,1,0,0,
2026-04-26,07:00:00,maceta2,129.0,127.0,63.7,64.9,64.3,6239.6,2.2523,15.4,73.4,1,0,0,
2026-04-26,08:00:00,maceta1,133.0,131.0,61.6,62.5,62.1,6495.8,3.555,13.7,65.4,1,0,0,
2026-04-26,08:00:00,maceta2,129.0,127.0,63.5,64.8,64.1,6176.1,3.3949,15.2,63.4,1,0,0,
2026-04-26,09:00:00,maceta1,133.0,132.0,61.4,62.3,61.9,6297.1,4.72,14.8,62.6,1,0,0,
2026-04-26,09:00:00,maceta2,130.0,127.0,63.3,64.6,63.9,5839.3,4.4752,19.2,64.8,1,0,0,
2026-04-26,10:00:00,maceta1,134.0,132.0,61.2,62.1,61.7,6242.2,5.8748,15.5,69.1,1,0,0,
2026-04-26,10:00:00,maceta2,130.0,128.0,63.1,64.3,63.7,6335.3,5.6472,17.8,52.7,1,0,0,Discrepancia alta entre sensores de humedad
2026-04-26,11:00:00,maceta1,134.0,132.0,61.0,61.9,61.4,6345.0,7.0486,19.5,60.1,1,0,0,
2026-04-26,11:00:00,maceta2,130.0,128.0,62.9,64.1,63.5,6339.1,6.8199,19.1,63.1,1,0,0,Discrepancia alta entre sensores de humedad
2026-04-26,12:00:00,maceta1,135.0,133.0,60.7,61.7,61.2,5958.4,8.1509,19.3,58.9,1,0,0,
2026-04-26,12:00:00,maceta2,131.0,129.0,62.7,63.9,63.3,6482.8,8.0192,19.4,64.5,1,0,0,
2026-04-26,13:00:00,maceta1,135.0,133.0,60.6,61.5,61.0,6496.6,9.3528,20.4,56.0,1,0,0,
2026-04-26,13:00:00,maceta2,131.0,129.0,62.5,63.8,63.1,5852.9,9.102,20.1,55.4,1,0,0,
2026-04-26,14:00:00,maceta1,135.0,134.0,60.4,61.3,60.8,6455.5,10.5471,22.3,58.3,1,0,0,
2026-04-26,14:00:00,maceta2,132.0,129.0,62.4,63.6,63.0,6002.6,10.2125,24.2,55.8,1,0,0,
2026-04-26,15:00:00,maceta1,136.0,134.0,60.1,61.0,60.6,6282.5,11.7093,20.2,53.0,1,0,0,
2026-04-26,15:00:00,maceta2,132.0,130.0,62.1,63.4,62.7,6036.7,11.3293,19.0,57.6,1,0,0,
2026-04-26,16:00:00,maceta1,136.0,134.0,60.0,60.9,60.4,6477.4,12.9076,20.7,52.1,1,0,0,
2026-04-26,16:00:00,maceta2,132.0,130.0,61.9,63.1,62.5,5871.1,12.4154,24.7,52.3,1,0,0,
2026-04-26,17:00:00,maceta1,136.0,135.0,59.8,60.6,60.2,6148.4,14.0451,19.2,53.7,1,0,0,
2026-04-26,17:00:00,maceta2,133.0,130.0,61.7,63.0,62.3,6099.6,13.5439,22.8,63.1,1,0,0,
2026-04-26,18:00:00,maceta1,128.0,135.0,64.2,60.4,62.3,28.9,14.0504,22.1,41.8,0,0,0,Discrepancia alta entre sensores de humedad
2026-04-26,18:00:00,maceta2,133.0,131.0,61.5,62.8,62.1,24.4,13.5484,18.7,59.9,0,0,0,
2026-04-26,19:00:00,maceta1,137.0,136.0,59.3,60.2,59.8,25.1,14.0551,19.4,60.2,0,0,0,
2026-04-26,19:00:00,maceta2,133.0,131.0,61.3,62.6,62.0,0.5,13.5484,21.0,51.6,0,0,0,
2026-04-26,20:00:00,maceta1,138.0,136.0,59.1,60.1,59.6,28.6,14.0604,16.8,64.0,0,0,0,
2026-04-26,20:00:00,maceta2,134.0,131.0,61.2,62.5,61.8,23.3,13.5528,17.0,64.8,0,0,0,
2026-04-26,21:00:00,maceta1,138.0,136.0,58.9,59.8,59.4,23.0,14.0646,15.2,67.9,0,0,0,
2026-04-26,21:00:00,maceta2,134.0,132.0,60.9,62.2,61.6,2.4,13.5532,14.5,51.7,0,0,0,
2026-04-26,22:00:00,maceta1,138.0,128.0,58.7,64.2,61.4,7.0,14.0659,13.8,74.4,0,0,0,Discrepancia alta entre sensores de humedad
2026-04-26,22:00:00,maceta2,135.0,132.0,60.8,62.0,61.4,28.9,13.5586,12.9,63.9,0,0,0,
2026-04-26,23:00:00,maceta1,139.0,137.0,58.5,59.4,59.0,15.0,14.0687,13.6,73.4,0,0,0,
2026-04-26,23:00:00,maceta2,135.0,133.0,60.6,61.8,61.2,11.9,13.5608,12.4,73.7,0,0,0,
2026-04-27,00:00:00,maceta1,139.0,138.0,58.3,59.2,58.7,25.2,0.0047,12.7,67.7,0,0,0,
2026-04-27,00:00:00,maceta2,135.0,133.0,60.4,61.6,61.0,2.6,0.0005,10.0,75.4,0,0,0,
2026-04-27,01:00:00,maceta1,140.0,138.0,58.1,59.0,58.6,12.5,0.007,12.1,71.7,0,0,0,
2026-04-27,01:00:00,maceta2,136.0,133.0,60.2,61.4,60.8,11.3,0.0026,12.8,63.3,0,0,0,
2026-04-27,02:00:00,maceta1,140.0,138.0,57.9,58.8,58.4,10.5,0.0089,8.1,80.5,0,0,0,
2026-04-27,02:00:00,maceta2,136.0,134.0,60.0,61.2,60.6,9.2,0.0043,11.6,70.8,0,0,0,
2026-04-27,03:00:00,maceta1,140.0,139.0,57.8,58.6,58.2,6.3,0.0101,12.7,70.7,0,0,0,
2026-04-27,03:00:00,maceta2,136.0,134.0,59.8,61.0,60.4,5.2,0.0052,9.1,73.0,0,0,0,
2026-04-27,04:00:00,maceta1,141.0,139.0,57.6,58.4,58.0,19.2,0.0136,13.6,76.0,0,0,0,
2026-04-27,04:00:00,maceta2,137.0,135.0,59.6,60.7,60.2,27.6,0.0103,11.7,74.4,0,0,0,
2026-04-27,05:00:00,maceta1,141.0,139.0,57.4,58.2,57.8,15.3,0.0165,10.5,76.4,0,0,0,
2026-04-27,05:00:00,maceta2,137.0,135.0,59.4,60.6,60.0,8.9,0.012,11.5,67.0,0,0,0,
2026-04-27,06:00:00,maceta1,141.0,140.0,57.2,58.0,57.6,6116.6,1.148,13.2,68.4,1,0,0,
2026-04-27,06:00:00,maceta2,138.0,135.0,59.2,60.3,59.8,6314.1,1.1801,12.5,71.5,1,0,0,
2026-04-27,07:00:00,maceta1,142.0,140.0,57.0,57.8,57.4,6150.7,2.2859,14.2,79.5,1,0,0,
2026-04-27,07:00:00,maceta2,138.0,136.0,59.0,60.1,59.5,6223.1,2.3314,12.0,69.4,1,0,0,
2026-04-27,08:00:00,maceta1,142.0,141.0,56.8,57.6,57.2,6011.9,3.3981,14.8,73.0,1,0,0,
2026-04-27,08:00:00,maceta2,138.0,136.0,58.8,59.9,59.3,5940.3,3.4303,12.5,67.8,1,0,0,
2026-04-27,09:00:00,maceta1,142.0,141.0,56.7,57.4,57.0,6179.8,4.5414,15.7,62.6,1,0,0,
2026-04-27,09:00:00,maceta2,139.0,137.0,58.5,59.7,59.1,6108.2,4.5603,14.5,63.8,1,0,0,
2026-04-27,10:00:00,maceta1,143.0,141.0,56.5,57.2,56.8,6073.1,5.6649,16.1,61.6,1,0,0,
2026-04-27,10:00:00,maceta2,139.0,137.0,58.3,59.5,58.9,6270.8,5.7204,19.0,65.4,1,0,0,
2026-04-27,11:00:00,maceta1,143.0,142.0,56.2,57.1,56.7,6283.4,6.8273,20.0,66.9,1,0,0,
2026-04-27,11:00:00,maceta2,140.0,137.0,58.1,59.2,58.7,5832.1,6.7994,19.3,61.8,1,0,0,
2026-04-27,12:00:00,maceta1,143.0,142.0,56.1,56.9,56.5,6037.1,7.9442,17.8,63.9,1,0,0,
2026-04-27,12:00:00,maceta2,140.0,138.0,57.9,59.0,58.5,6088.2,7.9257,18.9,53.1,1,0,0,
2026-04-27,13:00:00,maceta1,144.0,142.0,55.9,56.7,56.3,5867.8,9.0297,22.0,54.3,1,0,0,
2026-04-27,13:00:00,maceta2,140.0,138.0,57.7,58.8,58.3,5965.1,9.0292,20.4,52.7,1,0,0,
2026-04-27,14:00:00,maceta1,144.0,143.0,55.7,56.4,56.0,5836.1,10.1094,24.2,56.9,1,0,0,
2026-04-27,14:00:00,maceta2,141.0,139.0,57.5,58.7,58.1,6497.4,10.2313,21.3,53.5,1,0,0,
2026-04-27,15:00:00,maceta1,145.0,143.0,55.4,56.2,55.8,6315.6,11.2778,21.2,58.6,1,0,0,
2026-04-27,15:00:00,maceta2,141.0,139.0,57.3,58.5,57.9,5861.2,11.3156,20.4,50.3,1,0,0,
2026-04-27,16:00:00,maceta1,145.0,144.0,55.2,56.0,55.6,5814.2,12.3534,20.9,55.6,1,0,0,
2026-04-27,16:00:00,maceta2,142.0,139.0,57.1,58.3,57.7,6303.5,12.4817,20.5,58.8,1,0,0,
2026-04-27,17:00:00,maceta1,145.0,144.0,55.0,55.8,55.4,6107.4,13.4833,21.3,46.0,1,0,0,
2026-04-27,17:00:00,maceta2,142.0,140.0,56.8,58.1,57.5,6350.8,13.6566,21.7,66.9,1,0,0,
2026-04-27,18:00:00,maceta1,146.0,144.0,54.9,55.6,55.2,6.8,13.4846,18.2,56.5,0,0,0,
2026-04-27,18:00:00,maceta2,142.0,140.0,56.6,57.9,57.2,12.3,13.6589,17.4,47.8,0,0,0,
2026-04-27,19:00:00,maceta1,146.0,145.0,54.7,55.4,55.0,4.6,13.4854,15.6,60.8,0,0,0,
2026-04-27,19:00:00,maceta2,143.0,140.0,56.4,57.6,57.0,16.1,13.6619,19.1,60.2,0,0,0,
2026-04-27,20:00:00,maceta1,146.0,145.0,54.5,55.2,54.8,9.2,13.4871,15.5,62.0,0,0,0,
2026-04-27,20:00:00,maceta2,143.0,141.0,56.1,57.5,56.8,14.7,13.6646,13.9,67.4,0,0,0,
2026-04-27,21:00:00,maceta1,147.0,146.0,54.4,54.9,54.6,6.7,13.4884,16.5,68.7,0,0,0,
2026-04-27,21:00:00,maceta2,144.0,141.0,56.0,57.3,56.6,1.6,13.6649,19.6,66.5,0,0,0,
2026-04-27,22:00:00,maceta1,147.0,146.0,54.2,54.7,54.4,23.4,13.4927,14.6,69.8,0,0,0,
2026-04-27,22:00:00,maceta2,144.0,141.0,55.7,57.1,56.4,19.2,13.6684,15.8,67.1,0,0,0,
2026-04-27,23:00:00,maceta1,147.0,146.0,54.0,54.5,54.2,10.2,13.4946,13.5,78.9,0,0,0,
2026-04-27,23:00:00,maceta2,128.0,142.0,64.2,56.9,60.6,1.4,13.6687,13.2,62.6,0,0,0,Discrepancia alta entre sensores de humedad
2026-04-28,00:00:00,maceta1,148.0,147.0,53.8,54.3,54.1,26.0,0.0048,13.6,72.8,0,0,0,
2026-04-28,00:00:00,maceta2,145.0,142.0,55.3,56.7,56.0,5.1,0.0009,11.8,72.4,0,0,0,
2026-04-28,01:00:00,maceta1,148.0,147.0,53.6,54.1,53.9,27.9,0.01,11.8,77.7,0,0,0,
2026-04-28,01:00:00,maceta2,145.0,143.0,55.2,56.5,55.8,14.4,0.0036,11.9,69.4,0,0,0,
2026-04-28,02:00:00,maceta1,149.0,148.0,53.4,53.9,53.7,10.2,0.0119,9.9,65.9,0,0,0,
2026-04-28,02:00:00,maceta2,146.0,143.0,55.0,56.3,55.7,22.3,0.0077,12.4,75.4,0,0,0,
2026-04-28,03:00:00,maceta1,149.0,148.0,53.2,53.8,53.5,26.3,0.0167,10.5,76.4,0,0,0,
2026-04-28,03:00:00,maceta2,146.0,143.0,54.8,56.1,55.5,11.1,0.0098,9.6,82.4,0,0,0,
2026-04-28,04:00:00,maceta1,128.0,148.0,64.2,53.6,58.9,12.2,0.019,11.7,68.3,0,0,0,Discrepancia alta entre sensores de humedad
2026-04-28,04:00:00,maceta2,146.0,144.0,54.7,55.9,55.3,13.0,0.0122,9.6,80.4,0,0,0,
2026-04-28,05:00:00,maceta1,150.0,149.0,52.9,53.4,53.1,27.7,0.0241,11.5,85.5,0,0,0,
2026-04-28,05:00:00,maceta2,147.0,144.0,54.5,55.8,55.1,20.8,0.016,11.4,71.8,0,0,0,
2026-04-28,06:00:00,maceta1,150.0,149.0,52.7,53.2,52.9,6495.0,1.2257,13.8,65.6,1,0,0,
2026-04-28,06:00:00,maceta2,147.0,144.0,54.2,55.6,54.9,6235.8,1.1696,12.9,70.0,1,0,0,
2026-04-28,07:00:00,maceta1,150.0,149.0,52.5,52.9,52.7,5825.0,2.3033,13.2,70.1,1,0,0,
2026-04-28,07:00:00,maceta2,147.0,145.0,54.0,55.4,54.7,5812.1,2.2449,14.5,72.8,1,0,0,
2026-04-28,08:00:00,maceta1,151.0,150.0,52.3,52.7,52.5,6024.3,3.4178,16.5,64.6,1,0,0,
2026-04-28,08:00:00,maceta2,148.0,145.0,53.8,55.1,54.4,5937.0,3.3432,15.3,75.4,1,0,0,
2026-04-28,09:00:00,maceta1,151.0,150.0,52.1,52.6,52.4,6369.1,4.5961,15.8,59.4,1,0,0,
2026-04-28,09:00:00,maceta2,148.0,146.0,53.6,54.9,54.2,6391.4,4.5256,13.8,56.3,1,0,0,
2026-04-28,10:00:00,maceta1,151.0,150.0,51.9,52.4,52.2,5981.0,5.7026,15.4,67.9,1,0,0,
2026-04-28,10:00:00,maceta2,149.0,146.0,53.4,54.7,54.1,6028.0,5.6408,16.6,51.0,1,0,0,
2026-04-28,11:00:00,maceta1,152.0,151.0,51.7,52.2,51.9,5965.4,6.8062,17.3,59.0,1,0,0,
2026-04-28,11:00:00,maceta2,149.0,147.0,53.2,54.5,53.8,6435.9,6.8314,18.0,75.6,1,0,0,
2026-04-28,12:00:00,maceta1,152.0,151.0,51.5,52.0,51.7,6151.9,7.9443,19.4,57.9,1,0,0,
2026-04-28,12:00:00,maceta2,149.0,147.0,53.0,54.2,53.6,6259.3,7.9894,20.1,52.3,1,0,0,
2026-04-28,13:00:00,maceta1,153.0,152.0,51.3,51.7,51.5,6090.8,9.0711,20.0,56.1,1,0,0,
2026-04-28,13:00:00,maceta2,150.0,147.0,52.8,54.0,53.4,6241.7,9.1441,20.8,56.1,1,0,0,
2026-04-28,14:00:00,maceta1,153.0,152.0,51.1,51.5,51.3,6070.1,10.194,20.7,56.1,1,0,0,
2026-04-28,14:00:00,maceta2,150.0,148.0,52.6,53.8,53.2,6037.8,10.2611,17.6,58.7,1,0,0,
2026-04-28,15:00:00,maceta1,153.0,153.0,50.9,51.3,51.1,6244.1,11.3492,19.3,49.8,1,0,0,
2026-04-28,15:00:00,maceta2,151.0,148.0,52.3,53.6,53.0,6213.7,11.4107,20.5,63.4,1,0,0,
2026-04-28,16:00:00,maceta1,154.0,153.0,50.7,51.1,50.9,6005.5,12.4602,18.8,56.6,1,0,0,
2026-04-28,16:00:00,maceta2,151.0,149.0,52.2,53.3,52.8,5904.5,12.503,21.5,59.0,1,0,0,
2026-04-28,17:00:00,maceta1,154.0,153.0,50.5,50.9,50.7,6058.0,13.5809,22.4,53.2,1,0,0,
2026-04-28,17:00:00,maceta2,151.0,149.0,52.0,53.2,52.6,6090.6,13.6298,21.9,62.8,1,0,0,
2026-04-28,18:00:00,maceta1,154.0,154.0,50.3,50.7,50.5,26.4,13.5858,19.0,56.6,0,0,0,
2026-04-28,18:00:00,maceta2,152.0,149.0,51.8,52.9,52.4,28.3,13.635,21.5,59.3,0,0,0,
2026-04-28,19:00:00,maceta1,155.0,154.0,50.2,50.5,50.3,1.8,13.5861,18.5,55.3,0,0,0,
2026-04-28,19:00:00,maceta2,152.0,150.0,51.6,52.7,52.1,22.2,13.6391,17.7,55.0,0,0,0,
2026-04-28,20:00:00,maceta1,155.0,154.0,50.0,50.3,50.1,21.8,13.5902,16.1,65.9,0,0,1,
2026-04-28,20:00:00,maceta2,152.0,150.0,51.4,52.5,51.9,28.4,13.6444,16.6,60.2,0,0,0,
2026-04-28,21:00:00,maceta1,89.0,85.0,84.7,86.7,85.7,7.6,13.5916,15.2,60.7,0,0,0,
2026-04-28,21:00:00,maceta2,153.0,151.0,51.2,52.3,51.7,22.3,13.6485,16.0,61.8,0,0,0,
2026-04-28,22:00:00,maceta1,90.0,86.0,84.5,86.5,85.5,1.6,13.5919,14.7,71.1,0,0,0,
2026-04-28,22:00:00,maceta2,153.0,151.0,51.0,52.1,51.5,18.9,13.652,14.5,64.4,0,0,0,
2026-04-28,23:00:00,maceta1,90.0,86.0,84.3,86.4,85.3,10.5,13.5938,13.9,69.4,0,0,0,
2026-04-28,23:00:00,maceta2,154.0,151.0,50.7,51.9,51.3,23.1,13.6563,15.0,70.1,0,0,0,
2026-04-29,00:00:00,maceta1,90.0,86.0,84.1,86.2,85.2,25.9,0.0048,13.5,62.5,0,0,0,
2026-04-29,00:00:00,maceta2,154.0,152.0,50.6,51.7,51.1,10.9,0.002,9.8,64.7,0,0,0,
2026-04-29,01:00:00,maceta1,90.0,87.0,84.0,86.0,85.0,15.8,0.0077,7.4,75.3,0,0,0,
2026-04-29,01:00:00,maceta2,154.0,152.0,50.4,51.5,50.9,3.5,0.0027,12.7,70.0,0,0,0,
2026-04-29,02:00:00,maceta1,91.0,87.0,83.7,85.8,84.8,12.5,0.01,8.7,79.9,0,0,0,
2026-04-29,02:00:00,maceta2,155.0,152.0,50.1,51.3,50.7,10.8,0.0047,10.4,79.5,0,0,0,
2026-04-29,03:00:00,maceta1,91.0,87.0,83.5,85.6,84.6,5.5,0.011,8.8,78.6,0,0,0,
2026-04-29,03:00:00,maceta2,155.0,153.0,49.9,51.1,50.5,26.8,0.0096,7.9,84.1,0,0,1,
2026-04-29,04:00:00,maceta1,92.0,88.0,83.3,85.4,84.4,4.4,0.0119,11.6,74.2,0,0,0,
2026-04-29,04:00:00,maceta2,91.0,90.0,83.7,84.4,84.1,19.1,0.0132,11.9,77.9,0,0,0,
2026-04-29,05:00:00,maceta1,92.0,88.0,83.2,85.2,84.2,26.7,0.0168,10.4,70.7,0,0,0,
2026-04-29,05:00:00,maceta2,91.0,90.0,83.5,84.2,83.9,27.4,0.0182,7.4,85.9,0,0,0,
2026-04-29,06:00:00,maceta1,92.0,89.0,83.0,85.0,84.0,6252.8,1.1736,11.2,82.0,1,0,0,
2026-04-29,06:00:00,maceta2,92.0,90.0,83.4,84.1,83.7,6479.2,1.2169,12.7,72.1,1,0,0,
2026-04-29,07:00:00,maceta1,93.0,89.0,82.8,84.8,83.8,6041.3,2.2912,10.9,71.9,1,0,0,
2026-04-29,07:00:00,maceta2,92.0,91.0,83.1,83.9,83.5,6044.9,2.3352,13.4,76.8,1,0,0,
2026-04-29,08:00:00,maceta1,93.0,89.0,82.6,84.6,83.6,6180.1,3.4345,14.3,66.9,1,0,0,
2026-04-29,08:00:00,maceta2,93.0,91.0,82.9,83.7,83.3,6068.5,3.4579,15.2,64.3,1,0,0,
2026-04-29,09:00:00,maceta1,93.0,90.0,82.4,84.4,83.4,5801.0,4.5077,15.8,69.4,1,0,0,
2026-04-29,09:00:00,maceta2,128.0,91.0,64.2,83.5,73.8,6312.2,4.6256,14.1,65.4,1,0,0,Discrepancia alta entre sensores de humedad
2026-04-29,10:00:00,maceta1,94.0,90.0,82.2,84.2,83.2,6326.2,5.6781,18.7,63.3,1,0,0,
2026-04-29,10:00:00,maceta2,93.0,92.0,82.4,83.3,82.8,6322.9,5.7954,16.7,58.2,1,0,0,
2026-04-29,11:00:00,maceta1,94.0,90.0,82.1,84.0,83.0,6041.5,6.7957,18.1,51.4,1,0,0,
2026-04-29,11:00:00,maceta2,94.0,92.0,82.2,83.1,82.6,6165.6,6.936,16.7,61.2,1,0,0,
2026-04-29,12:00:00,maceta1,95.0,91.0,81.8,83.8,82.8,6052.0,7.9154,18.5,62.5,1,0,0,
2026-04-29,12:00:00,maceta2,94.0,93.0,82.0,82.8,82.4,5811.2,8.0111,17.8,56.8,1,0,0,
2026-04-29,13:00:00,maceta1,95.0,91.0,81.6,83.6,82.6,6193.7,9.0612,19.7,63.5,1,0,0,
2026-04-29,13:00:00,maceta2,95.0,93.0,81.8,82.6,82.2,5886.6,9.1001,22.5,52.8,1,0,0,
2026-04-29,14:00:00,maceta1,95.0,91.0,81.4,83.4,82.4,5856.0,10.1446,18.4,50.1,1,0,0,
2026-04-29,14:00:00,maceta2,95.0,93.0,81.6,82.4,82.0,6328.8,10.2709,18.0,55.0,1,0,0,
2026-04-29,15:00:00,maceta1,96.0,92.0,81.2,83.3,82.2,5806.7,11.2188,22.8,54.6,1,0,0,
2026-04-29,15:00:00,maceta2,95.0,94.0,81.4,82.2,81.8,6471.3,11.4681,20.3,58.8,1,0,0,
2026-04-29,16:00:00,maceta1,96.0,92.0,81.0,83.0,82.0,6160.7,12.3585,19.4,51.5,1,0,0,
2026-04-29,16:00:00,maceta2,96.0,94.0,81.2,81.9,81.6,6488.1,12.6684,22.0,62.2,1,0,0,
2026-04-29,17:00:00,maceta1,97.0,93.0,80.8,82.8,81.8,5840.6,13.439,19.0,66.2,1,0,0,
2026-04-29,17:00:00,maceta2,96.0,95.0,81.0,81.8,81.4,6208.5,13.817,22.7,56.1,1,0,0,
2026-04-29,18:00:00,maceta1,97.0,93.0,80.6,82.6,81.6,4.8,13.4399,20.2,64.2,0,0,0,
2026-04-29,18:00:00,maceta2,97.0,95.0,80.7,81.6,81.2,0.5,13.8171,18.4,52.6,0,0,0,
2026-04-29,19:00:00,maceta1,97.0,93.0,80.4,82.5,81.4,21.0,13.4438,21.3,65.4,0,0,0,
2026-04-29,19:00:00,maceta2,97.0,95.0,80.5,81.4,80.9,16.5,13.8201,17.2,65.2,0,0,0,
2026-04-29,20:00:00,maceta1,98.0,94.0,80.2,82.2,81.2,19.5,13.4474,18.0,66.7,0,0,0,
2026-04-29,20:00:00,maceta2,97.0,96.0,80.3,81.1,80.7,24.4,13.8247,17.3,62.3,0,0,0,
2026-04-29,21:00:00,maceta1,98.0,94.0,80.0,82.1,81.0,13.0,13.4498,17.6,50.2,0,0,0,
2026-04-29,21:00:00,maceta2,98.0,96.0,80.2,80.9,80.5,3.7,13.8253,17.9,61.8,0,0,0,
2026-04-29,22:00:00,maceta1,98.0,94.0,79.8,81.9,80.8,28.2,13.455,14.4,64.5,0,0,0,
2026-04-29,22:00:00,maceta2,98.0,97.0,80.0,80.7,80.4,16.4,13.8284,13.2,62.7,0,0,0,
2026-04-29,23:00:00,maceta1,99.0,95.0,79.6,81.7,80.6,18.5,13.4585,13.8,70.6,0,0,0,
2026-04-29,23:00:00,maceta2,98.0,97.0,79.8,80.5,80.2,28.0,13.8335,12.1,67.9,0,0,0,
2026-04-30,00:00:00,maceta1,99.0,95.0,79.4,81.5,80.4,27.9,0.0052,14.9,67.9,0,0,0,
2026-04-30,00:00:00,maceta2,99.0,97.0,79.5,80.4,79.9,17.2,0.0032,12.1,66.8,0,0,0,
2026-04-30,01:00:00,maceta1,100.0,96.0,79.2,81.3,80.2,8.9,0.0068,10.6,70.1,0,0,0,
2026-04-30,01:00:00,maceta2,99.0,98.0,79.3,80.2,79.8,29.9,0.0087,11.4,79.3,0,0,0,
2026-04-30,02:00:00,maceta1,100.0,96.0,78.9,81.1,80.0,20.4,0.0106,8.6,71.4,0,0,0,
2026-04-30,02:00:00,maceta2,100.0,98.0,79.1,80.0,79.6,12.3,0.011,9.2,72.1,0,0,0,
2026-04-30,03:00:00,maceta1,100.0,96.0,78.7,80.9,79.8,16.8,0.0137,12.3,72.7,0,0,0,
2026-04-30,03:00:00,maceta2,100.0,99.0,79.0,79.7,79.4,12.5,0.0133,9.5,76.7,0,0,0,
2026-04-30,04:00:00,maceta1,101.0,97.0,78.5,80.7,79.6,26.6,0.0186,9.1,76.9,0,0,0,
2026-04-30,04:00:00,maceta2,100.0,99.0,78.8,79.5,79.2,14.5,0.016,11.4,59.4,0,0,0,
2026-04-30,05:00:00,maceta1,101.0,97.0,78.3,80.5,79.4,24.7,0.0232,12.9,78.8,0,0,0,
2026-04-30,05:00:00,maceta2,101.0,99.0,78.6,79.4,79.0,25.2,0.0206,12.2,80.8,0,0,0,
2026-04-30,06:00:00,maceta1,102.0,97.0,78.1,80.3,79.2,6168.5,1.1644,13.4,66.8,1,0,0,
2026-04-30,06:00:00,maceta2,101.0,99.0,78.4,79.2,78.8,6161.4,1.1605,10.8,67.2,1,0,0,
2026-04-30,07:00:00,maceta1,102.0,98.0,78.0,80.1,79.0,6411.2,2.3505,10.8,67.7,1,0,0,
2026-04-30,07:00:00,maceta2,101.0,128.0,78.3,64.2,71.2,5943.9,2.2601,15.2,66.2,1,0,0,Discrepancia alta entre sensores de humedad
2026-04-30,08:00:00,maceta1,102.0,98.0,77.8,79.8,78.8,5828.5,3.4287,13.7,68.7,1,0,0,
2026-04-30,08:00:00,maceta2,102.0,100.0,78.1,78.8,78.4,6270.6,3.4202,13.8,57.9,1,0,0,
2026-04-30,09:00:00,maceta1,102.0,99.0,77.6,79.7,78.7,6041.6,4.5464,17.5,59.4,1,0,0,
2026-04-30,09:00:00,maceta2,102.0,101.0,77.8,78.7,78.3,5812.3,4.4954,16.3,72.7,1,0,0,
2026-04-30,10:00:00,maceta1,103.0,99.0,77.5,79.4,78.4,5976.0,5.652,17.4,57.8,1,0,0,
2026-04-30,10:00:00,maceta2,103.0,101.0,77.6,78.4,78.0,6016.5,5.6085,20.0,68.6,1,0,0,
2026-04-30,11:00:00,maceta1,103.0,99.0,77.3,79.3,78.3,6231.8,6.8049,17.0,61.8,1,0,0,
2026-04-30,11:00:00,maceta2,103.0,101.0,77.4,78.3,77.8,5920.8,6.7038,19.4,51.0,1,0,0,
2026-04-30,12:00:00,maceta1,103.0,100.0,77.1,79.1,78.1,6089.1,7.9314,19.1,61.1,1,0,0,
2026-04-30,12:00:00,maceta2,103.0,102.0,77.1,78.1,77.6,6137.7,7.8393,19.4,57.3,1,0,0,
2026-04-30,13:00:00,maceta1,104.0,100.0,77.0,78.9,77.9,6121.5,9.0638,22.1,54.1,1,0,0,
2026-04-30,13:00:00,maceta2,104.0,102.0,76.9,77.9,77.4,6481.8,9.0384,20.6,57.6,1,0,0,
2026-04-30,14:00:00,maceta1,104.0,101.0,76.8,78.7,77.7,5831.9,10.1427,21.1,57.7,1,0,0,
2026-04-30,14:00:00,maceta2,104.0,102.0,76.7,77.7,77.2,6465.7,10.2346,21.9,58.9,1,0,0,
2026-04-30,15:00:00,maceta1,104.0,101.0,76.6,78.5,77.6,6207.4,11.2911,19.9,60.9,1,0,0,
2026-04-30,15:00:00,maceta2,105.0,103.0,76.5,77.5,77.0,6357.0,11.4106,19.2,57.0,1,0,0,
2026-04-30,16:00:00,maceta1,105.0,101.0,76.4,78.3,77.4,6101.3,12.4198,18.7,48.5,1,0,0,
2026-04-30,16:00:00,maceta2,105.0,103.0,76.4,77.3,76.8,6117.7,12.5424,17.3,53.0,1,0,0,
2026-04-30,17:00:00,maceta1,105.0,102.0,76.2,78.2,77.2,6415.5,13.6067,22.9,71.1,1,0,0,
2026-04-30,17:00:00,maceta2,105.0,104.0,76.1,77.1,76.6,6427.2,13.7314,18.1,60.0,1,0,0,
2026-04-30,18:00:00,maceta1,105.0,102.0,76.1,77.9,77.0,13.0,13.6091,18.7,69.8,0,0,0,
2026-04-30,18:00:00,maceta2,106.0,104.0,75.9,76.9,76.4,18.8,13.7349,18.6,64.9,0,0,0,
2026-04-30,19:00:00,maceta1,106.0,102.0,75.9,77.7,76.8,3.7,13.6098,18.4,61.2,0,0,0,
2026-04-30,19:00:00,maceta2,106.0,104.0,75.7,76.7,76.2,15.4,13.7378,19.2,61.5,0,0,0,
2026-04-30,20:00:00,maceta1,106.0,103.0,75.7,77.5,76.6,29.6,13.6152,18.0,62.2,0,0,0,
2026-04-30,20:00:00,maceta2,106.0,105.0,75.6,76.5,76.0,7.1,13.7391,15.9,53.7,0,0,0,
2026-04-30,21:00:00,maceta1,107.0,103.0,75.5,77.3,76.4,21.7,13.6193,15.2,65.1,0,0,0,
2026-04-30,21:00:00,maceta2,107.0,105.0,75.3,76.3,75.8,13.0,13.7415,15.9,71.1,0,0,0,
2026-04-30,22:00:00,maceta1,107.0,103.0,75.3,77.2,76.2,19.6,13.6229,13.8,64.6,0,0,0,
2026-04-30,22:00:00,maceta2,107.0,105.0,75.2,76.1,75.7,6.1,13.7426,16.6,69.6,0,0,0,
2026-04-30,23:00:00,maceta1,107.0,104.0,75.1,77.0,76.0,14.1,13.6255,13.7,74.3,0,0,0,
2026-04-30,23:00:00,maceta2,107.0,106.0,75.0,75.9,75.5,29.4,13.7481,14.1,65.5,0,0,0,
2026-05-01,00:00:00,maceta1,108.0,104.0,74.8,76.8,75.8,5.9,0.0011,12.8,69.8,0,0,0,
2026-05-01,00:00:00,maceta2,108.0,106.0,74.9,75.7,75.3,19.1,0.0035,13.5,67.0,0,0,0,
2026-05-01,01:00:00,maceta1,108.0,104.0,74.6,76.7,75.6,17.3,0.0043,11.3,69.5,0,0,0,
2026-05-01,01:00:00,maceta2,108.0,106.0,74.6,75.5,75.1,17.0,0.0067,9.0,67.2,0,0,0,
2026-05-01,02:00:00,maceta1,109.0,105.0,74.4,76.5,75.4,18.5,0.0077,11.1,70.2,0,0,0,
2026-05-01,02:00:00,maceta2,108.0,107.0,74.5,75.3,74.9,15.1,0.0095,9.5,81.8,0,0,0,
2026-05-01,03:00:00,maceta1,109.0,105.0,74.2,76.3,75.3,0.5,0.0078,9.5,70.4,0,0,0,
2026-05-01,03:00:00,maceta2,109.0,107.0,74.3,75.1,74.7,27.0,0.0145,11.2,75.6,0,0,0,
2026-05-01,04:00:00,maceta1,110.0,105.0,73.9,76.1,75.0,24.8,0.0124,12.3,72.1,0,0,0,
2026-05-01,04:00:00,maceta2,109.0,108.0,74.1,74.9,74.5,5.2,0.0154,10.5,80.6,0,0,0,
2026-05-01,05:00:00,maceta1,110.0,106.0,73.8,75.9,74.8,12.4,0.0147,11.5,80.2,0,0,0,
2026-05-01,05:00:00,maceta2,110.0,108.0,73.9,74.7,74.3,23.1,0.0197,13.5,78.0,0,0,0,
2026-05-01,06:00:00,maceta1,110.0,106.0,73.6,75.7,74.6,6003.6,1.1253,12.1,73.6,1,0,0,
2026-05-01,06:00:00,maceta2,110.0,109.0,73.7,74.4,74.1,6300.8,1.1853,15.7,70.9,1,0,0,
2026-05-01,07:00:00,maceta1,111.0,107.0,73.4,75.4,74.4,6364.2,2.3027,13.7,64.0,1,0,0,
2026-05-01,07:00:00,maceta2,110.0,109.0,73.5,74.2,73.9,5981.9,2.292,10.2,79.7,1,0,0,
2026-05-01,08:00:00,maceta1,111.0,107.0,73.2,75.3,74.2,6010.4,3.4146,15.2,63.8,1,0,0,
2026-05-01,08:00:00,maceta2,111.0,109.0,73.3,74.0,73.7,6262.8,3.4506,14.6,70.9,1,0,0,
2026-05-01,09:00:00,maceta1,111.0,107.0,73.0,75.1,74.1,6286.9,4.5777,17.3,70.3,1,0,0,
2026-05-01,09:00:00,maceta2,111.0,110.0,73.2,73.8,73.5,6292.9,4.6148,16.3,62.2,1,0,0,
2026-05-01,10:00:00,maceta1,112.0,108.0,72.8,74.9,73.9,6277.9,5.7391,16.4,67.6,1,0,0,
2026-05-01,10:00:00,maceta2,111.0,110.0,73.0,73.6,73.3,6075.0,5.7387,14.8,66.2,1,0,0,
2026-05-01,11:00:00,maceta1,112.0,108.0,72.6,74.7,73.7,6076.4,6.8633,17.5,68.6,1,0,0,
2026-05-01,11:00:00,maceta2,112.0,111.0,72.8,73.3,73.1,5978.4,6.8447,16.5,57.7,1,0,0,
2026-05-01,12:00:00,maceta1,112.0,108.0,72.5,74.6,73.5,5909.8,7.9566,18.0,51.5,1,0,0,
2026-05-01,12:00:00,maceta2,112.0,111.0,72.6,73.2,72.9,6284.8,8.0074,19.7,55.4,1,0,0,
2026-05-01,13:00:00,maceta1,113.0,109.0,72.2,74.4,73.3,5865.2,9.0416,22.2,57.4,1,0,0,
2026-05-01,13:00:00,maceta2,112.0,111.0,72.4,72.9,72.7,6456.5,9.2018,20.2,56.6,1,0,0,
2026-05-01,14:00:00,maceta1,113.0,109.0,72.0,74.2,73.1,6378.7,10.2217,18.4,53.4,1,0,0,
2026-05-01,14:00:00,maceta2,113.0,112.0,72.2,72.8,72.5,6400.3,10.3859,20.8,45.8,1,0,0,
2026-05-01,15:00:00,maceta1,114.0,109.0,71.8,74.1,72.9,6434.7,11.4121,22.1,57.4,1,0,0,
2026-05-01,15:00:00,maceta2,113.0,112.0,72.0,72.6,72.3,6086.0,11.5118,19.4,64.9,1,0,0,
2026-05-01,16:00:00,maceta1,114.0,110.0,71.6,73.8,72.7,6392.7,12.5948,19.9,57.7,1,0,0,
2026-05-01,16:00:00,maceta2,114.0,113.0,71.7,72.4,72.1,5910.6,12.6052,20.2,58.4,1,0,0,
2026-05-01,17:00:00,maceta1,114.0,110.0,71.4,73.6,72.5,5815.1,13.6706,18.5,59.2,1,0,0,
2026-05-01,17:00:00,maceta2,114.0,113.0,71.6,72.2,71.9,6349.4,13.7799,20.6,58.3,1,0,0,
2026-05-01,18:00:00,maceta1,115.0,110.0,71.2,73.5,72.3,29.6,13.676,18.7,62.6,0,0,0,
2026-05-01,18:00:00,maceta2,114.0,113.0,71.4,72.1,71.7,10.0,13.7817,19.5,59.9,0,0,0,
2026-05-01,19:00:00,maceta1,115.0,111.0,71.0,73.3,72.1,17.6,13.6793,16.5,58.4,0,0,0,
2026-05-01,19:00:00,maceta2,115.0,114.0,71.1,71.8,71.5,23.4,13.7861,17.2,56.0,0,0,0,
2026-05-01,20:00:00,maceta1,116.0,111.0,70.8,73.1,71.9,27.6,13.6844,17.7,61.2,0,0,0,
2026-05-01,20:00:00,maceta2,115.0,114.0,70.9,71.6,71.3,22.7,13.7902,16.1,64.0,0,0,0,
2026-05-01,21:00:00,maceta1,116.0,111.0,70.6,72.9,71.7,20.2,13.6881,17.9,63.4,0,0,0,
2026-05-01,21:00:00,maceta2,116.0,114.0,70.7,71.4,71.1,14.0,13.7928,14.7,66.6,0,0,0,
2026-05-01,22:00:00,maceta1,116.0,112.0,70.4,72.7,71.6,18.2,13.6915,14.4,69.8,0,0,0,
2026-05-01,22:00:00,maceta2,116.0,115.0,70.5,71.2,70.9,2.8,13.7934,15.4,71.8,0,0,0,
2026-05-01,23:00:00,maceta1,117.0,112.0,70.2,72.5,71.4,26.5,13.6964,10.7,76.4,0,0,0,
2026-05-01,23:00:00,maceta2,116.0,115.0,70.3,71.0,70.6,16.3,13.7964,10.2,70.4,0,0,0,
2026-05-02,00:00:00,maceta1,117.0,113.0,70.1,72.3,71.2,1.2,0.0002,9.4,65.5,0,0,0,
2026-05-02,00:00:00,maceta2,117.0,115.0,70.1,70.8,70.5,27.6,0.0051,13.5,70.3,0,0,0,
2026-05-02,01:00:00,maceta1,117.0,113.0,69.8,72.1,71.0,14.7,0.0029,10.0,73.9,0,0,0,
2026-05-02,01:00:00,maceta2,117.0,116.0,69.9,70.6,70.3,26.1,0.0099,14.7,64.5,0,0,0,
2026-05-02,02:00:00,maceta1,118.0,113.0,69.6,71.9,70.8,25.7,0.0077,9.5,81.6,0,0,0,
2026-05-02,02:00:00,maceta2,118.0,116.0,69.6,70.4,70.0,24.5,0.0145,10.6,75.4,0,0,0,
2026-05-02,03:00:00,maceta1,118.0,114.0,69.4,71.8,70.6,1.8,0.008,12.5,76.9,0,0,0,
2026-05-02,03:00:00,maceta2,118.0,116.0,69.5,70.3,69.9,7.4,0.0158,13.2,81.8,0,0,0,
2026-05-02,04:00:00,maceta1,119.0,114.0,69.2,71.5,70.4,26.3,0.0129,13.4,71.5,0,0,0,
2026-05-02,04:00:00,maceta2,118.0,117.0,69.3,70.1,69.7,27.0,0.0208,12.2,77.5,0,0,0,
2026-05-02,05:00:00,maceta1,119.0,114.0,69.0,71.4,70.2,13.7,0.0154,12.4,73.1,0,0,0,
2026-05-02,05:00:00,maceta2,119.0,117.0,69.1,69.9,69.5,13.2,0.0233,11.7,72.7,0,0,0,
2026-05-02,06:00:00,maceta1,119.0,115.0,68.8,71.2,70.0,6097.1,1.1434,12.8,68.2,1,0,0,
2026-05-02,06:00:00,maceta2,119.0,118.0,68.9,69.7,69.3,6179.9,1.1665,10.8,80.4,1,0,0,
2026-05-02,07:00:00,maceta1,128.0,115.0,64.2,71.0,67.6,6060.7,2.2646,11.5,68.1,1,0,0,Discrepancia alta entre sensores de humedad
2026-05-02,07:00:00,maceta2,120.0,118.0,68.7,69.5,69.1,6352.9,2.3418,12.7,73.5,1,0,0,
2026-05-02,08:00:00,maceta1,120.0,116.0,68.4,70.8,69.6,5827.5,3.3427,13.6,58.2,1,0,0,
2026-05-02,08:00:00,maceta2,128.0,118.0,64.2,69.3,66.8,6102.2,3.4707,13.2,73.5,1,0,0,Discrepancia alta entre sensores de humedad
2026-05-02,09:00:00,maceta1,120.0,116.0,68.2,70.6,69.4,6067.6,4.4652,16.2,70.3,1,0,0,
2026-05-02,09:00:00,maceta2,120.0,119.0,68.3,69.1,68.7,6253.3,4.6276,16.6,65.5,1,0,0,
2026-05-02,10:00:00,maceta1,121.0,116.0,68.0,70.4,69.2,6476.4,5.6633,16.6,61.3,1,0,0,
2026-05-02,10:00:00,maceta2,121.0,119.0,68.1,68.9,68.5,6157.3,5.7667,18.7,64.4,1,0,0,
2026-05-02,11:00:00,maceta1,121.0,117.0,67.8,70.2,69.0,6490.8,6.8641,16.0,71.4,1,0,0,
2026-05-02,11:00:00,maceta2,121.0,119.0,67.9,68.8,68.3,6011.6,6.8788,17.4,51.2,1,0,0,
2026-05-02,12:00:00,maceta1,122.0,117.0,67.6,70.0,68.8,5821.6,7.9411,17.6,61.8,1,0,0,
2026-05-02,12:00:00,maceta2,121.0,120.0,67.7,68.6,68.1,5916.0,7.9733,15.9,53.4,1,0,0,
2026-05-02,13:00:00,maceta1,122.0,117.0,67.4,69.8,68.6,6076.6,9.0653,19.4,56.2,1,0,0,
2026-05-02,13:00:00,maceta2,122.0,120.0,67.4,68.4,67.9,6021.4,9.0873,19.3,55.1,1,0,0,
2026-05-02,14:00:00,maceta1,122.0,118.0,67.2,69.6,68.4,5867.9,10.1509,22.3,53.2,1,0,0,
2026-05-02,14:00:00,maceta2,122.0,121.0,67.2,68.1,67.7,6102.9,10.2163,21.0,55.3,1,0,0,
2026-05-02,15:00:00,maceta1,123.0,118.0,67.0,69.4,68.2,6036.7,11.2677,18.6,49.3,1,0,0,
2026-05-02,15:00:00,maceta2,123.0,121.0,67.1,68.0,67.5,5885.8,11.3052,23.0,60.1,1,0,0,
2026-05-02,16:00:00,maceta1,123.0,119.0,66.8,69.2,68.0,6007.3,12.379,21.8,46.4,1,0,0,
2026-05-02,16:00:00,maceta2,128.0,121.0,64.2,67.8,66.0,6420.5,12.493,20.9,58.0,1,0,0,Discrepancia alta entre sensores de humedad
2026-05-02,17:00:00,maceta1,123.0,119.0,66.6,69.0,67.8,6011.4,13.4911,19.2,54.7,1,0,0,
2026-05-02,17:00:00,maceta2,123.0,122.0,66.7,67.6,67.2,6299.8,13.6584,18.1,50.5,1,0,0,
2026-05-02,18:00:00,maceta1,128.0,119.0,64.2,68.7,66.5,19.5,13.4947,18.2,58.9,0,0,0,Discrepancia alta entre sensores de humedad
2026-05-02,18:00:00,maceta2,124.0,122.0,66.5,67.4,66.9,16.6,13.6615,20.4,50.1,0,0,0,
2026-05-02,19:00:00,maceta1,124.0,120.0,66.2,68.6,67.4,2.3,13.4952,20.5,60.2,0,0,0,
2026-05-02,19:00:00,maceta2,124.0,122.0,66.3,67.2,66.8,15.8,13.6644,20.0,52.9,0,0,0,
2026-05-02,20:00:00,maceta1,125.0,120.0,65.9,68.4,67.1,23.7,13.4996,15.7,64.7,0,0,0,
2026-05-02,20:00:00,maceta2,124.0,123.0,66.1,67.0,66.6,2.4,13.6649,14.8,57.8,0,0,0,
2026-05-02,21:00:00,maceta1,125.0,120.0,65.7,68.2,66.9,26.7,13.5045,15.4,62.7,0,0,0,
2026-05-02,21:00:00,maceta2,125.0,123.0,66.0,66.9,66.4,17.3,13.6681,12.5,66.5,0,0,0,
2026-05-02,22:00:00,maceta1,126.0,121.0,65.5,68.0,66.8,28.5,13.5098,14.4,63.7,0,0,0,
2026-05-02,22:00:00,maceta2,125.0,123.0,65.8,66.7,66.2,4.4,13.6689,13.7,67.3,0,0,0,
2026-05-02,23:00:00,maceta1,126.0,121.0,65.3,67.8,66.5,29.8,13.5153,12.0,62.4,0,0,0,
2026-05-02,23:00:00,maceta2,125.0,124.0,65.5,66.5,66.0,19.3,13.6725,10.3,73.2,0,0,0,
2026-05-03,00:00:00,maceta1,126.0,122.0,65.1,67.6,66.4,17.0,0.0031,12.3,80.9,0,0,0,
2026-05-03,00:00:00,maceta2,126.0,124.0,65.4,66.3,65.9,15.5,0.0029,10.7,86.0,0,0,0,
2026-05-03,01:00:00,maceta1,127.0,122.0,64.9,67.4,66.2,0.7,0.0033,9.0,74.1,0,0,0,
2026-05-03,01:00:00,maceta2,126.0,124.0,65.1,66.1,65.6,28.2,0.0081,6.4,77.6,0,0,0,
2026-05-03,02:00:00,maceta1,127.0,122.0,64.7,67.2,66.0,19.3,0.0069,10.2,65.8,0,0,0,
2026-05-03,02:00:00,maceta2,127.0,125.0,64.9,66.0,65.5,2.7,0.0086,12.9,82.2,0,0,0,
2026-05-03,03:00:00,maceta1,127.0,123.0,64.5,67.0,65.8,0.6,0.007,12.5,78.9,0,0,0,
2026-05-03,03:00:00,maceta2,127.0,125.0,64.7,65.8,65.3,1.5,0.0089,9.4,72.6,0,0,0,
2026-05-03,04:00:00,maceta1,128.0,123.0,64.4,66.8,65.6,18.3,0.0104,9.3,80.8,0,0,0,Discrepancia alta entre sensores de humedad
2026-05-03,04:00:00,maceta2,127.0,125.0,64.5,65.6,65.1,18.4,0.0123,10.9,73.4,0,0,0,
2026-05-03,05:00:00,maceta1,128.0,128.0,64.2,64.2,64.2,15.0,0.0131,9.2,71.4,0,0,0,Discrepancia alta entre sensores de humedad
2026-05-03,05:00:00,maceta2,128.0,126.0,64.4,65.4,64.9,9.2,0.014,11.2,76.0,0,0,0,Discrepancia alta entre sensores de humedad
2026-05-03,06:00:00,maceta1,128.0,124.0,64.0,66.4,65.2,6107.4,1.143,12.7,66.8,1,0,0,Discrepancia alta entre sensores de humedad
2026-05-03,06:00:00,maceta2,128.0,126.0,64.1,65.2,64.7,6276.1,1.1751,13.4,77.2,1,0,0,Discrepancia alta entre sensores de humedad
2026-05-03,07:00:00,maceta1,129.0,124.0,63.8,66.1,65.0,5875.9,2.23,12.4,64.7,1,0,0,
2026-05-03,07:00:00,maceta2,129.0,128.0,63.9,64.2,64.1,6472.9,2.3725,12.2,64.7,1,0,0,Discrepancia alta entre sensores de humedad
2026-05-03,08:00:00,maceta1,129.0,125.0,63.6,65.9,64.8,6325.1,3.4002,12.4,63.0,1,0,0,
2026-05-03,08:00:00,maceta2,129.0,127.0,63.7,64.9,64.3,6241.8,3.5273,12.5,71.4,1,0,0,
2026-05-03,09:00:00,maceta1,130.0,125.0,63.4,65.7,64.6,6021.4,4.5141,14.7,61.9,1,0,0,
2026-05-03,09:00:00,maceta2,129.0,127.0,63.5,64.7,64.1,5912.7,4.6211,15.6,58.3,1,0,0,
2026-05-03,10:00:00,maceta1,130.0,125.0,63.2,65.6,64.4,6086.5,5.6402,17.7,59.4,1,0,0,
2026-05-03,10:00:00,maceta2,130.0,127.0,63.3,64.5,63.9,6263.1,5.7798,15.1,62.3,1,0,0,
2026-05-03,11:00:00,maceta1,130.0,126.0,63.0,65.4,64.2,6243.6,6.7952,19.8,54.1,1,0,0,
2026-05-03,11:00:00,maceta2,128.0,128.0,64.2,64.3,64.2,6067.8,6.9024,17.1,54.2,1,0,0,Discrepancia alta entre sensores de humedad
2026-05-03,12:00:00,maceta1,131.0,126.0,62.8,65.2,64.0,6229.3,7.9476,18.5,68.5,1,0,0,
2026-05-03,12:00:00,maceta2,131.0,128.0,62.9,64.0,63.4,6369.6,8.0807,17.5,53.6,1,0,0,Discrepancia alta entre sensores de humedad
2026-05-03,13:00:00,maceta1,131.0,127.0,62.6,65.0,63.8,5818.4,9.024,15.7,54.7,1,0,0,
2026-05-03,13:00:00,maceta2,131.0,129.0,62.6,63.8,63.2,6115.4,9.2121,20.7,54.5,1,0,0,
2026-05-03,14:00:00,maceta1,131.0,127.0,62.4,64.8,63.6,6331.0,10.1953,21.0,53.2,1,0,0,
2026-05-03,14:00:00,maceta2,131.0,129.0,62.5,63.6,63.0,6182.3,10.3558,19.5,58.4,1,0,0,
2026-05-03,15:00:00,maceta1,132.0,127.0,62.2,64.6,63.4,6256.0,11.3526,20.1,59.7,1,0,0,
2026-05-03,15:00:00,maceta2,132.0,129.0,62.2,63.5,62.8,6161.7,11.4957,20.8,53.5,1,0,0,
2026-05-03,16:00:00,maceta1,132.0,128.0,62.0,64.4,63.2,6494.3,12.5541,17.5,49.2,1,0,0,Discrepancia alta entre sensores de humedad
2026-05-03,16:00:00,maceta2,132.0,130.0,62.1,63.2,62.6,5838.2,12.5758,19.1,61.7,1,0,0,
2026-05-03,17:00:00,maceta1,133.0,128.0,61.8,64.2,63.0,6143.7,13.6907,20.6,55.9,1,0,0,Discrepancia alta entre sensores de humedad
2026-05-03,17:00:00,maceta2,133.0,130.0,61.8,63.0,62.4,5864.0,13.6606,17.5,65.0,1,0,0,
2026-05-03,18:00:00,maceta1,133.0,128.0,61.7,64.0,62.8,23.1,13.695,19.0,46.7,0,0,0,Discrepancia alta entre sensores de humedad
2026-05-03,18:00:00,maceta2,133.0,131.0,61.7,62.8,62.2,17.7,13.6639,16.5,58.9,0,0,0,
2026-05-03,19:00:00,maceta1,133.0,129.0,61.5,63.8,62.6,8.2,13.6965,18.2,69.6,0,0,0,
2026-05-03,19:00:00,maceta2,133.0,131.0,61.5,62.6,62.1,28.1,13.6691,17.5,58.2,0,0,0,
2026-05-03,20:00:00,maceta1,134.0,129.0,61.3,63.6,62.5,19.6,13.7001,13.9,61.3,0,0,0,
2026-05-03,20:00:00,maceta2,133.0,131.0,61.3,62.4,61.9,29.1,13.6745,18.1,63.9,0,0,0,
2026-05-03,21:00:00,maceta1,134.0,129.0,61.1,63.4,62.3,17.4,13.7033,13.9,62.2,0,0,0,
2026-05-03,21:00:00,maceta2,134.0,128.0,61.2,64.2,62.7,24.6,13.6791,13.8,63.4,0,0,0,Discrepancia alta entre sensores de humedad
2026-05-03,22:00:00,maceta1,134.0,130.0,60.9,63.2,62.0,24.4,13.7079,14.1,65.9,0,0,0,
2026-05-03,22:00:00,maceta2,134.0,132.0,61.0,62.0,61.5,10.1,13.6809,15.5,64.5,0,0,0,
2026-05-03,23:00:00,maceta1,135.0,130.0,60.7,62.9,61.8,28.9,13.7132,11.0,76.1,0,0,0,
2026-05-03,23:00:00,maceta2,134.0,133.0,60.8,61.8,61.3,0.7,13.681,12.6,72.3,0,0,0,
2026-05-04,00:00:00,maceta1,135.0,131.0,60.4,62.8,61.6,23.1,0.0043,12.0,73.3,0,0,0,
2026-05-04,00:00:00,maceta2,135.0,133.0,60.6,61.6,61.1,29.0,0.0054,12.4,76.1,0,0,0,
2026-05-04,01:00:00,maceta1,136.0,131.0,60.2,62.5,61.4,10.2,0.0061,10.8,72.3,0,0,0,
2026-05-04,01:00:00,maceta2,135.0,133.0,60.4,61.5,61.0,19.4,0.009,10.0,69.8,0,0,0,
2026-05-04,02:00:00,maceta1,136.0,132.0,60.0,62.3,61.2,16.9,0.0093,8.8,71.6,0,0,0,
2026-05-04,02:00:00,maceta2,136.0,134.0,60.2,61.3,60.7,22.8,0.0132,10.2,74.7,0,0,0,
2026-05-04,03:00:00,maceta1,136.0,132.0,59.8,62.2,61.0,26.0,0.0141,8.3,69.7,0,0,0,
2026-05-04,03:00:00,maceta2,136.0,134.0,60.0,61.1,60.5,18.1,0.0165,5.5,72.5,0,0,0,
2026-05-04,04:00:00,maceta1,137.0,132.0,59.6,62.0,60.8,24.5,0.0186,10.7,72.1,0,0,0,
2026-05-04,04:00:00,maceta2,136.0,134.0,59.8,60.9,60.3,9.4,0.0183,11.4,85.3,0,0,0,
2026-05-04,05:00:00,maceta1,128.0,128.0,64.2,64.2,64.2,6.9,0.0199,7.0,59.8,0,0,0,Discrepancia alta entre sensores de humedad
2026-05-04,05:00:00,maceta2,137.0,135.0,59.5,60.7,60.1,12.9,0.0207,9.1,72.8,0,0,0,
2026-05-04,06:00:00,maceta1,138.0,133.0,59.2,61.7,60.4,5873.9,1.1066,12.3,80.7,1,0,0,
2026-05-04,06:00:00,maceta2,137.0,135.0,59.3,60.5,59.9,6487.2,1.2208,14.5,72.7,1,0,0,
2026-05-04,07:00:00,maceta1,138.0,133.0,59.0,61.5,60.3,6311.7,2.2742,12.4,73.8,1,0,0,
2026-05-04,07:00:00,maceta2,138.0,135.0,59.1,60.3,59.7,6395.4,2.4039,11.3,70.5,1,0,0,
2026-05-04,08:00:00,maceta1,138.0,134.0,58.8,61.3,60.0,5833.7,3.3534,13.3,64.3,1,0,0,
2026-05-04,08:00:00,maceta2,138.0,136.0,58.9,60.1,59.5,6153.5,3.5423,15.7,56.4,1,0,0,
2026-05-04,09:00:00,maceta1,139.0,134.0,58.7,61.1,59.9,6289.0,4.5169,13.9,66.0,1,0,0,
2026-05-04,09:00:00,maceta2,138.0,136.0,58.7,59.9,59.3,6180.1,4.6856,13.7,61.1,1,0,0,
2026-05-04,10:00:00,maceta1,139.0,134.0,58.5,60.9,59.7,6266.7,5.6762,15.5,58.4,1,0,0,
2026-05-04,10:00:00,maceta2,139.0,137.0,58.5,59.6,59.1,6372.5,5.8646,14.8,59.9,1,0,0,
2026-05-04,11:00:00,maceta1,139.0,135.0,58.3,60.7,59.5,6062.0,6.7977,17.6,68.7,1,0,0,
2026-05-04,11:00:00,maceta2,139.0,137.0,58.4,59.4,58.9,6394.1,7.0475,19.8,72.0,1,0,0,
2026-05-04,12:00:00,maceta1,140.0,135.0,58.1,60.5,59.3,5914.0,7.8918,18.9,59.0,1,0,0,
2026-05-04,12:00:00,maceta2,128.0,137.0,64.2,59.2,61.7,5989.6,8.1555,18.1,55.6,1,0,0,Discrepancia alta entre sensores de humedad
2026-05-04,13:00:00,maceta1,140.0,135.0,57.9,60.4,59.1,5830.3,8.9704,18.8,50.5,1,0,0,
2026-05-04,13:00:00,maceta2,140.0,138.0,57.9,59.0,58.5,6055.1,9.2757,16.9,58.7,1,0,0,
2026-05-04,14:00:00,maceta1,140.0,136.0,57.7,60.1,58.9,6065.9,10.0926,21.1,64.3,1,0,0,
2026-05-04,14:00:00,maceta2,140.0,138.0,57.8,58.8,58.3,6363.7,10.453,19.6,54.1,1,0,0,
2026-05-04,15:00:00,maceta1,141.0,136.0,57.5,60.0,58.7,6257.2,11.2502,19.6,43.1,1,0,0,
2026-05-04,15:00:00,maceta2,141.0,139.0,57.6,58.6,58.1,6105.7,11.5826,24.7,58.4,1,0,0,
2026-05-04,16:00:00,maceta1,141.0,136.0,57.2,59.8,58.5,6256.5,12.4077,20.2,60.3,1,0,0,
2026-05-04,16:00:00,maceta2,141.0,139.0,57.4,58.5,57.9,5836.9,12.6624,18.6,47.4,1,0,0,
2026-05-04,17:00:00,maceta1,142.0,137.0,57.0,59.6,58.3,5926.2,13.504,18.6,57.2,1,0,0,
2026-05-04,17:00:00,maceta2,141.0,139.0,57.2,58.3,57.7,6238.9,13.8166,21.0,58.6,1,0,0,
2026-05-04,18:00:00,maceta1,142.0,137.0,56.9,59.4,58.1,7.4,13.5054,18.6,57.6,0,0,0,
2026-05-04,18:00:00,maceta2,142.0,140.0,57.0,58.1,57.5,26.5,13.8215,16.3,54.0,0,0,0,
2026-05-04,19:00:00,maceta1,142.0,138.0,56.7,59.2,57.9,10.8,13.5074,18.8,65.1,0,0,0,
2026-05-04,19:00:00,maceta2,142.0,140.0,56.7,57.9,57.3,18.6,13.8249,16.4,58.0,0,0,0,
2026-05-04,20:00:00,maceta1,143.0,138.0,56.4,59.0,57.7,20.0,13.5111,19.0,55.0,0,0,0,
2026-05-04,20:00:00,maceta2,143.0,140.0,56.5,57.7,57.1,23.5,13.8293,17.8,52.2,0,0,0,
2026-05-04,21:00:00,maceta1,143.0,138.0,56.3,58.8,57.5,5.5,13.5121,14.2,71.3,0,0,0,
2026-05-04,21:00:00,maceta2,143.0,141.0,56.4,57.5,56.9,9.1,13.831,16.8,68.1,0,0,0,
2026-05-04,22:00:00,maceta1,144.0,139.0,56.0,58.6,57.3,13.5,13.5146,13.7,68.0,0,0,0,
2026-05-04,22:00:00,maceta2,143.0,141.0,56.2,57.3,56.7,10.9,13.833,14.9,65.4,0,0,0,
2026-05-04,23:00:00,maceta1,128.0,139.0,64.2,58.4,61.3,29.5,13.52,13.1,67.4,0,0,0,Discrepancia alta entre sensores de humedad
2026-05-04,23:00:00,maceta2,144.0,142.0,56.0,57.1,56.5,25.0,13.8376,11.1,64.6,0,0,0,
2026-05-05,00:00:00,maceta1,144.0,139.0,55.7,58.2,56.9,14.4,0.0027,10.3,69.9,0,0,0,
2026-05-05,00:00:00,maceta2,144.0,142.0,55.8,56.9,56.4,26.4,0.0049,12.8,61.5,0,0,0,
2026-05-05,01:00:00,maceta1,145.0,140.0,55.5,58.0,56.7,10.4,0.0046,9.9,70.0,0,0,0,
2026-05-05,01:00:00,maceta2,144.0,142.0,55.6,56.7,56.1,23.6,0.0092,9.8,72.1,0,0,0,
2026-05-05,02:00:00,maceta1,145.0,140.0,55.3,57.7,56.5,6.7,0.0058,8.5,77.7,0,0,0,
2026-05-05,02:00:00,maceta2,145.0,143.0,55.4,56.5,55.9,23.2,0.0135,10.6,74.5,0,0,0,
2026-05-05,03:00:00,maceta1,145.0,141.0,55.1,57.5,56.3,13.7,0.0084,12.9,79.0,0,0,0,
2026-05-05,03:00:00,maceta2,145.0,143.0,55.2,56.3,55.7,3.2,0.0141,8.2,81.7,0,0,0,
2026-05-05,04:00:00,maceta1,146.0,141.0,54.9,57.3,56.1,8.2,0.0099,10.0,80.0,0,0,0,
2026-05-05,04:00:00,maceta2,145.0,143.0,55.1,56.1,55.6,12.1,0.0164,12.1,77.0,0,0,0,
2026-05-05,05:00:00,maceta1,146.0,142.0,54.8,57.1,55.9,22.5,0.014,10.3,73.7,0,0,0,
2026-05-05,05:00:00,maceta2,146.0,144.0,54.9,55.9,55.4,2.2,0.0168,11.1,68.8,0,0,0,
2026-05-05,06:00:00,maceta1,146.0,142.0,54.5,56.9,55.7,6096.2,1.1418,9.6,75.8,1,0,0,
2026-05-05,06:00:00,maceta2,146.0,144.0,54.7,55.7,55.2,6432.3,1.2067,11.9,80.5,1,0,0,
2026-05-05,07:00:00,maceta1,147.0,142.0,54.3,56.6,55.5,6138.3,2.2774,12.0,71.7,1,0,0,
2026-05-05,07:00:00,maceta2,146.0,144.0,54.5,55.6,55.0,6201.8,2.3541,13.8,79.6,1,0,0,
2026-05-05,08:00:00,maceta1,147.0,143.0,54.1,56.5,55.3,6144.3,3.4141,15.3,60.0,1,0,0,
2026-05-05,08:00:00,maceta2,147.0,145.0,54.3,55.4,54.8,6313.3,3.522,17.4,61.8,1,0,0,
2026-05-05,09:00:00,maceta1,148.0,143.0,53.8,56.2,55.0,6196.7,4.5605,15.6,69.3,1,0,0,
2026-05-05,09:00:00,maceta2,128.0,145.0,64.2,55.2,59.7,5990.1,4.6302,15.3,66.3,1,0,0,Discrepancia alta entre sensores de humedad
2026-05-05,10:00:00,maceta1,148.0,144.0,53.6,56.0,54.8,5901.9,5.6523,16.4,69.0,1,0,0,
2026-05-05,10:00:00,maceta2,148.0,145.0,53.9,55.1,54.5,6224.3,5.7817,15.5,62.3,1,0,0,
2026-05-05,11:00:00,maceta1,148.0,144.0,53.4,55.8,54.6,6142.4,6.7887,17.8,55.7,1,0,0,
2026-05-05,11:00:00,maceta2,148.0,146.0,53.7,54.8,54.3,5867.2,6.8671,16.8,58.9,1,0,0,
2026-05-05,12:00:00,maceta1,149.0,144.0,53.2,55.7,54.4,6076.9,7.9129,18.6,50.3,1,0,0,
2026-05-05,12:00:00,maceta2,148.0,146.0,53.5,54.6,54.1,6160.3,8.0068,20.3,52.3,1,0,0,
2026-05-05,13:00:00,maceta1,149.0,145.0,53.0,55.4,54.2,6378.8,9.093,17.6,61.2,1,0,0,
2026-05-05,13:00:00,maceta2,149.0,147.0,53.4,54.4,53.9,5853.3,9.0896,20.8,60.7,1,0,0,
2026-05-05,14:00:00,maceta1,150.0,145.0,52.9,55.3,54.1,6043.9,10.2111,21.6,57.2,1,0,0,
2026-05-05,14:00:00,maceta2,149.0,147.0,53.2,54.2,53.7,6375.9,10.2692,19.4,46.7,1,0,0,
2026-05-05,15:00:00,maceta1,150.0,145.0,52.7,55.1,53.9,6253.9,11.3681,16.6,53.2,1,0,0,
2026-05-05,15:00:00,maceta2,149.0,148.0,52.9,53.9,53.4,6003.0,11.3797,18.9,48.9,1,0,0,
2026-05-05,16:00:00,maceta1,150.0,146.0,52.5,54.9,53.7,6391.7,12.5506,21.6,61.2,1,0,0,
2026-05-05,16:00:00,maceta2,150.0,148.0,52.8,53.8,53.3,6145.3,12.5166,19.6,52.4,1,0,0,
2026-05-05,17:00:00,maceta1,151.0,146.0,52.3,54.7,53.5,6148.8,13.6881,17.6,50.9,1,0,0,
2026-05-05,17:00:00,maceta2,150.0,148.0,52.6,53.6,53.1,6483.6,13.7161,18.3,56.5,1,0,0,
2026-05-05,18:00:00,maceta1,151.0,146.0,52.1,54.6,53.3,10.5,13.6901,19.6,54.7,0,0,0,
2026-05-05,18:00:00,maceta2,150.0,148.0,52.5,53.4,53.0,12.9,13.7185,19.1,65.3,0,0,0,
2026-05-05,19:00:00,maceta1,151.0,147.0,51.9,54.3,53.1,22.3,13.6942,16.9,56.3,0,0,0,
2026-05-05,19:00:00,maceta2,151.0,149.0,52.3,53.2,52.8,15.0,13.7213,16.7,53.0,0,0,0,
2026-05-05,20:00:00,maceta1,152.0,147.0,51.7,54.2,52.9,24.4,13.6987,15.5,51.6,0,0,0,
2026-05-05,20:00:00,maceta2,151.0,149.0,52.1,53.0,52.6,22.4,13.7254,14.7,62.3,0,0,0,
2026-05-05,21:00:00,maceta1,152.0,148.0,51.5,53.9,52.7,0.6,13.6988,17.2,62.2,0,0,0,
2026-05-05,21:00:00,maceta2,151.0,150.0,52.0,52.8,52.4,18.9,13.7289,14.3,57.9,0,0,0,
2026-05-05,22:00:00,maceta1,153.0,148.0,51.2,53.7,52.5,13.1,13.7012,15.3,73.5,0,0,0,
2026-05-05,22:00:00,maceta2,152.0,150.0,51.7,52.6,52.2,13.7,13.7314,15.8,70.9,0,0,0,
2026-05-05,23:00:00,maceta1,153.0,148.0,51.0,53.5,52.3,24.6,13.7058,13.8,69.9,0,0,0,
2026-05-05,23:00:00,maceta2,152.0,150.0,51.6,52.4,52.0,16.4,13.7345,11.6,76.8,0,0,0,
2026-05-06,00:00:00,maceta1,153.0,149.0,50.8,53.3,52.1,26.6,0.0049,11.7,75.4,0,0,0,
2026-05-06,00:00:00,maceta2,152.0,151.0,51.4,52.2,51.8,21.4,0.004,11.1,68.0,0,0,0,
2026-05-06,01:00:00,maceta1,154.0,149.0,50.6,53.2,51.9,16.6,0.008,9.0,68.5,0,0,0,
2026-05-06,01:00:00,maceta2,153.0,151.0,51.2,52.0,51.6,22.6,0.0081,10.8,77.8,0,0,0,
2026-05-06,02:00:00,maceta1,154.0,149.0,50.5,52.9,51.7,1.2,0.0082,8.0,76.6,0,0,0,
2026-05-06,02:00:00,maceta2,153.0,152.0,51.0,51.8,51.4,0.8,0.0083,11.6,75.5,0,0,0,
2026-05-06,03:00:00,maceta1,154.0,150.0,50.3,52.7,51.5,2.5,0.0087,8.9,70.8,0,0,0,
2026-05-06,03:00:00,maceta2,153.0,152.0,50.8,51.6,51.2,13.1,0.0107,9.9,78.0,0,0,0,
2026-05-06,04:00:00,maceta1,155.0,150.0,50.1,52.6,51.3,7.1,0.01,10.2,70.9,0,0,0,
2026-05-06,04:00:00,maceta2,154.0,152.0,50.6,51.4,51.0,29.5,0.0162,9.4,74.1,0,0,0,
2026-05-06,05:00:00,maceta1,155.0,151.0,49.9,52.4,51.1,16.3,0.013,11.2,80.9,0,0,1,
2026-05-06,05:00:00,maceta2,154.0,153.0,50.5,51.2,50.8,19.9,0.0199,9.6,70.4,0,0,0,
2026-05-06,06:00:00,maceta1,88.0,88.0,85.2,85.0,85.1,6211.2,1.162,12.4,64.2,1,0,0,
2026-05-06,06:00:00,maceta2,154.0,153.0,50.3,51.0,50.6,6017.5,1.1331,9.1,66.8,1,0,0,
2026-05-06,07:00:00,maceta1,89.0,89.0,85.0,84.9,84.9,6499.4,2.3644,12.3,75.0,1,0,0,
2026-05-06,07:00:00,maceta2,155.0,153.0,50.1,50.8,50.4,6324.2,2.3031,15.1,71.3,1,0,0,
2026-05-06,08:00:00,maceta1,89.0,89.0,84.8,84.7,84.7,6230.1,3.517,11.8,66.9,1,0,0,
2026-05-06,08:00:00,maceta2,155.0,154.0,49.9,50.6,50.2,6096.3,3.4309,12.3,65.0,1,0,1,
2026-05-06,09:00:00,maceta1,89.0,90.0,84.6,84.5,84.5,6232.7,4.67,15.4,67.4,1,0,0,
2026-05-06,09:00:00,maceta2,84.0,84.0,87.1,87.1,87.1,6039.1,4.5481,14.9,60.8,1,0,0,
2026-05-06,10:00:00,maceta1,90.0,90.0,84.4,84.3,84.4,5820.2,5.7468,16.5,63.9,1,0,0,
2026-05-06,10:00:00,maceta2,85.0,85.0,87.0,86.9,86.9,6076.6,5.6723,16.7,58.8,1,0,0,
2026-05-06,11:00:00,maceta1,90.0,90.0,84.2,84.1,84.2,6451.3,6.9403,18.1,55.5,1,0,0,
2026-05-06,11:00:00,maceta2,85.0,85.0,86.8,86.7,86.7,6238.4,6.8264,18.8,56.8,1,0,0,
2026-05-06,12:00:00,maceta1,90.0,91.0,84.1,83.8,83.9,5858.8,8.0242,18.8,56.1,1,0,0,
2026-05-06,12:00:00,maceta2,85.0,86.0,86.6,86.5,86.5,6419.5,8.014,17.8,57.7,1,0,0,
2026-05-06,13:00:00,maceta1,91.0,91.0,83.9,83.7,83.8,5988.2,9.132,20.0,57.5,1,0,0,
2026-05-06,13:00:00,maceta2,86.0,86.0,86.4,86.2,86.3,5970.6,9.1186,21.8,37.9,1,0,0,
2026-05-06,14:00:00,maceta1,91.0,91.0,83.7,83.5,83.6,6008.0,10.2434,19.3,51.3,1,0,0,
2026-05-06,14:00:00,maceta2,86.0,87.0,86.2,86.0,86.1,6204.0,10.2663,18.0,53.4,1,0,0,
2026-05-06,15:00:00,maceta1,91.0,92.0,83.6,83.3,83.4,6181.3,11.387,21.3,62.5,1,0,0,
2026-05-06,15:00:00,maceta2,87.0,87.0,86.0,85.8,85.9,6144.0,11.403,19.5,49.6,1,0,0,
2026-05-06,16:00:00,maceta1,92.0,92.0,83.4,83.1,83.2,6302.3,12.5529,16.2,56.2,1,0,0,
2026-05-06,16:00:00,maceta2,87.0,87.0,85.8,85.6,85.7,6021.6,12.517,20.7,62.8,1,0,0,
2026-05-06,17:00:00,maceta1,92.0,92.0,83.1,82.9,83.0,6347.4,13.7272,18.2,49.8,1,0,0,
2026-05-06,17:00:00,maceta2,87.0,88.0,85.6,85.4,85.5,5922.7,13.6127,18.8,58.3,1,0,0,
2026-05-06,18:00:00,maceta1,92.0,93.0,83.0,82.7,82.8,21.8,13.7312,18.7,53.9,0,0,0,
2026-05-06,18:00:00,maceta2,88.0,88.0,85.4,85.3,85.3,18.3,13.616,18.5,55.4,0,0,0,
2026-05-06,19:00:00,maceta1,93.0,93.0,82.8,82.5,82.6,17.4,13.7344,18.2,56.0,0,0,0,
2026-05-06,19:00:00,maceta2,88.0,88.0,85.2,85.1,85.1,29.9,13.6216,16.5,56.3,0,0,0,
2026-05-06,20:00:00,maceta1,93.0,94.0,82.6,82.3,82.5,8.3,13.736,16.7,76.0,0,0,0,
2026-05-06,20:00:00,maceta2,89.0,89.0,85.0,84.9,84.9,23.4,13.6259,15.5,66.6,0,0,0,
2026-05-06,21:00:00,maceta1,93.0,94.0,82.4,82.1,82.2,17.4,13.7392,15.7,70.5,0,0,0,
2026-05-06,21:00:00,maceta2,89.0,89.0,84.7,84.7,84.7,29.3,13.6313,15.6,67.5,0,0,0,
2026-05-06,22:00:00,maceta1,94.0,94.0,82.2,81.9,82.0,24.8,13.7438,11.9,59.6,0,0,0,
2026-05-06,22:00:00,maceta2,89.0,90.0,84.6,84.5,84.5,30.0,13.6369,15.0,69.6,0,0,0,
2026-05-06,23:00:00,maceta1,94.0,95.0,82.0,81.7,81.9,17.6,13.7471,11.3,75.4,0,0,0,
2026-05-06,23:00:00,maceta2,90.0,90.0,84.4,84.3,84.3,6.1,13.638,13.4,65.7,0,0,0,
2026-05-07,00:00:00,maceta1,95.0,95.0,81.8,81.6,81.7,15.1,0.0028,11.5,76.9,0,0,0,
2026-05-07,00:00:00,maceta2,90.0,90.0,84.2,84.0,84.1,21.3,0.0039,13.7,75.6,0,0,0,
2026-05-07,01:00:00,maceta1,95.0,95.0,81.6,81.4,81.5,23.2,0.0071,9.8,82.9,0,0,0,
2026-05-07,01:00:00,maceta2,91.0,91.0,83.9,83.8,83.9,0.0,0.0039,9.7,71.6,0,0,0,
2026-05-07,02:00:00,maceta1,95.0,96.0,81.4,81.2,81.3,15.2,0.0099,9.7,69.2,0,0,0,
2026-05-07,02:00:00,maceta2,91.0,91.0,83.8,83.6,83.7,7.1,0.0053,9.2,72.9,0,0,0,
2026-05-07,03:00:00,maceta1,96.0,96.0,81.2,81.0,81.1,26.2,0.0148,10.7,82.2,0,0,0,
2026-05-07,03:00:00,maceta2,91.0,91.0,83.5,83.4,83.5,4.6,0.0061,7.1,65.9,0,0,0,
2026-05-07,04:00:00,maceta1,96.0,97.0,81.0,80.8,80.9,20.0,0.0185,8.1,64.3,0,0,0,
2026-05-07,04:00:00,maceta2,92.0,92.0,83.4,83.2,83.3,8.0,0.0076,8.1,75.1,0,0,0,
2026-05-07,05:00:00,maceta1,96.0,97.0,80.8,80.5,80.7,10.7,0.0204,11.6,71.4,0,0,0,
2026-05-07,05:00:00,maceta2,92.0,92.0,83.1,83.0,83.1,28.2,0.0128,12.7,73.7,0,0,0,
2026-05-07,06:00:00,maceta1,97.0,97.0,80.6,80.3,80.5,6008.4,1.132,10.8,76.8,1,0,0,
2026-05-07,06:00:00,maceta2,92.0,92.0,82.9,82.9,82.9,6108.9,1.143,10.7,69.3,1,0,0,
2026-05-07,07:00:00,maceta1,97.0,98.0,80.4,80.2,80.3,6019.9,2.2457,12.1,60.6,1,0,0,
2026-05-07,07:00:00,maceta2,93.0,93.0,82.7,82.7,82.7,6061.9,2.2644,13.8,80.2,1,0,0,
2026-05-07,08:00:00,maceta1,98.0,98.0,80.2,80.0,80.1,6234.4,3.399,11.8,62.6,1,0,0,
2026-05-07,08:00:00,maceta2,93.0,93.0,82.6,82.5,82.5,6333.8,3.4362,13.6,62.3,1,0,0,
2026-05-07,09:00:00,maceta1,98.0,98.0,80.0,79.8,79.9,6314.9,4.5673,16.0,70.5,1,0,0,
2026-05-07,09:00:00,maceta2,94.0,94.0,82.3,82.3,82.3,6370.1,4.6146,15.3,63.1,1,0,0,
2026-05-07,10:00:00,maceta1,98.0,99.0,79.8,79.6,79.7,5822.5,5.6445,16.1,62.1,1,0,0,
2026-05-07,10:00:00,maceta2,94.0,94.0,82.1,82.1,82.1,5833.4,5.6938,17.3,64.8,1,0,0,
2026-05-07,11:00:00,maceta1,99.0,99.0,79.5,79.4,79.5,6352.6,6.8197,13.0,65.4,1,0,0,
2026-05-07,11:00:00,maceta2,94.0,94.0,82.0,81.9,81.9,6173.2,6.8358,18.0,58.3,1,0,0,
2026-05-07,12:00:00,maceta1,99.0,100.0,79.3,79.2,79.2,6204.7,7.9676,17.1,65.5,1,0,0,
2026-05-07,12:00:00,maceta2,95.0,95.0,81.8,81.7,81.7,5836.8,7.9157,15.3,47.2,1,0,0,
2026-05-07,13:00:00,maceta1,100.0,100.0,79.1,79.0,79.1,5978.7,9.0736,19.6,60.1,1,0,0,
2026-05-07,13:00:00,maceta2,95.0,95.0,81.6,81.5,81.6,6246.8,9.0713,20.9,52.1,1,0,0,
2026-05-07,14:00:00,maceta1,100.0,100.0,78.9,78.8,78.9,6401.4,10.2579,19.1,62.2,1,0,0,
2026-05-07,14:00:00,maceta2,95.0,95.0,81.4,81.4,81.4,6441.9,10.2631,20.8,56.1,1,0,0,
2026-05-07,15:00:00,maceta1,100.0,101.0,78.7,78.6,78.7,6150.3,11.3957,21.9,51.6,1,0,0,
2026-05-07,15:00:00,maceta2,96.0,96.0,81.2,81.1,81.1,6181.8,11.4067,21.5,58.3,1,0,0,
2026-05-07,16:00:00,maceta1,101.0,101.0,78.5,78.5,78.5,6383.1,12.5766,21.8,59.8,1,0,0,
2026-05-07,16:00:00,maceta2,96.0,96.0,81.0,80.9,80.9,6176.3,12.5493,20.5,58.6,1,0,0,
2026-05-07,17:00:00,maceta1,101.0,101.0,78.4,78.3,78.3,6161.8,13.7165,19.0,51.2,1,0,0,
2026-05-07,17:00:00,maceta2,97.0,128.0,80.8,64.2,72.5,6433.6,13.7395,16.4,53.9,1,0,0,Discrepancia alta entre sensores de humedad
2026-05-07,18:00:00,maceta1,101.0,102.0,78.2,78.0,78.1,29.2,13.7219,17.7,57.9,0,0,0,
2026-05-07,18:00:00,maceta2,97.0,97.0,80.6,80.5,80.6,6.6,13.7408,16.8,57.7,0,0,0,
2026-05-07,19:00:00,maceta1,102.0,102.0,78.0,77.8,77.9,19.9,13.7256,20.3,63.7,0,0,0,
2026-05-07,19:00:00,maceta2,97.0,97.0,80.4,80.3,80.4,13.0,13.7432,16.7,49.9,0,0,0,
2026-05-07,20:00:00,maceta1,102.0,103.0,77.8,77.6,77.7,1.8,13.7259,16.0,64.1,0,0,0,
2026-05-07,20:00:00,maceta2,98.0,98.0,80.1,80.1,80.1,14.2,13.7458,16.6,61.0,0,0,0,
2026-05-07,21:00:00,maceta1,103.0,103.0,77.5,77.4,77.5,15.5,13.7288,14.6,60.8,0,0,0,
2026-05-07,21:00:00,maceta2,98.0,98.0,79.9,79.9,79.9,25.6,13.7505,17.1,61.3,0,0,0,
2026-05-07,22:00:00,maceta1,103.0,103.0,77.4,77.2,77.3,22.0,13.7328,12.3,66.5,0,0,0,
2026-05-07,22:00:00,maceta2,99.0,99.0,79.7,79.7,79.7,2.4,13.751,13.5,49.6,0,0,0,
2026-05-07,23:00:00,maceta1,103.0,104.0,77.1,77.0,77.1,6.3,13.734,10.9,66.5,0,0,0,
2026-05-07,23:00:00,maceta2,99.0,99.0,79.5,79.5,79.5,9.4,13.7527,10.0,65.6,0,0,0,
2026-05-08,00:00:00,maceta1,104.0,104.0,77.0,76.8,76.9,3.5,0.0006,9.9,74.7,0,0,0,
2026-05-08,00:00:00,maceta2,99.0,99.0,79.3,79.3,79.3,13.7,0.0025,10.8,68.0,0,0,0,
2026-05-08,01:00:00,maceta1,104.0,105.0,76.8,76.6,76.7,29.5,0.0061,9.4,72.6,0,0,0,
2026-05-08,01:00:00,maceta2,100.0,100.0,79.1,79.0,79.0,15.4,0.0054,9.0,81.4,0,0,0,
2026-05-08,02:00:00,maceta1,104.0,105.0,76.6,76.4,76.5,22.3,0.0102,7.4,79.6,0,0,0,
2026-05-08,02:00:00,maceta2,100.0,100.0,78.8,78.8,78.8,20.5,0.0092,9.4,79.2,0,0,0,
2026-05-08,03:00:00,maceta1,105.0,105.0,76.4,76.2,76.3,25.5,0.0149,7.1,72.5,0,0,0,
2026-05-08,03:00:00,maceta2,101.0,101.0,78.6,78.7,78.6,6.5,0.0104,10.5,77.7,0,0,0,
2026-05-08,04:00:00,maceta1,105.0,106.0,76.2,76.0,76.1,22.6,0.0191,9.7,73.5,0,0,0,
2026-05-08,04:00:00,maceta2,101.0,101.0,78.5,78.4,78.5,26.4,0.0153,7.4,73.7,0,0,0,
2026-05-08,05:00:00,maceta1,106.0,106.0,76.0,75.8,75.9,5.1,0.0201,9.6,75.7,0,0,0,
2026-05-08,05:00:00,maceta2,101.0,101.0,78.2,78.3,78.2,10.4,0.0172,8.9,70.7,0,0,0,
2026-05-08,06:00:00,maceta1,106.0,106.0,75.8,75.6,75.7,6169.2,1.1614,11.3,79.5,1,0,0,
2026-05-08,06:00:00,maceta2,102.0,102.0,78.0,78.1,78.0,5968.5,1.1214,12.9,71.3,1,0,0,
2026-05-08,07:00:00,maceta1,106.0,107.0,75.6,75.4,75.5,6331.8,2.3328,9.1,73.1,1,0,0,
2026-05-08,07:00:00,maceta2,102.0,102.0,77.8,77.9,77.8,6195.0,2.2674,12.1,77.3,1,0,0,
2026-05-08,08:00:00,maceta1,107.0,107.0,75.3,75.2,75.2,6399.2,3.5166,12.8,72.7,1,0,0,
2026-05-08,08:00:00,maceta2,103.0,102.0,77.6,77.7,77.6,6426.2,3.4563,14.1,60.5,1,0,0,
2026-05-08,09:00:00,maceta1,128.0,108.0,64.2,74.9,69.6,6254.1,4.6736,14.7,67.2,1,0,0,Discrepancia alta entre sensores de humedad
2026-05-08,09:00:00,maceta2,103.0,103.0,77.4,77.5,77.4,6307.8,4.6232,13.3,69.3,1,0,0,
2026-05-08,10:00:00,maceta1,108.0,108.0,74.9,74.8,74.9,6184.5,5.8177,15.2,66.9,1,0,0,
2026-05-08,10:00:00,maceta2,103.0,103.0,77.2,77.3,77.3,6069.1,5.746,14.5,56.8,1,0,0,
2026-05-08,11:00:00,maceta1,108.0,108.0,74.8,74.5,74.7,6253.7,6.9747,18.5,56.7,1,0,0,
2026-05-08,11:00:00,maceta2,104.0,104.0,77.0,77.1,77.1,6435.8,6.9366,16.9,65.0,1,0,0,
2026-05-08,12:00:00,maceta1,108.0,109.0,74.5,74.3,74.4,6091.7,8.1016,20.8,54.1,1,0,0,
2026-05-08,12:00:00,maceta2,104.0,104.0,76.9,76.9,76.9,6020.1,8.0504,17.8,56.4,1,0,0,
2026-05-08,13:00:00,maceta1,109.0,109.0,74.3,74.1,74.2,6071.9,9.2249,17.6,64.2,1,0,0,
2026-05-08,13:00:00,maceta2,104.0,104.0,76.7,76.6,76.7,6104.8,9.1797,16.4,56.1,1,0,0,
2026-05-08,14:00:00,maceta1,109.0,109.0,74.2,74.0,74.1,5851.5,10.3075,16.5,51.7,1,0,0,
2026-05-08,14:00:00,maceta2,105.0,105.0,76.5,76.4,76.5,6148.9,10.3173,16.8,51.0,1,0,0,
2026-05-08,15:00:00,maceta1,110.0,110.0,73.9,73.7,73.8,6146.0,11.4445,19.8,56.7,1,0,0,
2026-05-08,15:00:00,maceta2,105.0,105.0,76.2,76.3,76.3,6211.9,11.4665,20.1,48.3,1,0,0,
2026-05-08,16:00:00,maceta1,110.0,110.0,73.8,73.5,73.6,6054.0,12.5645,16.8,54.1,1,0,0,
2026-05-08,16:00:00,maceta2,106.0,106.0,76.0,76.0,76.0,6229.2,12.6189,20.6,57.0,1,0,0,
2026-05-08,17:00:00,maceta1,110.0,111.0,73.6,73.3,73.4,6414.8,13.7512,18.0,62.8,1,0,0,
2026-05-08,17:00:00,maceta2,106.0,128.0,75.8,64.2,70.0,6468.8,13.8156,18.9,59.7,1,0,0,Discrepancia alta entre sensores de humedad
2026-05-08,18:00:00,maceta1,111.0,111.0,73.4,73.1,73.2,22.4,13.7553,20.3,54.4,0,0,0,
2026-05-08,18:00:00,maceta2,106.0,106.0,75.7,75.7,75.7,26.9,13.8206,19.3,63.8,0,0,0,
2026-05-08,19:00:00,maceta1,128.0,112.0,64.2,72.9,68.5,2.3,13.7558,16.5,58.5,0,0,0,Discrepancia alta entre sensores de humedad
2026-05-08,19:00:00,maceta2,107.0,107.0,75.5,75.4,75.5,27.9,13.8258,15.5,53.8,0,0,0,
2026-05-08,20:00:00,maceta1,111.0,112.0,73.0,72.7,72.9,11.9,13.758,12.4,61.6,0,0,0,
2026-05-08,20:00:00,maceta2,107.0,107.0,75.3,75.2,75.2,27.6,13.8309,14.6,69.6,0,0,0,
2026-05-08,21:00:00,maceta1,112.0,112.0,72.8,72.5,72.7,2.3,13.7584,14.1,65.8,0,0,0,
2026-05-08,21:00:00,maceta2,107.0,107.0,75.1,75.1,75.1,21.5,13.8348,12.9,65.1,0,0,0,
2026-05-08,22:00:00,maceta1,112.0,113.0,72.6,72.2,72.4,22.1,13.7625,12.9,75.8,0,0,0,
2026-05-08,22:00:00,maceta2,108.0,108.0,74.9,74.9,74.9,29.9,13.8404,13.2,60.4,0,0,0,
2026-05-08,23:00:00,maceta1,112.0,113.0,72.4,72.1,72.2,23.1,13.7667,11.5,63.6,0,0,0,
2026-05-08,23:00:00,maceta2,108.0,108.0,74.7,74.6,74.7,11.5,13.8425,10.9,61.9,0,0,0,
2026-05-09,00:00:00,maceta1,113.0,113.0,72.2,71.9,72.0,16.7,0.0031,11.0,73.9,0,0,0,
2026-05-09,00:00:00,maceta2,109.0,109.0,74.4,74.4,74.4,11.0,0.002,11.4,72.9,0,0,0,
2026-05-09,01:00:00,maceta1,113.0,114.0,72.0,71.7,71.8,5.9,0.0042,8.3,81.4,0,0,0,
2026-05-09,01:00:00,maceta2,109.0,109.0,74.2,74.2,74.2,7.5,0.0034,12.0,74.9,0,0,0,
2026-05-09,02:00:00,maceta1,114.0,114.0,71.8,71.5,71.6,6.7,0.0054,9.3,72.6,0,0,0,
2026-05-09,02:00:00,maceta2,109.0,109.0,74.0,74.0,74.0,16.5,0.0065,9.4,74.7,0,0,0,
2026-05-09,03:00:00,maceta1,114.0,115.0,71.5,71.3,71.4,27.2,0.0104,10.3,75.6,0,0,0,
2026-05-09,03:00:00,maceta2,110.0,128.0,73.8,64.2,69.0,27.4,0.0115,9.6,66.6,0,0,0,Discrepancia alta entre sensores de humedad
2026-05-09,04:00:00,maceta1,115.0,115.0,71.3,71.1,71.2,1.6,0.0107,10.9,88.2,0,0,0,
2026-05-09,04:00:00,maceta2,110.0,110.0,73.6,73.6,73.6,2.4,0.012,9.9,77.3,0,0,0,
2026-05-09,05:00:00,maceta1,115.0,115.0,71.1,71.0,71.0,7.4,0.0121,9.0,74.7,0,0,0,
2026-05-09,05:00:00,maceta2,111.0,128.0,73.4,64.2,68.8,7.7,0.0134,10.5,76.7,0,0,0,Discrepancia alta entre sensores de humedad
2026-05-09,06:00:00,maceta1,115.0,116.0,71.0,70.7,70.8,6209.4,1.1609,9.0,75.6,1,0,0,
2026-05-09,06:00:00,maceta2,111.0,111.0,73.1,73.2,73.2,5808.5,1.088,10.9,71.4,1,0,0,
2026-05-09,07:00:00,maceta1,116.0,116.0,70.7,70.5,70.6,6032.5,2.2769,11.7,66.8,1,0,0,
2026-05-09,07:00:00,maceta2,111.0,111.0,72.9,73.0,72.9,5843.6,2.169,11.4,73.0,1,0,0,
2026-05-09,08:00:00,maceta1,116.0,116.0,70.5,70.4,70.4,6165.3,3.4174,12.8,69.5,1,0,0,
2026-05-09,08:00:00,maceta2,112.0,112.0,72.7,72.8,72.7,6372.2,3.3479,10.1,63.5,1,0,0,
2026-05-09,09:00:00,maceta1,116.0,128.0,70.3,64.2,67.3,5944.5,4.5172,13.4,72.1,1,0,0,Discrepancia alta entre sensores de humedad
2026-05-09,09:00:00,maceta2,112.0,112.0,72.5,72.6,72.6,6169.2,4.4892,14.4,66.5,1,0,0,
2026-05-09,10:00:00,maceta1,117.0,117.0,70.1,69.9,70.0,5942.8,5.6166,15.8,66.1,1,0,0,
2026-05-09,10:00:00,maceta2,113.0,112.0,72.3,72.4,72.4,5884.5,5.5778,14.0,69.4,1,0,0,
2026-05-09,11:00:00,maceta1,117.0,117.0,69.8,69.8,69.8,6157.7,6.7558,18.6,60.1,1,0,0,
2026-05-09,11:00:00,maceta2,113.0,113.0,72.1,72.2,72.1,5855.4,6.6611,15.5,61.6,1,0,0,
2026-05-09,12:00:00,maceta1,118.0,118.0,69.6,69.6,69.6,6211.1,7.9048,19.2,62.0,1,0,0,
2026-05-09,12:00:00,maceta2,113.0,113.0,71.9,72.0,72.0,5821.9,7.7381,18.4,54.3,1,0,0,
2026-05-09,13:00:00,maceta1,118.0,118.0,69.4,69.4,69.4,5874.7,8.9916,17.6,56.6,1,0,0,
2026-05-09,13:00:00,maceta2,114.0,113.0,71.7,71.9,71.8,6185.0,8.8823,21.2,57.0,1,0,0,
2026-05-09,14:00:00,maceta1,119.0,119.0,69.2,69.2,69.2,6214.0,10.1412,17.3,50.6,1,0,0,
2026-05-09,14:00:00,maceta2,114.0,114.0,71.6,71.7,71.6,5820.3,9.9591,20.5,66.9,1,0,0,
2026-05-09,15:00:00,maceta1,119.0,119.0,69.0,69.0,69.0,6201.4,11.2885,20.8,48.0,1,0,0,
2026-05-09,15:00:00,maceta2,114.0,128.0,71.4,64.2,67.8,6387.0,11.1407,18.2,48.5,1,0,0,Discrepancia alta entre sensores de humedad
2026-05-09,16:00:00,maceta1,119.0,119.0,68.7,68.7,68.7,6305.6,12.455,21.2,61.9,1,0,0,
2026-05-09,16:00:00,maceta2,115.0,115.0,71.2,71.3,71.2,5891.8,12.2307,18.7,58.9,1,0,0,
2026-05-09,17:00:00,maceta1,120.0,120.0,68.5,68.5,68.5,6214.7,13.6048,19.0,51.2,1,0,0,
2026-05-09,17:00:00,maceta2,115.0,115.0,71.0,71.0,71.0,6270.6,13.3907,19.0,59.4,1,0,0,
2026-05-09,18:00:00,maceta1,120.0,120.0,68.4,68.3,68.3,19.9,13.6084,17.6,65.3,0,0,0,
2026-05-09,18:00:00,maceta2,116.0,116.0,70.7,70.8,70.8,18.3,13.3941,19.0,57.8,0,0,0,
2026-05-09,19:00:00,maceta1,121.0,121.0,68.1,68.1,68.1,14.2,13.6111,17.9,73.0,0,0,0,
2026-05-09,19:00:00,maceta2,116.0,116.0,70.6,70.5,70.5,12.6,13.3965,14.1,51.4,0,0,0,
2026-05-09,20:00:00,maceta1,121.0,121.0,67.9,67.9,67.9,26.6,13.616,17.5,65.9,0,0,0,
2026-05-09,20:00:00,maceta2,116.0,116.0,70.3,70.3,70.3,7.4,13.3978,13.1,68.2,0,0,0,
2026-05-09,21:00:00,maceta1,121.0,121.0,67.7,67.7,67.7,11.9,13.6182,15.8,69.5,0,0,0,
2026-05-09,21:00:00,maceta2,117.0,117.0,70.2,70.1,70.1,9.9,13.3996,15.9,64.0,0,0,0,
2026-05-09,22:00:00,maceta1,122.0,122.0,67.5,67.5,67.5,23.1,13.6225,11.3,66.1,0,0,0,
2026-05-09,22:00:00,maceta2,117.0,117.0,70.0,69.9,70.0,27.5,13.4047,12.3,69.8,0,0,0,
2026-05-09,23:00:00,maceta1,122.0,122.0,67.3,67.3,67.3,25.5,13.6272,10.1,74.1,0,0,0,
2026-05-09,23:00:00,maceta2,117.0,118.0,69.8,69.7,69.8,23.9,13.4092,11.4,73.0,0,0,0,
2026-05-10,00:00:00,maceta1,122.0,123.0,67.2,67.1,67.1,29.6,0.0055,10.1,77.3,0,0,0,
2026-05-10,00:00:00,maceta2,118.0,118.0,69.6,69.5,69.5,20.9,0.0039,11.8,67.0,0,0,0,
2026-05-10,01:00:00,maceta1,123.0,123.0,67.0,66.9,66.9,22.5,0.0096,11.8,72.5,0,0,0,
2026-05-10,01:00:00,maceta2,118.0,118.0,69.3,69.3,69.3,29.5,0.0093,11.9,69.0,0,0,0,
2026-05-10,02:00:00,maceta1,123.0,123.0,66.7,66.7,66.7,0.2,0.0097,8.4,72.7,0,0,0,
2026-05-10,02:00:00,maceta2,119.0,119.0,69.1,69.1,69.1,19.0,0.0128,9.0,79.7,0,0,0,
2026-05-10,03:00:00,maceta1,124.0,124.0,66.5,66.6,66.5,22.2,0.0138,6.6,75.5,0,0,0,
2026-05-10,03:00:00,maceta2,119.0,119.0,68.9,69.0,68.9,27.5,0.0179,7.9,88.0,0,0,0,
2026-05-10,04:00:00,maceta1,124.0,124.0,66.3,66.4,66.3,26.5,0.0187,10.7,75.6,0,0,0,
2026-05-10,04:00:00,maceta2,119.0,119.0,68.7,68.8,68.7,25.3,0.0226,11.7,75.0,0,0,0,
2026-05-10,05:00:00,maceta1,124.0,124.0,66.1,66.2,66.1,28.4,0.0239,7.9,74.2,0,0,0,
2026-05-10,05:00:00,maceta2,120.0,120.0,68.5,68.5,68.5,16.1,0.0256,8.9,70.5,0,0,0,
2026-05-10,06:00:00,maceta1,125.0,128.0,65.9,64.2,65.0,5988.0,1.1317,10.5,71.8,1,0,0,Discrepancia alta entre sensores de humedad
2026-05-10,06:00:00,maceta2,120.0,120.0,68.3,68.3,68.3,6102.0,1.1545,11.0,77.7,1,0,0,
2026-05-10,07:00:00,maceta1,125.0,125.0,65.7,65.8,65.7,6065.1,2.2538,10.4,70.6,1,0,0,
2026-05-10,07:00:00,maceta2,121.0,121.0,68.1,68.1,68.1,6243.3,2.3095,12.3,66.0,1,0,0,
2026-05-10,08:00:00,maceta1,126.0,125.0,65.5,65.6,65.5,6369.2,3.4321,12.1,63.0,1,0,0,
2026-05-10,08:00:00,maceta2,121.0,121.0,67.9,67.9,67.9,6008.0,3.4209,12.8,65.3,1,0,0,
2026-05-10,09:00:00,maceta1,126.0,126.0,65.3,65.4,65.3,5949.6,4.5327,14.9,65.4,1,0,0,
2026-05-10,09:00:00,maceta2,121.0,121.0,67.7,67.7,67.7,6266.8,4.5803,14.1,71.0,1,0,0,
2026-05-10,10:00:00,maceta1,126.0,126.0,65.1,65.3,65.2,6269.2,5.6926,14.8,55.7,1,0,0,
2026-05-10,10:00:00,maceta2,122.0,122.0,67.5,67.5,67.5,6430.8,5.77,15.3,60.8,1,0,0,
2026-05-10,11:00:00,maceta1,127.0,126.0,64.9,65.1,65.0,5811.2,6.7676,16.5,60.7,1,0,0,
2026-05-10,11:00:00,maceta2,122.0,122.0,67.3,67.3,67.3,6397.1,6.9535,16.1,50.8,1,0,0,
2026-05-10,12:00:00,maceta1,127.0,127.0,64.7,64.9,64.8,6164.7,7.9081,17.3,53.8,1,0,0,
2026-05-10,12:00:00,maceta2,123.0,123.0,67.1,67.1,67.1,6234.9,8.1069,20.1,54.5,1,0,0,
2026-05-10,13:00:00,maceta1,127.0,127.0,64.5,64.7,64.6,5864.0,8.9929,19.3,52.4,1,0,0,
2026-05-10,13:00:00,maceta2,123.0,123.0,66.9,66.9,66.9,6102.8,9.236,18.0,57.3,1,0,0,
2026-05-10,14:00:00,maceta1,128.0,128.0,64.3,64.4,64.3,5959.1,10.0954,20.0,54.5,1,0,0,Discrepancia alta entre sensores de humedad
2026-05-10,14:00:00,maceta2,123.0,123.0,66.7,66.6,66.7,5978.0,10.3419,18.5,52.6,1,0,0,
2026-05-10,15:00:00,maceta1,128.0,128.0,64.1,64.3,64.2,6152.9,11.2336,20.9,57.1,1,0,0,Discrepancia alta entre sensores de humedad
2026-05-10,15:00:00,maceta2,124.0,124.0,66.5,66.4,66.5,6368.7,11.5201,19.7,63.6,1,0,0,
2026-05-10,16:00:00,maceta1,129.0,128.0,63.8,64.1,64.0,6320.6,12.403,18.8,63.5,1,0,0,Discrepancia alta entre sensores de humedad
2026-05-10,16:00:00,maceta2,124.0,124.0,66.3,66.2,66.2,6213.7,12.6696,19.6,45.7,1,0,0,
2026-05-10,17:00:00,maceta1,129.0,129.0,63.7,63.9,63.8,6177.6,13.5458,16.1,59.2,1,0,0,
2026-05-10,17:00:00,maceta2,124.0,125.0,66.1,66.0,66.0,6099.1,13.798,16.8,55.4,1,0,0,
2026-05-10,18:00:00,maceta1,129.0,129.0,63.5,63.7,63.6,23.5,13.5502,15.9,58.7,0,0,0,
2026-05-10,18:00:00,maceta2,125.0,125.0,65.8,65.8,65.8,21.8,13.802,17.9,55.9,0,0,0,
2026-05-10,19:00:00,maceta1,130.0,129.0,63.3,63.5,63.4,12.4,13.5525,19.2,60.6,0,0,0,
2026-05-10,19:00:00,maceta2,125.0,125.0,65.6,65.6,65.6,9.7,13.8038,20.0,60.8,0,0,0,
2026-05-10,20:00:00,maceta1,130.0,130.0,63.0,63.3,63.2,25.4,13.5572,16.4,59.5,0,0,0,
2026-05-10,20:00:00,maceta2,126.0,126.0,65.4,65.4,65.4,27.2,13.8088,16.2,57.9,0,0,0,
2026-05-10,21:00:00,maceta1,131.0,130.0,62.8,63.1,63.0,13.6,13.5597,11.4,62.8,0,0,0,
2026-05-10,21:00:00,maceta2,126.0,126.0,65.2,65.2,65.2,0.3,13.8089,13.3,66.2,0,0,0,
2026-05-10,22:00:00,maceta1,131.0,130.0,62.6,62.9,62.8,23.8,13.5641,11.6,70.6,0,0,0,
2026-05-10,22:00:00,maceta2,126.0,126.0,65.0,65.1,65.0,8.6,13.8105,11.9,71.9,0,0,0,
2026-05-10,23:00:00,maceta1,131.0,131.0,62.4,62.7,62.5,0.3,13.5641,11.4,67.5,0,0,0,
2026-05-10,23:00:00,maceta2,127.0,127.0,64.8,64.8,64.8,24.1,13.8149,10.9,71.4,0,0,0,
2026-05-11,00:00:00,maceta1,132.0,131.0,62.2,62.5,62.4,15.5,0.0029,7.5,76.9,0,0,0,
2026-05-11,00:00:00,maceta2,127.0,127.0,64.6,64.6,64.6,20.6,0.0038,11.6,77.9,0,0,0,
2026-05-11,01:00:00,maceta1,132.0,132.0,62.1,62.3,62.2,27.4,0.0079,8.1,73.4,0,0,0,
2026-05-11,01:00:00,maceta2,128.0,128.0,64.4,64.4,64.4,16.2,0.0068,10.0,72.6,0,0,0,Discrepancia alta entre sensores de humedad
2026-05-11,02:00:00,maceta1,132.0,132.0,61.9,62.1,62.0,15.1,0.0107,12.3,75.6,0,0,0,
2026-05-11,02:00:00,maceta2,128.0,128.0,64.2,64.2,64.2,8.7,0.0084,7.8,68.9,0,0,0,Discrepancia alta entre sensores de humedad
2026-05-11,03:00:00,maceta1,133.0,132.0,61.7,61.9,61.8,9.2,0.0124,5.2,74.0,0,0,0,
2026-05-11,03:00:00,maceta2,128.0,128.0,64.2,64.1,64.1,23.9,0.0128,8.6,78.7,0,0,0,Discrepancia alta entre sensores de humedad
2026-05-11,04:00:00,maceta1,133.0,133.0,61.5,61.7,61.6,13.5,0.0149,10.8,77.9,0,0,0,
2026-05-11,04:00:00,maceta2,129.0,129.0,63.8,63.9,63.9,4.9,0.0137,12.1,73.3,0,0,0,
2026-05-11,05:00:00,maceta1,134.0,133.0,61.3,61.5,61.4,2.8,0.0155,7.8,74.7,0,0,0,
2026-05-11,05:00:00,maceta2,129.0,129.0,63.7,63.6,63.7,14.2,0.0164,10.4,69.5,0,0,0,
2026-05-11,06:00:00,maceta1,134.0,133.0,61.1,61.3,61.2,6466.9,1.2118,9.8,75.6,1,0,0,
2026-05-11,06:00:00,maceta2,129.0,130.0,63.5,63.4,63.4,6265.2,1.1754,10.3,71.7,1,0,0,
2026-05-11,07:00:00,maceta1,134.0,134.0,60.9,61.2,61.0,6459.2,2.4068,15.5,68.6,1,0,0,
2026-05-11,07:00:00,maceta2,130.0,130.0,63.3,63.2,63.3,5939.8,2.2743,9.2,68.2,1,0,0,
2026-05-11,08:00:00,maceta1,135.0,134.0,60.7,61.0,60.9,5828.5,3.4851,13.1,67.3,1,0,0,
2026-05-11,08:00:00,maceta2,130.0,130.0,63.1,63.1,63.1,6141.7,3.4105,13.4,65.3,1,0,0,
2026-05-11,09:00:00,maceta1,135.0,128.0,60.5,64.2,62.3,6115.4,4.6164,15.6,68.3,1,0,0,Discrepancia alta entre sensores de humedad
2026-05-11,09:00:00,maceta2,131.0,131.0,62.9,62.9,62.9,6032.0,4.5264,14.1,63.0,1,0,0,
2026-05-11,10:00:00,maceta1,135.0,135.0,60.3,60.6,60.4,6470.4,5.8134,15.8,70.4,1,0,0,
2026-05-11,10:00:00,maceta2,131.0,131.0,62.7,62.7,62.7,6375.8,5.706,14.7,69.7,1,0,0,
2026-05-11,11:00:00,maceta1,136.0,135.0,60.1,60.4,60.2,6263.1,6.9721,16.9,55.5,1,0,0,
2026-05-11,11:00:00,maceta2,131.0,131.0,62.5,62.5,62.5,5914.0,6.8001,16.0,60.3,1,0,0,
2026-05-11,12:00:00,maceta1,136.0,136.0,59.9,60.1,60.0,6314.0,8.1402,18.5,54.7,1,0,0,
2026-05-11,12:00:00,maceta2,132.0,132.0,62.3,62.4,62.3,6308.9,7.9672,17.0,56.3,1,0,0,
2026-05-11,13:00:00,maceta1,136.0,136.0,59.8,60.0,59.9,6097.5,9.2682,18.9,66.4,1,0,0,
2026-05-11,13:00:00,maceta2,132.0,132.0,62.1,62.2,62.2,6447.4,9.16,18.3,54.8,1,0,0,
2026-05-11,14:00:00,maceta1,137.0,136.0,59.5,59.8,59.7,5916.9,10.3629,20.5,57.1,1,0,0,
2026-05-11,14:00:00,maceta2,132.0,132.0,61.9,62.0,62.0,5987.1,10.2676,18.7,58.0,1,0,0,
2026-05-11,15:00:00,maceta1,137.0,137.0,59.4,59.6,59.5,5844.3,11.4441,16.3,50.0,1,0,0,
2026-05-11,15:00:00,maceta2,133.0,133.0,61.7,61.8,61.8,6356.8,11.4436,20.9,50.7,1,0,0,
2026-05-11,16:00:00,maceta1,138.0,137.0,59.2,59.4,59.3,6235.2,12.5976,17.5,49.3,1,0,0,
2026-05-11,16:00:00,maceta2,133.0,133.0,61.5,61.7,61.6,6020.5,12.5574,17.8,50.9,1,0,0,
2026-05-11,17:00:00,maceta1,138.0,137.0,58.9,59.2,59.1,5914.7,13.6918,17.4,42.1,1,0,0,
2026-05-11,17:00:00,maceta2,133.0,133.0,61.4,61.5,61.4,5828.1,13.6356,20.4,59.1,1,0,0,
2026-05-11,18:00:00,maceta1,138.0,138.0,58.7,59.0,58.9,19.9,13.6955,14.3,68.2,0,0,0,
2026-05-11,18:00:00,maceta2,134.0,134.0,61.2,61.3,61.2,2.9,13.6361,22.2,58.7,0,0,0,
2026-05-11,19:00:00,maceta1,139.0,138.0,58.6,58.8,58.7,29.2,13.7009,18.1,52.9,0,0,0,
2026-05-11,19:00:00,maceta2,134.0,134.0,61.0,61.1,61.0,26.1,13.6409,16.8,56.8,0,0,0,
2026-05-11,20:00:00,maceta1,139.0,139.0,58.4,58.6,58.5,18.8,13.7043,15.2,60.1,0,0,0,
2026-05-11,20:00:00,maceta2,134.0,134.0,60.8,60.9,60.8,24.6,13.6455,15.7,57.3,0,0,0,
2026-05-11,21:00:00,maceta1,140.0,139.0,58.1,58.5,58.3,26.6,13.7093,14.8,69.3,0,0,0,
2026-05-11,21:00:00,maceta2,135.0,135.0,60.6,60.6,60.6,7.8,13.6469,15.0,69.1,0,0,0,
2026-05-11,22:00:00,maceta1,140.0,139.0,57.9,58.2,58.1,25.5,13.714,13.5,61.8,0,0,0,
2026-05-11,22:00:00,maceta2,135.0,135.0,60.4,60.5,60.4,5.8,13.648,12.8,71.2,0,0,0,
2026-05-11,23:00:00,maceta1,140.0,140.0,57.7,58.1,57.9,12.4,13.7163,11.2,77.6,0,0,0,
2026-05-11,23:00:00,maceta2,136.0,136.0,60.2,60.2,60.2,16.7,13.6511,11.3,79.5,0,0,0,
2026-05-12,00:00:00,maceta1,141.0,140.0,57.5,57.9,57.7,21.4,0.004,10.0,86.4,0,0,0,
2026-05-12,00:00:00,maceta2,136.0,136.0,60.0,60.0,60.0,0.9,0.0002,12.0,67.6,0,0,0,
2026-05-12,01:00:00,maceta1,141.0,140.0,57.3,57.7,57.5,8.7,0.0056,10.4,87.8,0,0,0,
2026-05-12,01:00:00,maceta2,136.0,136.0,59.9,59.8,59.9,18.3,0.0035,5.1,71.9,0,0,0,
2026-05-12,02:00:00,maceta1,142.0,141.0,57.1,57.6,57.3,10.7,0.0076,10.0,71.7,0,0,0,
2026-05-12,02:00:00,maceta2,137.0,137.0,59.7,59.7,59.7,23.3,0.0078,9.3,76.3,0,0,0,
2026-05-12,03:00:00,maceta1,142.0,141.0,56.9,57.4,57.2,19.5,0.0112,8.8,72.1,0,0,0,
2026-05-12,03:00:00,maceta2,137.0,137.0,59.4,59.5,59.4,7.0,0.0091,8.3,77.0,0,0,0,
2026-05-12,04:00:00,maceta1,142.0,141.0,56.7,57.2,57.0,4.4,0.012,10.7,68.1,0,0,0,
2026-05-12,04:00:00,maceta2,138.0,137.0,59.2,59.3,59.2,18.9,0.0126,10.5,73.5,0,0,0,
2026-05-12,05:00:00,maceta1,143.0,142.0,56.5,57.0,56.8,13.5,0.0145,8.4,80.1,0,0,0,
2026-05-12,05:00:00,maceta2,138.0,138.0,59.1,59.1,59.1,5.1,0.0136,10.2,73.4,0,0,0,
2026-05-12,06:00:00,maceta1,143.0,142.0,56.3,56.8,56.5,6422.7,1.2027,8.9,72.8,1,0,0,
2026-05-12,06:00:00,maceta2,138.0,138.0,58.9,58.9,58.9,6438.2,1.2046,8.3,74.4,1,0,0,
2026-05-12,07:00:00,maceta1,143.0,143.0,56.1,56.5,56.3,6225.5,2.3544,10.4,75.9,1,0,0,
2026-05-12,07:00:00,maceta2,139.0,139.0,58.7,58.7,58.7,6336.3,2.3769,12.7,61.7,1,0,0,
2026-05-12,08:00:00,maceta1,144.0,143.0,55.9,56.3,56.1,6318.0,3.5232,14.0,70.5,1,0,0,
2026-05-12,08:00:00,maceta2,139.0,139.0,58.5,58.5,58.5,6263.3,3.5356,13.3,66.2,1,0,0,
2026-05-12,09:00:00,maceta1,144.0,143.0,55.7,56.2,55.9,6379.1,4.7034,15.0,65.8,1,0,0,
2026-05-12,09:00:00,maceta2,139.0,139.0,58.3,58.3,58.3,6279.8,4.6973,14.6,70.3,1,0,0,
2026-05-12,10:00:00,maceta1,145.0,144.0,55.5,55.9,55.7,6173.8,5.8455,14.2,56.4,1,0,0,
2026-05-12,10:00:00,maceta2,140.0,140.0,58.0,58.1,58.1,5965.9,5.801,15.8,57.3,1,0,0,
2026-05-12,11:00:00,maceta1,145.0,144.0,55.3,55.7,55.5,6320.7,7.0148,17.6,50.3,1,0,0,
2026-05-12,11:00:00,maceta2,140.0,140.0,57.9,57.9,57.9,6131.4,6.9353,17.5,57.3,1,0,0,
2026-05-12,12:00:00,maceta1,145.0,145.0,55.1,55.5,55.3,6006.4,8.126,19.2,64.6,1,0,0,
2026-05-12,12:00:00,maceta2,128.0,140.0,64.2,57.7,61.0,6361.4,8.1122,18.5,57.3,1,0,0,Discrepancia alta entre sensores de humedad
2026-05-12,13:00:00,maceta1,146.0,145.0,54.9,55.2,55.0,6287.7,9.2892,18.7,49.6,1,0,0,
2026-05-12,13:00:00,maceta2,141.0,141.0,57.4,57.6,57.5,6456.1,9.3066,19.8,53.9,1,0,0,
2026-05-12,14:00:00,maceta1,146.0,145.0,54.6,55.1,54.9,5915.8,10.3837,18.7,47.9,1,0,0,
2026-05-12,14:00:00,maceta2,141.0,141.0,57.2,57.3,57.3,6254.4,10.4636,17.4,49.7,1,0,0,
2026-05-12,15:00:00,maceta1,147.0,146.0,54.5,54.8,54.6,5971.0,11.4883,18.6,56.9,1,0,0,
2026-05-12,15:00:00,maceta2,142.0,141.0,57.0,57.1,57.1,6432.5,11.6536,17.8,49.1,1,0,0,
2026-05-12,16:00:00,maceta1,147.0,146.0,54.3,54.6,54.5,5869.6,12.5742,17.7,60.9,1,0,0,
2026-05-12,16:00:00,maceta2,142.0,142.0,56.9,57.0,56.9,6259.3,12.8116,18.5,55.0,1,0,0,
2026-05-12,17:00:00,maceta1,147.0,147.0,54.1,54.4,54.3,6353.8,13.7496,17.0,56.8,1,0,0,
2026-05-12,17:00:00,maceta2,142.0,142.0,56.6,56.8,56.7,6048.4,13.9306,17.7,54.9,1,0,0,
2026-05-12,18:00:00,maceta1,148.0,147.0,53.9,54.2,54.1,18.4,13.753,14.6,61.8,0,0,0,
2026-05-12,18:00:00,maceta2,143.0,143.0,56.5,56.5,56.5,2.4,13.931,17.7,61.8,0,0,0,
2026-05-12,19:00:00,maceta1,148.0,147.0,53.7,54.0,53.8,21.8,13.7571,16.4,61.7,0,0,0,
2026-05-12,19:00:00,maceta2,143.0,143.0,56.3,56.3,56.3,21.3,13.9349,15.1,62.8,0,0,0,
2026-05-12,20:00:00,maceta1,148.0,148.0,53.5,53.8,53.6,23.3,13.7614,16.2,61.4,0,0,0,
2026-05-12,20:00:00,maceta2,143.0,143.0,56.1,56.1,56.1,3.7,13.9356,16.6,65.1,0,0,0,
2026-05-12,21:00:00,maceta1,149.0,148.0,53.2,53.5,53.4,19.6,13.765,11.5,63.3,0,0,0,
2026-05-12,21:00:00,maceta2,144.0,144.0,55.9,55.9,55.9,8.9,13.9373,12.7,65.0,0,0,0,
2026-05-12,22:00:00,maceta1,149.0,149.0,53.0,53.4,53.2,22.8,13.7692,11.4,66.2,0,0,0,
2026-05-12,22:00:00,maceta2,144.0,128.0,55.6,64.2,59.9,7.2,13.9386,11.2,65.3,0,0,0,Discrepancia alta entre sensores de humedad
2026-05-12,23:00:00,maceta1,150.0,149.0,52.8,53.1,53.0,20.5,13.773,12.6,66.6,0,0,0,
2026-05-12,23:00:00,maceta2,145.0,145.0,55.4,55.5,55.5,8.8,13.9403,11.1,72.3,0,0,0,
2026-05-13,00:00:00,maceta1,150.0,149.0,52.6,52.9,52.8,0.3,0.0,9.8,78.6,0,0,0,
2026-05-13,00:00:00,maceta2,145.0,145.0,55.3,55.3,55.3,19.0,0.0035,7.2,77.9,0,0,0,
2026-05-13,01:00:00,maceta1,150.0,150.0,52.4,52.7,52.6,3.4,0.0007,10.4,67.4,0,0,0,
2026-05-13,01:00:00,maceta2,145.0,145.0,55.1,55.1,55.1,19.8,0.0072,7.6,80.1,0,0,0,
2026-05-13,02:00:00,maceta1,151.0,150.0,52.2,52.5,52.4,27.8,0.0058,9.0,73.1,0,0,0,
2026-05-13,02:00:00,maceta2,146.0,146.0,54.8,54.8,54.8,29.1,0.0126,9.3,77.7,0,0,0,
2026-05-13,03:00:00,maceta1,151.0,151.0,52.0,52.3,52.2,7.1,0.0071,10.8,70.5,0,0,0,
2026-05-13,03:00:00,maceta2,146.0,146.0,54.7,54.6,54.6,24.3,0.017,6.8,75.7,0,0,0,
2026-05-13,04:00:00,maceta1,151.0,151.0,51.9,52.1,52.0,10.6,0.0091,4.4,76.2,0,0,0,
2026-05-13,04:00:00,maceta2,146.0,147.0,54.5,54.4,54.4,27.0,0.022,9.2,67.2,0,0,0,
2026-05-13,05:00:00,maceta1,152.0,151.0,51.7,51.8,51.8,23.6,0.0135,12.1,76.7,0,0,0,
2026-05-13,05:00:00,maceta2,147.0,147.0,54.3,54.2,54.3,2.2,0.0225,11.3,80.4,0,0,0,
2026-05-13,06:00:00,maceta1,152.0,152.0,51.5,51.6,51.5,6106.9,1.1432,10.5,71.2,1,0,0,
2026-05-13,06:00:00,maceta2,147.0,147.0,54.2,54.1,54.1,6066.8,1.1448,9.5,78.9,1,0,0,
2026-05-13,07:00:00,maceta1,152.0,152.0,51.3,51.4,51.4,6453.0,2.337,12.5,69.1,1,0,0,
2026-05-13,07:00:00,maceta2,147.0,148.0,54.0,53.8,53.9,6300.6,2.3104,9.8,74.2,1,0,0,
2026-05-13,08:00:00,maceta1,153.0,153.0,51.1,51.2,51.2,6449.8,3.5302,13.2,56.5,1,0,0,
2026-05-13,08:00:00,maceta2,148.0,148.0,53.8,53.6,53.7,6357.9,3.4866,13.2,79.7,1,0,0,
2026-05-13,09:00:00,maceta1,153.0,153.0,50.9,51.0,51.0,6226.5,4.6821,15.3,72.5,1,0,0,
2026-05-13,09:00:00,maceta2,148.0,148.0,53.7,53.4,53.6,5881.1,4.5746,17.9,63.6,1,0,0,
2026-05-13,10:00:00,maceta1,154.0,153.0,50.7,50.9,50.8,6004.0,5.7929,15.6,52.6,1,0,0,
2026-05-13,10:00:00,maceta2,148.0,149.0,53.5,53.3,53.4,6478.2,5.7731,14.3,63.9,1,0,0,
2026-05-13,11:00:00,maceta1,154.0,154.0,50.5,50.7,50.6,6023.6,6.9073,16.2,52.8,1,0,0,
2026-05-13,11:00:00,maceta2,149.0,149.0,53.3,53.0,53.2,5865.3,6.8582,13.6,62.2,1,0,0,
2026-05-13,12:00:00,maceta1,154.0,154.0,50.3,50.5,50.4,6295.3,8.0719,16.2,60.0,1,0,0,
2026-05-13,12:00:00,maceta2,149.0,150.0,53.1,52.8,53.0,6313.8,8.0262,16.7,53.2,1,0,0,
2026-05-13,13:00:00,maceta1,155.0,154.0,50.2,50.3,50.2,5999.8,9.1818,17.3,61.9,1,0,0,
2026-05-13,13:00:00,maceta2,149.0,150.0,53.0,52.5,52.8,6008.4,9.1378,18.3,60.4,1,0,0,
2026-05-13,14:00:00,maceta1,155.0,155.0,50.0,50.1,50.0,6128.2,10.3156,17.3,60.2,1,0,1,
2026-05-13,14:00:00,maceta2,150.0,151.0,52.8,52.3,52.5,5815.3,10.2136,20.3,55.4,1,0,0,
2026-05-13,15:00:00,maceta1,128.0,87.0,64.2,85.8,75.0,6352.5,11.4908,18.7,47.9,1,0,0,Discrepancia alta entre sensores de humedad
2026-05-13,15:00:00,maceta2,150.0,151.0,52.6,52.2,52.4,6022.0,11.3277,18.7,59.9,1,0,0,
2026-05-13,16:00:00,maceta1,87.0,87.0,85.6,85.5,85.6,6397.6,12.6744,18.1,54.0,1,0,0,
2026-05-13,16:00:00,maceta2,150.0,151.0,52.4,52.0,52.2,6361.8,12.5046,18.8,48.4,1,0,0,
2026-05-13,17:00:00,maceta1,88.0,88.0,85.4,85.4,85.4,6263.0,13.833,19.3,63.1,1,0,0,
2026-05-13,17:00:00,maceta2,151.0,152.0,52.2,51.8,52.0,6027.4,13.6197,16.8,66.8,1,0,0,
2026-05-13,18:00:00,maceta1,88.0,88.0,85.3,85.2,85.2,18.5,13.8364,16.3,57.7,0,0,0,
2026-05-13,18:00:00,maceta2,151.0,152.0,52.0,51.6,51.8,26.4,13.6246,16.8,68.7,0,0,0,
2026-05-13,19:00:00,maceta1,88.0,89.0,85.1,84.9,85.0,3.9,13.8372,14.2,60.5,0,0,0,
2026-05-13,19:00:00,maceta2,152.0,152.0,51.8,51.4,51.6,23.9,13.629,15.0,58.1,0,0,0,
2026-05-13,20:00:00,maceta1,89.0,89.0,84.9,84.8,84.8,3.6,13.8378,14.3,59.3,0,0,0,
2026-05-13,20:00:00,maceta2,152.0,153.0,51.6,51.3,51.4,12.2,13.6313,16.4,70.6,0,0,0,
2026-05-13,21:00:00,maceta1,89.0,89.0,84.7,84.6,84.6,9.7,13.8396,14.1,61.1,0,0,0,
2026-05-13,21:00:00,maceta2,152.0,153.0,51.4,51.1,51.2,17.6,13.6345,14.0,68.7,0,0,0,
2026-05-13,22:00:00,maceta1,89.0,90.0,84.5,84.4,84.4,9.0,13.8413,13.7,64.8,0,0,0,
2026-05-13,22:00:00,maceta2,153.0,153.0,51.2,50.9,51.1,19.1,13.638,12.2,65.3,0,0,0,
2026-05-13,23:00:00,maceta1,90.0,90.0,84.3,84.2,84.3,11.0,13.8433,11.8,75.2,0,0,0,
2026-05-13,23:00:00,maceta2,153.0,154.0,51.0,50.8,50.9,25.8,13.6428,11.1,68.1,0,0,0,
2026-05-14,00:00:00,maceta1,90.0,90.0,84.1,84.0,84.1,19.0,0.0035,10.5,70.0,0,0,0,
2026-05-14,00:00:00,maceta2,154.0,154.0,50.8,50.5,50.7,6.5,0.0012,9.2,77.7,0,0,0,
2026-05-14,01:00:00,maceta1,91.0,91.0,83.9,83.8,83.8,10.1,0.0054,5.6,81.6,0,0,0,
2026-05-14,01:00:00,maceta2,154.0,154.0,50.6,50.3,50.5,25.4,0.0059,9.1,76.9,0,0,0,
2026-05-14,02:00:00,maceta1,91.0,91.0,83.7,83.5,83.6,11.6,0.0075,10.9,71.4,0,0,0,
2026-05-14,02:00:00,maceta2,154.0,155.0,50.4,50.1,50.2,16.1,0.0089,10.2,72.1,0,0,0,
2026-05-14,03:00:00,maceta1,91.0,92.0,83.4,83.3,83.4,19.5,0.0111,10.1,75.4,0,0,0,
2026-05-14,03:00:00,maceta2,155.0,155.0,50.2,49.9,50.0,10.4,0.0108,10.5,76.6,0,0,1,
2026-05-14,04:00:00,maceta1,92.0,92.0,83.2,83.1,83.2,8.8,0.0128,8.9,69.7,0,0,0,
2026-05-14,04:00:00,maceta2,84.0,87.0,87.2,85.6,86.4,14.3,0.0134,9.1,78.3,0,0,0,
2026-05-14,05:00:00,maceta1,92.0,92.0,83.0,82.9,83.0,6.4,0.014,8.4,74.1,0,0,0,
2026-05-14,05:00:00,maceta2,85.0,88.0,87.1,85.4,86.2,8.5,0.015,8.8,65.1,0,0,0,
2026-05-14,06:00:00,maceta1,93.0,93.0,82.8,82.7,82.8,6159.3,1.1534,11.0,67.4,1,0,0,
2026-05-14,06:00:00,maceta2,85.0,128.0,86.8,64.2,75.5,5859.2,1.099,11.9,69.6,1,0,0,Discrepancia alta entre sensores de humedad
2026-05-14,07:00:00,maceta1,93.0,93.0,82.6,82.5,82.6,6128.6,2.2872,10.9,69.6,1,0,0,
2026-05-14,07:00:00,maceta2,85.0,89.0,86.6,85.0,85.8,6453.1,2.2928,10.5,79.4,1,0,0,
2026-05-14,08:00:00,maceta1,93.0,94.0,82.4,82.3,82.4,6303.8,3.4534,12.3,68.8,1,0,0,
2026-05-14,08:00:00,maceta2,86.0,89.0,86.4,84.8,85.6,5854.2,3.3758,13.2,63.4,1,0,0,
2026-05-14,09:00:00,maceta1,94.0,94.0,82.2,82.0,82.1,5956.9,4.5555,11.5,66.1,1,0,0,
2026-05-14,09:00:00,maceta2,86.0,89.0,86.2,84.6,85.4,6271.6,4.536,10.2,63.2,1,0,0,
2026-05-14,10:00:00,maceta1,94.0,94.0,82.0,81.9,81.9,6426.3,5.7443,14.1,64.0,1,0,0,
2026-05-14,10:00:00,maceta2,87.0,90.0,86.0,84.4,85.2,5823.0,5.6133,13.1,65.3,1,0,0,
2026-05-14,11:00:00,maceta1,95.0,95.0,81.7,81.7,81.7,6368.7,6.9225,15.4,66.0,1,0,0,
2026-05-14,11:00:00,maceta2,87.0,90.0,85.8,84.2,85.0,6193.3,6.7591,15.9,59.9,1,0,0,
2026-05-14,12:00:00,maceta1,95.0,95.0,81.5,81.5,81.5,6182.3,8.0663,16.5,66.1,1,0,0,
2026-05-14,12:00:00,maceta2,87.0,90.0,85.6,84.0,84.8,6470.5,7.9561,19.3,62.5,1,0,0,
2026-05-14,13:00:00,maceta1,96.0,95.0,81.3,81.3,81.3,6323.4,9.2361,18.4,52.8,1,0,0,
2026-05-14,13:00:00,maceta2,88.0,91.0,85.3,83.7,84.5,6395.1,9.1392,18.4,67.4,1,0,0,
2026-05-14,14:00:00,maceta1,96.0,96.0,81.1,81.1,81.1,6047.8,10.3549,19.4,57.0,1,0,0,
2026-05-14,14:00:00,maceta2,88.0,91.0,85.1,83.5,84.3,6188.1,10.284,16.7,51.2,1,0,0,
2026-05-14,15:00:00,maceta1,96.0,96.0,80.9,80.9,80.9,6230.8,11.5076,20.2,63.3,1,0,0,
2026-05-14,15:00:00,maceta2,89.0,92.0,84.9,83.3,84.1,6025.1,11.3986,18.5,65.4,1,0,0,
2026-05-14,16:00:00,maceta1,97.0,97.0,80.7,80.7,80.7,6199.2,12.6545,19.5,55.2,1,0,0,
2026-05-14,16:00:00,maceta2,89.0,92.0,84.7,83.1,83.9,5965.7,12.5023,16.8,52.8,1,0,0,
2026-05-14,17:00:00,maceta1,97.0,97.0,80.5,80.5,80.5,5900.4,13.746,15.6,55.5,1,0,0,
2026-05-14,17:00:00,maceta2,89.0,92.0,84.5,82.9,83.7,6061.8,13.6237,19.2,59.9,1,0,0,
2026-05-14,18:00:00,maceta1,97.0,97.0,80.4,80.3,80.3,27.1,13.751,17.7,64.3,0,0,0,
2026-05-14,18:00:00,maceta2,90.0,93.0,84.3,82.7,83.5,3.0,13.6242,15.8,60.8,0,0,0,
2026-05-14,19:00:00,maceta1,98.0,98.0,80.2,80.1,80.1,3.1,13.7516,14.8,60.5,0,0,0,
2026-05-14,19:00:00,maceta2,90.0,93.0,84.1,82.5,83.3,23.9,13.6287,17.8,67.5,0,0,0,
2026-05-14,20:00:00,maceta1,98.0,98.0,80.0,79.9,79.9,7.6,13.753,13.1,60.8,0,0,0,
2026-05-14,20:00:00,maceta2,91.0,94.0,83.9,82.3,83.1,1.8,13.629,17.4,67.6,0,0,0,
2026-05-14,21:00:00,maceta1,99.0,99.0,79.7,79.7,79.7,12.0,13.7552,12.3,63.6,0,0,0,
2026-05-14,21:00:00,maceta2,91.0,94.0,83.7,82.1,82.9,24.6,13.6335,14.6,67.2,0,0,0,
2026-05-14,22:00:00,maceta1,99.0,99.0,79.5,79.5,79.5,3.8,13.756,11.8,67.0,0,0,0,
2026-05-14,22:00:00,maceta2,91.0,94.0,83.5,81.8,82.7,20.2,13.6373,13.2,67.3,0,0,0,
2026-05-14,23:00:00,maceta1,99.0,99.0,79.3,79.3,79.3,0.1,13.756,10.3,68.1,0,0,0,
2026-05-14,23:00:00,maceta2,92.0,95.0,83.3,81.6,82.5,3.3,13.6379,10.9,76.7,0,0,0,
2026-05-15,00:00:00,maceta1,100.0,100.0,79.1,79.1,79.1,10.5,0.0019,10.0,68.4,0,0,0,
2026-05-15,00:00:00,maceta2,92.0,95.0,83.1,81.4,82.3,2.5,0.0005,8.5,68.4,0,0,0,
2026-05-15,01:00:00,maceta1,100.0,128.0,78.9,64.2,71.6,25.4,0.0066,10.3,84.3,0,0,0,Discrepancia alta entre sensores de humedad
2026-05-15,01:00:00,maceta2,92.0,96.0,82.9,81.2,82.1,25.9,0.0053,8.4,78.5,0,0,0,
2026-05-15,02:00:00,maceta1,100.0,100.0,78.8,78.7,78.7,22.7,0.0108,8.3,62.7,0,0,0,
2026-05-15,02:00:00,maceta2,93.0,96.0,82.8,81.0,81.9,7.3,0.0066,7.2,71.8,0,0,0,
2026-05-15,03:00:00,maceta1,101.0,101.0,78.6,78.5,78.5,15.7,0.0137,4.7,65.9,0,0,0,
2026-05-15,03:00:00,maceta2,93.0,96.0,82.5,80.8,81.7,5.5,0.0076,8.2,70.2,0,0,0,
2026-05-15,04:00:00,maceta1,101.0,101.0,78.4,78.3,78.3,8.4,0.0153,12.3,59.0,0,0,0,
2026-05-15,04:00:00,maceta2,94.0,97.0,82.3,80.6,81.5,15.5,0.0105,9.9,74.0,0,0,0,
2026-05-15,05:00:00,maceta1,101.0,102.0,78.2,78.0,78.1,22.1,0.0194,9.1,68.0,0,0,0,
2026-05-15,05:00:00,maceta2,94.0,97.0,82.1,80.4,81.2,2.8,0.011,8.8,74.0,0,0,0,
2026-05-15,06:00:00,maceta1,102.0,102.0,78.0,77.8,77.9,6242.9,1.1743,10.0,63.9,1,0,0,
2026-05-15,06:00:00,maceta2,94.0,98.0,81.9,80.2,81.0,6046.8,1.1297,10.8,72.5,1,0,0,
2026-05-15,07:00:00,maceta1,102.0,103.0,77.8,77.6,77.7,5853.8,2.2573,9.2,67.9,1,0,0,
2026-05-15,07:00:00,maceta2,95.0,98.0,81.7,80.0,80.9,6327.1,2.3002,12.7,77.5,1,0,0,
2026-05-15,08:00:00,maceta1,103.0,103.0,77.5,77.5,77.5,6308.6,3.4243,13.3,74.6,1,0,0,
2026-05-15,08:00:00,maceta2,95.0,98.0,81.5,79.9,80.7,6438.8,3.4914,13.3,71.5,1,0,0,
2026-05-15,09:00:00,maceta1,103.0,103.0,77.4,77.3,77.3,6311.4,4.592,14.2,63.4,1,0,0,
2026-05-15,09:00:00,maceta2,95.0,99.0,81.3,79.6,80.5,6380.1,4.6717,13.5,74.9,1,0,0,
2026-05-15,10:00:00,maceta1,103.0,103.0,77.2,77.1,77.1,6322.2,5.7616,15.8,54.6,1,0,0,
2026-05-15,10:00:00,maceta2,96.0,99.0,81.2,79.5,80.3,6241.5,5.8264,15.7,55.4,1,0,0,
2026-05-15,11:00:00,maceta1,104.0,104.0,76.9,76.9,76.9,6098.9,6.8898,15.5,59.6,1,0,0,
2026-05-15,11:00:00,maceta2,96.0,99.0,80.9,79.2,80.1,6431.5,7.0162,15.1,71.3,1,0,0,
2026-05-15,12:00:00,maceta1,104.0,104.0,76.7,76.7,76.7,6255.7,8.0471,17.2,56.9,1,0,0,
2026-05-15,12:00:00,maceta2,97.0,100.0,80.7,79.0,79.9,6078.8,8.1408,19.4,57.0,1,0,0,
2026-05-15,13:00:00,maceta1,105.0,105.0,76.5,76.6,76.6,5858.4,9.131,16.0,49.1,1,0,0,
2026-05-15,13:00:00,maceta2,97.0,100.0,80.5,78.9,79.7,6003.5,9.2514,15.6,61.1,1,0,0,
2026-05-15,14:00:00,maceta1,105.0,105.0,76.4,76.4,76.4,6180.6,10.2744,18.6,60.1,1,0,0,
2026-05-15,14:00:00,maceta2,97.0,100.0,80.4,78.7,79.5,5992.9,10.3601,18.4,59.3,1,0,0,
2026-05-15,15:00:00,maceta1,105.0,105.0,76.2,76.2,76.2,5954.9,11.376,18.8,51.9,1,0,0,
2026-05-15,15:00:00,maceta2,98.0,101.0,80.1,78.5,79.3,6169.2,11.5014,18.9,51.5,1,0,0,
2026-05-15,16:00:00,maceta1,106.0,106.0,76.0,76.0,76.0,5918.9,12.471,18.0,48.9,1,0,0,
2026-05-15,16:00:00,maceta2,128.0,101.0,64.2,78.2,71.2,6360.3,12.6781,20.6,55.8,1,0,0,Discrepancia alta entre sensores de humedad
2026-05-15,17:00:00,maceta1,106.0,106.0,75.8,75.8,75.8,6139.1,13.6067,15.4,50.9,1,0,0,
2026-05-15,17:00:00,maceta2,99.0,102.0,79.7,78.0,78.8,6201.7,13.8254,16.6,50.5,1,0,0,
2026-05-15,18:00:00,maceta1,106.0,106.0,75.6,75.6,75.6,6.7,13.608,16.9,55.8,0,0,0,
2026-05-15,18:00:00,maceta2,99.0,102.0,79.4,77.8,78.6,8.2,13.8269,14.6,55.5,0,0,0,
2026-05-15,19:00:00,maceta1,107.0,107.0,75.4,75.3,75.4,4.4,13.6088,15.7,57.3,0,0,0,
2026-05-15,19:00:00,maceta2,99.0,102.0,79.3,77.6,78.5,12.3,13.8292,18.5,62.3,0,0,0,
2026-05-15,20:00:00,maceta1,107.0,107.0,75.2,75.1,75.1,2.3,13.6092,14.8,62.8,0,0,0,
2026-05-15,20:00:00,maceta2,100.0,103.0,79.1,77.5,78.3,22.5,13.8333,15.1,61.0,0,0,0,
2026-05-15,21:00:00,maceta1,108.0,108.0,75.0,75.0,75.0,23.6,13.6136,11.6,65.9,0,0,0,
2026-05-15,21:00:00,maceta2,100.0,103.0,78.8,77.2,78.0,17.2,13.8365,12.6,60.0,0,0,0,
2026-05-15,22:00:00,maceta1,108.0,108.0,74.7,74.8,74.8,2.7,13.6141,11.6,68.1,0,0,0,
2026-05-15,22:00:00,maceta2,101.0,104.0,78.6,77.1,77.8,26.7,13.8415,11.7,68.3,0,0,0,
2026-05-15,23:00:00,maceta1,108.0,108.0,74.6,74.6,74.6,29.0,13.6194,12.9,62.5,0,0,0,
2026-05-15,23:00:00,maceta2,101.0,104.0,78.4,76.9,77.6,6.1,13.8426,11.8,75.0,0,0,0,
2026-05-16,00:00:00,maceta1,109.0,109.0,74.4,74.4,74.4,21.1,0.0039,8.2,67.7,0,0,0,
2026-05-16,00:00:00,maceta2,101.0,104.0,78.2,76.7,77.4,25.3,0.0047,10.2,72.5,0,0,0,
2026-05-16,01:00:00,maceta1,109.0,109.0,74.1,74.2,74.1,16.2,0.0069,9.8,79.5,0,0,0,
2026-05-16,01:00:00,maceta2,102.0,105.0,77.9,76.5,77.2,9.7,0.0065,10.8,78.3,0,0,0,
2026-05-16,02:00:00,maceta1,109.0,110.0,73.9,73.9,73.9,14.4,0.0096,10.9,74.8,0,0,0,
2026-05-16,02:00:00,maceta2,102.0,105.0,77.7,76.3,77.0,15.4,0.0093,7.0,72.8,0,0,0,
2026-05-16,03:00:00,maceta1,110.0,110.0,73.7,73.7,73.7,12.0,0.0118,7.2,79.7,0,0,0,
2026-05-16,03:00:00,maceta2,103.0,105.0,77.5,76.1,76.8,27.9,0.0145,6.5,78.4,0,0,0,
2026-05-16,04:00:00,maceta1,110.0,110.0,73.6,73.5,73.5,22.3,0.0159,8.2,71.6,0,0,0,
2026-05-16,04:00:00,maceta2,103.0,106.0,77.2,75.9,76.6,7.2,0.0158,9.3,70.7,0,0,0,
2026-05-16,05:00:00,maceta1,111.0,111.0,73.4,73.2,73.3,17.6,0.0192,10.5,63.3,0,0,0,
2026-05-16,05:00:00,maceta2,104.0,106.0,77.0,75.8,76.4,20.7,0.0196,8.9,74.4,0,0,0,
2026-05-16,06:00:00,maceta1,111.0,111.0,73.2,73.0,73.1,6154.0,1.1577,9.4,71.7,1,0,0,
2026-05-16,06:00:00,maceta2,104.0,106.0,76.8,75.6,76.2,6119.0,1.1516,10.1,77.8,1,0,0,
2026-05-16,07:00:00,maceta1,111.0,112.0,73.0,72.8,72.9,6498.0,2.3598,9.6,71.8,1,0,0,
2026-05-16,07:00:00,maceta2,104.0,107.0,76.6,75.3,76.0,6227.8,2.3038,14.0,76.7,1,0,0,
2026-05-16,08:00:00,maceta1,112.0,112.0,72.9,72.6,72.7,6350.5,3.5346,9.7,64.1,1,0,0,
2026-05-16,08:00:00,maceta2,105.0,107.0,76.4,75.2,75.8,6033.8,3.4201,12.4,73.3,1,0,0,
2026-05-16,09:00:00,maceta1,112.0,112.0,72.7,72.4,72.5,6382.1,4.7153,16.4,62.4,1,0,0,
2026-05-16,09:00:00,maceta2,105.0,108.0,76.2,75.0,75.6,6230.6,4.5727,13.4,68.9,1,0,0,
2026-05-16,10:00:00,maceta1,112.0,113.0,72.5,72.2,72.3,6287.9,5.8786,14.4,55.1,1,0,0,
2026-05-16,10:00:00,maceta2,106.0,128.0,76.0,64.2,70.1,6006.1,5.6838,14.1,63.6,1,0,0,Discrepancia alta entre sensores de humedad
2026-05-16,11:00:00,maceta1,113.0,113.0,72.3,72.1,72.2,6184.0,7.0226,15.6,50.1,1,0,0,
2026-05-16,11:00:00,maceta2,106.0,108.0,75.8,74.5,75.1,6243.8,6.8389,17.9,58.7,1,0,0,
2026-05-16,12:00:00,maceta1,113.0,113.0,72.1,71.8,72.0,6212.4,8.1719,13.6,60.1,1,0,0,
2026-05-16,12:00:00,maceta2,106.0,109.0,75.6,74.3,75.0,6440.6,8.0305,19.2,55.3,1,0,0,
2026-05-16,13:00:00,maceta1,114.0,114.0,71.8,71.7,71.7,6428.8,9.3612,15.6,51.1,1,0,0,
2026-05-16,13:00:00,maceta2,107.0,109.0,75.4,74.1,74.7,6479.7,9.2292,17.3,60.6,1,0,0,
2026-05-16,14:00:00,maceta1,114.0,128.0,71.7,64.2,67.9,6267.2,10.5207,17.6,54.8,1,0,0,Discrepancia alta entre sensores de humedad
2026-05-16,14:00:00,maceta2,107.0,110.0,75.2,73.9,74.6,6480.3,10.4281,19.1,52.9,1,0,0,
2026-05-16,15:00:00,maceta1,114.0,115.0,71.5,71.2,71.3,6382.7,11.7015,16.0,55.2,1,0,0,
2026-05-16,15:00:00,maceta2,108.0,110.0,75.0,73.7,74.3,5989.6,11.5361,19.1,68.2,1,0,0,
2026-05-16,16:00:00,maceta1,115.0,115.0,71.3,71.1,71.2,6099.2,12.8298,21.3,61.1,1,0,0,
2026-05-16,16:00:00,maceta2,108.0,110.0,74.8,73.5,74.1,5966.9,12.64,16.2,61.2,1,0,0,
2026-05-16,17:00:00,maceta1,115.0,115.0,71.1,70.9,71.0,5802.9,13.9034,18.0,58.5,1,0,0,
2026-05-16,17:00:00,maceta2,108.0,111.0,74.6,73.2,73.9,5931.6,13.7374,16.7,57.2,1,0,0,
2026-05-16,18:00:00,maceta1,115.0,116.0,70.9,70.6,70.8,22.8,13.9076,17.6,45.9,0,0,0,
2026-05-16,18:00:00,maceta2,109.0,111.0,74.4,73.1,73.7,18.2,13.7407,17.0,54.5,0,0,0,
2026-05-16,19:00:00,maceta1,116.0,116.0,70.7,70.4,70.6,18.5,13.911,14.9,57.6,0,0,0,
2026-05-16,19:00:00,maceta2,109.0,112.0,74.1,72.8,73.5,23.7,13.7451,16.6,50.6,0,0,0,
2026-05-16,20:00:00,maceta1,116.0,117.0,70.6,70.2,70.4,28.5,13.9163,17.4,56.6,0,0,0,
2026-05-16,20:00:00,maceta2,110.0,112.0,73.9,72.6,73.3,11.3,13.7472,14.4,52.5,0,0,0,
2026-05-16,21:00:00,maceta1,116.0,117.0,70.4,70.1,70.2,17.3,13.9195,14.5,64.8,0,0,0,
2026-05-16,21:00:00,maceta2,110.0,112.0,73.7,72.4,73.1,2.6,13.7477,11.4,69.1,0,0,0,
2026-05-16,22:00:00,maceta1,117.0,117.0,70.2,69.8,70.0,10.8,13.9215,10.7,73.1,0,0,0,
2026-05-16,22:00:00,maceta2,110.0,113.0,73.5,72.2,72.8,12.4,13.75,12.8,69.7,0,0,0,
2026-05-16,23:00:00,maceta1,117.0,118.0,70.0,69.6,69.8,25.1,13.9261,13.1,65.2,0,0,0,
2026-05-16,23:00:00,maceta2,111.0,113.0,73.3,72.0,72.6,15.4,13.7528,11.4,60.3,0,0,0,
2026-05-17,00:00:00,maceta1,117.0,128.0,69.8,64.2,67.0,21.9,0.0041,9.3,63.3,0,0,0,Discrepancia alta entre sensores de humedad
2026-05-17,00:00:00,maceta2,111.0,114.0,73.1,71.8,72.5,0.6,0.0001,9.7,65.7,0,0,0,
2026-05-17,01:00:00,maceta1,118.0,118.0,69.5,69.2,69.4,13.9,0.0066,7.1,69.2,0,0,0,
2026-05-17,01:00:00,maceta2,112.0,114.0,72.8,71.6,72.2,27.0,0.0051,9.8,72.9,0,0,0,
2026-05-17,02:00:00,maceta1,118.0,119.0,69.4,69.0,69.2,6.7,0.0079,9.8,69.6,0,0,0,
2026-05-17,02:00:00,maceta2,112.0,114.0,72.7,71.4,72.1,0.9,0.0053,7.8,76.4,0,0,0,
2026-05-17,03:00:00,maceta1,119.0,119.0,69.2,68.9,69.0,13.0,0.0103,7.6,73.8,0,0,0,
2026-05-17,03:00:00,maceta2,112.0,115.0,72.5,71.2,71.9,21.1,0.0092,8.7,75.1,0,0,0,
2026-05-17,04:00:00,maceta1,119.0,120.0,69.0,68.7,68.8,13.6,0.0128,7.8,80.4,0,0,0,
2026-05-17,04:00:00,maceta2,113.0,115.0,72.3,71.0,71.6,13.8,0.0117,8.3,68.8,0,0,0,
2026-05-17,05:00:00,maceta1,119.0,120.0,68.8,68.5,68.6,20.1,0.0165,12.1,75.8,0,0,0,
2026-05-17,05:00:00,maceta2,113.0,115.0,72.1,70.8,71.5,7.6,0.0132,8.6,73.6,0,0,0,
2026-05-17,06:00:00,maceta1,120.0,120.0,68.6,68.3,68.4,5868.6,1.1022,9.2,70.4,1,0,0,
2026-05-17,06:00:00,maceta2,113.0,116.0,71.9,70.6,71.3,6353.4,1.1885,8.8,76.5,1,0,0,
2026-05-17,07:00:00,maceta1,120.0,121.0,68.4,68.1,68.2,6196.6,2.2486,11.9,74.4,1,0,0,
2026-05-17,07:00:00,maceta2,114.0,116.0,71.8,70.4,71.1,6306.8,2.3553,10.5,65.3,1,0,0,
2026-05-17,08:00:00,maceta1,120.0,121.0,68.2,67.9,68.0,6093.0,3.3758,11.0,66.7,1,0,0,
2026-05-17,08:00:00,maceta2,114.0,117.0,71.5,70.2,70.9,6067.0,3.4777,14.0,69.0,1,0,0,
2026-05-17,09:00:00,maceta1,121.0,121.0,67.9,67.7,67.8,5868.7,4.4615,15.4,63.6,1,0,0,
2026-05-17,09:00:00,maceta2,115.0,117.0,71.3,69.9,70.6,6166.7,4.6185,12.4,67.9,1,0,0,
2026-05-17,10:00:00,maceta1,121.0,122.0,67.7,67.5,67.6,6160.2,5.6011,11.8,63.8,1,0,0,
2026-05-17,10:00:00,maceta2,128.0,118.0,64.2,69.7,67.0,6127.7,5.7521,16.1,71.6,1,0,0,Discrepancia alta entre sensores de humedad
2026-05-17,11:00:00,maceta1,122.0,122.0,67.5,67.3,67.4,6318.4,6.77,14.7,52.3,1,0,0,
2026-05-17,11:00:00,maceta2,115.0,118.0,70.8,69.5,70.2,6382.8,6.933,17.0,59.4,1,0,0,
2026-05-17,12:00:00,maceta1,122.0,122.0,67.3,67.1,67.2,6325.6,7.9403,13.9,53.4,1,0,0,
2026-05-17,12:00:00,maceta2,116.0,118.0,70.6,69.3,69.9,5900.7,8.0246,18.1,60.9,1,0,0,
2026-05-17,13:00:00,maceta1,122.0,123.0,67.1,66.9,67.0,6235.4,9.0938,15.8,48.3,1,0,0,
2026-05-17,13:00:00,maceta2,116.0,119.0,70.4,69.1,69.7,5856.2,9.108,18.7,58.1,1,0,0,
2026-05-17,14:00:00,maceta1,123.0,123.0,66.9,66.7,66.8,6286.2,10.2568,18.1,52.2,1,0,0,
2026-05-17,14:00:00,maceta2,117.0,119.0,70.2,68.8,69.5,6067.3,10.2304,16.7,51.7,1,0,0,
2026-05-17,15:00:00,maceta1,123.0,124.0,66.7,66.5,66.6,5892.7,11.3469,17.7,47.8,1,0,0,
2026-05-17,15:00:00,maceta2,117.0,120.0,70.0,68.6,69.3,6403.4,11.4151,19.3,52.7,1,0,0,
2026-05-17,16:00:00,maceta1,124.0,124.0,66.5,66.3,66.4,6229.8,12.4994,18.3,60.8,1,0,0,
2026-05-17,16:00:00,maceta2,117.0,120.0,69.8,68.4,69.1,6048.3,12.534,19.0,55.2,1,0,0,
2026-05-17,17:00:00,maceta1,124.0,124.0,66.3,66.1,66.2,5821.5,13.5764,20.6,59.5,1,0,0,
2026-05-17,17:00:00,maceta2,118.0,120.0,69.6,68.2,68.9,6176.1,13.6766,15.3,64.7,1,0,0,
2026-05-17,18:00:00,maceta1,124.0,125.0,66.1,65.9,66.0,2.8,13.5769,19.2,59.2,0,0,0,
2026-05-17,18:00:00,maceta2,118.0,121.0,69.4,68.1,68.7,9.6,13.6784,17.0,55.1,0,0,0,
2026-05-17,19:00:00,maceta1,125.0,125.0,66.0,65.7,65.8,18.8,13.5804,14.4,62.3,0,0,0,
2026-05-17,19:00:00,maceta2,119.0,121.0,69.2,67.9,68.5,26.8,13.6833,13.8,57.3,0,0,0,
2026-05-17,20:00:00,maceta1,125.0,125.0,65.7,65.6,65.7,25.2,13.5851,14.3,59.9,0,0,0,
2026-05-17,20:00:00,maceta2,119.0,121.0,69.0,67.7,68.3,7.6,13.6847,15.9,54.8,0,0,0,
2026-05-17,21:00:00,maceta1,125.0,126.0,65.6,65.4,65.5,4.0,13.5858,13.1,69.6,0,0,0,
2026-05-17,21:00:00,maceta2,119.0,122.0,68.8,67.5,68.2,5.8,13.6858,15.5,63.1,0,0,0,
2026-05-17,22:00:00,maceta1,126.0,126.0,65.4,65.2,65.3,29.1,13.5912,9.8,68.5,0,0,0,
2026-05-17,22:00:00,maceta2,120.0,122.0,68.7,67.2,68.0,16.5,13.6889,12.0,62.4,0,0,0,
2026-05-17,23:00:00,maceta1,126.0,127.0,65.1,65.0,65.1,5.5,13.5922,8.9,72.2,0,0,0,
2026-05-17,23:00:00,maceta2,120.0,123.0,68.5,67.1,67.8,25.2,13.6935,11.3,66.2,0,0,0,
2026-05-18,00:00:00,maceta1,127.0,127.0,64.9,64.8,64.9,11.9,0.0022,10.9,71.4,0,0,0,
2026-05-18,00:00:00,maceta2,120.0,123.0,68.3,66.9,67.6,27.0,0.005,9.0,76.5,0,0,0,
2026-05-18,01:00:00,maceta1,127.0,127.0,64.7,64.6,64.7,7.8,0.0036,4.9,77.6,0,0,0,
2026-05-18,01:00:00,maceta2,121.0,123.0,68.1,66.7,67.4,11.8,0.0072,9.1,73.6,0,0,0,
2026-05-18,02:00:00,maceta1,127.0,128.0,64.6,64.4,64.5,15.1,0.0064,9.0,65.8,0,0,0,Discrepancia alta entre sensores de humedad
2026-05-18,02:00:00,maceta2,121.0,124.0,67.9,66.4,67.1,26.8,0.0121,8.9,89.6,0,0,0,
2026-05-18,03:00:00,maceta1,128.0,128.0,64.4,64.3,64.3,26.1,0.0113,10.0,83.7,0,0,0,Discrepancia alta entre sensores de humedad
2026-05-18,03:00:00,maceta2,121.0,124.0,67.7,66.3,67.0,17.2,0.0153,6.5,78.6,0,0,0,
2026-05-18,04:00:00,maceta1,128.0,128.0,64.2,64.1,64.1,6.7,0.0125,9.3,70.9,0,0,0,Discrepancia alta entre sensores de humedad
2026-05-18,04:00:00,maceta2,122.0,124.0,67.4,66.1,66.8,12.1,0.0176,10.1,74.1,0,0,0,
2026-05-18,05:00:00,maceta1,128.0,129.0,64.0,63.8,63.9,29.3,0.0179,6.2,70.9,0,0,0,Discrepancia alta entre sensores de humedad
2026-05-18,05:00:00,maceta2,122.0,125.0,67.2,65.9,66.6,18.2,0.0209,9.3,80.0,0,0,0,
2026-05-18,06:00:00,maceta1,129.0,129.0,63.8,63.6,63.7,5806.8,1.0922,8.9,73.4,1,0,0,
2026-05-18,06:00:00,maceta2,123.0,125.0,67.0,65.7,66.3,6346.1,1.195,9.5,68.2,1,0,0,
2026-05-18,07:00:00,maceta1,129.0,130.0,63.5,63.4,63.5,6373.9,2.2713,11.2,67.6,1,0,0,
2026-05-18,07:00:00,maceta2,123.0,126.0,66.8,65.5,66.1,6475.9,2.393,9.9,75.6,1,0,0,
2026-05-18,08:00:00,maceta1,130.0,130.0,63.4,63.2,63.3,5926.5,3.3677,10.8,75.6,1,0,0,
2026-05-18,08:00:00,maceta2,123.0,126.0,66.6,65.3,65.9,6216.2,3.543,11.9,75.2,1,0,0,
2026-05-18,09:00:00,maceta1,130.0,130.0,63.1,63.0,63.1,6098.6,4.496,11.5,68.8,1,0,0,
2026-05-18,09:00:00,maceta2,124.0,126.0,66.3,65.1,65.7,6034.4,4.6594,11.5,63.7,1,0,0,
2026-05-18,10:00:00,maceta1,130.0,131.0,63.0,62.9,62.9,6195.9,5.6422,15.5,46.2,1,0,0,
2026-05-18,10:00:00,maceta2,124.0,127.0,66.2,64.9,65.5,6347.7,5.8337,12.7,63.9,1,0,0,
2026-05-18,11:00:00,maceta1,131.0,131.0,62.8,62.6,62.7,5816.1,6.7182,16.7,60.0,1,0,0,
2026-05-18,11:00:00,maceta2,125.0,127.0,66.0,64.7,65.4,6478.6,7.0322,16.3,60.7,1,0,0,
2026-05-18,12:00:00,maceta1,131.0,131.0,62.6,62.4,62.5,6366.9,7.8961,14.1,58.2,1,0,0,
2026-05-18,12:00:00,maceta2,125.0,127.0,65.8,64.5,65.2,6325.8,8.2025,15.7,51.3,1,0,0,
2026-05-18,13:00:00,maceta1,132.0,132.0,62.3,62.2,62.3,6332.3,9.0676,19.3,59.1,1,0,0,
2026-05-18,13:00:00,maceta2,125.0,128.0,65.6,64.3,64.9,6072.3,9.3259,16.0,59.5,1,0,0,Discrepancia alta entre sensores de humedad
2026-05-18,14:00:00,maceta1,128.0,132.0,64.2,62.0,63.1,6326.1,10.2379,17.3,58.8,1,0,0,Discrepancia alta entre sensores de humedad
2026-05-18,14:00:00,maceta2,126.0,128.0,65.4,64.1,64.8,6070.7,10.449,18.7,60.1,1,0,0,Discrepancia alta entre sensores de humedad
2026-05-18,15:00:00,maceta1,128.0,132.0,64.2,61.9,63.0,6429.1,11.4273,19.3,58.0,1,0,0,Discrepancia alta entre sensores de humedad
2026-05-18,15:00:00,maceta2,126.0,129.0,65.2,63.9,64.5,5924.1,11.5449,17.8,52.9,1,0,0,
2026-05-18,16:00:00,maceta1,133.0,133.0,61.7,61.7,61.7,6004.6,12.5382,17.1,55.0,1,0,0,
2026-05-18,16:00:00,maceta2,126.0,129.0,65.1,63.7,64.4,6185.9,12.6893,20.1,55.8,1,0,0,
2026-05-18,17:00:00,maceta1,133.0,133.0,61.5,61.4,61.5,6023.4,13.6525,20.1,56.9,1,0,0,
2026-05-18,17:00:00,maceta2,127.0,129.0,64.8,63.4,64.1,6097.0,13.8172,19.0,61.3,1,0,0,
2026-05-18,18:00:00,maceta1,133.0,134.0,61.3,61.2,61.3,24.9,13.6571,16.8,61.1,0,0,0,
2026-05-18,18:00:00,maceta2,127.0,130.0,64.6,63.3,63.9,9.4,13.819,15.5,68.3,0,0,0,
2026-05-18,19:00:00,maceta1,134.0,134.0,61.2,61.0,61.1,20.4,13.6609,14.4,71.0,0,0,0,
2026-05-18,19:00:00,maceta2,128.0,130.0,64.4,63.1,63.7,9.1,13.8207,16.4,60.4,0,0,0,Discrepancia alta entre sensores de humedad
2026-05-18,20:00:00,maceta1,134.0,134.0,60.9,60.8,60.9,22.2,13.665,15.1,43.2,0,0,0,
2026-05-18,20:00:00,maceta2,128.0,130.0,64.2,62.9,63.5,13.9,13.8232,16.6,68.6,0,0,0,Discrepancia alta entre sensores de humedad
2026-05-18,21:00:00,maceta1,135.0,135.0,60.7,60.6,60.7,17.9,13.6683,14.1,62.3,0,0,0,
2026-05-18,21:00:00,maceta2,128.0,131.0,64.0,62.7,63.4,12.5,13.8255,10.9,61.0,0,0,0,Discrepancia alta entre sensores de humedad
2026-05-18,22:00:00,maceta1,135.0,135.0,60.5,60.4,60.5,4.9,13.6692,13.4,65.6,0,0,0,
2026-05-18,22:00:00,maceta2,129.0,131.0,63.8,62.5,63.2,5.3,13.8265,10.4,65.4,0,0,0,
2026-05-18,23:00:00,maceta1,135.0,136.0,60.3,60.2,60.2,2.3,13.6696,10.1,73.1,0,0,0,
2026-05-18,23:00:00,maceta2,129.0,132.0,63.6,62.3,62.9,18.5,13.83,11.0,62.2,0,0,0,
2026-05-19,00:00:00,maceta1,136.0,136.0,60.0,60.0,60.0,25.5,0.0047,12.5,66.7,0,0,0,
2026-05-19,00:00:00,maceta2,130.0,132.0,63.4,62.0,62.7,0.6,0.0001,14.2,73.8,0,0,0,
2026-05-19,01:00:00,maceta1,136.0,136.0,59.8,59.8,59.8,2.0,0.0051,9.6,76.8,0,0,0,
2026-05-19,01:00:00,maceta2,128.0,132.0,64.2,61.9,63.0,13.7,0.0027,8.4,76.9,0,0,0,Discrepancia alta entre sensores de humedad
2026-05-19,02:00:00,maceta1,137.0,137.0,59.6,59.6,59.6,22.1,0.0092,9.0,70.7,0,0,0,
2026-05-19,02:00:00,maceta2,130.0,133.0,63.1,61.7,62.4,4.7,0.0035,9.5,69.8,0,0,0,
2026-05-19,03:00:00,maceta1,137.0,137.0,59.4,59.4,59.4,8.1,0.0107,7.6,72.5,0,0,0,
2026-05-19,03:00:00,maceta2,131.0,133.0,62.9,61.5,62.2,7.0,0.0048,10.7,76.2,0,0,0,
2026-05-19,04:00:00,maceta1,137.0,137.0,59.3,59.2,59.3,12.0,0.0129,8.6,82.1,0,0,0,
2026-05-19,04:00:00,maceta2,131.0,134.0,62.6,61.3,62.0,6.7,0.0061,9.0,64.4,0,0,0,
2026-05-19,05:00:00,maceta1,138.0,138.0,59.1,59.1,59.1,10.6,0.0149,9.7,72.6,0,0,0,
2026-05-19,05:00:00,maceta2,131.0,134.0,62.5,61.1,61.8,21.9,0.0101,9.3,67.0,0,0,0,
2026-05-19,06:00:00,maceta1,138.0,138.0,58.9,58.9,58.9,6192.7,1.1605,10.8,63.8,1,0,0,
2026-05-19,06:00:00,maceta2,132.0,134.0,62.3,60.9,61.6,6226.4,1.162,8.6,76.9,1,0,0,
2026-05-19,07:00:00,maceta1,138.0,139.0,58.7,58.7,58.7,6412.5,2.3468,9.7,72.7,1,0,0,
2026-05-19,07:00:00,maceta2,132.0,135.0,62.1,60.8,61.4,6372.3,2.3409,8.9,72.2,1,0,0,
2026-05-19,08:00:00,maceta1,139.0,139.0,58.5,58.5,58.5,6221.1,3.4977,12.4,72.2,1,0,0,
2026-05-19,08:00:00,maceta2,132.0,135.0,61.9,60.6,61.2,6327.2,3.5114,12.9,65.2,1,0,0,
2026-05-19,09:00:00,maceta1,139.0,139.0,58.3,58.3,58.3,6103.3,4.6268,13.7,62.8,1,0,0,
2026-05-19,09:00:00,maceta2,133.0,135.0,61.7,60.3,61.0,6183.2,4.6553,15.6,75.9,1,0,0,
2026-05-19,10:00:00,maceta1,140.0,140.0,58.1,58.0,58.1,5843.4,5.7079,14.3,61.2,1,0,0,
2026-05-19,10:00:00,maceta2,133.0,136.0,61.5,60.1,60.8,5862.9,5.7399,15.3,66.1,1,0,0,
2026-05-19,11:00:00,maceta1,140.0,140.0,57.9,57.9,57.9,6380.6,6.8883,13.9,60.0,1,0,0,
2026-05-19,11:00:00,maceta2,133.0,136.0,61.3,59.9,60.6,5841.8,6.8207,15.0,50.8,1,0,0,
2026-05-19,12:00:00,maceta1,140.0,140.0,57.8,57.7,57.7,5918.6,7.9832,17.6,47.7,1,0,0,
2026-05-19,12:00:00,maceta2,134.0,137.0,61.1,59.7,60.4,6357.1,7.9967,17.9,55.0,1,0,0,
2026-05-19,13:00:00,maceta1,141.0,141.0,57.5,57.5,57.5,5800.8,9.0564,16.9,61.6,1,0,0,
2026-05-19,13:00:00,maceta2,134.0,137.0,60.9,59.5,60.2,5997.7,9.1063,17.3,60.3,1,0,0,
2026-05-19,14:00:00,maceta1,141.0,141.0,57.3,57.2,57.3,6208.8,10.205,15.6,59.9,1,0,0,
2026-05-19,14:00:00,maceta2,135.0,137.0,60.7,59.3,60.0,6216.8,10.2564,17.3,50.4,1,0,0,
2026-05-19,15:00:00,maceta1,142.0,142.0,57.0,57.0,57.0,6344.0,11.3787,19.4,63.1,1,0,0,
2026-05-19,15:00:00,maceta2,135.0,138.0,60.5,59.1,59.8,6154.1,11.3949,18.9,50.2,1,0,0,
2026-05-19,16:00:00,maceta1,142.0,142.0,56.8,56.8,56.8,6156.6,12.5176,18.6,56.4,1,0,0,
2026-05-19,16:00:00,maceta2,135.0,138.0,60.3,58.9,59.6,6307.7,12.5618,17.9,55.3,1,0,0,
2026-05-19,17:00:00,maceta1,142.0,142.0,56.6,56.6,56.6,6149.0,13.6552,17.4,55.5,1,0,0,
2026-05-19,17:00:00,maceta2,136.0,138.0,60.1,58.8,59.4,6225.9,13.7136,16.4,63.0,1,0,0,
2026-05-19,18:00:00,maceta1,143.0,143.0,56.4,56.4,56.4,2.8,13.6557,17.6,54.4,0,0,0,
2026-05-19,18:00:00,maceta2,136.0,139.0,59.9,58.6,59.3,6.6,13.7149,17.2,51.2,0,0,0,
2026-05-19,19:00:00,maceta1,143.0,143.0,56.2,56.2,56.2,6.7,13.657,16.3,60.1,0,0,0,
2026-05-19,19:00:00,maceta2,137.0,139.0,59.7,58.4,59.1,28.1,13.7201,14.8,58.0,0,0,0,
2026-05-19,20:00:00,maceta1,144.0,144.0,55.9,56.0,55.9,13.0,13.6594,11.1,79.3,0,0,0,
2026-05-19,20:00:00,maceta2,137.0,139.0,59.5,58.2,58.8,1.3,13.7203,16.0,65.8,0,0,0,
2026-05-19,21:00:00,maceta1,144.0,144.0,55.8,55.7,55.7,4.2,13.6601,12.3,63.0,0,0,0,
2026-05-19,21:00:00,maceta2,137.0,140.0,59.3,58.0,58.7,2.4,13.7207,11.7,59.7,0,0,0,
2026-05-19,22:00:00,maceta1,144.0,145.0,55.6,55.5,55.5,17.7,13.6634,12.8,58.2,0,0,0,
2026-05-19,22:00:00,maceta2,138.0,140.0,59.1,57.8,58.4,5.6,13.7218,11.2,62.5,0,0,0,
2026-05-19,23:00:00,maceta1,145.0,145.0,55.3,55.3,55.3,15.0,13.6662,12.1,70.6,0,0,0,
2026-05-19,23:00:00,maceta2,138.0,141.0,58.8,57.6,58.2,11.1,13.7238,11.5,77.1,0,0,0,
2026-05-20,00:00:00,maceta1,145.0,145.0,55.1,55.1,55.1,24.1,0.0045,10.4,77.7,0,0,0,
2026-05-20,00:00:00,maceta2,139.0,141.0,58.6,57.4,58.0,9.6,0.0018,7.3,73.2,0,0,0,
2026-05-20,01:00:00,maceta1,146.0,146.0,55.0,54.9,54.9,13.7,0.007,10.4,72.0,0,0,0,
2026-05-20,01:00:00,maceta2,139.0,141.0,58.4,57.2,57.8,21.6,0.0058,9.0,75.0,0,0,0,
2026-05-20,02:00:00,maceta1,146.0,146.0,54.8,54.7,54.7,13.0,0.0094,7.5,72.1,0,0,0,
2026-05-20,02:00:00,maceta2,139.0,142.0,58.2,57.0,57.6,23.8,0.0102,8.3,83.3,0,0,0,
2026-05-20,03:00:00,maceta1,146.0,147.0,54.6,54.5,54.6,19.9,0.0131,5.3,74.1,0,0,0,
2026-05-20,03:00:00,maceta2,140.0,142.0,58.0,56.8,57.4,12.3,0.0125,8.5,74.6,0,0,0,
2026-05-20,04:00:00,maceta1,147.0,147.0,54.4,54.2,54.3,15.1,0.0159,6.6,63.6,0,0,0,
2026-05-20,04:00:00,maceta2,140.0,142.0,57.8,56.7,57.2,29.0,0.0178,6.1,73.7,0,0,0,
2026-05-20,05:00:00,maceta1,147.0,147.0,54.2,54.0,54.1,19.8,0.0196,6.3,77.8,0,0,0,
2026-05-20,05:00:00,maceta2,141.0,143.0,57.6,56.5,57.0,27.1,0.0229,10.3,68.3,0,0,0,
2026-05-20,06:00:00,maceta1,147.0,148.0,54.0,53.8,53.9,6354.6,1.1952,8.4,68.3,1,0,0,
2026-05-20,06:00:00,maceta2,141.0,143.0,57.4,56.3,56.9,5979.7,1.1291,11.7,76.0,1,0,0,
2026-05-20,07:00:00,maceta1,148.0,148.0,53.8,53.6,53.7,6111.0,2.3257,9.6,62.6,1,0,0,
2026-05-20,07:00:00,maceta2,141.0,143.0,57.2,56.1,56.6,6261.4,2.2875,7.9,75.3,1,0,0,
2026-05-20,08:00:00,maceta1,148.0,149.0,53.7,53.4,53.5,6107.8,3.4557,10.0,64.9,1,0,0,
2026-05-20,08:00:00,maceta2,142.0,144.0,56.9,55.9,56.4,6288.1,3.4508,13.5,65.6,1,0,0,
2026-05-20,09:00:00,maceta1,148.0,149.0,53.5,53.2,53.3,6243.8,4.6108,12.7,59.4,1,0,0,
2026-05-20,09:00:00,maceta2,142.0,144.0,56.7,55.7,56.2,5880.3,4.5386,12.1,66.9,1,0,0,
2026-05-20,10:00:00,maceta1,149.0,149.0,53.3,53.0,53.1,6346.7,5.7849,14.5,74.7,1,0,0,
2026-05-20,10:00:00,maceta2,143.0,144.0,56.5,55.6,56.0,6304.5,5.7049,15.0,66.3,1,0,0,
2026-05-20,11:00:00,maceta1,149.0,150.0,53.1,52.8,52.9,6259.1,6.9428,17.1,55.7,1,0,0,
2026-05-20,11:00:00,maceta2,143.0,145.0,56.3,55.4,55.8,5908.6,6.798,17.6,65.7,1,0,0,
2026-05-20,12:00:00,maceta1,149.0,150.0,52.9,52.6,52.8,5987.6,8.0505,15.9,56.3,1,0,0,
2026-05-20,12:00:00,maceta2,143.0,145.0,56.1,55.2,55.7,6075.2,7.9219,14.5,64.8,1,0,0,
2026-05-20,13:00:00,maceta1,150.0,150.0,52.7,52.4,52.6,5996.0,9.1598,16.6,60.4,1,0,0,
2026-05-20,13:00:00,maceta2,144.0,145.0,55.9,55.0,55.5,5959.5,9.0244,17.6,41.6,1,0,0,
2026-05-20,14:00:00,maceta1,150.0,151.0,52.6,52.2,52.4,6363.8,10.3371,16.3,50.3,1,0,0,
2026-05-20,14:00:00,maceta2,144.0,146.0,55.7,54.9,55.3,6246.8,10.1801,16.3,60.1,1,0,0,
2026-05-20,15:00:00,maceta1,151.0,151.0,52.4,52.0,52.2,6195.8,11.4833,18.4,55.8,1,0,0,
2026-05-20,15:00:00,maceta2,145.0,146.0,55.5,54.7,55.1,5958.2,11.2823,17.9,49.9,1,0,0,
2026-05-20,16:00:00,maceta1,151.0,151.0,52.2,51.9,52.0,6442.7,12.6752,17.8,52.2,1,0,0,
2026-05-20,16:00:00,maceta2,145.0,146.0,55.3,54.5,54.9,5933.8,12.3801,16.6,45.8,1,0,0,
2026-05-20,17:00:00,maceta1,151.0,152.0,52.0,51.7,51.8,6356.5,13.8511,16.9,55.9,1,0,0,
2026-05-20,17:00:00,maceta2,145.0,147.0,55.1,54.3,54.7,6476.7,13.5783,15.9,67.4,1,0,0,
2026-05-20,18:00:00,maceta1,152.0,152.0,51.8,51.5,51.6,15.3,13.854,17.8,62.0,0,0,0,
2026-05-20,18:00:00,maceta2,146.0,147.0,54.9,54.0,54.5,1.7,13.5786,18.0,68.9,0,0,0,
2026-05-20,19:00:00,maceta1,152.0,153.0,51.6,51.3,51.4,16.9,13.8571,12.7,64.4,0,0,0,
2026-05-20,19:00:00,maceta2,146.0,148.0,54.7,53.9,54.3,23.9,13.583,14.0,65.1,0,0,0,
2026-05-20,20:00:00,maceta1,152.0,153.0,51.4,51.1,51.2,4.0,13.8578,12.0,72.3,0,0,0,
2026-05-20,20:00:00,maceta2,147.0,148.0,54.4,53.7,54.1,2.2,13.5834,13.2,64.3,0,0,0,
2026-05-20,21:00:00,maceta1,153.0,153.0,51.2,50.9,51.1,5.6,13.8589,12.8,64.1,0,0,0,
2026-05-20,21:00:00,maceta2,147.0,149.0,54.2,53.4,53.8,22.4,13.5876,10.8,70.2,0,0,0,
2026-05-20,22:00:00,maceta1,153.0,154.0,51.0,50.7,50.9,17.8,13.8622,10.3,74.9,0,0,0,
2026-05-20,22:00:00,maceta2,147.0,149.0,54.1,53.2,53.6,16.2,13.5906,10.1,65.2,0,0,0,
2026-05-20,23:00:00,maceta1,153.0,154.0,50.8,50.5,50.7,7.5,13.8636,10.7,66.4,0,0,0,
2026-05-20,23:00:00,maceta2,148.0,149.0,53.8,53.0,53.4,10.0,13.5924,10.5,70.7,0,0,0,
2026-05-21,00:00:00,maceta1,154.0,154.0,50.6,50.3,50.4,29.0,0.0054,8.2,76.2,0,0,0,
2026-05-21,00:00:00,maceta2,148.0,150.0,53.7,52.8,53.2,7.2,0.0013,9.5,76.1,0,0,0,
2026-05-21,01:00:00,maceta1,154.0,155.0,50.4,50.1,50.3,27.0,0.0104,7.7,66.5,0,0,0,
2026-05-21,01:00:00,maceta2,148.0,150.0,53.5,52.6,53.0,17.4,0.0046,8.1,83.2,0,0,0,
2026-05-21,02:00:00,maceta1,155.0,155.0,50.2,49.9,50.1,3.7,0.011,10.5,71.5,0,0,1,
2026-05-21,02:00:00,maceta2,149.0,151.0,53.4,52.3,52.9,14.0,0.0072,10.0,73.3,0,0,0,
2026-05-21,03:00:00,maceta1,91.0,90.0,83.6,84.4,84.0,28.5,0.0163,5.9,70.5,0,0,0,
2026-05-21,03:00:00,maceta2,149.0,151.0,53.2,52.2,52.7,12.6,0.0095,9.1,88.5,0,0,0,
2026-05-21,04:00:00,maceta1,92.0,90.0,83.4,84.1,83.8,25.9,0.0211,9.2,75.9,0,0,0,
2026-05-21,04:00:00,maceta2,149.0,151.0,52.9,52.0,52.4,7.7,0.0109,6.3,70.4,0,0,0,
2026-05-21,05:00:00,maceta1,92.0,91.0,83.2,83.9,83.5,17.1,0.0243,9.7,78.0,0,0,0,
2026-05-21,05:00:00,maceta2,150.0,152.0,52.8,51.8,52.3,25.3,0.0156,10.8,77.5,0,0,0,
2026-05-21,06:00:00,maceta1,92.0,91.0,83.0,83.7,83.3,6327.5,1.1949,7.6,71.1,1,0,0,
2026-05-21,06:00:00,maceta2,150.0,152.0,52.5,51.5,52.0,6405.8,1.2006,7.9,76.3,1,0,0,
2026-05-21,07:00:00,maceta1,93.0,91.0,82.8,83.5,83.1,6415.0,2.3816,11.8,65.9,1,0,0,
2026-05-21,07:00:00,maceta2,151.0,152.0,52.3,51.3,51.8,6348.6,2.3751,10.7,67.5,1,0,0,
2026-05-21,08:00:00,maceta1,93.0,92.0,82.6,83.3,83.0,6085.6,3.5075,12.4,57.5,1,0,0,
2026-05-21,08:00:00,maceta2,151.0,153.0,52.1,51.1,51.6,6487.3,3.5753,12.0,61.0,1,0,0,
2026-05-21,09:00:00,maceta1,93.0,92.0,82.5,83.1,82.8,6065.7,4.6296,13.4,74.0,1,0,0,
2026-05-21,09:00:00,maceta2,151.0,153.0,51.9,50.9,51.4,6247.0,4.731,10.8,73.2,1,0,0,
2026-05-21,10:00:00,maceta1,94.0,92.0,82.3,83.0,82.6,5912.8,5.7235,15.7,62.7,1,0,0,
2026-05-21,10:00:00,maceta2,152.0,154.0,51.7,50.7,51.2,6486.3,5.9309,15.9,70.7,1,0,0,
2026-05-21,11:00:00,maceta1,94.0,93.0,82.1,82.8,82.4,6292.8,6.8877,15.0,59.2,1,0,0,
2026-05-21,11:00:00,maceta2,152.0,154.0,51.5,50.5,51.0,6327.4,7.1015,15.3,58.8,1,0,0,
2026-05-21,12:00:00,maceta1,94.0,93.0,81.9,82.5,82.2,5846.0,7.9692,14.1,58.2,1,0,0,
2026-05-21,12:00:00,maceta2,153.0,155.0,51.2,50.3,50.7,6334.4,8.2734,17.1,57.3,1,0,0,
2026-05-21,13:00:00,maceta1,95.0,94.0,81.8,82.3,82.0,6342.3,9.1425,18.0,55.3,1,0,0,
2026-05-21,13:00:00,maceta2,153.0,155.0,51.0,50.0,50.5,6270.2,9.4334,17.1,62.1,1,0,0,
2026-05-21,14:00:00,maceta1,95.0,94.0,81.6,82.1,81.9,6004.3,10.2533,19.3,56.1,1,0,0,
2026-05-21,14:00:00,maceta2,153.0,155.0,50.9,49.8,50.3,6142.8,10.5698,17.1,58.9,1,0,1,
2026-05-21,15:00:00,maceta1,95.0,94.0,81.4,81.9,81.6,5877.3,11.3406,18.7,60.2,1,0,0,
2026-05-21,15:00:00,maceta2,128.0,84.0,64.2,87.2,75.7,6130.1,11.7039,16.3,56.9,1,0,0,Discrepancia alta entre sensores de humedad
2026-05-21,16:00:00,maceta1,96.0,95.0,81.2,81.7,81.4,5970.7,12.4452,17.6,50.5,1,0,0,
2026-05-21,16:00:00,maceta2,88.0,85.0,85.4,87.0,86.2,6044.4,12.8221,17.4,48.6,1,0,0,
2026-05-21,17:00:00,maceta1,96.0,95.0,81.0,81.5,81.3,5913.8,13.5393,17.5,57.1,1,0,0,
2026-05-21,17:00:00,maceta2,88.0,85.0,85.2,86.8,86.0,5961.0,13.9249,16.6,55.5,1,0,0,
2026-05-21,18:00:00,maceta1,97.0,95.0,80.8,81.3,81.1,16.7,13.5423,16.2,58.4,0,0,0,
2026-05-21,18:00:00,maceta2,89.0,85.0,85.0,86.6,85.8,8.8,13.9265,17.6,57.8,0,0,0,
2026-05-21,19:00:00,maceta1,97.0,96.0,80.6,81.2,80.9,18.6,13.5458,14.7,72.9,0,0,0,
2026-05-21,19:00:00,maceta2,89.0,86.0,84.8,86.4,85.6,12.3,13.9288,12.9,53.3,0,0,0,
2026-05-21,20:00:00,maceta1,97.0,96.0,80.4,81.0,80.7,4.4,13.5466,16.7,52.5,0,0,0,
2026-05-21,20:00:00,maceta2,89.0,86.0,84.6,86.2,85.4,20.7,13.9326,16.2,64.1,0,0,0,
2026-05-21,21:00:00,maceta1,98.0,97.0,80.2,80.7,80.5,3.9,13.5473,10.9,63.1,0,0,0,
2026-05-21,21:00:00,maceta2,90.0,87.0,84.4,86.0,85.2,5.7,13.9336,13.9,66.6,0,0,0,
2026-05-21,22:00:00,maceta1,98.0,97.0,80.0,80.6,80.3,24.5,13.5518,10.8,70.5,0,0,0,
2026-05-21,22:00:00,maceta2,90.0,87.0,84.2,85.8,85.0,19.8,13.9373,11.9,74.0,0,0,0,
2026-05-21,23:00:00,maceta1,98.0,97.0,79.8,80.3,80.1,18.9,13.5553,10.8,62.5,0,0,0,
2026-05-21,23:00:00,maceta2,90.0,87.0,84.0,85.5,84.8,12.5,13.9396,10.0,67.2,0,0,0,
2026-05-22,00:00:00,maceta1,99.0,98.0,79.7,80.1,79.9,11.9,0.0022,8.0,74.2,0,0,0,
2026-05-22,00:00:00,maceta2,91.0,88.0,83.8,85.3,84.6,20.7,0.0038,8.1,75.9,0,0,0,
2026-05-22,01:00:00,maceta1,99.0,98.0,79.5,79.9,79.7,22.2,0.0063,7.0,84.6,0,0,0,
2026-05-22,01:00:00,maceta2,91.0,88.0,83.6,85.1,84.4,15.3,0.0067,7.1,78.4,0,0,0,
2026-05-22,02:00:00,maceta1,99.0,99.0,79.3,79.7,79.5,29.1,0.0117,7.8,74.4,0,0,0,
2026-05-22,02:00:00,maceta2,91.0,89.0,83.5,85.0,84.2,28.7,0.012,6.8,70.2,0,0,0,
2026-05-22,03:00:00,maceta1,100.0,99.0,79.1,79.5,79.3,12.4,0.014,8.7,72.2,0,0,0,
2026-05-22,03:00:00,maceta2,92.0,89.0,83.3,84.8,84.0,24.6,0.0165,9.9,72.0,0,0,0,
2026-05-22,04:00:00,maceta1,100.0,99.0,78.9,79.3,79.1,16.3,0.017,7.0,77.9,0,0,0,
2026-05-22,04:00:00,maceta2,92.0,89.0,83.1,84.6,83.8,15.4,0.0194,8.2,75.9,0,0,0,
2026-05-22,05:00:00,maceta1,100.0,100.0,78.7,79.1,78.9,1.6,0.0173,9.1,67.0,0,0,0,
2026-05-22,05:00:00,maceta2,93.0,90.0,82.9,84.4,83.6,17.2,0.0225,9.1,71.5,0,0,0,
2026-05-22,06:00:00,maceta1,101.0,100.0,78.5,78.9,78.7,6107.2,1.1471,9.3,76.5,1,0,0,
2026-05-22,06:00:00,maceta2,93.0,90.0,82.6,84.1,83.4,6453.9,1.2165,10.3,73.8,1,0,0,
2026-05-22,07:00:00,maceta1,101.0,100.0,78.4,78.8,78.6,6174.3,2.2894,10.9,72.8,1,0,0,
2026-05-22,07:00:00,maceta2,93.0,91.0,82.5,83.9,83.2,6285.6,2.3793,8.4,71.9,1,0,0,
2026-05-22,08:00:00,maceta1,102.0,101.0,78.1,78.6,78.4,6427.5,3.4785,12.7,75.7,1,0,0,
2026-05-22,08:00:00,maceta2,94.0,91.0,82.3,83.8,83.0,5902.8,3.4714,12.7,68.8,1,0,0,
2026-05-22,09:00:00,maceta1,102.0,101.0,77.9,78.4,78.2,5960.8,4.5812,11.6,63.1,1,0,0,
2026-05-22,09:00:00,maceta2,94.0,91.0,82.1,83.6,82.8,5875.1,4.5583,12.8,60.4,1,0,0,
2026-05-22,10:00:00,maceta1,102.0,101.0,77.7,78.2,78.0,5897.7,5.6723,15.0,63.7,1,0,0,
2026-05-22,10:00:00,maceta2,94.0,92.0,81.9,83.4,82.6,6158.8,5.6976,13.7,50.2,1,0,0,
2026-05-22,11:00:00,maceta1,103.0,102.0,77.6,78.0,77.8,6024.8,6.7869,16.8,59.1,1,0,0,
2026-05-22,11:00:00,maceta2,95.0,92.0,81.7,83.1,82.4,6096.2,6.8254,18.8,59.0,1,0,0,
2026-05-22,12:00:00,maceta1,103.0,102.0,77.4,77.8,77.6,6487.7,7.9871,15.1,51.1,1,0,0,
2026-05-22,12:00:00,maceta2,95.0,92.0,81.5,83.0,82.3,5909.7,7.9187,14.2,53.3,1,0,0,
2026-05-22,13:00:00,maceta1,103.0,103.0,77.2,77.5,77.4,6178.6,9.1302,17.5,60.4,1,0,0,
2026-05-22,13:00:00,maceta2,95.0,93.0,81.4,82.7,82.0,5869.2,9.0045,18.1,57.5,1,0,0,
2026-05-22,14:00:00,maceta1,104.0,103.0,77.0,77.3,77.2,6022.9,10.2444,17.2,55.8,1,0,0,
2026-05-22,14:00:00,maceta2,96.0,93.0,81.2,82.5,81.8,6169.3,10.1459,19.7,56.9,1,0,0,
2026-05-22,15:00:00,maceta1,104.0,103.0,76.9,77.1,77.0,6462.6,11.44,15.7,55.5,1,0,0,
2026-05-22,15:00:00,maceta2,96.0,94.0,80.9,82.3,81.6,6073.9,11.2695,18.7,61.2,1,0,0,
2026-05-22,16:00:00,maceta1,104.0,104.0,76.6,77.0,76.8,5845.4,12.5214,16.6,56.0,1,0,0,
2026-05-22,16:00:00,maceta2,97.0,94.0,80.7,82.1,81.4,6071.7,12.3928,20.1,48.0,1,0,0,
2026-05-22,17:00:00,maceta1,105.0,128.0,76.4,64.2,70.3,5902.0,13.6133,20.0,64.5,1,0,0,Discrepancia alta entre sensores de humedad
2026-05-22,17:00:00,maceta2,97.0,94.0,80.5,81.9,81.2,5961.0,13.4956,15.9,58.2,1,0,0,
2026-05-22,18:00:00,maceta1,105.0,104.0,76.2,76.6,76.4,7.1,13.6146,15.4,55.0,0,0,0,
2026-05-22,18:00:00,maceta2,97.0,95.0,80.3,81.7,81.0,0.4,13.4957,17.5,51.7,0,0,0,
2026-05-22,19:00:00,maceta1,106.0,105.0,76.0,76.4,76.2,0.6,13.6147,14.6,62.0,0,0,0,
2026-05-22,19:00:00,maceta2,98.0,95.0,80.0,81.5,80.7,18.4,13.499,15.1,59.4,0,0,0,
2026-05-22,20:00:00,maceta1,106.0,105.0,75.8,76.2,76.0,0.7,13.6148,14.0,70.3,0,0,0,
2026-05-22,20:00:00,maceta2,98.0,96.0,79.8,81.2,80.5,29.8,13.5046,11.1,60.7,0,0,0,
2026-05-22,21:00:00,maceta1,106.0,106.0,75.6,75.9,75.8,5.5,13.6158,12.7,60.8,0,0,0,
2026-05-22,21:00:00,maceta2,99.0,96.0,79.6,81.1,80.3,21.3,13.5085,11.7,69.5,0,0,0,
2026-05-22,22:00:00,maceta1,107.0,106.0,75.5,75.7,75.6,4.7,13.6167,10.7,72.2,0,0,0,
2026-05-22,22:00:00,maceta2,99.0,96.0,79.4,80.9,80.1,16.2,13.5115,13.6,68.4,0,0,0,
2026-05-22,23:00:00,maceta1,107.0,106.0,75.3,75.6,75.4,2.4,13.6172,8.3,73.4,0,0,0,
2026-05-22,23:00:00,maceta2,99.0,97.0,79.3,80.7,80.0,23.0,13.5158,11.4,69.8,0,0,0,
2026-05-23,00:00:00,maceta1,107.0,107.0,75.1,75.4,75.2,17.5,0.0032,8.6,73.2,0,0,0,
2026-05-23,00:00:00,maceta2,100.0,97.0,79.0,80.5,79.8,2.6,0.0005,8.6,77.9,0,0,0,
2026-05-23,01:00:00,maceta1,108.0,107.0,74.9,75.2,75.0,25.5,0.008,9.5,76.8,0,0,0,
2026-05-23,01:00:00,maceta2,100.0,97.0,78.9,80.3,79.6,16.4,0.0035,8.8,72.8,0,0,0,
2026-05-23,02:00:00,maceta1,108.0,107.0,74.7,75.0,74.9,27.6,0.0131,8.6,81.4,0,0,0,
2026-05-23,02:00:00,maceta2,101.0,98.0,78.7,80.1,79.4,27.5,0.0086,9.2,62.8,0,0,0,
2026-05-23,03:00:00,maceta1,108.0,108.0,74.5,74.8,74.7,27.6,0.0182,7.1,85.3,0,0,0,
2026-05-23,03:00:00,maceta2,101.0,98.0,78.4,79.9,79.2,2.3,0.009,6.7,66.5,0,0,0,
2026-05-23,04:00:00,maceta1,109.0,108.0,74.3,74.6,74.5,3.6,0.0189,6.1,71.5,0,0,0,
2026-05-23,04:00:00,maceta2,101.0,99.0,78.3,79.7,79.0,29.6,0.0145,6.5,74.5,0,0,0,
2026-05-23,05:00:00,maceta1,109.0,109.0,74.1,74.4,74.3,14.6,0.0216,12.7,72.9,0,0,0,
2026-05-23,05:00:00,maceta2,102.0,99.0,78.1,79.5,78.8,7.1,0.0158,10.1,78.7,0,0,0,
2026-05-23,06:00:00,maceta1,110.0,109.0,73.9,74.2,74.1,6117.9,1.1534,7.0,66.8,1,0,0,
2026-05-23,06:00:00,maceta2,102.0,99.0,77.9,79.3,78.6,6168.3,1.157,7.1,73.4,1,0,0,
2026-05-23,07:00:00,maceta1,110.0,109.0,73.7,74.0,73.9,6395.4,2.3365,10.8,67.1,1,0,0,
2026-05-23,07:00:00,maceta2,102.0,100.0,77.7,79.1,78.4,6452.1,2.3506,10.9,71.5,1,0,0,
2026-05-23,08:00:00,maceta1,110.0,110.0,73.5,73.9,73.7,6450.8,3.5299,12.1,67.3,1,0,0,
2026-05-23,08:00:00,maceta2,103.0,100.0,77.5,78.9,78.2,5805.6,3.4246,10.9,68.1,1,0,0,
2026-05-23,09:00:00,maceta1,111.0,110.0,73.3,73.7,73.5,6445.3,4.7223,12.4,62.3,1,0,0,
2026-05-23,09:00:00,maceta2,103.0,100.0,77.3,78.7,78.0,5838.1,4.5047,13.1,62.4,1,0,0,
2026-05-23,10:00:00,maceta1,111.0,110.0,73.1,73.5,73.3,5986.0,5.8297,14.0,63.8,1,0,0,
2026-05-23,10:00:00,maceta2,103.0,101.0,77.1,78.6,77.8,6160.5,5.6444,10.6,67.1,1,0,0,
2026-05-23,11:00:00,maceta1,111.0,111.0,72.9,73.3,73.1,6135.9,6.9648,14.8,57.0,1,0,0,
2026-05-23,11:00:00,maceta2,104.0,101.0,77.0,78.4,77.7,6223.3,6.7957,13.8,55.7,1,0,0,
2026-05-23,12:00:00,maceta1,112.0,111.0,72.8,73.0,72.9,6135.6,8.0999,16.4,61.0,1,0,0,
2026-05-23,12:00:00,maceta2,104.0,101.0,76.7,78.2,77.5,6454.1,7.9897,20.6,57.8,1,0,0,
2026-05-23,13:00:00,maceta1,112.0,112.0,72.5,72.8,72.7,5968.4,9.2041,17.5,60.5,1,0,0,
2026-05-23,13:00:00,maceta2,105.0,102.0,76.5,78.0,77.3,5991.8,9.0982,16.5,51.8,1,0,0,
2026-05-23,14:00:00,maceta1,113.0,112.0,72.4,72.6,72.5,6444.5,10.3963,18.8,46.4,1,0,0,
2026-05-23,14:00:00,maceta2,105.0,102.0,76.3,77.8,77.1,5853.7,10.1811,18.2,52.7,1,0,0,
2026-05-23,15:00:00,maceta1,113.0,112.0,72.1,72.4,72.3,6226.7,11.5483,18.2,51.2,1,0,0,
2026-05-23,15:00:00,maceta2,105.0,103.0,76.1,77.6,76.8,6277.2,11.3424,18.5,54.6,1,0,0,
2026-05-23,16:00:00,maceta1,113.0,113.0,71.9,72.2,72.1,6153.9,12.6867,20.5,52.2,1,0,0,
2026-05-23,16:00:00,maceta2,106.0,103.0,75.9,77.4,76.6,6286.0,12.5053,15.7,59.0,1,0,0,
2026-05-23,17:00:00,maceta1,114.0,113.0,71.7,72.0,71.9,5920.9,13.7821,17.6,54.9,1,0,0,
2026-05-23,17:00:00,maceta2,106.0,128.0,75.7,64.2,69.9,6396.8,13.6887,15.5,57.1,1,0,0,Discrepancia alta entre sensores de humedad
2026-05-23,18:00:00,maceta1,114.0,113.0,71.5,71.9,71.7,17.3,13.7853,17.0,58.7,0,0,0,
2026-05-23,18:00:00,maceta2,107.0,104.0,75.5,77.0,76.3,21.1,13.6926,14.8,58.9,0,0,0,
2026-05-23,19:00:00,maceta1,114.0,114.0,71.3,71.7,71.5,25.6,13.79,14.5,59.9,0,0,0,
2026-05-23,19:00:00,maceta2,107.0,104.0,75.3,76.9,76.1,28.8,13.6979,14.7,62.6,0,0,0,
2026-05-23,20:00:00,maceta1,115.0,114.0,71.1,71.4,71.3,14.7,13.7927,15.4,58.4,0,0,0,
2026-05-23,20:00:00,maceta2,107.0,104.0,75.1,76.6,75.9,16.8,13.7011,15.3,69.4,0,0,0,
2026-05-23,21:00:00,maceta1,115.0,115.0,70.9,71.2,71.1,12.5,13.7951,10.7,63.8,0,0,0,
2026-05-23,21:00:00,maceta2,108.0,105.0,74.9,76.5,75.7,2.2,13.7015,12.7,58.4,0,0,0,
2026-05-23,22:00:00,maceta1,116.0,115.0,70.8,71.1,70.9,12.7,13.7974,10.2,68.5,0,0,0,
2026-05-23,22:00:00,maceta2,108.0,105.0,74.7,76.3,75.5,23.7,13.7058,9.4,63.3,0,0,0,
2026-05-23,23:00:00,maceta1,116.0,115.0,70.6,70.9,70.7,24.1,13.8019,9.8,73.3,0,0,0,
2026-05-23,23:00:00,maceta2,108.0,106.0,74.5,76.0,75.3,26.8,13.7108,9.6,81.0,0,0,0,
2026-05-24,00:00:00,maceta1,116.0,116.0,70.4,70.7,70.6,1.5,0.0003,12.6,68.1,0,0,0,
2026-05-24,00:00:00,maceta2,109.0,106.0,74.3,75.8,75.0,15.8,0.0029,9.6,73.7,0,0,0,
2026-05-24,01:00:00,maceta1,117.0,116.0,70.2,70.5,70.3,3.2,0.0009,6.1,64.9,0,0,0,
2026-05-24,01:00:00,maceta2,109.0,106.0,74.1,75.6,74.9,6.0,0.004,7.3,75.9,0,0,0,
2026-05-24,02:00:00,maceta1,117.0,117.0,70.0,70.2,70.1,27.0,0.0059,9.2,70.2,0,0,0,
2026-05-24,02:00:00,maceta2,110.0,107.0,73.9,75.4,74.7,14.9,0.0068,10.8,71.5,0,0,0,
2026-05-24,03:00:00,maceta1,117.0,117.0,69.8,70.0,69.9,22.8,0.0101,5.1,69.5,0,0,0,
2026-05-24,03:00:00,maceta2,110.0,107.0,73.8,75.2,74.5,1.9,0.0072,4.7,78.7,0,0,0,
2026-05-24,04:00:00,maceta1,118.0,117.0,69.6,69.8,69.7,12.5,0.0124,10.5,79.7,0,0,0,
2026-05-24,04:00:00,maceta2,110.0,107.0,73.6,75.0,74.3,20.2,0.0109,8.3,74.8,0,0,0,
2026-05-24,05:00:00,maceta1,118.0,118.0,69.5,69.6,69.5,4.0,0.0131,6.9,69.3,0,0,0,
2026-05-24,05:00:00,maceta2,111.0,108.0,73.3,74.8,74.1,9.8,0.0127,9.0,81.6,0,0,0,
2026-05-24,06:00:00,maceta1,118.0,118.0,69.2,69.4,69.3,6451.5,1.2067,5.0,68.3,1,0,0,
2026-05-24,06:00:00,maceta2,111.0,108.0,73.1,74.6,73.8,6426.8,1.2017,9.0,61.3,1,0,0,
2026-05-24,07:00:00,maceta1,119.0,119.0,69.1,69.2,69.1,5896.9,2.2976,10.5,72.3,1,0,0,
2026-05-24,07:00:00,maceta2,111.0,109.0,72.9,74.4,73.7,6395.1,2.3847,11.4,64.5,1,0,0,
2026-05-24,08:00:00,maceta1,119.0,119.0,68.9,68.9,68.9,6463.9,3.4934,9.7,72.5,1,0,0,
2026-05-24,08:00:00,maceta2,112.0,109.0,72.7,74.2,73.5,6052.9,3.5045,11.3,65.7,1,0,0,
2026-05-24,09:00:00,maceta1,119.0,119.0,68.7,68.8,68.8,6163.1,4.6336,11.1,68.0,1,0,0,
2026-05-24,09:00:00,maceta2,112.0,109.0,72.5,73.9,73.2,6345.4,4.6784,12.9,72.0,1,0,0,
2026-05-24,10:00:00,maceta1,120.0,120.0,68.6,68.6,68.6,6193.5,5.7794,12.4,56.4,1,0,0,
2026-05-24,10:00:00,maceta2,113.0,110.0,72.4,73.7,73.0,6495.4,5.8801,13.2,59.6,1,0,0,
2026-05-24,11:00:00,maceta1,120.0,120.0,68.4,68.4,68.4,6119.0,6.9114,13.5,59.6,1,0,0,
2026-05-24,11:00:00,maceta2,128.0,110.0,64.2,73.5,68.9,6299.8,7.0455,16.0,67.7,1,0,0,Discrepancia alta entre sensores de humedad
2026-05-24,12:00:00,maceta1,120.0,120.0,68.2,68.2,68.2,6354.8,8.087,17.3,54.6,1,0,0,
2026-05-24,12:00:00,maceta2,113.0,111.0,72.0,73.3,72.6,6145.9,8.1825,15.7,55.0,1,0,0,
2026-05-24,13:00:00,maceta1,121.0,121.0,68.0,68.0,68.0,6399.9,9.271,16.9,58.7,1,0,0,
2026-05-24,13:00:00,maceta2,114.0,111.0,71.8,73.2,72.5,6182.3,9.3262,14.7,53.5,1,0,0,
2026-05-24,14:00:00,maceta1,121.0,121.0,67.8,67.9,67.8,6088.2,10.3973,16.9,56.1,1,0,0,
2026-05-24,14:00:00,maceta2,128.0,111.0,64.2,73.0,68.6,5875.5,10.4132,17.3,47.6,1,0,0,Discrepancia alta entre sensores de humedad
2026-05-24,15:00:00,maceta1,122.0,121.0,67.6,67.6,67.6,6075.4,11.5212,21.4,66.1,1,0,0,
2026-05-24,15:00:00,maceta2,114.0,112.0,71.4,72.8,72.1,6313.8,11.5813,15.8,48.3,1,0,0,
2026-05-24,16:00:00,maceta1,122.0,122.0,67.5,67.4,67.4,6444.9,12.7136,19.5,53.7,1,0,0,
2026-05-24,16:00:00,maceta2,115.0,112.0,71.2,72.6,71.9,5976.2,12.6868,18.8,55.2,1,0,0,
2026-05-24,17:00:00,maceta1,122.0,122.0,67.2,67.2,67.2,6048.7,13.8326,17.2,65.9,1,0,0,
2026-05-24,17:00:00,maceta2,115.0,112.0,71.0,72.5,71.7,5907.8,13.7798,19.5,49.7,1,0,0,
2026-05-24,18:00:00,maceta1,123.0,123.0,67.0,66.9,67.0,1.3,13.8328,16.6,67.8,0,0,0,
2026-05-24,18:00:00,maceta2,115.0,113.0,70.8,72.3,71.6,6.1,13.7809,16.6,61.7,0,0,0,
2026-05-24,19:00:00,maceta1,123.0,123.0,66.8,66.7,66.8,6.0,13.8339,14.9,62.1,0,0,0,
2026-05-24,19:00:00,maceta2,116.0,113.0,70.6,72.0,71.3,2.0,13.7813,16.8,55.1,0,0,0,
2026-05-24,20:00:00,maceta1,123.0,124.0,66.6,66.5,66.6,21.8,13.8379,15.4,65.3,0,0,0,
2026-05-24,20:00:00,maceta2,116.0,113.0,70.4,71.9,71.2,11.4,13.7834,12.9,58.8,0,0,0,
2026-05-24,21:00:00,maceta1,124.0,124.0,66.4,66.3,66.3,26.5,13.8428,10.5,71.3,0,0,0,
2026-05-24,21:00:00,maceta2,116.0,114.0,70.3,71.7,71.0,7.6,13.7848,12.2,60.1,0,0,0,
2026-05-24,22:00:00,maceta1,124.0,124.0,66.2,66.1,66.2,13.6,13.8454,10.0,67.0,0,0,0,
2026-05-24,22:00:00,maceta2,117.0,114.0,70.0,71.4,70.7,19.2,13.7883,11.1,64.8,0,0,0,
2026-05-24,23:00:00,maceta1,125.0,125.0,66.0,65.9,66.0,26.3,13.8502,11.9,65.1,0,0,0,
2026-05-24,23:00:00,maceta2,117.0,115.0,69.9,71.3,70.6,15.7,13.7912,9.3,73.7,0,0,0,
2026-05-25,00:00:00,maceta1,125.0,125.0,65.9,65.7,65.8,11.2,0.0021,8.8,74.7,0,0,0,
2026-05-25,00:00:00,maceta2,118.0,115.0,69.7,71.0,70.4,26.0,0.0048,8.9,78.1,0,0,0,
2026-05-25,01:00:00,maceta1,125.0,126.0,65.7,65.5,65.6,9.3,0.0038,9.3,64.8,0,0,0,
2026-05-25,01:00:00,maceta2,118.0,115.0,69.6,70.8,70.2,2.4,0.0053,4.7,79.0,0,0,0,
2026-05-25,02:00:00,maceta1,126.0,126.0,65.5,65.3,65.4,13.4,0.0063,6.7,87.2,0,0,0,
2026-05-25,02:00:00,maceta2,118.0,116.0,69.4,70.6,70.0,23.6,0.0096,7.9,72.4,0,0,0,
2026-05-25,03:00:00,maceta1,126.0,126.0,65.3,65.1,65.2,0.9,0.0064,9.2,84.5,0,0,0,
2026-05-25,03:00:00,maceta2,119.0,116.0,69.2,70.4,69.8,17.6,0.0129,6.7,73.7,0,0,0,
2026-05-25,04:00:00,maceta1,126.0,127.0,65.1,64.9,65.0,17.8,0.0097,4.8,67.8,0,0,0,
2026-05-25,04:00:00,maceta2,119.0,117.0,69.0,70.1,69.6,27.9,0.018,8.5,73.1,0,0,0,
2026-05-25,05:00:00,maceta1,127.0,127.0,64.9,64.7,64.8,8.6,0.0113,7.1,78.9,0,0,0,
2026-05-25,05:00:00,maceta2,119.0,117.0,68.9,70.0,69.4,8.4,0.0196,6.3,69.5,0,0,0,
2026-05-25,06:00:00,maceta1,127.0,128.0,64.7,64.4,64.6,5873.9,1.098,7.9,69.1,1,0,0,Discrepancia alta entre sensores de humedad
2026-05-25,06:00:00,maceta2,119.0,117.0,68.7,69.8,69.2,6312.6,1.1874,8.6,75.0,1,0,0,
2026-05-25,07:00:00,maceta1,127.0,128.0,64.5,64.2,64.4,6024.7,2.2126,9.0,70.0,1,0,0,Discrepancia alta entre sensores de humedad
2026-05-25,07:00:00,maceta2,120.0,118.0,68.5,69.6,69.0,5985.7,2.2947,6.6,72.9,1,0,0,
2026-05-25,08:00:00,maceta1,128.0,128.0,64.4,64.0,64.2,6256.6,3.37,12.4,68.8,1,0,0,Discrepancia alta entre sensores de humedad
2026-05-25,08:00:00,maceta2,120.0,118.0,68.4,69.4,68.9,6191.3,3.4401,13.0,70.0,1,0,0,
2026-05-25,09:00:00,maceta1,128.0,129.0,64.2,63.8,64.0,6053.7,4.49,13.4,62.8,1,0,0,Discrepancia alta entre sensores de humedad
2026-05-25,09:00:00,maceta2,121.0,118.0,68.2,69.2,68.7,6249.0,4.5962,10.7,66.2,1,0,0,
2026-05-25,10:00:00,maceta1,128.0,129.0,64.0,63.6,63.8,5989.9,5.5981,13.4,57.8,1,0,0,Discrepancia alta entre sensores de humedad
2026-05-25,10:00:00,maceta2,121.0,119.0,67.9,69.0,68.5,6356.4,5.7721,13.7,68.9,1,0,0,
2026-05-25,11:00:00,maceta1,128.0,130.0,64.2,63.4,63.8,5960.5,6.7008,15.8,56.8,1,0,0,Discrepancia alta entre sensores de humedad
2026-05-25,11:00:00,maceta2,121.0,119.0,67.7,68.8,68.3,5911.2,6.8657,15.9,65.6,1,0,0,
2026-05-25,12:00:00,maceta1,129.0,130.0,63.7,63.2,63.4,6347.7,7.8751,14.8,56.8,1,0,0,
2026-05-25,12:00:00,maceta2,122.0,120.0,67.5,68.6,68.0,6295.5,8.0304,16.1,58.9,1,0,0,
2026-05-25,13:00:00,maceta1,129.0,130.0,63.5,62.9,63.2,5927.8,8.9718,17.4,53.9,1,0,0,
2026-05-25,13:00:00,maceta2,122.0,120.0,67.3,68.4,67.9,5881.4,9.1184,18.9,51.3,1,0,0,
2026-05-25,14:00:00,maceta1,130.0,131.0,63.3,62.7,63.0,6386.9,10.1534,18.3,46.6,1,0,0,
2026-05-25,14:00:00,maceta2,123.0,120.0,67.1,68.2,67.6,6343.6,10.292,18.4,50.1,1,0,0,
2026-05-25,15:00:00,maceta1,130.0,131.0,63.1,62.5,62.8,6029.1,11.2687,17.5,53.4,1,0,0,
2026-05-25,15:00:00,maceta2,123.0,121.0,66.9,68.0,67.4,6260.7,11.4502,19.5,56.1,1,0,0,
2026-05-25,16:00:00,maceta1,130.0,132.0,62.9,62.3,62.6,5886.9,12.3578,17.8,60.4,1,0,0,
2026-05-25,16:00:00,maceta2,123.0,121.0,66.7,67.8,67.2,6154.9,12.5889,15.9,53.1,1,0,0,
2026-05-25,17:00:00,maceta1,131.0,132.0,62.8,62.2,62.5,5813.1,13.4332,18.8,51.9,1,0,0,
2026-05-25,17:00:00,maceta2,124.0,121.0,66.5,67.6,67.1,6074.1,13.7126,17.8,49.1,1,0,0,
2026-05-25,18:00:00,maceta1,131.0,132.0,62.6,61.9,62.3,1.3,13.4335,15.3,60.3,0,0,0,
2026-05-25,18:00:00,maceta2,124.0,128.0,66.3,64.2,65.3,11.1,13.7147,15.2,64.8,0,0,0,Discrepancia alta entre sensores de humedad
2026-05-25,19:00:00,maceta1,131.0,133.0,62.4,61.7,62.1,15.0,13.4363,15.3,66.3,0,0,0,
2026-05-25,19:00:00,maceta2,124.0,122.0,66.1,67.2,66.7,6.3,13.7158,15.6,63.5,0,0,0,
2026-05-25,20:00:00,maceta1,132.0,133.0,62.3,61.4,61.8,5.2,13.4372,14.0,65.6,0,0,0,
2026-05-25,20:00:00,maceta2,125.0,123.0,65.9,67.0,66.5,15.3,13.7187,14.2,70.9,0,0,0,
2026-05-25,21:00:00,maceta1,132.0,134.0,62.1,61.3,61.7,17.6,13.4405,14.9,66.7,0,0,0,
2026-05-25,21:00:00,maceta2,125.0,123.0,65.8,66.7,66.2,7.2,13.72,14.0,68.2,0,0,0,
2026-05-25,22:00:00,maceta1,128.0,134.0,64.2,61.1,62.6,17.6,13.4437,11.4,66.0,0,0,0,Discrepancia alta entre sensores de humedad
2026-05-25,22:00:00,maceta2,125.0,124.0,65.5,66.5,66.0,27.0,13.725,12.5,60.8,0,0,0,
2026-05-25,23:00:00,maceta1,133.0,134.0,61.7,60.9,61.3,14.2,13.4464,8.3,66.6,0,0,0,
2026-05-25,23:00:00,maceta2,126.0,124.0,65.3,66.4,65.8,25.7,13.7297,10.5,70.0,0,0,0,
2026-05-26,00:00:00,maceta1,133.0,135.0,61.5,60.7,61.1,27.8,0.0051,11.5,72.4,0,0,0,
2026-05-26,00:00:00,maceta2,126.0,124.0,65.1,66.1,65.6,2.8,0.0005,8.4,81.7,0,0,0,
2026-05-26,01:00:00,maceta1,134.0,135.0,61.2,60.5,60.9,2.9,0.0057,6.7,74.1,0,0,0,
2026-05-26,01:00:00,maceta2,127.0,125.0,64.9,66.0,65.4,14.3,0.0032,7.0,79.6,0,0,0,
2026-05-26,02:00:00,maceta1,134.0,136.0,61.0,60.2,60.6,17.6,0.0089,5.8,72.5,0,0,0,
2026-05-26,02:00:00,maceta2,127.0,125.0,64.6,65.8,65.2,12.8,0.0055,6.3,73.1,0,0,0,
2026-05-26,03:00:00,maceta1,134.0,136.0,60.8,60.1,60.5,9.8,0.0108,6.7,68.4,0,0,0,
2026-05-26,03:00:00,maceta2,127.0,125.0,64.5,65.6,65.0,19.2,0.0091,5.2,71.3,0,0,0,
2026-05-26,04:00:00,maceta1,135.0,136.0,60.7,59.9,60.3,0.1,0.0108,7.5,77.3,0,0,0,
2026-05-26,04:00:00,maceta2,128.0,126.0,64.3,65.3,64.8,29.0,0.0144,8.8,74.7,0,0,0,Discrepancia alta entre sensores de humedad
2026-05-26,05:00:00,maceta1,135.0,137.0,60.5,59.7,60.1,7.0,0.0121,6.6,78.4,0,0,0,
2026-05-26,05:00:00,maceta2,128.0,126.0,64.0,65.1,64.6,27.5,0.0195,10.2,74.6,0,0,0,Discrepancia alta entre sensores de humedad
2026-05-26,06:00:00,maceta1,136.0,137.0,60.3,59.5,59.9,6322.4,1.1817,9.5,70.3,1,0,0,
2026-05-26,06:00:00,maceta2,129.0,127.0,63.8,64.9,64.4,6147.8,1.1569,10.3,82.8,1,0,0,
2026-05-26,07:00:00,maceta1,136.0,137.0,60.1,59.3,59.7,6123.3,2.3145,8.8,69.5,1,0,0,
2026-05-26,07:00:00,maceta2,129.0,127.0,63.6,64.8,64.2,6247.7,2.3127,11.1,75.8,1,0,0,
2026-05-26,08:00:00,maceta1,136.0,138.0,59.9,59.1,59.5,6119.0,3.4465,9.4,65.6,1,0,0,
2026-05-26,08:00:00,maceta2,130.0,127.0,63.4,64.5,64.0,6120.4,3.445,12.3,71.1,1,0,0,
2026-05-26,09:00:00,maceta1,137.0,138.0,59.7,58.9,59.3,5811.4,4.5216,12.6,69.6,1,0,0,
2026-05-26,09:00:00,maceta2,130.0,128.0,63.2,64.3,63.8,5921.8,4.5405,13.1,66.0,1,0,0,Discrepancia alta entre sensores de humedad
2026-05-26,10:00:00,maceta1,137.0,138.0,59.5,58.7,59.1,6142.0,5.6579,11.8,50.6,1,0,0,
2026-05-26,10:00:00,maceta2,130.0,128.0,63.1,64.1,63.6,6375.9,5.7201,12.2,62.5,1,0,0,Discrepancia alta entre sensores de humedad
2026-05-26,11:00:00,maceta1,137.0,139.0,59.3,58.6,58.9,5995.1,6.767,15.7,66.2,1,0,0,
2026-05-26,11:00:00,maceta2,131.0,129.0,62.9,63.9,63.4,6165.9,6.8608,13.4,62.6,1,0,0,
2026-05-26,12:00:00,maceta1,138.0,139.0,59.1,58.4,58.7,6041.5,7.8847,16.5,60.2,1,0,0,
2026-05-26,12:00:00,maceta2,131.0,128.0,62.7,64.2,63.5,5873.4,7.9473,13.8,49.3,1,0,0,Discrepancia alta entre sensores de humedad
2026-05-26,13:00:00,maceta1,138.0,139.0,58.9,58.2,58.6,6470.8,9.0818,17.9,52.7,1,0,0,
2026-05-26,13:00:00,maceta2,131.0,129.0,62.5,63.5,63.0,6398.3,9.131,14.8,58.4,1,0,0,
2026-05-26,14:00:00,maceta1,138.0,140.0,58.8,58.0,58.4,5854.9,10.1649,18.0,57.4,1,0,0,
2026-05-26,14:00:00,maceta2,132.0,130.0,62.3,63.3,62.8,6303.9,10.2972,18.1,61.4,1,0,0,
2026-05-26,15:00:00,maceta1,139.0,140.0,58.6,57.8,58.2,6043.3,11.2829,16.2,54.3,1,0,0,
2026-05-26,15:00:00,maceta2,132.0,130.0,62.1,63.1,62.6,6496.4,11.4991,18.2,57.0,1,0,0,
2026-05-26,16:00:00,maceta1,139.0,141.0,58.4,57.5,58.0,6011.7,12.3951,17.5,55.4,1,0,0,
2026-05-26,16:00:00,maceta2,132.0,131.0,61.9,62.9,62.4,5967.1,12.603,16.3,50.4,1,0,0,
2026-05-26,17:00:00,maceta1,139.0,141.0,58.2,57.3,57.8,6197.5,13.5416,15.1,45.1,1,0,0,
2026-05-26,17:00:00,maceta2,133.0,131.0,61.7,62.7,62.2,6384.6,13.7841,13.7,58.5,1,0,0,
2026-05-26,18:00:00,maceta1,140.0,142.0,58.0,57.1,57.6,12.1,13.5439,16.4,58.8,0,0,0,
2026-05-26,18:00:00,maceta2,133.0,131.0,61.6,62.5,62.0,11.2,13.7862,13.5,54.8,0,0,0,
2026-05-26,19:00:00,maceta1,140.0,142.0,57.8,56.9,57.4,29.6,13.5494,14.9,51.9,0,0,0,
2026-05-26,19:00:00,maceta2,133.0,132.0,61.4,62.3,61.8,25.6,13.7909,14.4,63.1,0,0,0,
2026-05-26,20:00:00,maceta1,141.0,142.0,57.6,56.7,57.2,11.6,13.5515,14.6,61.1,0,0,0,
2026-05-26,20:00:00,maceta2,134.0,132.0,61.1,62.1,61.6,27.4,13.796,13.1,65.2,0,0,0,
2026-05-26,21:00:00,maceta1,128.0,128.0,64.2,64.2,64.2,10.3,13.5534,11.8,74.3,0,0,0,Discrepancia alta entre sensores de humedad
2026-05-26,21:00:00,maceta2,134.0,132.0,60.9,61.9,61.4,20.0,13.7997,13.4,54.3,0,0,0,
2026-05-26,22:00:00,maceta1,141.0,143.0,57.2,56.3,56.8,29.0,13.5588,11.5,64.1,0,0,0,
2026-05-26,22:00:00,maceta2,135.0,133.0,60.7,61.7,61.2,11.7,13.8019,11.5,66.5,0,0,0,
2026-05-26,23:00:00,maceta1,142.0,143.0,57.0,56.1,56.6,20.4,13.5626,10.5,77.3,0,0,0,
2026-05-26,23:00:00,maceta2,135.0,133.0,60.5,61.5,61.0,8.9,13.8035,7.5,61.8,0,0,0,
2026-05-27,00:00:00,maceta1,142.0,144.0,56.8,55.9,56.3,8.0,0.0015,9.8,81.8,0,0,0,
2026-05-27,00:00:00,maceta2,135.0,133.0,60.3,61.3,60.8,17.2,0.0032,9.6,72.8,0,0,0,
2026-05-27,01:00:00,maceta1,142.0,144.0,56.6,55.7,56.2,29.4,0.0069,6.3,73.2,0,0,0,
2026-05-27,01:00:00,maceta2,136.0,134.0,60.1,61.1,60.6,13.6,0.0057,7.5,72.7,0,0,0,
2026-05-27,02:00:00,maceta1,128.0,145.0,64.2,55.5,59.9,28.1,0.0121,7.3,72.5,0,0,0,Discrepancia alta entre sensores de humedad
2026-05-27,02:00:00,maceta2,136.0,134.0,59.8,61.0,60.4,27.4,0.0108,7.2,79.9,0,0,0,
2026-05-27,03:00:00,maceta1,143.0,145.0,56.2,55.3,55.8,7.6,0.0135,7.7,69.7,0,0,0,
2026-05-27,03:00:00,maceta2,137.0,135.0,59.7,60.7,60.2,12.1,0.013,9.3,76.7,0,0,0,
2026-05-27,04:00:00,maceta1,144.0,145.0,56.0,55.2,55.6,19.3,0.0171,9.0,72.7,0,0,0,
2026-05-27,04:00:00,maceta2,137.0,135.0,59.5,60.5,60.0,15.5,0.0159,5.4,70.8,0,0,0,
2026-05-27,05:00:00,maceta1,144.0,145.0,55.8,55.0,55.4,2.9,0.0176,8.8,86.6,0,0,0,
2026-05-27,05:00:00,maceta2,137.0,136.0,59.3,60.3,59.8,29.8,0.0214,9.9,75.8,0,0,0,
2026-05-27,06:00:00,maceta1,144.0,146.0,55.6,54.8,55.2,6238.6,1.1718,9.2,75.1,1,0,0,
2026-05-27,06:00:00,maceta2,138.0,136.0,59.0,60.0,59.5,5996.5,1.1308,10.3,77.8,1,0,0,
2026-05-27,07:00:00,maceta1,145.0,146.0,55.4,54.6,55.0,6154.9,2.3104,12.7,62.9,1,0,0,
2026-05-27,07:00:00,maceta2,138.0,136.0,58.8,59.9,59.3,6341.3,2.3039,11.2,78.8,1,0,0,
2026-05-27,08:00:00,maceta1,145.0,147.0,55.2,54.4,54.8,6294.0,3.4748,11.3,55.0,1,0,0,
2026-05-27,08:00:00,maceta2,139.0,137.0,58.6,59.6,59.1,5883.2,3.3923,12.5,63.7,1,0,0,
2026-05-27,09:00:00,maceta1,146.0,147.0,55.0,54.2,54.6,6213.8,4.6244,12.4,62.7,1,0,0,
2026-05-27,09:00:00,maceta2,139.0,137.0,58.4,59.4,58.9,6478.4,4.5908,12.2,67.9,1,0,0,
2026-05-27,10:00:00,maceta1,146.0,147.0,54.7,54.0,54.4,5909.7,5.7177,13.0,63.5,1,0,0,
2026-05-27,10:00:00,maceta2,139.0,138.0,58.2,59.2,58.7,6397.0,5.7742,15.8,61.6,1,0,0,
2026-05-27,11:00:00,maceta1,146.0,148.0,54.5,53.8,54.1,6291.8,6.8816,13.5,59.9,1,0,0,
2026-05-27,11:00:00,maceta2,140.0,138.0,58.0,59.0,58.5,6341.8,6.9475,17.0,55.1,1,0,0,
2026-05-27,12:00:00,maceta1,147.0,148.0,54.3,53.5,53.9,5997.4,7.9912,16.5,50.4,1,0,0,
2026-05-27,12:00:00,maceta2,140.0,138.0,57.8,58.8,58.3,6001.5,8.0578,13.6,61.6,1,0,0,
2026-05-27,13:00:00,maceta1,147.0,149.0,54.1,53.3,53.7,6434.2,9.1815,17.1,59.8,1,0,0,
2026-05-27,13:00:00,maceta2,141.0,139.0,57.6,58.6,58.1,6051.9,9.1774,13.4,64.3,1,0,0,
2026-05-27,14:00:00,maceta1,148.0,149.0,53.9,53.1,53.5,5844.1,10.2626,18.0,51.4,1,0,0,
2026-05-27,14:00:00,maceta2,141.0,139.0,57.4,58.4,57.9,6220.4,10.3281,18.4,58.8,1,0,0,
2026-05-27,15:00:00,maceta1,148.0,149.0,53.7,52.9,53.3,5887.4,11.3518,16.3,53.6,1,0,0,
2026-05-27,15:00:00,maceta2,141.0,139.0,57.2,58.2,57.7,6357.6,11.5043,17.4,61.0,1,0,0,
2026-05-27,16:00:00,maceta1,149.0,150.0,53.4,52.7,53.1,6249.2,12.5079,20.0,60.5,1,0,0,
2026-05-27,16:00:00,maceta2,142.0,140.0,57.0,58.0,57.5,6412.3,12.6906,16.3,56.4,1,0,0,
2026-05-27,17:00:00,maceta1,128.0,150.0,64.2,52.5,58.4,6349.4,13.6825,14.9,54.6,1,0,0,Discrepancia alta entre sensores de humedad
2026-05-27,17:00:00,maceta2,142.0,140.0,56.8,57.8,57.3,5878.5,13.7781,18.7,61.1,1,0,0,
2026-05-27,18:00:00,maceta1,149.0,151.0,53.0,52.3,52.6,28.6,13.6878,18.7,61.2,0,0,0,
2026-05-27,18:00:00,maceta2,143.0,141.0,56.5,57.6,57.1,18.8,13.7816,15.7,54.5,0,0,0,
2026-05-27,19:00:00,maceta1,150.0,151.0,52.8,52.1,52.4,21.5,13.6918,16.2,53.4,0,0,0,
2026-05-27,19:00:00,maceta2,143.0,141.0,56.3,57.4,56.9,12.9,13.784,16.7,58.6,0,0,0,
2026-05-27,20:00:00,maceta1,150.0,151.0,52.5,51.9,52.2,0.6,13.6919,12.4,70.0,0,0,0,
2026-05-27,20:00:00,maceta2,143.0,141.0,56.1,57.2,56.7,19.4,13.7875,12.8,68.1,0,0,0,
2026-05-27,21:00:00,maceta1,151.0,152.0,52.4,51.7,52.0,19.0,13.6954,14.0,59.4,0,0,0,
2026-05-27,21:00:00,maceta2,144.0,142.0,55.9,57.0,56.5,3.3,13.7882,14.7,59.2,0,0,0,
2026-05-27,22:00:00,maceta1,151.0,152.0,52.2,51.4,51.8,13.9,13.698,11.7,74.0,0,0,0,
2026-05-27,22:00:00,maceta2,144.0,142.0,55.7,56.9,56.3,27.5,13.7932,9.6,61.9,0,0,0,
2026-05-27,23:00:00,maceta1,151.0,153.0,51.9,51.3,51.6,6.2,13.6991,12.7,72.5,0,0,0,
2026-05-27,23:00:00,maceta2,145.0,142.0,55.5,56.7,56.1,13.8,13.7958,8.9,66.9,0,0,0,
2026-05-28,00:00:00,maceta1,152.0,153.0,51.7,51.1,51.4,13.8,0.0026,8.1,80.2,0,0,0,
2026-05-28,00:00:00,maceta2,145.0,143.0,55.3,56.5,55.9,24.3,0.0045,9.1,68.2,0,0,0,
2026-05-28,01:00:00,maceta1,152.0,153.0,51.5,50.9,51.2,24.7,0.0071,10.1,79.4,0,0,0,
2026-05-28,01:00:00,maceta2,145.0,143.0,55.1,56.3,55.7,22.8,0.0087,9.0,74.6,0,0,0,
2026-05-28,02:00:00,maceta1,153.0,154.0,51.3,50.7,51.0,11.0,0.0092,7.9,75.9,0,0,0,
2026-05-28,02:00:00,maceta2,146.0,143.0,55.0,56.1,55.5,2.2,0.0091,8.0,64.8,0,0,0,
2026-05-28,03:00:00,maceta1,153.0,154.0,51.1,50.5,50.8,10.5,0.0111,7.2,64.0,0,0,0,
2026-05-28,03:00:00,maceta2,146.0,144.0,54.7,55.9,55.3,20.4,0.0129,7.9,73.9,0,0,0,
2026-05-28,04:00:00,maceta1,153.0,154.0,50.9,50.3,50.6,21.1,0.015,3.5,75.9,0,0,0,
2026-05-28,04:00:00,maceta2,146.0,144.0,54.6,55.7,55.1,29.0,0.0182,6.8,69.0,0,0,0,
2026-05-28,05:00:00,maceta1,154.0,155.0,50.8,50.1,50.4,13.6,0.0175,8.1,68.2,0,0,0,
2026-05-28,05:00:00,maceta2,147.0,145.0,54.4,55.5,54.9,19.0,0.0218,6.0,76.5,0,0,0,
2026-05-28,06:00:00,maceta1,154.0,155.0,50.6,49.8,50.2,5915.9,1.112,9.1,74.9,1,0,1,
2026-05-28,06:00:00,maceta2,147.0,145.0,54.2,55.3,54.7,5901.0,1.1134,8.3,71.4,1,0,0,
2026-05-28,07:00:00,maceta1,93.0,90.0,82.6,84.4,83.5,6179.0,2.2551,12.2,73.9,1,0,0,
2026-05-28,07:00:00,maceta2,148.0,145.0,53.9,55.1,54.5,6230.1,2.266,12.0,64.1,1,0,0,
2026-05-28,08:00:00,maceta1,94.0,90.0,82.3,84.2,83.3,6136.1,3.3903,10.1,65.8,1,0,0,
2026-05-28,08:00:00,maceta2,148.0,146.0,53.8,54.9,54.3,6219.3,3.4166,10.6,75.8,1,0,0,
2026-05-28,09:00:00,maceta1,94.0,90.0,82.1,84.1,83.1,5926.3,4.4866,12.0,65.3,1,0,0,
2026-05-28,09:00:00,maceta2,148.0,146.0,53.6,54.7,54.1,6135.7,4.5517,11.4,65.6,1,0,0,
2026-05-28,10:00:00,maceta1,94.0,91.0,81.9,83.9,82.9,6260.7,5.6448,13.7,73.9,1,0,0,
2026-05-28,10:00:00,maceta2,149.0,147.0,53.4,54.5,53.9,6102.9,5.6807,12.3,55.4,1,0,0,
2026-05-28,11:00:00,maceta1,95.0,91.0,81.6,83.6,82.6,6275.6,6.8058,12.9,64.0,1,0,0,
2026-05-28,11:00:00,maceta2,149.0,147.0,53.2,54.2,53.7,6115.8,6.8121,15.5,68.3,1,0,0,
2026-05-28,12:00:00,maceta1,95.0,91.0,81.4,83.5,82.4,6033.5,7.922,16.6,56.3,1,0,0,
2026-05-28,12:00:00,maceta2,149.0,147.0,53.0,54.1,53.6,6012.5,7.9245,14.4,62.2,1,0,0,
2026-05-28,13:00:00,maceta1,96.0,92.0,81.2,83.3,82.3,6087.6,9.0482,17.8,51.4,1,0,0,
2026-05-28,13:00:00,maceta2,150.0,148.0,52.8,53.9,53.3,5816.2,9.0004,15.5,52.9,1,0,0,
2026-05-28,14:00:00,maceta1,96.0,92.0,81.1,83.1,82.1,6268.0,10.2078,17.3,57.3,1,0,0,
2026-05-28,14:00:00,maceta2,150.0,148.0,52.6,53.7,53.2,6391.6,10.1829,18.2,59.3,1,0,0,
2026-05-28,15:00:00,maceta1,96.0,93.0,80.9,82.9,81.9,6048.2,11.3267,17.0,60.6,1,0,0,
2026-05-28,15:00:00,maceta2,150.0,148.0,52.4,53.5,53.0,5832.2,11.2619,17.8,62.8,1,0,0,
2026-05-28,16:00:00,maceta1,97.0,93.0,80.7,82.7,81.7,6490.7,12.5275,16.2,55.0,1,0,0,
2026-05-28,16:00:00,maceta2,151.0,149.0,52.2,53.4,52.8,5984.6,12.369,16.6,61.3,1,0,0,
2026-05-28,17:00:00,maceta1,97.0,93.0,80.5,82.4,81.5,5888.6,13.6169,16.1,54.6,1,0,0,
2026-05-28,17:00:00,maceta2,151.0,149.0,52.1,53.2,52.6,6058.8,13.4899,15.3,60.9,1,0,0,
2026-05-28,18:00:00,maceta1,98.0,94.0,80.2,82.2,81.2,15.4,13.6198,15.4,59.0,0,0,0,
2026-05-28,18:00:00,maceta2,151.0,149.0,51.9,52.9,52.4,24.9,13.4945,13.3,60.2,0,0,0,
2026-05-28,19:00:00,maceta1,98.0,94.0,80.1,82.0,81.0,6.9,13.6211,13.9,62.1,0,0,0,
2026-05-28,19:00:00,maceta2,152.0,150.0,51.7,52.7,52.2,11.3,13.4966,14.2,52.0,0,0,0,
2026-05-28,20:00:00,maceta1,98.0,94.0,79.8,81.8,80.8,23.8,13.6255,13.0,56.8,0,0,0,
2026-05-28,20:00:00,maceta2,152.0,150.0,51.5,52.5,52.0,15.8,13.4995,13.0,62.9,0,0,0,
2026-05-28,21:00:00,maceta1,99.0,95.0,79.6,81.7,80.6,12.1,13.6277,12.0,56.6,0,0,0,
2026-05-28,21:00:00,maceta2,153.0,128.0,51.3,64.2,57.7,0.9,13.4997,12.8,69.2,0,0,0,Discrepancia alta entre sensores de humedad
2026-05-28,22:00:00,maceta1,99.0,95.0,79.4,81.4,80.4,22.6,13.6319,12.1,71.9,0,0,0,
2026-05-28,22:00:00,maceta2,153.0,151.0,51.1,52.1,51.6,29.2,13.5051,9.8,69.2,0,0,0,
2026-05-28,23:00:00,maceta1,99.0,96.0,79.3,81.3,80.3,18.6,13.6353,7.8,64.4,0,0,0,
2026-05-28,23:00:00,maceta2,153.0,151.0,50.8,51.9,51.4,25.7,13.5098,8.0,76.9,0,0,0,
2026-05-29,00:00:00,maceta1,100.0,96.0,79.1,81.0,80.0,15.5,0.0029,7.7,82.3,0,0,0,
2026-05-29,00:00:00,maceta2,154.0,152.0,50.6,51.7,51.1,7.0,0.0013,7.9,72.8,0,0,0,
2026-05-29,01:00:00,maceta1,100.0,97.0,78.9,80.8,79.9,0.4,0.0029,6.5,76.2,0,0,0,
2026-05-29,01:00:00,maceta2,154.0,152.0,50.4,51.5,50.9,19.6,0.0049,5.7,74.7,0,0,0,
2026-05-29,02:00:00,maceta1,100.0,97.0,78.7,80.6,79.6,14.8,0.0057,6.5,77.3,0,0,0,
2026-05-29,02:00:00,maceta2,155.0,153.0,50.2,51.3,50.7,23.5,0.0093,7.4,74.1,0,0,0,
2026-05-29,03:00:00,maceta1,101.0,97.0,78.5,80.4,79.4,20.8,0.0095,7.9,74.8,0,0,0,
2026-05-29,03:00:00,maceta2,155.0,153.0,50.0,51.1,50.5,29.6,0.0147,6.2,79.5,0,0,1,
2026-05-29,04:00:00,maceta1,101.0,98.0,78.3,80.2,79.3,15.3,0.0124,6.6,86.4,0,0,0,
2026-05-29,04:00:00,maceta2,85.0,89.0,86.6,84.7,85.7,12.8,0.0171,5.8,67.7,0,0,0,
2026-05-29,05:00:00,maceta1,102.0,98.0,78.1,80.0,79.1,8.6,0.014,7.6,73.1,0,0,0,
2026-05-29,05:00:00,maceta2,86.0,89.0,86.4,84.6,85.5,14.3,0.0198,6.4,67.8,0,0,0,
2026-05-29,06:00:00,maceta1,102.0,98.0,77.9,79.9,78.9,6480.3,1.2128,9.3,80.0,1,0,0,
2026-05-29,06:00:00,maceta2,86.0,90.0,86.2,84.4,85.3,6302.1,1.1856,5.8,69.1,1,0,0,
2026-05-29,07:00:00,maceta1,102.0,99.0,77.7,79.7,78.7,6383.8,2.3938,9.0,62.8,1,0,0,
2026-05-29,07:00:00,maceta2,86.0,90.0,86.1,84.2,85.1,5809.2,2.2603,10.0,73.2,1,0,0,
2026-05-29,08:00:00,maceta1,103.0,99.0,77.5,79.5,78.5,6048.1,3.5127,11.0,76.3,1,0,0,
2026-05-29,08:00:00,maceta2,87.0,90.0,85.9,84.0,84.9,6320.0,3.4295,14.7,70.9,1,0,0,
2026-05-29,09:00:00,maceta1,103.0,99.0,77.3,79.3,78.3,5854.6,4.5958,12.5,66.0,1,0,0,
2026-05-29,09:00:00,maceta2,87.0,91.0,85.7,83.8,84.8,6197.1,4.576,10.5,67.0,1,0,0,
2026-05-29,10:00:00,maceta1,104.0,100.0,77.1,79.0,78.1,6100.4,5.7244,13.2,69.5,1,0,0,
2026-05-29,10:00:00,maceta2,88.0,91.0,85.5,83.6,84.5,5812.3,5.6513,10.6,58.0,1,0,0,
2026-05-29,11:00:00,maceta1,104.0,100.0,76.9,78.8,77.9,5965.2,6.828,14.4,59.4,1,0,0,
2026-05-29,11:00:00,maceta2,88.0,91.0,85.2,83.4,84.3,5999.4,6.7612,13.3,57.7,1,0,0,
2026-05-29,12:00:00,maceta1,104.0,101.0,76.7,78.6,77.6,5878.3,7.9154,16.9,52.1,1,0,0,
2026-05-29,12:00:00,maceta2,88.0,92.0,85.0,83.2,84.1,6242.1,7.916,14.7,56.3,1,0,0,
2026-05-29,13:00:00,maceta1,105.0,101.0,76.5,78.4,77.5,5969.7,9.0198,16.2,61.9,1,0,0,
2026-05-29,13:00:00,maceta2,89.0,92.0,84.8,83.0,83.9,5994.3,9.0249,15.4,59.2,1,0,0,
2026-05-29,14:00:00,maceta1,105.0,101.0,76.3,78.2,77.3,6428.8,10.2092,19.4,58.6,1,0,0,
2026-05-29,14:00:00,maceta2,89.0,93.0,84.7,82.8,83.7,6127.0,10.1584,16.4,56.1,1,0,0,
2026-05-29,15:00:00,maceta1,105.0,102.0,76.1,78.0,77.1,6074.5,11.3329,19.8,57.6,1,0,0,
2026-05-29,15:00:00,maceta2,90.0,93.0,84.5,82.6,83.6,6306.7,11.3251,18.2,51.0,1,0,0,
2026-05-29,16:00:00,maceta1,106.0,102.0,75.9,77.8,76.9,6436.7,12.5237,17.6,53.8,1,0,0,
2026-05-29,16:00:00,maceta2,90.0,93.0,84.2,82.4,83.3,5817.5,12.4014,17.4,56.3,1,0,0,
2026-05-29,17:00:00,maceta1,106.0,103.0,75.8,77.6,76.7,6113.8,13.6548,16.9,57.7,1,0,0,
2026-05-29,17:00:00,maceta2,90.0,94.0,84.1,82.3,83.2,6227.5,13.5535,13.4,57.9,1,0,0,
2026-05-29,18:00:00,maceta1,106.0,103.0,75.6,77.4,76.5,28.2,13.66,15.1,57.2,0,0,0,
2026-05-29,18:00:00,maceta2,91.0,128.0,83.8,64.2,74.0,8.4,13.555,16.8,56.0,0,0,0,Discrepancia alta entre sensores de humedad
2026-05-29,19:00:00,maceta1,107.0,103.0,75.4,77.2,76.3,27.8,13.6651,14.4,75.8,0,0,0,
2026-05-29,19:00:00,maceta2,91.0,95.0,83.7,81.8,82.7,28.9,13.5604,12.4,64.5,0,0,0,
2026-05-29,20:00:00,maceta1,107.0,104.0,75.2,76.9,76.1,4.4,13.666,13.2,64.5,0,0,0,
2026-05-29,20:00:00,maceta2,91.0,95.0,83.5,81.5,82.5,29.2,13.5658,15.9,61.2,0,0,0,
2026-05-29,21:00:00,maceta1,108.0,104.0,75.0,76.7,75.8,2.6,13.6664,13.9,62.7,0,0,0,
2026-05-29,21:00:00,maceta2,92.0,96.0,83.3,81.3,82.3,6.6,13.567,11.9,64.3,0,0,0,
2026-05-29,22:00:00,maceta1,108.0,105.0,74.7,76.5,75.6,13.3,13.6689,12.1,69.1,0,0,0,
2026-05-29,22:00:00,maceta2,92.0,96.0,83.1,81.1,82.1,29.8,13.5725,10.2,58.2,0,0,0,
2026-05-29,23:00:00,maceta1,108.0,105.0,74.5,76.3,75.4,14.7,13.6716,6.9,62.2,0,0,0,
2026-05-29,23:00:00,maceta2,92.0,96.0,82.9,80.9,81.9,16.5,13.5756,8.1,66.8,0,0,0,
2026-05-30,00:00:00,maceta1,109.0,105.0,74.4,76.1,75.2,20.8,0.0039,10.7,73.1,0,0,0,
2026-05-30,00:00:00,maceta2,93.0,97.0,82.7,80.7,81.7,29.0,0.0054,8.0,70.9,0,0,0,
2026-05-30,01:00:00,maceta1,109.0,106.0,74.2,75.9,75.0,23.5,0.0082,7.2,81.1,0,0,0,
2026-05-30,01:00:00,maceta2,93.0,97.0,82.5,80.6,81.5,6.7,0.0066,7.1,66.2,0,0,0,
2026-05-30,02:00:00,maceta1,109.0,106.0,74.0,75.6,74.8,9.1,0.0099,9.9,70.9,0,0,0,
2026-05-30,02:00:00,maceta2,94.0,97.0,82.3,80.4,81.3,2.9,0.0072,9.5,82.3,0,0,0,
2026-05-30,03:00:00,maceta1,110.0,107.0,73.8,75.4,74.6,19.3,0.0135,10.2,75.7,0,0,0,
2026-05-30,03:00:00,maceta2,94.0,98.0,82.1,80.2,81.1,5.4,0.0082,6.7,79.4,0,0,0,
2026-05-30,04:00:00,maceta1,110.0,107.0,73.6,75.2,74.4,7.7,0.0149,7.5,84.9,0,0,0,
2026-05-30,04:00:00,maceta2,94.0,98.0,81.9,80.0,80.9,26.6,0.0131,4.8,71.2,0,0,0,
2026-05-30,05:00:00,maceta1,110.0,107.0,73.5,75.0,74.3,9.8,0.0167,9.8,73.2,0,0,0,
2026-05-30,05:00:00,maceta2,95.0,98.0,81.7,79.7,80.7,17.0,0.0162,5.8,72.3,0,0,0,
2026-05-30,06:00:00,maceta1,111.0,108.0,73.3,74.8,74.0,6273.7,1.1773,8.7,62.3,1,0,0,
2026-05-30,06:00:00,maceta2,95.0,99.0,81.4,79.5,80.5,6101.5,1.145,6.7,70.5,1,0,0,
2026-05-30,07:00:00,maceta1,111.0,108.0,73.1,74.6,73.8,5880.3,2.2652,8.5,74.4,1,0,0,
2026-05-30,07:00:00,maceta2,96.0,99.0,81.2,79.4,80.3,6300.0,2.3105,8.2,72.7,1,0,0,
2026-05-30,08:00:00,maceta1,111.0,109.0,72.9,74.4,73.7,5952.4,3.3664,9.7,70.7,1,0,0,
2026-05-30,08:00:00,maceta2,96.0,100.0,81.1,79.2,80.1,5923.6,3.4064,9.8,65.7,1,0,0,
2026-05-30,09:00:00,maceta1,112.0,109.0,72.7,74.3,73.5,6050.8,4.4858,11.1,61.7,1,0,0,
2026-05-30,09:00:00,maceta2,96.0,100.0,80.9,79.0,79.9,6257.3,4.564,13.2,71.3,1,0,0,
2026-05-30,10:00:00,maceta1,112.0,109.0,72.5,74.1,73.3,5963.8,5.5891,11.5,59.9,1,0,0,
2026-05-30,10:00:00,maceta2,97.0,100.0,80.7,78.8,79.7,5928.6,5.6608,13.5,63.9,1,0,0,
2026-05-30,11:00:00,maceta1,113.0,110.0,72.3,73.8,73.1,5807.0,6.6634,16.2,60.8,1,0,0,
2026-05-30,11:00:00,maceta2,97.0,101.0,80.5,78.5,79.5,6130.2,6.7948,13.6,67.3,1,0,0,
2026-05-30,12:00:00,maceta1,113.0,110.0,72.1,73.6,72.9,6100.1,7.7919,14.4,62.8,1,0,0,
2026-05-30,12:00:00,maceta2,97.0,101.0,80.3,78.3,79.3,5963.7,7.8981,15.1,51.5,1,0,0,
2026-05-30,13:00:00,maceta1,113.0,111.0,71.9,73.4,72.6,5837.6,8.8718,18.0,50.4,1,0,0,
2026-05-30,13:00:00,maceta2,98.0,102.0,80.2,78.1,79.1,6100.5,9.0267,16.5,59.2,1,0,0,
2026-05-30,14:00:00,maceta1,114.0,111.0,71.7,73.2,72.5,6351.7,10.0469,15.9,55.0,1,0,0,
2026-05-30,14:00:00,maceta2,98.0,102.0,79.9,77.8,78.9,6300.7,10.1923,17.5,53.1,1,0,0,
2026-05-30,15:00:00,maceta1,114.0,111.0,71.5,73.0,72.2,6402.6,11.2314,15.3,60.1,1,0,0,
2026-05-30,15:00:00,maceta2,98.0,102.0,79.8,77.7,78.7,5806.7,11.2666,17.9,55.9,1,0,0,
2026-05-30,16:00:00,maceta1,115.0,112.0,71.3,72.8,72.0,6476.5,12.4295,17.4,55.6,1,0,0,
2026-05-30,16:00:00,maceta2,99.0,103.0,79.6,77.5,78.5,6039.0,12.3838,16.3,59.2,1,0,0,
2026-05-30,17:00:00,maceta1,115.0,112.0,71.0,72.5,71.8,6493.3,13.6308,15.0,54.5,1,0,0,
2026-05-30,17:00:00,maceta2,99.0,103.0,79.4,77.2,78.3,5976.8,13.4895,14.9,64.2,1,0,0,
2026-05-30,18:00:00,maceta1,115.0,113.0,70.9,72.3,71.6,25.2,13.6355,16.2,54.0,0,0,0,
2026-05-30,18:00:00,maceta2,99.0,104.0,79.2,77.1,78.1,5.5,13.4905,17.3,61.2,0,0,0,
2026-05-30,19:00:00,maceta1,116.0,113.0,70.7,72.1,71.4,27.1,13.6405,13.5,67.2,0,0,0,
2026-05-30,19:00:00,maceta2,100.0,104.0,79.0,76.9,78.0,15.2,13.4933,15.1,53.1,0,0,0,
2026-05-30,20:00:00,maceta1,116.0,113.0,70.5,71.9,71.2,2.0,13.6408,10.1,60.7,0,0,0,
2026-05-30,20:00:00,maceta2,100.0,104.0,78.8,76.7,77.7,4.2,13.4941,12.3,68.1,0,0,0,
2026-05-30,21:00:00,maceta1,116.0,114.0,70.3,71.7,71.0,9.3,13.6426,11.9,70.8,0,0,0,
2026-05-30,21:00:00,maceta2,101.0,128.0,78.6,64.2,71.4,1.3,13.4944,10.5,64.1,0,0,0,Discrepancia alta entre sensores de humedad
2026-05-30,22:00:00,maceta1,117.0,114.0,70.1,71.5,70.8,9.3,13.6443,9.2,63.9,0,0,0,
2026-05-30,22:00:00,maceta2,101.0,105.0,78.4,76.4,77.4,1.8,13.4947,9.6,72.4,0,0,0,
2026-05-30,23:00:00,maceta1,117.0,114.0,69.9,71.3,70.6,7.1,13.6456,9.8,75.9,0,0,0,
2026-05-30,23:00:00,maceta2,101.0,105.0,78.2,76.1,77.1,8.0,13.4962,9.1,64.2,0,0,0,
2026-05-31,00:00:00,maceta1,118.0,115.0,69.7,71.2,70.4,29.8,0.0055,4.9,66.1,0,0,0,
2026-05-31,00:00:00,maceta2,102.0,106.0,78.0,76.0,77.0,7.1,0.0013,5.1,73.2,0,0,0,
2026-05-31,01:00:00,maceta1,118.0,115.0,69.5,70.9,70.2,7.2,0.0068,6.6,76.8,0,0,0,
2026-05-31,01:00:00,maceta2,102.0,106.0,77.8,75.7,76.8,20.6,0.0051,8.2,72.2,0,0,0,
2026-05-31,02:00:00,maceta1,118.0,116.0,69.3,70.7,70.0,25.8,0.0116,2.9,78.1,0,0,0,
2026-05-31,02:00:00,maceta2,102.0,106.0,77.6,75.5,76.6,11.6,0.0073,6.2,71.1,0,0,0,
2026-05-31,03:00:00,maceta1,119.0,116.0,69.0,70.5,69.8,26.3,0.0165,6.0,64.4,0,0,0,
2026-05-31,03:00:00,maceta2,103.0,107.0,77.4,75.3,76.4,10.2,0.0092,8.9,72.9,0,0,0,
2026-05-31,04:00:00,maceta1,119.0,116.0,68.8,70.3,69.5,5.9,0.0176,6.4,75.0,0,0,0,
2026-05-31,04:00:00,maceta2,103.0,107.0,77.2,75.1,76.2,9.9,0.011,7.6,73.3,0,0,0,
2026-05-31,05:00:00,maceta1,120.0,117.0,68.6,70.1,69.4,18.3,0.021,7.7,67.9,0,0,0,
2026-05-31,05:00:00,maceta2,104.0,108.0,77.0,75.0,76.0,11.0,0.013,4.3,64.6,0,0,0,
2026-05-31,06:00:00,maceta1,120.0,117.0,68.4,69.9,69.1,5831.4,1.0998,9.4,69.5,1,0,0,
2026-05-31,06:00:00,maceta2,104.0,108.0,76.8,74.7,75.8,6470.2,1.21,8.6,76.6,1,0,0,
2026-05-31,07:00:00,maceta1,120.0,118.0,68.2,69.7,68.9,6467.0,2.2962,10.1,76.3,1,0,0,
2026-05-31,07:00:00,maceta2,104.0,108.0,76.7,74.6,75.6,5995.5,2.3192,15.2,75.9,1,0,0,
2026-05-31,08:00:00,maceta1,121.0,118.0,68.0,69.5,68.7,6312.1,3.4639,7.4,63.5,1,0,0,
2026-05-31,08:00:00,maceta2,105.0,109.0,76.5,74.4,75.4,6205.0,3.4671,13.1,61.8,1,0,0,
2026-05-31,09:00:00,maceta1,121.0,118.0,67.8,69.2,68.5,5966.2,4.5676,11.4,67.5,1,0,0,
2026-05-31,09:00:00,maceta2,105.0,109.0,76.3,74.1,75.2,5983.5,4.5741,12.2,68.2,1,0,0,
2026-05-31,10:00:00,maceta1,122.0,119.0,67.6,69.0,68.3,6143.8,5.7042,13.0,64.4,1,0,0,
2026-05-31,10:00:00,maceta2,106.0,110.0,76.0,73.9,75.0,6093.5,5.7014,12.5,52.3,1,0,0,
2026-05-31,11:00:00,maceta1,122.0,119.0,67.4,68.8,68.1,6003.9,6.815,13.5,55.7,1,0,0,
2026-05-31,11:00:00,maceta2,106.0,110.0,75.8,73.8,74.8,6365.3,6.8789,14.8,59.9,1,0,0,
2026-05-31,12:00:00,maceta1,122.0,120.0,67.1,68.6,67.9,6137.0,7.9503,13.1,60.4,1,0,0,
2026-05-31,12:00:00,maceta2,106.0,110.0,75.6,73.5,74.6,6258.4,8.0367,16.5,61.8,1,0,0,
2026-05-31,13:00:00,maceta1,123.0,120.0,66.9,68.4,67.7,5932.5,9.0478,15.5,57.1,1,0,0,
2026-05-31,13:00:00,maceta2,107.0,111.0,75.5,73.4,74.4,6173.5,9.1788,14.5,58.0,1,0,0,
2026-05-31,14:00:00,maceta1,123.0,120.0,66.7,68.2,67.5,6022.6,10.162,16.0,55.8,1,0,0,
2026-05-31,14:00:00,maceta2,107.0,111.0,75.3,73.2,74.2,6168.5,10.32,18.5,58.8,1,0,0,
2026-05-31,15:00:00,maceta1,124.0,121.0,66.4,68.0,67.2,6346.6,11.3361,16.0,56.6,1,0,0,
2026-05-31,15:00:00,maceta2,107.0,111.0,75.1,72.9,74.0,6338.2,11.4926,17.4,55.3,1,0,0,
2026-05-31,16:00:00,maceta1,124.0,121.0,66.3,67.8,67.1,6048.0,12.455,15.6,54.0,1,0,0,
2026-05-31,16:00:00,maceta2,108.0,112.0,74.9,72.7,73.8,6286.0,12.6555,17.8,55.7,1,0,0,
2026-05-31,17:00:00,maceta1,124.0,122.0,66.1,67.6,66.8,6458.9,13.6499,17.2,58.8,1,0,0,
2026-05-31,17:00:00,maceta2,108.0,112.0,74.7,72.5,73.6,6238.0,13.8095,18.9,57.7,1,0,0,
2026-05-31,18:00:00,maceta1,125.0,122.0,65.9,67.5,66.7,23.2,13.6542,15.1,59.8,0,0,0,
2026-05-31,18:00:00,maceta2,108.0,113.0,74.6,72.3,73.4,18.8,13.813,16.4,64.6,0,0,0,
2026-05-31,19:00:00,maceta1,125.0,122.0,65.7,67.3,66.5,9.2,13.6559,14.5,61.3,0,0,0,
2026-05-31,19:00:00,maceta2,109.0,113.0,74.3,72.1,73.2,11.6,13.8151,16.3,56.8,0,0,0,
2026-05-31,20:00:00,maceta1,126.0,123.0,65.5,67.1,66.3,9.2,13.6576,12.0,66.8,0,0,0,
2026-05-31,20:00:00,maceta2,109.0,113.0,74.1,71.9,73.0,17.8,13.8184,14.2,55.6,0,0,0,
2026-05-31,21:00:00,maceta1,126.0,123.0,65.2,66.9,66.1,10.0,13.6594,11.5,59.6,0,0,0,
2026-05-31,21:00:00,maceta2,109.0,114.0,74.0,71.7,72.9,21.8,13.8224,11.7,66.7,0,0,0,
2026-05-31,22:00:00,maceta1,126.0,123.0,65.1,66.7,65.9,17.4,13.6626,10.7,70.2,0,0,0,
2026-05-31,22:00:00,maceta2,110.0,114.0,73.8,71.5,72.7,4.4,13.8233,10.9,61.4,0,0,0,
2026-05-31,23:00:00,maceta1,127.0,124.0,64.8,66.5,65.7,9.3,13.6644,9.1,68.1,0,0,0,
2026-05-31,23:00:00,maceta2,110.0,114.0,73.6,71.3,72.4,6.6,13.8245,9.6,67.0,0,0,0,
2026-06-01,00:00:00,maceta1,127.0,124.0,64.6,66.4,65.5,11.7,0.0022,10.6,69.6,0,0,0,
2026-06-01,00:00:00,maceta2,111.0,115.0,73.4,71.1,72.2,15.5,0.0029,9.7,76.8,0,0,0,
2026-06-01,01:00:00,maceta1,128.0,124.0,64.4,66.2,65.3,15.2,0.005,8.7,77.2,0,0,0,Discrepancia alta entre sensores de humedad
2026-06-01,01:00:00,maceta2,111.0,115.0,73.2,70.9,72.0,22.6,0.0071,6.7,73.6,0,0,0,
2026-06-01,02:00:00,maceta1,128.0,125.0,64.3,66.0,65.1,5.7,0.006,5.6,71.9,0,0,0,Discrepancia alta entre sensores de humedad
2026-06-01,02:00:00,maceta2,111.0,116.0,73.0,70.7,71.8,28.4,0.0123,8.3,67.9,0,0,0,
2026-06-01,03:00:00,maceta1,128.0,125.0,64.0,65.8,64.9,10.3,0.0079,8.0,82.1,0,0,0,Discrepancia alta entre sensores de humedad
2026-06-01,03:00:00,maceta2,112.0,116.0,72.8,70.5,71.7,9.0,0.014,8.9,78.0,0,0,0,
2026-06-01,04:00:00,maceta1,129.0,125.0,63.8,65.5,64.7,20.6,0.0117,6.0,71.1,0,0,0,
2026-06-01,04:00:00,maceta2,112.0,116.0,72.6,70.4,71.5,24.2,0.0184,6.6,78.3,0,0,0,
2026-06-01,05:00:00,maceta1,129.0,126.0,63.6,65.3,64.5,11.4,0.0138,4.9,73.3,0,0,0,
2026-06-01,05:00:00,maceta2,112.0,117.0,72.4,70.2,71.3,22.4,0.0226,6.8,72.2,0,0,0,
2026-06-01,06:00:00,maceta1,130.0,126.0,63.4,65.1,64.2,5988.5,1.1217,9.7,74.2,1,0,0,
2026-06-01,06:00:00,maceta2,113.0,117.0,72.2,70.0,71.1,6417.4,1.2098,7.5,68.4,1,0,0,
2026-06-01,07:00:00,maceta1,128.0,127.0,64.2,64.9,64.6,5838.5,2.2018,10.2,68.3,1,0,0,Discrepancia alta entre sensores de humedad
2026-06-01,07:00:00,maceta2,113.0,117.0,72.0,69.8,70.9,6458.7,2.4047,8.9,70.6,1,0,0,
2026-06-01,08:00:00,maceta1,130.0,127.0,62.9,64.7,63.8,6192.5,3.3474,10.9,65.1,1,0,0,
2026-06-01,08:00:00,maceta2,114.0,118.0,71.8,69.6,70.7,6261.1,3.563,8.7,70.9,1,0,0,
2026-06-01,09:00:00,maceta1,131.0,127.0,62.7,64.6,63.6,6057.4,4.4681,11.9,74.3,1,0,0,
2026-06-01,09:00:00,maceta2,114.0,118.0,71.6,69.4,70.5,6347.4,4.7372,7.2,61.2,1,0,0,
2026-06-01,10:00:00,maceta1,131.0,128.0,62.5,64.4,63.4,5916.6,5.5626,12.7,54.1,1,0,0,Discrepancia alta entre sensores de humedad
2026-06-01,10:00:00,maceta2,114.0,118.0,71.4,69.2,70.3,5834.2,5.8166,10.6,52.4,1,0,0,
2026-06-01,11:00:00,maceta1,132.0,128.0,62.2,64.2,63.2,6076.9,6.6868,16.0,59.2,1,0,0,Discrepancia alta entre sensores de humedad
2026-06-01,11:00:00,maceta2,115.0,119.0,71.2,69.0,70.1,6397.6,7.0001,15.4,56.7,1,0,0,
2026-06-01,12:00:00,maceta1,132.0,128.0,62.0,64.0,63.0,6328.4,7.8576,16.0,59.0,1,0,0,Discrepancia alta entre sensores de humedad
2026-06-01,12:00:00,maceta2,115.0,119.0,71.0,68.9,69.9,6162.0,8.1401,17.5,58.6,1,0,0,
2026-06-01,13:00:00,maceta1,133.0,129.0,61.8,63.9,62.8,6200.5,9.0047,14.6,48.3,1,0,0,
2026-06-01,13:00:00,maceta2,115.0,120.0,70.8,68.6,69.7,5890.9,9.2299,18.7,47.3,1,0,0,
2026-06-01,14:00:00,maceta1,133.0,129.0,61.6,63.7,62.6,6388.5,10.1866,18.0,56.8,1,0,0,
2026-06-01,14:00:00,maceta2,116.0,120.0,70.6,68.4,69.5,6350.9,10.4048,16.2,56.0,1,0,0,
2026-06-01,15:00:00,maceta1,133.0,129.0,61.4,63.5,62.4,6259.5,11.3446,18.4,52.9,1,0,0,
2026-06-01,15:00:00,maceta2,116.0,120.0,70.4,68.2,69.3,6126.3,11.5382,15.1,46.7,1,0,0,
2026-06-01,16:00:00,maceta1,134.0,130.0,61.1,63.2,62.2,6475.1,12.5425,15.3,57.7,1,0,0,
2026-06-01,16:00:00,maceta2,117.0,121.0,70.2,68.0,69.1,6415.3,12.725,15.6,61.7,1,0,0,
2026-06-01,17:00:00,maceta1,134.0,130.0,60.9,63.0,62.0,6251.1,13.6989,15.3,57.7,1,0,0,
2026-06-01,17:00:00,maceta2,117.0,121.0,70.0,67.9,68.9,6060.3,13.8462,14.5,52.1,1,0,0,
2026-06-01,18:00:00,maceta1,135.0,131.0,60.7,62.8,61.8,9.2,13.7006,17.1,58.2,0,0,0,
2026-06-01,18:00:00,maceta2,117.0,121.0,69.9,67.7,68.8,24.3,13.8507,14.9,51.1,0,0,0,
2026-06-01,19:00:00,maceta1,135.0,131.0,60.5,62.7,61.6,24.9,13.7052,14.8,65.3,0,0,0,
2026-06-01,19:00:00,maceta2,118.0,122.0,69.6,67.5,68.6,9.9,13.8525,13.4,60.4,0,0,0,
2026-06-01,20:00:00,maceta1,135.0,131.0,60.3,62.5,61.4,17.8,13.7085,10.3,53.6,0,0,0,
2026-06-01,20:00:00,maceta2,118.0,122.0,69.5,67.3,68.4,4.2,13.8533,13.4,60.9,0,0,0,
2026-06-01,21:00:00,maceta1,136.0,132.0,60.1,62.2,61.2,14.1,13.7111,8.9,67.3,0,0,0,
2026-06-01,21:00:00,maceta2,118.0,122.0,69.2,67.1,68.2,30.0,13.8588,11.6,63.3,0,0,0,
2026-06-01,22:00:00,maceta1,136.0,132.0,59.9,62.0,61.0,4.8,13.712,8.4,66.2,0,0,0,
2026-06-01,22:00:00,maceta2,119.0,123.0,69.1,66.9,68.0,28.4,13.8641,13.4,61.5,0,0,0,
2026-06-01,23:00:00,maceta1,137.0,132.0,59.7,61.8,60.8,24.7,13.7166,10.6,72.8,0,0,0,
2026-06-01,23:00:00,maceta2,119.0,123.0,68.8,66.8,67.8,29.2,13.8695,9.4,66.8,0,0,0,
2026-06-02,00:00:00,maceta1,137.0,133.0,59.5,61.6,60.6,5.4,0.001,10.0,61.3,0,0,0,
2026-06-02,00:00:00,maceta2,120.0,128.0,68.6,64.2,66.4,6.4,0.0012,6.8,70.2,0,0,0,Discrepancia alta entre sensores de humedad
2026-06-02,01:00:00,maceta1,137.0,133.0,59.4,61.4,60.4,0.5,0.0011,8.1,78.6,0,0,0,
2026-06-02,01:00:00,maceta2,120.0,124.0,68.4,66.3,67.4,21.7,0.0052,7.6,71.7,0,0,0,
2026-06-02,02:00:00,maceta1,138.0,134.0,59.2,61.2,60.2,19.3,0.0047,7.2,83.3,0,0,0,
2026-06-02,02:00:00,maceta2,120.0,124.0,68.2,66.2,67.2,5.3,0.0062,8.7,76.8,0,0,0,
2026-06-02,03:00:00,maceta1,138.0,134.0,59.0,61.0,60.0,23.7,0.0091,7.7,76.7,0,0,0,
2026-06-02,03:00:00,maceta2,121.0,125.0,68.1,65.9,67.0,9.0,0.0079,7.1,74.4,0,0,0,
2026-06-02,04:00:00,maceta1,138.0,135.0,58.8,60.8,59.8,4.0,0.0098,4.3,74.3,0,0,0,
2026-06-02,04:00:00,maceta2,121.0,125.0,67.9,65.7,66.8,12.7,0.0102,5.4,73.3,0,0,0,
2026-06-02,05:00:00,maceta1,139.0,135.0,58.5,60.6,59.6,2.7,0.0103,7.1,72.1,0,0,0,
2026-06-02,05:00:00,maceta2,121.0,128.0,67.7,64.2,66.0,7.9,0.0117,7.5,76.3,0,0,0,Discrepancia alta entre sensores de humedad
2026-06-02,06:00:00,maceta1,139.0,135.0,58.3,60.4,59.4,6389.7,1.1924,6.4,67.4,1,0,0,
2026-06-02,06:00:00,maceta2,122.0,126.0,67.6,65.3,66.4,6080.9,1.1366,11.7,66.7,1,0,0,
2026-06-02,07:00:00,maceta1,140.0,136.0,58.1,60.2,59.1,6100.9,2.3211,11.4,64.4,1,0,0,
2026-06-02,07:00:00,maceta2,122.0,126.0,67.3,65.1,66.2,5903.7,2.2288,10.0,80.2,1,0,0,
2026-06-02,08:00:00,maceta1,140.0,136.0,57.8,60.0,58.9,5833.3,3.4002,10.5,70.2,1,0,0,
2026-06-02,08:00:00,maceta2,122.0,127.0,67.1,64.9,66.0,6248.9,3.3848,10.0,69.1,1,0,0,
2026-06-02,09:00:00,maceta1,141.0,136.0,57.6,59.8,58.7,5845.1,4.4816,10.2,59.7,1,0,0,
2026-06-02,09:00:00,maceta2,123.0,127.0,66.9,64.7,65.8,6313.7,4.5529,11.8,68.1,1,0,0,
2026-06-02,10:00:00,maceta1,141.0,137.0,57.4,59.6,58.5,6177.4,5.6244,13.3,61.8,1,0,0,
2026-06-02,10:00:00,maceta2,123.0,127.0,66.7,64.5,65.6,5939.0,5.6516,11.1,63.5,1,0,0,
2026-06-02,11:00:00,maceta1,141.0,128.0,57.2,64.2,60.7,6177.7,6.7673,14.6,55.1,1,0,0,Discrepancia alta entre sensores de humedad
2026-06-02,11:00:00,maceta2,124.0,128.0,66.5,64.3,65.4,5928.1,6.7483,13.9,60.8,1,0,0,Discrepancia alta entre sensores de humedad
2026-06-02,12:00:00,maceta1,128.0,138.0,64.2,59.2,61.7,6107.1,7.8971,12.3,55.8,1,0,0,Discrepancia alta entre sensores de humedad
2026-06-02,12:00:00,maceta2,124.0,128.0,66.3,64.1,65.2,6359.7,7.9248,13.9,54.1,1,0,0,Discrepancia alta entre sensores de humedad
2026-06-02,13:00:00,maceta1,142.0,138.0,56.8,59.0,57.9,6123.3,9.0299,15.4,60.0,1,0,0,
2026-06-02,13:00:00,maceta2,124.0,129.0,66.1,63.8,65.0,5904.1,9.0171,18.8,48.7,1,0,0,
2026-06-02,14:00:00,maceta1,143.0,138.0,56.6,58.8,57.7,6306.7,10.1966,17.3,58.2,1,0,0,
2026-06-02,14:00:00,maceta2,125.0,129.0,65.9,63.6,64.8,5930.7,10.1143,14.5,58.8,1,0,0,
2026-06-02,15:00:00,maceta1,143.0,139.0,56.4,58.7,57.5,6317.0,11.3653,17.4,50.6,1,0,0,
2026-06-02,15:00:00,maceta2,125.0,129.0,65.8,63.5,64.6,6135.5,11.2494,14.3,50.9,1,0,0,
2026-06-02,16:00:00,maceta1,143.0,139.0,56.1,58.4,57.3,6117.6,12.497,18.1,54.2,1,0,0,
2026-06-02,16:00:00,maceta2,125.0,130.0,65.6,63.3,64.4,6396.0,12.4326,15.8,56.8,1,0,0,
2026-06-02,17:00:00,maceta1,144.0,139.0,56.0,58.2,57.1,6296.0,13.6618,15.8,55.6,1,0,0,
2026-06-02,17:00:00,maceta2,126.0,130.0,65.3,63.0,64.2,5823.0,13.5099,18.0,58.5,1,0,0,
2026-06-02,18:00:00,maceta1,144.0,140.0,55.8,58.0,56.9,6.3,13.663,13.2,66.7,0,0,0,
2026-06-02,18:00:00,maceta2,126.0,131.0,65.2,62.8,64.0,11.6,13.512,13.1,55.4,0,0,0,
2026-06-02,19:00:00,maceta1,144.0,140.0,55.6,57.9,56.7,18.2,13.6663,13.3,51.4,0,0,0,
2026-06-02,19:00:00,maceta2,127.0,131.0,64.9,62.6,63.8,19.7,13.5157,15.7,64.1,0,0,0,
2026-06-02,20:00:00,maceta1,145.0,140.0,55.4,57.6,56.5,17.3,13.6695,10.7,70.8,0,0,0,
2026-06-02,20:00:00,maceta2,127.0,131.0,64.7,62.4,63.6,29.6,13.5212,8.7,64.4,0,0,0,
2026-06-02,21:00:00,maceta1,145.0,141.0,55.2,57.5,56.3,20.7,13.6734,11.0,59.6,0,0,0,
2026-06-02,21:00:00,maceta2,127.0,132.0,64.5,62.2,63.4,27.9,13.5263,12.5,64.4,0,0,0,
2026-06-02,22:00:00,maceta1,145.0,141.0,55.0,57.3,56.2,3.5,13.674,12.1,62.0,0,0,0,
2026-06-02,22:00:00,maceta2,128.0,132.0,64.4,62.0,63.2,1.8,13.5267,9.7,70.8,0,0,0,Discrepancia alta entre sensores de humedad
2026-06-02,23:00:00,maceta1,146.0,141.0,54.8,57.1,56.0,9.3,13.6757,8.5,63.2,0,0,0,
2026-06-02,23:00:00,maceta2,128.0,133.0,64.2,61.8,63.0,4.1,13.5274,10.9,68.5,0,0,0,Discrepancia alta entre sensores de humedad
2026-06-03,00:00:00,maceta1,146.0,142.0,54.6,56.9,55.8,15.8,0.0029,5.2,67.0,0,0,0,
2026-06-03,00:00:00,maceta2,128.0,133.0,64.0,61.6,62.8,15.6,0.0029,7.4,72.7,0,0,0,Discrepancia alta entre sensores de humedad
2026-06-03,01:00:00,maceta1,147.0,142.0,54.4,56.7,55.6,17.3,0.0061,7.5,71.8,0,0,0,
2026-06-03,01:00:00,maceta2,129.0,128.0,63.8,64.2,64.0,22.4,0.007,7.9,74.5,0,0,0,Discrepancia alta entre sensores de humedad
2026-06-03,02:00:00,maceta1,147.0,143.0,54.3,56.5,55.4,29.1,0.0115,6.0,74.8,0,0,0,
2026-06-03,02:00:00,maceta2,129.0,134.0,63.6,61.1,62.3,26.3,0.0119,6.8,69.7,0,0,0,
2026-06-03,03:00:00,maceta1,147.0,143.0,54.1,56.3,55.2,3.6,0.0122,2.8,78.1,0,0,0,
2026-06-03,03:00:00,maceta2,130.0,134.0,63.4,61.0,62.2,10.2,0.0138,5.6,74.8,0,0,0,
2026-06-03,04:00:00,maceta1,148.0,143.0,53.9,56.1,55.0,7.7,0.0136,7.4,69.7,0,0,0,
2026-06-03,04:00:00,maceta2,130.0,135.0,63.2,60.8,62.0,5.3,0.0148,5.3,85.9,0,0,0,
2026-06-03,05:00:00,maceta1,148.0,144.0,53.7,55.9,54.8,16.3,0.0166,7.3,76.0,0,0,0,
2026-06-03,05:00:00,maceta2,130.0,135.0,62.9,60.6,61.8,16.6,0.0178,7.9,72.9,0,0,0,
2026-06-03,06:00:00,maceta1,148.0,144.0,53.4,55.7,54.6,5945.6,1.1165,7.5,79.1,1,0,0,
2026-06-03,06:00:00,maceta2,131.0,128.0,62.7,64.2,63.5,6413.3,1.2043,8.3,81.3,1,0,0,Discrepancia alta entre sensores de humedad
2026-06-03,07:00:00,maceta1,149.0,144.0,53.2,55.5,54.4,6168.1,2.2576,7.6,69.3,1,0,0,
2026-06-03,07:00:00,maceta2,131.0,136.0,62.5,60.3,61.4,6422.5,2.3924,8.7,71.7,1,0,0,
2026-06-03,08:00:00,maceta1,149.0,145.0,53.1,55.3,54.2,6030.9,3.3733,11.2,62.6,1,0,0,
2026-06-03,08:00:00,maceta2,132.0,136.0,62.3,60.1,61.2,5843.4,3.4735,10.5,66.9,1,0,0,
2026-06-03,09:00:00,maceta1,150.0,145.0,52.9,55.2,54.0,6133.2,4.508,10.7,64.0,1,0,0,
2026-06-03,09:00:00,maceta2,132.0,136.0,62.1,59.9,61.0,5988.9,4.5814,11.9,65.9,1,0,0,
2026-06-03,10:00:00,maceta1,150.0,145.0,52.7,55.0,53.9,6300.7,5.6736,13.9,64.1,1,0,0,
2026-06-03,10:00:00,maceta2,133.0,137.0,61.8,59.7,60.8,6470.0,5.7784,9.8,65.2,1,0,0,
2026-06-03,11:00:00,maceta1,150.0,146.0,52.5,54.8,53.7,6283.7,6.8361,15.8,61.2,1,0,0,
2026-06-03,11:00:00,maceta2,133.0,137.0,61.6,59.6,60.6,6420.9,6.9662,13.6,53.9,1,0,0,
2026-06-03,12:00:00,maceta1,150.0,146.0,52.4,54.7,53.5,6117.1,7.9678,15.7,53.2,1,0,0,
2026-06-03,12:00:00,maceta2,133.0,137.0,61.4,59.4,60.4,6340.1,8.1392,16.9,55.2,1,0,0,
2026-06-03,13:00:00,maceta1,151.0,146.0,52.2,54.5,53.3,6390.1,9.1499,13.8,54.9,1,0,0,
2026-06-03,13:00:00,maceta2,134.0,138.0,61.3,59.2,60.2,6297.6,9.3042,14.8,61.6,1,0,0,
2026-06-03,14:00:00,maceta1,151.0,147.0,52.0,54.3,53.2,6155.4,10.2887,16.0,49.5,1,0,0,
2026-06-03,14:00:00,maceta2,134.0,138.0,61.1,58.9,60.0,6238.1,10.4583,15.2,53.6,1,0,0,
2026-06-03,15:00:00,maceta1,152.0,147.0,51.8,54.2,53.0,6290.4,11.4524,19.2,59.8,1,0,0,
2026-06-03,15:00:00,maceta2,134.0,138.0,60.9,58.7,59.8,5977.2,11.564,15.3,53.5,1,0,0,
2026-06-03,16:00:00,maceta1,152.0,147.0,51.6,54.0,52.8,6366.7,12.6302,15.6,57.6,1,0,0,
2026-06-03,16:00:00,maceta2,135.0,139.0,60.6,58.5,59.6,6465.2,12.7601,16.7,54.6,1,0,0,
2026-06-03,17:00:00,maceta1,152.0,148.0,51.4,53.8,52.6,6125.7,13.7635,14.1,57.6,1,0,0,
2026-06-03,17:00:00,maceta2,135.0,139.0,60.4,58.4,59.4,6290.7,13.9239,15.3,55.2,1,0,0,
2026-06-03,18:00:00,maceta1,153.0,148.0,51.2,53.6,52.4,10.4,13.7654,15.6,61.3,0,0,0,
2026-06-03,18:00:00,maceta2,135.0,140.0,60.3,58.1,59.2,1.2,13.9241,14.6,50.2,0,0,0,
2026-06-03,19:00:00,maceta1,153.0,149.0,51.0,53.4,52.2,1.1,13.7656,13.9,58.2,0,0,0,
2026-06-03,19:00:00,maceta2,136.0,140.0,60.0,58.0,59.0,22.8,13.9283,13.3,61.5,0,0,0,
2026-06-03,20:00:00,maceta1,153.0,149.0,50.9,53.2,52.0,16.6,13.7687,10.6,65.1,0,0,0,
2026-06-03,20:00:00,maceta2,136.0,140.0,59.9,57.8,58.8,23.5,13.9327,13.3,69.9,0,0,0,
2026-06-03,21:00:00,maceta1,154.0,149.0,50.6,53.0,51.8,20.9,13.7726,14.2,63.0,0,0,0,
2026-06-03,21:00:00,maceta2,137.0,141.0,59.7,57.6,58.6,27.2,13.9377,11.6,72.4,0,0,0,
2026-06-03,22:00:00,maceta1,154.0,150.0,50.4,52.8,51.6,26.6,13.7775,10.6,64.3,0,0,0,
2026-06-03,22:00:00,maceta2,137.0,141.0,59.5,57.4,58.5,23.6,13.9421,11.3,74.2,0,0,0,
2026-06-03,23:00:00,maceta1,155.0,150.0,50.2,52.6,51.4,14.3,13.7801,7.2,74.1,0,0,0,
2026-06-03,23:00:00,maceta2,137.0,141.0,59.3,57.2,58.2,9.2,13.9438,11.6,65.4,0,0,0,
2026-06-04,00:00:00,maceta1,155.0,151.0,50.0,52.4,51.2,15.2,0.0028,8.2,73.6,0,0,0,
2026-06-04,00:00:00,maceta2,138.0,142.0,59.1,56.9,58.0,15.1,0.0028,10.4,71.8,0,0,0,
2026-06-04,01:00:00,maceta1,155.0,151.0,49.8,52.2,51.0,18.3,0.0062,6.0,76.8,0,0,1,
2026-06-04,01:00:00,maceta2,138.0,142.0,58.9,56.7,57.8,5.6,0.0038,9.9,72.5,0,0,0,
2026-06-04,02:00:00,maceta1,86.0,83.0,86.2,88.2,87.2,19.7,0.0098,7.8,73.1,0,0,0,
2026-06-04,02:00:00,maceta2,138.0,143.0,58.7,56.5,57.6,13.7,0.0064,7.5,81.5,0,0,0,
2026-06-04,03:00:00,maceta1,87.0,83.0,86.1,88.0,87.0,18.6,0.0133,6.8,74.5,0,0,0,
2026-06-04,03:00:00,maceta2,139.0,143.0,58.5,56.3,57.4,7.2,0.0077,6.1,79.1,0,0,0,
2026-06-04,04:00:00,maceta1,87.0,83.0,85.9,87.8,86.8,13.0,0.0157,8.4,73.5,0,0,0,
2026-06-04,04:00:00,maceta2,139.0,143.0,58.4,56.1,57.2,6.3,0.0088,6.9,83.0,0,0,0,
2026-06-04,05:00:00,maceta1,87.0,84.0,85.7,87.6,86.6,26.3,0.0206,4.2,70.3,0,0,0,
2026-06-04,05:00:00,maceta2,139.0,144.0,58.2,55.8,57.0,14.6,0.0116,5.5,70.6,0,0,0,
2026-06-04,06:00:00,maceta1,88.0,84.0,85.4,87.4,86.4,6408.4,1.2061,7.7,79.7,1,0,0,
2026-06-04,06:00:00,maceta2,140.0,144.0,58.0,55.7,56.8,6498.5,1.2138,8.4,69.8,1,0,0,
2026-06-04,07:00:00,maceta1,88.0,84.0,85.2,87.2,86.2,6209.6,2.3549,8.9,78.0,1,0,0,
2026-06-04,07:00:00,maceta2,140.0,145.0,57.9,55.5,56.7,6325.8,2.3841,10.8,74.5,1,0,0,
2026-06-04,08:00:00,maceta1,88.0,85.0,85.1,86.9,86.0,5941.9,3.4541,7.3,66.8,1,0,0,
2026-06-04,08:00:00,maceta2,140.0,145.0,57.6,55.3,56.5,6267.3,3.5435,10.4,58.5,1,0,0,
2026-06-04,09:00:00,maceta1,89.0,85.0,84.9,86.8,85.8,6254.8,4.6113,8.7,64.9,1,0,0,
2026-06-04,09:00:00,maceta2,141.0,145.0,57.4,55.1,56.3,6430.8,4.7332,12.6,65.5,1,0,0,
2026-06-04,10:00:00,maceta1,89.0,86.0,84.7,86.5,85.6,6381.6,5.7919,12.6,68.2,1,0,0,
2026-06-04,10:00:00,maceta2,141.0,146.0,57.2,55.0,56.1,6456.9,5.9277,13.4,70.4,1,0,0,
2026-06-04,11:00:00,maceta1,90.0,86.0,84.5,86.3,85.4,6408.2,6.9774,12.7,56.6,1,0,0,
2026-06-04,11:00:00,maceta2,142.0,146.0,56.9,54.8,55.9,6408.1,7.1132,15.9,64.0,1,0,0,
2026-06-04,12:00:00,maceta1,90.0,86.0,84.2,86.1,85.2,5844.6,8.0586,16.6,61.8,1,0,0,
2026-06-04,12:00:00,maceta2,142.0,146.0,56.7,54.6,55.6,6392.2,8.2958,15.9,63.3,1,0,0,
2026-06-04,13:00:00,maceta1,90.0,87.0,84.0,85.9,85.0,6225.2,9.2103,15.6,58.8,1,0,0,
2026-06-04,13:00:00,maceta2,143.0,147.0,56.5,54.4,55.5,6066.3,9.4181,16.7,46.6,1,0,0,
2026-06-04,14:00:00,maceta1,128.0,87.0,64.2,85.7,75.0,5839.6,10.2906,15.2,54.6,1,0,0,Discrepancia alta entre sensores de humedad
2026-06-04,14:00:00,maceta2,143.0,147.0,56.3,54.3,55.3,6274.4,10.5788,17.6,49.6,1,0,0,
2026-06-04,15:00:00,maceta1,91.0,87.0,83.7,85.6,84.6,6029.7,11.4061,18.9,54.0,1,0,0,
2026-06-04,15:00:00,maceta2,143.0,147.0,56.1,54.1,55.1,6127.4,11.7124,18.1,59.9,1,0,0,
2026-06-04,16:00:00,maceta1,91.0,88.0,83.5,85.4,84.4,6277.2,12.5674,15.2,56.9,1,0,0,
2026-06-04,16:00:00,maceta2,144.0,148.0,55.9,53.8,54.8,6438.2,12.9035,16.8,61.1,1,0,0,
2026-06-04,17:00:00,maceta1,92.0,88.0,83.3,85.2,84.2,6377.8,13.7473,13.9,58.0,1,0,0,
2026-06-04,17:00:00,maceta2,144.0,148.0,55.7,53.6,54.7,6115.4,14.0348,16.7,49.8,1,0,0,
2026-06-04,18:00:00,maceta1,92.0,88.0,83.1,85.0,84.0,6.2,13.7484,15.7,45.3,0,0,0,
2026-06-04,18:00:00,maceta2,145.0,149.0,55.5,53.4,54.5,12.3,14.0371,12.2,58.7,0,0,0,
2026-06-04,19:00:00,maceta1,93.0,89.0,82.8,84.9,83.8,5.9,13.7495,12.2,58.9,0,0,0,
2026-06-04,19:00:00,maceta2,145.0,149.0,55.3,53.2,54.2,28.9,14.0424,13.5,55.1,0,0,0,
2026-06-04,20:00:00,maceta1,93.0,89.0,82.6,84.7,83.6,4.6,13.7504,12.3,53.9,0,0,0,
2026-06-04,20:00:00,maceta2,145.0,149.0,55.0,52.9,54.0,27.4,14.0475,11.0,58.7,0,0,0,
2026-06-04,21:00:00,maceta1,93.0,89.0,82.4,84.5,83.5,12.9,13.7528,12.1,64.0,0,0,0,
2026-06-04,21:00:00,maceta2,146.0,150.0,54.8,52.7,53.8,11.3,14.0496,11.9,68.3,0,0,0,
2026-06-04,22:00:00,maceta1,94.0,90.0,82.2,84.3,83.2,6.9,13.7541,9.9,68.5,0,0,0,
2026-06-04,22:00:00,maceta2,146.0,150.0,54.5,52.5,53.5,19.1,14.0531,9.0,75.6,0,0,0,
2026-06-04,23:00:00,maceta1,94.0,90.0,82.0,84.1,83.0,20.6,13.7579,10.5,64.8,0,0,0,
2026-06-04,23:00:00,maceta2,147.0,151.0,54.4,52.4,53.4,14.0,14.0557,11.5,74.4,0,0,0,
2026-06-05,00:00:00,maceta1,95.0,91.0,81.8,83.8,82.8,1.7,0.0003,7.1,72.3,0,0,0,
2026-06-05,00:00:00,maceta2,147.0,151.0,54.2,52.1,53.2,27.6,0.0051,6.9,75.5,0,0,0,
2026-06-05,01:00:00,maceta1,95.0,91.0,81.6,83.6,82.6,29.4,0.0057,7.8,71.5,0,0,0,
2026-06-05,01:00:00,maceta2,147.0,151.0,54.0,52.0,53.0,12.9,0.0075,6.5,79.0,0,0,0,
2026-06-05,02:00:00,maceta1,95.0,92.0,81.4,83.4,82.4,18.4,0.0092,6.4,76.1,0,0,0,
2026-06-05,02:00:00,maceta2,148.0,152.0,53.8,51.8,52.8,13.5,0.01,7.7,71.3,0,0,0,
2026-06-05,03:00:00,maceta1,96.0,92.0,81.2,83.1,82.1,9.7,0.0109,3.5,74.9,0,0,0,
2026-06-05,03:00:00,maceta2,148.0,152.0,53.5,51.6,52.5,2.3,0.0104,8.4,73.8,0,0,0,
2026-06-05,04:00:00,maceta1,96.0,92.0,81.0,82.9,82.0,13.7,0.0135,6.7,77.1,0,0,0,
2026-06-05,04:00:00,maceta2,149.0,152.0,53.3,51.4,52.3,24.6,0.015,5.9,68.8,0,0,0,
2026-06-05,05:00:00,maceta1,97.0,93.0,80.8,82.7,81.7,0.5,0.0136,6.9,73.5,0,0,0,
2026-06-05,05:00:00,maceta2,149.0,153.0,53.0,51.2,52.1,17.5,0.0182,7.0,75.6,0,0,0,
2026-06-05,06:00:00,maceta1,97.0,93.0,80.6,82.5,81.6,6154.3,1.1521,5.3,72.2,1,0,0,
2026-06-05,06:00:00,maceta2,150.0,153.0,52.9,51.0,51.9,5859.6,1.1022,10.1,78.8,1,0,0,
2026-06-05,07:00:00,maceta1,97.0,94.0,80.4,82.3,81.3,5832.6,2.2311,9.0,73.9,1,0,0,
2026-06-05,07:00:00,maceta2,128.0,154.0,64.2,50.8,57.5,6163.9,2.2425,9.6,70.0,1,0,0,Discrepancia alta entre sensores de humedad
2026-06-05,08:00:00,maceta1,128.0,94.0,64.2,82.1,73.1,5973.5,3.3362,11.5,68.7,1,0,0,Discrepancia alta entre sensores de humedad
2026-06-05,08:00:00,maceta2,150.0,154.0,52.4,50.5,51.5,5866.8,3.3279,8.6,69.1,1,0,0,
2026-06-05,09:00:00,maceta1,98.0,94.0,79.9,81.9,80.9,6096.7,4.4641,12.1,67.0,1,0,0,
2026-06-05,09:00:00,maceta2,151.0,154.0,52.3,50.3,51.3,6440.6,4.5194,11.0,55.9,1,0,0,
2026-06-05,10:00:00,maceta1,99.0,128.0,79.7,64.2,72.0,6306.9,5.6309,14.0,60.9,1,0,0,Discrepancia alta entre sensores de humedad
2026-06-05,10:00:00,maceta2,151.0,128.0,52.1,64.2,58.1,6370.9,5.698,9.5,55.0,1,0,0,Discrepancia alta entre sensores de humedad
2026-06-05,11:00:00,maceta1,99.0,95.0,79.5,81.6,80.5,6410.3,6.8168,13.7,66.4,1,0,0,
2026-06-05,11:00:00,maceta2,152.0,155.0,51.8,49.9,50.9,6480.8,6.897,13.0,59.7,1,0,1,
2026-06-05,12:00:00,maceta1,99.0,95.0,79.3,81.4,80.4,6334.3,7.9887,15.6,57.0,1,0,0,
2026-06-05,12:00:00,maceta2,89.0,87.0,84.7,85.7,85.2,6225.9,8.0488,15.6,62.4,1,0,0,
2026-06-05,13:00:00,maceta1,100.0,96.0,79.1,81.1,80.1,6055.8,9.109,14.7,58.5,1,0,0,
2026-06-05,13:00:00,maceta2,90.0,88.0,84.5,85.5,85.0,5927.2,9.1453,14.7,50.7,1,0,0,
2026-06-05,14:00:00,maceta1,100.0,96.0,78.9,80.9,79.9,6280.7,10.2709,16.1,55.0,1,0,0,
2026-06-05,14:00:00,maceta2,90.0,88.0,84.2,85.4,84.8,6496.5,10.3471,14.9,53.7,1,0,0,
2026-06-05,15:00:00,maceta1,100.0,97.0,78.8,80.7,79.7,6127.2,11.4044,17.7,46.3,1,0,0,
2026-06-05,15:00:00,maceta2,90.0,88.0,84.0,85.2,84.6,6306.6,11.5139,15.8,51.5,1,0,0,
2026-06-05,16:00:00,maceta1,101.0,97.0,78.6,80.5,79.5,6146.6,12.5415,11.9,54.4,1,0,0,
2026-06-05,16:00:00,maceta2,91.0,89.0,83.9,85.0,84.4,6102.4,12.6428,15.7,54.8,1,0,0,
2026-06-05,17:00:00,maceta1,101.0,97.0,78.4,80.3,79.4,6087.2,13.6677,14.2,48.9,1,0,0,
2026-06-05,17:00:00,maceta2,91.0,89.0,83.7,84.8,84.2,6153.2,13.7811,13.3,62.1,1,0,0,
2026-06-05,18:00:00,maceta1,101.0,98.0,78.3,80.1,79.2,14.6,13.6704,13.1,57.4,0,0,0,
2026-06-05,18:00:00,maceta2,91.0,89.0,83.5,84.6,84.0,28.7,13.7865,15.1,58.1,0,0,0,
2026-06-05,19:00:00,maceta1,102.0,98.0,78.1,80.0,79.0,12.8,13.6727,15.9,62.0,0,0,0,
2026-06-05,19:00:00,maceta2,92.0,90.0,83.3,84.4,83.9,10.7,13.7884,14.4,56.1,0,0,0,
2026-06-05,20:00:00,maceta1,102.0,128.0,77.9,64.2,71.1,29.9,13.6783,11.8,64.7,0,0,0,Discrepancia alta entre sensores de humedad
2026-06-05,20:00:00,maceta2,92.0,90.0,83.0,84.3,83.7,16.0,13.7914,13.4,60.6,0,0,0,
2026-06-05,21:00:00,maceta1,102.0,99.0,77.7,79.5,78.6,11.3,13.6804,10.7,60.5,0,0,0,
2026-06-05,21:00:00,maceta2,92.0,90.0,82.9,84.1,83.5,11.6,13.7935,10.4,67.9,0,0,0,
2026-06-05,22:00:00,maceta1,103.0,99.0,77.5,79.3,78.4,5.8,13.6814,8.4,75.0,0,0,0,
2026-06-05,22:00:00,maceta2,93.0,91.0,82.6,83.8,83.2,15.4,13.7964,7.5,71.2,0,0,0,
2026-06-05,23:00:00,maceta1,103.0,100.0,77.4,79.1,78.2,13.2,13.6839,8.3,74.6,0,0,0,
2026-06-05,23:00:00,maceta2,93.0,91.0,82.5,83.7,83.1,8.1,13.7979,9.1,67.4,0,0,0,
2026-06-06,00:00:00,maceta1,103.0,100.0,77.2,78.9,78.0,4.8,0.0009,7.6,64.1,0,0,0,
2026-06-06,00:00:00,maceta2,94.0,91.0,82.3,83.4,82.9,9.3,0.0017,7.2,79.5,0,0,0,
2026-06-06,01:00:00,maceta1,104.0,101.0,77.0,78.7,77.8,15.3,0.0037,5.6,83.9,0,0,0,
2026-06-06,01:00:00,maceta2,94.0,92.0,82.1,83.2,82.7,1.7,0.0021,7.9,81.4,0,0,0,
2026-06-06,02:00:00,maceta1,104.0,101.0,76.8,78.4,77.6,4.6,0.0046,4.5,73.0,0,0,0,
2026-06-06,02:00:00,maceta2,94.0,92.0,81.9,83.1,82.5,28.4,0.0073,7.6,68.9,0,0,0,
2026-06-06,03:00:00,maceta1,104.0,101.0,76.7,78.3,77.5,16.3,0.0076,4.8,69.7,0,0,0,
2026-06-06,03:00:00,maceta2,95.0,92.0,81.7,82.9,82.3,1.9,0.0077,5.2,66.6,0,0,0,
2026-06-06,04:00:00,maceta1,105.0,102.0,76.4,78.0,77.2,20.8,0.0114,4.3,74.1,0,0,0,
2026-06-06,04:00:00,maceta2,95.0,93.0,81.5,82.8,82.1,1.9,0.008,5.7,82.7,0,0,0,
2026-06-06,05:00:00,maceta1,105.0,102.0,76.3,77.8,77.0,22.2,0.0155,8.4,73.0,0,0,0,
2026-06-06,05:00:00,maceta2,95.0,93.0,81.3,82.6,82.0,22.5,0.0122,7.8,75.2,0,0,0,
2026-06-06,06:00:00,maceta1,105.0,102.0,76.1,77.7,76.9,6021.0,1.1294,9.2,78.9,1,0,0,
2026-06-06,06:00:00,maceta2,96.0,94.0,81.1,82.4,81.7,6345.9,1.1862,8.6,70.1,1,0,0,
2026-06-06,07:00:00,maceta1,106.0,103.0,75.9,77.5,76.7,6269.6,2.2893,7.2,80.2,1,0,0,
2026-06-06,07:00:00,maceta2,96.0,94.0,81.0,82.1,81.6,6312.2,2.3539,8.3,80.0,1,0,0,
2026-06-06,08:00:00,maceta1,106.0,103.0,75.7,77.3,76.5,6368.3,3.4674,8.8,66.9,1,0,0,
2026-06-06,08:00:00,maceta2,97.0,94.0,80.8,82.0,81.4,6348.3,3.5283,12.0,64.7,1,0,0,
2026-06-06,09:00:00,maceta1,107.0,104.0,75.5,77.1,76.3,6277.5,4.6288,9.5,68.5,1,0,0,
2026-06-06,09:00:00,maceta2,97.0,95.0,80.6,81.8,81.2,6107.8,4.6583,12.7,63.3,1,0,0,
2026-06-06,10:00:00,maceta1,107.0,104.0,75.3,76.9,76.1,6488.5,5.8291,13.9,56.6,1,0,0,
2026-06-06,10:00:00,maceta2,97.0,95.0,80.4,81.6,81.0,6198.4,5.805,15.4,68.8,1,0,0,
2026-06-06,11:00:00,maceta1,107.0,104.0,75.1,76.7,75.9,5941.9,6.9284,13.2,66.1,1,0,0,
2026-06-06,11:00:00,maceta2,98.0,95.0,80.2,81.4,80.8,6005.0,6.9159,14.9,60.8,1,0,0,
2026-06-06,12:00:00,maceta1,108.0,105.0,74.9,76.5,75.7,6285.5,8.0912,18.3,51.6,1,0,0,
2026-06-06,12:00:00,maceta2,98.0,96.0,80.0,81.2,80.6,6447.3,8.1087,13.9,51.8,1,0,0,
2026-06-06,13:00:00,maceta1,108.0,105.0,74.7,76.3,75.5,5925.1,9.1874,13.3,56.9,1,0,0,
2026-06-06,13:00:00,maceta2,98.0,96.0,79.8,81.0,80.4,5857.6,9.1923,12.8,53.8,1,0,0,
2026-06-06,14:00:00,maceta1,109.0,105.0,74.4,76.2,75.3,6417.1,10.3745,17.2,53.6,1,0,0,
2026-06-06,14:00:00,maceta2,99.0,96.0,79.5,80.9,80.2,6440.7,10.3838,13.3,60.5,1,0,0,
2026-06-06,15:00:00,maceta1,109.0,106.0,74.2,75.9,75.1,5993.5,11.4833,15.8,58.7,1,0,0,
2026-06-06,15:00:00,maceta2,99.0,97.0,79.3,80.7,80.0,6064.1,11.5057,17.0,61.9,1,0,0,
2026-06-06,16:00:00,maceta1,109.0,106.0,74.0,75.7,74.9,6262.1,12.6418,16.4,50.4,1,0,0,
2026-06-06,16:00:00,maceta2,100.0,97.0,79.1,80.5,79.8,6031.0,12.6214,16.8,53.6,1,0,0,
2026-06-06,17:00:00,maceta1,110.0,106.0,73.8,75.6,74.7,6414.0,13.8284,16.0,60.1,1,0,0,
2026-06-06,17:00:00,maceta2,100.0,97.0,78.9,80.4,79.6,5875.3,13.7084,17.6,58.6,1,0,0,
2026-06-06,18:00:00,maceta1,110.0,107.0,73.6,75.3,74.5,3.1,13.829,13.4,65.6,0,0,0,
2026-06-06,18:00:00,maceta2,100.0,98.0,78.7,80.2,79.5,22.5,13.7125,13.8,60.0,0,0,0,
2026-06-06,19:00:00,maceta1,111.0,107.0,73.3,75.1,74.2,9.4,13.8307,12.7,69.2,0,0,0,
2026-06-06,19:00:00,maceta2,101.0,98.0,78.6,80.0,79.3,21.5,13.7165,15.1,62.7,0,0,0,
2026-06-06,20:00:00,maceta1,111.0,108.0,73.2,74.9,74.0,6.0,13.8318,14.0,67.7,0,0,0,
2026-06-06,20:00:00,maceta2,101.0,99.0,78.3,79.7,79.0,13.8,13.7191,13.3,60.8,0,0,0,
2026-06-06,21:00:00,maceta1,111.0,108.0,73.0,74.7,73.9,8.0,13.8333,13.1,65.1,0,0,0,
2026-06-06,21:00:00,maceta2,102.0,99.0,78.1,79.6,78.8,13.5,13.7216,9.5,69.6,0,0,0,
2026-06-06,22:00:00,maceta1,112.0,108.0,72.8,74.5,73.7,23.1,13.8375,12.5,75.7,0,0,0,
2026-06-06,22:00:00,maceta2,102.0,99.0,77.9,79.4,78.7,22.9,13.7258,12.3,71.2,0,0,0,
2026-06-06,23:00:00,maceta1,112.0,109.0,72.5,74.3,73.4,15.5,13.8404,9.9,69.6,0,0,0,
2026-06-06,23:00:00,maceta2,102.0,100.0,77.7,79.2,78.4,27.9,13.731,11.5,76.9,0,0,0,
2026-06-07,00:00:00,maceta1,113.0,109.0,72.4,74.1,73.2,7.9,0.0015,5.2,61.1,0,0,0,
2026-06-07,00:00:00,maceta2,103.0,100.0,77.5,79.0,78.2,7.2,0.0013,6.9,65.0,0,0,0,
2026-06-07,01:00:00,maceta1,113.0,110.0,72.1,73.9,73.0,18.4,0.0049,5.8,77.1,0,0,0,
2026-06-07,01:00:00,maceta2,103.0,100.0,77.3,78.8,78.1,18.6,0.0048,8.0,73.7,0,0,0,
2026-06-07,02:00:00,maceta1,113.0,110.0,72.0,73.7,72.8,1.4,0.0051,4.8,77.7,0,0,0,
2026-06-07,02:00:00,maceta2,104.0,101.0,77.1,78.7,77.9,18.2,0.0082,7.5,75.0,0,0,0,
2026-06-07,03:00:00,maceta1,114.0,110.0,71.8,73.5,72.7,11.2,0.0072,8.3,77.9,0,0,0,
2026-06-07,03:00:00,maceta2,104.0,101.0,76.9,78.4,77.6,22.4,0.0123,7.3,70.9,0,0,0,
2026-06-07,04:00:00,maceta1,114.0,111.0,71.6,73.4,72.5,24.2,0.0117,6.8,77.5,0,0,0,
2026-06-07,04:00:00,maceta2,104.0,101.0,76.6,78.2,77.4,16.6,0.0154,4.9,79.6,0,0,0,
2026-06-07,05:00:00,maceta1,115.0,111.0,71.3,73.2,72.2,0.1,0.0117,5.6,79.8,0,0,0,
2026-06-07,05:00:00,maceta2,105.0,102.0,76.5,77.9,77.2,19.1,0.0189,8.8,83.7,0,0,0,
2026-06-07,06:00:00,maceta1,115.0,111.0,71.1,73.0,72.0,6200.3,1.1588,8.9,73.3,1,0,0,
2026-06-07,06:00:00,maceta2,105.0,102.0,76.3,77.7,77.0,6305.0,1.1853,7.6,73.4,1,0,0,
2026-06-07,07:00:00,maceta1,115.0,112.0,70.8,72.8,71.8,6185.2,2.303,8.1,62.4,1,0,0,
2026-06-07,07:00:00,maceta2,105.0,103.0,76.1,77.5,76.8,6350.3,2.3601,5.7,67.3,1,0,0,
2026-06-07,08:00:00,maceta1,128.0,112.0,64.2,72.7,68.4,5997.9,3.4126,8.3,66.6,1,0,0,Discrepancia alta entre sensores de humedad
2026-06-07,08:00:00,maceta2,106.0,103.0,76.0,77.3,76.7,5928.7,3.457,12.8,72.8,1,0,0,
2026-06-07,09:00:00,maceta1,116.0,112.0,70.5,72.5,71.5,5837.7,4.4926,9.3,61.9,1,0,0,
2026-06-07,09:00:00,maceta2,106.0,103.0,75.7,77.1,76.4,6201.3,4.6042,11.5,69.0,1,0,0,
2026-06-07,10:00:00,maceta1,116.0,113.0,70.3,72.3,71.3,6282.0,5.6548,14.0,62.4,1,0,0,
2026-06-07,10:00:00,maceta2,107.0,104.0,75.5,76.9,76.2,6028.3,5.7194,10.6,61.5,1,0,0,
2026-06-07,11:00:00,maceta1,117.0,113.0,70.1,72.1,71.1,6229.5,6.8072,14.0,61.2,1,0,0,
2026-06-07,11:00:00,maceta2,107.0,104.0,75.3,76.7,76.0,5836.5,6.7992,15.1,58.0,1,0,0,
2026-06-07,12:00:00,maceta1,117.0,113.0,69.9,71.9,70.9,5869.5,7.8931,14.8,55.8,1,0,0,
2026-06-07,12:00:00,maceta2,107.0,105.0,75.1,76.5,75.8,6291.2,7.9631,19.1,49.4,1,0,0,
2026-06-07,13:00:00,maceta1,118.0,114.0,69.7,71.6,70.7,6057.6,9.0138,13.1,55.1,1,0,0,
2026-06-07,13:00:00,maceta2,108.0,105.0,74.9,76.3,75.6,6269.9,9.123,17.2,53.9,1,0,0,
2026-06-07,14:00:00,maceta1,118.0,114.0,69.5,71.4,70.5,6382.2,10.1945,15.8,52.8,1,0,0,
2026-06-07,14:00:00,maceta2,108.0,105.0,74.7,76.1,75.4,6396.8,10.3064,17.2,57.4,1,0,0,
2026-06-07,15:00:00,maceta1,118.0,115.0,69.3,71.1,70.2,5920.5,11.2898,16.9,58.3,1,0,0,
2026-06-07,15:00:00,maceta2,109.0,106.0,74.4,75.8,75.1,6140.4,11.4424,15.1,56.2,1,0,0,
2026-06-07,16:00:00,maceta1,119.0,115.0,69.2,70.9,70.0,6313.7,12.4578,16.4,60.3,1,0,0,
2026-06-07,16:00:00,maceta2,109.0,106.0,74.2,75.6,74.9,6341.8,12.6156,13.3,58.2,1,0,0,
2026-06-07,17:00:00,maceta1,119.0,116.0,68.9,70.8,69.8,6349.3,13.6324,16.5,54.9,1,0,0,
2026-06-07,17:00:00,maceta2,109.0,107.0,74.0,75.5,74.7,5959.7,13.7182,16.0,54.0,1,0,0,
2026-06-07,18:00:00,maceta1,119.0,116.0,68.7,70.5,69.6,3.4,13.6331,15.7,59.5,0,0,0,
2026-06-07,18:00:00,maceta2,110.0,107.0,73.8,75.2,74.5,8.2,13.7197,16.4,60.8,0,0,0,
2026-06-07,19:00:00,maceta1,120.0,116.0,68.5,70.4,69.4,17.1,13.6362,14.3,67.0,0,0,0,
2026-06-07,19:00:00,maceta2,110.0,107.0,73.7,75.0,74.3,17.8,13.723,14.0,66.0,0,0,0,
2026-06-07,20:00:00,maceta1,120.0,117.0,68.3,70.2,69.3,23.3,13.6405,11.2,59.7,0,0,0,
2026-06-07,20:00:00,maceta2,111.0,108.0,73.4,74.8,74.1,18.5,13.7264,11.5,61.9,0,0,0,
2026-06-07,21:00:00,maceta1,121.0,117.0,68.1,70.1,69.1,17.8,13.6438,13.0,68.4,0,0,0,
2026-06-07,21:00:00,maceta2,111.0,108.0,73.3,74.6,73.9,27.4,13.7315,13.4,70.3,0,0,0,
2026-06-07,22:00:00,maceta1,121.0,117.0,67.9,69.9,68.9,13.6,13.6463,9.6,72.3,0,0,0,
2026-06-07,22:00:00,maceta2,111.0,109.0,73.0,74.4,73.7,6.8,13.7327,10.0,67.3,0,0,0,
2026-06-07,23:00:00,maceta1,121.0,118.0,67.7,69.6,68.7,4.9,13.6472,7.4,63.7,0,0,0,
2026-06-07,23:00:00,maceta2,112.0,109.0,72.8,74.2,73.5,12.0,13.7349,10.5,65.0,0,0,0,
2026-06-08,00:00:00,maceta1,128.0,118.0,64.2,69.5,66.8,21.4,0.004,8.6,73.4,0,0,0,Discrepancia alta entre sensores de humedad
2026-06-08,00:00:00,maceta2,112.0,109.0,72.6,74.0,73.3,1.3,0.0002,10.5,73.8,0,0,0,
2026-06-08,01:00:00,maceta1,122.0,118.0,67.3,69.2,68.3,3.9,0.0047,5.5,68.2,0,0,0,
2026-06-08,01:00:00,maceta2,112.0,110.0,72.4,73.8,73.1,3.2,0.0008,6.3,73.9,0,0,0,
2026-06-08,02:00:00,maceta1,122.0,119.0,67.1,69.1,68.1,17.6,0.0079,6.7,77.8,0,0,0,
2026-06-08,02:00:00,maceta2,113.0,110.0,72.2,73.5,72.9,7.3,0.0022,7.3,68.9,0,0,0,
2026-06-08,03:00:00,maceta1,123.0,119.0,66.9,68.9,67.9,5.0,0.0088,5.8,80.5,0,0,0,
2026-06-08,03:00:00,maceta2,113.0,111.0,72.0,73.4,72.7,17.8,0.0055,4.9,73.1,0,0,0,
2026-06-08,04:00:00,maceta1,123.0,119.0,66.7,68.7,67.7,22.8,0.0131,7.7,80.9,0,0,0,
2026-06-08,04:00:00,maceta2,114.0,111.0,71.7,73.1,72.4,10.0,0.0073,7.4,72.0,0,0,0,
2026-06-08,05:00:00,maceta1,124.0,120.0,66.5,68.5,67.5,17.3,0.0163,5.5,68.5,0,0,0,
2026-06-08,05:00:00,maceta2,114.0,111.0,71.5,73.0,72.2,2.9,0.0079,8.9,71.4,0,0,0,
2026-06-08,06:00:00,maceta1,124.0,120.0,66.3,68.3,67.3,6381.7,1.1969,9.4,71.6,1,0,0,
2026-06-08,06:00:00,maceta2,114.0,112.0,71.3,72.8,72.1,5869.2,1.0937,7.8,70.1,1,0,0,
2026-06-08,07:00:00,maceta1,124.0,121.0,66.1,68.1,67.1,5901.3,2.2886,8.8,68.9,1,0,0,
2026-06-08,07:00:00,maceta2,115.0,112.0,71.1,72.6,71.9,6014.5,2.2063,9.5,71.7,1,0,0,
2026-06-08,08:00:00,maceta1,125.0,121.0,65.9,67.9,66.9,6336.1,3.4608,8.6,66.7,1,0,0,
2026-06-08,08:00:00,maceta2,115.0,112.0,70.9,72.4,71.7,6014.0,3.3189,9.9,67.3,1,0,0,
2026-06-08,09:00:00,maceta1,125.0,121.0,65.6,67.7,66.7,6085.9,4.5867,7.9,56.5,1,0,0,
2026-06-08,09:00:00,maceta2,116.0,113.0,70.7,72.2,71.4,6011.1,4.431,12.5,67.0,1,0,0,
2026-06-08,10:00:00,maceta1,126.0,122.0,65.4,67.5,66.4,5856.2,5.6701,10.1,62.0,1,0,0,
2026-06-08,10:00:00,maceta2,116.0,113.0,70.5,72.0,71.3,6457.6,5.6257,14.7,70.5,1,0,0,
2026-06-08,11:00:00,maceta1,126.0,122.0,65.2,67.3,66.3,6184.0,6.8141,13.2,55.3,1,0,0,
2026-06-08,11:00:00,maceta2,117.0,114.0,70.2,71.8,71.0,6351.5,6.8007,13.3,51.0,1,0,0,
2026-06-08,12:00:00,maceta1,127.0,123.0,65.0,67.0,66.0,6260.8,7.9724,13.8,61.0,1,0,0,
2026-06-08,12:00:00,maceta2,117.0,114.0,70.1,71.6,70.8,6160.0,7.9403,14.3,59.7,1,0,0,
2026-06-08,13:00:00,maceta1,127.0,123.0,64.8,66.9,65.8,5862.8,9.057,17.6,51.3,1,0,0,
2026-06-08,13:00:00,maceta2,117.0,114.0,69.9,71.4,70.6,6249.9,9.0965,11.8,48.7,1,0,0,
2026-06-08,14:00:00,maceta1,127.0,123.0,64.5,66.7,65.6,5908.8,10.1501,17.9,63.0,1,0,0,
2026-06-08,14:00:00,maceta2,118.0,115.0,69.7,71.2,70.5,6090.1,10.2232,16.5,62.4,1,0,0,
2026-06-08,15:00:00,maceta1,128.0,124.0,64.3,66.5,65.4,6240.4,11.3046,14.4,42.6,1,0,0,Discrepancia alta entre sensores de humedad
2026-06-08,15:00:00,maceta2,118.0,115.0,69.5,70.9,70.2,6347.6,11.3975,14.5,52.7,1,0,0,
2026-06-08,16:00:00,maceta1,128.0,124.0,64.2,66.3,65.3,6279.5,12.4663,18.5,63.7,1,0,0,Discrepancia alta entre sensores de humedad
2026-06-08,16:00:00,maceta2,118.0,116.0,69.3,70.7,70.0,6270.1,12.5574,14.6,53.0,1,0,0,
2026-06-08,17:00:00,maceta1,128.0,124.0,64.0,66.2,65.1,5904.3,13.5586,13.8,53.9,1,0,0,Discrepancia alta entre sensores de humedad
2026-06-08,17:00:00,maceta2,119.0,116.0,69.1,70.6,69.9,6042.3,13.6753,17.2,54.9,1,0,0,
2026-06-08,18:00:00,maceta1,129.0,125.0,63.8,66.0,64.9,13.4,13.5611,15.2,52.3,0,0,0,
2026-06-08,18:00:00,maceta2,119.0,116.0,69.0,70.4,69.7,2.4,13.6757,13.3,49.4,0,0,0,
2026-06-08,19:00:00,maceta1,129.0,125.0,63.6,65.8,64.7,11.3,13.5632,14.0,65.3,0,0,0,
2026-06-08,19:00:00,maceta2,119.0,117.0,68.8,70.2,69.5,29.8,13.6812,12.1,50.8,0,0,0,
2026-06-08,20:00:00,maceta1,129.0,125.0,63.4,65.6,64.5,1.5,13.5635,14.1,63.6,0,0,0,
2026-06-08,20:00:00,maceta2,120.0,117.0,68.6,70.0,69.3,20.9,13.6851,14.0,66.8,0,0,0,
2026-06-08,21:00:00,maceta1,130.0,126.0,63.2,65.5,64.4,25.2,13.5681,12.0,57.7,0,0,0,
2026-06-08,21:00:00,maceta2,120.0,117.0,68.3,69.8,69.1,19.5,13.6887,11.7,60.4,0,0,0,
2026-06-08,22:00:00,maceta1,130.0,126.0,63.0,65.3,64.2,17.1,13.5713,12.5,73.7,0,0,0,
2026-06-08,22:00:00,maceta2,121.0,118.0,68.1,69.6,68.9,21.2,13.6926,9.9,70.3,0,0,0,
2026-06-08,23:00:00,maceta1,131.0,126.0,62.9,65.1,64.0,12.9,13.5737,6.9,66.9,0,0,0,
2026-06-08,23:00:00,maceta2,121.0,128.0,67.9,64.2,66.1,2.7,13.6931,9.3,76.0,0,0,0,Discrepancia alta entre sensores de humedad
2026-06-09,00:00:00,maceta1,131.0,127.0,62.7,65.0,63.8,28.9,0.0053,10.7,78.1,0,0,0,
2026-06-09,00:00:00,maceta2,121.0,119.0,67.7,69.2,68.4,13.0,0.0024,6.0,73.4,0,0,0,
2026-06-09,01:00:00,maceta1,131.0,127.0,62.5,64.8,63.6,20.0,0.009,6.2,69.2,0,0,0,
2026-06-09,01:00:00,maceta2,122.0,119.0,67.5,68.9,68.2,15.9,0.0053,7.4,71.6,0,0,0,
2026-06-09,02:00:00,maceta1,132.0,127.0,62.3,64.6,63.5,1.6,0.0093,6.2,76.1,0,0,0,
2026-06-09,02:00:00,maceta2,122.0,119.0,67.3,68.7,68.0,28.6,0.0106,4.8,73.7,0,0,0,
2026-06-09,03:00:00,maceta1,132.0,128.0,62.0,64.4,63.2,23.8,0.0137,7.8,79.7,0,0,0,Discrepancia alta entre sensores de humedad
2026-06-09,03:00:00,maceta2,123.0,120.0,67.1,68.6,67.8,4.5,0.0115,9.6,67.4,0,0,0,
2026-06-09,04:00:00,maceta1,133.0,128.0,61.8,64.2,63.0,29.4,0.0192,6.6,67.2,0,0,0,Discrepancia alta entre sensores de humedad
2026-06-09,04:00:00,maceta2,123.0,120.0,66.9,68.3,67.6,22.1,0.0156,4.9,75.6,0,0,0,
2026-06-09,05:00:00,maceta1,133.0,128.0,61.6,64.0,62.8,14.2,0.0218,4.4,71.2,0,0,0,Discrepancia alta entre sensores de humedad
2026-06-09,05:00:00,maceta2,123.0,121.0,66.7,68.1,67.4,18.3,0.0189,7.1,70.5,0,0,0,
2026-06-09,06:00:00,maceta1,133.0,129.0,61.4,63.9,62.7,5919.5,1.1169,9.2,63.2,1,0,0,
2026-06-09,06:00:00,maceta2,124.0,121.0,66.5,68.0,67.2,6409.2,1.2047,8.3,72.2,1,0,0,
2026-06-09,07:00:00,maceta1,134.0,129.0,61.2,63.7,62.4,6093.8,2.2443,8.6,69.7,1,0,0,
2026-06-09,07:00:00,maceta2,124.0,128.0,66.3,64.2,65.2,6258.2,2.3624,7.7,73.3,1,0,0,Discrepancia alta entre sensores de humedad
2026-06-09,08:00:00,maceta1,134.0,129.0,60.9,63.5,62.2,6152.8,3.3825,8.2,67.9,1,0,0,
2026-06-09,08:00:00,maceta2,125.0,122.0,66.0,67.6,66.8,6309.1,3.5296,11.0,66.9,1,0,0,
2026-06-09,09:00:00,maceta1,135.0,130.0,60.7,63.3,62.0,6135.5,4.5176,12.5,70.9,1,0,0,
2026-06-09,09:00:00,maceta2,125.0,122.0,65.9,67.4,66.6,6001.2,4.6398,8.8,58.4,1,0,0,
2026-06-09,10:00:00,maceta1,135.0,130.0,60.5,63.1,61.8,6054.4,5.6377,14.8,65.1,1,0,0,
2026-06-09,10:00:00,maceta2,125.0,122.0,65.7,67.2,66.4,6401.4,5.8241,13.2,54.1,1,0,0,
2026-06-09,11:00:00,maceta1,136.0,131.0,60.2,62.8,61.5,6127.6,6.7713,15.7,55.8,1,0,0,
2026-06-09,11:00:00,maceta2,126.0,123.0,65.5,67.0,66.3,5949.4,6.9247,11.6,53.9,1,0,0,
2026-06-09,12:00:00,maceta1,136.0,131.0,60.0,62.7,61.3,6454.2,7.9653,12.6,61.8,1,0,0,
2026-06-09,12:00:00,maceta2,126.0,123.0,65.2,66.8,66.0,6357.6,8.1009,14.4,57.6,1,0,0,
2026-06-09,13:00:00,maceta1,136.0,131.0,59.8,62.5,61.1,5839.0,9.0455,16.2,56.3,1,0,0,
2026-06-09,13:00:00,maceta2,126.0,123.0,65.1,66.7,65.9,6499.3,9.3032,18.1,50.8,1,0,0,
2026-06-09,14:00:00,maceta1,137.0,132.0,59.6,62.3,61.0,6286.4,10.2085,17.0,53.8,1,0,0,
2026-06-09,14:00:00,maceta2,127.0,124.0,64.9,66.5,65.7,5912.2,10.397,15.6,51.5,1,0,0,
2026-06-09,15:00:00,maceta1,137.0,132.0,59.4,62.2,60.8,5966.0,11.3122,14.6,56.9,1,0,0,
2026-06-09,15:00:00,maceta2,127.0,124.0,64.7,66.3,65.5,6284.7,11.5597,17.9,50.0,1,0,0,
2026-06-09,16:00:00,maceta1,138.0,132.0,59.2,62.0,60.6,6345.8,12.4862,14.5,62.0,1,0,0,
2026-06-09,16:00:00,maceta2,127.0,124.0,64.6,66.1,65.3,5967.3,12.6636,18.4,47.0,1,0,0,
2026-06-09,17:00:00,maceta1,138.0,133.0,59.0,61.8,60.4,5979.9,13.5925,15.0,52.3,1,0,0,
2026-06-09,17:00:00,maceta2,128.0,125.0,64.3,65.8,65.1,6015.0,13.7764,17.8,64.7,1,0,0,Discrepancia alta entre sensores de humedad
2026-06-09,18:00:00,maceta1,138.0,133.0,58.7,61.6,60.2,6.0,13.5936,15.6,55.8,0,0,0,
2026-06-09,18:00:00,maceta2,128.0,125.0,64.2,65.7,64.9,12.0,13.7786,14.4,51.4,0,0,0,Discrepancia alta entre sensores de humedad
2026-06-09,19:00:00,maceta1,139.0,133.0,58.5,61.4,60.0,5.0,13.5945,12.8,61.1,0,0,0,
2026-06-09,19:00:00,maceta2,128.0,126.0,64.0,65.4,64.7,5.8,13.7797,13.1,57.6,0,0,0,Discrepancia alta entre sensores de humedad
2026-06-09,20:00:00,maceta1,139.0,134.0,58.4,61.2,59.8,11.7,13.5967,13.0,58.2,0,0,0,
2026-06-09,20:00:00,maceta2,129.0,126.0,63.8,65.2,64.5,28.9,13.785,12.5,56.9,0,0,0,
2026-06-09,21:00:00,maceta1,139.0,134.0,58.2,61.0,59.6,22.9,13.6009,10.2,78.8,0,0,0,
2026-06-09,21:00:00,maceta2,129.0,126.0,63.7,65.0,64.3,9.6,13.7868,10.8,63.7,0,0,0,
2026-06-09,22:00:00,maceta1,140.0,134.0,58.0,60.8,59.4,28.5,13.6062,9.9,58.0,0,0,0,
2026-06-09,22:00:00,maceta2,129.0,127.0,63.5,64.8,64.1,19.4,13.7904,6.6,75.1,0,0,0,
2026-06-09,23:00:00,maceta1,140.0,135.0,57.8,60.6,59.2,13.7,13.6087,9.3,73.1,0,0,0,
2026-06-09,23:00:00,maceta2,130.0,127.0,63.2,64.6,63.9,14.0,13.793,7.1,66.2,0,0,0,
2026-06-10,00:00:00,maceta1,141.0,135.0,57.5,60.4,58.9,12.3,0.0023,5.8,67.4,0,0,0,
2026-06-10,00:00:00,maceta2,130.0,128.0,63.0,64.2,63.6,7.0,0.0013,5.0,75.4,0,0,0,Discrepancia alta entre sensores de humedad
2026-06-10,01:00:00,maceta1,141.0,136.0,57.3,60.2,58.7,11.6,0.0044,4.0,72.4,0,0,0,
2026-06-10,01:00:00,maceta2,131.0,128.0,62.8,64.2,63.5,15.8,0.0042,4.7,64.0,0,0,0,Discrepancia alta entre sensores de humedad
2026-06-10,02:00:00,maceta1,142.0,136.0,57.1,59.9,58.5,15.8,0.0074,5.1,83.6,0,0,0,
2026-06-10,02:00:00,maceta2,131.0,128.0,62.6,64.0,63.3,22.9,0.0085,9.1,72.5,0,0,0,Discrepancia alta entre sensores de humedad
2026-06-10,03:00:00,maceta1,142.0,136.0,56.9,59.8,58.3,10.8,0.0093,5.2,82.5,0,0,0,
2026-06-10,03:00:00,maceta2,131.0,129.0,62.4,63.8,63.1,21.5,0.0124,6.3,81.4,0,0,0,
2026-06-10,04:00:00,maceta1,142.0,137.0,56.7,59.6,58.1,17.3,0.0126,6.8,69.7,0,0,0,
2026-06-10,04:00:00,maceta2,132.0,129.0,62.2,63.6,62.9,28.9,0.0178,6.4,79.8,0,0,0,
2026-06-10,05:00:00,maceta1,143.0,137.0,56.5,59.4,57.9,11.6,0.0147,6.6,70.4,0,0,0,
2026-06-10,05:00:00,maceta2,132.0,130.0,62.1,63.3,62.7,27.0,0.0228,4.9,64.3,0,0,0,
2026-06-10,06:00:00,maceta1,143.0,138.0,56.3,59.2,57.7,5987.4,1.1224,9.7,69.9,1,0,0,
2026-06-10,06:00:00,maceta2,132.0,130.0,61.8,63.1,62.5,6422.3,1.2109,10.2,74.1,1,0,0,
2026-06-10,07:00:00,maceta1,143.0,138.0,56.1,58.9,57.5,6340.6,2.2954,6.0,67.7,1,0,0,
2026-06-10,07:00:00,maceta2,133.0,131.0,61.7,62.9,62.3,6448.6,2.4039,7.0,68.5,1,0,0,
2026-06-10,08:00:00,maceta1,144.0,138.0,56.0,58.8,57.4,5844.2,3.3765,9.3,73.3,1,0,0,
2026-06-10,08:00:00,maceta2,133.0,131.0,61.5,62.7,62.1,6239.4,3.5582,8.3,68.1,1,0,0,
2026-06-10,09:00:00,maceta1,144.0,139.0,55.8,58.6,57.2,5901.2,4.4683,11.8,60.8,1,0,0,
2026-06-10,09:00:00,maceta2,134.0,131.0,61.2,62.5,61.9,6152.7,4.6964,9.9,68.5,1,0,0,
2026-06-10,10:00:00,maceta1,144.0,139.0,55.6,58.4,57.0,5909.0,5.5614,15.6,63.4,1,0,0,
2026-06-10,10:00:00,maceta2,134.0,132.0,61.0,62.2,61.6,5889.7,5.786,14.1,49.8,1,0,0,
2026-06-10,11:00:00,maceta1,145.0,139.0,55.4,58.2,56.8,5808.5,6.636,13.8,62.1,1,0,0,
2026-06-10,11:00:00,maceta2,134.0,132.0,60.9,62.1,61.5,6241.2,6.9406,15.1,62.0,1,0,0,
2026-06-10,12:00:00,maceta1,145.0,140.0,55.2,58.0,56.6,6051.3,7.7555,16.2,58.0,1,0,0,
2026-06-10,12:00:00,maceta2,135.0,132.0,60.7,61.9,61.3,5873.6,8.0272,13.7,62.4,1,0,0,
2026-06-10,13:00:00,maceta1,146.0,140.0,55.0,57.8,56.4,6026.0,8.8703,14.1,53.0,1,0,0,
2026-06-10,13:00:00,maceta2,135.0,128.0,60.4,64.2,62.3,5918.3,9.1221,15.5,58.0,1,0,0,Discrepancia alta entre sensores de humedad
2026-06-10,14:00:00,maceta1,146.0,141.0,54.8,57.5,56.2,6459.2,10.0653,17.1,47.5,1,0,0,
2026-06-10,14:00:00,maceta2,136.0,133.0,60.2,61.4,60.8,6024.0,10.2366,16.1,57.4,1,0,0,
2026-06-10,15:00:00,maceta1,146.0,141.0,54.6,57.3,55.9,6033.8,11.1815,13.7,64.8,1,0,0,
2026-06-10,15:00:00,maceta2,136.0,134.0,60.1,61.2,60.7,6387.9,11.4183,14.8,50.0,1,0,0,
2026-06-10,16:00:00,maceta1,147.0,142.0,54.3,57.1,55.7,6253.4,12.3384,15.7,51.5,1,0,0,
2026-06-10,16:00:00,maceta2,136.0,134.0,59.8,61.0,60.4,6297.1,12.5833,15.7,51.8,1,0,0,
2026-06-10,17:00:00,maceta1,147.0,142.0,54.1,56.9,55.5,6245.2,13.4938,18.3,57.0,1,0,0,
2026-06-10,17:00:00,maceta2,137.0,134.0,59.7,60.8,60.2,6462.3,13.7788,13.3,51.0,1,0,0,
2026-06-10,18:00:00,maceta1,148.0,142.0,53.8,56.7,55.3,7.6,13.4951,15.3,60.0,0,0,0,
2026-06-10,18:00:00,maceta2,137.0,135.0,59.5,60.6,60.1,11.0,13.7809,16.8,62.2,0,0,0,
2026-06-10,19:00:00,maceta1,148.0,143.0,53.6,56.5,55.1,2.1,13.4955,16.9,62.7,0,0,0,
2026-06-10,19:00:00,maceta2,137.0,135.0,59.3,60.5,59.9,17.5,13.7841,12.9,51.2,0,0,0,
2026-06-10,20:00:00,maceta1,149.0,143.0,53.4,56.3,54.8,18.2,13.4989,13.1,67.4,0,0,0,
2026-06-10,20:00:00,maceta2,138.0,136.0,59.1,60.2,59.7,1.9,13.7845,13.2,67.1,0,0,0,
2026-06-10,21:00:00,maceta1,149.0,143.0,53.2,56.1,54.6,12.1,13.5011,11.3,69.2,0,0,0,
2026-06-10,21:00:00,maceta2,138.0,136.0,58.9,60.1,59.5,12.4,13.7868,10.9,66.9,0,0,0,
2026-06-10,22:00:00,maceta1,149.0,144.0,53.0,55.9,54.4,10.0,13.503,10.4,68.7,0,0,0,
2026-06-10,22:00:00,maceta2,139.0,136.0,58.7,59.9,59.3,16.7,13.7899,5.9,72.8,0,0,0,
2026-06-10,23:00:00,maceta1,150.0,144.0,52.8,55.7,54.2,10.4,13.5049,9.5,79.6,0,0,0,
2026-06-10,23:00:00,maceta2,139.0,137.0,58.4,59.7,59.1,12.5,13.7922,8.7,65.2,0,0,0,
2026-06-11,00:00:00,maceta1,150.0,144.0,52.6,55.5,54.1,23.9,0.0044,7.1,77.5,0,0,0,
2026-06-11,00:00:00,maceta2,139.0,137.0,58.2,59.5,58.9,4.9,0.0009,10.5,71.6,0,0,0,
2026-06-11,01:00:00,maceta1,150.0,145.0,52.4,55.4,53.9,18.6,0.0079,5.6,73.0,0,0,0,
2026-06-11,01:00:00,maceta2,140.0,137.0,58.0,59.3,58.7,15.2,0.0037,6.0,66.0,0,0,0,
2026-06-11,02:00:00,maceta1,151.0,145.0,52.3,55.2,53.7,9.2,0.0096,9.1,73.2,0,0,0,
2026-06-11,02:00:00,maceta2,140.0,138.0,57.9,59.1,58.5,21.8,0.0077,4.9,69.7,0,0,0,
2026-06-11,03:00:00,maceta1,151.0,145.0,52.0,55.0,53.5,16.5,0.0126,5.1,72.7,0,0,0,
2026-06-11,03:00:00,maceta2,140.0,138.0,57.7,59.0,58.3,14.3,0.0104,5.7,69.5,0,0,0,
2026-06-11,04:00:00,maceta1,152.0,146.0,51.8,54.8,53.3,20.0,0.0163,7.4,72.4,0,0,0,
2026-06-11,04:00:00,maceta2,141.0,138.0,57.4,58.7,58.1,24.1,0.0148,6.4,72.6,0,0,0,
2026-06-11,05:00:00,maceta1,152.0,146.0,51.6,54.7,53.1,29.2,0.0217,4.7,74.1,0,0,0,
2026-06-11,05:00:00,maceta2,141.0,139.0,57.2,58.5,57.8,18.9,0.0183,5.8,65.6,0,0,0,
2026-06-11,06:00:00,maceta1,152.0,147.0,51.4,54.4,52.9,6378.9,1.2018,6.5,64.8,1,0,0,
2026-06-11,06:00:00,maceta2,142.0,139.0,57.0,58.3,57.6,5806.7,1.0926,7.3,73.9,1,0,0,
2026-06-11,07:00:00,maceta1,153.0,147.0,51.1,54.3,52.7,6358.6,2.3781,9.1,66.0,1,0,0,
2026-06-11,07:00:00,maceta2,142.0,140.0,56.8,58.1,57.5,6200.0,2.2396,9.1,75.4,1,0,0,
2026-06-11,08:00:00,maceta1,153.0,147.0,50.9,54.1,52.5,6490.3,3.5788,7.0,68.7,1,0,0,
2026-06-11,08:00:00,maceta2,143.0,140.0,56.6,58.0,57.3,6212.6,3.3889,11.3,70.6,1,0,0,
2026-06-11,09:00:00,maceta1,154.0,148.0,50.7,53.9,52.3,5838.8,4.659,11.3,72.1,1,0,0,
2026-06-11,09:00:00,maceta2,143.0,140.0,56.4,57.8,57.1,5835.5,4.4685,13.0,63.5,1,0,0,
2026-06-11,10:00:00,maceta1,154.0,148.0,50.5,53.7,52.1,6418.2,5.8464,12.9,59.5,1,0,0,
2026-06-11,10:00:00,maceta2,143.0,141.0,56.2,57.5,56.8,6388.8,5.6504,13.9,66.8,1,0,0,
2026-06-11,11:00:00,maceta1,155.0,148.0,50.3,53.6,51.9,6042.1,6.9642,14.2,62.5,1,0,0,
2026-06-11,11:00:00,maceta2,144.0,141.0,56.0,57.3,56.7,6232.6,6.8034,15.5,59.1,1,0,0,
2026-06-11,12:00:00,maceta1,155.0,128.0,50.1,64.2,57.2,6142.7,8.1006,15.3,64.9,1,0,0,Discrepancia alta entre sensores de humedad
2026-06-11,12:00:00,maceta2,144.0,141.0,55.8,57.1,56.5,6477.0,8.0017,14.3,56.9,1,0,0,
2026-06-11,13:00:00,maceta1,155.0,149.0,49.9,53.2,51.5,6465.0,9.2966,18.7,56.5,1,0,1,
2026-06-11,13:00:00,maceta2,144.0,142.0,55.6,56.9,56.2,6488.7,9.2021,16.6,56.4,1,0,0,
2026-06-11,14:00:00,maceta1,85.0,81.0,87.0,88.8,87.9,6406.5,10.4818,16.6,50.7,1,0,0,
2026-06-11,14:00:00,maceta2,145.0,142.0,55.3,56.7,56.0,6436.7,10.3929,13.9,55.7,1,0,0,
2026-06-11,15:00:00,maceta1,85.0,82.0,86.7,88.6,87.7,5952.1,11.5829,14.0,62.0,1,0,0,
2026-06-11,15:00:00,maceta2,145.0,143.0,55.1,56.5,55.8,6381.7,11.5735,16.4,57.2,1,0,0,
2026-06-11,16:00:00,maceta1,86.0,82.0,86.6,88.4,87.5,6296.2,12.7477,16.0,55.5,1,0,0,
2026-06-11,16:00:00,maceta2,146.0,143.0,54.9,56.3,55.6,6474.0,12.7712,14.9,54.5,1,0,0,
2026-06-11,17:00:00,maceta1,86.0,82.0,86.4,88.3,87.3,6199.9,13.8947,15.5,58.0,1,0,0,
2026-06-11,17:00:00,maceta2,146.0,144.0,54.7,56.1,55.4,5859.6,13.8552,17.7,60.1,1,0,0,
2026-06-11,18:00:00,maceta1,86.0,83.0,86.1,88.1,87.1,21.1,13.8986,15.5,61.0,0,0,0,
2026-06-11,18:00:00,maceta2,147.0,144.0,54.4,55.8,55.1,1.8,13.8555,12.8,56.3,0,0,0,
2026-06-11,19:00:00,maceta1,87.0,83.0,85.9,87.8,86.9,20.1,13.9023,13.3,61.6,0,0,0,
2026-06-11,19:00:00,maceta2,147.0,144.0,54.2,55.6,54.9,7.2,13.8569,12.2,62.4,0,0,0,
2026-06-11,20:00:00,maceta1,87.0,83.0,85.7,87.6,86.7,9.5,13.9041,11.7,57.4,0,0,0,
2026-06-11,20:00:00,maceta2,147.0,145.0,54.0,55.4,54.7,5.9,13.858,11.6,63.3,0,0,0,
2026-06-11,21:00:00,maceta1,88.0,84.0,85.5,87.4,86.5,23.3,13.9084,10.2,54.2,0,0,0,
2026-06-11,21:00:00,maceta2,148.0,145.0,53.8,55.3,54.5,19.5,13.8616,9.1,67.4,0,0,0,
2026-06-11,22:00:00,maceta1,88.0,84.0,85.3,87.2,86.3,18.4,13.9118,9.5,70.9,0,0,0,
2026-06-11,22:00:00,maceta2,148.0,145.0,53.6,55.0,54.3,20.0,13.8653,8.8,71.3,0,0,0,
2026-06-11,23:00:00,maceta1,88.0,85.0,85.1,87.0,86.1,7.1,13.9131,4.1,68.0,0,0,0,
2026-06-11,23:00:00,maceta2,148.0,146.0,53.5,54.9,54.2,13.3,13.8677,11.5,71.5,0,0,0,
2026-06-12,00:00:00,maceta1,89.0,85.0,84.9,86.8,85.9,19.0,0.0035,9.0,79.2,0,0,0,
2026-06-12,00:00:00,maceta2,149.0,146.0,53.3,54.6,54.0,19.1,0.0035,6.8,79.1,0,0,0,
2026-06-12,01:00:00,maceta1,89.0,85.0,84.8,86.6,85.7,23.8,0.0079,6.6,73.5,0,0,0,
2026-06-12,01:00:00,maceta2,149.0,147.0,53.1,54.4,53.7,8.6,0.0051,4.8,74.4,0,0,0,
2026-06-12,02:00:00,maceta1,89.0,86.0,84.5,86.4,85.5,23.1,0.0122,8.6,80.2,0,0,0,
2026-06-12,02:00:00,maceta2,149.0,147.0,52.9,54.2,53.5,13.2,0.0076,8.9,67.2,0,0,0,
2026-06-12,03:00:00,maceta1,90.0,86.0,84.4,86.3,85.3,20.1,0.0159,6.1,73.4,0,0,0,
2026-06-12,03:00:00,maceta2,150.0,147.0,52.7,54.0,53.4,13.7,0.0101,7.4,81.7,0,0,0,
2026-06-12,04:00:00,maceta1,90.0,87.0,84.2,86.0,85.1,28.5,0.0212,6.3,79.5,0,0,0,
2026-06-12,04:00:00,maceta2,150.0,148.0,52.5,53.8,53.2,5.4,0.0111,4.1,76.5,0,0,0,
2026-06-12,05:00:00,maceta1,90.0,87.0,84.0,85.8,84.9,20.3,0.0249,5.9,66.1,0,0,0,
2026-06-12,05:00:00,maceta2,151.0,148.0,52.3,53.6,53.0,17.3,0.0143,6.8,73.4,0,0,0,
2026-06-12,06:00:00,maceta1,91.0,87.0,83.8,85.5,84.7,6030.3,1.1405,6.7,69.1,1,0,0,
2026-06-12,06:00:00,maceta2,151.0,149.0,52.2,53.4,52.8,6109.4,1.1445,7.0,73.7,1,0,0,
2026-06-12,07:00:00,maceta1,91.0,88.0,83.6,85.4,84.5,5934.6,2.2384,8.2,66.0,1,0,0,
2026-06-12,07:00:00,maceta2,151.0,149.0,52.0,53.2,52.6,6115.0,2.2758,8.3,64.9,1,0,0,
2026-06-12,08:00:00,maceta1,91.0,88.0,83.5,85.2,84.3,5910.0,3.3318,9.7,57.3,1,0,0,
2026-06-12,08:00:00,maceta2,152.0,149.0,51.8,53.0,52.4,6191.3,3.4212,8.0,73.7,1,0,0,
2026-06-12,09:00:00,maceta1,92.0,89.0,83.3,85.0,84.1,6264.6,4.4907,9.8,63.0,1,0,0,
2026-06-12,09:00:00,maceta2,152.0,150.0,51.6,52.8,52.2,5843.7,4.5023,9.0,65.8,1,0,0,
2026-06-12,10:00:00,maceta1,92.0,89.0,83.1,84.8,83.9,6409.8,5.6765,13.6,62.4,1,0,0,
2026-06-12,10:00:00,maceta2,152.0,150.0,51.3,52.5,51.9,5929.6,5.5993,9.0,57.1,1,0,0,
2026-06-12,11:00:00,maceta1,92.0,89.0,82.9,84.6,83.7,5957.8,6.7787,15.1,53.7,1,0,0,
2026-06-12,11:00:00,maceta2,153.0,150.0,51.1,52.4,51.7,6262.9,6.7579,15.5,55.0,1,0,0,
2026-06-12,12:00:00,maceta1,93.0,90.0,82.7,84.3,83.5,6128.1,7.9124,14.0,54.3,1,0,0,
2026-06-12,12:00:00,maceta2,153.0,151.0,50.9,52.1,51.5,6149.6,7.8956,10.5,59.8,1,0,0,
2026-06-12,13:00:00,maceta1,93.0,90.0,82.5,84.1,83.3,5889.7,9.002,14.7,52.4,1,0,0,
2026-06-12,13:00:00,maceta2,154.0,151.0,50.7,51.9,51.3,6364.0,9.0729,15.1,65.1,1,0,0,
2026-06-12,14:00:00,maceta1,94.0,91.0,82.3,83.9,83.1,6231.9,10.1549,14.2,60.5,1,0,0,
2026-06-12,14:00:00,maceta2,128.0,152.0,64.2,51.8,58.0,5894.8,10.1634,14.9,59.4,1,0,0,Discrepancia alta entre sensores de humedad
2026-06-12,15:00:00,maceta1,94.0,91.0,82.1,83.7,82.9,6061.8,11.2764,18.2,54.4,1,0,0,
2026-06-12,15:00:00,maceta2,155.0,152.0,50.2,51.5,50.9,6367.3,11.3414,16.9,62.6,1,0,0,
2026-06-12,16:00:00,maceta1,94.0,92.0,81.9,83.4,82.7,6197.8,12.423,14.3,54.3,1,0,0,
2026-06-12,16:00:00,maceta2,155.0,152.0,50.1,51.3,50.7,5876.1,12.4285,13.3,55.2,1,0,0,
2026-06-12,17:00:00,maceta1,95.0,92.0,81.7,83.2,82.5,6060.9,13.5442,14.7,57.2,1,0,0,
2026-06-12,17:00:00,maceta2,155.0,128.0,49.9,64.2,57.0,5969.9,13.5329,14.9,59.8,1,0,1,Discrepancia alta entre sensores de humedad
2026-06-12,18:00:00,maceta1,95.0,92.0,81.5,83.1,82.3,27.9,13.5494,15.2,61.1,0,0,0,
2026-06-12,18:00:00,maceta2,90.0,93.0,84.1,82.7,83.4,21.5,13.5369,13.6,55.6,0,0,0,
2026-06-12,19:00:00,maceta1,95.0,93.0,81.3,82.9,82.1,17.4,13.5526,14.2,57.3,0,0,0,
2026-06-12,19:00:00,maceta2,91.0,93.0,83.9,82.4,83.2,6.9,13.5382,16.3,63.2,0,0,0,
2026-06-12,20:00:00,maceta1,96.0,93.0,81.1,82.7,81.9,0.5,13.5527,13.4,66.0,0,0,0,
2026-06-12,20:00:00,maceta2,91.0,94.0,83.7,82.2,83.0,20.8,13.542,12.1,60.4,0,0,0,
2026-06-12,21:00:00,maceta1,96.0,93.0,80.9,82.4,81.7,6.9,13.554,10.6,57.1,0,0,0,
2026-06-12,21:00:00,maceta2,91.0,94.0,83.4,82.0,82.7,25.7,13.5468,10.4,64.0,0,0,0,
2026-06-12,22:00:00,maceta1,97.0,94.0,80.7,82.3,81.5,14.0,13.5566,11.4,70.7,0,0,0,
2026-06-12,22:00:00,maceta2,92.0,95.0,83.2,81.8,82.5,15.9,13.5497,8.7,76.6,0,0,0,
2026-06-12,23:00:00,maceta1,97.0,94.0,80.5,82.0,81.3,22.6,13.5607,8.5,64.0,0,0,0,
2026-06-12,23:00:00,maceta2,92.0,95.0,83.1,81.7,82.4,23.4,13.554,8.5,67.9,0,0,0,
2026-06-13,00:00:00,maceta1,97.0,95.0,80.3,81.8,81.1,19.3,0.0036,6.5,70.1,0,0,0,
2026-06-13,00:00:00,maceta2,93.0,95.0,82.8,81.4,82.1,28.2,0.0052,5.2,78.9,0,0,0,
2026-06-13,01:00:00,maceta1,98.0,95.0,80.2,81.6,80.9,29.5,0.009,7.0,73.5,0,0,0,
2026-06-13,01:00:00,maceta2,93.0,96.0,82.6,81.2,81.9,28.4,0.0105,6.4,69.1,0,0,0,
2026-06-13,02:00:00,maceta1,98.0,95.0,80.0,81.4,80.7,24.7,0.0136,6.7,77.5,0,0,0,
2026-06-13,02:00:00,maceta2,94.0,96.0,82.4,80.9,81.7,21.2,0.0144,5.2,72.6,0,0,0,
2026-06-13,03:00:00,maceta1,98.0,96.0,79.8,81.2,80.5,19.9,0.0173,7.7,68.9,0,0,0,
2026-06-13,03:00:00,maceta2,94.0,97.0,82.2,80.7,81.5,3.1,0.015,4.5,70.5,0,0,0,
2026-06-13,04:00:00,maceta1,99.0,96.0,79.6,81.0,80.3,8.1,0.0188,8.6,83.3,0,0,0,
2026-06-13,04:00:00,maceta2,94.0,97.0,82.0,80.5,81.2,0.2,0.015,3.4,76.6,0,0,0,
2026-06-13,05:00:00,maceta1,99.0,96.0,79.4,80.8,80.1,4.1,0.0195,7.1,74.2,0,0,0,
2026-06-13,05:00:00,maceta2,95.0,97.0,81.8,80.3,81.0,13.2,0.0174,7.2,72.4,0,0,0,
2026-06-13,06:00:00,maceta1,100.0,97.0,79.2,80.6,79.9,6161.8,1.1595,6.1,73.5,1,0,0,
2026-06-13,06:00:00,maceta2,95.0,98.0,81.6,80.0,80.8,6422.5,1.2056,7.9,73.5,1,0,0,
2026-06-13,07:00:00,maceta1,100.0,97.0,79.0,80.3,79.7,6492.7,2.3606,10.2,71.5,1,0,0,
2026-06-13,07:00:00,maceta2,95.0,98.0,81.4,79.9,80.6,5881.1,2.2936,5.0,70.6,1,0,0,
2026-06-13,08:00:00,maceta1,100.0,98.0,78.8,80.1,79.5,5891.0,3.4505,10.3,71.9,1,0,0,
2026-06-13,08:00:00,maceta2,96.0,99.0,81.2,79.6,80.4,5891.2,3.3835,5.8,67.7,1,0,0,
2026-06-13,09:00:00,maceta1,101.0,98.0,78.6,80.0,79.3,6276.8,4.6117,9.4,60.1,1,0,0,
2026-06-13,09:00:00,maceta2,96.0,99.0,81.0,79.4,80.2,6060.9,4.5047,13.3,61.9,1,0,0,
2026-06-13,10:00:00,maceta1,101.0,98.0,78.5,79.8,79.1,6313.3,5.7796,11.2,52.5,1,0,0,
2026-06-13,10:00:00,maceta2,96.0,100.0,80.8,79.2,80.0,6083.8,5.6302,10.4,72.5,1,0,0,
2026-06-13,11:00:00,maceta1,101.0,99.0,78.3,79.6,78.9,6239.3,6.9339,13.0,64.3,1,0,0,
2026-06-13,11:00:00,maceta2,97.0,100.0,80.6,79.0,79.8,6338.9,6.8029,16.4,55.8,1,0,0,
2026-06-13,12:00:00,maceta1,102.0,99.0,78.1,79.4,78.7,6183.8,8.0779,11.6,56.5,1,0,0,
2026-06-13,12:00:00,maceta2,97.0,100.0,80.4,78.8,79.6,6177.7,7.9458,12.8,54.7,1,0,0,
2026-06-13,13:00:00,maceta1,102.0,100.0,77.9,79.1,78.5,5861.8,9.1623,17.4,64.1,1,0,0,
2026-06-13,13:00:00,maceta2,98.0,101.0,80.2,78.6,79.4,6087.5,9.072,17.9,49.2,1,0,0,
2026-06-13,14:00:00,maceta1,102.0,100.0,77.7,78.9,78.3,6182.0,10.306,15.5,55.9,1,0,0,
2026-06-13,14:00:00,maceta2,98.0,101.0,80.0,78.4,79.2,6123.4,10.2048,13.8,54.8,1,0,0,
2026-06-13,15:00:00,maceta1,103.0,101.0,77.5,78.7,78.1,6430.5,11.4957,19.0,59.1,1,0,0,
2026-06-13,15:00:00,maceta2,98.0,101.0,79.8,78.2,79.0,6434.6,11.3952,18.2,54.5,1,0,0,
2026-06-13,16:00:00,maceta1,103.0,101.0,77.3,78.5,77.9,6375.3,12.6751,16.7,46.5,1,0,0,
2026-06-13,16:00:00,maceta2,99.0,102.0,79.7,78.0,78.8,6062.7,12.5168,14.4,54.1,1,0,0,
2026-06-13,17:00:00,maceta1,103.0,101.0,77.1,78.3,77.7,6302.1,13.841,15.1,51.5,1,0,0,
2026-06-13,17:00:00,maceta2,99.0,102.0,79.5,77.8,78.6,6076.7,13.641,14.9,56.7,1,0,0,
2026-06-13,18:00:00,maceta1,104.0,102.0,76.9,78.1,77.5,21.9,13.845,14.9,65.1,0,0,0,
2026-06-13,18:00:00,maceta2,99.0,102.0,79.3,77.6,78.5,23.6,13.6454,16.5,49.2,0,0,0,
2026-06-13,19:00:00,maceta1,104.0,102.0,76.7,77.9,77.3,18.2,13.8484,14.6,56.0,0,0,0,
2026-06-13,19:00:00,maceta2,100.0,103.0,79.1,77.4,78.2,7.3,13.6467,11.7,57.2,0,0,0,
2026-06-13,20:00:00,maceta1,105.0,128.0,76.5,64.2,70.4,5.7,13.8495,14.2,60.5,0,0,0,Discrepancia alta entre sensores de humedad
2026-06-13,20:00:00,maceta2,100.0,103.0,78.9,77.2,78.0,26.0,13.6515,12.6,66.1,0,0,0,
2026-06-13,21:00:00,maceta1,105.0,103.0,76.3,77.4,76.8,21.8,13.8535,11.9,64.1,0,0,0,
2026-06-13,21:00:00,maceta2,100.0,104.0,78.7,77.0,77.9,6.4,13.6527,13.0,67.1,0,0,0,
2026-06-13,22:00:00,maceta1,105.0,103.0,76.1,77.2,76.7,18.5,13.8569,7.9,64.5,0,0,0,
2026-06-13,22:00:00,maceta2,101.0,104.0,78.5,76.8,77.7,13.4,13.6552,9.5,68.7,0,0,0,
2026-06-13,23:00:00,maceta1,106.0,104.0,75.9,77.1,76.5,4.8,13.8578,7.5,73.9,0,0,0,
2026-06-13,23:00:00,maceta2,101.0,105.0,78.4,76.5,77.5,16.0,13.6581,6.0,66.3,0,0,0,
2026-06-14,00:00:00,maceta1,106.0,104.0,75.7,76.9,76.3,8.4,0.0016,7.7,76.0,0,0,0,
2026-06-14,00:00:00,maceta2,102.0,105.0,78.2,76.4,77.3,2.9,0.0005,11.0,72.3,0,0,0,
2026-06-14,01:00:00,maceta1,107.0,104.0,75.5,76.7,76.1,14.0,0.0042,3.7,78.9,0,0,0,
2026-06-14,01:00:00,maceta2,102.0,105.0,78.0,76.1,77.1,17.7,0.0038,6.4,72.7,0,0,0,
2026-06-14,02:00:00,maceta1,107.0,105.0,75.3,76.6,75.9,1.4,0.0044,6.9,76.6,0,0,0,
2026-06-14,02:00:00,maceta2,102.0,106.0,77.8,75.9,76.9,12.1,0.006,6.1,74.5,0,0,0,
2026-06-14,03:00:00,maceta1,107.0,105.0,75.2,76.3,75.7,7.7,0.0058,5.6,74.5,0,0,0,
2026-06-14,03:00:00,maceta2,103.0,106.0,77.6,75.8,76.7,0.9,0.0062,3.8,76.3,0,0,0,
2026-06-14,04:00:00,maceta1,108.0,105.0,74.9,76.1,75.5,3.8,0.0065,6.3,77.3,0,0,0,
2026-06-14,04:00:00,maceta2,103.0,106.0,77.4,75.6,76.5,4.2,0.007,4.8,68.4,0,0,0,
2026-06-14,05:00:00,maceta1,108.0,106.0,74.7,75.9,75.3,5.5,0.0076,3.1,80.8,0,0,0,
2026-06-14,05:00:00,maceta2,103.0,107.0,77.2,75.4,76.3,24.1,0.0114,8.2,64.4,0,0,0,
2026-06-14,06:00:00,maceta1,109.0,106.0,74.5,75.7,75.1,6149.0,1.1451,8.7,68.6,1,0,0,
2026-06-14,06:00:00,maceta2,104.0,107.0,77.0,75.2,76.1,6231.1,1.1642,7.3,71.6,1,0,0,
2026-06-14,07:00:00,maceta1,109.0,107.0,74.3,75.5,74.9,6034.4,2.2615,8.6,72.1,1,0,0,
2026-06-14,07:00:00,maceta2,104.0,108.0,76.8,75.0,75.9,6274.7,2.325,9.9,77.9,1,0,0,
2026-06-14,08:00:00,maceta1,109.0,107.0,74.1,75.3,74.7,6124.4,3.3945,9.8,58.3,1,0,0,
2026-06-14,08:00:00,maceta2,104.0,108.0,76.6,74.8,75.7,6106.4,3.4547,10.8,65.0,1,0,0,
2026-06-14,09:00:00,maceta1,110.0,107.0,73.9,75.1,74.5,6398.8,4.5783,10.3,54.4,1,0,0,
2026-06-14,09:00:00,maceta2,105.0,108.0,76.4,74.6,75.5,5835.1,4.5342,12.7,65.2,1,0,0,
2026-06-14,10:00:00,maceta1,110.0,108.0,73.7,74.9,74.3,6417.4,5.7655,12.5,63.8,1,0,0,
2026-06-14,10:00:00,maceta2,105.0,109.0,76.3,74.4,75.3,6396.4,5.7175,12.3,70.4,1,0,0,
2026-06-14,11:00:00,maceta1,110.0,108.0,73.5,74.7,74.1,6154.5,6.9041,11.4,60.6,1,0,0,
2026-06-14,11:00:00,maceta2,106.0,109.0,76.0,74.2,75.1,6143.1,6.854,13.7,65.2,1,0,0,
2026-06-14,12:00:00,maceta1,111.0,108.0,73.3,74.5,73.9,6053.3,8.0239,13.0,60.8,1,0,0,
2026-06-14,12:00:00,maceta2,106.0,110.0,75.9,73.9,74.9,6495.9,8.0558,13.3,55.8,1,0,0,
2026-06-14,13:00:00,maceta1,111.0,109.0,73.1,74.3,73.7,5877.8,9.1113,13.9,49.3,1,0,0,
2026-06-14,13:00:00,maceta2,106.0,110.0,75.6,73.7,74.7,6213.2,9.2052,13.5,57.7,1,0,0,
2026-06-14,14:00:00,maceta1,111.0,109.0,73.0,74.0,73.5,6277.2,10.2726,18.8,47.9,1,0,0,
2026-06-14,14:00:00,maceta2,107.0,110.0,75.5,73.5,74.5,6454.0,10.3992,17.6,61.8,1,0,0,
2026-06-14,15:00:00,maceta1,112.0,110.0,72.8,73.8,73.3,6346.1,11.4466,18.6,54.2,1,0,0,
2026-06-14,15:00:00,maceta2,107.0,111.0,75.3,73.2,74.2,6250.7,11.5556,13.9,61.0,1,0,0,
2026-06-14,16:00:00,maceta1,112.0,110.0,72.5,73.6,73.1,5881.8,12.5348,15.7,52.9,1,0,0,
2026-06-14,16:00:00,maceta2,107.0,111.0,75.1,73.0,74.1,6061.6,12.677,13.7,56.7,1,0,0,
2026-06-14,17:00:00,maceta1,113.0,111.0,72.3,73.3,72.8,5897.2,13.6257,14.0,57.4,1,0,0,
2026-06-14,17:00:00,maceta2,108.0,112.0,74.9,72.8,73.8,6416.8,13.8641,13.7,56.1,1,0,0,
2026-06-14,18:00:00,maceta1,113.0,111.0,72.1,73.1,72.6,11.1,13.6278,16.2,55.8,0,0,0,
2026-06-14,18:00:00,maceta2,108.0,112.0,74.7,72.6,73.7,26.3,13.8689,13.7,59.9,0,0,0,
2026-06-14,19:00:00,maceta1,113.0,112.0,71.9,72.9,72.4,25.3,13.6325,14.9,55.4,0,0,0,
2026-06-14,19:00:00,maceta2,108.0,112.0,74.5,72.5,73.5,5.3,13.8699,14.2,54.0,0,0,0,
2026-06-14,20:00:00,maceta1,114.0,112.0,71.6,72.7,72.2,27.1,13.6375,15.5,68.6,0,0,0,
2026-06-14,20:00:00,maceta2,109.0,113.0,74.3,72.2,73.3,13.2,13.8724,9.8,66.0,0,0,0,
2026-06-14,21:00:00,maceta1,114.0,112.0,71.5,72.5,72.0,21.7,13.6415,12.7,65.3,0,0,0,
2026-06-14,21:00:00,maceta2,109.0,113.0,74.1,72.1,73.1,24.4,13.8769,12.5,73.3,0,0,0,
2026-06-14,22:00:00,maceta1,115.0,113.0,71.3,72.3,71.8,15.2,13.6443,8.0,66.2,0,0,0,
2026-06-14,22:00:00,maceta2,109.0,113.0,74.0,71.8,72.9,12.0,13.8791,11.0,74.2,0,0,0,
2026-06-14,23:00:00,maceta1,115.0,113.0,71.1,72.2,71.6,27.5,13.6494,8.8,70.9,0,0,0,
2026-06-14,23:00:00,maceta2,110.0,114.0,73.8,71.7,72.7,6.9,13.8804,7.9,64.9,0,0,0,
2026-06-15,00:00:00,maceta1,115.0,113.0,70.9,72.0,71.4,7.7,0.0014,5.9,81.3,0,0,0,
2026-06-15,00:00:00,maceta2,110.0,114.0,73.6,71.5,72.5,10.8,0.002,6.1,77.0,0,0,0,
2026-06-15,01:00:00,maceta1,116.0,114.0,70.7,71.8,71.2,25.8,0.0062,9.4,73.1,0,0,0,
2026-06-15,01:00:00,maceta2,110.0,115.0,73.4,71.3,72.4,28.2,0.0072,6.4,77.3,0,0,0,
2026-06-15,02:00:00,maceta1,116.0,114.0,70.5,71.5,71.0,6.6,0.0074,7.0,72.6,0,0,0,
2026-06-15,02:00:00,maceta2,111.0,115.0,73.3,71.1,72.2,25.9,0.012,4.7,78.8,0,0,0,
2026-06-15,03:00:00,maceta1,116.0,114.0,70.3,71.4,70.9,7.7,0.0089,4.5,63.0,0,0,0,
2026-06-15,03:00:00,maceta2,111.0,115.0,73.1,70.9,72.0,29.1,0.0174,7.3,69.9,0,0,0,
2026-06-15,04:00:00,maceta1,117.0,115.0,70.1,71.2,70.6,17.9,0.0122,3.8,79.6,0,0,0,
2026-06-15,04:00:00,maceta2,112.0,116.0,72.8,70.7,71.8,0.2,0.0174,5.2,73.4,0,0,0,
2026-06-15,05:00:00,maceta1,117.0,115.0,69.9,70.9,70.4,1.0,0.0124,6.4,74.7,0,0,0,
2026-06-15,05:00:00,maceta2,112.0,116.0,72.6,70.5,71.5,4.4,0.0183,6.5,66.9,0,0,0,
2026-06-15,06:00:00,maceta1,118.0,116.0,69.6,70.8,70.2,5910.3,1.1058,6.9,81.3,1,0,0,
2026-06-15,06:00:00,maceta2,112.0,116.0,72.5,70.3,71.4,5965.5,1.1219,7.8,78.0,1,0,0,
2026-06-15,07:00:00,maceta1,118.0,116.0,69.5,70.5,70.0,6056.1,2.2261,9.2,69.0,1,0,0,
2026-06-15,07:00:00,maceta2,113.0,117.0,72.2,70.1,71.2,6355.6,2.2977,9.3,68.0,1,0,0,
2026-06-15,08:00:00,maceta1,118.0,116.0,69.2,70.3,69.8,6316.5,3.3947,7.9,72.7,1,0,0,
2026-06-15,08:00:00,maceta2,113.0,117.0,72.0,69.9,71.0,6447.8,3.4905,9.0,77.5,1,0,0,
2026-06-15,09:00:00,maceta1,119.0,117.0,69.0,70.1,69.6,5841.0,4.4753,12.5,69.8,1,0,0,
2026-06-15,09:00:00,maceta2,113.0,118.0,71.8,69.7,70.8,5808.1,4.565,12.0,75.9,1,0,0,
2026-06-15,10:00:00,maceta1,119.0,117.0,68.8,70.0,69.4,6289.4,5.6388,9.9,57.8,1,0,0,
2026-06-15,10:00:00,maceta2,114.0,118.0,71.7,69.5,70.6,5995.5,5.6742,12.5,58.3,1,0,0,
2026-06-15,11:00:00,maceta1,120.0,118.0,68.6,69.7,69.2,6033.9,6.7551,10.2,54.1,1,0,0,
2026-06-15,11:00:00,maceta2,114.0,118.0,71.5,69.3,70.4,6182.8,6.818,13.3,62.2,1,0,0,
2026-06-15,12:00:00,maceta1,120.0,118.0,68.4,69.6,69.0,5871.7,7.8414,17.1,58.8,1,0,0,
2026-06-15,12:00:00,maceta2,114.0,119.0,71.3,69.1,70.2,6249.9,7.9742,12.8,57.2,1,0,0,
2026-06-15,13:00:00,maceta1,120.0,118.0,68.2,69.3,68.8,6027.6,8.9565,13.8,60.4,1,0,0,
2026-06-15,13:00:00,maceta2,115.0,119.0,71.1,68.9,70.0,6242.9,9.1291,16.2,62.5,1,0,0,
2026-06-15,14:00:00,maceta1,121.0,119.0,68.0,69.1,68.6,6383.8,10.1375,13.2,47.7,1,0,0,
2026-06-15,14:00:00,maceta2,115.0,120.0,70.9,68.6,69.8,5919.8,10.2243,14.6,52.4,1,0,0,
2026-06-15,15:00:00,maceta1,121.0,119.0,67.9,68.9,68.4,6451.6,11.331,16.6,59.1,1,0,0,
2026-06-15,15:00:00,maceta2,116.0,120.0,70.7,68.5,69.6,6171.5,11.366,14.8,52.7,1,0,0,
2026-06-15,16:00:00,maceta1,121.0,119.0,67.7,68.7,68.2,6446.0,12.5235,15.2,51.3,1,0,0,
2026-06-15,16:00:00,maceta2,116.0,120.0,70.5,68.2,69.4,5945.4,12.4659,16.6,60.4,1,0,0,
2026-06-15,17:00:00,maceta1,122.0,120.0,67.5,68.5,68.0,6223.2,13.6748,15.7,49.9,1,0,0,
2026-06-15,17:00:00,maceta2,116.0,121.0,70.3,68.0,69.2,6082.7,13.5912,15.4,54.8,1,0,0,
2026-06-15,18:00:00,maceta1,122.0,120.0,67.3,68.3,67.8,25.2,13.6795,13.7,59.6,0,0,0,
2026-06-15,18:00:00,maceta2,117.0,121.0,70.1,67.9,69.0,28.2,13.5965,14.8,55.1,0,0,0,
2026-06-15,19:00:00,maceta1,122.0,121.0,67.1,68.1,67.6,24.2,13.684,13.0,63.9,0,0,0,
2026-06-15,19:00:00,maceta2,117.0,121.0,69.9,67.7,68.8,10.6,13.5984,13.9,57.2,0,0,0,
2026-06-15,20:00:00,maceta1,123.0,121.0,67.0,67.9,67.4,24.4,13.6885,11.3,69.5,0,0,0,
2026-06-15,20:00:00,maceta2,118.0,122.0,69.7,67.5,68.6,27.7,13.6036,11.7,61.8,0,0,0,
2026-06-15,21:00:00,maceta1,123.0,121.0,66.8,67.6,67.2,28.4,13.6937,9.2,68.4,0,0,0,
2026-06-15,21:00:00,maceta2,118.0,122.0,69.5,67.4,68.4,20.5,13.6073,10.6,68.7,0,0,0,
2026-06-15,22:00:00,maceta1,124.0,122.0,66.6,67.4,67.0,6.3,13.6949,8.2,64.5,0,0,0,
2026-06-15,22:00:00,maceta2,118.0,122.0,69.3,67.2,68.3,1.2,13.6076,7.7,57.3,0,0,0,
2026-06-15,23:00:00,maceta1,124.0,122.0,66.4,67.2,66.8,4.4,13.6957,8.6,71.8,0,0,0,
2026-06-15,23:00:00,maceta2,119.0,123.0,69.1,67.0,68.0,29.0,13.6129,8.5,70.4,0,0,0,
2026-06-16,00:00:00,maceta1,124.0,123.0,66.2,67.0,66.6,13.9,0.0026,8.3,74.9,0,0,0,
2026-06-16,00:00:00,maceta2,119.0,128.0,68.9,64.2,66.5,25.6,0.0047,6.5,70.9,0,0,0,Discrepancia alta entre sensores de humedad
2026-06-16,01:00:00,maceta1,125.0,123.0,66.0,66.8,66.4,14.0,0.0051,6.9,71.5,0,0,0,
2026-06-16,01:00:00,maceta2,120.0,123.0,68.7,66.6,67.6,19.8,0.0084,7.1,83.7,0,0,0,
2026-06-16,02:00:00,maceta1,125.0,123.0,65.7,66.6,66.2,0.7,0.0053,6.5,67.3,0,0,0,
2026-06-16,02:00:00,maceta2,120.0,124.0,68.5,66.4,67.4,7.5,0.0098,4.6,78.3,0,0,0,
2026-06-16,03:00:00,maceta1,125.0,124.0,65.6,66.4,66.0,13.1,0.0077,5.9,72.1,0,0,0,
2026-06-16,03:00:00,maceta2,120.0,124.0,68.3,66.2,67.2,18.9,0.0133,6.2,73.3,0,0,0,
2026-06-16,04:00:00,maceta1,126.0,124.0,65.4,66.2,65.8,5.1,0.0087,5.8,73.1,0,0,0,
2026-06-16,04:00:00,maceta2,121.0,125.0,68.1,66.0,67.1,22.9,0.0175,2.7,70.6,0,0,0,
2026-06-16,05:00:00,maceta1,126.0,125.0,65.2,66.0,65.6,10.9,0.0107,6.6,76.5,0,0,0,
2026-06-16,05:00:00,maceta2,121.0,125.0,67.9,65.8,66.9,24.5,0.0221,9.6,80.6,0,0,0,
2026-06-16,06:00:00,maceta1,127.0,125.0,65.0,65.8,65.4,6379.0,1.1908,6.6,74.4,1,0,0,
2026-06-16,06:00:00,maceta2,121.0,125.0,67.8,65.6,66.7,6383.0,1.2029,6.0,72.6,1,0,0,
2026-06-16,07:00:00,maceta1,127.0,125.0,64.8,65.6,65.2,6395.4,2.3739,8.7,65.1,1,0,0,
2026-06-16,07:00:00,maceta2,122.0,126.0,67.6,65.4,66.5,6362.4,2.38,8.6,72.6,1,0,0,
2026-06-16,08:00:00,maceta1,127.0,126.0,64.6,65.4,65.0,6141.7,3.5102,11.1,78.4,1,0,0,
2026-06-16,08:00:00,maceta2,122.0,126.0,67.4,65.2,66.3,6067.0,3.5024,7.5,65.7,1,0,0,
2026-06-16,09:00:00,maceta1,128.0,126.0,64.2,65.2,64.7,6382.0,4.6908,11.7,63.1,1,0,0,Discrepancia alta entre sensores de humedad
2026-06-16,09:00:00,maceta2,122.0,126.0,67.2,65.0,66.1,6143.1,4.6389,11.5,62.2,1,0,0,
2026-06-16,10:00:00,maceta1,128.0,126.0,64.2,65.0,64.6,5972.5,5.7957,11.7,60.0,1,0,0,Discrepancia alta entre sensores de humedad
2026-06-16,10:00:00,maceta2,123.0,127.0,67.0,64.8,65.9,6155.1,5.7776,12.4,48.7,1,0,0,
2026-06-16,11:00:00,maceta1,128.0,127.0,64.0,64.8,64.4,5899.3,6.8871,14.7,62.0,1,0,0,Discrepancia alta entre sensores de humedad
2026-06-16,11:00:00,maceta2,128.0,127.0,64.2,64.6,64.4,6284.1,6.9401,14.5,55.8,1,0,0,Discrepancia alta entre sensores de humedad
2026-06-16,12:00:00,maceta1,129.0,127.0,63.8,64.6,64.2,6035.1,8.0036,12.5,49.9,1,0,0,
2026-06-16,12:00:00,maceta2,123.0,128.0,66.7,64.4,65.5,5982.5,8.0469,15.4,61.7,1,0,0,Discrepancia alta entre sensores de humedad
2026-06-16,13:00:00,maceta1,129.0,128.0,63.5,64.4,64.0,6469.6,9.2005,14.9,50.9,1,0,0,Discrepancia alta entre sensores de humedad
2026-06-16,13:00:00,maceta2,124.0,128.0,66.4,64.2,65.3,6343.8,9.2205,15.1,54.6,1,0,0,Discrepancia alta entre sensores de humedad
2026-06-16,14:00:00,maceta1,130.0,128.0,63.3,64.2,63.8,6350.9,10.3754,15.6,62.7,1,0,0,Discrepancia alta entre sensores de humedad
2026-06-16,14:00:00,maceta2,124.0,128.0,66.2,64.0,65.1,6236.6,10.3743,15.2,48.3,1,0,0,Discrepancia alta entre sensores de humedad
2026-06-16,15:00:00,maceta1,130.0,128.0,63.1,64.0,63.6,6387.4,11.5571,17.4,47.3,1,0,0,Discrepancia alta entre sensores de humedad
2026-06-16,15:00:00,maceta2,125.0,129.0,66.0,63.9,64.9,6331.4,11.5456,15.5,56.3,1,0,0,
2026-06-16,16:00:00,maceta1,130.0,129.0,63.0,63.8,63.4,6219.1,12.7076,13.8,61.1,1,0,0,
2026-06-16,16:00:00,maceta2,125.0,129.0,65.8,63.6,64.7,6472.8,12.743,14.9,47.5,1,0,0,
2026-06-16,17:00:00,maceta1,131.0,129.0,62.8,63.6,63.2,5934.1,13.8054,15.2,58.4,1,0,0,
2026-06-16,17:00:00,maceta2,125.0,130.0,65.6,63.4,64.5,6460.4,13.9382,16.8,59.2,1,0,0,
2026-06-16,18:00:00,maceta1,131.0,130.0,62.6,63.4,63.0,10.7,13.8074,15.1,47.6,0,0,0,
2026-06-16,18:00:00,maceta2,126.0,130.0,65.4,63.2,64.3,29.4,13.9436,12.9,61.9,0,0,0,
2026-06-16,19:00:00,maceta1,131.0,130.0,62.4,63.2,62.8,29.5,13.8128,16.9,64.4,0,0,0,
2026-06-16,19:00:00,maceta2,126.0,130.0,65.2,62.9,64.1,6.7,13.9449,13.5,58.4,0,0,0,
2026-06-16,20:00:00,maceta1,132.0,130.0,62.2,63.0,62.6,2.0,13.8132,13.9,68.7,0,0,0,
2026-06-16,20:00:00,maceta2,127.0,131.0,65.0,62.7,63.8,8.1,13.9464,11.7,68.1,0,0,0,
2026-06-16,21:00:00,maceta1,132.0,131.0,62.0,62.8,62.4,11.9,13.8154,11.4,65.5,0,0,0,
2026-06-16,21:00:00,maceta2,127.0,131.0,64.8,62.6,63.7,13.2,13.9488,11.9,62.7,0,0,0,
2026-06-16,22:00:00,maceta1,133.0,131.0,61.7,62.6,62.2,18.6,13.8189,11.2,62.7,0,0,0,
2026-06-16,22:00:00,maceta2,127.0,131.0,64.6,62.4,63.5,27.0,13.9538,10.9,67.4,0,0,0,
2026-06-16,23:00:00,maceta1,133.0,132.0,61.6,62.4,62.0,9.9,13.8207,9.5,72.8,0,0,0,
2026-06-16,23:00:00,maceta2,128.0,132.0,64.4,62.3,63.3,25.5,13.9585,7.7,68.4,0,0,0,Discrepancia alta entre sensores de humedad
2026-06-17,00:00:00,maceta1,133.0,132.0,61.3,62.2,61.8,2.8,0.0005,6.2,61.1,0,0,0,
2026-06-17,00:00:00,maceta2,128.0,132.0,64.2,62.1,63.2,1.3,0.0002,7.6,78.4,0,0,0,Discrepancia alta entre sensores de humedad
2026-06-17,01:00:00,maceta1,134.0,132.0,61.2,62.0,61.6,15.1,0.0033,7.7,74.6,0,0,0,
2026-06-17,01:00:00,maceta2,128.0,132.0,64.0,61.9,62.9,1.8,0.0006,5.9,71.8,0,0,0,Discrepancia alta entre sensores de humedad
2026-06-17,02:00:00,maceta1,134.0,133.0,61.0,61.8,61.4,11.8,0.0055,7.4,78.9,0,0,0,
2026-06-17,02:00:00,maceta2,129.0,133.0,63.8,61.7,62.7,26.9,0.0055,7.9,82.3,0,0,0,
2026-06-17,03:00:00,maceta1,134.0,133.0,60.8,61.6,61.2,7.2,0.0068,4.2,61.0,0,0,0,
2026-06-17,03:00:00,maceta2,129.0,133.0,63.6,61.5,62.5,21.2,0.0095,4.3,77.2,0,0,0,
2026-06-17,04:00:00,maceta1,135.0,133.0,60.6,61.5,61.0,9.1,0.0085,5.6,67.5,0,0,0,
2026-06-17,04:00:00,maceta2,130.0,134.0,63.4,61.2,62.3,1.3,0.0097,6.2,77.2,0,0,0,
2026-06-17,05:00:00,maceta1,135.0,134.0,60.4,61.3,60.8,16.7,0.0116,5.5,74.3,0,0,0,
2026-06-17,05:00:00,maceta2,130.0,134.0,63.3,61.0,62.1,25.0,0.0143,8.3,76.8,0,0,0,
2026-06-17,06:00:00,maceta1,136.0,134.0,60.2,61.0,60.6,6307.0,1.1784,7.7,69.6,1,0,0,
2026-06-17,06:00:00,maceta2,130.0,134.0,63.0,60.8,61.9,5899.2,1.1057,7.1,62.7,1,0,0,
2026-06-17,07:00:00,maceta1,136.0,134.0,60.1,60.9,60.5,6127.4,2.312,5.9,67.7,1,0,0,
2026-06-17,07:00:00,maceta2,131.0,135.0,62.9,60.6,61.7,6049.9,2.2249,6.1,72.0,1,0,0,
2026-06-17,08:00:00,maceta1,128.0,135.0,64.2,60.7,62.4,6185.4,3.4563,9.7,72.7,1,0,0,Discrepancia alta entre sensores de humedad
2026-06-17,08:00:00,maceta2,131.0,135.0,62.7,60.4,61.5,6294.5,3.3894,6.1,61.7,1,0,0,
2026-06-17,09:00:00,maceta1,137.0,135.0,59.7,60.5,60.1,6279.3,4.6179,12.1,70.1,1,0,0,
2026-06-17,09:00:00,maceta2,131.0,136.0,62.5,60.2,61.4,6160.9,4.5292,10.4,61.8,1,0,0,
2026-06-17,10:00:00,maceta1,137.0,135.0,59.5,60.3,59.9,6125.0,5.7511,16.7,64.2,1,0,0,
2026-06-17,10:00:00,maceta2,132.0,136.0,62.3,60.1,61.2,6078.5,5.6537,15.3,59.9,1,0,0,
2026-06-17,11:00:00,maceta1,137.0,136.0,59.3,60.1,59.7,6403.3,6.9357,12.8,60.9,1,0,0,
2026-06-17,11:00:00,maceta2,132.0,136.0,62.1,59.9,61.0,6031.6,6.7695,12.9,64.5,1,0,0,
2026-06-17,12:00:00,maceta1,138.0,136.0,59.1,59.9,59.5,5981.6,8.0423,15.6,51.8,1,0,0,
2026-06-17,12:00:00,maceta2,132.0,136.0,61.9,59.7,60.8,6320.3,7.9388,16.7,54.5,1,0,0,
2026-06-17,13:00:00,maceta1,138.0,137.0,58.9,59.7,59.3,6051.8,9.1619,12.5,57.3,1,0,0,
2026-06-17,13:00:00,maceta2,133.0,137.0,61.7,59.5,60.6,6392.9,9.1215,12.2,68.3,1,0,0,
2026-06-17,14:00:00,maceta1,139.0,137.0,58.7,59.5,59.1,6029.5,10.2773,14.5,51.0,1,0,0,
2026-06-17,14:00:00,maceta2,133.0,137.0,61.5,59.3,60.4,6291.4,10.2854,16.3,65.5,1,0,0,
2026-06-17,15:00:00,maceta1,139.0,137.0,58.4,59.4,58.9,5831.6,11.3562,16.3,65.0,1,0,0,
2026-06-17,15:00:00,maceta2,134.0,138.0,61.3,59.1,60.2,6069.9,11.4083,17.2,54.5,1,0,0,
2026-06-17,16:00:00,maceta1,139.0,138.0,58.3,59.2,58.7,6040.3,12.4736,13.6,53.8,1,0,0,
2026-06-17,16:00:00,maceta2,134.0,138.0,61.1,58.9,60.0,6371.7,12.5871,11.9,51.9,1,0,0,
2026-06-17,17:00:00,maceta1,140.0,138.0,58.0,59.0,58.5,6476.9,13.6719,16.2,56.0,1,0,0,
2026-06-17,17:00:00,maceta2,134.0,138.0,60.9,58.7,59.8,6122.6,13.7198,13.7,49.3,1,0,0,
2026-06-17,18:00:00,maceta1,140.0,138.0,57.8,58.8,58.3,19.2,13.6754,11.1,57.5,0,0,0,
2026-06-17,18:00:00,maceta2,135.0,139.0,60.7,58.5,59.6,17.6,13.723,14.3,65.4,0,0,0,
2026-06-17,19:00:00,maceta1,141.0,139.0,57.6,58.6,58.1,5.3,13.6764,14.3,56.9,0,0,0,
2026-06-17,19:00:00,maceta2,135.0,139.0,60.4,58.3,59.4,1.0,13.7232,12.9,58.8,0,0,0,
2026-06-17,20:00:00,maceta1,141.0,139.0,57.3,58.4,57.9,10.1,13.6783,11.2,53.9,0,0,0,
2026-06-17,20:00:00,maceta2,136.0,140.0,60.2,58.1,59.2,12.8,13.7256,11.6,64.3,0,0,0,
2026-06-17,21:00:00,maceta1,141.0,139.0,57.2,58.2,57.7,1.9,13.6786,10.0,66.3,0,0,0,
2026-06-17,21:00:00,maceta2,136.0,140.0,60.0,58.0,59.0,24.4,13.7301,8.6,65.3,0,0,0,
2026-06-17,22:00:00,maceta1,142.0,140.0,57.0,57.9,57.5,10.3,13.6805,8.2,66.5,0,0,0,
2026-06-17,22:00:00,maceta2,136.0,140.0,59.8,57.7,58.8,27.4,13.7352,10.1,66.1,0,0,0,
2026-06-17,23:00:00,maceta1,142.0,140.0,56.8,57.7,57.2,4.6,13.6814,8.6,72.5,0,0,0,
2026-06-17,23:00:00,maceta2,137.0,141.0,59.6,57.6,58.6,1.7,13.7355,8.3,69.9,0,0,0,
2026-06-18,00:00:00,maceta1,142.0,141.0,56.6,57.5,57.0,14.5,0.0027,5.5,73.6,0,0,0,
2026-06-18,00:00:00,maceta2,137.0,141.0,59.4,57.4,58.4,5.7,0.001,6.7,73.1,0,0,0,
2026-06-18,01:00:00,maceta1,143.0,141.0,56.4,57.3,56.9,28.1,0.0079,2.9,79.3,0,0,0,
2026-06-18,01:00:00,maceta2,138.0,141.0,59.2,57.2,58.2,0.3,0.0011,6.5,77.0,0,0,0,
2026-06-18,02:00:00,maceta1,143.0,142.0,56.2,57.0,56.6,12.4,0.0102,7.9,75.6,0,0,0,
2026-06-18,02:00:00,maceta2,138.0,142.0,59.0,57.0,58.0,27.8,0.0063,3.5,82.3,0,0,0,
2026-06-18,03:00:00,maceta1,143.0,142.0,56.1,56.8,56.4,11.5,0.0123,4.7,77.1,0,0,0,
2026-06-18,03:00:00,maceta2,138.0,142.0,58.8,56.8,57.8,2.8,0.0068,6.0,81.5,0,0,0,
2026-06-18,04:00:00,maceta1,144.0,142.0,55.9,56.7,56.3,9.1,0.014,7.6,77.7,0,0,0,
2026-06-18,04:00:00,maceta2,139.0,143.0,58.6,56.6,57.6,14.9,0.0095,5.0,65.4,0,0,0,
2026-06-18,05:00:00,maceta1,144.0,143.0,55.7,56.4,56.1,5.6,0.015,5.2,80.2,0,0,0,
2026-06-18,05:00:00,maceta2,139.0,143.0,58.3,56.4,57.4,14.0,0.0121,3.3,74.3,0,0,0,
2026-06-18,06:00:00,maceta1,145.0,143.0,55.5,56.3,55.9,6150.0,1.1528,7.2,71.8,1,0,0,
2026-06-18,06:00:00,maceta2,128.0,143.0,64.2,56.2,60.2,6422.3,1.2003,10.1,73.5,1,0,0,Discrepancia alta entre sensores de humedad
2026-06-18,07:00:00,maceta1,145.0,143.0,55.2,56.1,55.7,6117.8,2.2846,8.5,68.3,1,0,0,
2026-06-18,07:00:00,maceta2,140.0,143.0,58.0,56.1,57.0,5994.1,2.3092,8.0,71.1,1,0,0,
2026-06-18,08:00:00,maceta1,145.0,144.0,55.0,55.9,55.5,6441.5,3.4762,9.7,64.6,1,0,0,
2026-06-18,08:00:00,maceta2,140.0,144.0,57.8,55.9,56.8,6071.6,3.4324,9.2,74.0,1,0,0,
2026-06-18,09:00:00,maceta1,146.0,144.0,54.8,55.7,55.2,6152.4,4.6144,9.3,64.4,1,0,0,
2026-06-18,09:00:00,maceta2,141.0,144.0,57.6,55.6,56.6,6030.2,4.548,11.8,63.1,1,0,0,
2026-06-18,10:00:00,maceta1,146.0,145.0,54.6,55.5,55.0,6264.0,5.7733,12.2,57.8,1,0,0,
2026-06-18,10:00:00,maceta2,141.0,145.0,57.4,55.4,56.4,6496.5,5.7498,11.9,63.8,1,0,0,
2026-06-18,11:00:00,maceta1,147.0,145.0,54.4,55.3,54.8,5817.9,6.8496,11.6,60.9,1,0,0,
2026-06-18,11:00:00,maceta2,141.0,145.0,57.2,55.3,56.2,6429.9,6.9394,15.0,61.9,1,0,0,
2026-06-18,12:00:00,maceta1,147.0,145.0,54.2,55.1,54.7,5802.7,7.9231,15.1,52.8,1,0,0,
2026-06-18,12:00:00,maceta2,142.0,145.0,57.0,55.1,56.0,6055.0,8.0595,13.2,49.9,1,0,0,
2026-06-18,13:00:00,maceta1,147.0,146.0,54.0,54.9,54.4,5918.0,9.0179,16.4,59.5,1,0,0,
2026-06-18,13:00:00,maceta2,142.0,146.0,56.7,54.9,55.8,6330.1,9.2306,14.1,63.8,1,0,0,
2026-06-18,14:00:00,maceta1,148.0,146.0,53.8,54.7,54.2,5835.4,10.0975,14.2,50.2,1,0,0,
2026-06-18,14:00:00,maceta2,143.0,146.0,56.6,54.7,55.6,6187.4,10.3753,14.2,63.3,1,0,0,
2026-06-18,15:00:00,maceta1,148.0,147.0,53.6,54.4,54.0,6006.4,11.2087,12.9,56.4,1,0,0,
2026-06-18,15:00:00,maceta2,128.0,146.0,64.2,54.6,59.4,5893.6,11.4656,16.2,55.0,1,0,0,Discrepancia alta entre sensores de humedad
2026-06-18,16:00:00,maceta1,149.0,147.0,53.3,54.2,53.8,6340.3,12.3816,12.6,53.4,1,0,0,
2026-06-18,16:00:00,maceta2,143.0,147.0,56.1,54.4,55.2,5952.2,12.5667,13.5,48.4,1,0,0,
2026-06-18,17:00:00,maceta1,149.0,147.0,53.1,54.0,53.5,5956.6,13.4836,11.8,61.3,1,0,0,
2026-06-18,17:00:00,maceta2,144.0,147.0,55.9,54.2,55.0,5992.6,13.6754,14.7,52.5,1,0,0,
2026-06-18,18:00:00,maceta1,150.0,148.0,52.9,53.8,53.3,17.2,13.4868,13.8,54.0,0,0,0,
2026-06-18,18:00:00,maceta2,144.0,147.0,55.7,54.0,54.9,28.5,13.6806,13.6,62.9,0,0,0,
2026-06-18,19:00:00,maceta1,128.0,148.0,64.2,53.6,58.9,13.3,13.4892,11.5,50.6,0,0,0,Discrepancia alta entre sensores de humedad
2026-06-18,19:00:00,maceta2,145.0,148.0,55.5,53.8,54.7,13.1,13.6831,11.3,52.4,0,0,0,
2026-06-18,20:00:00,maceta1,150.0,149.0,52.5,53.4,52.9,15.0,13.492,12.5,62.3,0,0,0,
2026-06-18,20:00:00,maceta2,145.0,148.0,55.3,53.6,54.5,20.9,13.6869,11.0,63.9,0,0,0,
2026-06-18,21:00:00,maceta1,151.0,149.0,52.3,53.2,52.7,11.0,13.494,11.0,67.4,0,0,0,
2026-06-18,21:00:00,maceta2,145.0,148.0,55.2,53.5,54.3,25.9,13.6917,9.2,63.5,0,0,0,
2026-06-18,22:00:00,maceta1,151.0,149.0,52.1,52.9,52.5,0.9,13.4942,9.5,80.2,0,0,0,
2026-06-18,22:00:00,maceta2,146.0,149.0,55.0,53.2,54.1,13.2,13.6942,11.2,66.4,0,0,0,
2026-06-18,23:00:00,maceta1,151.0,150.0,51.9,52.8,52.3,15.3,13.497,8.9,68.8,0,0,0,
2026-06-18,23:00:00,maceta2,146.0,149.0,54.8,53.0,53.9,18.2,13.6975,7.4,66.0,0,0,0,
2026-06-19,00:00:00,maceta1,152.0,150.0,51.7,52.5,52.1,8.3,0.0015,7.3,72.7,0,0,0,
2026-06-19,00:00:00,maceta2,146.0,150.0,54.6,52.8,53.7,12.8,0.0024,6.6,75.1,0,0,0,
2026-06-19,01:00:00,maceta1,152.0,151.0,51.5,52.3,51.9,14.5,0.0042,6.2,79.7,0,0,0,
2026-06-19,01:00:00,maceta2,147.0,150.0,54.4,52.6,53.5,20.6,0.0062,5.7,66.2,0,0,0,
2026-06-19,02:00:00,maceta1,152.0,151.0,51.3,52.1,51.7,23.2,0.0085,5.4,73.4,0,0,0,
2026-06-19,02:00:00,maceta2,147.0,150.0,54.2,52.5,53.3,22.1,0.0103,6.0,76.9,0,0,0,
2026-06-19,03:00:00,maceta1,153.0,151.0,51.1,51.9,51.5,10.2,0.0104,4.0,77.9,0,0,0,
2026-06-19,03:00:00,maceta2,147.0,151.0,54.0,52.2,53.1,30.0,0.0158,4.0,75.0,0,0,0,
2026-06-19,04:00:00,maceta1,153.0,152.0,50.9,51.7,51.3,25.5,0.0151,3.6,77.4,0,0,0,
2026-06-19,04:00:00,maceta2,148.0,151.0,53.8,52.0,52.9,7.8,0.0173,3.3,70.6,0,0,0,
2026-06-19,05:00:00,maceta1,154.0,152.0,50.7,51.6,51.1,5.9,0.0162,4.3,81.4,0,0,0,
2026-06-19,05:00:00,maceta2,148.0,152.0,53.6,51.8,52.7,9.4,0.019,6.4,78.6,0,0,0,
2026-06-19,06:00:00,maceta1,154.0,152.0,50.5,51.3,50.9,5869.8,1.1021,5.6,65.3,1,0,0,
2026-06-19,06:00:00,maceta2,149.0,152.0,53.4,51.6,52.5,6320.4,1.1883,7.7,66.7,1,0,0,
2026-06-19,07:00:00,maceta1,155.0,153.0,50.2,51.1,50.7,6420.4,2.2899,8.0,64.8,1,0,0,
2026-06-19,07:00:00,maceta2,149.0,152.0,53.2,51.4,52.3,6255.6,2.3456,5.0,73.4,1,0,0,
2026-06-19,08:00:00,maceta1,155.0,153.0,50.0,50.9,50.5,5900.9,3.3816,10.2,61.2,1,0,0,
2026-06-19,08:00:00,maceta2,149.0,153.0,53.0,51.2,52.1,6454.4,3.5396,10.4,65.9,1,0,0,
2026-06-19,09:00:00,maceta1,155.0,154.0,49.9,50.8,50.3,6492.4,4.5826,9.0,67.3,1,0,1,
2026-06-19,09:00:00,maceta2,150.0,153.0,52.8,51.0,51.9,6103.4,4.6688,11.1,64.7,1,0,0,
2026-06-19,10:00:00,maceta1,88.0,91.0,85.3,83.9,84.6,6216.4,5.7327,10.5,63.7,1,0,0,
2026-06-19,10:00:00,maceta2,150.0,154.0,52.6,50.8,51.7,6344.1,5.8424,11.9,57.1,1,0,0,
2026-06-19,11:00:00,maceta1,88.0,91.0,85.1,83.7,84.4,6315.5,6.901,11.1,63.0,1,0,0,
2026-06-19,11:00:00,maceta2,150.0,154.0,52.5,50.6,51.5,6477.5,7.0407,10.3,56.9,1,0,0,
2026-06-19,12:00:00,maceta1,89.0,91.0,84.9,83.6,84.2,5880.4,7.9889,13.5,56.3,1,0,0,
2026-06-19,12:00:00,maceta2,151.0,154.0,52.3,50.4,51.3,6206.5,8.1889,13.8,59.1,1,0,0,
2026-06-19,13:00:00,maceta1,89.0,92.0,84.6,83.4,84.0,6284.4,9.1515,14.2,56.9,1,0,0,
2026-06-19,13:00:00,maceta2,151.0,155.0,52.1,50.2,51.2,6423.1,9.3772,13.0,56.5,1,0,0,
2026-06-19,14:00:00,maceta1,90.0,92.0,84.4,83.2,83.8,6411.9,10.3377,14.7,51.6,1,0,0,
2026-06-19,14:00:00,maceta2,151.0,155.0,52.0,50.0,51.0,6484.6,10.5769,15.7,53.8,1,0,1,
2026-06-19,15:00:00,maceta1,90.0,92.0,84.2,82.9,83.6,6158.5,11.477,15.4,55.0,1,0,0,
2026-06-19,15:00:00,maceta2,84.0,82.0,87.3,88.3,87.8,6381.5,11.7574,15.8,48.1,1,0,0,
2026-06-19,16:00:00,maceta1,90.0,93.0,84.0,82.7,83.4,6099.1,12.6054,14.3,53.0,1,0,0,
2026-06-19,16:00:00,maceta2,85.0,83.0,87.1,88.0,87.6,6095.6,12.8851,17.1,57.3,1,0,0,
2026-06-19,17:00:00,maceta1,91.0,93.0,83.8,82.5,83.2,5977.3,13.7112,13.1,50.0,1,0,0,
2026-06-19,17:00:00,maceta2,85.0,83.0,86.9,87.8,87.4,6372.8,14.0641,15.6,62.1,1,0,0,
2026-06-19,18:00:00,maceta1,91.0,94.0,83.6,82.4,83.0,13.5,13.7137,15.8,64.3,0,0,0,
2026-06-19,18:00:00,maceta2,85.0,83.0,86.8,87.7,87.2,3.6,14.0648,14.7,51.7,0,0,0,
2026-06-19,19:00:00,maceta1,92.0,94.0,83.4,82.2,82.8,16.8,13.7168,12.7,66.8,0,0,0,
2026-06-19,19:00:00,maceta2,86.0,84.0,86.6,87.4,87.0,8.0,14.0662,12.2,59.3,0,0,0,
2026-06-19,20:00:00,maceta1,92.0,94.0,83.2,82.0,82.6,11.5,13.7189,13.3,64.5,0,0,0,
2026-06-19,20:00:00,maceta2,86.0,84.0,86.4,87.2,86.8,0.5,14.0663,9.6,59.9,0,0,0,
2026-06-19,21:00:00,maceta1,92.0,95.0,83.0,81.8,82.4,11.5,13.721,9.0,69.6,0,0,0,
2026-06-19,21:00:00,maceta2,86.0,85.0,86.1,87.0,86.6,24.3,14.0708,9.9,67.0,0,0,0,
2026-06-19,22:00:00,maceta1,93.0,95.0,82.8,81.6,82.2,16.3,13.724,11.1,63.5,0,0,0,
2026-06-19,22:00:00,maceta2,87.0,85.0,85.9,86.9,86.4,0.3,14.0709,9.8,61.8,0,0,0,
2026-06-19,23:00:00,maceta1,93.0,95.0,82.6,81.5,82.0,14.1,13.7266,6.5,62.7,0,0,0,
2026-06-19,23:00:00,maceta2,87.0,85.0,85.7,86.7,86.2,8.7,14.0725,7.5,70.9,0,0,0,
2026-06-20,00:00:00,maceta1,93.0,96.0,82.5,81.3,81.9,14.3,0.0027,6.0,74.9,0,0,0,
2026-06-20,00:00:00,maceta2,88.0,86.0,85.4,86.5,86.0,12.1,0.0022,5.8,75.3,0,0,0,
2026-06-20,01:00:00,maceta1,94.0,96.0,82.3,81.1,81.7,28.0,0.0078,7.6,73.1,0,0,0,
2026-06-20,01:00:00,maceta2,88.0,86.0,85.2,86.3,85.8,1.2,0.0025,4.1,67.9,0,0,0,
2026-06-20,02:00:00,maceta1,94.0,96.0,82.1,80.9,81.5,20.5,0.0116,8.0,71.2,0,0,0,
2026-06-20,02:00:00,maceta2,88.0,86.0,85.0,86.2,85.6,25.5,0.0072,6.9,80.4,0,0,0,
2026-06-20,03:00:00,maceta1,94.0,97.0,81.9,80.7,81.3,28.8,0.0169,7.1,72.6,0,0,0,
2026-06-20,03:00:00,maceta2,89.0,87.0,84.8,86.0,85.4,5.3,0.0082,4.7,75.7,0,0,0,
2026-06-20,04:00:00,maceta1,95.0,97.0,81.7,80.6,81.1,15.9,0.0199,5.4,69.3,0,0,0,
2026-06-20,04:00:00,maceta2,89.0,87.0,84.6,85.8,85.2,1.3,0.0084,3.5,76.3,0,0,0,
2026-06-20,05:00:00,maceta1,95.0,97.0,81.4,80.4,80.9,15.0,0.0227,5.3,71.4,0,0,0,
2026-06-20,05:00:00,maceta2,90.0,87.0,84.3,85.6,85.0,3.8,0.0091,6.9,78.9,0,0,0,
2026-06-20,06:00:00,maceta1,96.0,98.0,81.2,80.2,80.7,6423.0,1.2109,8.9,75.9,1,0,0,
2026-06-20,06:00:00,maceta2,90.0,88.0,84.1,85.4,84.8,6174.8,1.1515,5.2,69.6,1,0,0,
2026-06-20,07:00:00,maceta1,96.0,98.0,81.0,79.9,80.5,5994.1,2.3198,7.4,69.4,1,0,0,
2026-06-20,07:00:00,maceta2,91.0,88.0,83.9,85.2,84.6,6416.1,2.3384,7.7,67.2,1,0,0,
2026-06-20,08:00:00,maceta1,96.0,98.0,80.8,79.8,80.3,6179.0,3.4629,7.1,60.5,1,0,0,
2026-06-20,08:00:00,maceta2,91.0,88.0,83.7,85.0,84.4,6434.3,3.5288,10.0,63.3,1,0,0,
2026-06-20,09:00:00,maceta1,97.0,99.0,80.6,79.6,80.1,5828.1,4.5411,9.4,66.0,1,0,0,
2026-06-20,09:00:00,maceta2,91.0,89.0,83.5,84.9,84.2,6078.3,4.6532,10.1,66.6,1,0,0,
2026-06-20,10:00:00,maceta1,97.0,99.0,80.5,79.4,79.9,6463.5,5.7369,11.1,63.2,1,0,0,
2026-06-20,10:00:00,maceta2,92.0,89.0,83.3,84.6,83.9,5974.8,5.7586,10.6,60.9,1,0,0,
2026-06-20,11:00:00,maceta1,97.0,100.0,80.3,79.2,79.8,6459.1,6.9318,12.9,64.7,1,0,0,
2026-06-20,11:00:00,maceta2,92.0,90.0,83.1,84.5,83.8,6467.7,6.9551,12.6,60.3,1,0,0,
2026-06-20,12:00:00,maceta1,98.0,100.0,80.1,79.0,79.6,6417.5,8.1191,13.4,61.4,1,0,0,
2026-06-20,12:00:00,maceta2,93.0,90.0,82.9,84.3,83.6,6194.6,8.1011,12.9,49.1,1,0,0,
2026-06-20,13:00:00,maceta1,98.0,100.0,79.9,78.8,79.3,6252.9,9.2758,15.3,36.7,1,0,0,
2026-06-20,13:00:00,maceta2,93.0,90.0,82.7,84.1,83.4,6408.7,9.2867,17.3,57.8,1,0,0,
2026-06-20,14:00:00,maceta1,99.0,101.0,79.7,78.6,79.1,6343.1,10.4493,15.5,48.2,1,0,0,
2026-06-20,14:00:00,maceta2,93.0,91.0,82.4,83.8,83.1,6241.1,10.4413,16.8,54.3,1,0,0,
2026-06-20,15:00:00,maceta1,99.0,101.0,79.5,78.5,79.0,6487.6,11.6495,13.4,53.5,1,0,0,
2026-06-20,15:00:00,maceta2,94.0,91.0,82.2,83.7,82.9,6280.0,11.6031,15.7,62.9,1,0,0,
2026-06-20,16:00:00,maceta1,99.0,101.0,79.2,78.3,78.7,6482.8,12.8488,13.6,57.3,1,0,0,
2026-06-20,16:00:00,maceta2,94.0,91.0,82.0,83.4,82.7,5840.2,12.6835,13.1,56.2,1,0,0,
2026-06-20,17:00:00,maceta1,100.0,102.0,79.0,78.0,78.5,5897.3,13.9398,13.7,60.5,1,0,0,
2026-06-20,17:00:00,maceta2,95.0,92.0,81.8,83.2,82.5,6116.0,13.815,16.6,58.2,1,0,0,
2026-06-20,18:00:00,maceta1,100.0,102.0,78.8,77.8,78.3,2.3,13.9403,15.4,55.6,0,0,0,
2026-06-20,18:00:00,maceta2,95.0,92.0,81.6,83.0,82.3,27.4,13.8201,14.3,63.3,0,0,0,
2026-06-20,19:00:00,maceta1,101.0,103.0,78.6,77.6,78.1,7.0,13.9416,10.6,54.5,0,0,0,
2026-06-20,19:00:00,maceta2,95.0,93.0,81.4,82.9,82.1,10.3,13.822,12.6,61.6,0,0,0,
2026-06-20,20:00:00,maceta1,101.0,103.0,78.5,77.4,77.9,8.4,13.9431,12.2,54.7,0,0,0,
2026-06-20,20:00:00,maceta2,96.0,93.0,81.2,82.6,81.9,12.4,13.8243,12.0,63.4,0,0,0,
2026-06-20,21:00:00,maceta1,101.0,103.0,78.3,77.2,77.7,21.4,13.9471,7.7,66.0,0,0,0,
2026-06-20,21:00:00,maceta2,96.0,93.0,81.0,82.4,81.7,26.1,13.8291,9.1,73.4,0,0,0,
2026-06-20,22:00:00,maceta1,102.0,104.0,78.1,77.0,77.5,5.5,13.9481,9.1,59.8,0,0,0,
2026-06-20,22:00:00,maceta2,96.0,94.0,80.8,82.2,81.5,20.6,13.8329,10.0,64.6,0,0,0,
2026-06-20,23:00:00,maceta1,102.0,104.0,77.8,76.8,77.3,10.6,13.95,4.6,74.1,0,0,0,
2026-06-20,23:00:00,maceta2,97.0,94.0,80.6,82.0,81.3,29.4,13.8384,7.7,71.7,0,0,0,
2026-06-21,00:00:00,maceta1,102.0,104.0,77.7,76.6,77.1,9.0,0.0017,7.1,73.0,0,0,0,
2026-06-21,00:00:00,maceta2,97.0,94.0,80.4,81.8,81.1,0.2,0.0,8.1,67.3,0,0,0,
2026-06-21,01:00:00,maceta1,103.0,105.0,77.4,76.4,76.9,15.5,0.0045,7.1,70.7,0,0,0,
2026-06-21,01:00:00,maceta2,98.0,95.0,80.1,81.6,80.9,4.5,0.0009,6.9,79.9,0,0,0,
2026-06-21,02:00:00,maceta1,103.0,105.0,77.2,76.2,76.7,1.3,0.0048,4.4,74.4,0,0,0,
2026-06-21,02:00:00,maceta2,98.0,95.0,79.9,81.4,80.6,20.9,0.0048,2.7,76.5,0,0,0,
2026-06-21,03:00:00,maceta1,104.0,106.0,77.0,76.0,76.5,22.0,0.0088,4.8,74.4,0,0,0,
2026-06-21,03:00:00,maceta2,99.0,96.0,79.7,81.2,80.4,13.8,0.0073,6.9,69.1,0,0,0,
2026-06-21,04:00:00,maceta1,104.0,106.0,76.8,75.8,76.3,20.3,0.0126,7.7,79.3,0,0,0,
2026-06-21,04:00:00,maceta2,99.0,96.0,79.5,81.1,80.3,16.1,0.0103,6.6,77.2,0,0,0,
2026-06-21,05:00:00,maceta1,105.0,106.0,76.6,75.6,76.1,18.9,0.0161,6.7,85.2,0,0,0,
2026-06-21,05:00:00,maceta2,99.0,96.0,79.3,80.9,80.1,17.9,0.0136,6.6,68.6,0,0,0,
2026-06-21,06:00:00,maceta1,105.0,107.0,76.3,75.4,75.9,6008.3,1.1276,6.0,76.2,1,0,0,
2026-06-21,06:00:00,maceta2,100.0,97.0,79.1,80.8,79.9,5858.9,1.0975,6.7,65.5,1,0,0,
2026-06-21,07:00:00,maceta1,105.0,107.0,76.1,75.2,75.7,5803.5,2.2013,10.4,70.8,1,0,0,
2026-06-21,07:00:00,maceta2,100.0,97.0,78.9,80.5,79.7,6086.0,2.2234,6.5,74.9,1,0,0,
2026-06-21,08:00:00,maceta1,106.0,107.0,75.9,75.0,75.5,6240.9,3.3558,11.5,57.2,1,0,0,
2026-06-21,08:00:00,maceta2,100.0,97.0,78.7,80.3,79.5,6032.5,3.3394,8.6,66.6,1,0,0,
2026-06-21,09:00:00,maceta1,106.0,108.0,75.7,74.8,75.3,6385.7,4.5372,12.4,62.2,1,0,0,
2026-06-21,09:00:00,maceta2,101.0,98.0,78.5,80.1,79.3,6301.6,4.5052,8.3,61.5,1,0,0,
2026-06-21,10:00:00,maceta1,107.0,108.0,75.5,74.6,75.0,6045.1,5.6555,12.6,64.3,1,0,0,
2026-06-21,10:00:00,maceta2,101.0,98.0,78.4,79.9,79.1,6314.0,5.6733,10.6,68.0,1,0,0,
2026-06-21,11:00:00,maceta1,107.0,109.0,75.3,74.4,74.9,6458.3,6.8503,10.8,59.3,1,0,0,
2026-06-21,11:00:00,maceta2,102.0,99.0,78.1,79.7,78.9,5865.2,6.7584,13.2,61.0,1,0,0,
2026-06-21,12:00:00,maceta1,107.0,109.0,75.1,74.2,74.6,6014.3,7.963,15.4,58.5,1,0,0,
2026-06-21,12:00:00,maceta2,102.0,99.0,78.0,79.5,78.7,6124.3,7.8914,12.7,57.9,1,0,0,
2026-06-21,13:00:00,maceta1,108.0,109.0,74.9,74.0,74.4,6148.6,9.1005,12.5,50.9,1,0,0,
2026-06-21,13:00:00,maceta2,102.0,99.0,77.7,79.3,78.5,6179.5,9.0346,14.6,61.9,1,0,0,
2026-06-21,14:00:00,maceta1,108.0,110.0,74.6,73.9,74.3,6010.4,10.2124,15.1,56.8,1,0,0,
2026-06-21,14:00:00,maceta2,103.0,100.0,77.6,79.1,78.3,6267.1,10.194,16.0,57.3,1,0,0,
2026-06-21,15:00:00,maceta1,108.0,110.0,74.5,73.7,74.1,6251.6,11.3689,16.8,51.0,1,0,0,
2026-06-21,15:00:00,maceta2,103.0,100.0,77.4,78.8,78.1,6204.5,11.3418,15.3,52.7,1,0,0,
2026-06-21,16:00:00,maceta1,109.0,110.0,74.3,73.5,73.9,5879.6,12.4567,18.0,54.5,1,0,0,
2026-06-21,16:00:00,maceta2,103.0,100.0,77.2,78.7,77.9,6133.9,12.4766,15.6,47.7,1,0,0,
2026-06-21,17:00:00,maceta1,109.0,128.0,74.1,64.2,69.2,6049.4,13.5758,14.2,47.9,1,0,0,Discrepancia alta entre sensores de humedad
2026-06-21,17:00:00,maceta2,104.0,101.0,77.0,78.5,77.7,6143.7,13.6132,12.3,53.3,1,0,0,
2026-06-21,18:00:00,maceta1,110.0,111.0,73.9,73.1,73.5,16.3,13.5788,13.5,60.5,0,0,0,
2026-06-21,18:00:00,maceta2,104.0,101.0,76.8,78.2,77.5,7.8,13.6146,13.4,54.7,0,0,0,
2026-06-21,19:00:00,maceta1,110.0,111.0,73.6,72.9,73.3,10.6,13.5808,14.3,54.9,0,0,0,
2026-06-21,19:00:00,maceta2,104.0,102.0,76.6,78.1,77.3,26.8,13.6196,13.6,55.9,0,0,0,
2026-06-21,20:00:00,maceta1,110.0,112.0,73.5,72.7,73.1,1.7,13.5811,9.9,60.1,0,0,0,
2026-06-21,20:00:00,maceta2,105.0,102.0,76.5,77.8,77.1,17.7,13.6229,11.9,60.6,0,0,0,
2026-06-21,21:00:00,maceta1,111.0,112.0,73.3,72.5,72.9,11.2,13.5831,11.4,75.8,0,0,0,
2026-06-21,21:00:00,maceta2,105.0,103.0,76.3,77.6,76.9,11.6,13.625,12.7,70.3,0,0,0,
2026-06-21,22:00:00,maceta1,111.0,113.0,73.1,72.3,72.7,26.5,13.5881,10.4,72.7,0,0,0,
2026-06-21,22:00:00,maceta2,105.0,103.0,76.1,77.5,76.8,25.6,13.6297,10.2,73.4,0,0,0,
2026-06-21,23:00:00,maceta1,112.0,113.0,72.9,72.0,72.5,18.0,13.5914,8.0,65.0,0,0,0,
2026-06-21,23:00:00,maceta2,106.0,103.0,75.9,77.3,76.6,8.2,13.6313,8.5,63.9,0,0,0,
2026-06-22,00:00:00,maceta1,112.0,113.0,72.7,71.9,72.3,14.3,0.0026,8.7,66.5,0,0,0,
2026-06-22,00:00:00,maceta2,106.0,104.0,75.7,77.1,76.4,12.2,0.0023,4.8,78.7,0,0,0,
2026-06-22,01:00:00,maceta1,112.0,114.0,72.5,71.7,72.1,10.6,0.0046,5.5,70.9,0,0,0,
2026-06-22,01:00:00,maceta2,107.0,104.0,75.5,76.9,76.2,3.1,0.0028,4.9,67.4,0,0,0,
2026-06-22,02:00:00,maceta1,113.0,114.0,72.3,71.5,71.9,16.3,0.0076,6.1,72.5,0,0,0,
2026-06-22,02:00:00,maceta2,107.0,104.0,75.3,76.6,76.0,9.1,0.0045,7.4,73.5,0,0,0,
2026-06-22,03:00:00,maceta1,113.0,114.0,72.1,71.3,71.7,19.8,0.0113,4.5,76.3,0,0,0,
2026-06-22,03:00:00,maceta2,107.0,105.0,75.1,76.5,75.8,9.6,0.0063,1.8,76.3,0,0,0,
2026-06-22,04:00:00,maceta1,113.0,115.0,71.9,71.1,71.5,12.9,0.0137,4.9,70.5,0,0,0,
2026-06-22,04:00:00,maceta2,108.0,105.0,74.9,76.2,75.6,1.6,0.0066,6.9,78.1,0,0,0,
2026-06-22,05:00:00,maceta1,114.0,115.0,71.7,70.8,71.3,29.8,0.0192,6.8,70.5,0,0,0,
2026-06-22,05:00:00,maceta2,108.0,105.0,74.7,76.1,75.4,15.2,0.0094,6.7,72.9,0,0,0,
2026-06-22,06:00:00,maceta1,114.0,116.0,71.5,70.7,71.1,6317.6,1.1879,6.4,75.5,1,0,0,
2026-06-22,06:00:00,maceta2,108.0,106.0,74.6,75.9,75.2,6146.0,1.1464,4.9,68.9,1,0,0,
2026-06-22,07:00:00,maceta1,115.0,116.0,71.3,70.5,70.9,5820.1,2.2647,8.6,67.2,1,0,0,
2026-06-22,07:00:00,maceta2,109.0,106.0,74.4,75.7,75.1,6231.8,2.2993,6.6,73.0,1,0,0,
2026-06-22,08:00:00,maceta1,115.0,116.0,71.0,70.4,70.7,6088.0,3.3909,12.3,63.3,1,0,0,
2026-06-22,08:00:00,maceta2,109.0,107.0,74.3,75.5,74.9,6445.3,3.4917,9.9,65.7,1,0,0,
2026-06-22,09:00:00,maceta1,115.0,117.0,70.8,70.1,70.5,6149.7,4.5286,9.5,67.8,1,0,0,
2026-06-22,09:00:00,maceta2,109.0,107.0,74.0,75.3,74.7,6296.3,4.6565,9.4,75.3,1,0,0,
2026-06-22,10:00:00,maceta1,116.0,117.0,70.6,70.0,70.3,5953.2,5.63,11.5,65.4,1,0,0,
2026-06-22,10:00:00,maceta2,110.0,107.0,73.8,75.2,74.5,6332.7,5.828,11.3,64.8,1,0,0,
2026-06-22,11:00:00,maceta1,116.0,117.0,70.5,69.8,70.1,6304.7,6.7963,14.5,62.7,1,0,0,
2026-06-22,11:00:00,maceta2,128.0,108.0,64.2,75.0,69.6,6432.9,7.0181,13.1,54.6,1,0,0,Discrepancia alta entre sensores de humedad
2026-06-22,12:00:00,maceta1,116.0,118.0,70.3,69.5,69.9,5823.7,7.8737,12.8,58.5,1,0,0,
2026-06-22,12:00:00,maceta2,110.0,108.0,73.5,74.8,74.1,6113.3,8.149,16.7,57.8,1,0,0,
2026-06-22,13:00:00,maceta1,117.0,118.0,70.1,69.4,69.7,6275.4,9.0347,14.8,57.9,1,0,0,
2026-06-22,13:00:00,maceta2,111.0,108.0,73.2,74.6,73.9,5866.6,9.2344,15.8,56.9,1,0,0,
2026-06-22,14:00:00,maceta1,117.0,119.0,69.9,69.2,69.5,6087.4,10.1608,14.3,57.2,1,0,0,
2026-06-22,14:00:00,maceta2,111.0,109.0,73.0,74.4,73.7,6459.5,10.4294,15.7,53.8,1,0,0,
2026-06-22,15:00:00,maceta1,117.0,128.0,69.7,64.2,67.0,6105.2,11.2903,15.8,55.3,1,0,0,Discrepancia alta entre sensores de humedad
2026-06-22,15:00:00,maceta2,112.0,109.0,72.9,74.2,73.5,6489.8,11.63,12.5,48.9,1,0,0,
2026-06-22,16:00:00,maceta1,118.0,119.0,69.5,68.8,69.1,5839.8,12.3707,18.2,53.7,1,0,0,
2026-06-22,16:00:00,maceta2,112.0,109.0,72.6,74.0,73.3,6302.5,12.7959,17.1,62.3,1,0,0,
2026-06-22,17:00:00,maceta1,118.0,120.0,69.3,68.5,68.9,6206.7,13.5189,14.1,57.9,1,0,0,
2026-06-22,17:00:00,maceta2,112.0,110.0,72.4,73.8,73.1,6150.4,13.9338,13.0,56.2,1,0,0,
2026-06-22,18:00:00,maceta1,119.0,120.0,69.2,68.4,68.8,10.0,13.5207,14.4,67.4,0,0,0,
2026-06-22,18:00:00,maceta2,113.0,110.0,72.2,73.6,72.9,7.3,13.9351,14.0,51.1,0,0,0,
2026-06-22,19:00:00,maceta1,119.0,120.0,69.0,68.2,68.6,24.5,13.5253,13.4,54.5,0,0,0,
2026-06-22,19:00:00,maceta2,113.0,110.0,72.0,73.4,72.7,3.2,13.9357,13.1,68.6,0,0,0,
2026-06-22,20:00:00,maceta1,119.0,121.0,68.8,68.0,68.4,14.6,13.528,12.4,62.6,0,0,0,
2026-06-22,20:00:00,maceta2,114.0,111.0,71.8,73.3,72.5,19.0,13.9392,13.8,61.2,0,0,0,
2026-06-22,21:00:00,maceta1,120.0,121.0,68.6,67.7,68.2,3.1,13.5285,11.2,59.0,0,0,0,
2026-06-22,21:00:00,maceta2,114.0,111.0,71.6,73.1,72.3,15.6,13.9421,8.8,67.2,0,0,0,
2026-06-22,22:00:00,maceta1,120.0,122.0,68.4,67.5,68.0,17.3,13.5318,11.1,70.3,0,0,0,
2026-06-22,22:00:00,maceta2,114.0,112.0,71.4,72.8,72.1,22.3,13.9462,11.5,62.1,0,0,0,
2026-06-22,23:00:00,maceta1,120.0,122.0,68.2,67.3,67.8,7.0,13.5331,12.6,69.3,0,0,0,
2026-06-22,23:00:00,maceta2,115.0,112.0,71.1,72.7,71.9,8.8,13.9479,6.2,68.3,0,0,0,
2026-06-23,00:00:00,maceta1,121.0,123.0,68.0,67.1,67.6,17.1,0.0032,7.1,73.4,0,0,0,
2026-06-23,00:00:00,maceta2,115.0,112.0,70.9,72.5,71.7,29.5,0.0055,3.7,66.5,0,0,0,
2026-06-23,01:00:00,maceta1,121.0,123.0,67.9,66.9,67.4,6.5,0.0044,6.8,79.9,0,0,0,
2026-06-23,01:00:00,maceta2,116.0,113.0,70.7,72.3,71.5,29.6,0.0109,5.2,78.2,0,0,0,
2026-06-23,02:00:00,maceta1,121.0,123.0,67.7,66.6,67.1,21.4,0.0083,8.4,72.8,0,0,0,
2026-06-23,02:00:00,maceta2,116.0,113.0,70.5,72.1,71.3,24.8,0.0155,4.3,73.6,0,0,0,
2026-06-23,03:00:00,maceta1,122.0,124.0,67.4,66.5,67.0,2.7,0.0088,2.8,74.3,0,0,0,
2026-06-23,03:00:00,maceta2,116.0,113.0,70.3,71.9,71.1,9.0,0.0172,4.6,71.1,0,0,0,
2026-06-23,04:00:00,maceta1,128.0,124.0,64.2,66.3,65.2,1.7,0.0092,2.5,72.4,0,0,0,Discrepancia alta entre sensores de humedad
2026-06-23,04:00:00,maceta2,117.0,114.0,70.1,71.6,70.9,11.1,0.0192,6.6,73.3,0,0,0,
2026-06-23,05:00:00,maceta1,123.0,124.0,67.0,66.1,66.6,29.4,0.0146,2.9,81.7,0,0,0,
2026-06-23,05:00:00,maceta2,117.0,114.0,70.0,71.5,70.7,3.2,0.0198,6.0,78.4,0,0,0,
2026-06-23,06:00:00,maceta1,123.0,125.0,66.8,66.0,66.4,6050.6,1.134,3.7,76.7,1,0,0,
2026-06-23,06:00:00,maceta2,118.0,115.0,69.7,71.3,70.5,6416.8,1.2069,6.3,73.9,1,0,0,
2026-06-23,07:00:00,maceta1,123.0,125.0,66.6,65.7,66.2,6250.8,2.2904,10.3,64.4,1,0,0,
2026-06-23,07:00:00,maceta2,118.0,115.0,69.6,71.0,70.3,6299.1,2.3723,8.4,69.8,1,0,0,
2026-06-23,08:00:00,maceta1,124.0,126.0,66.4,65.5,65.9,5994.1,3.3993,7.7,72.4,1,0,0,
2026-06-23,08:00:00,maceta2,118.0,115.0,69.3,70.8,70.1,5800.4,3.4454,9.0,61.3,1,0,0,
2026-06-23,09:00:00,maceta1,124.0,126.0,66.2,65.3,65.8,6405.8,4.5843,10.3,68.2,1,0,0,
2026-06-23,09:00:00,maceta2,119.0,116.0,69.2,70.6,69.9,6375.7,4.6249,11.0,76.6,1,0,0,
2026-06-23,10:00:00,maceta1,125.0,126.0,66.0,65.2,65.6,5886.2,5.6733,9.6,67.7,1,0,0,
2026-06-23,10:00:00,maceta2,119.0,116.0,69.0,70.4,69.7,6061.9,5.7463,12.5,69.5,1,0,0,
2026-06-23,11:00:00,maceta1,125.0,127.0,65.7,64.9,65.3,6262.9,6.8319,8.8,61.1,1,0,0,
2026-06-23,11:00:00,maceta2,119.0,117.0,68.8,70.2,69.5,6256.5,6.9038,11.9,64.8,1,0,0,
2026-06-23,12:00:00,maceta1,126.0,127.0,65.5,64.8,65.1,6402.2,8.0163,13.1,54.3,1,0,0,
2026-06-23,12:00:00,maceta2,120.0,117.0,68.7,70.0,69.3,5898.2,7.9949,14.8,61.9,1,0,0,
2026-06-23,13:00:00,maceta1,126.0,127.0,65.3,64.5,64.9,6101.0,9.145,14.7,59.6,1,0,0,
2026-06-23,13:00:00,maceta2,120.0,128.0,68.5,64.2,66.3,5868.1,9.0805,12.5,57.8,1,0,0,Discrepancia alta entre sensores de humedad
2026-06-23,14:00:00,maceta1,126.0,128.0,65.2,64.3,64.8,6072.7,10.2685,13.7,61.9,1,0,0,Discrepancia alta entre sensores de humedad
2026-06-23,14:00:00,maceta2,120.0,118.0,68.3,69.6,69.0,5810.6,10.1555,15.4,52.6,1,0,0,
2026-06-23,15:00:00,maceta1,127.0,128.0,65.0,64.1,64.6,6428.8,11.4578,15.2,54.1,1,0,0,Discrepancia alta entre sensores de humedad
2026-06-23,15:00:00,maceta2,121.0,118.0,68.1,69.5,68.8,6168.9,11.2967,14.4,55.5,1,0,0,
2026-06-23,16:00:00,maceta1,127.0,129.0,64.8,63.9,64.3,6394.9,12.6409,14.4,50.2,1,0,0,
2026-06-23,16:00:00,maceta2,121.0,118.0,67.9,69.3,68.6,5841.9,12.3775,16.2,56.5,1,0,0,
2026-06-23,17:00:00,maceta1,127.0,129.0,64.6,63.7,64.1,5959.2,13.7433,13.9,47.7,1,0,0,
2026-06-23,17:00:00,maceta2,121.0,119.0,67.7,69.1,68.4,5981.6,13.4841,14.5,61.6,1,0,0,
2026-06-23,18:00:00,maceta1,128.0,129.0,64.3,63.5,63.9,2.5,13.7438,17.1,58.2,0,0,0,Discrepancia alta entre sensores de humedad
2026-06-23,18:00:00,maceta2,122.0,119.0,67.5,69.0,68.2,3.8,13.4848,11.7,55.3,0,0,0,
2026-06-23,19:00:00,maceta1,128.0,130.0,64.1,63.3,63.7,26.8,13.7487,10.0,55.8,0,0,0,Discrepancia alta entre sensores de humedad
2026-06-23,19:00:00,maceta2,122.0,119.0,67.3,68.7,68.0,23.1,13.489,14.0,58.8,0,0,0,
2026-06-23,20:00:00,maceta1,129.0,130.0,63.9,63.1,63.5,29.9,13.7542,10.6,65.9,0,0,0,
2026-06-23,20:00:00,maceta2,123.0,120.0,67.1,68.5,67.8,7.6,13.4905,11.1,65.2,0,0,0,
2026-06-23,21:00:00,maceta1,129.0,130.0,63.6,62.9,63.3,14.6,13.757,9.1,61.5,0,0,0,
2026-06-23,21:00:00,maceta2,123.0,120.0,66.8,68.3,67.6,7.1,13.4918,9.9,60.8,0,0,0,
2026-06-23,22:00:00,maceta1,129.0,131.0,63.5,62.7,63.1,18.7,13.7604,11.4,70.9,0,0,0,
2026-06-23,22:00:00,maceta2,123.0,121.0,66.6,68.1,67.4,3.5,13.4924,10.2,64.0,0,0,0,
2026-06-23,23:00:00,maceta1,130.0,131.0,63.2,62.5,62.9,3.8,13.7611,9.1,70.3,0,0,0,
2026-06-23,23:00:00,maceta2,124.0,121.0,66.4,67.9,67.2,2.2,13.4928,5.7,70.6,0,0,0,
2026-06-24,00:00:00,maceta1,130.0,131.0,63.0,62.4,62.7,20.8,0.0038,5.0,73.6,0,0,0,
2026-06-24,00:00:00,maceta2,124.0,121.0,66.3,67.7,67.0,14.8,0.0027,2.5,76.4,0,0,0,
2026-06-24,01:00:00,maceta1,131.0,132.0,62.8,62.2,62.5,18.5,0.0073,4.7,67.3,0,0,0,
2026-06-24,01:00:00,maceta2,124.0,122.0,66.1,67.5,66.8,26.4,0.0076,7.4,64.1,0,0,0,
2026-06-24,02:00:00,maceta1,131.0,132.0,62.6,62.0,62.3,22.2,0.0114,6.2,71.8,0,0,0,
2026-06-24,02:00:00,maceta2,128.0,122.0,64.2,67.3,65.8,13.9,0.0102,5.1,83.7,0,0,0,Discrepancia alta entre sensores de humedad
2026-06-24,03:00:00,maceta1,131.0,132.0,62.4,61.9,62.1,29.5,0.0168,5.2,85.1,0,0,0,
2026-06-24,03:00:00,maceta2,125.0,123.0,65.7,67.1,66.4,13.7,0.0127,4.2,84.2,0,0,0,
2026-06-24,04:00:00,maceta1,132.0,133.0,62.2,61.7,61.9,3.4,0.0175,5.8,73.7,0,0,0,
2026-06-24,04:00:00,maceta2,126.0,123.0,65.5,66.9,66.2,29.8,0.0182,6.6,65.7,0,0,0,
2026-06-24,05:00:00,maceta1,132.0,133.0,61.9,61.6,61.8,0.7,0.0176,3.5,61.9,0,0,0,
2026-06-24,05:00:00,maceta2,126.0,123.0,65.3,66.7,66.0,16.5,0.0213,6.4,70.6,0,0,0,
2026-06-24,06:00:00,maceta1,133.0,133.0,61.7,61.4,61.5,6209.8,1.1664,8.1,71.1,1,0,0,
2026-06-24,06:00:00,maceta2,126.0,124.0,65.2,66.5,65.8,6454.1,1.2153,6.1,78.6,1,0,0,
2026-06-24,07:00:00,maceta1,133.0,128.0,61.5,64.2,62.9,6042.1,2.2842,8.8,74.3,1,0,0,Discrepancia alta entre sensores de humedad
2026-06-24,07:00:00,maceta2,127.0,124.0,65.0,66.3,65.6,6274.0,2.376,12.0,71.1,1,0,0,
2026-06-24,08:00:00,maceta1,134.0,134.0,61.3,61.0,61.1,5943.3,3.3837,8.8,63.1,1,0,0,
2026-06-24,08:00:00,maceta2,127.0,124.0,64.8,66.1,65.4,6232.8,3.5291,9.6,62.8,1,0,0,
2026-06-24,09:00:00,maceta1,134.0,134.0,61.1,60.8,61.0,5890.7,4.4735,9.2,66.3,1,0,0,
2026-06-24,09:00:00,maceta2,127.0,125.0,64.6,65.9,65.3,5801.5,4.6023,10.5,68.5,1,0,0,
2026-06-24,10:00:00,maceta1,134.0,135.0,61.0,60.7,60.8,6452.1,5.6671,12.3,64.4,1,0,0,
2026-06-24,10:00:00,maceta2,128.0,125.0,64.5,65.7,65.1,6188.4,5.7472,11.9,57.2,1,0,0,Discrepancia alta entre sensores de humedad
2026-06-24,11:00:00,maceta1,134.0,135.0,60.8,60.5,60.7,6448.9,6.8602,11.2,63.3,1,0,0,
2026-06-24,11:00:00,maceta2,128.0,125.0,64.3,65.5,64.9,6033.7,6.8634,13.1,62.1,1,0,0,Discrepancia alta entre sensores de humedad
2026-06-24,12:00:00,maceta1,135.0,135.0,60.6,60.3,60.5,6029.5,7.9756,16.0,52.6,1,0,0,
2026-06-24,12:00:00,maceta2,128.0,126.0,64.1,65.3,64.7,6080.5,7.9883,14.5,54.0,1,0,0,Discrepancia alta entre sensores de humedad
2026-06-24,13:00:00,maceta1,135.0,136.0,60.4,60.1,60.3,6294.2,9.14,16.0,59.8,1,0,0,
2026-06-24,13:00:00,maceta2,129.0,126.0,63.9,65.1,64.5,6196.1,9.1346,14.3,55.2,1,0,0,
2026-06-24,14:00:00,maceta1,136.0,136.0,60.2,60.0,60.1,6447.7,10.3329,16.2,63.3,1,0,0,
2026-06-24,14:00:00,maceta2,129.0,127.0,63.7,64.9,64.3,5817.8,10.2109,15.5,57.8,1,0,0,
2026-06-24,15:00:00,maceta1,136.0,137.0,60.0,59.7,59.9,6295.7,11.4976,13.8,52.6,1,0,0,
2026-06-24,15:00:00,maceta2,129.0,127.0,63.5,64.8,64.1,6031.2,11.3266,15.8,54.9,1,0,0,
2026-06-24,16:00:00,maceta1,136.0,137.0,59.8,59.5,59.7,5926.2,12.5939,13.6,55.7,1,0,0,
2026-06-24,16:00:00,maceta2,130.0,127.0,63.2,64.5,63.9,6157.3,12.4657,14.2,51.7,1,0,0,
2026-06-24,17:00:00,maceta1,137.0,137.0,59.6,59.4,59.5,6153.5,13.7323,14.9,51.8,1,0,0,
2026-06-24,17:00:00,maceta2,130.0,128.0,63.0,64.4,63.7,5895.9,13.5565,15.1,59.8,1,0,0,Discrepancia alta entre sensores de humedad
2026-06-24,18:00:00,maceta1,137.0,138.0,59.4,59.1,59.3,1.7,13.7326,12.0,62.2,0,0,0,
2026-06-24,18:00:00,maceta2,131.0,128.0,62.8,64.2,63.5,28.4,13.5617,15.4,60.9,0,0,0,Discrepancia alta entre sensores de humedad
2026-06-24,19:00:00,maceta1,138.0,138.0,59.2,58.9,59.0,6.0,13.7338,13.6,67.6,0,0,0,
2026-06-24,19:00:00,maceta2,131.0,128.0,62.7,64.0,63.3,9.1,13.5634,11.7,57.3,0,0,0,Discrepancia alta entre sensores de humedad
2026-06-24,20:00:00,maceta1,138.0,138.0,59.0,58.7,58.8,14.7,13.7365,9.3,70.8,0,0,0,
2026-06-24,20:00:00,maceta2,131.0,129.0,62.5,63.8,63.2,11.4,13.5655,11.4,57.9,0,0,0,
2026-06-24,21:00:00,maceta1,138.0,139.0,58.8,58.5,58.7,20.0,13.7402,9.6,59.9,0,0,0,
2026-06-24,21:00:00,maceta2,132.0,129.0,62.3,63.6,63.0,29.2,13.5709,10.4,56.2,0,0,0,
2026-06-24,22:00:00,maceta1,139.0,139.0,58.6,58.3,58.4,18.2,13.7436,8.4,65.4,0,0,0,
2026-06-24,22:00:00,maceta2,132.0,130.0,62.2,63.4,62.8,21.6,13.575,6.0,65.1,0,0,0,
2026-06-24,23:00:00,maceta1,139.0,140.0,58.3,58.1,58.2,2.6,13.744,7.2,72.6,0,0,0,
2026-06-24,23:00:00,maceta2,132.0,130.0,61.9,63.2,62.6,18.8,13.5784,7.3,71.2,0,0,0,
2026-06-25,00:00:00,maceta1,140.0,140.0,58.1,57.9,58.0,13.6,0.0025,7.7,66.1,0,0,0,
2026-06-25,00:00:00,maceta2,133.0,130.0,61.7,63.0,62.4,26.6,0.0049,5.7,70.1,0,0,0,
2026-06-25,01:00:00,maceta1,140.0,140.0,57.9,57.7,57.8,11.6,0.0047,8.4,71.8,0,0,0,
2026-06-25,01:00:00,maceta2,133.0,131.0,61.5,62.8,62.2,20.4,0.0087,3.0,64.8,0,0,0,
2026-06-25,02:00:00,maceta1,140.0,141.0,57.7,57.4,57.6,6.8,0.0059,7.4,69.8,0,0,0,
2026-06-25,02:00:00,maceta2,133.0,131.0,61.3,62.6,62.0,7.8,0.0101,5.1,70.8,0,0,0,
2026-06-25,03:00:00,maceta1,141.0,141.0,57.5,57.3,57.4,11.3,0.008,6.5,82.2,0,0,0,
2026-06-25,03:00:00,maceta2,134.0,132.0,61.1,62.4,61.7,9.1,0.0118,5.4,76.0,0,0,0,
2026-06-25,04:00:00,maceta1,141.0,142.0,57.3,57.0,57.2,7.6,0.0094,7.1,78.0,0,0,0,
2026-06-25,04:00:00,maceta2,134.0,132.0,60.9,62.1,61.5,1.5,0.0121,4.8,67.2,0,0,0,
2026-06-25,05:00:00,maceta1,142.0,142.0,57.1,56.8,57.0,25.1,0.0141,4.3,79.6,0,0,0,
2026-06-25,05:00:00,maceta2,135.0,132.0,60.6,61.9,61.3,1.9,0.0124,8.0,80.2,0,0,0,
2026-06-25,06:00:00,maceta1,142.0,142.0,56.9,56.6,56.7,5916.7,1.1087,6.5,62.1,1,0,0,
2026-06-25,06:00:00,maceta2,135.0,133.0,60.4,61.8,61.1,6112.1,1.1432,7.0,68.5,1,0,0,
2026-06-25,07:00:00,maceta1,142.0,143.0,56.6,56.4,56.5,6038.1,2.2257,9.6,72.5,1,0,0,
2026-06-25,07:00:00,maceta2,136.0,133.0,60.1,61.6,60.9,6127.4,2.2767,6.2,73.2,1,0,0,
2026-06-25,08:00:00,maceta1,143.0,143.0,56.5,56.2,56.3,6100.4,3.3543,9.8,64.2,1,0,0,
2026-06-25,08:00:00,maceta2,136.0,133.0,60.0,61.4,60.7,6251.1,3.4332,8.1,66.1,1,0,0,
2026-06-25,09:00:00,maceta1,143.0,144.0,56.3,55.9,56.1,6456.0,4.5487,10.0,62.0,1,0,0,
2026-06-25,09:00:00,maceta2,136.0,134.0,59.8,61.2,60.5,5875.5,4.5202,10.3,65.6,1,0,0,
2026-06-25,10:00:00,maceta1,143.0,144.0,56.2,55.7,55.9,5869.5,5.6345,9.3,68.4,1,0,0,
2026-06-25,10:00:00,maceta2,137.0,134.0,59.6,61.0,60.3,6397.0,5.7036,10.4,58.6,1,0,0,
2026-06-25,11:00:00,maceta1,144.0,145.0,55.9,55.5,55.7,6154.5,6.7731,14.8,65.0,1,0,0,
2026-06-25,11:00:00,maceta2,137.0,135.0,59.3,60.8,60.0,6336.5,6.8759,14.1,56.1,1,0,0,
2026-06-25,12:00:00,maceta1,128.0,145.0,64.2,55.3,59.8,5950.8,7.874,13.7,53.7,1,0,0,Discrepancia alta entre sensores de humedad
2026-06-25,12:00:00,maceta2,138.0,135.0,59.1,60.6,59.9,6380.2,8.0562,14.1,62.0,1,0,0,
2026-06-25,13:00:00,maceta1,145.0,145.0,55.5,55.1,55.3,6446.7,9.0666,14.1,60.9,1,0,0,
2026-06-25,13:00:00,maceta2,128.0,135.0,64.2,60.4,62.3,6244.8,9.2115,16.6,60.6,1,0,0,Discrepancia alta entre sensores de humedad
2026-06-25,14:00:00,maceta1,145.0,146.0,55.3,54.9,55.1,5874.1,10.1533,14.8,48.8,1,0,0,
2026-06-25,14:00:00,maceta2,138.0,136.0,58.7,60.2,59.5,6426.7,10.4004,15.4,53.0,1,0,0,
2026-06-25,15:00:00,maceta1,145.0,146.0,55.1,54.7,54.9,6354.7,11.329,17.0,59.1,1,0,0,
2026-06-25,15:00:00,maceta2,139.0,136.0,58.6,60.0,59.3,6325.6,11.5707,14.1,55.2,1,0,0,
2026-06-25,16:00:00,maceta1,146.0,147.0,54.9,54.4,54.7,5825.7,12.4067,17.4,50.0,1,0,0,
2026-06-25,16:00:00,maceta2,139.0,136.0,58.4,59.9,59.1,6359.3,12.7471,12.8,57.6,1,0,0,
2026-06-25,17:00:00,maceta1,146.0,147.0,54.7,54.2,54.5,5896.6,13.4976,17.0,52.8,1,0,0,
2026-06-25,17:00:00,maceta2,140.0,137.0,58.1,59.7,58.9,5955.7,13.8489,14.0,65.3,1,0,0,
2026-06-25,18:00:00,maceta1,147.0,147.0,54.4,54.0,54.2,19.1,13.5011,13.4,65.7,0,0,0,
2026-06-25,18:00:00,maceta2,140.0,137.0,57.9,59.6,58.7,28.6,13.8542,10.9,60.9,0,0,0,
2026-06-25,19:00:00,maceta1,147.0,148.0,54.2,53.8,54.0,2.8,13.5016,12.1,66.8,0,0,0,
2026-06-25,19:00:00,maceta2,140.0,137.0,57.7,59.4,58.5,1.8,13.8546,11.2,60.3,0,0,0,
2026-06-25,20:00:00,maceta1,147.0,148.0,54.0,53.6,53.8,18.1,13.505,10.6,66.2,0,0,0,
2026-06-25,20:00:00,maceta2,141.0,138.0,57.5,59.2,58.4,29.0,13.8599,11.3,69.8,0,0,0,
2026-06-25,21:00:00,maceta1,148.0,148.0,53.8,53.4,53.6,15.1,13.5078,11.7,66.2,0,0,0,
2026-06-25,21:00:00,maceta2,141.0,138.0,57.3,58.9,58.1,1.5,13.8602,10.6,63.7,0,0,0,
2026-06-25,22:00:00,maceta1,148.0,149.0,53.6,53.2,53.4,6.6,13.509,9.4,59.1,0,0,0,
2026-06-25,22:00:00,maceta2,141.0,128.0,57.1,64.2,60.7,7.3,13.8616,7.3,67.2,0,0,0,Discrepancia alta entre sensores de humedad
2026-06-25,23:00:00,maceta1,148.0,149.0,53.5,53.0,53.2,10.1,13.5109,6.4,74.1,0,0,0,
2026-06-25,23:00:00,maceta2,142.0,139.0,57.0,58.5,57.8,1.3,13.8618,10.4,74.7,0,0,0,
2026-06-26,00:00:00,maceta1,149.0,150.0,53.3,52.8,53.1,27.1,0.005,5.6,74.6,0,0,0,
2026-06-26,00:00:00,maceta2,142.0,139.0,56.8,58.4,57.6,15.5,0.0029,9.2,69.4,0,0,0,
2026-06-26,01:00:00,maceta1,149.0,150.0,53.0,52.7,52.8,20.1,0.0087,5.5,63.8,0,0,0,
2026-06-26,01:00:00,maceta2,143.0,140.0,56.5,58.1,57.3,2.0,0.0032,5.9,71.2,0,0,0,
2026-06-26,02:00:00,maceta1,150.0,150.0,52.8,52.4,52.6,1.6,0.009,7.0,73.1,0,0,0,
2026-06-26,02:00:00,maceta2,143.0,140.0,56.4,58.0,57.2,17.6,0.0065,7.3,73.1,0,0,0,
2026-06-26,03:00:00,maceta1,150.0,151.0,52.6,52.2,52.4,26.6,0.014,5.0,78.1,0,0,0,
2026-06-26,03:00:00,maceta2,143.0,140.0,56.2,57.8,57.0,15.9,0.0094,4.6,84.9,0,0,0,
2026-06-26,04:00:00,maceta1,150.0,151.0,52.4,52.0,52.2,26.3,0.0188,5.3,75.3,0,0,0,
2026-06-26,04:00:00,maceta2,144.0,141.0,56.0,57.5,56.7,24.3,0.0139,5.9,73.6,0,0,0,
2026-06-26,05:00:00,maceta1,151.0,151.0,52.3,51.9,52.1,2.3,0.0193,7.2,72.4,0,0,0,
2026-06-26,05:00:00,maceta2,144.0,141.0,55.7,57.3,56.5,6.1,0.015,5.9,74.3,0,0,0,
2026-06-26,06:00:00,maceta1,151.0,152.0,52.1,51.7,51.9,6189.6,1.1643,7.6,67.9,1,0,0,
2026-06-26,06:00:00,maceta2,145.0,141.0,55.5,57.2,56.3,6389.9,1.1972,9.1,72.7,1,0,0,
2026-06-26,07:00:00,maceta1,151.0,152.0,51.9,51.5,51.7,5907.0,2.2571,8.3,72.3,1,0,0,
2026-06-26,07:00:00,maceta2,145.0,142.0,55.3,57.0,56.1,5822.9,2.2744,8.2,71.0,1,0,0,
2026-06-26,08:00:00,maceta1,152.0,152.0,51.7,51.3,51.5,5972.8,3.3621,6.6,69.9,1,0,0,
2026-06-26,08:00:00,maceta2,145.0,142.0,55.1,56.9,56.0,6485.8,3.4743,5.0,69.8,1,0,0,
2026-06-26,09:00:00,maceta1,152.0,128.0,51.5,64.2,57.8,6380.1,4.5424,10.8,56.1,1,0,0,Discrepancia alta entre sensores de humedad
2026-06-26,09:00:00,maceta2,146.0,142.0,54.9,56.6,55.8,6217.1,4.6245,10.1,68.2,1,0,0,
2026-06-26,10:00:00,maceta1,153.0,153.0,51.3,50.9,51.1,6450.5,5.7358,10.7,59.1,1,0,0,
2026-06-26,10:00:00,maceta2,146.0,143.0,54.7,56.4,55.5,6111.7,5.7551,11.9,56.9,1,0,0,
2026-06-26,11:00:00,maceta1,153.0,154.0,51.0,50.7,50.8,6488.3,6.9361,12.6,54.5,1,0,0,
2026-06-26,11:00:00,maceta2,147.0,143.0,54.4,56.2,55.3,6007.4,6.8665,14.4,62.2,1,0,0,
2026-06-26,12:00:00,maceta1,153.0,154.0,50.8,50.5,50.7,5968.2,8.0402,13.9,56.8,1,0,0,
2026-06-26,12:00:00,maceta2,147.0,144.0,54.2,56.0,55.1,6246.6,8.0221,12.6,49.5,1,0,0,
2026-06-26,13:00:00,maceta1,154.0,154.0,50.7,50.3,50.5,6064.7,9.1622,16.0,58.7,1,0,0,
2026-06-26,13:00:00,maceta2,147.0,144.0,54.0,55.8,54.9,6238.5,9.1762,14.2,49.1,1,0,0,
2026-06-26,14:00:00,maceta1,154.0,155.0,50.5,50.1,50.3,6013.5,10.2747,15.8,56.0,1,0,0,
2026-06-26,14:00:00,maceta2,148.0,144.0,53.8,55.6,54.7,6232.5,10.3293,14.3,56.5,1,0,0,
2026-06-26,15:00:00,maceta1,154.0,155.0,50.3,49.9,50.1,5993.0,11.3834,14.2,59.4,1,0,1,
2026-06-26,15:00:00,maceta2,148.0,145.0,53.6,55.4,54.5,5835.7,11.4089,15.3,63.9,1,0,0,
2026-06-26,16:00:00,maceta1,86.0,87.0,86.5,85.5,86.0,6438.5,12.5745,15.1,48.5,1,0,0,
2026-06-26,16:00:00,maceta2,148.0,145.0,53.4,55.1,54.3,6418.2,12.5962,15.8,55.1,1,0,0,
2026-06-26,17:00:00,maceta1,86.0,88.0,86.2,85.3,85.8,6479.6,13.7732,14.1,55.0,1,0,0,
2026-06-26,17:00:00,maceta2,149.0,146.0,53.2,54.9,54.1,6301.6,13.762,11.8,58.5,1,0,0,
2026-06-26,18:00:00,maceta1,86.0,88.0,86.1,85.1,85.6,1.6,13.7735,13.1,59.0,0,0,0,
2026-06-26,18:00:00,maceta2,149.0,146.0,53.0,54.7,53.9,12.0,13.7642,14.9,56.2,0,0,0,
2026-06-26,19:00:00,maceta1,87.0,89.0,85.9,84.9,85.4,10.1,13.7754,12.3,57.8,0,0,0,
2026-06-26,19:00:00,maceta2,150.0,146.0,52.8,54.5,53.7,19.1,13.7678,12.3,54.4,0,0,0,
2026-06-26,20:00:00,maceta1,87.0,89.0,85.7,84.6,85.1,16.1,13.7784,13.0,67.4,0,0,0,
2026-06-26,20:00:00,maceta2,128.0,147.0,64.2,54.4,59.3,17.9,13.7711,10.4,64.7,0,0,0,Discrepancia alta entre sensores de humedad
2026-06-26,21:00:00,maceta1,88.0,90.0,85.5,84.5,85.0,14.2,13.781,7.9,69.6,0,0,0,
2026-06-26,21:00:00,maceta2,150.0,147.0,52.5,54.1,53.3,8.3,13.7726,10.0,63.4,0,0,0,
2026-06-26,22:00:00,maceta1,88.0,90.0,85.3,84.3,84.8,28.6,13.7863,8.2,64.3,0,0,0,
2026-06-26,22:00:00,maceta2,151.0,148.0,52.3,53.9,53.1,2.6,13.7731,7.5,62.2,0,0,0,
2026-06-26,23:00:00,maceta1,88.0,90.0,85.1,84.1,84.6,28.2,13.7915,7.4,71.8,0,0,0,
2026-06-26,23:00:00,maceta2,151.0,148.0,52.1,53.7,52.9,9.3,13.7748,8.4,64.8,0,0,0,
2026-06-27,00:00:00,maceta1,89.0,91.0,84.9,83.9,84.4,15.4,0.0028,6.6,81.3,0,0,0,
2026-06-27,00:00:00,maceta2,151.0,148.0,51.9,53.5,52.7,3.3,0.0006,7.1,65.5,0,0,0,
2026-06-27,01:00:00,maceta1,89.0,91.0,84.8,83.6,84.2,2.1,0.0032,8.6,75.0,0,0,0,
2026-06-27,01:00:00,maceta2,152.0,149.0,51.6,53.3,52.4,12.9,0.003,5.3,81.5,0,0,0,
2026-06-27,02:00:00,maceta1,89.0,92.0,84.5,83.4,84.0,22.3,0.0074,5.8,77.7,0,0,0,
2026-06-27,02:00:00,maceta2,152.0,149.0,51.4,53.1,52.3,8.1,0.0045,4.6,75.5,0,0,0,
2026-06-27,03:00:00,maceta1,90.0,92.0,84.3,83.2,83.7,16.9,0.0105,3.9,70.2,0,0,0,
2026-06-27,03:00:00,maceta2,153.0,150.0,51.2,52.9,52.1,8.4,0.006,4.3,68.1,0,0,0,
2026-06-27,04:00:00,maceta1,90.0,92.0,84.1,83.0,83.5,11.7,0.0126,4.6,78.5,0,0,0,
2026-06-27,04:00:00,maceta2,128.0,150.0,64.2,52.7,58.4,27.2,0.0111,5.9,82.2,0,0,0,Discrepancia alta entre sensores de humedad
2026-06-27,05:00:00,maceta1,91.0,93.0,83.9,82.7,83.3,25.7,0.0174,9.4,71.5,0,0,0,
2026-06-27,05:00:00,maceta2,154.0,150.0,50.8,52.5,51.6,15.5,0.0139,4.8,68.0,0,0,0,
2026-06-27,06:00:00,maceta1,91.0,93.0,83.7,82.6,83.1,5815.1,1.0932,6.0,59.8,1,0,0,
2026-06-27,06:00:00,maceta2,154.0,151.0,50.6,52.3,51.4,6068.5,1.1366,6.5,67.2,1,0,0,
2026-06-27,07:00:00,maceta1,91.0,94.0,83.5,82.4,82.9,5848.1,2.1751,8.3,69.4,1,0,0,
2026-06-27,07:00:00,maceta2,154.0,151.0,50.4,52.1,51.2,6354.5,2.3122,8.1,78.0,1,0,0,
2026-06-27,08:00:00,maceta1,92.0,94.0,83.2,82.2,82.7,6316.1,3.3436,10.8,71.0,1,0,0,
2026-06-27,08:00:00,maceta2,155.0,151.0,50.2,51.9,51.0,6431.4,3.502,5.2,69.1,1,0,0,
2026-06-27,09:00:00,maceta1,92.0,94.0,83.0,82.0,82.5,5965.5,4.4472,6.6,63.0,1,0,0,
2026-06-27,09:00:00,maceta2,155.0,152.0,50.0,51.7,50.8,6119.4,4.6341,9.4,62.1,1,0,0,
2026-06-27,10:00:00,maceta1,93.0,94.0,82.8,81.9,82.3,5929.1,5.5441,13.1,69.4,1,0,0,
2026-06-27,10:00:00,maceta2,155.0,152.0,49.8,51.5,50.7,6059.9,5.7551,9.1,63.4,1,0,1,
2026-06-27,11:00:00,maceta1,93.0,95.0,82.5,81.7,82.1,6165.6,6.6847,8.2,49.5,1,0,0,
2026-06-27,11:00:00,maceta2,90.0,93.0,84.2,82.6,83.4,5837.3,6.835,13.5,56.6,1,0,0,
2026-06-27,12:00:00,maceta1,93.0,95.0,82.4,81.5,82.0,6300.4,7.8503,14.1,53.6,1,0,0,
2026-06-27,12:00:00,maceta2,90.0,94.0,84.0,82.3,83.1,6180.3,7.9784,12.1,55.2,1,0,0,
2026-06-27,13:00:00,maceta1,94.0,95.0,82.2,81.3,81.8,6380.3,9.0306,13.0,59.2,1,0,0,
2026-06-27,13:00:00,maceta2,91.0,94.0,83.7,82.2,82.9,5990.2,9.0866,13.1,55.8,1,0,0,
2026-06-27,14:00:00,maceta1,94.0,96.0,82.0,81.1,81.6,6432.3,10.2206,15.2,55.0,1,0,0,
2026-06-27,14:00:00,maceta2,91.0,94.0,83.6,81.9,82.8,6499.1,10.2889,14.1,61.9,1,0,0,
2026-06-27,15:00:00,maceta1,94.0,96.0,81.9,80.9,81.4,6443.5,11.4127,15.9,51.5,1,0,0,
2026-06-27,15:00:00,maceta2,92.0,95.0,83.4,81.8,82.6,6344.5,11.4627,10.9,64.3,1,0,0,
2026-06-27,16:00:00,maceta1,128.0,97.0,64.2,80.7,72.5,6368.7,12.5909,13.7,52.0,1,0,0,Discrepancia alta entre sensores de humedad
2026-06-27,16:00:00,maceta2,92.0,95.0,83.2,81.5,82.4,6201.6,12.61,13.3,55.8,1,0,0,
2026-06-27,17:00:00,maceta1,95.0,97.0,81.5,80.5,81.0,5933.1,13.6885,14.1,54.9,1,0,0,
2026-06-27,17:00:00,maceta2,92.0,95.0,83.0,81.3,82.2,6273.9,13.7706,13.7,57.0,1,0,0,
2026-06-27,18:00:00,maceta1,96.0,98.0,81.3,80.2,80.7,13.7,13.691,14.9,60.2,0,0,0,
2026-06-27,18:00:00,maceta2,93.0,96.0,82.8,81.1,82.0,6.2,13.7718,10.9,60.1,0,0,0,
2026-06-27,19:00:00,maceta1,96.0,98.0,81.1,80.0,80.6,15.0,13.6938,12.7,56.2,0,0,0,
2026-06-27,19:00:00,maceta2,93.0,96.0,82.6,80.9,81.7,27.1,13.7768,13.5,54.4,0,0,0,
2026-06-27,20:00:00,maceta1,96.0,98.0,80.9,79.8,80.3,18.5,13.6972,14.3,74.9,0,0,0,
2026-06-27,20:00:00,maceta2,93.0,97.0,82.4,80.7,81.5,25.7,13.7816,10.7,60.0,0,0,0,
2026-06-27,21:00:00,maceta1,97.0,99.0,80.7,79.5,80.1,5.0,13.6981,10.7,68.5,0,0,0,
2026-06-27,21:00:00,maceta2,94.0,97.0,82.2,80.5,81.3,27.0,13.7866,7.5,57.0,0,0,0,
2026-06-27,22:00:00,maceta1,97.0,99.0,80.5,79.3,79.9,18.1,13.7015,5.3,66.2,0,0,0,
2026-06-27,22:00:00,maceta2,94.0,98.0,82.0,80.2,81.1,1.0,13.7867,10.2,67.0,0,0,0,
2026-06-27,23:00:00,maceta1,97.0,100.0,80.3,79.1,79.7,19.0,13.705,7.7,72.4,0,0,0,
2026-06-27,23:00:00,maceta2,95.0,98.0,81.8,80.0,80.9,28.5,13.792,9.4,56.4,0,0,0,
2026-06-28,00:00:00,maceta1,98.0,100.0,80.1,78.9,79.5,2.4,0.0004,4.6,72.9,0,0,0,
2026-06-28,00:00:00,maceta2,95.0,98.0,81.5,79.8,80.6,17.5,0.0032,7.4,66.3,0,0,0,
2026-06-28,01:00:00,maceta1,98.0,100.0,79.9,78.7,79.3,27.5,0.0055,8.6,75.3,0,0,0,
2026-06-28,01:00:00,maceta2,95.0,99.0,81.3,79.6,80.5,0.3,0.0033,6.4,68.5,0,0,0,
2026-06-28,02:00:00,maceta1,99.0,101.0,79.7,78.5,79.1,18.9,0.009,5.7,70.4,0,0,0,
2026-06-28,02:00:00,maceta2,96.0,99.0,81.1,79.4,80.3,14.2,0.0059,5.3,73.3,0,0,0,
2026-06-28,03:00:00,maceta1,99.0,101.0,79.4,78.3,78.9,10.4,0.0109,2.8,69.7,0,0,0,
2026-06-28,03:00:00,maceta2,96.0,100.0,81.0,79.1,80.0,18.8,0.0094,7.2,72.6,0,0,0,
2026-06-28,04:00:00,maceta1,99.0,102.0,79.3,78.1,78.7,1.6,0.0112,4.4,68.7,0,0,0,
2026-06-28,04:00:00,maceta2,128.0,100.0,64.2,78.9,71.6,22.6,0.0136,6.1,65.5,0,0,0,Discrepancia alta entre sensores de humedad
2026-06-28,05:00:00,maceta1,100.0,102.0,79.1,77.9,78.5,0.1,0.0113,3.5,78.8,0,0,0,
2026-06-28,05:00:00,maceta2,97.0,100.0,80.6,78.7,79.7,9.2,0.0153,4.0,67.2,0,0,0,
2026-06-28,06:00:00,maceta1,100.0,102.0,78.9,77.7,78.3,6155.1,1.15,8.8,71.2,1,0,0,
2026-06-28,06:00:00,maceta2,97.0,101.0,80.3,78.5,79.4,5890.7,1.1051,6.1,75.8,1,0,0,
2026-06-28,07:00:00,maceta1,100.0,103.0,78.7,77.5,78.1,6410.1,2.3358,9.8,66.9,1,0,0,
2026-06-28,07:00:00,maceta2,98.0,101.0,80.2,78.3,79.3,6050.5,2.2244,7.5,65.9,1,0,0,
2026-06-28,08:00:00,maceta1,101.0,103.0,78.5,77.4,77.9,6238.2,3.4899,6.1,68.7,1,0,0,
2026-06-28,08:00:00,maceta2,98.0,101.0,80.0,78.2,79.1,5911.1,3.318,10.2,73.2,1,0,0,
2026-06-28,09:00:00,maceta1,101.0,103.0,78.3,77.1,77.7,5944.3,4.5896,9.3,59.2,1,0,0,
2026-06-28,09:00:00,maceta2,99.0,102.0,79.7,78.0,78.9,6494.4,4.5194,11.2,64.2,1,0,0,
2026-06-28,10:00:00,maceta1,102.0,104.0,78.1,76.9,77.5,6327.2,5.7601,11.5,53.7,1,0,0,
2026-06-28,10:00:00,maceta2,99.0,102.0,79.5,77.8,78.7,6473.4,5.717,9.1,60.4,1,0,0,
2026-06-28,11:00:00,maceta1,102.0,104.0,77.9,76.7,77.3,6007.1,6.8714,12.9,60.2,1,0,0,
2026-06-28,11:00:00,maceta2,99.0,102.0,79.4,77.6,78.5,5915.2,6.8113,15.9,55.7,1,0,0,
2026-06-28,12:00:00,maceta1,102.0,105.0,77.8,76.5,77.1,6152.1,8.0096,14.4,55.6,1,0,0,
2026-06-28,12:00:00,maceta2,100.0,103.0,79.1,77.5,78.3,6146.3,7.9484,13.6,50.9,1,0,0,
2026-06-28,13:00:00,maceta1,103.0,105.0,77.6,76.2,76.9,5922.5,9.1052,16.1,56.7,1,0,0,
2026-06-28,13:00:00,maceta2,100.0,103.0,79.0,77.3,78.1,6313.3,9.1163,14.8,61.6,1,0,0,
2026-06-28,14:00:00,maceta1,103.0,106.0,77.3,76.0,76.7,6053.2,10.2251,15.3,49.9,1,0,0,
2026-06-28,14:00:00,maceta2,100.0,104.0,78.7,77.1,77.9,5930.5,10.2135,13.3,52.2,1,0,0,
2026-06-28,15:00:00,maceta1,103.0,106.0,77.2,75.8,76.5,6032.4,11.3411,15.5,57.5,1,0,0,
2026-06-28,15:00:00,maceta2,101.0,104.0,78.5,76.9,77.7,6194.6,11.3595,16.7,61.1,1,0,0,
2026-06-28,16:00:00,maceta1,104.0,106.0,77.0,75.6,76.3,6308.5,12.5082,13.7,47.9,1,0,0,
2026-06-28,16:00:00,maceta2,101.0,104.0,78.3,76.7,77.5,6137.3,12.4949,17.1,54.5,1,0,0,
2026-06-28,17:00:00,maceta1,104.0,107.0,76.8,75.4,76.1,6167.9,13.6492,14.3,57.8,1,0,0,
2026-06-28,17:00:00,maceta2,102.0,105.0,78.1,76.5,77.3,5897.3,13.5859,13.1,55.8,1,0,0,
2026-06-28,18:00:00,maceta1,104.0,128.0,76.6,64.2,70.4,18.0,13.6526,15.2,45.5,0,0,0,Discrepancia alta entre sensores de humedad
2026-06-28,18:00:00,maceta2,102.0,105.0,77.9,76.4,77.1,25.8,13.5906,13.3,60.4,0,0,0,
2026-06-28,19:00:00,maceta1,105.0,108.0,76.4,75.0,75.7,0.1,13.6526,13.8,67.6,0,0,0,
2026-06-28,19:00:00,maceta2,102.0,105.0,77.7,76.2,76.9,5.7,13.5917,12.2,60.6,0,0,0,
2026-06-28,20:00:00,maceta1,105.0,108.0,76.2,74.7,75.5,6.6,13.6538,11.4,57.3,0,0,0,
2026-06-28,20:00:00,maceta2,103.0,106.0,77.5,76.0,76.8,28.5,13.597,12.2,59.8,0,0,0,
2026-06-28,21:00:00,maceta1,106.0,108.0,76.0,74.5,75.3,4.6,13.6547,10.6,73.8,0,0,0,
2026-06-28,21:00:00,maceta2,103.0,106.0,77.3,75.8,76.5,1.1,13.5972,7.2,69.5,0,0,0,
2026-06-28,22:00:00,maceta1,106.0,109.0,75.7,74.3,75.0,16.0,13.6576,7.2,70.8,0,0,0,
2026-06-28,22:00:00,maceta2,104.0,106.0,77.1,75.6,76.3,15.9,13.6001,10.2,69.4,0,0,0,
2026-06-28,23:00:00,maceta1,106.0,109.0,75.6,74.1,74.9,25.3,13.6623,7.5,66.7,0,0,0,
2026-06-28,23:00:00,maceta2,104.0,107.0,76.9,75.3,76.1,28.5,13.6054,6.9,69.0,0,0,0,
2026-06-29,00:00:00,maceta1,107.0,110.0,75.4,73.9,74.7,16.2,0.003,4.5,71.7,0,0,0,
2026-06-29,00:00:00,maceta2,104.0,107.0,76.7,75.1,75.9,27.9,0.0052,5.0,74.8,0,0,0,
2026-06-29,01:00:00,maceta1,107.0,110.0,75.2,73.7,74.4,21.8,0.007,2.8,81.2,0,0,0,
2026-06-29,01:00:00,maceta2,105.0,108.0,76.4,75.0,75.7,7.9,0.0066,5.6,79.3,0,0,0,
2026-06-29,02:00:00,maceta1,108.0,110.0,75.0,73.5,74.2,27.9,0.0122,4.4,67.6,0,0,0,
2026-06-29,02:00:00,maceta2,105.0,108.0,76.3,74.8,75.5,20.0,0.0103,3.8,75.8,0,0,0,
2026-06-29,03:00:00,maceta1,108.0,128.0,74.8,64.2,69.5,12.4,0.0145,5.0,78.7,0,0,0,Discrepancia alta entre sensores de humedad
2026-06-29,03:00:00,maceta2,106.0,108.0,76.0,74.6,75.3,20.4,0.0141,5.7,78.1,0,0,0,
2026-06-29,04:00:00,maceta1,108.0,111.0,74.6,73.1,73.9,12.0,0.0167,8.4,71.5,0,0,0,
2026-06-29,04:00:00,maceta2,106.0,109.0,75.8,74.4,75.1,3.4,0.0147,3.0,89.2,0,0,0,
2026-06-29,05:00:00,maceta1,109.0,111.0,74.4,73.0,73.7,21.6,0.0207,7.5,67.3,0,0,0,
2026-06-29,05:00:00,maceta2,106.0,109.0,75.6,74.3,74.9,24.7,0.0193,7.3,68.2,0,0,0,
2026-06-29,06:00:00,maceta1,109.0,112.0,74.1,72.8,73.4,5921.4,1.1161,5.4,73.2,1,0,0,
2026-06-29,06:00:00,maceta2,107.0,109.0,75.4,74.0,74.7,5901.8,1.1112,6.9,82.7,1,0,0,
2026-06-29,07:00:00,maceta1,110.0,112.0,73.9,72.6,73.3,6440.5,2.3076,6.9,65.8,1,0,0,
2026-06-29,07:00:00,maceta2,107.0,110.0,75.2,73.8,74.5,6417.4,2.2984,7.9,68.7,1,0,0,
2026-06-29,08:00:00,maceta1,110.0,112.0,73.7,72.4,73.0,5822.6,3.3848,11.1,73.0,1,0,0,
2026-06-29,08:00:00,maceta2,107.0,110.0,75.0,73.6,74.3,6326.2,3.4687,9.7,67.5,1,0,0,
2026-06-29,09:00:00,maceta1,110.0,113.0,73.5,72.2,72.8,6258.8,4.5427,10.9,63.3,1,0,0,
2026-06-29,09:00:00,maceta2,108.0,111.0,74.8,73.3,74.0,6337.4,4.6412,9.5,67.8,1,0,0,
2026-06-29,10:00:00,maceta1,111.0,113.0,73.3,71.9,72.6,6146.2,5.6797,9.2,63.8,1,0,0,
2026-06-29,10:00:00,maceta2,108.0,111.0,74.6,73.1,73.8,6494.0,5.8425,11.1,67.6,1,0,0,
2026-06-29,11:00:00,maceta1,111.0,114.0,73.1,71.7,72.4,5830.7,6.7584,14.4,66.5,1,0,0,
2026-06-29,11:00:00,maceta2,109.0,112.0,74.4,72.9,73.6,5964.1,6.9459,10.3,61.5,1,0,0,
2026-06-29,12:00:00,maceta1,112.0,114.0,72.8,71.5,72.2,6077.6,7.8828,12.1,59.4,1,0,0,
2026-06-29,12:00:00,maceta2,109.0,112.0,74.2,72.7,73.5,6114.8,8.0771,13.8,59.0,1,0,0,
2026-06-29,13:00:00,maceta1,112.0,115.0,72.7,71.2,72.0,6445.0,9.0751,13.0,58.8,1,0,0,
2026-06-29,13:00:00,maceta2,109.0,112.0,74.0,72.6,73.3,6192.0,9.2227,13.3,56.6,1,0,0,
2026-06-29,14:00:00,maceta1,112.0,115.0,72.5,71.0,71.7,5831.6,10.1539,14.3,55.3,1,0,0,
2026-06-29,14:00:00,maceta2,110.0,113.0,73.8,72.3,73.1,6085.5,10.3485,12.9,61.3,1,0,0,
2026-06-29,15:00:00,maceta1,113.0,115.0,72.3,70.8,71.6,6091.5,11.2809,13.7,62.6,1,0,0,
2026-06-29,15:00:00,maceta2,110.0,113.0,73.6,72.1,72.8,6475.8,11.5465,16.2,47.5,1,0,0,
2026-06-29,16:00:00,maceta1,113.0,116.0,72.1,70.6,71.3,6219.4,12.4314,13.0,55.4,1,0,0,
2026-06-29,16:00:00,maceta2,111.0,113.0,73.3,71.9,72.6,6245.0,12.7018,12.6,51.9,1,0,0,
2026-06-29,17:00:00,maceta1,113.0,116.0,71.9,70.4,71.2,6299.3,13.5968,13.5,54.8,1,0,0,
2026-06-29,17:00:00,maceta2,111.0,114.0,73.1,71.7,72.4,6339.0,13.8745,15.6,58.4,1,0,0,
2026-06-29,18:00:00,maceta1,114.0,117.0,71.7,70.2,70.9,27.3,13.6019,13.4,61.3,0,0,0,
2026-06-29,18:00:00,maceta2,112.0,114.0,72.9,71.5,72.2,29.3,13.88,13.0,57.4,0,0,0,
2026-06-29,19:00:00,maceta1,114.0,117.0,71.4,70.0,70.7,6.8,13.6031,12.7,50.4,0,0,0,
2026-06-29,19:00:00,maceta2,112.0,114.0,72.6,71.3,72.0,5.8,13.881,10.0,55.2,0,0,0,
2026-06-29,20:00:00,maceta1,115.0,117.0,71.2,69.8,70.5,20.3,13.6069,12.2,66.9,0,0,0,
2026-06-29,20:00:00,maceta2,112.0,115.0,72.4,71.1,71.8,12.4,13.8833,12.0,48.7,0,0,0,
2026-06-29,21:00:00,maceta1,115.0,118.0,71.0,69.6,70.3,0.7,13.607,9.5,70.9,0,0,0,
2026-06-29,21:00:00,maceta2,113.0,115.0,72.2,70.9,71.5,10.4,13.8853,11.6,67.6,0,0,0,
2026-06-29,22:00:00,maceta1,115.0,118.0,70.8,69.4,70.1,24.2,13.6115,7.1,74.2,0,0,0,
2026-06-29,22:00:00,maceta2,113.0,116.0,72.0,70.7,71.4,23.9,13.8897,10.5,66.6,0,0,0,
2026-06-29,23:00:00,maceta1,116.0,119.0,70.6,69.1,69.9,14.8,13.6142,7.9,59.7,0,0,0,
2026-06-29,23:00:00,maceta2,113.0,116.0,71.9,70.5,71.2,14.2,13.8923,7.1,72.2,0,0,0,
2026-06-30,00:00:00,maceta1,116.0,119.0,70.5,68.9,69.7,17.4,0.0032,6.5,78.4,0,0,0,
2026-06-30,00:00:00,maceta2,114.0,116.0,71.7,70.3,71.0,6.6,0.0012,6.4,76.7,0,0,0,
2026-06-30,01:00:00,maceta1,117.0,120.0,70.2,68.6,69.4,15.8,0.0061,7.6,70.3,0,0,0,
2026-06-30,01:00:00,maceta2,114.0,117.0,71.5,70.1,70.8,0.3,0.0013,4.2,74.1,0,0,0,
2026-06-30,02:00:00,maceta1,117.0,120.0,70.0,68.4,69.2,14.3,0.0088,4.1,72.0,0,0,0,
2026-06-30,02:00:00,maceta2,115.0,117.0,71.3,69.9,70.6,10.1,0.0031,6.8,70.6,0,0,0,
2026-06-30,03:00:00,maceta1,117.0,120.0,69.8,68.2,69.0,20.2,0.0125,4.2,79.8,0,0,0,
2026-06-30,03:00:00,maceta2,115.0,118.0,71.1,69.7,70.4,19.2,0.0067,6.5,69.0,0,0,0,
2026-06-30,04:00:00,maceta1,118.0,121.0,69.7,68.0,68.8,11.4,0.0146,7.8,70.2,0,0,0,
2026-06-30,04:00:00,maceta2,115.0,118.0,70.9,69.5,70.2,0.2,0.0067,4.7,69.1,0,0,0,
2026-06-30,05:00:00,maceta1,118.0,121.0,69.4,67.8,68.6,7.6,0.016,6.8,66.2,0,0,0,
2026-06-30,05:00:00,maceta2,116.0,118.0,70.7,69.3,70.0,19.0,0.0102,4.0,74.4,0,0,0,
2026-06-30,06:00:00,maceta1,118.0,121.0,69.2,67.7,68.4,6377.5,1.1959,7.7,77.9,1,0,0,
2026-06-30,06:00:00,maceta2,116.0,119.0,70.5,69.1,69.8,6181.7,1.1539,6.9,71.1,1,0,0,
2026-06-30,07:00:00,maceta1,119.0,122.0,69.0,67.4,68.2,5954.0,2.2974,8.3,62.5,1,0,0,
2026-06-30,07:00:00,maceta2,116.0,119.0,70.3,68.9,69.6,6036.3,2.2706,6.6,74.2,1,0,0,
2026-06-30,08:00:00,maceta1,119.0,122.0,68.8,67.2,68.0,6067.1,3.4198,6.3,76.0,1,0,0,
2026-06-30,08:00:00,maceta2,117.0,119.0,70.1,68.8,69.4,6481.1,3.4696,9.6,64.4,1,0,0,
2026-06-30,09:00:00,maceta1,120.0,123.0,68.6,67.1,67.8,5803.9,4.4935,7.0,62.6,1,0,0,
2026-06-30,09:00:00,maceta2,117.0,120.0,70.0,68.6,69.3,6490.0,4.6702,9.6,67.6,1,0,0,
2026-06-30,10:00:00,maceta1,120.0,123.0,68.4,66.9,67.6,6486.3,5.6935,12.8,70.5,1,0,0,
2026-06-30,10:00:00,maceta2,117.0,120.0,69.8,68.4,69.1,6497.3,5.8722,11.7,59.8,1,0,0,
2026-06-30,11:00:00,maceta1,120.0,123.0,68.2,66.8,67.5,6133.6,6.8282,15.5,53.3,1,0,0,
2026-06-30,11:00:00,maceta2,118.0,120.0,69.6,68.2,68.9,6474.7,7.07,14.1,63.2,1,0,0,
2026-06-30,12:00:00,maceta1,121.0,123.0,68.0,66.6,67.3,6076.9,7.9524,12.7,61.9,1,0,0,
2026-06-30,12:00:00,maceta2,118.0,121.0,69.4,68.0,68.7,5818.4,8.1464,13.7,58.0,1,0,0,
2026-06-30,13:00:00,maceta1,121.0,124.0,67.8,66.4,67.1,5957.0,9.0545,14.4,53.5,1,0,0,
2026-06-30,13:00:00,maceta2,119.0,121.0,69.2,67.8,68.5,6461.7,9.3419,12.1,61.3,1,0,0,
2026-06-30,14:00:00,maceta1,121.0,124.0,67.6,66.2,66.9,5809.6,10.1292,13.5,58.0,1,0,0,
2026-06-30,14:00:00,maceta2,119.0,122.0,69.0,67.6,68.3,6182.2,10.4856,14.1,51.5,1,0,0,
2026-06-30,15:00:00,maceta1,122.0,125.0,67.4,66.0,66.7,5852.9,11.212,12.0,55.2,1,0,0,
2026-06-30,15:00:00,maceta2,119.0,122.0,68.8,67.4,68.1,6000.5,11.5956,15.2,48.2,1,0,0,
2026-06-30,16:00:00,maceta1,122.0,125.0,67.2,65.8,66.5,5861.7,12.2964,14.6,58.8,1,0,0,
2026-06-30,16:00:00,maceta2,120.0,122.0,68.5,67.2,67.8,6401.7,12.78,12.4,54.0,1,0,0,
2026-06-30,17:00:00,maceta1,123.0,125.0,67.0,65.6,66.3,6213.7,13.446,15.0,54.2,1,0,0,
2026-06-30,17:00:00,maceta2,120.0,123.0,68.4,67.0,67.7,6431.5,13.9698,15.5,56.2,1,0,0,
2026-06-30,18:00:00,maceta1,123.0,126.0,66.8,65.4,66.1,4.0,13.4467,14.0,58.1,0,0,0,
2026-06-30,18:00:00,maceta2,121.0,123.0,68.2,66.8,67.5,11.7,13.9719,13.1,62.4,0,0,0,
2026-06-30,19:00:00,maceta1,123.0,126.0,66.6,65.1,65.9,21.2,13.4506,13.5,63.0,0,0,0,
2026-06-30,19:00:00,maceta2,121.0,123.0,67.9,66.7,67.3,29.2,13.9773,13.6,59.2,0,0,0,
2026-06-30,20:00:00,maceta1,124.0,127.0,66.4,64.9,65.7,5.0,13.4516,11.9,66.2,0,0,0,
2026-06-30,20:00:00,maceta2,121.0,124.0,67.7,66.5,67.1,12.3,13.9796,10.2,64.4,0,0,0,
2026-06-30,21:00:00,maceta1,124.0,127.0,66.3,64.8,65.5,2.9,13.4521,10.5,62.9,0,0,0,
2026-06-30,21:00:00,maceta2,122.0,124.0,67.5,66.3,66.9,7.3,13.981,11.9,64.4,0,0,0,
2026-06-30,22:00:00,maceta1,124.0,127.0,66.1,64.6,65.3,11.3,13.4542,7.9,66.8,0,0,0,
2026-06-30,22:00:00,maceta2,122.0,124.0,67.3,66.1,66.7,16.2,13.984,12.0,70.1,0,0,0,
2026-06-30,23:00:00,maceta1,125.0,128.0,65.8,64.4,65.1,6.9,13.4555,6.8,68.2,0,0,0,Discrepancia alta entre sensores de humedad
2026-06-30,23:00:00,maceta2,123.0,125.0,67.1,65.9,66.5,6.8,13.9852,7.6,68.0,0,0,0,
2026-07-01,00:00:00,maceta1,125.0,128.0,65.7,64.1,64.9,23.3,0.0043,5.5,81.9,0,0,0,Discrepancia alta entre sensores de humedad
2026-07-01,00:00:00,maceta2,123.0,125.0,66.9,65.7,66.3,28.9,0.0053,6.9,76.8,0,0,0,
2026-07-01,01:00:00,maceta1,126.0,128.0,65.5,64.0,64.7,9.7,0.0061,3.1,69.9,0,0,0,Discrepancia alta entre sensores de humedad
2026-07-01,01:00:00,maceta2,123.0,126.0,66.7,65.5,66.1,20.6,0.0092,4.9,76.5,0,0,0,
2026-07-01,02:00:00,maceta1,126.0,129.0,65.3,63.8,64.5,7.7,0.0075,3.6,75.3,0,0,0,
2026-07-01,02:00:00,maceta2,124.0,126.0,66.5,65.3,65.9,27.8,0.0143,5.5,76.6,0,0,0,
2026-07-01,03:00:00,maceta1,126.0,129.0,65.1,63.5,64.3,20.2,0.0113,6.6,75.7,0,0,0,
2026-07-01,03:00:00,maceta2,124.0,126.0,66.3,65.1,65.7,24.1,0.0188,6.0,80.9,0,0,0,
2026-07-01,04:00:00,maceta1,127.0,130.0,64.8,63.4,64.1,1.5,0.0116,1.7,76.4,0,0,0,
2026-07-01,04:00:00,maceta2,124.0,127.0,66.1,64.9,65.5,18.0,0.0221,8.3,74.3,0,0,0,
2026-07-01,05:00:00,maceta1,127.0,130.0,64.7,63.2,63.9,15.8,0.0145,6.2,78.9,0,0,0,
2026-07-01,05:00:00,maceta2,125.0,127.0,65.8,64.7,65.2,8.8,0.0237,4.6,74.8,0,0,0,
2026-07-01,06:00:00,maceta1,128.0,130.0,64.4,63.0,63.7,6026.0,1.1293,6.8,72.7,1,0,0,Discrepancia alta entre sensores de humedad
2026-07-01,06:00:00,maceta2,125.0,128.0,65.6,64.5,65.0,5861.7,1.1081,6.8,73.6,1,0,0,Discrepancia alta entre sensores de humedad
2026-07-01,07:00:00,maceta1,128.0,131.0,64.2,62.7,63.5,5840.7,2.2098,6.6,69.5,1,0,0,Discrepancia alta entre sensores de humedad
2026-07-01,07:00:00,maceta2,126.0,128.0,65.4,64.3,64.9,6396.5,2.2915,7.9,70.0,1,0,0,Discrepancia alta entre sensores de humedad
2026-07-01,08:00:00,maceta1,128.0,131.0,64.0,62.5,63.3,6311.3,3.3774,7.9,64.7,1,0,0,Discrepancia alta entre sensores de humedad
2026-07-01,08:00:00,maceta2,126.0,128.0,65.3,64.1,64.7,6289.0,3.455,8.2,63.8,1,0,0,Discrepancia alta entre sensores de humedad
2026-07-01,09:00:00,maceta1,129.0,132.0,63.8,62.3,63.0,6037.8,4.4944,9.0,60.0,1,0,0,
2026-07-01,09:00:00,maceta2,126.0,129.0,65.1,63.8,64.5,6065.9,4.5771,7.9,58.0,1,0,0,
2026-07-01,10:00:00,maceta1,129.0,132.0,63.6,62.1,62.9,6470.7,5.6915,11.6,58.0,1,0,0,
2026-07-01,10:00:00,maceta2,127.0,129.0,64.9,63.6,64.2,5844.7,5.6584,12.3,61.5,1,0,0,
2026-07-01,11:00:00,maceta1,130.0,132.0,63.4,61.8,62.6,6341.6,6.8647,13.4,60.5,1,0,0,
2026-07-01,11:00:00,maceta2,127.0,130.0,64.7,63.4,64.1,6016.7,6.7715,13.8,58.6,1,0,0,
2026-07-01,12:00:00,maceta1,130.0,133.0,63.2,61.6,62.4,5827.3,7.9427,14.1,46.2,1,0,0,
2026-07-01,12:00:00,maceta2,127.0,130.0,64.5,63.2,63.8,6319.8,7.9407,12.8,65.8,1,0,0,
2026-07-01,13:00:00,maceta1,130.0,133.0,63.0,61.4,62.2,6031.6,9.0586,15.7,61.8,1,0,0,
2026-07-01,13:00:00,maceta2,128.0,130.0,64.3,62.9,63.6,6305.5,9.1072,12.4,58.6,1,0,0,Discrepancia alta entre sensores de humedad
2026-07-01,14:00:00,maceta1,131.0,134.0,62.8,61.2,62.0,6295.4,10.2232,13.6,64.9,1,0,0,
2026-07-01,14:00:00,maceta2,128.0,131.0,64.1,62.7,63.4,6174.4,10.2494,13.5,50.5,1,0,0,Discrepancia alta entre sensores de humedad
2026-07-01,15:00:00,maceta1,131.0,134.0,62.6,61.0,61.8,6344.2,11.3969,16.7,64.4,1,0,0,
2026-07-01,15:00:00,maceta2,129.0,131.0,63.9,62.5,63.2,6206.7,11.3977,16.5,50.2,1,0,0,
2026-07-01,16:00:00,maceta1,131.0,134.0,62.4,60.9,61.6,6000.6,12.507,15.6,56.5,1,0,0,
2026-07-01,16:00:00,maceta2,129.0,132.0,63.7,62.3,63.0,6313.9,12.5658,16.5,49.0,1,0,0,
2026-07-01,17:00:00,maceta1,132.0,135.0,62.2,60.7,61.5,6212.4,13.6563,13.1,56.4,1,0,0,
2026-07-01,17:00:00,maceta2,129.0,132.0,63.5,62.1,62.8,5808.9,13.6404,14.9,58.3,1,0,0,
2026-07-01,18:00:00,maceta1,132.0,135.0,62.0,60.5,61.3,21.0,13.6602,13.4,57.2,0,0,0,
2026-07-01,18:00:00,maceta2,130.0,132.0,63.3,61.9,62.6,23.1,13.6447,14.9,61.5,0,0,0,
2026-07-01,19:00:00,maceta1,132.0,135.0,61.9,60.3,61.1,8.4,13.6618,12.4,60.5,0,0,0,
2026-07-01,19:00:00,maceta2,130.0,133.0,63.0,61.7,62.4,12.2,13.6469,12.0,57.4,0,0,0,
2026-07-01,20:00:00,maceta1,133.0,136.0,61.7,60.1,60.9,1.1,13.662,12.2,59.6,0,0,0,
2026-07-01,20:00:00,maceta2,131.0,133.0,62.9,61.6,62.2,7.1,13.6483,12.7,66.5,0,0,0,
2026-07-01,21:00:00,maceta1,133.0,136.0,61.5,60.0,60.7,23.4,13.6663,9.1,61.7,0,0,0,
2026-07-01,21:00:00,maceta2,131.0,133.0,62.7,61.4,62.0,18.2,13.6516,10.0,69.6,0,0,0,
2026-07-01,22:00:00,maceta1,134.0,136.0,61.2,59.8,60.5,6.2,13.6674,7.2,73.7,0,0,0,
2026-07-01,22:00:00,maceta2,131.0,134.0,62.5,61.2,61.8,7.7,13.6531,5.0,59.2,0,0,0,
2026-07-01,23:00:00,maceta1,134.0,137.0,61.1,59.6,60.3,24.5,13.672,7.9,75.7,0,0,0,
2026-07-01,23:00:00,maceta2,132.0,134.0,62.3,61.0,61.7,6.3,13.6542,8.5,80.3,0,0,0,
2026-07-02,00:00:00,maceta1,134.0,137.0,60.8,59.4,60.1,10.0,0.0019,6.9,73.3,0,0,0,
2026-07-02,00:00:00,maceta2,132.0,134.0,62.1,60.8,61.4,19.9,0.0037,3.6,75.1,0,0,0,
2026-07-02,01:00:00,maceta1,135.0,128.0,60.6,64.2,62.4,16.8,0.005,5.2,78.8,0,0,0,Discrepancia alta entre sensores de humedad
2026-07-02,01:00:00,maceta2,133.0,135.0,61.8,60.6,61.2,13.8,0.0062,2.4,72.3,0,0,0,
2026-07-02,02:00:00,maceta1,135.0,138.0,60.4,59.0,59.7,27.0,0.01,7.3,75.6,0,0,0,
2026-07-02,02:00:00,maceta2,133.0,135.0,61.7,60.4,61.0,6.6,0.0075,3.6,68.1,0,0,0,
2026-07-02,03:00:00,maceta1,136.0,138.0,60.2,58.8,59.5,22.2,0.0141,6.9,75.7,0,0,0,
2026-07-02,03:00:00,maceta2,133.0,136.0,61.5,60.2,60.8,4.8,0.0083,6.5,77.5,0,0,0,
2026-07-02,04:00:00,maceta1,136.0,139.0,60.1,58.6,59.4,18.5,0.0175,3.9,77.2,0,0,0,
2026-07-02,04:00:00,maceta2,134.0,136.0,61.2,60.0,60.6,26.1,0.0132,3.5,80.0,0,0,0,
2026-07-02,05:00:00,maceta1,136.0,139.0,59.9,58.4,59.2,13.7,0.02,6.3,69.8,0,0,0,
2026-07-02,05:00:00,maceta2,134.0,136.0,61.0,59.8,60.4,21.7,0.0172,4.5,71.0,0,0,0,
2026-07-02,06:00:00,maceta1,137.0,139.0,59.7,58.2,59.0,5902.8,1.112,6.7,81.5,1,0,0,
2026-07-02,06:00:00,maceta2,135.0,137.0,60.8,59.6,60.2,6004.3,1.128,5.8,71.3,1,0,0,
2026-07-02,07:00:00,maceta1,137.0,140.0,59.6,58.0,58.8,6155.3,2.2508,4.9,71.0,1,0,0,
2026-07-02,07:00:00,maceta2,135.0,137.0,60.6,59.4,60.0,6039.5,2.2453,4.2,69.7,1,0,0,
2026-07-02,08:00:00,maceta1,137.0,140.0,59.4,57.7,58.6,6197.9,3.3974,9.1,63.5,1,0,0,
2026-07-02,08:00:00,maceta2,135.0,137.0,60.4,59.2,59.8,5837.4,3.3252,7.9,75.7,1,0,0,
2026-07-02,09:00:00,maceta1,138.0,141.0,59.2,57.6,58.4,6156.8,4.5364,9.2,62.4,1,0,0,
2026-07-02,09:00:00,maceta2,136.0,138.0,60.2,59.1,59.6,6057.6,4.4459,11.1,59.4,1,0,0,
2026-07-02,10:00:00,maceta1,138.0,141.0,59.0,57.4,58.2,6174.3,5.6786,13.1,60.2,1,0,0,
2026-07-02,10:00:00,maceta2,136.0,138.0,60.0,58.9,59.4,6095.8,5.5736,10.9,52.4,1,0,0,
2026-07-02,11:00:00,maceta1,138.0,141.0,58.8,57.3,58.0,5999.0,6.7884,12.0,56.7,1,0,0,
2026-07-02,11:00:00,maceta2,136.0,139.0,59.8,58.7,59.2,6432.9,6.7637,13.3,55.2,1,0,0,
2026-07-02,12:00:00,maceta1,139.0,142.0,58.6,57.1,57.8,5929.3,7.8854,11.6,61.0,1,0,0,
2026-07-02,12:00:00,maceta2,137.0,139.0,59.6,58.5,59.1,6277.0,7.9249,13.9,54.6,1,0,0,
2026-07-02,13:00:00,maceta1,139.0,142.0,58.4,56.9,57.7,6447.3,9.0781,15.2,60.8,1,0,0,
2026-07-02,13:00:00,maceta2,137.0,139.0,59.5,58.3,58.9,6177.1,9.0677,15.4,63.3,1,0,0,
2026-07-02,14:00:00,maceta1,139.0,142.0,58.2,56.7,57.5,6413.5,10.2646,12.0,59.2,1,0,0,
2026-07-02,14:00:00,maceta2,137.0,140.0,59.3,58.2,58.7,5887.4,10.1568,13.7,54.3,1,0,0,
2026-07-02,15:00:00,maceta1,140.0,142.0,58.0,56.6,57.3,6145.7,11.4015,13.7,55.7,1,0,0,
2026-07-02,15:00:00,maceta2,138.0,140.0,59.1,57.9,58.5,6119.9,11.289,15.2,47.4,1,0,0,
2026-07-02,16:00:00,maceta1,140.0,143.0,57.8,56.4,57.1,5805.7,12.4756,15.6,54.7,1,0,0,
2026-07-02,16:00:00,maceta2,138.0,140.0,58.9,57.7,58.3,6110.3,12.4194,17.1,51.0,1,0,0,
2026-07-02,17:00:00,maceta1,141.0,143.0,57.6,56.1,56.9,6058.3,13.5964,13.6,59.8,1,0,0,
2026-07-02,17:00:00,maceta2,138.0,141.0,58.7,57.6,58.1,6268.9,13.5792,13.6,69.2,1,0,0,
2026-07-02,18:00:00,maceta1,141.0,144.0,57.4,55.9,56.7,14.6,13.5991,15.3,60.4,0,0,0,
2026-07-02,18:00:00,maceta2,139.0,141.0,58.5,57.4,57.9,13.4,13.5816,14.0,48.0,0,0,0,
2026-07-02,19:00:00,maceta1,141.0,144.0,57.2,55.7,56.5,23.4,13.6034,14.5,58.2,0,0,0,
2026-07-02,19:00:00,maceta2,139.0,141.0,58.3,57.1,57.7,21.4,13.5856,13.0,60.6,0,0,0,
2026-07-02,20:00:00,maceta1,142.0,144.0,57.0,55.5,56.3,18.2,13.6068,9.6,62.8,0,0,0,
2026-07-02,20:00:00,maceta2,140.0,142.0,58.1,56.9,57.5,28.1,13.5908,9.4,58.8,0,0,0,
2026-07-02,21:00:00,maceta1,142.0,145.0,56.8,55.4,56.1,12.7,13.6091,7.7,66.2,0,0,0,
2026-07-02,21:00:00,maceta2,140.0,142.0,57.9,56.7,57.3,24.3,13.5953,11.1,58.8,0,0,0,
2026-07-02,22:00:00,maceta1,142.0,145.0,56.6,55.2,55.9,11.4,13.6112,10.5,62.9,0,0,0,
2026-07-02,22:00:00,maceta2,141.0,143.0,57.6,56.5,57.1,25.2,13.5999,11.5,70.8,0,0,0,
2026-07-02,23:00:00,maceta1,143.0,146.0,56.4,54.9,55.7,7.8,13.6127,8.8,64.9,0,0,0,
2026-07-02,23:00:00,maceta2,141.0,143.0,57.4,56.3,56.9,8.7,13.6015,9.3,72.7,0,0,0,
2026-07-03,00:00:00,maceta1,143.0,146.0,56.2,54.7,55.5,20.3,0.0038,5.6,65.2,0,0,0,
2026-07-03,00:00:00,maceta2,141.0,143.0,57.3,56.1,56.7,6.4,0.0012,4.8,80.9,0,0,0,
2026-07-03,01:00:00,maceta1,144.0,147.0,56.0,54.5,55.2,6.9,0.005,7.0,69.8,0,0,0,
2026-07-03,01:00:00,maceta2,142.0,144.0,57.1,55.9,56.5,9.2,0.0029,6.3,72.5,0,0,0,
2026-07-03,02:00:00,maceta1,144.0,128.0,55.8,64.2,60.0,20.4,0.0088,5.4,76.3,0,0,0,Discrepancia alta entre sensores de humedad
2026-07-03,02:00:00,maceta2,142.0,144.0,56.9,55.7,56.3,26.7,0.0078,5.8,71.8,0,0,0,
2026-07-03,03:00:00,maceta1,144.0,147.0,55.6,54.0,54.8,20.2,0.0125,5.5,75.7,0,0,0,
2026-07-03,03:00:00,maceta2,142.0,145.0,56.7,55.5,56.1,24.8,0.0124,7.0,77.9,0,0,0,
2026-07-03,04:00:00,maceta1,145.0,148.0,55.4,53.8,54.6,16.3,0.0156,7.2,79.5,0,0,0,
2026-07-03,04:00:00,maceta2,143.0,145.0,56.5,55.2,55.9,2.1,0.0128,6.0,78.6,0,0,0,
2026-07-03,05:00:00,maceta1,145.0,148.0,55.2,53.6,54.4,3.0,0.0161,7.0,72.8,0,0,0,
2026-07-03,05:00:00,maceta2,143.0,146.0,56.4,55.0,55.7,16.6,0.0159,6.5,72.9,0,0,0,
2026-07-03,06:00:00,maceta1,145.0,149.0,55.0,53.4,54.2,6195.3,1.1623,5.8,83.8,1,0,0,
2026-07-03,06:00:00,maceta2,143.0,146.0,56.2,54.7,55.5,5969.3,1.1202,7.6,76.8,1,0,0,
2026-07-03,07:00:00,maceta1,146.0,149.0,54.8,53.2,54.0,5855.2,2.2455,5.5,65.4,1,0,0,
2026-07-03,07:00:00,maceta2,144.0,146.0,56.0,54.5,55.2,5817.1,2.1963,9.1,70.5,1,0,0,
2026-07-03,08:00:00,maceta1,146.0,149.0,54.6,52.9,53.8,5975.9,3.351,7.0,65.9,1,0,0,
2026-07-03,08:00:00,maceta2,144.0,147.0,55.8,54.3,55.0,5864.1,3.2812,9.2,66.9,1,0,0,
2026-07-03,09:00:00,maceta1,147.0,150.0,54.4,52.8,53.6,6035.4,4.4676,8.8,58.9,1,0,0,
2026-07-03,09:00:00,maceta2,144.0,147.0,55.6,54.1,54.8,6341.1,4.4543,10.9,62.9,1,0,0,
2026-07-03,10:00:00,maceta1,147.0,150.0,54.3,52.6,53.4,6301.4,5.6333,11.3,71.5,1,0,0,
2026-07-03,10:00:00,maceta2,145.0,148.0,55.3,53.9,54.6,6227.6,5.6064,8.9,65.3,1,0,0,
2026-07-03,11:00:00,maceta1,147.0,150.0,54.1,52.4,53.3,6396.8,6.8167,13.2,47.5,1,0,0,
2026-07-03,11:00:00,maceta2,145.0,148.0,55.2,53.6,54.4,5997.4,6.7159,11.7,66.1,1,0,0,
2026-07-03,12:00:00,maceta1,148.0,151.0,53.9,52.2,53.1,6419.5,8.0043,14.9,63.4,1,0,0,
2026-07-03,12:00:00,maceta2,146.0,148.0,54.9,53.5,54.2,6079.5,7.8406,13.6,56.1,1,0,0,
2026-07-03,13:00:00,maceta1,148.0,151.0,53.7,52.0,52.8,6080.6,9.1293,15.0,59.9,1,0,0,
2026-07-03,13:00:00,maceta2,146.0,149.0,54.7,53.3,54.0,6083.7,8.9661,12.9,52.0,1,0,0,
2026-07-03,14:00:00,maceta1,148.0,152.0,53.5,51.8,52.6,5868.7,10.215,14.0,53.0,1,0,0,
2026-07-03,14:00:00,maceta2,147.0,149.0,54.4,53.1,53.8,6482.8,10.1655,14.2,62.8,1,0,0,
2026-07-03,15:00:00,maceta1,149.0,152.0,53.3,51.6,52.5,5897.0,11.3059,16.3,53.6,1,0,0,
2026-07-03,15:00:00,maceta2,147.0,149.0,54.3,52.9,53.6,6038.6,11.2826,17.6,45.7,1,0,0,
2026-07-03,16:00:00,maceta1,149.0,152.0,53.1,51.4,52.3,6023.5,12.4202,13.7,55.0,1,0,0,
2026-07-03,16:00:00,maceta2,147.0,150.0,54.0,52.7,53.4,5852.3,12.3653,16.5,54.9,1,0,0,
2026-07-03,17:00:00,maceta1,149.0,153.0,52.9,51.1,52.0,5906.6,13.513,11.1,62.3,1,0,0,
2026-07-03,17:00:00,maceta2,148.0,150.0,53.8,52.5,53.1,5831.4,13.4441,12.6,56.4,1,0,0,
2026-07-03,18:00:00,maceta1,150.0,153.0,52.7,51.0,51.8,11.9,13.5152,12.1,55.8,0,0,0,
2026-07-03,18:00:00,maceta2,148.0,151.0,53.6,52.2,52.9,7.9,13.4456,11.6,63.2,0,0,0,
2026-07-03,19:00:00,maceta1,150.0,154.0,52.5,50.7,51.6,16.9,13.5183,10.2,60.6,0,0,0,
2026-07-03,19:00:00,maceta2,149.0,151.0,53.4,52.0,52.7,12.6,13.4479,13.2,56.2,0,0,0,
2026-07-03,20:00:00,maceta1,151.0,154.0,52.2,50.5,51.4,19.5,13.5219,11.0,68.2,0,0,0,
2026-07-03,20:00:00,maceta2,149.0,152.0,53.2,51.7,52.5,14.5,13.4506,11.9,63.4,0,0,0,
2026-07-03,21:00:00,maceta1,151.0,154.0,52.1,50.4,51.2,20.9,13.5258,11.1,65.0,0,0,0,
2026-07-03,21:00:00,maceta2,149.0,152.0,53.0,51.5,52.3,25.6,13.4553,10.4,65.9,0,0,0,
2026-07-03,22:00:00,maceta1,151.0,155.0,51.9,50.2,51.1,5.9,13.5268,9.7,62.2,0,0,0,
2026-07-03,22:00:00,maceta2,150.0,152.0,52.8,51.3,52.1,9.9,13.4571,8.6,64.9,0,0,0,
2026-07-03,23:00:00,maceta1,152.0,155.0,51.7,50.0,50.9,13.1,13.5293,5.8,70.0,0,0,0,
2026-07-03,23:00:00,maceta2,150.0,153.0,52.6,51.1,51.9,28.9,13.4625,9.1,69.0,0,0,0,
2026-07-04,00:00:00,maceta1,152.0,155.0,51.5,49.8,50.7,11.0,0.002,5.6,78.4,0,0,1,
2026-07-04,00:00:00,maceta2,150.0,153.0,52.4,50.9,51.7,11.4,0.0021,5.1,73.2,0,0,0,
2026-07-04,01:00:00,maceta1,90.0,94.0,84.0,82.3,83.2,19.6,0.0057,5.4,77.9,0,0,0,
2026-07-04,01:00:00,maceta2,128.0,154.0,64.2,50.7,57.5,12.6,0.0044,4.3,73.7,0,0,0,Discrepancia alta entre sensores de humedad
2026-07-04,02:00:00,maceta1,91.0,94.0,83.8,82.1,82.9,28.5,0.0109,4.6,79.9,0,0,0,
2026-07-04,02:00:00,maceta2,151.0,154.0,52.0,50.6,51.3,26.8,0.0094,5.7,76.6,0,0,0,
2026-07-04,03:00:00,maceta1,91.0,94.0,83.6,81.9,82.8,15.4,0.0138,5.6,75.1,0,0,0,
2026-07-04,03:00:00,maceta2,151.0,154.0,51.9,50.4,51.1,19.3,0.013,3.7,74.9,0,0,0,
2026-07-04,04:00:00,maceta1,92.0,95.0,83.3,81.8,82.5,1.7,0.0141,4.5,69.9,0,0,0,
2026-07-04,04:00:00,maceta2,152.0,155.0,51.7,50.2,51.0,20.9,0.0168,6.8,77.2,0,0,0,
2026-07-04,05:00:00,maceta1,92.0,95.0,83.2,81.6,82.4,21.2,0.018,6.4,73.5,0,0,0,
2026-07-04,05:00:00,maceta2,152.0,155.0,51.5,50.0,50.7,10.8,0.0188,8.8,71.2,0,0,1,
2026-07-04,06:00:00,maceta1,92.0,95.0,82.9,81.4,82.2,6242.0,1.1728,8.3,77.6,1,0,0,
2026-07-04,06:00:00,maceta2,91.0,92.0,83.8,83.3,83.6,6069.8,1.1417,8.2,65.8,1,0,0,
2026-07-04,07:00:00,maceta1,93.0,96.0,82.7,81.2,82.0,6050.3,2.2921,5.4,67.9,1,0,0,
2026-07-04,07:00:00,maceta2,91.0,92.0,83.6,83.1,83.4,5800.7,2.2149,8.7,75.1,1,0,0,
2026-07-04,08:00:00,maceta1,93.0,96.0,82.5,81.0,81.8,6363.0,3.4693,8.7,69.2,1,0,0,
2026-07-04,08:00:00,maceta2,92.0,93.0,83.4,82.9,83.1,6422.5,3.403,7.9,67.3,1,0,0,
2026-07-04,09:00:00,maceta1,94.0,128.0,82.4,64.2,73.3,6478.6,4.6678,10.3,66.3,1,0,0,Discrepancia alta entre sensores de humedad
2026-07-04,09:00:00,maceta2,92.0,93.0,83.2,82.7,82.9,6303.5,4.5692,11.4,65.9,1,0,0,
2026-07-04,10:00:00,maceta1,94.0,97.0,82.2,80.6,81.4,6184.2,5.8119,12.1,54.8,1,0,0,
2026-07-04,10:00:00,maceta2,92.0,93.0,83.0,82.4,82.7,5988.5,5.6771,10.0,60.7,1,0,0,
2026-07-04,11:00:00,maceta1,94.0,97.0,82.0,80.4,81.2,6499.5,7.0143,13.6,68.1,1,0,0,
2026-07-04,11:00:00,maceta2,93.0,94.0,82.8,82.2,82.5,6212.8,6.8264,11.6,56.7,1,0,0,
2026-07-04,12:00:00,maceta1,95.0,98.0,81.8,80.2,81.0,6276.8,8.1755,13.9,56.3,1,0,0,
2026-07-04,12:00:00,maceta2,93.0,94.0,82.5,82.1,82.3,6277.7,7.9878,13.1,55.2,1,0,0,
2026-07-04,13:00:00,maceta1,95.0,98.0,81.6,79.9,80.8,6391.7,9.358,14.0,55.9,1,0,0,
2026-07-04,13:00:00,maceta2,94.0,94.0,82.3,81.9,82.1,5806.8,9.0621,15.5,53.4,1,0,0,
2026-07-04,14:00:00,maceta1,95.0,99.0,81.4,79.7,80.5,5954.2,10.4595,13.3,57.8,1,0,0,
2026-07-04,14:00:00,maceta2,94.0,95.0,82.2,81.7,81.9,6265.9,10.2212,17.8,56.3,1,0,0,
2026-07-04,15:00:00,maceta1,96.0,99.0,81.2,79.5,80.4,6426.6,11.6484,12.3,58.9,1,0,0,
2026-07-04,15:00:00,maceta2,94.0,95.0,81.9,81.5,81.7,6279.7,11.383,14.1,49.7,1,0,0,
2026-07-04,16:00:00,maceta1,96.0,99.0,81.0,79.4,80.2,6089.4,12.775,15.4,53.6,1,0,0,
2026-07-04,16:00:00,maceta2,95.0,95.0,81.7,81.3,81.5,6053.1,12.5028,15.7,54.2,1,0,0,
2026-07-04,17:00:00,maceta1,97.0,100.0,80.7,79.2,79.9,6316.6,13.9435,14.2,58.6,1,0,0,
2026-07-04,17:00:00,maceta2,95.0,96.0,81.5,81.1,81.3,6318.9,13.6718,14.3,52.4,1,0,0,
2026-07-04,18:00:00,maceta1,97.0,100.0,80.5,78.9,79.7,12.1,13.9458,14.2,62.5,0,0,0,
2026-07-04,18:00:00,maceta2,96.0,96.0,81.3,80.9,81.1,0.8,13.672,13.2,63.9,0,0,0,
2026-07-04,19:00:00,maceta1,97.0,101.0,80.4,78.7,79.5,14.3,13.9484,14.6,55.1,0,0,0,
2026-07-04,19:00:00,maceta2,96.0,97.0,81.1,80.7,80.9,13.3,13.6744,13.8,57.5,0,0,0,
2026-07-04,20:00:00,maceta1,98.0,101.0,80.1,78.5,79.3,22.7,13.9526,12.6,59.8,0,0,0,
2026-07-04,20:00:00,maceta2,96.0,97.0,80.9,80.6,80.7,8.4,13.676,9.9,75.6,0,0,0,
2026-07-04,21:00:00,maceta1,98.0,101.0,79.9,78.3,79.1,6.5,13.9538,9.9,62.9,0,0,0,
2026-07-04,21:00:00,maceta2,97.0,97.0,80.7,80.4,80.5,7.7,13.6774,9.6,73.4,0,0,0,
2026-07-04,22:00:00,maceta1,98.0,102.0,79.7,78.0,78.9,9.1,13.9555,7.2,61.3,0,0,0,
2026-07-04,22:00:00,maceta2,97.0,98.0,80.5,80.2,80.3,18.0,13.6807,9.3,62.6,0,0,0,
2026-07-04,23:00:00,maceta1,99.0,102.0,79.6,77.9,78.7,14.1,13.9581,6.7,66.6,0,0,0,
2026-07-04,23:00:00,maceta2,98.0,98.0,80.2,80.0,80.1,10.1,13.6826,8.5,65.8,0,0,0,
2026-07-05,00:00:00,maceta1,99.0,102.0,79.4,77.7,78.6,11.2,0.0021,4.9,70.7,0,0,0,
2026-07-05,00:00:00,maceta2,98.0,99.0,80.0,79.7,79.9,11.1,0.0021,9.1,68.5,0,0,0,
2026-07-05,01:00:00,maceta1,100.0,103.0,79.2,77.5,78.4,29.2,0.0075,4.3,69.6,0,0,0,
2026-07-05,01:00:00,maceta2,98.0,99.0,79.8,79.6,79.7,7.0,0.0034,6.0,79.5,0,0,0,
2026-07-05,02:00:00,maceta1,100.0,103.0,79.0,77.3,78.2,24.5,0.012,6.4,80.8,0,0,0,
2026-07-05,02:00:00,maceta2,99.0,99.0,79.6,79.4,79.5,21.2,0.0073,4.3,79.4,0,0,0,
2026-07-05,03:00:00,maceta1,100.0,104.0,78.8,77.1,77.9,0.2,0.012,6.3,77.6,0,0,0,
2026-07-05,03:00:00,maceta2,99.0,100.0,79.4,79.2,79.3,29.8,0.0128,3.2,75.5,0,0,0,
2026-07-05,04:00:00,maceta1,101.0,104.0,78.5,76.9,77.7,22.7,0.0162,7.4,72.2,0,0,0,
2026-07-05,04:00:00,maceta2,99.0,100.0,79.2,78.9,79.1,20.5,0.0166,5.2,69.9,0,0,0,
2026-07-05,05:00:00,maceta1,101.0,104.0,78.4,76.7,77.5,12.2,0.0185,4.8,75.5,0,0,0,
2026-07-05,05:00:00,maceta2,100.0,100.0,79.0,78.7,78.9,16.7,0.0197,5.2,67.8,0,0,0,
2026-07-05,06:00:00,maceta1,102.0,105.0,78.1,76.5,77.3,6217.9,1.1688,7.7,67.1,1,0,0,
2026-07-05,06:00:00,maceta2,100.0,101.0,78.8,78.5,78.6,5807.5,1.0941,5.6,77.8,1,0,0,
2026-07-05,07:00:00,maceta1,102.0,105.0,77.9,76.2,77.0,6415.9,2.3557,6.4,79.5,1,0,0,
2026-07-05,07:00:00,maceta2,101.0,101.0,78.6,78.3,78.4,6111.3,2.2246,7.2,72.0,1,0,0,
2026-07-05,08:00:00,maceta1,102.0,106.0,77.7,76.1,76.9,6452.1,3.5494,7.0,73.1,1,0,0,
2026-07-05,08:00:00,maceta2,101.0,102.0,78.4,78.0,78.2,6146.9,3.3618,11.5,66.4,1,0,0,
2026-07-05,09:00:00,maceta1,103.0,106.0,77.5,75.8,76.6,6286.0,4.7123,9.2,58.3,1,0,0,
2026-07-05,09:00:00,maceta2,101.0,102.0,78.2,77.9,78.0,5848.5,4.4438,11.3,68.1,1,0,0,
2026-07-05,10:00:00,maceta1,103.0,106.0,77.3,75.6,76.4,6321.6,5.8818,11.6,65.3,1,0,0,
2026-07-05,10:00:00,maceta2,102.0,102.0,78.0,77.7,77.8,6036.6,5.5606,9.8,62.8,1,0,0,
2026-07-05,11:00:00,maceta1,104.0,107.0,77.1,75.4,76.2,6046.0,7.0003,12.5,58.8,1,0,0,
2026-07-05,11:00:00,maceta2,102.0,103.0,77.8,77.5,77.6,5883.1,6.6489,13.7,64.8,1,0,0,
2026-07-05,12:00:00,maceta1,128.0,107.0,64.2,75.2,69.7,5902.8,8.0923,13.3,53.0,1,0,0,Discrepancia alta entre sensores de humedad
2026-07-05,12:00:00,maceta2,128.0,103.0,64.2,77.3,70.8,5930.0,7.746,15.3,54.1,1,0,0,Discrepancia alta entre sensores de humedad
2026-07-05,13:00:00,maceta1,104.0,107.0,76.7,75.0,75.9,6029.7,9.2078,15.9,51.3,1,0,0,
2026-07-05,13:00:00,maceta2,103.0,103.0,77.4,77.1,77.3,6424.4,8.9345,15.7,56.8,1,0,0,
2026-07-05,14:00:00,maceta1,105.0,108.0,76.4,74.8,75.6,6057.8,10.3285,14.2,49.9,1,0,0,
2026-07-05,14:00:00,maceta2,103.0,104.0,77.2,76.9,77.1,6307.1,10.1013,13.2,51.9,1,0,0,
2026-07-05,15:00:00,maceta1,105.0,108.0,76.2,74.6,75.4,5857.9,11.4122,14.1,51.5,1,0,0,
2026-07-05,15:00:00,maceta2,104.0,104.0,77.1,76.7,76.9,6213.8,11.2508,15.3,53.7,1,0,0,
2026-07-05,16:00:00,maceta1,105.0,109.0,76.1,74.4,75.2,6137.3,12.5476,15.7,47.9,1,0,0,
2026-07-05,16:00:00,maceta2,104.0,105.0,76.8,76.4,76.6,6484.6,12.4505,11.6,55.8,1,0,0,
2026-07-05,17:00:00,maceta1,106.0,109.0,75.8,74.2,75.0,6392.3,13.7302,14.3,62.6,1,0,0,
2026-07-05,17:00:00,maceta2,104.0,105.0,76.6,76.2,76.4,6118.4,13.5824,14.6,57.0,1,0,0,
2026-07-05,18:00:00,maceta1,106.0,109.0,75.6,74.1,74.8,9.3,13.7319,13.1,65.6,0,0,0,
2026-07-05,18:00:00,maceta2,105.0,106.0,76.4,76.0,76.2,0.0,13.5824,15.5,64.6,0,0,0,
2026-07-05,19:00:00,maceta1,107.0,110.0,75.4,73.9,74.6,7.0,13.7332,13.2,63.9,0,0,0,
2026-07-05,19:00:00,maceta2,105.0,106.0,76.2,75.8,76.0,2.7,13.5829,14.5,60.4,0,0,0,
2026-07-05,20:00:00,maceta1,107.0,110.0,75.1,73.7,74.4,2.8,13.7337,11.0,62.5,0,0,0,
2026-07-05,20:00:00,maceta2,106.0,106.0,75.9,75.6,75.8,20.8,13.5867,12.7,66.2,0,0,0,
2026-07-05,21:00:00,maceta1,108.0,110.0,74.9,73.5,74.2,6.4,13.7349,12.5,63.0,0,0,0,
2026-07-05,21:00:00,maceta2,106.0,107.0,75.7,75.4,75.5,28.0,13.5919,12.0,55.6,0,0,0,
2026-07-05,22:00:00,maceta1,108.0,111.0,74.8,73.3,74.0,15.5,13.7378,7.1,70.0,0,0,0,
2026-07-05,22:00:00,maceta2,107.0,107.0,75.5,75.2,75.3,13.8,13.5945,8.3,61.9,0,0,0,
2026-07-05,23:00:00,maceta1,108.0,111.0,74.6,73.1,73.9,13.0,13.7402,7.0,65.2,0,0,0,
2026-07-05,23:00:00,maceta2,107.0,108.0,75.4,74.9,75.2,20.8,13.5983,8.3,70.0,0,0,0,
2026-07-06,00:00:00,maceta1,109.0,112.0,74.4,72.8,73.6,13.6,0.0025,7.5,71.6,0,0,0,
2026-07-06,00:00:00,maceta2,107.0,108.0,75.2,74.8,75.0,3.9,0.0007,5.2,65.0,0,0,0,
2026-07-06,01:00:00,maceta1,109.0,112.0,74.2,72.7,73.5,26.4,0.0074,5.8,74.5,0,0,0,
2026-07-06,01:00:00,maceta2,108.0,108.0,75.0,74.6,74.8,12.9,0.0031,2.7,78.5,0,0,0,
2026-07-06,02:00:00,maceta1,109.0,112.0,74.0,72.5,73.2,2.2,0.0078,7.3,69.0,0,0,0,
2026-07-06,02:00:00,maceta2,108.0,109.0,74.7,74.5,74.6,15.9,0.006,4.4,81.0,0,0,0,
2026-07-06,03:00:00,maceta1,110.0,113.0,73.8,72.3,73.0,19.4,0.0114,5.1,67.2,0,0,0,
2026-07-06,03:00:00,maceta2,109.0,109.0,74.5,74.3,74.4,8.3,0.0076,4.5,85.6,0,0,0,
2026-07-06,04:00:00,maceta1,110.0,113.0,73.6,72.1,72.9,24.0,0.0158,6.9,72.6,0,0,0,
2026-07-06,04:00:00,maceta2,109.0,109.0,74.3,74.0,74.2,20.1,0.0113,0.9,75.4,0,0,0,
2026-07-06,05:00:00,maceta1,110.0,113.0,73.4,72.0,72.7,19.5,0.0194,5.7,64.2,0,0,0,
2026-07-06,05:00:00,maceta2,128.0,110.0,64.2,73.8,69.0,12.6,0.0136,5.5,73.3,0,0,0,Discrepancia alta entre sensores de humedad
2026-07-06,06:00:00,maceta1,111.0,114.0,73.2,71.8,72.5,6308.4,1.1865,5.8,73.2,1,0,0,
2026-07-06,06:00:00,maceta2,110.0,110.0,73.8,73.6,73.7,6285.4,1.1764,9.1,71.6,1,0,0,
2026-07-06,07:00:00,maceta1,111.0,114.0,73.1,71.6,72.3,5943.1,2.286,6.2,67.2,1,0,0,
2026-07-06,07:00:00,maceta2,110.0,111.0,73.7,73.4,73.5,5841.0,2.257,8.7,65.3,1,0,0,
2026-07-06,08:00:00,maceta1,112.0,114.0,72.9,71.4,72.2,6182.2,3.4297,9.3,73.2,1,0,0,
2026-07-06,08:00:00,maceta2,110.0,111.0,73.5,73.2,73.3,6290.2,3.4207,10.6,67.7,1,0,0,
2026-07-06,09:00:00,maceta1,112.0,128.0,72.7,64.2,68.5,6498.8,4.632,9.0,72.7,1,0,0,Discrepancia alta entre sensores de humedad
2026-07-06,09:00:00,maceta2,111.0,111.0,73.3,73.0,73.1,6051.0,4.5401,8.9,62.4,1,0,0,
2026-07-06,10:00:00,maceta1,112.0,115.0,72.5,71.0,71.8,6427.5,5.821,12.9,60.2,1,0,0,
2026-07-06,10:00:00,maceta2,111.0,112.0,73.2,72.8,73.0,6067.4,5.6626,11.9,66.5,1,0,0,
2026-07-06,11:00:00,maceta1,113.0,115.0,72.3,70.8,71.6,6282.6,6.9833,10.2,51.9,1,0,0,
2026-07-06,11:00:00,maceta2,111.0,112.0,73.0,72.6,72.8,6218.8,6.813,11.7,53.9,1,0,0,
2026-07-06,12:00:00,maceta1,113.0,116.0,72.1,70.6,71.4,5837.1,8.0632,14.1,63.4,1,0,0,
2026-07-06,12:00:00,maceta2,112.0,112.0,72.8,72.4,72.6,5854.9,7.8962,14.8,52.1,1,0,0,
2026-07-06,13:00:00,maceta1,113.0,116.0,71.9,70.4,71.2,5814.5,9.1389,13.3,47.2,1,0,0,
2026-07-06,13:00:00,maceta2,112.0,113.0,72.6,72.1,72.4,6059.6,9.0172,10.0,65.7,1,0,0,
2026-07-06,14:00:00,maceta1,114.0,117.0,71.8,70.2,71.0,6322.1,10.3084,15.6,48.4,1,0,0,
2026-07-06,14:00:00,maceta2,112.0,113.0,72.4,72.0,72.2,5920.9,10.1126,13.0,56.3,1,0,0,
2026-07-06,15:00:00,maceta1,114.0,117.0,71.5,70.0,70.8,6224.1,11.4599,12.0,55.3,1,0,0,
2026-07-06,15:00:00,maceta2,113.0,114.0,72.2,71.7,72.0,6002.2,11.223,10.8,40.9,1,0,0,
2026-07-06,16:00:00,maceta1,114.0,117.0,71.4,69.8,70.6,6357.9,12.6361,16.1,54.0,1,0,0,
2026-07-06,16:00:00,maceta2,113.0,114.0,72.0,71.6,71.8,6358.9,12.3994,15.0,57.6,1,0,0,
2026-07-06,17:00:00,maceta1,115.0,118.0,71.2,69.6,70.4,6342.8,13.8095,14.0,58.1,1,0,0,
2026-07-06,17:00:00,maceta2,114.0,114.0,71.8,71.4,71.6,6167.4,13.5404,16.4,60.9,1,0,0,
2026-07-06,18:00:00,maceta1,115.0,118.0,71.0,69.4,70.2,6.6,13.8107,14.5,56.0,0,0,0,
2026-07-06,18:00:00,maceta2,114.0,115.0,71.6,71.1,71.4,26.8,13.5453,16.0,61.5,0,0,0,
2026-07-06,19:00:00,maceta1,115.0,119.0,70.8,69.2,70.0,3.7,13.8114,10.4,56.6,0,0,0,
2026-07-06,19:00:00,maceta2,114.0,115.0,71.4,70.9,71.2,18.9,13.5488,12.5,52.9,0,0,0,
2026-07-06,20:00:00,maceta1,116.0,119.0,70.6,69.0,69.8,6.4,13.8126,8.9,55.9,0,0,0,
2026-07-06,20:00:00,maceta2,115.0,116.0,71.3,70.7,71.0,18.2,13.5522,11.0,55.1,0,0,0,
2026-07-06,21:00:00,maceta1,116.0,119.0,70.3,68.8,69.6,11.5,13.8147,9.6,70.0,0,0,0,
2026-07-06,21:00:00,maceta2,115.0,116.0,71.1,70.5,70.8,3.1,13.5527,11.0,57.4,0,0,0,
2026-07-06,22:00:00,maceta1,117.0,120.0,70.1,68.5,69.3,17.5,13.818,8.8,69.0,0,0,0,
2026-07-06,22:00:00,maceta2,115.0,116.0,70.9,70.3,70.6,20.5,13.5565,9.7,66.3,0,0,0,
2026-07-06,23:00:00,maceta1,117.0,120.0,69.9,68.4,69.1,20.4,13.8217,8.6,69.5,0,0,0,
2026-07-06,23:00:00,maceta2,116.0,117.0,70.7,70.1,70.4,19.1,13.5601,10.7,76.8,0,0,0,
2026-07-07,00:00:00,maceta1,118.0,121.0,69.7,68.1,68.9,15.0,0.0028,6.0,69.9,0,0,0,
2026-07-07,00:00:00,maceta2,116.0,117.0,70.5,69.9,70.2,15.6,0.0029,5.1,75.1,0,0,0,
2026-07-07,01:00:00,maceta1,118.0,121.0,69.5,67.9,68.7,19.1,0.0063,6.0,73.8,0,0,0,
2026-07-07,01:00:00,maceta2,116.0,117.0,70.3,69.7,70.0,20.7,0.0067,4.5,72.9,0,0,0,
2026-07-07,02:00:00,maceta1,118.0,121.0,69.3,67.7,68.5,19.6,0.0099,7.4,86.2,0,0,0,
2026-07-07,02:00:00,maceta2,117.0,118.0,70.1,69.5,69.8,17.6,0.01,4.8,67.5,0,0,0,
2026-07-07,03:00:00,maceta1,119.0,122.0,69.1,67.6,68.3,4.7,0.0108,4.2,81.4,0,0,0,
2026-07-07,03:00:00,maceta2,117.0,118.0,69.9,69.3,69.6,6.3,0.0111,4.3,78.3,0,0,0,
2026-07-07,04:00:00,maceta1,119.0,122.0,68.9,67.3,68.1,7.8,0.0122,6.3,72.3,0,0,0,
2026-07-07,04:00:00,maceta2,118.0,119.0,69.6,69.1,69.4,27.6,0.0162,4.9,82.8,0,0,0,
2026-07-07,05:00:00,maceta1,119.0,123.0,68.7,67.1,67.9,22.8,0.0165,4.7,64.4,0,0,0,
2026-07-07,05:00:00,maceta2,118.0,119.0,69.4,68.9,69.2,16.6,0.0193,8.2,71.1,0,0,0,
2026-07-07,06:00:00,maceta1,120.0,123.0,68.5,66.8,67.7,5878.5,1.104,5.2,66.0,1,0,0,
2026-07-07,06:00:00,maceta2,118.0,120.0,69.2,68.7,69.0,6383.5,1.2003,6.5,74.1,1,0,0,
2026-07-07,07:00:00,maceta1,120.0,123.0,68.3,66.7,67.5,6208.8,2.2526,8.5,64.4,1,0,0,
2026-07-07,07:00:00,maceta2,119.0,120.0,69.1,68.4,68.8,5902.3,2.2922,5.1,72.2,1,0,0,
2026-07-07,08:00:00,maceta1,121.0,124.0,68.1,66.5,67.3,6008.0,3.3641,9.4,66.7,1,0,0,
2026-07-07,08:00:00,maceta2,119.0,120.0,68.9,68.2,68.6,6137.7,3.4276,7.1,65.2,1,0,0,
2026-07-07,09:00:00,maceta1,121.0,124.0,67.8,66.3,67.1,6283.8,4.5266,11.2,66.9,1,0,0,
2026-07-07,09:00:00,maceta2,119.0,121.0,68.7,68.0,68.4,5969.8,4.5321,8.6,63.7,1,0,0,
2026-07-07,10:00:00,maceta1,121.0,124.0,67.6,66.1,66.9,6174.4,5.6689,12.3,57.0,1,0,0,
2026-07-07,10:00:00,maceta2,120.0,121.0,68.6,67.8,68.2,6279.3,5.6937,13.0,76.4,1,0,0,
2026-07-07,11:00:00,maceta1,122.0,125.0,67.4,66.0,66.7,6114.1,6.8,13.8,57.6,1,0,0,
2026-07-07,11:00:00,maceta2,120.0,122.0,68.4,67.6,68.0,6404.1,6.8785,12.9,48.9,1,0,0,
2026-07-07,12:00:00,maceta1,122.0,125.0,67.3,65.7,66.5,6408.6,7.9856,13.2,53.7,1,0,0,
2026-07-07,12:00:00,maceta2,120.0,122.0,68.2,67.5,67.8,6129.5,8.0124,12.7,51.6,1,0,0,
2026-07-07,13:00:00,maceta1,123.0,125.0,67.1,65.6,66.3,6481.0,9.1846,16.5,60.5,1,0,0,
2026-07-07,13:00:00,maceta2,121.0,122.0,68.0,67.2,67.6,5852.9,9.0952,13.3,57.9,1,0,0,
2026-07-07,14:00:00,maceta1,123.0,126.0,66.9,65.4,66.1,5802.4,10.258,13.3,57.3,1,0,0,
2026-07-07,14:00:00,maceta2,121.0,123.0,67.8,67.0,67.4,6066.5,10.2175,15.8,53.5,1,0,0,
2026-07-07,15:00:00,maceta1,123.0,126.0,66.7,65.1,65.9,6220.8,11.4089,13.8,53.6,1,0,0,
2026-07-07,15:00:00,maceta2,122.0,123.0,67.6,66.8,67.2,6240.4,11.372,13.6,53.1,1,0,0,
2026-07-07,16:00:00,maceta1,124.0,127.0,66.5,65.0,65.8,6133.5,12.5436,12.7,54.9,1,0,0,
2026-07-07,16:00:00,maceta2,122.0,123.0,67.4,66.7,67.1,5887.4,12.4612,14.1,59.5,1,0,0,
2026-07-07,17:00:00,maceta1,124.0,127.0,66.3,64.8,65.5,5919.3,13.6386,14.2,58.0,1,0,0,
2026-07-07,17:00:00,maceta2,122.0,124.0,67.3,66.5,66.9,6396.5,13.6445,14.7,58.8,1,0,0,
2026-07-07,18:00:00,maceta1,124.0,127.0,66.1,64.6,65.3,0.6,13.6388,15.0,60.4,0,0,0,
2026-07-07,18:00:00,maceta2,123.0,124.0,67.1,66.3,66.7,3.3,13.6451,14.3,62.4,0,0,0,
2026-07-07,19:00:00,maceta1,125.0,128.0,65.9,64.4,65.1,8.0,13.6402,12.2,61.4,0,0,0,Discrepancia alta entre sensores de humedad
2026-07-07,19:00:00,maceta2,123.0,124.0,66.9,66.1,66.5,2.0,13.6455,12.2,61.8,0,0,0,
2026-07-07,20:00:00,maceta1,125.0,128.0,65.7,64.2,64.9,18.1,13.6436,12.1,68.4,0,0,0,Discrepancia alta entre sensores de humedad
2026-07-07,20:00:00,maceta2,123.0,125.0,66.6,65.9,66.3,29.9,13.651,13.2,59.1,0,0,0,
2026-07-07,21:00:00,maceta1,126.0,128.0,65.5,64.0,64.7,3.0,13.6441,10.2,60.7,0,0,0,Discrepancia alta entre sensores de humedad
2026-07-07,21:00:00,maceta2,124.0,125.0,66.4,65.7,66.1,24.6,13.6556,9.3,59.1,0,0,0,
2026-07-07,22:00:00,maceta1,126.0,129.0,65.3,63.8,64.5,3.6,13.6448,7.2,68.5,0,0,0,
2026-07-07,22:00:00,maceta2,124.0,126.0,66.2,65.5,65.8,20.1,13.6593,6.5,58.3,0,0,0,
2026-07-07,23:00:00,maceta1,126.0,129.0,65.0,63.6,64.3,19.3,13.6484,8.5,72.3,0,0,0,
2026-07-07,23:00:00,maceta2,125.0,126.0,66.0,65.2,65.6,27.1,13.6643,8.4,69.5,0,0,0,
2026-07-08,00:00:00,maceta1,127.0,129.0,64.8,63.4,64.1,3.4,0.0006,7.3,77.7,0,0,0,
2026-07-08,00:00:00,maceta2,125.0,126.0,65.8,65.0,65.4,9.5,0.0018,6.3,68.7,0,0,0,
2026-07-08,01:00:00,maceta1,127.0,130.0,64.6,63.2,63.9,2.7,0.0011,7.8,72.6,0,0,0,
2026-07-08,01:00:00,maceta2,125.0,127.0,65.5,64.8,65.2,12.2,0.004,4.9,79.3,0,0,0,
2026-07-08,02:00:00,maceta1,128.0,130.0,64.4,63.1,63.7,27.3,0.0062,6.6,81.6,0,0,0,Discrepancia alta entre sensores de humedad
2026-07-08,02:00:00,maceta2,126.0,127.0,65.3,64.6,65.0,23.4,0.0083,5.1,71.3,0,0,0,
2026-07-08,03:00:00,maceta1,128.0,131.0,64.2,62.9,63.5,21.7,0.0102,4.1,75.9,0,0,0,Discrepancia alta entre sensores de humedad
2026-07-08,03:00:00,maceta2,126.0,128.0,65.1,64.4,64.8,16.0,0.0113,5.9,76.5,0,0,0,Discrepancia alta entre sensores de humedad
2026-07-08,04:00:00,maceta1,129.0,131.0,63.9,62.6,63.3,26.5,0.0151,5.8,76.5,0,0,0,
2026-07-08,04:00:00,maceta2,127.0,128.0,64.9,64.2,64.6,13.5,0.0138,5.7,73.3,0,0,0,Discrepancia alta entre sensores de humedad
2026-07-08,05:00:00,maceta1,129.0,131.0,63.8,62.5,63.1,4.5,0.0159,5.8,80.1,0,0,0,
2026-07-08,05:00:00,maceta2,127.0,128.0,64.8,64.0,64.4,25.1,0.0185,5.6,64.2,0,0,0,Discrepancia alta entre sensores de humedad
2026-07-08,06:00:00,maceta1,129.0,132.0,63.6,62.3,62.9,6302.9,1.182,10.0,70.0,1,0,0,
2026-07-08,06:00:00,maceta2,127.0,129.0,64.5,63.9,64.2,5942.6,1.1178,8.2,74.3,1,0,0,
2026-07-08,07:00:00,maceta1,130.0,132.0,63.4,62.0,62.7,6252.5,2.3387,8.6,72.3,1,0,0,
2026-07-08,07:00:00,maceta2,128.0,129.0,64.3,63.6,64.0,6281.0,2.2798,7.7,76.8,1,0,0,Discrepancia alta entre sensores de humedad
2026-07-08,08:00:00,maceta1,130.0,132.0,63.2,61.9,62.5,5978.6,3.4447,10.2,73.6,1,0,0,
2026-07-08,08:00:00,maceta2,128.0,130.0,64.1,63.4,63.7,6220.4,3.4306,9.5,66.2,1,0,0,Discrepancia alta entre sensores de humedad
2026-07-08,09:00:00,maceta1,130.0,133.0,63.0,61.6,62.3,6279.4,4.6064,10.0,71.5,1,0,0,
2026-07-08,09:00:00,maceta2,129.0,130.0,63.9,63.2,63.5,6126.6,4.564,9.5,61.4,1,0,0,
2026-07-08,10:00:00,maceta1,131.0,133.0,62.8,61.4,62.1,6035.7,5.723,11.2,67.1,1,0,0,
2026-07-08,10:00:00,maceta2,129.0,130.0,63.6,63.0,63.3,6233.4,5.7172,6.5,71.5,1,0,0,
2026-07-08,11:00:00,maceta1,131.0,134.0,62.6,61.3,61.9,6484.5,6.9227,12.8,66.1,1,0,0,
2026-07-08,11:00:00,maceta2,129.0,131.0,63.4,62.7,63.1,6098.8,6.8455,11.8,60.5,1,0,0,
2026-07-08,12:00:00,maceta1,131.0,134.0,62.4,61.0,61.7,6074.2,8.0464,15.9,56.3,1,0,0,
2026-07-08,12:00:00,maceta2,130.0,131.0,63.2,62.5,62.9,6125.0,7.9786,13.6,50.3,1,0,0,
2026-07-08,13:00:00,maceta1,132.0,134.0,62.2,60.8,61.5,5853.4,9.1293,12.5,57.9,1,0,0,
2026-07-08,13:00:00,maceta2,130.0,132.0,63.0,62.3,62.7,6187.2,9.1232,14.3,50.8,1,0,0,
2026-07-08,14:00:00,maceta1,132.0,135.0,62.0,60.6,61.3,6030.1,10.2448,13.3,51.4,1,0,0,
2026-07-08,14:00:00,maceta2,131.0,132.0,62.8,62.1,62.4,5885.0,10.2119,15.5,49.4,1,0,0,
2026-07-08,15:00:00,maceta1,133.0,135.0,61.8,60.4,61.1,6126.4,11.3782,15.4,52.7,1,0,0,
2026-07-08,15:00:00,maceta2,131.0,132.0,62.6,61.9,62.2,5802.4,11.2854,16.4,54.9,1,0,0,
2026-07-08,16:00:00,maceta1,133.0,136.0,61.5,60.3,60.9,6081.2,12.5032,13.6,56.7,1,0,0,
2026-07-08,16:00:00,maceta2,128.0,133.0,64.2,61.6,62.9,5874.0,12.3721,14.9,52.3,1,0,0,Discrepancia alta entre sensores de humedad
2026-07-08,17:00:00,maceta1,133.0,136.0,61.4,60.0,60.7,5817.0,13.5794,12.3,61.7,1,0,0,
2026-07-08,17:00:00,maceta2,132.0,133.0,62.2,61.4,61.8,6377.1,13.5518,15.4,55.3,1,0,0,
2026-07-08,18:00:00,maceta1,134.0,136.0,61.2,59.8,60.5,14.2,13.582,14.3,54.0,0,0,0,
2026-07-08,18:00:00,maceta2,132.0,134.0,62.0,61.2,61.6,11.5,13.554,14.3,59.1,0,0,0,
2026-07-08,19:00:00,maceta1,134.0,137.0,61.0,59.7,60.3,5.8,13.5831,12.5,69.8,0,0,0,
2026-07-08,19:00:00,maceta2,133.0,134.0,61.8,61.0,61.4,4.4,13.5548,13.1,61.7,0,0,0,
2026-07-08,20:00:00,maceta1,134.0,137.0,60.8,59.5,60.1,23.8,13.5875,13.7,60.6,0,0,0,
2026-07-08,20:00:00,maceta2,133.0,134.0,61.7,60.8,61.2,14.0,13.5574,10.9,54.8,0,0,0,
2026-07-08,21:00:00,maceta1,128.0,137.0,64.2,59.3,61.8,23.7,13.5919,10.2,63.9,0,0,0,Discrepancia alta entre sensores de humedad
2026-07-08,21:00:00,maceta2,133.0,135.0,61.5,60.6,61.0,21.1,13.5613,8.4,66.2,0,0,0,
2026-07-08,22:00:00,maceta1,135.0,138.0,60.5,59.1,59.8,5.8,13.593,7.4,65.7,0,0,0,
2026-07-08,22:00:00,maceta2,128.0,135.0,64.2,60.4,62.3,15.3,13.5641,8.9,59.3,0,0,0,Discrepancia alta entre sensores de humedad
2026-07-08,23:00:00,maceta1,136.0,138.0,60.2,58.9,59.6,13.3,13.5954,9.2,65.7,0,0,0,
2026-07-08,23:00:00,maceta2,134.0,136.0,61.1,60.2,60.6,12.7,13.5665,7.1,77.3,0,0,0,
2026-07-09,00:00:00,maceta1,136.0,138.0,60.0,58.7,59.4,16.3,0.003,6.1,79.2,0,0,0,
2026-07-09,00:00:00,maceta2,134.0,136.0,60.9,60.0,60.5,29.5,0.0055,5.9,67.6,0,0,0,
2026-07-09,01:00:00,maceta1,136.0,139.0,59.8,58.5,59.2,24.4,0.0075,4.9,77.0,0,0,0,
2026-07-09,01:00:00,maceta2,135.0,136.0,60.7,59.8,60.2,27.1,0.0105,6.1,67.8,0,0,0,
2026-07-09,02:00:00,maceta1,137.0,139.0,59.6,58.3,59.0,0.9,0.0077,2.9,81.7,0,0,0,
2026-07-09,02:00:00,maceta2,135.0,137.0,60.5,59.6,60.1,4.2,0.0112,7.1,75.9,0,0,0,
2026-07-09,03:00:00,maceta1,137.0,139.0,59.3,58.2,58.7,2.5,0.0082,4.0,79.7,0,0,0,
2026-07-09,03:00:00,maceta2,135.0,137.0,60.3,59.4,59.9,7.9,0.0127,6.1,66.4,0,0,0,
2026-07-09,04:00:00,maceta1,138.0,140.0,59.1,58.0,58.5,13.3,0.0106,3.3,78.0,0,0,0,
2026-07-09,04:00:00,maceta2,136.0,138.0,60.1,59.2,59.6,19.3,0.0163,6.2,74.6,0,0,0,
2026-07-09,05:00:00,maceta1,138.0,140.0,58.8,57.8,58.3,15.0,0.0134,6.7,77.9,0,0,0,
2026-07-09,05:00:00,maceta2,136.0,138.0,59.9,59.0,59.4,27.1,0.0213,6.2,78.2,0,0,0,
2026-07-09,06:00:00,maceta1,139.0,141.0,58.6,57.6,58.1,6175.6,1.1559,5.0,72.4,1,0,0,
2026-07-09,06:00:00,maceta2,137.0,138.0,59.7,58.8,59.2,6117.3,1.153,6.8,69.1,1,0,0,
2026-07-09,07:00:00,maceta1,139.0,141.0,58.4,57.3,57.9,6422.7,2.3441,5.7,73.9,1,0,0,
2026-07-09,07:00:00,maceta2,137.0,139.0,59.5,58.6,59.0,6287.5,2.3162,7.1,69.7,1,0,0,
2026-07-09,08:00:00,maceta1,139.0,141.0,58.2,57.1,57.7,6429.1,3.5335,10.3,63.2,1,0,0,
2026-07-09,08:00:00,maceta2,137.0,139.0,59.3,58.4,58.9,6296.4,3.481,9.9,63.0,1,0,0,
2026-07-09,09:00:00,maceta1,140.0,142.0,58.0,57.0,57.5,6479.7,4.7322,10.0,57.6,1,0,0,
2026-07-09,09:00:00,maceta2,138.0,140.0,59.2,58.1,58.7,6245.0,4.6363,8.5,62.4,1,0,0,
2026-07-09,10:00:00,maceta1,140.0,142.0,57.8,56.7,57.2,6474.5,5.93,12.3,67.9,1,0,0,
2026-07-09,10:00:00,maceta2,138.0,140.0,59.0,57.9,58.5,5910.7,5.7298,11.3,63.3,1,0,0,
2026-07-09,11:00:00,maceta1,141.0,143.0,57.5,56.5,57.0,5836.7,7.0098,9.0,57.4,1,0,0,
2026-07-09,11:00:00,maceta2,138.0,140.0,58.8,57.7,58.3,6205.4,6.8778,13.7,64.0,1,0,0,
2026-07-09,12:00:00,maceta1,141.0,143.0,57.3,56.3,56.8,6488.4,8.2101,13.5,53.8,1,0,0,
2026-07-09,12:00:00,maceta2,139.0,141.0,58.7,57.6,58.1,6092.3,8.0049,15.3,58.4,1,0,0,
2026-07-09,13:00:00,maceta1,142.0,144.0,57.1,56.0,56.6,5948.4,9.3106,12.7,55.4,1,0,0,
2026-07-09,13:00:00,maceta2,139.0,141.0,58.5,57.4,57.9,6165.1,9.1454,9.6,60.2,1,0,0,
2026-07-09,14:00:00,maceta1,142.0,144.0,56.8,55.8,56.3,6254.2,10.4676,15.2,47.5,1,0,0,
2026-07-09,14:00:00,maceta2,139.0,141.0,58.3,57.1,57.7,6020.6,10.2592,15.3,51.1,1,0,0,
2026-07-09,15:00:00,maceta1,142.0,144.0,56.7,55.6,56.1,6300.3,11.6332,12.5,46.8,1,0,0,
2026-07-09,15:00:00,maceta2,139.0,142.0,58.2,57.0,57.6,6482.6,11.4585,13.5,53.7,1,0,0,
2026-07-09,16:00:00,maceta1,143.0,145.0,56.5,55.4,55.9,6427.9,12.8223,19.0,61.4,1,0,0,
2026-07-09,16:00:00,maceta2,140.0,142.0,58.0,56.8,57.4,6004.1,12.5693,14.4,52.8,1,0,0,
2026-07-09,17:00:00,maceta1,143.0,145.0,56.3,55.2,55.8,6028.7,13.9376,15.4,53.8,1,0,0,
2026-07-09,17:00:00,maceta2,140.0,143.0,57.8,56.6,57.2,6060.1,13.6904,13.4,60.7,1,0,0,
2026-07-09,18:00:00,maceta1,143.0,145.0,56.1,55.0,55.6,16.1,13.9406,10.4,63.3,0,0,0,
2026-07-09,18:00:00,maceta2,141.0,143.0,57.5,56.4,57.0,0.9,13.6906,13.3,57.5,0,0,0,
2026-07-09,19:00:00,maceta1,144.0,146.0,55.9,54.8,55.3,20.6,13.9444,12.1,63.4,0,0,0,
2026-07-09,19:00:00,maceta2,141.0,143.0,57.3,56.2,56.8,14.6,13.6933,11.9,54.6,0,0,0,
2026-07-09,20:00:00,maceta1,144.0,146.0,55.7,54.6,55.1,23.7,13.9488,11.1,69.3,0,0,0,
2026-07-09,20:00:00,maceta2,141.0,144.0,57.2,56.0,56.6,24.5,13.6978,11.7,73.2,0,0,0,
2026-07-09,21:00:00,maceta1,145.0,128.0,55.5,64.2,59.9,6.9,13.9501,9.8,67.6,0,0,0,Discrepancia alta entre sensores de humedad
2026-07-09,21:00:00,maceta2,142.0,144.0,57.0,55.8,56.4,1.5,13.6981,8.1,54.6,0,0,0,
2026-07-09,22:00:00,maceta1,145.0,147.0,55.3,54.2,54.7,21.1,13.954,9.4,64.8,0,0,0,
2026-07-09,22:00:00,maceta2,142.0,144.0,56.8,55.6,56.2,29.3,13.7035,5.8,70.7,0,0,0,
2026-07-09,23:00:00,maceta1,145.0,147.0,55.1,54.0,54.6,13.4,13.9565,4.4,67.9,0,0,0,
2026-07-09,23:00:00,maceta2,143.0,145.0,56.6,55.3,55.9,7.8,13.7049,8.6,76.4,0,0,0,
2026-07-10,00:00:00,maceta1,146.0,148.0,55.0,53.9,54.4,4.7,0.0009,7.2,75.0,0,0,0,
2026-07-10,00:00:00,maceta2,143.0,145.0,56.3,55.1,55.7,8.6,0.0016,6.4,68.5,0,0,0,
2026-07-10,01:00:00,maceta1,146.0,148.0,54.8,53.7,54.2,9.8,0.0027,3.6,73.8,0,0,0,
2026-07-10,01:00:00,maceta2,143.0,146.0,56.2,54.9,55.5,12.7,0.0039,4.6,69.2,0,0,0,
2026-07-10,02:00:00,maceta1,146.0,148.0,54.6,53.5,54.0,19.7,0.0063,4.8,73.7,0,0,0,
2026-07-10,02:00:00,maceta2,144.0,146.0,56.0,54.8,55.4,8.2,0.0055,2.8,71.9,0,0,0,
2026-07-10,03:00:00,maceta1,147.0,149.0,54.4,53.3,53.8,1.5,0.0066,3.9,80.9,0,0,0,
2026-07-10,03:00:00,maceta2,144.0,146.0,55.8,54.6,55.2,11.2,0.0075,6.0,85.6,0,0,0,
2026-07-10,04:00:00,maceta1,128.0,149.0,64.2,53.0,58.6,25.7,0.0114,7.3,67.5,0,0,0,Discrepancia alta entre sensores de humedad
2026-07-10,04:00:00,maceta2,144.0,147.0,55.6,54.4,55.0,15.0,0.0103,4.5,65.0,0,0,0,
2026-07-10,05:00:00,maceta1,148.0,150.0,53.9,52.9,53.4,28.9,0.0167,6.8,72.4,0,0,0,
2026-07-10,05:00:00,maceta2,145.0,147.0,55.4,54.2,54.8,15.1,0.0131,2.8,66.1,0,0,0,
2026-07-10,06:00:00,maceta1,148.0,150.0,53.7,52.7,53.2,5881.0,1.1047,7.5,72.3,1,0,0,
2026-07-10,06:00:00,maceta2,145.0,148.0,55.2,53.9,54.6,6157.7,1.1523,5.3,75.8,1,0,0,
2026-07-10,07:00:00,maceta1,148.0,150.0,53.6,52.5,53.0,6148.1,2.2421,8.0,77.5,1,0,0,
2026-07-10,07:00:00,maceta2,146.0,148.0,54.9,53.7,54.3,5842.3,2.2331,7.1,71.0,1,0,0,
2026-07-10,08:00:00,maceta1,149.0,151.0,53.4,52.2,52.8,6224.8,3.3937,10.7,66.6,1,0,0,
2026-07-10,08:00:00,maceta2,146.0,148.0,54.7,53.5,54.1,6365.8,3.4108,7.4,57.7,1,0,0,
2026-07-10,09:00:00,maceta1,149.0,151.0,53.2,52.0,52.6,6324.3,4.5637,10.9,65.1,1,0,0,
2026-07-10,09:00:00,maceta2,146.0,149.0,54.5,53.3,53.9,5942.1,4.51,9.6,65.4,1,0,0,
2026-07-10,10:00:00,maceta1,149.0,152.0,53.0,51.7,52.4,6403.6,5.7483,11.1,65.6,1,0,0,
2026-07-10,10:00:00,maceta2,147.0,149.0,54.3,53.1,53.7,6039.8,5.6274,11.0,58.9,1,0,0,
2026-07-10,11:00:00,maceta1,150.0,152.0,52.8,51.6,52.2,6462.6,6.9439,11.2,57.8,1,0,0,
2026-07-10,11:00:00,maceta2,147.0,150.0,54.0,52.9,53.5,5850.2,6.7097,12.5,52.6,1,0,0,
2026-07-10,12:00:00,maceta1,150.0,152.0,52.5,51.4,52.0,6140.3,8.0799,13.4,46.5,1,0,0,
2026-07-10,12:00:00,maceta2,148.0,150.0,53.8,52.7,53.3,6218.0,7.86,13.9,52.4,1,0,0,
2026-07-10,13:00:00,maceta1,151.0,153.0,52.3,51.2,51.8,5973.4,9.185,14.5,48.5,1,0,0,
2026-07-10,13:00:00,maceta2,148.0,150.0,53.6,52.5,53.1,6340.0,9.0329,15.5,58.0,1,0,0,
2026-07-10,14:00:00,maceta1,151.0,153.0,52.1,51.0,51.6,6238.8,10.3391,16.2,52.8,1,0,0,
2026-07-10,14:00:00,maceta2,149.0,151.0,53.4,52.3,52.8,5812.7,10.1083,13.3,52.6,1,0,0,
2026-07-10,15:00:00,maceta1,151.0,153.0,52.0,50.8,51.4,6225.9,11.4909,16.3,50.1,1,0,0,
2026-07-10,15:00:00,maceta2,149.0,151.0,53.2,52.0,52.6,6144.0,11.2449,13.2,38.8,1,0,0,
2026-07-10,16:00:00,maceta1,152.0,154.0,51.8,50.6,51.2,5937.2,12.5893,15.7,62.9,1,0,0,
2026-07-10,16:00:00,maceta2,149.0,151.0,53.1,51.9,52.5,6497.0,12.4469,15.8,50.3,1,0,0,
2026-07-10,17:00:00,maceta1,152.0,154.0,51.6,50.4,51.0,6428.0,13.7785,11.5,54.3,1,0,0,
2026-07-10,17:00:00,maceta2,150.0,152.0,52.9,51.6,52.2,6004.8,13.5577,14.5,49.1,1,0,0,
2026-07-10,18:00:00,maceta1,152.0,155.0,51.3,50.2,50.8,9.3,13.7802,12.8,62.8,0,0,0,
2026-07-10,18:00:00,maceta2,150.0,152.0,52.6,51.4,52.0,23.6,13.5621,12.4,58.6,0,0,0,
2026-07-10,19:00:00,maceta1,153.0,155.0,51.1,50.0,50.6,1.5,13.7805,14.5,55.9,0,0,1,
2026-07-10,19:00:00,maceta2,150.0,153.0,52.4,51.2,51.8,5.9,13.5632,11.5,58.0,0,0,0,
2026-07-10,20:00:00,maceta1,87.0,88.0,85.7,85.5,85.6,6.3,13.7817,10.1,70.8,0,0,0,
2026-07-10,20:00:00,maceta2,151.0,153.0,52.2,51.0,51.6,29.8,13.5687,11.4,62.0,0,0,0,
2026-07-10,21:00:00,maceta1,88.0,88.0,85.5,85.3,85.4,17.1,13.7848,11.0,64.1,0,0,0,
2026-07-10,21:00:00,maceta2,151.0,153.0,52.0,50.8,51.4,4.2,13.5695,9.8,60.3,0,0,0,
2026-07-10,22:00:00,maceta1,88.0,88.0,85.3,85.1,85.2,8.2,13.7863,10.5,58.1,0,0,0,
2026-07-10,22:00:00,maceta2,152.0,154.0,51.8,50.6,51.2,5.0,13.5704,9.5,66.8,0,0,0,
2026-07-10,23:00:00,maceta1,88.0,89.0,85.2,84.8,85.0,3.7,13.787,4.2,71.6,0,0,0,
2026-07-10,23:00:00,maceta2,152.0,154.0,51.6,50.4,51.0,23.9,13.5748,6.7,75.5,0,0,0,
2026-07-11,00:00:00,maceta1,89.0,89.0,84.9,84.7,84.8,14.9,0.0028,5.6,60.8,0,0,0,
2026-07-11,00:00:00,maceta2,152.0,155.0,51.4,50.2,50.8,18.9,0.0035,7.2,66.4,0,0,0,
2026-07-11,01:00:00,maceta1,89.0,90.0,84.7,84.4,84.6,9.9,0.0046,1.7,70.8,0,0,0,
2026-07-11,01:00:00,maceta2,153.0,155.0,51.2,49.9,50.6,16.6,0.0066,9.5,73.6,0,0,1,
2026-07-11,02:00:00,maceta1,89.0,90.0,84.5,84.2,84.3,7.7,0.006,6.0,73.9,0,0,0,
2026-07-11,02:00:00,maceta2,94.0,92.0,81.9,83.3,82.6,9.2,0.0083,5.4,74.1,0,0,0,
2026-07-11,03:00:00,maceta1,90.0,91.0,84.4,83.9,84.1,19.6,0.0096,6.8,77.0,0,0,0,
2026-07-11,03:00:00,maceta2,95.0,92.0,81.7,83.1,82.4,4.5,0.0091,8.5,70.5,0,0,0,
2026-07-11,04:00:00,maceta1,90.0,91.0,84.2,83.8,84.0,18.5,0.0131,6.5,79.3,0,0,0,
2026-07-11,04:00:00,maceta2,95.0,93.0,81.5,82.9,82.2,25.6,0.0139,6.6,76.8,0,0,0,
2026-07-11,05:00:00,maceta1,91.0,91.0,83.9,83.5,83.7,3.6,0.0137,5.9,72.1,0,0,0,
2026-07-11,05:00:00,maceta2,96.0,93.0,81.3,82.7,82.0,26.9,0.0188,5.5,81.7,0,0,0,
2026-07-11,06:00:00,maceta1,91.0,92.0,83.7,83.3,83.5,5911.7,1.1074,5.8,79.9,1,0,0,
2026-07-11,06:00:00,maceta2,96.0,93.0,81.1,82.5,81.8,6422.0,1.2069,5.2,76.7,1,0,0,
2026-07-11,07:00:00,maceta1,91.0,92.0,83.6,83.1,83.3,6493.5,2.3087,6.5,54.9,1,0,0,
2026-07-11,07:00:00,maceta2,96.0,94.0,80.9,82.3,81.6,6198.0,2.3535,5.5,77.9,1,0,0,
2026-07-11,08:00:00,maceta1,92.0,93.0,83.4,82.9,83.1,6342.3,3.482,8.6,71.6,1,0,0,
2026-07-11,08:00:00,maceta2,97.0,94.0,80.7,82.1,81.4,6401.3,3.5378,6.2,77.6,1,0,0,
2026-07-11,09:00:00,maceta1,92.0,93.0,83.2,82.7,82.9,6290.7,4.6458,10.3,71.2,1,0,0,
2026-07-11,09:00:00,maceta2,97.0,94.0,80.5,81.9,81.2,5830.9,4.6165,10.0,72.9,1,0,0,
2026-07-11,10:00:00,maceta1,92.0,93.0,83.0,82.5,82.8,5910.3,5.7392,11.5,66.8,1,0,0,
2026-07-11,10:00:00,maceta2,97.0,95.0,80.3,81.7,81.0,5849.7,5.6987,10.5,69.2,1,0,0,
2026-07-11,11:00:00,maceta1,93.0,94.0,82.8,82.3,82.6,5806.9,6.8135,17.1,70.0,1,0,0,
2026-07-11,11:00:00,maceta2,98.0,95.0,80.1,81.4,80.8,6014.2,6.8113,14.5,61.1,1,0,0,
2026-07-11,12:00:00,maceta1,93.0,94.0,82.7,82.1,82.4,6074.6,7.9373,11.7,50.1,1,0,0,
2026-07-11,12:00:00,maceta2,98.0,96.0,80.0,81.2,80.6,5968.7,7.9155,13.9,56.4,1,0,0,
2026-07-11,13:00:00,maceta1,93.0,94.0,82.5,81.9,82.2,5845.2,9.0187,13.4,58.3,1,0,0,
2026-07-11,13:00:00,maceta2,98.0,96.0,79.8,81.0,80.4,6170.9,9.0571,12.8,56.7,1,0,0,
2026-07-11,14:00:00,maceta1,94.0,95.0,82.3,81.7,82.0,5991.3,10.1271,12.8,49.1,1,0,0,
2026-07-11,14:00:00,maceta2,99.0,96.0,79.6,80.8,80.2,6357.2,10.2332,15.5,47.2,1,0,0,
2026-07-11,15:00:00,maceta1,94.0,95.0,82.2,81.5,81.8,5805.6,11.2011,14.0,51.3,1,0,0,
2026-07-11,15:00:00,maceta2,99.0,97.0,79.4,80.6,80.0,6389.8,11.4153,16.5,59.0,1,0,0,
2026-07-11,16:00:00,maceta1,94.0,96.0,82.0,81.2,81.6,6468.3,12.3977,16.3,63.2,1,0,0,
2026-07-11,16:00:00,maceta2,100.0,97.0,79.2,80.4,79.8,6301.3,12.5811,16.9,59.9,1,0,0,
2026-07-11,17:00:00,maceta1,95.0,96.0,81.8,81.0,81.4,6313.6,13.5657,13.1,61.6,1,0,0,
2026-07-11,17:00:00,maceta2,100.0,98.0,79.0,80.2,79.6,6453.5,13.775,15.0,55.9,1,0,0,
2026-07-11,18:00:00,maceta1,95.0,96.0,81.7,80.8,81.2,2.7,13.5662,14.5,49.2,0,0,0,
2026-07-11,18:00:00,maceta2,100.0,98.0,78.8,80.0,79.4,27.3,13.78,12.8,55.7,0,0,0,
2026-07-11,19:00:00,maceta1,95.0,97.0,81.5,80.7,81.1,11.6,13.5684,11.3,58.7,0,0,0,
2026-07-11,19:00:00,maceta2,101.0,98.0,78.7,79.8,79.2,10.5,13.782,14.9,57.5,0,0,0,
2026-07-11,20:00:00,maceta1,96.0,97.0,81.3,80.4,80.9,6.1,13.5695,11.6,62.7,0,0,0,
2026-07-11,20:00:00,maceta2,101.0,99.0,78.5,79.6,79.0,26.9,13.7869,12.3,64.6,0,0,0,
2026-07-11,21:00:00,maceta1,96.0,98.0,81.1,80.2,80.7,6.5,13.5707,8.8,69.3,0,0,0,
2026-07-11,21:00:00,maceta2,101.0,99.0,78.3,79.4,78.8,19.1,13.7905,8.2,63.6,0,0,0,
2026-07-11,22:00:00,maceta1,96.0,98.0,80.9,80.0,80.5,26.4,13.5756,7.9,58.1,0,0,0,
2026-07-11,22:00:00,maceta2,102.0,100.0,78.1,79.1,78.6,1.0,13.7907,8.5,65.2,0,0,0,
2026-07-11,23:00:00,maceta1,97.0,98.0,80.8,79.8,80.3,24.9,13.5802,5.9,70.2,0,0,0,
2026-07-11,23:00:00,maceta2,102.0,100.0,77.9,78.9,78.4,12.3,13.793,7.5,76.1,0,0,0,
2026-07-12,00:00:00,maceta1,97.0,99.0,80.6,79.6,80.1,19.7,0.0037,3.9,69.2,0,0,0,
2026-07-12,00:00:00,maceta2,102.0,100.0,77.7,78.8,78.3,11.2,0.0021,4.8,74.6,0,0,0,
2026-07-12,01:00:00,maceta1,97.0,99.0,80.4,79.4,79.9,20.9,0.0075,6.7,75.1,0,0,0,
2026-07-12,01:00:00,maceta2,103.0,101.0,77.6,78.6,78.1,7.6,0.0035,6.6,73.9,0,0,0,
2026-07-12,02:00:00,maceta1,98.0,100.0,80.2,79.2,79.7,0.7,0.0076,4.6,79.3,0,0,0,
2026-07-12,02:00:00,maceta2,103.0,101.0,77.4,78.3,77.9,28.4,0.0087,3.7,71.4,0,0,0,
2026-07-12,03:00:00,maceta1,98.0,100.0,80.1,79.0,79.6,0.5,0.0077,3.5,72.1,0,0,0,
2026-07-12,03:00:00,maceta2,103.0,102.0,77.2,78.1,77.7,24.7,0.0133,4.5,74.9,0,0,0,
2026-07-12,04:00:00,maceta1,98.0,100.0,79.9,78.8,79.4,5.1,0.0087,6.1,71.5,0,0,0,
2026-07-12,04:00:00,maceta2,104.0,102.0,77.1,77.9,77.5,11.8,0.0155,6.6,77.2,0,0,0,
2026-07-12,05:00:00,maceta1,99.0,101.0,79.7,78.6,79.2,24.7,0.0132,4.9,70.1,0,0,0,
2026-07-12,05:00:00,maceta2,104.0,102.0,76.8,77.7,77.3,6.2,0.0166,4.0,74.8,0,0,0,
2026-07-12,06:00:00,maceta1,99.0,101.0,79.6,78.3,79.0,6487.7,1.2135,6.9,71.6,1,0,0,
2026-07-12,06:00:00,maceta2,104.0,103.0,76.6,77.5,77.0,6323.4,1.1865,5.2,73.1,1,0,0,
2026-07-12,07:00:00,maceta1,99.0,101.0,79.4,78.2,78.8,6203.0,2.361,6.7,67.7,1,0,0,
2026-07-12,07:00:00,maceta2,105.0,103.0,76.3,77.3,76.8,6395.6,2.3696,9.5,68.3,1,0,0,
2026-07-12,08:00:00,maceta1,100.0,102.0,79.1,78.0,78.6,5908.6,3.4541,10.0,68.1,1,0,0,
2026-07-12,08:00:00,maceta2,105.0,103.0,76.2,77.1,76.7,5810.7,3.4446,9.0,68.6,1,0,0,
2026-07-12,09:00:00,maceta1,100.0,102.0,78.9,77.8,78.4,6283.2,4.6165,8.1,65.0,1,0,0,
2026-07-12,09:00:00,maceta2,106.0,104.0,76.0,76.9,76.4,5868.8,4.5303,10.3,73.5,1,0,0,
2026-07-12,10:00:00,maceta1,100.0,103.0,78.7,77.6,78.1,5880.8,5.7044,12.9,57.5,1,0,0,
2026-07-12,10:00:00,maceta2,106.0,104.0,75.7,76.7,76.2,6321.3,5.6998,10.7,62.1,1,0,0,
2026-07-12,11:00:00,maceta1,101.0,103.0,78.5,77.3,77.9,5989.4,6.8125,14.5,52.1,1,0,0,
2026-07-12,11:00:00,maceta2,107.0,105.0,75.5,76.5,76.0,6240.0,6.8542,14.5,61.9,1,0,0,
2026-07-12,12:00:00,maceta1,101.0,103.0,78.2,77.1,77.7,6442.2,8.0043,16.0,52.4,1,0,0,
2026-07-12,12:00:00,maceta2,107.0,105.0,75.3,76.4,75.8,6021.5,7.9682,14.0,56.5,1,0,0,
2026-07-12,13:00:00,maceta1,102.0,104.0,78.1,76.9,77.5,5952.0,9.1054,15.2,54.5,1,0,0,
2026-07-12,13:00:00,maceta2,107.0,105.0,75.0,76.2,75.6,5874.6,9.055,16.5,57.7,1,0,0,
2026-07-12,14:00:00,maceta1,102.0,104.0,77.9,76.7,77.3,5891.3,10.1953,15.5,52.6,1,0,0,
2026-07-12,14:00:00,maceta2,108.0,106.0,74.8,75.9,75.4,5843.6,10.136,14.1,52.4,1,0,0,
2026-07-12,15:00:00,maceta1,102.0,105.0,77.7,76.5,77.1,5861.3,11.2796,14.3,62.2,1,0,0,
2026-07-12,15:00:00,maceta2,108.0,106.0,74.6,75.8,75.2,6102.4,11.265,15.4,56.4,1,0,0,
2026-07-12,16:00:00,maceta1,103.0,105.0,77.5,76.3,76.9,6024.6,12.3942,12.9,52.5,1,0,0,
2026-07-12,16:00:00,maceta2,109.0,106.0,74.3,75.5,74.9,6294.6,12.4295,14.6,54.1,1,0,0,
2026-07-12,17:00:00,maceta1,103.0,105.0,77.3,76.1,76.7,6409.2,13.5799,16.0,64.6,1,0,0,
2026-07-12,17:00:00,maceta2,109.0,107.0,74.2,75.4,74.8,6349.3,13.6041,11.1,55.2,1,0,0,
2026-07-12,18:00:00,maceta1,104.0,106.0,77.1,75.8,76.5,25.5,13.5846,15.8,54.5,0,0,0,
2026-07-12,18:00:00,maceta2,109.0,107.0,74.0,75.2,74.6,11.8,13.6063,15.2,54.5,0,0,0,
2026-07-12,19:00:00,maceta1,104.0,106.0,76.9,75.7,76.3,21.3,13.5886,11.8,57.3,0,0,0,
2026-07-12,19:00:00,maceta2,110.0,108.0,73.8,75.0,74.4,4.4,13.6071,13.3,57.0,0,0,0,
2026-07-12,20:00:00,maceta1,104.0,107.0,76.7,75.4,76.1,22.7,13.5927,11.3,56.0,0,0,0,
2026-07-12,20:00:00,maceta2,110.0,108.0,73.5,74.8,74.1,16.5,13.6101,13.2,56.8,0,0,0,
2026-07-12,21:00:00,maceta1,104.0,107.0,76.6,75.3,75.9,8.1,13.5942,11.5,60.9,0,0,0,
2026-07-12,21:00:00,maceta2,111.0,108.0,73.3,74.5,73.9,14.8,13.6129,7.9,68.0,0,0,0,
2026-07-12,22:00:00,maceta1,105.0,107.0,76.4,75.1,75.7,20.9,13.5981,9.6,65.7,0,0,0,
2026-07-12,22:00:00,maceta2,111.0,109.0,73.1,74.3,73.7,0.4,13.613,8.4,66.6,0,0,0,
2026-07-12,23:00:00,maceta1,105.0,108.0,76.2,74.8,75.5,19.1,13.6016,7.6,76.4,0,0,0,
2026-07-12,23:00:00,maceta2,112.0,109.0,72.9,74.1,73.5,16.2,13.616,6.4,76.5,0,0,0,
2026-07-13,00:00:00,maceta1,106.0,108.0,75.9,74.6,75.3,6.6,0.0012,9.1,70.7,0,0,0,
2026-07-13,00:00:00,maceta2,112.0,110.0,72.7,73.8,73.3,22.6,0.0042,8.0,68.9,0,0,0,
2026-07-13,01:00:00,maceta1,106.0,109.0,75.8,74.4,75.1,9.1,0.0029,4.6,69.3,0,0,0,
2026-07-13,01:00:00,maceta2,112.0,110.0,72.6,73.6,73.1,8.3,0.0057,3.7,77.1,0,0,0,
2026-07-13,02:00:00,maceta1,106.0,109.0,75.5,74.2,74.9,14.1,0.0055,4.6,73.6,0,0,0,
2026-07-13,02:00:00,maceta2,113.0,111.0,72.3,73.4,72.9,20.3,0.0095,5.8,72.7,0,0,0,
2026-07-13,03:00:00,maceta1,107.0,109.0,75.3,74.0,74.7,27.9,0.0107,5.4,70.9,0,0,0,
2026-07-13,03:00:00,maceta2,113.0,111.0,72.1,73.2,72.7,4.2,0.0103,6.9,71.2,0,0,0,
2026-07-13,04:00:00,maceta1,107.0,110.0,75.1,73.8,74.5,11.9,0.0129,6.4,76.3,0,0,0,
2026-07-13,04:00:00,maceta2,113.0,111.0,71.9,73.0,72.4,2.0,0.0106,6.6,68.1,0,0,0,
2026-07-13,05:00:00,maceta1,108.0,110.0,74.9,73.6,74.3,22.8,0.0171,6.2,78.6,0,0,0,
2026-07-13,05:00:00,maceta2,114.0,112.0,71.7,72.8,72.2,13.4,0.0131,3.6,71.0,0,0,0,
2026-07-13,06:00:00,maceta1,108.0,110.0,74.7,73.5,74.1,6358.2,1.1934,6.2,71.3,1,0,0,
2026-07-13,06:00:00,maceta2,114.0,112.0,71.5,72.6,72.0,5973.0,1.1181,8.1,65.4,1,0,0,
2026-07-13,07:00:00,maceta1,109.0,111.0,74.4,73.3,73.8,6301.1,2.3591,7.4,69.9,1,0,0,
2026-07-13,07:00:00,maceta2,115.0,112.0,71.3,72.4,71.9,6368.5,2.2963,8.3,68.4,1,0,0,
2026-07-13,08:00:00,maceta1,109.0,111.0,74.3,73.1,73.7,6051.0,3.4785,8.2,67.3,1,0,0,
2026-07-13,08:00:00,maceta2,115.0,113.0,71.0,72.3,71.7,5917.4,3.391,7.2,74.9,1,0,0,
2026-07-13,09:00:00,maceta1,109.0,112.0,74.0,72.9,73.5,5864.4,4.5634,9.8,65.9,1,0,0,
2026-07-13,09:00:00,maceta2,115.0,113.0,70.8,72.1,71.5,6202.8,4.5385,10.5,61.0,1,0,0,
2026-07-13,10:00:00,maceta1,110.0,112.0,73.8,72.7,73.3,6484.7,5.7631,10.3,58.9,1,0,0,
2026-07-13,10:00:00,maceta2,116.0,113.0,70.7,71.9,71.3,6376.1,5.7181,11.0,65.4,1,0,0,
2026-07-13,11:00:00,maceta1,110.0,112.0,73.6,72.5,73.1,6105.1,6.8925,11.1,66.5,1,0,0,
2026-07-13,11:00:00,maceta2,116.0,114.0,70.5,71.7,71.1,6175.6,6.8606,14.2,61.4,1,0,0,
2026-07-13,12:00:00,maceta1,111.0,113.0,73.4,72.3,72.8,5995.7,8.0017,13.1,61.4,1,0,0,
2026-07-13,12:00:00,maceta2,116.0,114.0,70.3,71.5,70.9,5914.1,7.9547,15.7,61.0,1,0,0,
2026-07-13,13:00:00,maceta1,111.0,128.0,73.2,64.2,68.7,6137.5,9.1371,16.6,63.4,1,0,0,Discrepancia alta entre sensores de humedad
2026-07-13,13:00:00,maceta2,117.0,115.0,70.2,71.2,70.7,6124.5,9.0877,14.2,46.6,1,0,0,
2026-07-13,14:00:00,maceta1,111.0,113.0,72.9,72.0,72.5,6165.4,10.2777,13.3,58.7,1,0,0,
2026-07-13,14:00:00,maceta2,117.0,115.0,69.9,71.1,70.5,6467.0,10.2841,11.7,60.3,1,0,0,
2026-07-13,15:00:00,maceta1,112.0,114.0,72.7,71.8,72.2,6222.7,11.4289,12.8,48.3,1,0,0,
2026-07-13,15:00:00,maceta2,128.0,115.0,64.2,70.8,67.5,6224.0,11.4356,13.0,50.6,1,0,0,Discrepancia alta entre sensores de humedad
2026-07-13,16:00:00,maceta1,112.0,114.0,72.5,71.6,72.1,5889.6,12.5185,16.9,51.1,1,0,0,
2026-07-13,16:00:00,maceta2,118.0,116.0,69.5,70.7,70.1,6497.5,12.6376,15.0,51.7,1,0,0,
2026-07-13,17:00:00,maceta1,113.0,114.0,72.4,71.4,71.9,6341.0,13.6916,14.9,53.9,1,0,0,
2026-07-13,17:00:00,maceta2,118.0,116.0,69.3,70.5,69.9,6414.0,13.8242,11.0,57.6,1,0,0,
2026-07-13,18:00:00,maceta1,113.0,115.0,72.1,71.2,71.7,27.0,13.6966,11.8,62.3,0,0,0,
2026-07-13,18:00:00,maceta2,119.0,117.0,69.1,70.2,69.7,3.7,13.8249,14.9,63.3,0,0,0,
2026-07-13,19:00:00,maceta1,113.0,115.0,72.0,70.9,71.5,7.3,13.698,12.9,55.8,0,0,0,
2026-07-13,19:00:00,maceta2,119.0,117.0,69.0,70.0,69.5,4.6,13.8257,12.3,55.8,0,0,0,
2026-07-13,20:00:00,maceta1,114.0,116.0,71.8,70.7,71.3,5.4,13.6989,12.2,69.0,0,0,0,
2026-07-13,20:00:00,maceta2,119.0,117.0,68.8,69.8,69.3,24.1,13.8302,13.8,65.6,0,0,0,
2026-07-13,21:00:00,maceta1,114.0,116.0,71.6,70.6,71.1,17.4,13.7022,9.7,65.4,0,0,0,
2026-07-13,21:00:00,maceta2,120.0,118.0,68.6,69.5,69.1,28.7,13.8355,10.1,67.4,0,0,0,
2026-07-13,22:00:00,maceta1,114.0,116.0,71.4,70.3,70.9,6.9,13.7035,9.0,67.4,0,0,0,
2026-07-13,22:00:00,maceta2,120.0,118.0,68.4,69.3,68.8,14.6,13.8382,12.3,70.2,0,0,0,
2026-07-13,23:00:00,maceta1,115.0,117.0,71.2,70.1,70.6,29.3,13.7089,4.4,68.3,0,0,0,
2026-07-13,23:00:00,maceta2,120.0,119.0,68.2,69.1,68.6,24.8,13.8428,8.5,71.3,0,0,0,
2026-07-14,00:00:00,maceta1,115.0,117.0,71.0,69.9,70.4,21.9,0.004,6.3,64.5,0,0,0,
2026-07-14,00:00:00,maceta2,121.0,119.0,68.0,68.9,68.4,5.7,0.001,7.3,68.6,0,0,0,
2026-07-14,01:00:00,maceta1,115.0,118.0,70.8,69.7,70.2,23.1,0.0083,4.7,70.3,0,0,0,
2026-07-14,01:00:00,maceta2,121.0,120.0,67.8,68.6,68.2,10.4,0.003,5.6,71.8,0,0,0,
2026-07-14,02:00:00,maceta1,116.0,118.0,70.7,69.5,70.1,15.9,0.0113,6.3,70.0,0,0,0,
2026-07-14,02:00:00,maceta2,121.0,120.0,67.6,68.5,68.1,18.3,0.0064,9.9,72.0,0,0,0,
2026-07-14,03:00:00,maceta1,116.0,118.0,70.4,69.3,69.9,18.3,0.0146,6.2,67.4,0,0,0,
2026-07-14,03:00:00,maceta2,122.0,120.0,67.4,68.3,67.9,21.8,0.0104,3.8,77.7,0,0,0,
2026-07-14,04:00:00,maceta1,117.0,119.0,70.2,69.1,69.7,19.9,0.0183,4.6,74.2,0,0,0,
2026-07-14,04:00:00,maceta2,122.0,121.0,67.3,68.1,67.7,2.1,0.0108,4.5,66.1,0,0,0,
2026-07-14,05:00:00,maceta1,117.0,119.0,70.0,68.9,69.5,13.7,0.0209,3.0,69.5,0,0,0,
2026-07-14,05:00:00,maceta2,123.0,121.0,67.1,67.9,67.5,19.9,0.0145,5.2,75.3,0,0,0,
2026-07-14,06:00:00,maceta1,117.0,119.0,69.8,68.7,69.3,6394.8,1.2039,7.6,69.4,1,0,0,
2026-07-14,06:00:00,maceta2,123.0,121.0,66.9,67.7,67.3,6029.0,1.1298,4.6,68.6,1,0,0,
2026-07-14,07:00:00,maceta1,118.0,120.0,69.6,68.5,69.1,6037.7,2.3209,9.1,69.6,1,0,0,
2026-07-14,07:00:00,maceta2,123.0,122.0,66.7,67.6,67.1,6426.9,2.3188,8.3,71.7,1,0,0,
2026-07-14,08:00:00,maceta1,118.0,120.0,69.4,68.3,68.8,6098.1,3.449,7.6,60.4,1,0,0,
2026-07-14,08:00:00,maceta2,124.0,122.0,66.5,67.4,66.9,6352.8,3.4941,8.5,70.3,1,0,0,
2026-07-14,09:00:00,maceta1,119.0,121.0,69.2,68.1,68.6,5965.7,4.5527,12.4,61.0,1,0,0,
2026-07-14,09:00:00,maceta2,124.0,122.0,66.3,67.2,66.7,6464.2,4.6899,11.1,64.9,1,0,0,
2026-07-14,10:00:00,maceta1,119.0,121.0,69.0,67.9,68.4,6202.2,5.7001,11.3,62.2,1,0,0,
2026-07-14,10:00:00,maceta2,125.0,123.0,66.0,67.0,66.5,6331.5,5.8613,11.0,59.8,1,0,0,
2026-07-14,11:00:00,maceta1,119.0,121.0,68.8,67.7,68.3,5862.7,6.7847,12.6,54.9,1,0,0,
2026-07-14,11:00:00,maceta2,125.0,123.0,65.8,66.8,66.3,6144.9,6.9981,11.8,58.6,1,0,0,
2026-07-14,12:00:00,maceta1,120.0,122.0,68.6,67.5,68.0,6430.7,7.9743,10.4,66.1,1,0,0,
2026-07-14,12:00:00,maceta2,125.0,123.0,65.6,66.7,66.2,6413.9,8.1847,16.6,51.1,1,0,0,
2026-07-14,13:00:00,maceta1,120.0,122.0,68.4,67.2,67.8,5832.8,9.0534,14.6,64.8,1,0,0,
2026-07-14,13:00:00,maceta2,126.0,124.0,65.4,66.5,66.0,6012.6,9.297,15.0,55.0,1,0,0,
2026-07-14,14:00:00,maceta1,120.0,123.0,68.2,67.0,67.6,6110.3,10.1838,14.8,55.5,1,0,0,
2026-07-14,14:00:00,maceta2,126.0,124.0,65.3,66.2,65.8,5920.6,10.3923,13.8,49.9,1,0,0,
2026-07-14,15:00:00,maceta1,121.0,123.0,68.0,66.8,67.4,6311.0,11.3513,14.8,51.1,1,0,0,
2026-07-14,15:00:00,maceta2,126.0,124.0,65.1,66.1,65.6,5929.2,11.4892,12.6,52.5,1,0,0,
2026-07-14,16:00:00,maceta1,121.0,123.0,67.8,66.6,67.2,6042.6,12.4692,18.3,50.1,1,0,0,
2026-07-14,16:00:00,maceta2,127.0,125.0,64.9,65.8,65.3,6264.3,12.6481,13.0,54.3,1,0,0,
2026-07-14,17:00:00,maceta1,122.0,124.0,67.6,66.4,67.0,6137.5,13.6047,12.8,54.3,1,0,0,
2026-07-14,17:00:00,maceta2,127.0,125.0,64.7,65.6,65.1,6317.0,13.8167,13.7,65.6,1,0,0,
2026-07-14,18:00:00,maceta1,122.0,124.0,67.4,66.3,66.8,19.0,13.6082,15.5,52.1,0,0,0,
2026-07-14,18:00:00,maceta2,127.0,126.0,64.5,65.4,65.0,4.7,13.8176,13.6,58.4,0,0,0,
2026-07-14,19:00:00,maceta1,122.0,124.0,67.2,66.1,66.6,5.7,13.6092,10.7,61.2,0,0,0,
2026-07-14,19:00:00,maceta2,128.0,126.0,64.3,65.3,64.8,18.8,13.8211,14.4,54.6,0,0,0,Discrepancia alta entre sensores de humedad
2026-07-14,20:00:00,maceta1,123.0,125.0,67.0,65.8,66.4,29.7,13.6147,12.4,65.8,0,0,0,
2026-07-14,20:00:00,maceta2,128.0,126.0,64.1,65.1,64.6,26.7,13.826,12.1,60.4,0,0,0,Discrepancia alta entre sensores de humedad
2026-07-14,21:00:00,maceta1,123.0,125.0,66.8,65.6,66.2,17.8,13.618,11.1,52.5,0,0,0,
2026-07-14,21:00:00,maceta2,129.0,127.0,63.9,64.9,64.4,16.2,13.829,13.6,68.3,0,0,0,
2026-07-14,22:00:00,maceta1,123.0,126.0,66.6,65.4,66.0,30.0,13.6236,12.0,62.0,0,0,0,
2026-07-14,22:00:00,maceta2,129.0,127.0,63.7,64.7,64.2,16.4,13.832,7.7,62.3,0,0,0,
2026-07-14,23:00:00,maceta1,124.0,126.0,66.4,65.2,65.8,12.6,13.6259,10.0,73.4,0,0,0,
2026-07-14,23:00:00,maceta2,129.0,128.0,63.5,64.5,64.0,27.3,13.8371,8.1,68.3,0,0,0,Discrepancia alta entre sensores de humedad
2026-07-15,00:00:00,maceta1,124.0,127.0,66.2,65.0,65.6,7.0,0.0013,7.3,76.7,0,0,0,
2026-07-15,00:00:00,maceta2,130.0,128.0,63.3,64.2,63.7,2.9,0.0005,4.0,78.1,0,0,0,Discrepancia alta entre sensores de humedad
2026-07-15,01:00:00,maceta1,125.0,127.0,66.0,64.7,65.4,19.0,0.0048,5.5,70.4,0,0,0,
2026-07-15,01:00:00,maceta2,130.0,128.0,63.1,64.0,63.6,2.9,0.0011,4.5,77.6,0,0,0,Discrepancia alta entre sensores de humedad
2026-07-15,02:00:00,maceta1,125.0,127.0,65.8,64.6,65.2,11.2,0.0069,6.5,70.9,0,0,0,
2026-07-15,02:00:00,maceta2,130.0,129.0,62.9,63.9,63.4,12.7,0.0034,6.8,85.8,0,0,0,
2026-07-15,03:00:00,maceta1,125.0,128.0,65.6,64.4,65.0,16.4,0.0099,1.9,71.5,0,0,0,Discrepancia alta entre sensores de humedad
2026-07-15,03:00:00,maceta2,131.0,129.0,62.7,63.7,63.2,29.7,0.0089,5.0,80.1,0,0,0,
2026-07-15,04:00:00,maceta1,126.0,128.0,65.4,64.2,64.8,6.6,0.0112,6.9,78.9,0,0,0,Discrepancia alta entre sensores de humedad
2026-07-15,04:00:00,maceta2,131.0,129.0,62.5,63.5,63.0,11.3,0.011,4.9,76.2,0,0,0,
2026-07-15,05:00:00,maceta1,126.0,128.0,65.2,64.0,64.6,4.0,0.0119,6.8,70.3,0,0,0,Discrepancia alta entre sensores de humedad
2026-07-15,05:00:00,maceta2,132.0,130.0,62.3,63.3,62.8,18.2,0.0144,6.2,72.9,0,0,0,
2026-07-15,06:00:00,maceta1,126.0,129.0,65.1,63.7,64.4,6349.8,1.1866,7.0,61.3,1,0,0,
2026-07-15,06:00:00,maceta2,132.0,130.0,62.1,63.2,62.6,5878.7,1.102,6.1,73.2,1,0,0,
2026-07-15,07:00:00,maceta1,127.0,129.0,64.9,63.5,64.2,6307.0,2.3534,5.7,71.7,1,0,0,
2026-07-15,07:00:00,maceta2,132.0,130.0,61.9,62.9,62.4,6070.0,2.2249,5.9,70.7,1,0,0,
2026-07-15,08:00:00,maceta1,127.0,130.0,64.6,63.3,64.0,5851.4,3.4359,9.8,52.7,1,0,0,
2026-07-15,08:00:00,maceta2,133.0,131.0,61.7,62.7,62.2,6368.9,3.4031,8.8,61.3,1,0,0,
2026-07-15,09:00:00,maceta1,127.0,130.0,64.5,63.1,63.8,6205.7,4.584,9.8,61.3,1,0,0,
2026-07-15,09:00:00,maceta2,133.0,131.0,61.4,62.5,62.0,5965.0,4.5067,9.4,66.5,1,0,0,
2026-07-15,10:00:00,maceta1,128.0,130.0,64.3,62.9,63.6,6426.3,5.7728,10.9,63.9,1,0,0,Discrepancia alta entre sensores de humedad
2026-07-15,10:00:00,maceta2,134.0,132.0,61.2,62.3,61.8,5831.7,5.5855,12.9,61.6,1,0,0,
2026-07-15,11:00:00,maceta1,128.0,131.0,64.0,62.8,63.4,5941.3,6.872,12.0,63.2,1,0,0,Discrepancia alta entre sensores de humedad
2026-07-15,11:00:00,maceta2,134.0,132.0,61.0,62.2,61.6,6326.4,6.7559,10.5,54.9,1,0,0,
2026-07-15,12:00:00,maceta1,129.0,131.0,63.9,62.6,63.2,6296.6,8.0368,14.7,61.0,1,0,0,
2026-07-15,12:00:00,maceta2,134.0,132.0,60.8,62.0,61.4,6002.5,7.8664,13.3,60.3,1,0,0,
2026-07-15,13:00:00,maceta1,129.0,132.0,63.7,62.3,63.0,5843.4,9.1178,14.4,58.2,1,0,0,
2026-07-15,13:00:00,maceta2,135.0,133.0,60.7,61.8,61.2,6400.7,9.0505,16.8,55.4,1,0,0,
2026-07-15,14:00:00,maceta1,129.0,132.0,63.5,62.1,62.8,6019.6,10.2315,14.8,64.5,1,0,0,
2026-07-15,14:00:00,maceta2,135.0,133.0,60.5,61.6,61.0,5937.0,10.1489,15.3,57.8,1,0,0,
2026-07-15,15:00:00,maceta1,130.0,132.0,63.3,61.9,62.6,6161.2,11.3713,13.3,50.2,1,0,0,
2026-07-15,15:00:00,maceta2,135.0,133.0,60.3,61.4,60.9,6437.2,11.3397,14.7,56.2,1,0,0,
2026-07-15,16:00:00,maceta1,130.0,133.0,63.1,61.7,62.4,5830.5,12.4499,15.8,59.1,1,0,0,
2026-07-15,16:00:00,maceta2,136.0,134.0,60.1,61.2,60.6,6336.1,12.5119,12.5,52.4,1,0,0,
2026-07-15,17:00:00,maceta1,130.0,133.0,63.0,61.5,62.3,6200.7,13.5971,14.7,61.8,1,0,0,
2026-07-15,17:00:00,maceta2,136.0,134.0,60.0,61.0,60.5,6097.8,13.64,14.5,58.2,1,0,0,
2026-07-15,18:00:00,maceta1,131.0,134.0,62.8,61.3,62.0,25.6,13.6018,13.6,46.2,0,0,0,
2026-07-15,18:00:00,maceta2,137.0,134.0,59.7,60.8,60.3,22.3,13.6441,15.1,59.4,0,0,0,
2026-07-15,19:00:00,maceta1,131.0,134.0,62.5,61.1,61.8,25.1,13.6065,13.0,58.0,0,0,0,
2026-07-15,19:00:00,maceta2,137.0,135.0,59.5,60.6,60.1,26.5,13.649,14.8,62.7,0,0,0,
2026-07-15,20:00:00,maceta1,132.0,134.0,62.3,60.9,61.6,12.5,13.6088,9.8,67.1,0,0,0,
2026-07-15,20:00:00,maceta2,137.0,135.0,59.3,60.5,59.9,10.4,13.6509,11.5,63.4,0,0,0,
2026-07-15,21:00:00,maceta1,132.0,135.0,62.2,60.7,61.4,1.7,13.6091,10.2,73.3,0,0,0,
2026-07-15,21:00:00,maceta2,138.0,136.0,59.1,60.2,59.7,27.9,13.6561,8.4,64.1,0,0,0,
2026-07-15,22:00:00,maceta1,132.0,135.0,61.9,60.5,61.2,2.0,13.6095,10.2,70.7,0,0,0,
2026-07-15,22:00:00,maceta2,138.0,136.0,58.9,60.0,59.5,22.2,13.6602,12.2,71.6,0,0,0,
2026-07-15,23:00:00,maceta1,133.0,136.0,61.7,60.3,61.0,11.3,13.6116,7.5,69.5,0,0,0,
2026-07-15,23:00:00,maceta2,138.0,136.0,58.8,59.8,59.3,28.5,13.6655,8.3,73.9,0,0,0,
2026-07-16,00:00:00,maceta1,133.0,136.0,61.5,60.1,60.8,12.6,0.0023,6.7,69.1,0,0,0,
2026-07-16,00:00:00,maceta2,139.0,137.0,58.5,59.6,59.1,24.5,0.0045,5.5,70.0,0,0,0,
2026-07-16,01:00:00,maceta1,134.0,136.0,61.3,59.9,60.6,8.5,0.0039,3.0,67.1,0,0,0,
2026-07-16,01:00:00,maceta2,139.0,137.0,58.4,59.4,58.9,9.0,0.0062,4.7,74.9,0,0,0,
2026-07-16,02:00:00,maceta1,134.0,137.0,61.1,59.7,60.4,17.9,0.0072,3.1,76.3,0,0,0,
2026-07-16,02:00:00,maceta2,139.0,137.0,58.2,59.2,58.7,29.9,0.0117,7.8,80.6,0,0,0,
2026-07-16,03:00:00,maceta1,134.0,137.0,60.9,59.5,60.2,15.5,0.0101,4.9,79.0,0,0,0,
2026-07-16,03:00:00,maceta2,140.0,138.0,58.0,59.0,58.5,28.1,0.0169,4.5,73.6,0,0,0,
2026-07-16,04:00:00,maceta1,135.0,137.0,60.7,59.3,60.0,23.6,0.0144,6.6,68.8,0,0,0,
2026-07-16,04:00:00,maceta2,140.0,138.0,57.7,58.8,58.3,23.9,0.0213,3.5,76.8,0,0,0,
2026-07-16,05:00:00,maceta1,135.0,138.0,60.5,59.2,59.8,13.1,0.0169,4.6,79.2,0,0,0,
2026-07-16,05:00:00,maceta2,141.0,139.0,57.5,58.6,58.1,11.6,0.0235,5.8,77.4,0,0,0,
2026-07-16,06:00:00,maceta1,135.0,138.0,60.3,59.0,59.6,6350.4,1.1917,8.1,77.5,1,0,0,
2026-07-16,06:00:00,maceta2,141.0,139.0,57.3,58.4,57.9,6089.0,1.15,7.3,71.0,1,0,0,
2026-07-16,07:00:00,maceta1,136.0,138.0,60.2,58.7,59.4,6287.6,2.3549,7.9,67.7,1,0,0,
2026-07-16,07:00:00,maceta2,141.0,139.0,57.2,58.2,57.7,6155.0,2.2886,7.7,66.3,1,0,0,
2026-07-16,08:00:00,maceta1,136.0,139.0,60.0,58.5,59.3,5968.9,3.4591,9.4,67.3,1,0,0,
2026-07-16,08:00:00,maceta2,142.0,140.0,56.9,58.0,57.5,6357.3,3.4647,9.1,67.2,1,0,0,
2026-07-16,09:00:00,maceta1,136.0,139.0,59.8,58.3,59.1,5858.9,4.543,8.5,66.0,1,0,0,
2026-07-16,09:00:00,maceta2,142.0,140.0,56.7,57.8,57.3,6167.4,4.6057,10.1,64.4,1,0,0,
2026-07-16,10:00:00,maceta1,137.0,140.0,59.7,58.1,58.9,5946.2,5.6431,9.7,61.7,1,0,0,
2026-07-16,10:00:00,maceta2,143.0,141.0,56.5,57.6,57.1,5846.9,5.6874,11.5,58.5,1,0,0,
2026-07-16,11:00:00,maceta1,137.0,140.0,59.5,57.9,58.7,6152.1,6.7812,11.8,64.7,1,0,0,
2026-07-16,11:00:00,maceta2,143.0,141.0,56.4,57.4,56.9,6149.7,6.8251,16.4,60.4,1,0,0,
2026-07-16,12:00:00,maceta1,137.0,140.0,59.2,57.7,58.5,6294.8,7.9458,13.5,57.1,1,0,0,
2026-07-16,12:00:00,maceta2,143.0,141.0,56.1,57.1,56.6,6321.3,7.9945,11.5,54.2,1,0,0,
2026-07-16,13:00:00,maceta1,138.0,141.0,59.1,57.5,58.3,6309.5,9.113,14.2,49.7,1,0,0,
2026-07-16,13:00:00,maceta2,144.0,142.0,55.9,57.0,56.4,6086.7,9.1206,15.2,62.9,1,0,0,
2026-07-16,14:00:00,maceta1,138.0,141.0,58.9,57.3,58.1,6242.2,10.2678,17.4,58.1,1,0,0,
2026-07-16,14:00:00,maceta2,144.0,142.0,55.7,56.8,56.2,6203.9,10.2683,14.0,47.2,1,0,0,
2026-07-16,15:00:00,maceta1,139.0,142.0,58.7,57.1,57.9,6095.1,11.3954,12.7,58.8,1,0,0,
2026-07-16,15:00:00,maceta2,145.0,143.0,55.5,56.6,56.0,6218.0,11.4186,16.3,59.6,1,0,0,
2026-07-16,16:00:00,maceta1,139.0,142.0,58.4,56.8,57.6,6463.1,12.5911,12.8,56.0,1,0,0,
2026-07-16,16:00:00,maceta2,145.0,143.0,55.3,56.4,55.8,5935.0,12.5166,14.2,63.3,1,0,0,
2026-07-16,17:00:00,maceta1,139.0,142.0,58.2,56.6,57.4,6434.0,13.7814,14.0,57.4,1,0,0,
2026-07-16,17:00:00,maceta2,145.0,143.0,55.1,56.2,55.7,5837.4,13.5965,14.3,49.3,1,0,0,
2026-07-16,18:00:00,maceta1,140.0,143.0,58.0,56.4,57.2,0.4,13.7814,14.6,59.8,0,0,0,
2026-07-16,18:00:00,maceta2,146.0,144.0,54.9,56.0,55.5,19.8,13.6002,12.6,59.2,0,0,0,
2026-07-16,19:00:00,maceta1,140.0,143.0,57.8,56.1,57.0,0.0,13.7814,12.1,57.0,0,0,0,
2026-07-16,19:00:00,maceta2,146.0,144.0,54.8,55.8,55.3,1.9,13.6005,12.5,62.9,0,0,0,
2026-07-16,20:00:00,maceta1,140.0,144.0,57.7,56.0,56.8,12.2,13.7837,11.6,54.1,0,0,0,
2026-07-16,20:00:00,maceta2,146.0,144.0,54.6,55.6,55.1,25.2,13.6052,11.5,67.4,0,0,0,
2026-07-16,21:00:00,maceta1,141.0,144.0,57.5,55.8,56.6,4.3,13.7845,10.7,60.6,0,0,0,
2026-07-16,21:00:00,maceta2,147.0,145.0,54.4,55.5,54.9,16.6,13.6083,11.3,60.1,0,0,0,
2026-07-16,22:00:00,maceta1,141.0,144.0,57.3,55.6,56.4,20.4,13.7883,9.4,67.0,0,0,0,
2026-07-16,22:00:00,maceta2,147.0,145.0,54.2,55.3,54.8,6.9,13.6096,9.4,69.8,0,0,0,
2026-07-16,23:00:00,maceta1,142.0,145.0,57.0,55.4,56.2,15.4,13.7911,5.2,70.8,0,0,0,
2026-07-16,23:00:00,maceta2,147.0,145.0,54.0,55.1,54.6,27.3,13.6146,7.6,66.3,0,0,0,
2026-07-17,00:00:00,maceta1,142.0,145.0,56.9,55.2,56.0,15.4,0.0028,7.3,69.5,0,0,0,
2026-07-17,00:00:00,maceta2,148.0,146.0,53.9,54.9,54.4,4.7,0.0009,7.6,66.4,0,0,0,
2026-07-17,01:00:00,maceta1,142.0,145.0,56.7,55.0,55.8,18.8,0.0063,4.7,72.5,0,0,0,
2026-07-17,01:00:00,maceta2,148.0,146.0,53.6,54.7,54.2,17.8,0.0042,4.8,79.0,0,0,0,
2026-07-17,02:00:00,maceta1,143.0,146.0,56.5,54.8,55.6,0.8,0.0065,4.4,74.6,0,0,0,
2026-07-17,02:00:00,maceta2,148.0,146.0,53.5,54.5,54.0,2.7,0.0047,6.1,79.0,0,0,0,
2026-07-17,03:00:00,maceta1,143.0,146.0,56.3,54.6,55.4,4.7,0.0073,6.6,82.3,0,0,0,
2026-07-17,03:00:00,maceta2,149.0,147.0,53.3,54.3,53.8,4.1,0.0054,4.5,72.1,0,0,0,
2026-07-17,04:00:00,maceta1,144.0,147.0,56.0,54.4,55.2,7.8,0.0088,6.6,73.7,0,0,0,
2026-07-17,04:00:00,maceta2,149.0,147.0,53.1,54.2,53.6,13.6,0.0079,5.4,85.5,0,0,0,
2026-07-17,05:00:00,maceta1,144.0,147.0,55.8,54.2,55.0,11.2,0.0109,5.6,80.9,0,0,0,
2026-07-17,05:00:00,maceta2,150.0,147.0,52.9,54.0,53.4,26.7,0.0129,5.4,65.3,0,0,0,
2026-07-17,06:00:00,maceta1,144.0,147.0,55.6,54.0,54.8,6286.7,1.1739,7.7,74.0,1,0,0,
2026-07-17,06:00:00,maceta2,150.0,148.0,52.7,53.8,53.2,5849.5,1.095,7.0,72.1,1,0,0,
2026-07-17,07:00:00,maceta1,145.0,148.0,55.3,53.7,54.5,5999.3,2.2838,11.0,74.1,1,0,0,
2026-07-17,07:00:00,maceta2,150.0,148.0,52.5,53.6,53.0,6267.9,2.2546,6.3,66.3,1,0,0,
2026-07-17,08:00:00,maceta1,145.0,148.0,55.1,53.5,54.3,6017.2,3.3969,9.6,63.4,1,0,0,
2026-07-17,08:00:00,maceta2,151.0,148.0,52.3,53.4,52.8,5834.9,3.334,8.0,64.2,1,0,0,
2026-07-17,09:00:00,maceta1,146.0,149.0,54.9,53.4,54.1,6382.3,4.5777,8.8,62.1,1,0,0,
2026-07-17,09:00:00,maceta2,151.0,149.0,52.0,53.3,52.6,6017.2,4.4472,10.1,69.1,1,0,0,
2026-07-17,10:00:00,maceta1,146.0,149.0,54.7,53.2,53.9,5844.2,5.6588,11.6,56.5,1,0,0,
2026-07-17,10:00:00,maceta2,152.0,149.0,51.8,53.1,52.5,5852.4,5.5299,15.8,59.3,1,0,0,
2026-07-17,11:00:00,maceta1,146.0,149.0,54.5,53.0,53.8,5976.2,6.7644,12.3,51.1,1,0,0,
2026-07-17,11:00:00,maceta2,152.0,149.0,51.6,52.9,52.3,5924.6,6.626,10.9,65.0,1,0,0,
2026-07-17,12:00:00,maceta1,147.0,150.0,54.3,52.9,53.6,6342.0,7.9377,14.0,64.3,1,0,0,
2026-07-17,12:00:00,maceta2,152.0,150.0,51.4,52.7,52.1,6025.2,7.7406,10.5,56.3,1,0,0,
2026-07-17,13:00:00,maceta1,147.0,150.0,54.1,52.6,53.4,6363.3,9.1149,14.3,54.8,1,0,0,
2026-07-17,13:00:00,maceta2,153.0,150.0,51.2,52.5,51.8,5921.7,8.8361,14.4,58.6,1,0,0,
2026-07-17,14:00:00,maceta1,148.0,150.0,53.9,52.4,53.1,6145.0,10.2518,16.1,62.7,1,0,0,
2026-07-17,14:00:00,maceta2,153.0,151.0,51.1,52.3,51.7,6281.6,9.9982,16.4,57.4,1,0,0,
2026-07-17,15:00:00,maceta1,148.0,151.0,53.6,52.2,52.9,6256.4,11.4092,14.3,51.5,1,0,0,
2026-07-17,15:00:00,maceta2,153.0,151.0,50.9,52.1,51.5,6220.8,11.1491,14.9,46.9,1,0,0,
2026-07-17,16:00:00,maceta1,149.0,151.0,53.4,52.0,52.7,6447.4,12.602,13.8,49.8,1,0,0,
2026-07-17,16:00:00,maceta2,154.0,151.0,50.7,51.9,51.3,5960.0,12.2517,13.2,55.7,1,0,0,
2026-07-17,17:00:00,maceta1,149.0,152.0,53.1,51.8,52.4,6145.6,13.7389,14.9,53.1,1,0,0,
2026-07-17,17:00:00,maceta2,154.0,152.0,50.4,51.7,51.1,6418.8,13.4392,12.5,57.3,1,0,0,
2026-07-17,18:00:00,maceta1,149.0,128.0,52.9,64.2,58.6,7.7,13.7403,13.0,55.2,0,0,0,Discrepancia alta entre sensores de humedad
2026-07-17,18:00:00,maceta2,155.0,152.0,50.2,51.5,50.9,6.6,13.4404,12.1,52.6,0,0,0,
2026-07-17,19:00:00,maceta1,150.0,152.0,52.7,51.4,52.0,2.1,13.7407,13.4,54.1,0,0,0,
2026-07-17,19:00:00,maceta2,155.0,153.0,50.0,51.3,50.6,10.4,13.4423,15.3,67.8,0,0,1,
2026-07-17,20:00:00,maceta1,150.0,153.0,52.5,51.2,51.8,29.4,13.7461,9.4,66.9,0,0,0,
2026-07-17,20:00:00,maceta2,93.0,89.0,82.8,84.5,83.7,10.6,13.4443,8.6,71.1,0,0,0,
2026-07-17,21:00:00,maceta1,151.0,153.0,52.3,51.0,51.6,13.8,13.7487,9.9,67.7,0,0,0,
2026-07-17,21:00:00,maceta2,93.0,90.0,82.6,84.3,83.4,19.6,13.4479,10.1,62.9,0,0,0,
2026-07-17,22:00:00,maceta1,151.0,154.0,52.1,50.8,51.4,19.5,13.7523,9.1,74.2,0,0,0,
2026-07-17,22:00:00,maceta2,93.0,90.0,82.4,84.1,83.3,28.5,13.4532,8.1,67.4,0,0,0,
2026-07-17,23:00:00,maceta1,151.0,154.0,51.9,50.6,51.2,25.7,13.7571,7.3,71.1,0,0,0,
2026-07-17,23:00:00,maceta2,94.0,91.0,82.2,83.9,83.1,23.8,13.4576,8.1,69.8,0,0,0,
2026-07-18,00:00:00,maceta1,128.0,154.0,64.2,50.4,57.3,28.5,0.0053,8.1,57.3,0,0,0,Discrepancia alta entre sensores de humedad
2026-07-18,00:00:00,maceta2,94.0,91.0,82.1,83.7,82.9,6.9,0.0013,3.6,80.1,0,0,0,
2026-07-18,01:00:00,maceta1,152.0,155.0,51.6,50.2,50.9,18.5,0.0087,5.2,76.1,0,0,0,
2026-07-18,01:00:00,maceta2,95.0,91.0,81.8,83.5,82.7,26.6,0.0062,6.1,75.3,0,0,0,
2026-07-18,02:00:00,maceta1,152.0,155.0,51.3,50.0,50.7,18.7,0.0122,3.9,74.4,0,0,0,
2026-07-18,02:00:00,maceta2,95.0,92.0,81.6,83.3,82.5,29.3,0.0116,7.9,75.5,0,0,0,
2026-07-18,03:00:00,maceta1,153.0,155.0,51.1,49.8,50.5,3.0,0.0127,4.1,72.0,0,0,1,
2026-07-18,03:00:00,maceta2,95.0,92.0,81.5,83.1,82.3,13.2,0.0141,5.0,78.1,0,0,0,
2026-07-18,04:00:00,maceta1,84.0,81.0,87.6,89.2,88.4,29.3,0.0182,6.1,68.1,0,0,0,
2026-07-18,04:00:00,maceta2,96.0,93.0,81.3,82.9,82.1,11.4,0.0162,4.4,75.6,0,0,0,
2026-07-18,05:00:00,maceta1,84.0,81.0,87.4,89.0,88.2,22.2,0.0223,3.0,76.5,0,0,0,
2026-07-18,05:00:00,maceta2,96.0,93.0,81.1,82.7,81.9,0.9,0.0163,5.1,72.7,0,0,0,
2026-07-18,06:00:00,maceta1,84.0,81.0,87.2,88.8,88.0,6069.1,1.145,8.1,73.9,1,0,0,
2026-07-18,06:00:00,maceta2,96.0,93.0,80.9,82.6,81.8,5891.7,1.1063,6.1,67.1,1,0,0,
2026-07-18,07:00:00,maceta1,85.0,82.0,87.0,88.6,87.8,6409.5,2.3308,6.3,65.2,1,0,0,
2026-07-18,07:00:00,maceta2,97.0,94.0,80.7,82.4,81.6,5816.2,2.1823,9.0,71.2,1,0,0,
2026-07-18,08:00:00,maceta1,128.0,82.0,64.2,88.5,76.3,6021.1,3.4447,8.3,71.0,1,0,0,Discrepancia alta entre sensores de humedad
2026-07-18,08:00:00,maceta2,97.0,94.0,80.6,82.2,81.4,5929.3,3.2792,8.0,58.2,1,0,0,
2026-07-18,09:00:00,maceta1,86.0,82.0,86.5,88.3,87.4,6452.1,4.6383,10.3,67.6,1,0,0,
2026-07-18,09:00:00,maceta2,97.0,94.0,80.4,82.0,81.2,6268.6,4.4389,11.3,62.3,1,0,0,
2026-07-18,10:00:00,maceta1,86.0,83.0,86.4,88.0,87.2,6438.4,5.8294,15.0,61.4,1,0,0,
2026-07-18,10:00:00,maceta2,98.0,95.0,80.2,81.8,81.0,6480.6,5.6378,12.6,55.7,1,0,0,
2026-07-18,11:00:00,maceta1,86.0,83.0,86.2,87.8,87.0,6148.0,6.9668,14.3,55.7,1,0,0,
2026-07-18,11:00:00,maceta2,98.0,95.0,79.9,81.6,80.8,5964.0,6.7412,11.8,64.8,1,0,0,
2026-07-18,12:00:00,maceta1,86.0,83.0,86.1,87.6,86.9,5935.6,8.0649,12.1,58.1,1,0,0,
2026-07-18,12:00:00,maceta2,128.0,95.0,64.2,81.4,72.8,5956.0,7.8431,13.7,56.0,1,0,0,Discrepancia alta entre sensores de humedad
2026-07-18,13:00:00,maceta1,87.0,84.0,85.8,87.4,86.6,6296.0,9.2296,14.6,55.8,1,0,0,
2026-07-18,13:00:00,maceta2,99.0,96.0,79.6,81.1,80.3,5828.3,8.9213,12.8,58.8,1,0,0,
2026-07-18,14:00:00,maceta1,87.0,84.0,85.7,87.2,86.4,5836.0,10.3093,14.7,57.5,1,0,0,
2026-07-18,14:00:00,maceta2,99.0,96.0,79.3,80.9,80.1,6225.7,10.073,15.5,55.0,1,0,0,
2026-07-18,15:00:00,maceta1,88.0,85.0,85.4,87.0,86.2,6249.4,11.4654,15.6,60.5,1,0,0,
2026-07-18,15:00:00,maceta2,100.0,97.0,79.2,80.7,79.9,6265.7,11.2322,15.9,59.9,1,0,0,
2026-07-18,16:00:00,maceta1,88.0,85.0,85.2,86.8,86.0,6060.3,12.5866,15.4,57.4,1,0,0,
2026-07-18,16:00:00,maceta2,100.0,97.0,79.0,80.5,79.7,6364.2,12.4096,14.2,55.6,1,0,0,
2026-07-18,17:00:00,maceta1,88.0,86.0,85.0,86.6,85.8,6173.5,13.7287,13.7,59.6,1,0,0,
2026-07-18,17:00:00,maceta2,100.0,98.0,78.7,80.2,79.5,5873.8,13.4962,12.6,57.9,1,0,0,
2026-07-18,18:00:00,maceta1,89.0,86.0,84.8,86.4,85.6,14.9,13.7315,16.3,63.2,0,0,0,
2026-07-18,18:00:00,maceta2,101.0,98.0,78.5,80.0,79.3,10.6,13.4982,13.7,62.4,0,0,0,
2026-07-18,19:00:00,maceta1,89.0,86.0,84.7,86.2,85.4,16.3,13.7345,12.3,54.9,0,0,0,
2026-07-18,19:00:00,maceta2,101.0,98.0,78.3,79.8,79.1,4.0,13.4989,11.2,54.6,0,0,0,
2026-07-18,20:00:00,maceta1,90.0,87.0,84.5,86.0,85.2,0.2,13.7345,15.8,58.9,0,0,0,
2026-07-18,20:00:00,maceta2,102.0,99.0,78.1,79.6,78.9,8.4,13.5005,9.8,67.3,0,0,0,
2026-07-18,21:00:00,maceta1,90.0,87.0,84.2,85.8,85.0,18.2,13.7379,9.5,57.1,0,0,0,
2026-07-18,21:00:00,maceta2,102.0,99.0,77.9,79.4,78.7,21.4,13.5044,10.7,67.0,0,0,0,
2026-07-18,22:00:00,maceta1,90.0,87.0,84.0,85.6,84.8,24.8,13.7425,9.7,69.4,0,0,0,
2026-07-18,22:00:00,maceta2,102.0,100.0,77.8,79.2,78.5,27.8,13.5096,10.2,73.4,0,0,0,
2026-07-18,23:00:00,maceta1,91.0,88.0,83.8,85.4,84.6,12.4,13.7448,10.3,70.9,0,0,0,
2026-07-18,23:00:00,maceta2,103.0,100.0,77.6,79.0,78.3,22.2,13.5137,8.4,63.3,0,0,0,
2026-07-19,00:00:00,maceta1,91.0,88.0,83.6,85.2,84.4,2.2,0.0004,5.0,67.3,0,0,0,
2026-07-19,00:00:00,maceta2,103.0,100.0,77.4,78.9,78.1,1.7,0.0003,6.2,66.2,0,0,0,
2026-07-19,01:00:00,maceta1,92.0,89.0,83.3,85.0,84.2,3.7,0.0011,6.3,71.0,0,0,0,
2026-07-19,01:00:00,maceta2,103.0,100.0,77.2,78.7,78.0,13.5,0.0028,8.9,72.7,0,0,0,
2026-07-19,02:00:00,maceta1,92.0,89.0,83.1,84.8,84.0,6.3,0.0023,3.2,68.8,0,0,0,
2026-07-19,02:00:00,maceta2,104.0,101.0,77.1,78.5,77.8,8.6,0.0044,7.1,82.0,0,0,0,
2026-07-19,03:00:00,maceta1,92.0,89.0,83.0,84.6,83.8,19.4,0.0059,5.4,68.4,0,0,0,
2026-07-19,03:00:00,maceta2,104.0,101.0,76.8,78.3,77.6,10.8,0.0064,6.4,81.7,0,0,0,
2026-07-19,04:00:00,maceta1,93.0,90.0,82.8,84.5,83.6,16.7,0.009,5.1,80.6,0,0,0,
2026-07-19,04:00:00,maceta2,104.0,102.0,76.6,78.1,77.4,12.4,0.0087,4.0,79.2,0,0,0,
2026-07-19,05:00:00,maceta1,93.0,90.0,82.6,84.3,83.4,5.1,0.0099,6.9,70.2,0,0,0,
2026-07-19,05:00:00,maceta2,105.0,102.0,76.4,77.9,77.2,2.2,0.0091,6.8,75.4,0,0,0,
2026-07-19,06:00:00,maceta1,93.0,90.0,82.4,84.1,83.2,6235.3,1.1634,8.0,65.7,1,0,0,
2026-07-19,06:00:00,maceta2,105.0,102.0,76.2,77.7,77.0,6372.1,1.1879,6.6,76.6,1,0,0,
2026-07-19,07:00:00,maceta1,94.0,91.0,82.2,83.9,83.1,6256.1,2.3208,6.7,69.6,1,0,0,
2026-07-19,07:00:00,maceta2,106.0,128.0,76.0,64.2,70.1,6096.8,2.3158,5.3,68.0,1,0,0,Discrepancia alta entre sensores de humedad
2026-07-19,08:00:00,maceta1,94.0,91.0,82.0,83.7,82.9,5959.7,3.4233,10.1,61.5,1,0,0,
2026-07-19,08:00:00,maceta2,106.0,103.0,75.9,77.3,76.6,5849.0,3.3979,9.5,55.2,1,0,0,
2026-07-19,09:00:00,maceta1,95.0,91.0,81.8,83.5,82.7,6174.9,4.5657,8.7,59.8,1,0,0,
2026-07-19,09:00:00,maceta2,106.0,104.0,75.7,77.1,76.4,6493.2,4.5991,9.3,70.6,1,0,0,
2026-07-19,10:00:00,maceta1,95.0,92.0,81.6,83.3,82.5,6316.6,5.7343,10.7,60.4,1,0,0,
2026-07-19,10:00:00,maceta2,107.0,104.0,75.4,76.9,76.1,6029.1,5.7145,9.2,61.6,1,0,0,
2026-07-19,11:00:00,maceta1,95.0,92.0,81.4,83.1,82.3,6379.0,6.9144,11.4,63.3,1,0,0,
2026-07-19,11:00:00,maceta2,107.0,104.0,75.2,76.7,76.0,6338.3,6.8871,10.9,69.0,1,0,0,
2026-07-19,12:00:00,maceta1,96.0,92.0,81.3,82.9,82.1,5997.1,8.0239,13.0,64.6,1,0,0,
2026-07-19,12:00:00,maceta2,107.0,105.0,75.0,76.5,75.8,5810.0,7.962,12.6,53.1,1,0,0,
2026-07-19,13:00:00,maceta1,96.0,93.0,81.1,82.7,81.9,5882.7,9.1122,12.0,46.6,1,0,0,
2026-07-19,13:00:00,maceta2,108.0,105.0,74.8,76.3,75.5,6414.1,9.1486,17.5,68.1,1,0,0,
2026-07-19,14:00:00,maceta1,96.0,93.0,80.9,82.5,81.7,6385.6,10.2935,16.8,66.7,1,0,0,
2026-07-19,14:00:00,maceta2,108.0,105.0,74.6,76.1,75.4,6006.6,10.2598,13.8,56.3,1,0,0,
2026-07-19,15:00:00,maceta1,97.0,94.0,80.7,82.2,81.4,5999.6,11.4034,15.5,48.6,1,0,0,
2026-07-19,15:00:00,maceta2,109.0,106.0,74.5,75.9,75.2,6355.0,11.4355,15.7,59.8,1,0,0,
2026-07-19,16:00:00,maceta1,97.0,94.0,80.5,82.0,81.2,6456.4,12.5979,16.7,54.8,1,0,0,
2026-07-19,16:00:00,maceta2,109.0,106.0,74.3,75.7,75.0,6345.4,12.6094,13.7,54.8,1,0,0,
2026-07-19,17:00:00,maceta1,98.0,95.0,80.3,81.8,81.0,6223.9,13.7493,16.1,60.8,1,0,0,
2026-07-19,17:00:00,maceta2,109.0,106.0,74.1,75.5,74.8,5969.9,13.7138,13.6,58.0,1,0,0,
2026-07-19,18:00:00,maceta1,98.0,95.0,80.0,81.6,80.8,29.2,13.7547,11.7,52.0,0,0,0,
2026-07-19,18:00:00,maceta2,110.0,107.0,73.9,75.4,74.6,12.0,13.716,14.7,56.3,0,0,0,
2026-07-19,19:00:00,maceta1,98.0,95.0,79.8,81.4,80.6,6.6,13.7559,14.6,63.3,0,0,0,
2026-07-19,19:00:00,maceta2,110.0,107.0,73.7,75.2,74.4,5.0,13.717,16.5,62.6,0,0,0,
2026-07-19,20:00:00,maceta1,99.0,96.0,79.6,81.2,80.4,5.2,13.7569,9.6,63.7,0,0,0,
2026-07-19,20:00:00,maceta2,110.0,108.0,73.5,74.9,74.2,5.8,13.718,12.5,67.1,0,0,0,
2026-07-19,21:00:00,maceta1,99.0,96.0,79.4,81.0,80.2,22.9,13.7611,9.5,63.2,0,0,0,
2026-07-19,21:00:00,maceta2,111.0,108.0,73.3,74.7,74.0,1.8,13.7184,11.3,65.9,0,0,0,
2026-07-19,22:00:00,maceta1,100.0,97.0,79.1,80.8,79.9,29.9,13.7667,6.6,50.7,0,0,0,
2026-07-19,22:00:00,maceta2,111.0,108.0,73.1,74.5,73.8,15.7,13.7213,6.9,65.3,0,0,0,
2026-07-19,23:00:00,maceta1,100.0,97.0,79.0,80.6,79.8,16.3,13.7697,6.5,73.8,0,0,0,
2026-07-19,23:00:00,maceta2,111.0,109.0,72.9,74.3,73.6,10.7,13.7233,7.7,68.0,0,0,0,
2026-07-20,00:00:00,maceta1,100.0,97.0,78.8,80.4,79.6,20.7,0.0038,5.7,69.7,0,0,0,
2026-07-20,00:00:00,maceta2,112.0,109.0,72.7,74.1,73.4,14.1,0.0026,7.6,66.9,0,0,0,
2026-07-20,01:00:00,maceta1,101.0,98.0,78.6,80.2,79.4,9.9,0.0057,7.4,78.7,0,0,0,
2026-07-20,01:00:00,maceta2,112.0,110.0,72.5,73.8,73.2,8.0,0.0041,6.7,76.4,0,0,0,
2026-07-20,02:00:00,maceta1,101.0,98.0,78.4,80.1,79.2,27.8,0.0108,7.7,78.8,0,0,0,
2026-07-20,02:00:00,maceta2,113.0,110.0,72.3,73.7,73.0,8.7,0.0057,5.9,66.0,0,0,0,
2026-07-20,03:00:00,maceta1,101.0,98.0,78.2,79.9,79.1,13.1,0.0132,3.3,74.2,0,0,0,
2026-07-20,03:00:00,maceta2,113.0,110.0,72.1,73.5,72.8,10.5,0.0076,7.2,73.6,0,0,0,
2026-07-20,04:00:00,maceta1,102.0,99.0,78.0,79.6,78.8,2.6,0.0137,4.4,73.3,0,0,0,
2026-07-20,04:00:00,maceta2,113.0,111.0,71.9,73.3,72.6,5.6,0.0087,6.7,71.6,0,0,0,
2026-07-20,05:00:00,maceta1,102.0,99.0,77.9,79.5,78.7,5.7,0.0147,8.2,71.9,0,0,0,
2026-07-20,05:00:00,maceta2,114.0,111.0,71.7,73.0,72.4,20.8,0.0125,6.5,77.9,0,0,0,
2026-07-20,06:00:00,maceta1,102.0,99.0,77.7,79.3,78.5,6083.3,1.1402,4.4,62.5,1,0,0,
2026-07-20,06:00:00,maceta2,114.0,112.0,71.4,72.8,72.1,6375.9,1.1921,5.2,81.0,1,0,0,
2026-07-20,07:00:00,maceta1,103.0,100.0,77.5,79.1,78.3,6215.4,2.29,9.6,72.4,1,0,0,
2026-07-20,07:00:00,maceta2,115.0,112.0,71.2,72.6,71.9,6498.1,2.3942,7.4,69.8,1,0,0,
2026-07-20,08:00:00,maceta1,103.0,100.0,77.2,78.9,78.0,6350.8,3.4649,9.0,72.1,1,0,0,
2026-07-20,08:00:00,maceta2,115.0,112.0,71.0,72.5,71.8,5991.6,3.5027,10.0,60.3,1,0,0,
2026-07-20,09:00:00,maceta1,104.0,101.0,77.1,78.7,77.9,5985.0,4.5721,11.2,61.7,1,0,0,
2026-07-20,09:00:00,maceta2,115.0,113.0,70.8,72.3,71.6,6035.1,4.6192,10.6,64.4,1,0,0,
2026-07-20,10:00:00,maceta1,104.0,101.0,76.9,78.5,77.7,6390.3,5.7543,11.1,69.2,1,0,0,
2026-07-20,10:00:00,maceta2,116.0,113.0,70.7,72.1,71.4,5819.1,5.6957,11.0,62.2,1,0,0,
2026-07-20,11:00:00,maceta1,104.0,101.0,76.6,78.3,77.5,5961.1,6.8572,13.9,62.3,1,0,0,
2026-07-20,11:00:00,maceta2,116.0,113.0,70.4,72.0,71.2,6433.4,6.8859,13.5,57.1,1,0,0,
2026-07-20,12:00:00,maceta1,105.0,102.0,76.5,78.1,77.3,6247.9,8.013,13.3,60.4,1,0,0,
2026-07-20,12:00:00,maceta2,117.0,114.0,70.2,71.7,71.0,5958.8,7.9883,15.3,66.3,1,0,0,
2026-07-20,13:00:00,maceta1,105.0,102.0,76.3,77.9,77.1,5953.4,9.1144,14.3,61.3,1,0,0,
2026-07-20,13:00:00,maceta2,117.0,114.0,70.0,71.6,70.8,6403.8,9.173,13.2,55.9,1,0,0,
2026-07-20,14:00:00,maceta1,105.0,102.0,76.1,77.7,76.9,6425.6,10.3031,13.8,58.7,1,0,0,
2026-07-20,14:00:00,maceta2,117.0,114.0,69.8,71.4,70.6,5979.3,10.2791,13.5,58.2,1,0,0,
2026-07-20,15:00:00,maceta1,106.0,103.0,75.9,77.6,76.7,6094.4,11.4306,14.7,57.5,1,0,0,
2026-07-20,15:00:00,maceta2,118.0,115.0,69.7,71.2,70.4,6384.2,11.4602,17.0,60.6,1,0,0,
2026-07-20,16:00:00,maceta1,106.0,103.0,75.7,77.4,76.5,6339.7,12.6034,13.8,60.9,1,0,0,
2026-07-20,16:00:00,maceta2,118.0,115.0,69.5,71.0,70.2,6369.7,12.6386,15.3,54.7,1,0,0,
2026-07-20,17:00:00,maceta1,106.0,103.0,75.5,77.2,76.4,6162.9,13.7436,13.5,59.5,1,0,0,
2026-07-20,17:00:00,maceta2,118.0,116.0,69.3,70.8,70.0,6438.1,13.8297,14.1,54.4,1,0,0,
2026-07-20,18:00:00,maceta1,107.0,104.0,75.4,77.0,76.2,27.6,13.7487,11.4,53.3,0,0,0,
2026-07-20,18:00:00,maceta2,119.0,116.0,69.1,70.6,69.9,7.5,13.831,13.4,56.6,0,0,0,
2026-07-20,19:00:00,maceta1,107.0,104.0,75.2,76.9,76.0,7.2,13.75,12.4,59.6,0,0,0,
2026-07-20,19:00:00,maceta2,119.0,116.0,68.9,70.4,69.7,15.4,13.8339,13.5,51.7,0,0,0,
2026-07-20,20:00:00,maceta1,108.0,104.0,74.9,76.7,75.8,22.5,13.7542,11.8,66.7,0,0,0,
2026-07-20,20:00:00,maceta2,119.0,117.0,68.7,70.2,69.5,13.4,13.8364,9.6,48.6,0,0,0,
2026-07-20,21:00:00,maceta1,108.0,105.0,74.7,76.4,75.6,19.0,13.7577,11.8,78.6,0,0,0,
2026-07-20,21:00:00,maceta2,120.0,117.0,68.6,70.0,69.3,13.6,13.8389,10.5,72.5,0,0,0,
2026-07-20,22:00:00,maceta1,108.0,105.0,74.5,76.2,75.4,18.3,13.7611,9.2,66.3,0,0,0,
2026-07-20,22:00:00,maceta2,120.0,117.0,68.4,69.8,69.1,24.7,13.8434,8.8,67.6,0,0,0,
2026-07-20,23:00:00,maceta1,109.0,106.0,74.3,76.0,75.2,5.4,13.7621,6.9,71.5,0,0,0,
2026-07-20,23:00:00,maceta2,121.0,118.0,68.1,69.6,68.9,20.9,13.8473,8.0,67.1,0,0,0,
2026-07-21,00:00:00,maceta1,109.0,106.0,74.0,75.9,75.0,23.6,0.0044,7.4,73.0,0,0,0,
2026-07-21,00:00:00,maceta2,121.0,118.0,67.9,69.4,68.7,13.4,0.0025,4.0,71.4,0,0,0,
2026-07-21,01:00:00,maceta1,110.0,106.0,73.9,75.7,74.8,9.7,0.0062,5.0,73.2,0,0,0,
2026-07-21,01:00:00,maceta2,122.0,118.0,67.6,69.2,68.4,0.4,0.0026,5.5,74.6,0,0,0,
2026-07-21,02:00:00,maceta1,110.0,107.0,73.7,75.4,74.6,23.9,0.0106,5.7,68.1,0,0,0,
2026-07-21,02:00:00,maceta2,122.0,119.0,67.4,69.0,68.2,9.8,0.0044,7.1,74.9,0,0,0,
2026-07-21,03:00:00,maceta1,110.0,107.0,73.5,75.2,74.3,10.7,0.0126,4.0,75.8,0,0,0,
2026-07-21,03:00:00,maceta2,122.0,119.0,67.2,68.7,68.0,10.1,0.0062,4.4,75.6,0,0,0,
2026-07-21,04:00:00,maceta1,111.0,108.0,73.3,75.0,74.1,15.0,0.0153,4.6,73.6,0,0,0,
2026-07-21,04:00:00,maceta2,123.0,120.0,67.0,68.5,67.8,21.1,0.0101,4.1,80.3,0,0,0,
2026-07-21,05:00:00,maceta1,111.0,108.0,73.1,74.8,73.9,23.2,0.0196,5.3,71.9,0,0,0,
2026-07-21,05:00:00,maceta2,123.0,120.0,66.8,68.4,67.6,11.8,0.0123,7.0,74.8,0,0,0,
2026-07-21,06:00:00,maceta1,112.0,108.0,72.9,74.6,73.7,5890.0,1.1093,5.1,78.6,1,0,0,
2026-07-21,06:00:00,maceta2,123.0,121.0,66.6,68.1,67.4,6489.4,1.2129,7.3,71.7,1,0,0,
2026-07-21,07:00:00,maceta1,128.0,109.0,64.2,74.4,69.3,6225.6,2.261,5.1,71.1,1,0,0,Discrepancia alta entre sensores de humedad
2026-07-21,07:00:00,maceta2,124.0,121.0,66.4,67.9,67.1,6150.5,2.3507,6.8,69.5,1,0,0,
2026-07-21,08:00:00,maceta1,112.0,109.0,72.5,74.2,73.3,6067.6,3.3835,8.4,73.8,1,0,0,
2026-07-21,08:00:00,maceta2,124.0,121.0,66.2,67.7,66.9,6429.1,3.5401,11.4,66.3,1,0,0,
2026-07-21,09:00:00,maceta1,113.0,109.0,72.2,74.0,73.1,5970.8,4.4881,9.8,71.4,1,0,0,
2026-07-21,09:00:00,maceta2,125.0,122.0,66.0,67.5,66.8,6000.0,4.6501,6.9,64.5,1,0,0,
2026-07-21,10:00:00,maceta1,113.0,110.0,72.1,73.7,72.9,5885.7,5.577,8.5,58.1,1,0,0,
2026-07-21,10:00:00,maceta2,125.0,122.0,65.8,67.3,66.6,6331.4,5.8214,11.5,65.8,1,0,0,
2026-07-21,11:00:00,maceta1,113.0,110.0,71.9,73.5,72.7,6216.9,6.7271,13.6,58.5,1,0,0,
2026-07-21,11:00:00,maceta2,125.0,122.0,65.6,67.1,66.4,6226.3,6.9733,13.2,63.1,1,0,0,
2026-07-21,12:00:00,maceta1,114.0,111.0,71.7,73.3,72.5,5952.9,7.8284,14.0,44.3,1,0,0,
2026-07-21,12:00:00,maceta2,126.0,123.0,65.4,67.0,66.2,6255.8,8.1306,15.5,58.0,1,0,0,
2026-07-21,13:00:00,maceta1,114.0,111.0,71.6,73.2,72.4,6335.8,9.0005,13.7,54.0,1,0,0,
2026-07-21,13:00:00,maceta2,126.0,123.0,65.3,66.8,66.0,6050.5,9.25,15.8,51.0,1,0,0,
2026-07-21,14:00:00,maceta1,114.0,111.0,71.3,73.0,72.2,6360.9,10.1773,12.6,52.6,1,0,0,
2026-07-21,14:00:00,maceta2,126.0,124.0,65.1,66.6,65.8,6044.2,10.3681,13.6,52.5,1,0,0,
2026-07-21,15:00:00,maceta1,115.0,112.0,71.1,72.8,71.9,6330.7,11.3485,12.5,54.8,1,0,0,
2026-07-21,15:00:00,maceta2,127.0,124.0,64.8,66.4,65.6,5823.6,11.4455,14.8,48.2,1,0,0,
2026-07-21,16:00:00,maceta1,115.0,112.0,70.9,72.5,71.7,6185.8,12.4928,14.9,56.9,1,0,0,
2026-07-21,16:00:00,maceta2,127.0,124.0,64.6,66.2,65.4,6478.7,12.644,15.2,62.2,1,0,0,
2026-07-21,17:00:00,maceta1,116.0,113.0,70.7,72.3,71.5,6486.9,13.6929,14.6,57.7,1,0,0,
2026-07-21,17:00:00,maceta2,128.0,125.0,64.4,66.0,65.2,5997.2,13.7535,13.1,60.4,1,0,0,Discrepancia alta entre sensores de humedad
2026-07-21,18:00:00,maceta1,128.0,113.0,64.2,72.2,68.2,24.5,13.6974,13.4,63.4,0,0,0,Discrepancia alta entre sensores de humedad
2026-07-21,18:00:00,maceta2,128.0,125.0,64.2,65.8,65.0,20.9,13.7574,11.5,64.1,0,0,0,Discrepancia alta entre sensores de humedad
2026-07-21,19:00:00,maceta1,116.0,113.0,70.3,72.0,71.1,0.2,13.6975,14.7,69.4,0,0,0,
2026-07-21,19:00:00,maceta2,128.0,125.0,64.1,65.6,64.8,12.1,13.7596,12.2,57.5,0,0,0,Discrepancia alta entre sensores de humedad
2026-07-21,20:00:00,maceta1,117.0,114.0,70.1,71.7,70.9,1.3,13.6977,10.7,58.8,0,0,0,
2026-07-21,20:00:00,maceta2,129.0,126.0,63.9,65.4,64.6,20.2,13.7634,13.9,66.3,0,0,0,
2026-07-21,21:00:00,maceta1,117.0,114.0,69.9,71.5,70.7,29.1,13.7031,8.3,68.5,0,0,0,
2026-07-21,21:00:00,maceta2,129.0,126.0,63.7,65.2,64.5,19.7,13.767,8.5,68.9,0,0,0,
2026-07-21,22:00:00,maceta1,118.0,114.0,69.7,71.3,70.5,6.7,13.7043,7.2,77.0,0,0,0,
2026-07-21,22:00:00,maceta2,129.0,127.0,63.5,65.0,64.2,10.7,13.769,8.8,67.6,0,0,0,
2026-07-21,23:00:00,maceta1,118.0,115.0,69.5,71.1,70.3,29.3,13.7097,8.3,72.1,0,0,0,
2026-07-21,23:00:00,maceta2,130.0,127.0,63.3,64.8,64.0,6.7,13.7702,8.8,65.1,0,0,0,
2026-07-22,00:00:00,maceta1,118.0,115.0,69.3,71.0,70.1,16.8,0.0031,10.5,82.7,0,0,0,
2026-07-22,00:00:00,maceta2,130.0,127.0,63.0,64.6,63.8,12.0,0.0022,3.3,70.4,0,0,0,
2026-07-22,01:00:00,maceta1,119.0,115.0,69.1,70.8,69.9,23.0,0.0074,6.8,72.1,0,0,0,
2026-07-22,01:00:00,maceta2,131.0,128.0,62.8,64.4,63.6,26.0,0.007,5.0,71.9,0,0,0,Discrepancia alta entre sensores de humedad
2026-07-22,02:00:00,maceta1,119.0,116.0,68.9,70.6,69.7,10.2,0.0093,4.5,71.4,0,0,0,
2026-07-22,02:00:00,maceta2,131.0,128.0,62.6,64.2,63.4,19.8,0.0107,4.4,71.0,0,0,0,Discrepancia alta entre sensores de humedad
2026-07-22,03:00:00,maceta1,120.0,116.0,68.7,70.4,69.5,16.5,0.0123,3.8,72.4,0,0,0,
2026-07-22,03:00:00,maceta2,131.0,128.0,62.4,64.0,63.2,8.4,0.0122,7.7,68.2,0,0,0,Discrepancia alta entre sensores de humedad
2026-07-22,04:00:00,maceta1,128.0,117.0,64.2,70.2,67.2,8.2,0.0138,6.6,70.7,0,0,0,Discrepancia alta entre sensores de humedad
2026-07-22,04:00:00,maceta2,132.0,129.0,62.2,63.8,63.0,16.2,0.0152,5.4,84.4,0,0,0,
2026-07-22,05:00:00,maceta1,120.0,117.0,68.3,70.0,69.1,4.6,0.0147,7.9,77.3,0,0,0,
2026-07-22,05:00:00,maceta2,132.0,129.0,62.0,63.7,62.8,24.3,0.0197,3.6,78.3,0,0,0,
2026-07-22,06:00:00,maceta1,121.0,117.0,68.0,69.8,68.9,6455.1,1.2089,4.7,78.0,1,0,0,
2026-07-22,06:00:00,maceta2,133.0,130.0,61.8,63.4,62.6,6158.3,1.159,3.4,81.2,1,0,0,
2026-07-22,07:00:00,maceta1,121.0,118.0,67.9,69.6,68.8,5801.8,2.2822,6.7,61.1,1,0,0,
2026-07-22,07:00:00,maceta2,133.0,130.0,61.5,63.2,62.3,6062.5,2.2806,8.0,63.9,1,0,0,
2026-07-22,08:00:00,maceta1,121.0,118.0,67.7,69.4,68.6,5878.1,3.3696,9.1,63.6,1,0,0,
2026-07-22,08:00:00,maceta2,134.0,130.0,61.3,63.0,62.1,6091.3,3.4075,9.1,65.2,1,0,0,
2026-07-22,09:00:00,maceta1,122.0,118.0,67.5,69.2,68.4,6353.0,4.545,8.1,63.5,1,0,0,
2026-07-22,09:00:00,maceta2,134.0,131.0,61.1,62.8,61.9,6107.1,4.5373,11.4,62.8,1,0,0,
2026-07-22,10:00:00,maceta1,122.0,119.0,67.3,69.0,68.1,6102.3,5.6739,11.9,63.5,1,0,0,
2026-07-22,10:00:00,maceta2,134.0,131.0,60.9,62.6,61.8,6189.8,5.6824,12.6,62.6,1,0,0,
2026-07-22,11:00:00,maceta1,122.0,119.0,67.1,68.8,67.9,6207.2,6.8222,9.9,56.4,1,0,0,
2026-07-22,11:00:00,maceta2,135.0,132.0,60.8,62.4,61.6,6399.4,6.8663,13.2,49.1,1,0,0,
2026-07-22,12:00:00,maceta1,123.0,120.0,66.9,68.6,67.7,6015.8,7.9351,12.0,53.0,1,0,0,
2026-07-22,12:00:00,maceta2,135.0,132.0,60.6,62.2,61.4,6375.2,8.0457,13.1,55.2,1,0,0,
2026-07-22,13:00:00,maceta1,123.0,120.0,66.6,68.4,67.5,6196.2,9.0814,15.3,55.1,1,0,0,
2026-07-22,13:00:00,maceta2,135.0,132.0,60.4,61.9,61.2,6010.4,9.1576,14.7,50.7,1,0,0,
2026-07-22,14:00:00,maceta1,124.0,120.0,66.5,68.2,67.3,6006.6,10.1927,13.8,52.9,1,0,0,
2026-07-22,14:00:00,maceta2,136.0,133.0,60.1,61.8,61.0,6052.8,10.2774,15.0,49.7,1,0,0,
2026-07-22,15:00:00,maceta1,124.0,121.0,66.3,68.0,67.1,6235.9,11.3463,12.9,54.4,1,0,0,
2026-07-22,15:00:00,maceta2,136.0,133.0,59.9,61.6,60.7,5961.6,11.3803,16.9,49.6,1,0,0,
2026-07-22,16:00:00,maceta1,124.0,121.0,66.1,67.8,67.0,6444.2,12.5385,14.7,51.1,1,0,0,
2026-07-22,16:00:00,maceta2,137.0,133.0,59.7,61.4,60.5,6202.4,12.5277,16.7,48.8,1,0,0,
2026-07-22,17:00:00,maceta1,125.0,121.0,65.9,67.6,66.8,6444.0,13.7306,13.7,55.6,1,0,0,
2026-07-22,17:00:00,maceta2,137.0,134.0,59.5,61.1,60.3,5832.5,13.6067,13.8,52.0,1,0,0,
2026-07-22,18:00:00,maceta1,125.0,122.0,65.7,67.5,66.6,16.9,13.7337,12.6,62.5,0,0,0,
2026-07-22,18:00:00,maceta2,137.0,134.0,59.4,61.0,60.2,18.0,13.6101,15.1,60.0,0,0,0,
2026-07-22,19:00:00,maceta1,126.0,122.0,65.5,67.3,66.4,17.2,13.7369,11.6,59.7,0,0,0,
2026-07-22,19:00:00,maceta2,138.0,134.0,59.2,60.8,60.0,2.5,13.6105,13.7,56.0,0,0,0,
2026-07-22,20:00:00,maceta1,126.0,122.0,65.3,67.1,66.2,20.1,13.7407,10.9,64.3,0,0,0,
2026-07-22,20:00:00,maceta2,138.0,135.0,59.0,60.7,59.8,14.1,13.6131,8.5,65.9,0,0,0,
2026-07-22,21:00:00,maceta1,126.0,123.0,65.1,67.0,66.0,13.2,13.7431,9.4,65.7,0,0,0,
2026-07-22,21:00:00,maceta2,138.0,135.0,58.8,60.5,59.6,25.8,13.6179,8.4,73.0,0,0,0,
2026-07-22,22:00:00,maceta1,127.0,123.0,64.9,66.7,65.8,0.7,13.7432,9.0,69.9,0,0,0,
2026-07-22,22:00:00,maceta2,139.0,136.0,58.5,60.2,59.4,7.5,13.6193,7.1,72.2,0,0,0,
2026-07-22,23:00:00,maceta1,127.0,124.0,64.7,66.5,65.6,3.6,13.7439,9.1,70.7,0,0,0,
2026-07-22,23:00:00,maceta2,139.0,136.0,58.3,60.1,59.2,1.1,13.6195,7.6,73.4,0,0,0,
2026-07-23,00:00:00,maceta1,127.0,124.0,64.5,66.3,65.4,8.3,0.0015,6.4,68.1,0,0,0,
2026-07-23,00:00:00,maceta2,140.0,136.0,58.1,59.9,59.0,29.7,0.0055,7.7,69.8,0,0,0,
2026-07-23,01:00:00,maceta1,128.0,124.0,64.4,66.1,65.2,8.1,0.003,7.4,75.4,0,0,0,Discrepancia alta entre sensores de humedad
2026-07-23,01:00:00,maceta2,140.0,136.0,57.8,59.7,58.8,19.9,0.0092,5.9,75.4,0,0,0,
2026-07-23,02:00:00,maceta1,128.0,125.0,64.1,65.9,65.0,3.5,0.0037,4.3,77.2,0,0,0,Discrepancia alta entre sensores de humedad
2026-07-23,02:00:00,maceta2,141.0,137.0,57.6,59.6,58.6,18.1,0.0125,2.8,80.2,0,0,0,
2026-07-23,03:00:00,maceta1,128.0,125.0,64.0,65.7,64.8,29.5,0.0092,4.2,67.9,0,0,0,Discrepancia alta entre sensores de humedad
2026-07-23,03:00:00,maceta2,141.0,137.0,57.5,59.3,58.4,8.8,0.0141,4.3,70.1,0,0,0,
2026-07-23,04:00:00,maceta1,129.0,126.0,63.8,65.5,64.6,25.4,0.0139,5.6,75.8,0,0,0,
2026-07-23,04:00:00,maceta2,141.0,138.0,57.2,59.2,58.2,29.9,0.0197,4.9,71.0,0,0,0,
2026-07-23,05:00:00,maceta1,129.0,126.0,63.6,65.2,64.4,17.7,0.0171,6.9,90.5,0,0,0,
2026-07-23,05:00:00,maceta2,142.0,138.0,57.0,59.0,58.0,9.3,0.0214,5.0,76.2,0,0,0,
2026-07-23,06:00:00,maceta1,129.0,126.0,63.5,65.0,64.2,6236.8,1.1709,6.6,71.7,1,0,0,
2026-07-23,06:00:00,maceta2,142.0,138.0,56.8,58.8,57.8,5945.8,1.1214,8.5,69.5,1,0,0,
2026-07-23,07:00:00,maceta1,130.0,127.0,63.2,64.8,64.0,6355.8,2.3467,8.3,67.6,1,0,0,
2026-07-23,07:00:00,maceta2,142.0,139.0,56.6,58.6,57.6,6463.7,2.3171,7.7,70.2,1,0,0,
2026-07-23,08:00:00,maceta1,130.0,127.0,63.0,64.6,63.8,6423.8,3.5351,8.0,68.1,1,0,0,
2026-07-23,08:00:00,maceta2,143.0,139.0,56.4,58.4,57.4,6025.0,3.4318,8.0,65.3,1,0,0,
2026-07-23,09:00:00,maceta1,131.0,128.0,62.8,64.5,63.7,6084.2,4.6607,9.0,63.6,1,0,0,Discrepancia alta entre sensores de humedad
2026-07-23,09:00:00,maceta2,143.0,139.0,56.2,58.2,57.2,6365.9,4.6095,9.4,71.7,1,0,0,
2026-07-23,10:00:00,maceta1,131.0,128.0,62.7,64.2,63.5,6216.6,5.8108,12.7,69.3,1,0,0,Discrepancia alta entre sensores de humedad
2026-07-23,10:00:00,maceta2,144.0,140.0,55.9,58.0,57.0,6183.5,5.7534,11.2,63.7,1,0,0,
2026-07-23,11:00:00,maceta1,131.0,128.0,62.5,64.1,63.3,6448.6,7.0038,10.7,53.3,1,0,0,Discrepancia alta entre sensores de humedad
2026-07-23,11:00:00,maceta2,144.0,140.0,55.7,57.8,56.8,6175.2,6.8958,15.4,62.7,1,0,0,
2026-07-23,12:00:00,maceta1,132.0,129.0,62.3,63.9,63.1,6160.5,8.1435,14.3,65.7,1,0,0,
2026-07-23,12:00:00,maceta2,145.0,140.0,55.5,57.7,56.6,5829.4,7.9743,11.7,64.8,1,0,0,
2026-07-23,13:00:00,maceta1,132.0,129.0,62.1,63.7,62.9,5848.6,9.2255,13.9,60.0,1,0,0,
2026-07-23,13:00:00,maceta2,145.0,141.0,55.2,57.5,56.3,5805.2,9.0482,14.7,63.5,1,0,0,
2026-07-23,14:00:00,maceta1,132.0,129.0,61.9,63.5,62.7,6439.3,10.4167,17.6,55.6,1,0,0,
2026-07-23,14:00:00,maceta2,145.0,141.0,55.0,57.3,56.1,6085.9,10.1741,13.4,58.5,1,0,0,
2026-07-23,15:00:00,maceta1,133.0,130.0,61.6,63.3,62.5,6128.0,11.5504,16.7,51.6,1,0,0,
2026-07-23,15:00:00,maceta2,146.0,142.0,54.8,57.1,55.9,6391.8,11.3566,17.3,56.5,1,0,0,
2026-07-23,16:00:00,maceta1,133.0,130.0,61.4,63.1,62.3,6226.5,12.7023,14.1,62.0,1,0,0,
2026-07-23,16:00:00,maceta2,146.0,142.0,54.6,56.8,55.7,6226.7,12.5085,14.7,52.4,1,0,0,
2026-07-23,17:00:00,maceta1,134.0,130.0,61.2,62.9,62.1,6007.6,13.8137,13.0,52.0,1,0,0,
2026-07-23,17:00:00,maceta2,147.0,142.0,54.4,56.7,55.5,6383.7,13.6895,14.3,56.8,1,0,0,
2026-07-23,18:00:00,maceta1,134.0,131.0,61.1,62.7,61.9,27.1,13.8187,13.7,56.8,0,0,0,
2026-07-23,18:00:00,maceta2,147.0,143.0,54.2,56.5,55.3,6.2,13.6907,14.8,61.2,0,0,0,
2026-07-23,19:00:00,maceta1,134.0,131.0,60.9,62.6,61.7,7.8,13.8202,14.4,57.7,0,0,0,
2026-07-23,19:00:00,maceta2,148.0,143.0,53.9,56.3,55.1,5.4,13.6917,11.6,68.6,0,0,0,
2026-07-23,20:00:00,maceta1,135.0,132.0,60.7,62.3,61.5,5.9,13.8212,8.6,56.0,0,0,0,
2026-07-23,20:00:00,maceta2,148.0,143.0,53.7,56.1,54.9,27.2,13.6967,11.5,68.7,0,0,0,
2026-07-23,21:00:00,maceta1,135.0,132.0,60.5,62.2,61.3,27.9,13.8264,10.7,61.2,0,0,0,
2026-07-23,21:00:00,maceta2,148.0,144.0,53.5,55.9,54.7,1.6,13.697,10.6,56.0,0,0,0,
2026-07-23,22:00:00,maceta1,135.0,132.0,60.4,61.9,61.1,17.8,13.8297,8.5,68.8,0,0,0,
2026-07-23,22:00:00,maceta2,149.0,144.0,53.3,55.7,54.5,16.9,13.7001,9.1,66.3,0,0,0,
2026-07-23,23:00:00,maceta1,136.0,133.0,60.2,61.7,60.9,11.7,13.8319,10.0,64.5,0,0,0,
2026-07-23,23:00:00,maceta2,149.0,145.0,53.0,55.5,54.3,19.0,13.7036,8.3,61.6,0,0,0,
2026-07-24,00:00:00,maceta1,136.0,133.0,59.9,61.5,60.7,28.4,0.0053,6.2,72.0,0,0,0,
2026-07-24,00:00:00,maceta2,150.0,145.0,52.8,55.3,54.1,5.1,0.0009,6.0,77.0,0,0,0,
2026-07-24,01:00:00,maceta1,137.0,134.0,59.7,61.3,60.5,3.6,0.0059,5.7,76.6,0,0,0,
2026-07-24,01:00:00,maceta2,150.0,145.0,52.7,55.1,53.9,1.0,0.0011,8.4,73.9,0,0,0,
2026-07-24,02:00:00,maceta1,137.0,134.0,59.5,61.1,60.3,10.9,0.0079,5.2,77.1,0,0,0,
2026-07-24,02:00:00,maceta2,150.0,146.0,52.5,54.9,53.7,10.1,0.003,5.4,74.5,0,0,0,
2026-07-24,03:00:00,maceta1,137.0,134.0,59.3,60.9,60.1,12.9,0.0103,4.6,67.9,0,0,0,
2026-07-24,03:00:00,maceta2,151.0,146.0,52.3,54.7,53.5,15.1,0.0058,6.9,67.9,0,0,0,
2026-07-24,04:00:00,maceta1,138.0,135.0,59.2,60.7,59.9,22.7,0.0145,8.4,73.6,0,0,0,
2026-07-24,04:00:00,maceta2,151.0,146.0,52.2,54.6,53.4,11.8,0.008,6.1,73.9,0,0,0,
2026-07-24,05:00:00,maceta1,138.0,135.0,59.0,60.5,59.8,9.9,0.0164,6.1,77.9,0,0,0,
2026-07-24,05:00:00,maceta2,151.0,147.0,52.0,54.4,53.2,24.8,0.0126,6.0,77.4,0,0,0,
2026-07-24,06:00:00,maceta1,138.0,135.0,58.7,60.3,59.5,6051.6,1.1359,3.2,75.1,1,0,0,
2026-07-24,06:00:00,maceta2,152.0,147.0,51.8,54.2,53.0,5844.4,1.0938,7.9,70.7,1,0,0,
2026-07-24,07:00:00,maceta1,139.0,136.0,58.5,60.1,59.3,6485.8,2.3358,8.0,63.1,1,0,0,
2026-07-24,07:00:00,maceta2,152.0,147.0,51.6,54.0,52.8,5883.0,2.1821,8.4,72.1,1,0,0,
2026-07-24,08:00:00,maceta1,139.0,136.0,58.3,59.9,59.1,5981.0,3.4423,7.9,70.2,1,0,0,
2026-07-24,08:00:00,maceta2,152.0,148.0,51.4,53.8,52.6,6423.9,3.3706,8.4,55.6,1,0,0,
2026-07-24,09:00:00,maceta1,140.0,137.0,58.1,59.6,58.9,6137.9,4.5778,9.7,60.8,1,0,0,
2026-07-24,09:00:00,maceta2,153.0,148.0,51.1,53.6,52.4,5894.9,4.4611,11.8,61.5,1,0,0,
2026-07-24,10:00:00,maceta1,140.0,137.0,57.9,59.4,58.7,6069.0,5.7005,11.0,63.0,1,0,0,
2026-07-24,10:00:00,maceta2,128.0,149.0,64.2,53.4,58.8,5881.1,5.5491,14.7,58.4,1,0,0,Discrepancia alta entre sensores de humedad
2026-07-24,11:00:00,maceta1,140.0,138.0,57.7,59.2,58.4,5940.2,6.7995,13.4,59.8,1,0,0,
2026-07-24,11:00:00,maceta2,154.0,149.0,50.7,53.1,51.9,5836.4,6.6289,10.9,58.9,1,0,0,
2026-07-24,12:00:00,maceta1,141.0,138.0,57.5,59.0,58.3,6106.8,7.9292,13.6,57.1,1,0,0,
2026-07-24,12:00:00,maceta2,154.0,149.0,50.5,52.9,51.7,6364.6,7.8063,12.8,54.3,1,0,0,
2026-07-24,13:00:00,maceta1,141.0,138.0,57.4,58.8,58.1,6210.2,9.0781,11.3,53.1,1,0,0,
2026-07-24,13:00:00,maceta2,154.0,150.0,50.3,52.7,51.5,6224.4,8.9578,17.0,50.9,1,0,0,
2026-07-24,14:00:00,maceta1,141.0,139.0,57.2,58.6,57.9,5940.4,10.1771,16.2,57.2,1,0,0,
2026-07-24,14:00:00,maceta2,155.0,150.0,50.1,52.5,51.3,6040.7,10.0754,15.9,58.2,1,0,0,
2026-07-24,15:00:00,maceta1,142.0,139.0,57.0,58.4,57.7,6391.7,11.3595,15.5,51.1,1,0,0,
2026-07-24,15:00:00,maceta2,155.0,151.0,49.8,52.3,51.0,5861.5,11.1598,13.2,62.6,1,0,1,
2026-07-24,16:00:00,maceta1,142.0,139.0,56.7,58.3,57.5,6400.6,12.5436,14.4,53.8,1,0,0,
2026-07-24,16:00:00,maceta2,92.0,89.0,83.1,84.8,84.0,6138.6,12.2954,16.4,63.0,1,0,0,
2026-07-24,17:00:00,maceta1,143.0,140.0,56.5,58.1,57.3,6386.0,13.7251,13.0,53.1,1,0,0,
2026-07-24,17:00:00,maceta2,92.0,89.0,82.9,84.6,83.8,6022.6,13.4096,10.8,46.2,1,0,0,
2026-07-24,18:00:00,maceta1,143.0,140.0,56.3,57.9,57.1,29.6,13.7305,13.5,59.9,0,0,0,
2026-07-24,18:00:00,maceta2,128.0,90.0,64.2,84.4,74.3,25.3,13.4142,13.6,59.2,0,0,0,Discrepancia alta entre sensores de humedad
2026-07-24,19:00:00,maceta1,143.0,140.0,56.1,57.7,56.9,12.7,13.7329,13.0,60.2,0,0,0,
2026-07-24,19:00:00,maceta2,93.0,90.0,82.5,84.2,83.4,22.2,13.4184,13.9,56.8,0,0,0,
2026-07-24,20:00:00,maceta1,144.0,141.0,55.9,57.5,56.7,20.1,13.7366,12.5,62.2,0,0,0,
2026-07-24,20:00:00,maceta2,94.0,90.0,82.3,84.0,83.1,6.4,13.4195,12.0,59.9,0,0,0,
2026-07-24,21:00:00,maceta1,144.0,141.0,55.6,57.2,56.4,10.2,13.7385,12.1,63.5,0,0,0,
2026-07-24,21:00:00,maceta2,94.0,91.0,82.1,83.7,82.9,15.4,13.4224,8.0,69.2,0,0,0,
2026-07-24,22:00:00,maceta1,145.0,128.0,55.4,64.2,59.8,19.1,13.742,9.7,68.5,0,0,0,Discrepancia alta entre sensores de humedad
2026-07-24,22:00:00,maceta2,94.0,91.0,82.0,83.5,82.7,16.3,13.4254,9.9,70.6,0,0,0,
2026-07-24,23:00:00,maceta1,145.0,142.0,55.2,56.7,56.0,14.2,13.7446,5.9,68.8,0,0,0,
2026-07-24,23:00:00,maceta2,95.0,92.0,81.7,83.3,82.5,13.3,13.4279,5.5,68.3,0,0,0,
2026-07-25,00:00:00,maceta1,146.0,143.0,55.0,56.6,55.8,14.9,0.0028,5.7,66.3,0,0,0,
2026-07-25,00:00:00,maceta2,95.0,92.0,81.5,83.1,82.3,13.0,0.0024,5.8,70.2,0,0,0,
2026-07-25,01:00:00,maceta1,146.0,143.0,54.7,56.3,55.5,16.2,0.0058,7.1,57.1,0,0,0,
2026-07-25,01:00:00,maceta2,95.0,92.0,81.3,82.9,82.1,26.6,0.0073,5.1,70.7,0,0,0,
2026-07-25,02:00:00,maceta1,128.0,143.0,64.2,56.2,60.2,19.0,0.0093,4.2,74.2,0,0,0,Discrepancia alta entre sensores de humedad
2026-07-25,02:00:00,maceta2,96.0,93.0,81.2,82.7,82.0,21.7,0.0113,4.6,77.5,0,0,0,
2026-07-25,03:00:00,maceta1,147.0,144.0,54.3,56.0,55.2,17.9,0.0126,7.0,73.7,0,0,0,
2026-07-25,03:00:00,maceta2,96.0,93.0,81.0,82.5,81.7,19.3,0.0149,5.3,76.7,0,0,0,
2026-07-25,04:00:00,maceta1,147.0,144.0,54.2,55.8,55.0,17.4,0.0158,5.2,63.8,0,0,0,
2026-07-25,04:00:00,maceta2,97.0,94.0,80.8,82.4,81.6,0.8,0.0151,5.3,74.4,0,0,0,
2026-07-25,05:00:00,maceta1,147.0,144.0,54.0,55.6,54.8,30.0,0.0214,7.9,65.3,0,0,0,
2026-07-25,05:00:00,maceta2,97.0,94.0,80.5,82.1,81.3,1.0,0.0153,4.9,67.6,0,0,0,
2026-07-25,06:00:00,maceta1,148.0,145.0,53.8,55.4,54.6,5925.3,1.1175,8.8,71.1,1,0,0,
2026-07-25,06:00:00,maceta2,97.0,94.0,80.4,81.9,81.1,6260.0,1.1734,7.1,78.5,1,0,0,
2026-07-25,07:00:00,maceta1,148.0,145.0,53.5,55.2,54.4,6496.1,2.3193,7.6,71.9,1,0,0,
2026-07-25,07:00:00,maceta2,98.0,95.0,80.2,81.7,80.9,6256.5,2.3308,11.6,70.1,1,0,0,
2026-07-25,08:00:00,maceta1,149.0,145.0,53.4,55.0,54.2,6224.7,3.4709,7.4,67.5,1,0,0,
2026-07-25,08:00:00,maceta2,98.0,95.0,80.0,81.5,80.7,6086.9,3.4569,8.5,64.0,1,0,0,
2026-07-25,09:00:00,maceta1,149.0,146.0,53.1,54.9,54.0,6018.8,4.5844,8.5,62.3,1,0,0,
2026-07-25,09:00:00,maceta2,98.0,96.0,79.8,81.3,80.5,6437.8,4.6479,11.7,67.1,1,0,0,
2026-07-25,10:00:00,maceta1,149.0,146.0,53.0,54.6,53.8,6478.3,5.7828,14.1,55.5,1,0,0,
2026-07-25,10:00:00,maceta2,99.0,96.0,79.6,81.1,80.3,6147.7,5.7852,14.1,65.4,1,0,0,
2026-07-25,11:00:00,maceta1,150.0,147.0,52.7,54.4,53.6,6003.1,6.8934,14.7,58.1,1,0,0,
2026-07-25,11:00:00,maceta2,99.0,96.0,79.3,80.9,80.1,6339.1,6.9579,12.5,64.1,1,0,0,
2026-07-25,12:00:00,maceta1,150.0,147.0,52.6,54.2,53.4,5892.7,7.9836,13.3,62.7,1,0,0,
2026-07-25,12:00:00,maceta2,100.0,97.0,79.2,80.7,79.9,6335.9,8.1301,11.3,49.6,1,0,0,
2026-07-25,13:00:00,maceta1,150.0,147.0,52.4,54.1,53.2,6373.3,9.1626,17.7,53.4,1,0,0,
2026-07-25,13:00:00,maceta2,100.0,97.0,79.0,80.5,79.7,5887.4,9.2193,15.3,52.1,1,0,0,
2026-07-25,14:00:00,maceta1,151.0,148.0,52.2,53.9,53.0,6483.8,10.3621,14.4,46.3,1,0,0,
2026-07-25,14:00:00,maceta2,100.0,97.0,78.7,80.3,79.5,6489.9,10.4199,17.1,50.2,1,0,0,
2026-07-25,15:00:00,maceta1,151.0,148.0,52.0,53.6,52.8,6455.7,11.5564,13.9,67.2,1,0,0,
2026-07-25,15:00:00,maceta2,101.0,98.0,78.5,80.1,79.3,6147.2,11.5571,15.9,58.0,1,0,0,
2026-07-25,16:00:00,maceta1,152.0,149.0,51.8,53.4,52.6,5972.3,12.6613,14.9,64.9,1,0,0,
2026-07-25,16:00:00,maceta2,101.0,98.0,78.3,79.9,79.1,6207.4,12.7055,16.1,59.5,1,0,0,
2026-07-25,17:00:00,maceta1,152.0,149.0,51.6,53.2,52.4,6094.0,13.7887,14.5,52.6,1,0,0,
2026-07-25,17:00:00,maceta2,102.0,98.0,78.1,79.7,78.9,5944.2,13.8052,12.5,54.4,1,0,0,
2026-07-25,18:00:00,maceta1,152.0,149.0,51.3,53.0,52.2,18.0,13.792,14.0,60.9,0,0,0,
2026-07-25,18:00:00,maceta2,102.0,99.0,77.9,79.6,78.8,21.0,13.8091,15.4,60.1,0,0,0,
2026-07-25,19:00:00,maceta1,153.0,150.0,51.1,52.8,52.0,27.2,13.797,12.8,57.1,0,0,0,
2026-07-25,19:00:00,maceta2,102.0,99.0,77.7,79.4,78.6,2.8,13.8096,14.0,52.5,0,0,0,
2026-07-25,20:00:00,maceta1,153.0,150.0,50.9,52.6,51.8,9.9,13.7989,10.0,78.9,0,0,0,
2026-07-25,20:00:00,maceta2,103.0,100.0,77.6,79.2,78.4,21.3,13.8135,11.6,61.7,0,0,0,
2026-07-25,21:00:00,maceta1,154.0,150.0,50.7,52.5,51.6,28.8,13.8042,9.4,63.4,0,0,0,
2026-07-25,21:00:00,maceta2,103.0,100.0,77.4,79.0,78.2,29.4,13.8189,11.4,65.6,0,0,0,
2026-07-25,22:00:00,maceta1,154.0,151.0,50.5,52.3,51.4,19.1,13.8077,9.1,66.4,0,0,0,
2026-07-25,22:00:00,maceta2,103.0,100.0,77.2,78.7,78.0,5.8,13.82,10.1,68.2,0,0,0,
2026-07-25,23:00:00,maceta1,154.0,151.0,50.3,52.1,51.2,3.6,13.8084,9.4,76.4,0,0,0,
2026-07-25,23:00:00,maceta2,104.0,101.0,77.0,78.6,77.8,28.4,13.8253,8.9,69.4,0,0,0,
2026-07-26,00:00:00,maceta1,155.0,151.0,50.0,51.9,51.0,13.0,0.0024,7.2,66.3,0,0,0,
2026-07-26,00:00:00,maceta2,104.0,101.0,76.7,78.4,77.6,5.8,0.0011,5.3,71.3,0,0,0,
2026-07-26,01:00:00,maceta1,155.0,152.0,49.8,51.8,50.8,28.0,0.0076,6.0,71.3,0,0,1,
2026-07-26,01:00:00,maceta2,105.0,102.0,76.5,78.1,77.3,3.1,0.0017,5.2,80.8,0,0,0,
2026-07-26,02:00:00,maceta1,87.0,87.0,85.9,85.7,85.8,21.9,0.0116,5.0,80.5,0,0,0,
2026-07-26,02:00:00,maceta2,105.0,102.0,76.3,77.9,77.1,18.8,0.0051,5.0,75.2,0,0,0,
2026-07-26,03:00:00,maceta1,87.0,87.0,85.6,85.5,85.6,2.6,0.0121,3.9,68.6,0,0,0,
2026-07-26,03:00:00,maceta2,106.0,102.0,76.1,77.7,76.9,10.2,0.007,2.4,68.9,0,0,0,
2026-07-26,04:00:00,maceta1,88.0,88.0,85.4,85.4,85.4,4.5,0.013,4.5,74.7,0,0,0,
2026-07-26,04:00:00,maceta2,106.0,103.0,75.8,77.5,76.7,18.1,0.0104,5.8,76.3,0,0,0,
2026-07-26,05:00:00,maceta1,88.0,88.0,85.3,85.2,85.2,14.3,0.0156,4.0,71.8,0,0,0,
2026-07-26,05:00:00,maceta2,106.0,103.0,75.6,77.3,76.4,0.1,0.0104,6.0,71.3,0,0,0,
2026-07-26,06:00:00,maceta1,88.0,89.0,85.1,85.0,85.0,5871.0,1.1017,9.7,69.1,1,0,0,
2026-07-26,06:00:00,maceta2,107.0,104.0,75.4,77.1,76.2,5893.1,1.1006,8.4,72.0,1,0,0,
2026-07-26,07:00:00,maceta1,89.0,89.0,84.9,84.8,84.8,5897.8,2.1928,10.3,58.1,1,0,0,
2026-07-26,07:00:00,maceta2,107.0,104.0,75.3,76.8,76.0,5831.9,2.1795,8.4,64.5,1,0,0,
2026-07-26,08:00:00,maceta1,89.0,89.0,84.7,84.6,84.6,6178.9,3.3359,10.8,64.5,1,0,0,
2026-07-26,08:00:00,maceta2,107.0,104.0,75.0,76.6,75.8,6355.8,3.3553,8.0,73.6,1,0,0,
2026-07-26,09:00:00,maceta1,90.0,90.0,84.5,84.3,84.4,6227.3,4.488,9.4,60.9,1,0,0,
2026-07-26,09:00:00,maceta2,108.0,105.0,74.9,76.4,75.6,6202.5,4.5028,6.2,65.9,1,0,0,
2026-07-26,10:00:00,maceta1,90.0,90.0,84.3,84.1,84.2,6276.4,5.6491,13.4,63.5,1,0,0,
2026-07-26,10:00:00,maceta2,108.0,105.0,74.7,76.2,75.4,6037.8,5.6198,14.0,68.9,1,0,0,
2026-07-26,11:00:00,maceta1,90.0,91.0,84.0,83.9,84.0,6053.4,6.769,12.0,66.3,1,0,0,
2026-07-26,11:00:00,maceta2,109.0,106.0,74.5,76.0,75.2,6020.0,6.7335,12.5,59.7,1,0,0,
2026-07-26,12:00:00,maceta1,91.0,91.0,83.8,83.7,83.7,6298.5,7.9342,12.8,55.6,1,0,0,
2026-07-26,12:00:00,maceta2,109.0,106.0,74.3,75.8,75.1,5913.1,7.8274,14.5,54.6,1,0,0,
2026-07-26,13:00:00,maceta1,91.0,91.0,83.6,83.5,83.5,5809.1,9.0089,16.4,55.1,1,0,0,
2026-07-26,13:00:00,maceta2,109.0,128.0,74.1,64.2,69.2,6217.3,8.9776,12.1,54.2,1,0,0,Discrepancia alta entre sensores de humedad
2026-07-26,14:00:00,maceta1,92.0,92.0,83.4,83.3,83.3,6459.7,10.2039,15.8,58.1,1,0,0,
2026-07-26,14:00:00,maceta2,110.0,128.0,73.9,64.2,69.1,6226.6,10.1295,14.8,57.4,1,0,0,Discrepancia alta entre sensores de humedad
2026-07-26,15:00:00,maceta1,92.0,92.0,83.2,83.1,83.1,6348.0,11.3783,15.5,58.0,1,0,0,
2026-07-26,15:00:00,maceta2,110.0,107.0,73.6,75.3,74.5,6271.0,11.2896,16.0,61.3,1,0,0,
2026-07-26,16:00:00,maceta1,92.0,92.0,82.9,82.9,82.9,6148.2,12.5157,14.9,64.7,1,0,0,
2026-07-26,16:00:00,maceta2,110.0,107.0,73.5,75.1,74.3,6302.9,12.4557,15.0,56.0,1,0,0,
2026-07-26,17:00:00,maceta1,93.0,93.0,82.8,82.7,82.7,6376.9,13.6955,14.4,61.8,1,0,0,
2026-07-26,17:00:00,maceta2,111.0,108.0,73.3,75.0,74.1,5957.3,13.5578,16.1,54.6,1,0,0,
2026-07-26,18:00:00,maceta1,93.0,93.0,82.5,82.4,82.5,28.7,13.7008,14.5,63.9,0,0,0,
2026-07-26,18:00:00,maceta2,111.0,108.0,73.1,74.7,73.9,12.2,13.56,14.2,63.2,0,0,0,
2026-07-26,19:00:00,maceta1,94.0,94.0,82.3,82.2,82.3,13.7,13.7033,10.9,65.0,0,0,0,
2026-07-26,19:00:00,maceta2,111.0,108.0,73.0,74.5,73.8,21.0,13.5639,12.3,60.5,0,0,0,
2026-07-26,20:00:00,maceta1,94.0,94.0,82.1,82.0,82.1,15.7,13.7062,13.0,59.1,0,0,0,
2026-07-26,20:00:00,maceta2,112.0,109.0,72.7,74.4,73.5,11.5,13.566,11.7,55.4,0,0,0,
2026-07-26,21:00:00,maceta1,94.0,95.0,81.9,81.8,81.8,2.3,13.7067,11.3,64.8,0,0,0,
2026-07-26,21:00:00,maceta2,112.0,109.0,72.5,74.2,73.3,17.9,13.5694,13.0,72.7,0,0,0,
2026-07-26,22:00:00,maceta1,95.0,95.0,81.7,81.6,81.7,26.0,13.7115,10.6,66.0,0,0,0,
2026-07-26,22:00:00,maceta2,113.0,109.0,72.3,74.0,73.2,20.6,13.5732,9.2,71.5,0,0,0,
2026-07-26,23:00:00,maceta1,95.0,95.0,81.5,81.5,81.5,11.4,13.7136,7.1,74.2,0,0,0,
2026-07-26,23:00:00,maceta2,113.0,110.0,72.1,73.8,73.0,3.8,13.5739,4.0,68.6,0,0,0,
2026-07-27,00:00:00,maceta1,96.0,96.0,81.3,81.2,81.2,24.5,0.0045,6.6,78.7,0,0,0,
2026-07-27,00:00:00,maceta2,113.0,110.0,72.0,73.6,72.8,28.3,0.0052,6.4,57.5,0,0,0,
2026-07-27,01:00:00,maceta1,96.0,96.0,81.0,81.1,81.0,11.6,0.0067,6.7,67.5,0,0,0,
2026-07-27,01:00:00,maceta2,114.0,111.0,71.8,73.4,72.6,21.9,0.0093,5.8,69.1,0,0,0,
2026-07-27,02:00:00,maceta1,96.0,96.0,80.8,80.9,80.9,12.3,0.009,5.1,70.6,0,0,0,
2026-07-27,02:00:00,maceta2,114.0,111.0,71.6,73.2,72.4,15.1,0.0121,2.9,76.3,0,0,0,
2026-07-27,03:00:00,maceta1,97.0,97.0,80.6,80.7,80.7,25.1,0.0136,4.0,76.5,0,0,0,
2026-07-27,03:00:00,maceta2,114.0,111.0,71.3,73.0,72.2,2.5,0.0125,6.1,77.0,0,0,0,
2026-07-27,04:00:00,maceta1,97.0,97.0,80.4,80.5,80.4,15.9,0.0166,8.1,77.6,0,0,0,
2026-07-27,04:00:00,maceta2,115.0,112.0,71.2,72.8,72.0,6.4,0.0137,5.4,69.9,0,0,0,
2026-07-27,05:00:00,maceta1,98.0,97.0,80.2,80.3,80.3,10.2,0.0184,6.6,67.6,0,0,0,
2026-07-27,05:00:00,maceta2,115.0,112.0,71.0,72.6,71.8,19.3,0.0173,7.5,75.6,0,0,0,
2026-07-27,06:00:00,maceta1,98.0,98.0,80.0,80.1,80.1,5811.6,1.0936,5.6,68.9,1,0,0,
2026-07-27,06:00:00,maceta2,115.0,113.0,70.8,72.4,71.6,5902.3,1.1092,7.4,64.2,1,0,0,
2026-07-27,07:00:00,maceta1,98.0,98.0,79.8,79.9,79.8,6380.8,2.274,6.8,74.9,1,0,0,
2026-07-27,07:00:00,maceta2,116.0,113.0,70.6,72.2,71.4,6251.9,2.2658,9.2,77.0,1,0,0,
2026-07-27,08:00:00,maceta1,99.0,99.0,79.6,79.7,79.7,6054.9,3.3942,9.3,75.4,1,0,0,
2026-07-27,08:00:00,maceta2,116.0,113.0,70.5,72.0,71.3,6150.5,3.4037,9.6,68.5,1,0,0,
2026-07-27,09:00:00,maceta1,99.0,99.0,79.5,79.5,79.5,6433.6,4.5844,9.2,68.1,1,0,0,
2026-07-27,09:00:00,maceta2,116.0,114.0,70.3,71.8,71.1,6242.1,4.5584,11.5,71.8,1,0,0,
2026-07-27,10:00:00,maceta1,99.0,99.0,79.2,79.3,79.3,6078.7,5.709,14.8,59.2,1,0,0,
2026-07-27,10:00:00,maceta2,117.0,114.0,70.2,71.7,70.9,5884.2,5.647,10.2,68.0,1,0,0,
2026-07-27,11:00:00,maceta1,100.0,100.0,79.0,79.1,79.1,6005.6,6.82,12.4,61.4,1,0,0,
2026-07-27,11:00:00,maceta2,117.0,114.0,70.0,71.4,70.7,6484.8,6.8467,13.2,64.6,1,0,0,
2026-07-27,12:00:00,maceta1,100.0,100.0,78.8,79.0,78.9,6106.2,7.9496,15.1,58.9,1,0,0,
2026-07-27,12:00:00,maceta2,117.0,115.0,69.8,71.2,70.5,6130.3,7.9808,13.1,64.4,1,0,0,
2026-07-27,13:00:00,maceta1,101.0,100.0,78.6,78.8,78.7,6149.0,9.0872,10.5,57.5,1,0,0,
2026-07-27,13:00:00,maceta2,118.0,115.0,69.6,71.0,70.3,6418.9,9.1683,16.8,48.9,1,0,0,
2026-07-27,14:00:00,maceta1,101.0,101.0,78.4,78.6,78.5,6222.7,10.2384,16.4,62.6,1,0,0,
2026-07-27,14:00:00,maceta2,118.0,116.0,69.5,70.7,70.1,6285.6,10.3311,12.6,50.6,1,0,0,
2026-07-27,15:00:00,maceta1,101.0,101.0,78.2,78.4,78.3,6072.6,11.3618,14.5,61.3,1,0,0,
2026-07-27,15:00:00,maceta2,118.0,116.0,69.2,70.5,69.9,5820.4,11.4079,17.7,54.5,1,0,0,
2026-07-27,16:00:00,maceta1,102.0,101.0,78.0,78.2,78.1,6451.7,12.5554,17.4,61.2,1,0,0,
2026-07-27,16:00:00,maceta2,119.0,116.0,69.0,70.3,69.7,6464.4,12.6038,16.6,61.0,1,0,0,
2026-07-27,17:00:00,maceta1,102.0,102.0,77.9,78.0,77.9,6464.4,13.7513,14.5,58.5,1,0,0,
2026-07-27,17:00:00,maceta2,119.0,117.0,68.8,70.1,69.5,6460.6,13.799,14.9,58.9,1,0,0,
2026-07-27,18:00:00,maceta1,102.0,102.0,77.6,77.9,77.7,15.0,13.7541,13.7,60.0,0,0,0,
2026-07-27,18:00:00,maceta2,120.0,117.0,68.6,69.9,69.3,2.9,13.7996,15.6,47.9,0,0,0,
2026-07-27,19:00:00,maceta1,103.0,102.0,77.4,77.7,77.5,11.4,13.7562,11.6,60.6,0,0,0,
2026-07-27,19:00:00,maceta2,120.0,118.0,68.4,69.7,69.1,28.0,13.8047,11.7,54.4,0,0,0,
2026-07-27,20:00:00,maceta1,103.0,103.0,77.2,77.5,77.3,6.9,13.7575,13.2,63.3,0,0,0,
2026-07-27,20:00:00,maceta2,120.0,118.0,68.3,69.5,68.9,9.6,13.8065,11.6,56.7,0,0,0,
2026-07-27,21:00:00,maceta1,104.0,103.0,77.0,77.3,77.1,22.4,13.7616,12.5,59.1,0,0,0,
2026-07-27,21:00:00,maceta2,121.0,118.0,68.1,69.4,68.7,22.0,13.8106,9.4,73.0,0,0,0,
2026-07-27,22:00:00,maceta1,104.0,104.0,76.8,77.0,76.9,27.4,13.7667,9.0,72.9,0,0,0,
2026-07-27,22:00:00,maceta2,121.0,119.0,67.9,69.1,68.5,11.6,13.8127,7.7,67.6,0,0,0,
2026-07-27,23:00:00,maceta1,104.0,104.0,76.7,76.8,76.7,15.4,13.7695,7.9,70.9,0,0,0,
2026-07-27,23:00:00,maceta2,122.0,119.0,67.6,68.9,68.3,14.0,13.8153,5.7,68.8,0,0,0,
2026-07-28,00:00:00,maceta1,105.0,105.0,76.5,76.6,76.5,27.8,0.0051,6.2,74.9,0,0,0,
2026-07-28,00:00:00,maceta2,122.0,119.0,67.4,68.8,68.1,23.1,0.0043,4.8,68.7,0,0,0,
2026-07-28,01:00:00,maceta1,105.0,105.0,76.3,76.4,76.3,24.9,0.0098,7.2,78.6,0,0,0,
2026-07-28,01:00:00,maceta2,122.0,120.0,67.3,68.6,67.9,4.0,0.005,7.2,72.4,0,0,0,
2026-07-28,02:00:00,maceta1,105.0,105.0,76.2,76.2,76.2,23.8,0.0142,3.0,72.6,0,0,0,
2026-07-28,02:00:00,maceta2,123.0,120.0,67.0,68.3,67.7,13.0,0.0074,7.6,74.8,0,0,0,
2026-07-28,03:00:00,maceta1,106.0,106.0,75.9,75.9,75.9,0.7,0.0143,9.2,72.0,0,0,0,
2026-07-28,03:00:00,maceta2,123.0,121.0,66.8,68.1,67.5,1.8,0.0077,5.5,76.6,0,0,0,
2026-07-28,04:00:00,maceta1,106.0,106.0,75.7,75.8,75.8,20.3,0.0181,4.7,72.0,0,0,0,
2026-07-28,04:00:00,maceta2,123.0,121.0,66.6,67.9,67.3,11.2,0.0098,9.8,77.0,0,0,0,
2026-07-28,05:00:00,maceta1,106.0,106.0,75.6,75.5,75.6,26.0,0.0229,4.1,79.7,0,0,0,
2026-07-28,05:00:00,maceta2,124.0,121.0,66.4,67.7,67.1,22.0,0.0139,6.1,70.1,0,0,0,
2026-07-28,06:00:00,maceta1,107.0,107.0,75.4,75.4,75.4,6304.2,1.1891,7.2,71.4,1,0,0,
2026-07-28,06:00:00,maceta2,124.0,122.0,66.2,67.5,66.9,6367.8,1.1919,8.9,74.4,1,0,0,
2026-07-28,07:00:00,maceta1,107.0,107.0,75.2,75.2,75.2,5897.0,2.2801,8.5,67.8,1,0,0,
2026-07-28,07:00:00,maceta2,125.0,122.0,66.0,67.3,66.6,6140.8,2.328,7.2,72.3,1,0,0,
2026-07-28,08:00:00,maceta1,107.0,107.0,75.0,75.0,75.0,5974.1,3.3853,7.7,70.4,1,0,0,
2026-07-28,08:00:00,maceta2,125.0,122.0,65.8,67.2,66.5,5917.7,3.4227,8.6,73.0,1,0,0,
2026-07-28,09:00:00,maceta1,108.0,108.0,74.8,74.9,74.8,6314.0,4.5534,8.9,62.0,1,0,0,
2026-07-28,09:00:00,maceta2,125.0,123.0,65.5,67.0,66.3,6176.7,4.5654,10.5,60.3,1,0,0,
2026-07-28,10:00:00,maceta1,108.0,108.0,74.6,74.7,74.6,5951.3,5.6544,10.9,60.9,1,0,0,
2026-07-28,10:00:00,maceta2,126.0,128.0,65.4,64.2,64.8,6017.0,5.6786,9.5,57.6,1,0,0,Discrepancia alta entre sensores de humedad
2026-07-28,11:00:00,maceta1,109.0,109.0,74.4,74.5,74.4,6476.7,6.8526,14.8,62.8,1,0,0,
2026-07-28,11:00:00,maceta2,126.0,123.0,65.2,66.6,65.9,6394.1,6.8615,12.2,54.2,1,0,0,
2026-07-28,12:00:00,maceta1,109.0,109.0,74.2,74.3,74.3,6416.0,8.0395,12.1,69.6,1,0,0,
2026-07-28,12:00:00,maceta2,127.0,124.0,65.0,66.3,65.7,6122.0,7.994,13.7,64.4,1,0,0,
2026-07-28,13:00:00,maceta1,109.0,109.0,74.0,74.1,74.1,6236.7,9.1933,14.9,56.4,1,0,0,
2026-07-28,13:00:00,maceta2,127.0,124.0,64.8,66.2,65.5,6063.7,9.1158,12.2,60.7,1,0,0,
2026-07-28,14:00:00,maceta1,110.0,110.0,73.8,73.9,73.9,5854.4,10.2764,15.8,47.2,1,0,0,
2026-07-28,14:00:00,maceta2,127.0,125.0,64.6,66.0,65.3,6080.7,10.2408,13.7,68.0,1,0,0,
2026-07-28,15:00:00,maceta1,110.0,110.0,73.6,73.7,73.7,6215.8,11.4263,18.0,52.0,1,0,0,
2026-07-28,15:00:00,maceta2,128.0,125.0,64.4,65.8,65.1,6001.0,11.351,16.2,54.4,1,0,0,Discrepancia alta entre sensores de humedad
2026-07-28,16:00:00,maceta1,111.0,110.0,73.4,73.5,73.4,6393.6,12.6091,14.7,46.1,1,0,0,
2026-07-28,16:00:00,maceta2,128.0,125.0,64.2,65.6,64.9,5905.8,12.4435,14.2,57.8,1,0,0,Discrepancia alta entre sensores de humedad
2026-07-28,17:00:00,maceta1,111.0,111.0,73.2,73.3,73.2,6057.0,13.7297,14.6,50.8,1,0,0,
2026-07-28,17:00:00,maceta2,128.0,126.0,64.0,65.4,64.7,5887.4,13.5327,15.7,56.8,1,0,0,Discrepancia alta entre sensores de humedad
2026-07-28,18:00:00,maceta1,111.0,111.0,73.0,73.1,73.1,8.1,13.7311,13.9,55.2,0,0,0,
2026-07-28,18:00:00,maceta2,129.0,126.0,63.8,65.2,64.5,3.0,13.5333,13.7,52.5,0,0,0,
2026-07-28,19:00:00,maceta1,112.0,111.0,72.8,72.9,72.8,26.0,13.736,13.0,56.0,0,0,0,
2026-07-28,19:00:00,maceta2,129.0,126.0,63.6,65.0,64.3,8.9,13.5349,12.0,61.1,0,0,0,
2026-07-28,20:00:00,maceta1,112.0,112.0,72.6,72.7,72.6,20.8,13.7398,11.2,56.0,0,0,0,
2026-07-28,20:00:00,maceta2,130.0,127.0,63.3,64.8,64.1,24.6,13.5395,8.6,58.7,0,0,0,
2026-07-28,21:00:00,maceta1,112.0,112.0,72.4,72.5,72.4,27.0,13.7448,11.9,68.3,0,0,0,
2026-07-28,21:00:00,maceta2,130.0,127.0,63.2,64.6,63.9,3.2,13.54,10.9,78.0,0,0,0,
2026-07-28,22:00:00,maceta1,113.0,113.0,72.2,72.3,72.3,26.8,13.7498,8.0,70.0,0,0,0,
2026-07-28,22:00:00,maceta2,130.0,128.0,63.0,64.3,63.7,5.9,13.5411,12.0,63.0,0,0,0,Discrepancia alta entre sensores de humedad
2026-07-28,23:00:00,maceta1,113.0,113.0,72.0,72.1,72.1,22.1,13.7539,8.1,68.2,0,0,0,
2026-07-28,23:00:00,maceta2,131.0,128.0,62.7,64.1,63.4,21.9,13.5452,6.4,70.2,0,0,0,Discrepancia alta entre sensores de humedad
2026-07-29,00:00:00,maceta1,114.0,113.0,71.8,71.9,71.9,0.3,0.0,8.2,70.3,0,0,0,
2026-07-29,00:00:00,maceta2,131.0,129.0,62.5,63.9,63.2,6.6,0.0012,7.6,76.6,0,0,0,
2026-07-29,01:00:00,maceta1,114.0,114.0,71.6,71.7,71.6,14.8,0.0028,6.8,74.7,0,0,0,
2026-07-29,01:00:00,maceta2,132.0,129.0,62.3,63.7,63.0,12.6,0.0036,5.5,78.2,0,0,0,
2026-07-29,02:00:00,maceta1,114.0,114.0,71.4,71.5,71.5,27.6,0.0079,6.3,73.1,0,0,0,
2026-07-29,02:00:00,maceta2,132.0,129.0,62.1,63.5,62.8,10.8,0.0056,5.3,81.3,0,0,0,
2026-07-29,03:00:00,maceta1,115.0,115.0,71.1,71.3,71.2,28.1,0.0131,6.3,74.2,0,0,0,
2026-07-29,03:00:00,maceta2,132.0,130.0,61.9,63.3,62.6,13.8,0.0081,2.6,70.1,0,0,0,
2026-07-29,04:00:00,maceta1,115.0,115.0,70.9,71.1,71.0,28.9,0.0184,5.0,85.5,0,0,0,
2026-07-29,04:00:00,maceta2,133.0,130.0,61.7,63.1,62.4,22.1,0.0122,8.2,65.5,0,0,0,
2026-07-29,05:00:00,maceta1,116.0,115.0,70.7,71.0,70.9,24.9,0.023,5.0,70.0,0,0,0,
2026-07-29,05:00:00,maceta2,133.0,130.0,61.5,62.9,62.2,3.1,0.0128,5.3,70.5,0,0,0,
2026-07-29,06:00:00,maceta1,116.0,128.0,70.5,64.2,67.4,6084.9,1.1487,6.3,84.6,1,0,0,Discrepancia alta entre sensores de humedad
2026-07-29,06:00:00,maceta2,133.0,131.0,61.3,62.7,62.0,6434.4,1.2031,5.1,81.1,1,0,0,
2026-07-29,07:00:00,maceta1,116.0,116.0,70.3,70.6,70.5,6329.8,2.3197,4.7,77.5,1,0,0,
2026-07-29,07:00:00,maceta2,134.0,131.0,61.1,62.5,61.8,6487.0,2.4032,7.6,68.3,1,0,0,
2026-07-29,08:00:00,maceta1,117.0,116.0,70.2,70.4,70.3,6342.3,3.4931,9.4,79.7,1,0,0,
2026-07-29,08:00:00,maceta2,134.0,132.0,60.9,62.2,61.6,6114.0,3.5343,9.1,69.4,1,0,0,
2026-07-29,09:00:00,maceta1,117.0,117.0,70.0,70.1,70.1,6171.7,4.6349,10.3,69.9,1,0,0,
2026-07-29,09:00:00,maceta2,135.0,132.0,60.7,62.0,61.3,6430.4,4.7239,10.6,65.9,1,0,0,
2026-07-29,10:00:00,maceta1,117.0,117.0,69.8,69.9,69.9,6186.2,5.7793,13.3,62.2,1,0,0,
2026-07-29,10:00:00,maceta2,135.0,133.0,60.5,61.8,61.2,5978.8,5.83,11.5,61.2,1,0,0,
2026-07-29,11:00:00,maceta1,118.0,118.0,69.7,69.7,69.7,6104.9,6.9087,12.1,59.0,1,0,0,
2026-07-29,11:00:00,maceta2,135.0,133.0,60.3,61.6,60.9,6161.4,6.9699,12.6,63.0,1,0,0,
2026-07-29,12:00:00,maceta1,118.0,118.0,69.5,69.5,69.5,5867.7,7.9942,14.9,59.8,1,0,0,
2026-07-29,12:00:00,maceta2,136.0,133.0,60.1,61.3,60.7,6320.6,8.1392,16.1,57.8,1,0,0,
2026-07-29,13:00:00,maceta1,118.0,118.0,69.3,69.3,69.3,5876.5,9.0814,13.9,63.9,1,0,0,
2026-07-29,13:00:00,maceta2,136.0,134.0,59.9,61.1,60.5,6083.4,9.2646,15.0,41.5,1,0,0,
2026-07-29,14:00:00,maceta1,119.0,119.0,69.1,69.0,69.1,6363.2,10.2586,15.8,57.9,1,0,0,
2026-07-29,14:00:00,maceta2,137.0,134.0,59.6,60.9,60.3,6127.3,10.3982,13.8,58.9,1,0,0,
2026-07-29,15:00:00,maceta1,119.0,119.0,68.9,68.8,68.8,6389.4,11.4406,15.5,60.7,1,0,0,
2026-07-29,15:00:00,maceta2,137.0,135.0,59.4,60.7,60.1,6039.3,11.5154,13.3,54.7,1,0,0,
2026-07-29,16:00:00,maceta1,120.0,120.0,68.6,68.7,68.6,6470.3,12.6376,12.7,56.4,1,0,0,
2026-07-29,16:00:00,maceta2,138.0,135.0,59.2,60.5,59.9,5946.6,12.6156,15.9,60.3,1,0,0,
2026-07-29,17:00:00,maceta1,120.0,120.0,68.5,68.5,68.5,5826.8,13.7156,14.2,63.8,1,0,0,
2026-07-29,17:00:00,maceta2,138.0,135.0,59.0,60.3,59.6,6410.7,13.8016,15.1,54.8,1,0,0,
2026-07-29,18:00:00,maceta1,120.0,120.0,68.3,68.2,68.3,8.7,13.7172,14.0,59.3,0,0,0,
2026-07-29,18:00:00,maceta2,138.0,136.0,58.7,60.1,59.4,4.3,13.8023,12.6,66.3,0,0,0,
2026-07-29,19:00:00,maceta1,121.0,121.0,68.1,68.0,68.1,18.9,13.7207,12.9,49.4,0,0,0,
2026-07-29,19:00:00,maceta2,139.0,136.0,58.6,59.9,59.2,19.9,13.806,11.1,56.5,0,0,0,
2026-07-29,20:00:00,maceta1,121.0,121.0,67.9,67.8,67.9,28.3,13.7259,13.9,69.7,0,0,0,
2026-07-29,20:00:00,maceta2,139.0,137.0,58.4,59.7,59.0,28.6,13.8113,9.7,67.9,0,0,0,
2026-07-29,21:00:00,maceta1,121.0,121.0,67.8,67.7,67.7,19.8,13.7296,10.2,67.6,0,0,0,
2026-07-29,21:00:00,maceta2,139.0,137.0,58.2,59.5,58.8,0.2,13.8113,8.9,62.8,0,0,0,
2026-07-29,22:00:00,maceta1,122.0,122.0,67.6,67.5,67.5,10.8,13.7316,10.1,63.2,0,0,0,
2026-07-29,22:00:00,maceta2,140.0,137.0,58.0,59.3,58.6,15.4,13.8142,8.7,64.6,0,0,0,
2026-07-29,23:00:00,maceta1,122.0,122.0,67.4,67.2,67.3,15.0,13.7344,7.2,77.7,0,0,0,
2026-07-29,23:00:00,maceta2,140.0,138.0,57.8,59.2,58.5,18.1,13.8175,9.3,66.9,0,0,0,
2026-07-30,00:00:00,maceta1,122.0,123.0,67.2,67.1,67.1,28.8,0.0053,7.0,72.6,0,0,0,
2026-07-30,00:00:00,maceta2,141.0,138.0,57.6,59.0,58.3,26.6,0.0049,7.8,68.3,0,0,0,
2026-07-30,01:00:00,maceta1,123.0,123.0,67.0,66.8,66.9,3.3,0.0059,4.7,77.9,0,0,0,
2026-07-30,01:00:00,maceta2,141.0,138.0,57.4,58.8,58.1,8.0,0.0064,4.1,71.0,0,0,0,
2026-07-30,02:00:00,maceta1,123.0,123.0,66.8,66.7,66.7,25.0,0.0106,5.9,74.2,0,0,0,
2026-07-30,02:00:00,maceta2,141.0,139.0,57.2,58.6,57.9,24.7,0.011,5.2,66.2,0,0,0,
2026-07-30,03:00:00,maceta1,123.0,124.0,66.6,66.4,66.5,8.3,0.0121,6.5,66.9,0,0,0,
2026-07-30,03:00:00,maceta2,142.0,139.0,57.0,58.4,57.7,21.9,0.015,5.4,75.0,0,0,0,
2026-07-30,04:00:00,maceta1,124.0,124.0,66.3,66.2,66.3,20.2,0.0158,6.0,68.0,0,0,0,
2026-07-30,04:00:00,maceta2,142.0,139.0,56.8,58.2,57.5,14.2,0.0176,3.3,85.2,0,0,0,
2026-07-30,05:00:00,maceta1,124.0,124.0,66.1,66.1,66.1,6.0,0.0169,9.0,63.4,0,0,0,
2026-07-30,05:00:00,maceta2,142.0,140.0,56.6,58.0,57.3,26.7,0.0226,6.0,69.7,0,0,0,
2026-07-30,06:00:00,maceta1,125.0,125.0,65.9,65.9,65.9,6426.8,1.2059,8.0,72.2,1,0,0,
2026-07-30,06:00:00,maceta2,143.0,140.0,56.4,57.8,57.1,6192.0,1.1681,5.7,70.2,1,0,0,
2026-07-30,07:00:00,maceta1,125.0,125.0,65.7,65.7,65.7,6004.5,2.3167,8.5,64.5,1,0,0,
2026-07-30,07:00:00,maceta2,143.0,140.0,56.2,57.6,56.9,6319.8,2.3373,6.1,65.2,1,0,0,
2026-07-30,08:00:00,maceta1,126.0,126.0,65.5,65.5,65.5,6154.1,3.4552,9.9,62.6,1,0,0,
2026-07-30,08:00:00,maceta2,144.0,141.0,56.0,57.4,56.7,5913.5,3.4313,8.7,66.2,1,0,0,
2026-07-30,09:00:00,maceta1,126.0,126.0,65.3,65.3,65.3,6203.8,4.6029,10.6,74.8,1,0,0,
2026-07-30,09:00:00,maceta2,144.0,141.0,55.8,57.2,56.5,6438.0,4.6223,11.6,65.4,1,0,0,
2026-07-30,10:00:00,maceta1,126.0,126.0,65.1,65.0,65.1,6389.8,5.785,10.0,68.3,1,0,0,
2026-07-30,10:00:00,maceta2,144.0,142.0,55.6,57.0,56.3,6210.8,5.7713,10.8,64.9,1,0,0,
2026-07-30,11:00:00,maceta1,127.0,127.0,64.9,64.9,64.9,6064.0,6.9069,13.7,65.6,1,0,0,
2026-07-30,11:00:00,maceta2,145.0,142.0,55.5,56.8,56.1,5860.9,6.8555,16.2,46.0,1,0,0,
2026-07-30,12:00:00,maceta1,127.0,127.0,64.7,64.7,64.7,6128.8,8.0407,13.9,56.4,1,0,0,
2026-07-30,12:00:00,maceta2,145.0,142.0,55.2,56.6,55.9,6326.5,8.0259,15.0,64.5,1,0,0,
2026-07-30,13:00:00,maceta1,128.0,128.0,64.5,64.2,64.3,6052.2,9.1604,14.7,53.5,1,0,0,Discrepancia alta entre sensores de humedad
2026-07-30,13:00:00,maceta2,145.0,143.0,55.1,56.4,55.7,5964.8,9.1294,17.8,65.2,1,0,0,
2026-07-30,14:00:00,maceta1,128.0,128.0,64.3,64.2,64.3,6452.0,10.354,12.7,62.8,1,0,0,Discrepancia alta entre sensores de humedad
2026-07-30,14:00:00,maceta2,146.0,143.0,54.8,56.2,55.5,6375.1,10.3088,15.5,53.0,1,0,0,
2026-07-30,15:00:00,maceta1,128.0,128.0,64.1,64.0,64.1,6246.8,11.5096,13.1,52.5,1,0,0,Discrepancia alta entre sensores de humedad
2026-07-30,15:00:00,maceta2,146.0,144.0,54.6,56.0,55.3,5895.7,11.3995,11.8,49.9,1,0,0,
2026-07-30,16:00:00,maceta1,129.0,129.0,63.9,63.9,63.9,5901.4,12.6014,15.8,52.2,1,0,0,
2026-07-30,16:00:00,maceta2,147.0,144.0,54.4,55.8,55.1,5872.3,12.4859,15.6,49.2,1,0,0,
2026-07-30,17:00:00,maceta1,129.0,129.0,63.7,63.6,63.7,6231.4,13.7542,14.4,58.5,1,0,0,
2026-07-30,17:00:00,maceta2,147.0,144.0,54.3,55.7,55.0,5880.9,13.5739,14.7,49.1,1,0,0,
2026-07-30,18:00:00,maceta1,129.0,129.0,63.5,63.5,63.5,23.5,13.7585,18.7,60.9,0,0,0,
2026-07-30,18:00:00,maceta2,147.0,145.0,54.1,55.5,54.8,11.4,13.576,13.7,61.1,0,0,0,
2026-07-30,19:00:00,maceta1,130.0,130.0,63.3,63.2,63.3,2.9,13.7591,13.8,51.7,0,0,0,
2026-07-30,19:00:00,maceta2,148.0,145.0,53.9,55.4,54.6,17.0,13.5791,12.1,67.7,0,0,0,
2026-07-30,20:00:00,maceta1,130.0,130.0,63.1,63.0,63.1,8.4,13.7606,12.3,65.0,0,0,0,
2026-07-30,20:00:00,maceta2,148.0,145.0,53.7,55.1,54.4,19.8,13.5828,11.5,66.2,0,0,0,
2026-07-30,21:00:00,maceta1,130.0,131.0,62.9,62.7,62.8,19.7,13.7643,9.9,61.2,0,0,0,
2026-07-30,21:00:00,maceta2,148.0,146.0,53.5,55.0,54.2,21.2,13.5867,13.3,68.1,0,0,0,
2026-07-30,22:00:00,maceta1,131.0,131.0,62.7,62.6,62.6,29.8,13.7698,11.0,73.2,0,0,0,
2026-07-30,22:00:00,maceta2,149.0,146.0,53.2,54.7,54.0,11.6,13.5888,9.5,67.1,0,0,0,
2026-07-30,23:00:00,maceta1,131.0,131.0,62.5,62.4,62.4,14.0,13.7724,4.6,80.0,0,0,0,
2026-07-30,23:00:00,maceta2,149.0,146.0,53.0,54.5,53.8,24.1,13.5933,7.5,70.2,0,0,0,
2026-07-31,00:00:00,maceta1,132.0,132.0,62.3,62.2,62.3,17.4,0.0032,11.1,77.8,0,0,0,
2026-07-31,00:00:00,maceta2,150.0,147.0,52.8,54.4,53.6,1.1,0.0002,6.7,73.5,0,0,0,
2026-07-31,01:00:00,maceta1,132.0,132.0,62.1,62.0,62.1,25.3,0.0079,7.9,76.6,0,0,0,
2026-07-31,01:00:00,maceta2,150.0,147.0,52.7,54.2,53.4,1.5,0.0005,8.4,65.3,0,0,0,
2026-07-31,02:00:00,maceta1,132.0,132.0,61.9,61.9,61.9,5.1,0.0088,6.1,76.5,0,0,0,
2026-07-31,02:00:00,maceta2,150.0,147.0,52.5,54.0,53.2,3.1,0.0011,4.5,71.0,0,0,0,
2026-07-31,03:00:00,maceta1,133.0,133.0,61.7,61.7,61.7,2.3,0.0093,1.9,70.8,0,0,0,
2026-07-31,03:00:00,maceta2,151.0,148.0,52.3,53.8,53.1,0.8,0.0012,6.6,83.7,0,0,0,
2026-07-31,04:00:00,maceta1,133.0,133.0,61.5,61.5,61.5,1.7,0.0096,4.5,73.6,0,0,0,
2026-07-31,04:00:00,maceta2,151.0,148.0,52.1,53.7,52.9,13.3,0.0037,6.0,69.6,0,0,0,
2026-07-31,05:00:00,maceta1,133.0,134.0,61.3,61.2,61.3,7.6,0.011,4.4,71.9,0,0,0,
2026-07-31,05:00:00,maceta2,151.0,148.0,51.9,53.5,52.7,3.8,0.0044,5.9,67.2,0,0,0,
2026-07-31,06:00:00,maceta1,134.0,134.0,61.1,61.1,61.1,6280.2,1.1728,7.1,79.2,1,0,0,
2026-07-31,06:00:00,maceta2,152.0,149.0,51.7,53.2,52.5,6221.8,1.1554,7.5,68.6,1,0,0,
2026-07-31,07:00:00,maceta1,134.0,134.0,60.9,60.8,60.9,6167.6,2.3138,6.4,72.6,1,0,0,
2026-07-31,07:00:00,maceta2,152.0,149.0,51.5,53.0,52.3,6423.3,2.3437,9.9,76.8,1,0,0,
2026-07-31,08:00:00,maceta1,135.0,135.0,60.7,60.6,60.7,5802.2,3.3872,8.4,65.1,1,0,0,
2026-07-31,08:00:00,maceta2,153.0,150.0,51.3,52.9,52.1,5997.5,3.4532,6.8,70.2,1,0,0,
2026-07-31,09:00:00,maceta1,135.0,135.0,60.5,60.5,60.5,6176.8,4.5299,10.4,59.8,1,0,0,
2026-07-31,09:00:00,maceta2,153.0,150.0,51.1,52.6,51.9,5924.8,4.5493,10.6,77.2,1,0,0,
2026-07-31,10:00:00,maceta1,135.0,135.0,60.3,60.3,60.3,6435.5,5.7205,12.1,67.1,1,0,0,
2026-07-31,10:00:00,maceta2,153.0,150.0,50.9,52.5,51.7,6253.3,5.7062,13.9,61.4,1,0,0,
2026-07-31,11:00:00,maceta1,136.0,136.0,60.1,60.1,60.1,6134.5,6.8554,12.7,56.1,1,0,0,
2026-07-31,11:00:00,maceta2,154.0,151.0,50.7,52.3,51.5,6370.3,6.8847,12.9,59.4,1,0,0,
2026-07-31,12:00:00,maceta1,136.0,136.0,59.9,59.9,59.9,6115.6,7.9868,12.5,56.2,1,0,0,
2026-07-31,12:00:00,maceta2,154.0,151.0,50.6,52.1,51.4,6191.1,8.03,15.4,67.7,1,0,0,
2026-07-31,13:00:00,maceta1,136.0,137.0,59.8,59.6,59.7,5801.9,9.0601,15.2,50.2,1,0,0,
2026-07-31,13:00:00,maceta2,154.0,151.0,50.4,52.0,51.2,6056.0,9.1504,14.3,57.0,1,0,0,
2026-07-31,14:00:00,maceta1,137.0,137.0,59.5,59.4,59.5,5897.2,10.1511,12.6,55.2,1,0,0,
2026-07-31,14:00:00,maceta2,155.0,152.0,50.3,51.7,51.0,6282.8,10.3127,17.6,54.8,1,0,0,
2026-07-31,15:00:00,maceta1,137.0,137.0,59.4,59.3,59.3,6135.3,11.2862,13.7,54.5,1,0,0,
2026-07-31,15:00:00,maceta2,155.0,152.0,50.0,51.5,50.8,6011.2,11.4248,14.7,54.4,1,0,0,
2026-07-31,16:00:00,maceta1,138.0,138.0,59.2,59.1,59.1,6127.5,12.4197,16.0,59.7,1,0,0,
2026-07-31,16:00:00,maceta2,155.0,152.0,49.8,51.3,50.5,5946.7,12.5249,13.6,58.4,1,0,1,
2026-07-31,17:00:00,maceta1,138.0,138.0,59.0,58.9,58.9,6447.6,13.6125,12.7,58.4,1,0,0,
2026-07-31,17:00:00,maceta2,86.0,89.0,86.2,85.0,85.6,5837.8,13.6049,11.7,41.2,1,0,0,
2026-07-31,18:00:00,maceta1,138.0,138.0,58.8,58.7,58.7,13.6,13.6151,15.2,59.4,0,0,0,
2026-07-31,18:00:00,maceta2,86.0,89.0,86.1,84.8,85.4,21.3,13.6089,13.3,49.7,0,0,0,
2026-07-31,19:00:00,maceta1,139.0,128.0,58.6,64.2,61.4,18.1,13.6184,17.5,63.2,0,0,0,Discrepancia alta entre sensores de humedad
2026-07-31,19:00:00,maceta2,87.0,89.0,85.8,84.6,85.2,29.1,13.6143,11.6,67.4,0,0,0,
2026-07-31,20:00:00,maceta1,139.0,139.0,58.4,58.2,58.3,17.5,13.6216,10.5,57.8,0,0,0,
2026-07-31,20:00:00,maceta2,87.0,90.0,85.6,84.4,85.0,14.0,13.6168,11.0,61.1,0,0,0,
2026-07-31,21:00:00,maceta1,139.0,140.0,58.2,58.0,58.1,16.3,13.6246,11.0,62.0,0,0,0,
2026-07-31,21:00:00,maceta2,88.0,90.0,85.5,84.3,84.9,24.3,13.6213,9.9,71.2,0,0,0,
2026-07-31,22:00:00,maceta1,140.0,140.0,58.0,57.9,57.9,18.4,13.628,10.2,68.1,0,0,0,
2026-07-31,22:00:00,maceta2,88.0,90.0,85.3,84.1,84.7,19.4,13.6249,7.8,76.2,0,0,0,
2026-07-31,23:00:00,maceta1,140.0,140.0,57.8,57.6,57.7,29.1,13.6334,6.0,72.1,0,0,0,
2026-07-31,23:00:00,maceta2,88.0,91.0,85.0,83.9,84.4,18.6,13.6284,5.4,71.2,0,0,0,
2026-08-01,00:00:00,maceta1,140.0,141.0,57.7,57.4,57.6,11.4,0.0021,3.8,72.4,0,0,0,
2026-08-01,00:00:00,maceta2,89.0,91.0,84.8,83.7,84.3,20.7,0.0038,6.3,76.2,0,0,0,
2026-08-01,01:00:00,maceta1,141.0,141.0,57.4,57.2,57.3,19.8,0.0058,5.9,65.0,0,0,0,
2026-08-01,01:00:00,maceta2,89.0,91.0,84.6,83.5,84.1,0.4,0.0039,5.4,74.1,0,0,0,
2026-08-01,02:00:00,maceta1,141.0,142.0,57.2,57.0,57.1,14.0,0.0084,7.7,74.3,0,0,0,
2026-08-01,02:00:00,maceta2,90.0,92.0,84.4,83.3,83.9,22.3,0.008,7.7,78.3,0,0,0,
2026-08-01,03:00:00,maceta1,142.0,142.0,57.0,56.8,56.9,15.0,0.0111,5.1,74.1,0,0,0,
2026-08-01,03:00:00,maceta2,90.0,92.0,84.2,83.2,83.7,23.4,0.0124,3.0,69.8,0,0,0,
2026-08-01,04:00:00,maceta1,142.0,142.0,56.8,56.6,56.7,13.5,0.0136,5.0,74.7,0,0,0,
2026-08-01,04:00:00,maceta2,90.0,92.0,84.0,82.9,83.5,29.5,0.0178,4.9,69.2,0,0,0,
2026-08-01,05:00:00,maceta1,142.0,143.0,56.6,56.4,56.5,8.8,0.0153,5.3,64.0,0,0,0,
2026-08-01,05:00:00,maceta2,91.0,93.0,83.8,82.8,83.3,2.8,0.0183,5.3,77.3,0,0,0,
2026-08-01,06:00:00,maceta1,143.0,143.0,56.5,56.2,56.3,6367.8,1.1933,6.1,75.0,1,0,0,
2026-08-01,06:00:00,maceta2,91.0,93.0,83.6,82.6,83.1,5954.4,1.1199,6.5,74.4,1,0,0,
2026-08-01,07:00:00,maceta1,143.0,144.0,56.3,56.0,56.1,6172.8,2.3353,7.2,76.5,1,0,0,
2026-08-01,07:00:00,maceta2,91.0,94.0,83.4,82.3,82.9,5957.0,2.2219,8.5,66.7,1,0,0,
2026-08-01,08:00:00,maceta1,144.0,144.0,56.0,55.7,55.9,5981.8,3.4419,9.9,60.4,1,0,0,
2026-08-01,08:00:00,maceta2,92.0,94.0,83.3,82.1,82.7,6227.7,3.3741,8.0,67.2,1,0,0,
2026-08-01,09:00:00,maceta1,144.0,144.0,55.8,55.5,55.7,5828.6,4.5202,12.6,63.3,1,0,0,
2026-08-01,09:00:00,maceta2,92.0,94.0,83.0,81.9,82.5,6478.6,4.5726,9.2,60.8,1,0,0,
2026-08-01,10:00:00,maceta1,144.0,145.0,55.6,55.3,55.5,6443.1,5.7122,9.5,62.0,1,0,0,
2026-08-01,10:00:00,maceta2,93.0,95.0,82.8,81.8,82.3,6066.5,5.6949,12.5,59.4,1,0,0,
2026-08-01,11:00:00,maceta1,145.0,145.0,55.5,55.1,55.3,6160.8,6.8519,11.9,50.8,1,0,0,
2026-08-01,11:00:00,maceta2,93.0,95.0,82.7,81.5,82.1,6126.3,6.8283,13.6,57.8,1,0,0,
2026-08-01,12:00:00,maceta1,145.0,146.0,55.2,54.9,55.1,6417.5,8.0392,10.6,52.2,1,0,0,
2026-08-01,12:00:00,maceta2,93.0,95.0,82.5,81.4,81.9,6282.0,7.9905,16.3,59.1,1,0,0,
2026-08-01,13:00:00,maceta1,145.0,146.0,55.0,54.8,54.9,5994.7,9.1482,16.0,53.1,1,0,0,
2026-08-01,13:00:00,maceta2,94.0,96.0,82.3,81.2,81.7,6112.8,9.1213,12.7,61.9,1,0,0,
2026-08-01,14:00:00,maceta1,146.0,146.0,54.8,54.6,54.7,6100.3,10.2767,13.3,63.4,1,0,0,
2026-08-01,14:00:00,maceta2,94.0,96.0,82.1,80.9,81.5,6471.5,10.3186,18.0,58.7,1,0,0,
2026-08-01,15:00:00,maceta1,146.0,147.0,54.6,54.3,54.5,5922.7,11.3724,14.5,47.2,1,0,0,
2026-08-01,15:00:00,maceta2,94.0,97.0,81.8,80.7,81.3,5862.7,11.4032,14.4,62.5,1,0,0,
2026-08-01,16:00:00,maceta1,147.0,147.0,54.4,54.1,54.3,6416.4,12.5595,12.1,63.2,1,0,0,
2026-08-01,16:00:00,maceta2,95.0,97.0,81.7,80.5,81.1,6427.7,12.5923,14.9,55.4,1,0,0,
2026-08-01,17:00:00,maceta1,147.0,147.0,54.2,54.0,54.1,6410.2,13.7454,14.6,63.0,1,0,0,
2026-08-01,17:00:00,maceta2,95.0,98.0,81.5,80.3,80.9,6157.7,13.7315,16.0,53.6,1,0,0,
2026-08-01,18:00:00,maceta1,147.0,148.0,54.0,53.8,53.9,4.8,13.7462,12.1,48.6,0,0,0,
2026-08-01,18:00:00,maceta2,96.0,98.0,81.3,80.0,80.7,17.4,13.7347,11.9,54.1,0,0,0,
2026-08-01,19:00:00,maceta1,148.0,148.0,53.8,53.6,53.7,16.3,13.7492,13.8,68.6,0,0,0,
2026-08-01,19:00:00,maceta2,96.0,98.0,81.1,79.8,80.4,26.1,13.7395,14.7,52.5,0,0,0,
2026-08-01,20:00:00,maceta1,148.0,149.0,53.6,53.4,53.5,10.5,13.7512,9.6,62.4,0,0,0,
2026-08-01,20:00:00,maceta2,96.0,99.0,80.9,79.6,80.2,12.7,13.7418,13.6,62.6,0,0,0,
2026-08-01,21:00:00,maceta1,148.0,149.0,53.5,53.2,53.3,18.0,13.7545,10.7,62.4,0,0,0,
2026-08-01,21:00:00,maceta2,97.0,99.0,80.7,79.4,80.0,15.7,13.7448,12.3,62.8,0,0,0,
2026-08-01,22:00:00,maceta1,149.0,149.0,53.3,53.0,53.1,21.6,13.7585,9.2,67.9,0,0,0,
2026-08-01,22:00:00,maceta2,97.0,100.0,80.4,79.2,79.8,1.2,13.745,5.6,64.8,0,0,0,
2026-08-01,23:00:00,maceta1,149.0,150.0,53.1,52.8,53.0,16.9,13.7616,7.9,62.9,0,0,0,
2026-08-01,23:00:00,maceta2,98.0,100.0,80.2,79.0,79.6,3.7,13.7457,9.7,71.1,0,0,0,
