fecha,hora,maceta,humedad_raw_1,humedad_raw_2,humedad_pct_1,humedad_pct_2,humedad_pct_promedio,lux,dli_acumulado,temperatura_c,humedad_ambiente_pct,luz_encendida,ventilador_encendido,riego_pendiente,alertas
2026-07-02,19:27:18,maceta1,95.0,90.0,81.6,84.4,83.0,0.0,0.0,18.0,50.0,1,0,0,
2026-07-02,19:27:18,maceta2,96.0,94.0,81.3,82.1,81.7,0.0,0.0,11.9,52.2,1,0,0,
2026-07-02,20:01:05,maceta1,95.0,90.0,81.5,84.2,82.9,763.3,0.0,18.1,50.5,1,0,0,
2026-07-02,20:01:05,maceta2,96.0,94.0,81.1,81.9,81.5,326.7,0.0,11.7,52.2,1,0,0,
2026-07-02,21:09:38,maceta1,95.0,90.0,81.4,84.0,82.7,547.5,0.0,16.7,51.1,1,0,0,
2026-07-02,21:09:38,maceta2,96.0,128.0,81.0,64.2,72.6,233.3,0.0,12.1,51.1,1,0,0,Discrepancia alta entre sensores de humedad
2026-07-02,22:10:17,maceta1,96.0,91.0,81.2,83.7,82.4,0.0,0.0,16.7,51.1,0,0,0,
2026-07-02,22:10:17,maceta2,96.0,95.0,80.9,81.5,81.2,0.0,0.0,12.9,50.3,0,0,0,
2026-07-02,23:10:23,maceta1,96.0,92.0,81.1,83.4,82.2,0.0,0.0,16.7,51.1,0,0,0,
2026-07-02,23:10:23,maceta2,97.0,95.0,80.6,81.4,81.0,0.0,0.0,10.7,52.2,0,0,0,
2026-07-03,00:10:28,maceta1,96.0,92.0,80.8,83.3,82.0,0.0,0.0,16.7,51.1,0,0,0,
2026-07-03,00:10:28,maceta2,97.0,96.0,80.4,81.2,80.8,0.0,0.0,10.2,53.1,0,0,0,
2026-07-03,01:10:34,maceta1,97.0,92.0,80.7,83.1,81.9,0.0,0.0,16.7,51.1,0,0,0,
2026-07-03,01:10:34,maceta2,98.0,96.0,80.1,81.0,80.6,0.0,0.0,9.9,54.0,0,0,0,
2026-07-03,02:10:39,maceta1,97.0,92.0,80.5,82.9,81.7,0.0,0.0,16.7,51.1,0,0,0,
2026-07-03,02:10:39,maceta2,98.0,96.0,79.8,80.8,80.3,0.0,0.0,9.7,54.4,0,0,0,
2026-07-03,03:10:45,maceta1,97.0,93.0,80.3,82.8,81.5,0.0,0.0,16.7,51.1,0,0,0,
2026-07-03,03:10:45,maceta2,98.0,97.0,79.7,80.6,80.2,0.0,0.0,9.5,54.5,0,0,0,
2026-07-03,04:10:50,maceta1,98.0,93.0,80.1,82.6,81.4,0.0,0.0,16.7,51.1,0,0,0,
2026-07-03,04:10:50,maceta2,99.0,97.0,79.5,80.4,79.9,0.0,0.0,9.4,54.3,0,0,0,
2026-07-03,05:10:56,maceta1,98.0,93.0,79.9,82.5,81.2,0.0,0.0,16.7,51.1,0,0,0,
2026-07-03,05:10:56,maceta2,100.0,98.0,79.2,80.1,79.6,0.0,0.0,9.2,54.0,0,0,0,
2026-07-03,06:11:01,maceta1,98.0,94.0,79.7,82.2,81.0,0.0,0.0,16.7,51.1,1,0,0,
2026-07-03,06:11:01,maceta2,100.0,98.0,79.0,80.0,79.5,1.7,0.0001,9.0,53.8,0,0,0,
2026-07-03,07:11:07,maceta1,99.0,94.0,79.6,82.0,80.8,165.4,2.0896,16.7,51.1,1,0,0,
2026-07-03,07:11:07,maceta2,100.0,98.0,78.8,79.8,79.3,1615.4,1.0934,8.9,53.6,1,0,0,
2026-07-03,08:11:12,maceta1,99.0,94.0,79.4,81.9,80.6,162.1,4.1794,16.7,51.1,1,0,0,
2026-07-03,08:11:12,maceta2,101.0,99.0,78.6,79.5,79.0,1563.3,3.2776,10.7,49.0,1,0,0,
2026-07-03,09:11:18,maceta1,100.0,95.0,79.2,81.8,80.5,160.0,6.269,16.7,51.1,1,0,0,
2026-07-03,09:11:18,maceta2,101.0,99.0,78.4,79.3,78.9,1615.4,5.4648,10.7,48.1,1,0,0,
2026-07-03,10:11:23,maceta1,100.0,95.0,79.0,81.5,80.3,166.7,8.3587,16.7,51.1,1,0,0,
2026-07-03,10:11:23,maceta2,102.0,100.0,78.1,79.2,78.7,1601.7,7.6509,10.6,47.9,1,0,0,
2026-07-03,11:11:28,maceta1,100.0,96.0,78.8,81.2,80.0,169.2,10.4486,16.7,51.1,1,0,0,
2026-07-03,11:11:28,maceta2,102.0,100.0,77.9,79.0,78.4,1605.8,9.8354,10.5,47.2,1,0,0,
2026-07-03,12:11:34,maceta1,128.0,96.0,64.2,81.1,72.7,172.9,12.539,16.7,51.1,1,0,0,Discrepancia alta entre sensores de humedad
2026-07-03,12:11:34,maceta2,103.0,100.0,77.6,78.9,78.3,1569.6,12.0198,10.6,47.6,1,0,0,
2026-07-03,13:11:39,maceta1,101.0,96.0,78.4,80.9,79.6,175.8,14.6297,16.7,51.1,0,0,0,
2026-07-03,13:11:39,maceta2,103.0,100.0,77.4,78.7,78.0,1628.3,14.2061,10.6,47.7,0,0,0,
2026-07-03,14:11:45,maceta1,101.0,97.0,78.2,80.7,79.5,17.9,14.6309,16.7,51.1,0,0,0,
2026-07-03,14:11:45,maceta2,103.0,101.0,77.2,78.6,77.9,13.3,14.207,8.9,50.3,0,0,0,
2026-07-03,15:11:50,maceta1,102.0,97.0,78.1,80.4,79.3,26.7,14.6324,16.7,51.1,0,0,0,
2026-07-03,15:11:50,maceta2,104.0,101.0,76.9,78.3,77.6,19.6,14.2081,8.7,51.8,0,0,0,
2026-07-03,16:12:15,maceta1,102.0,98.0,78.0,80.2,79.1,414.6,14.6662,10.8,59.1,0,0,0,
2026-07-03,16:12:15,maceta2,104.0,101.0,76.8,78.2,77.5,170.4,14.2254,9.0,52.6,0,0,0,
2026-07-03,17:05:07,maceta1,102.0,98.0,77.8,80.0,78.9,590.4,0.0,12.8,49.0,0,0,0,
2026-07-03,17:05:07,maceta2,104.0,102.0,76.7,77.9,77.3,270.0,0.0,9.3,52.7,0,0,0,
2026-07-03,18:18:46,maceta1,103.0,128.0,77.6,64.2,70.9,176.7,1.0452,12.8,49.0,1,0,0,Discrepancia alta entre sensores de humedad
2026-07-03,18:18:46,maceta2,105.0,102.0,76.5,77.7,77.1,1603.3,1.0928,12.1,48.7,1,0,0,
2026-07-03,19:18:52,maceta1,103.0,99.0,77.3,79.6,78.5,175.0,3.1357,12.8,49.0,1,0,0,
2026-07-03,19:18:52,maceta2,105.0,103.0,76.3,77.6,76.9,1548.3,3.2755,11.7,46.2,1,0,0,
2026-07-03,20:19:07,maceta1,104.0,99.0,77.0,79.3,78.2,169.6,5.2315,12.8,49.0,1,0,0,
2026-07-03,20:19:07,maceta2,105.0,103.0,76.1,77.4,76.7,1551.7,5.4659,11.1,46.4,1,0,0,
2026-07-03,21:19:13,maceta1,104.0,100.0,76.8,79.0,77.9,166.7,7.3216,12.8,49.0,1,0,0,
2026-07-03,21:19:13,maceta2,106.0,103.0,75.8,77.2,76.5,1581.2,7.651,10.9,46.2,1,0,0,
2026-07-03,22:19:19,maceta1,128.0,100.0,64.2,78.9,71.6,175.4,9.4128,12.8,49.0,0,0,0,Discrepancia alta entre sensores de humedad
2026-07-03,22:19:19,maceta2,106.0,104.0,75.6,77.0,76.3,1562.9,9.8344,10.6,46.3,0,0,0,
2026-07-03,23:19:25,maceta1,105.0,100.0,76.6,78.7,77.7,0.0,9.4128,12.8,49.0,0,0,0,
2026-07-03,23:19:25,maceta2,107.0,104.0,75.4,76.8,76.1,0.0,9.8344,8.9,48.9,0,0,0,
2026-07-04,00:19:30,maceta1,105.0,101.0,76.4,78.6,77.5,0.0,0.0,12.8,49.0,0,0,0,
2026-07-04,00:19:30,maceta2,107.0,105.0,75.1,76.5,75.8,0.0,0.0,8.4,50.4,0,0,0,
2026-07-04,01:19:36,maceta1,105.0,101.0,76.1,78.4,77.3,0.0,0.0,12.8,49.0,0,0,0,
2026-07-04,01:19:36,maceta2,107.0,105.0,75.0,76.4,75.7,0.0,0.0,8.3,51.3,0,0,0,
2026-07-04,02:19:41,maceta1,106.0,101.0,76.0,78.2,77.1,0.0,0.0,12.8,49.0,0,0,0,
2026-07-04,02:19:41,maceta2,108.0,105.0,74.8,76.2,75.5,0.0,0.0,8.1,51.5,0,0,0,
2026-07-04,03:19:47,maceta1,106.0,102.0,75.8,77.9,76.9,0.0,0.0,12.8,49.0,0,0,0,
2026-07-04,03:19:47,maceta2,108.0,106.0,74.6,76.1,75.3,0.0,0.0,8.0,51.5,0,0,0,
2026-07-04,04:19:52,maceta1,106.0,102.0,75.7,77.6,76.7,0.0,0.0,12.8,49.0,0,0,0,
2026-07-04,04:19:52,maceta2,108.0,106.0,74.5,75.8,75.1,0.0,0.0,7.8,51.5,0,0,0,
2026-07-04,05:19:58,maceta1,107.0,103.0,75.5,77.5,76.5,0.0,0.0,12.8,49.0,0,0,0,
2026-07-04,05:19:58,maceta2,109.0,106.0,74.4,75.6,75.0,0.0,0.0,7.8,50.6,0,0,0,
2026-07-04,06:20:03,maceta1,107.0,103.0,75.4,77.2,76.3,0.0,0.0,12.8,49.0,0,0,0,
2026-07-04,06:20:03,maceta2,109.0,107.0,74.2,75.4,74.8,0.0,0.0,7.8,51.0,0,0,0,
2026-07-04,07:20:09,maceta1,107.0,104.0,75.1,77.0,76.1,0.0,0.0,12.8,49.0,0,0,0,
2026-07-04,07:20:09,maceta2,109.0,107.0,74.1,75.2,74.7,0.0,0.0,7.8,51.0,0,0,0,
2026-07-04,08:20:14,maceta1,108.0,104.0,74.9,76.9,75.9,0.0,0.0,12.8,49.0,0,0,0,
2026-07-04,08:20:14,maceta2,109.0,108.0,74.0,75.0,74.5,0.0,0.0,7.6,50.9,0,0,0,
2026-07-04,09:20:20,maceta1,108.0,104.0,74.7,76.8,75.7,6.7,0.0003,12.8,49.0,0,0,0,
2026-07-04,09:20:20,maceta2,110.0,108.0,73.8,74.8,74.3,3.8,0.0002,7.6,51.0,0,0,0,
2026-07-04,10:20:25,maceta1,109.0,105.0,74.4,76.5,75.5,29.2,0.0017,12.8,49.0,0,0,0,
2026-07-04,10:20:25,maceta2,110.0,108.0,73.6,74.5,74.0,16.7,0.0009,7.6,51.6,0,0,0,
2026-07-04,11:20:30,maceta1,128.0,105.0,64.2,76.4,70.3,31.7,0.0036,12.8,49.0,0,0,0,Discrepancia alta entre sensores de humedad
2026-07-04,11:20:30,maceta2,111.0,109.0,73.4,74.4,73.9,17.9,0.002,7.8,51.1,0,0,0,
2026-07-04,12:19:09,maceta1,109.0,105.0,74.1,76.3,75.2,659.6,0.0,12.7,48.6,0,0,0,
2026-07-04,12:19:09,maceta2,111.0,109.0,73.2,74.1,73.7,350.4,0.0,8.7,54.2,0,0,0,
2026-07-04,13:13:12,maceta1,110.0,106.0,73.9,76.0,74.9,740.8,1.6632,13.7,48.1,1,1,0,
2026-07-04,13:13:12,maceta2,112.0,110.0,72.9,73.9,73.4,2125.4,1.7354,10.0,56.7,1,1,0,
2026-07-04,14:07:45,maceta1,110.0,106.0,73.6,75.8,74.7,30.0,0.001,13.7,48.1,0,0,0,
2026-07-04,14:07:45,maceta2,112.0,110.0,72.7,73.7,73.2,18.8,0.0006,10.9,55.5,0,0,0,
2026-07-04,15:07:51,maceta1,110.0,106.0,73.5,75.6,74.5,26.7,0.003,13.7,48.1,1,0,0,
2026-07-04,15:07:51,maceta2,112.0,110.0,72.5,73.5,73.0,19.2,0.0019,9.4,53.8,0,0,0,
2026-07-04,16:07:56,maceta1,111.0,107.0,73.2,75.4,74.3,179.6,2.094,13.7,48.1,1,0,0,
2026-07-04,16:07:56,maceta2,113.0,111.0,72.3,73.3,72.8,1595.8,1.0951,9.0,54.5,1,0,0,
2026-07-04,17:08:02,maceta1,111.0,107.0,73.0,75.2,74.1,173.3,4.1842,13.7,48.1,1,0,0,
2026-07-04,17:08:02,maceta2,113.0,111.0,72.1,73.0,72.6,1545.4,3.2767,11.0,46.5,1,0,0,
2026-07-04,18:08:07,maceta1,112.0,108.0,72.7,75.0,73.9,160.0,6.2737,13.7,48.1,1,0,0,
2026-07-04,18:08:07,maceta2,113.0,112.0,72.0,72.8,72.4,1525.4,5.4594,11.0,47.0,1,0,0,
2026-07-04,19:08:12,maceta1,112.0,108.0,72.6,74.9,73.8,160.4,8.363,13.7,48.1,1,0,0,
2026-07-04,19:08:12,maceta2,113.0,112.0,71.9,72.6,72.2,1536.7,7.6425,10.9,47.2,1,0,0,
2026-07-04,20:08:19,maceta1,112.0,108.0,72.5,74.6,73.6,160.0,10.4525,13.7,48.1,1,0,0,
2026-07-04,20:08:19,maceta2,114.0,112.0,71.6,72.4,72.0,1566.2,9.8246,10.9,47.8,1,0,0,
2026-07-04,21:08:24,maceta1,112.0,109.0,72.4,74.4,73.4,160.0,12.542,13.7,48.1,1,0,0,
2026-07-04,21:08:24,maceta2,114.0,113.0,71.4,72.2,71.8,1577.1,12.0069,10.7,48.3,1,0,0,
2026-07-04,22:08:29,maceta1,113.0,109.0,72.1,74.3,73.2,160.0,14.6314,13.7,48.1,0,0,0,
2026-07-04,22:08:29,maceta2,115.0,113.0,71.1,72.0,71.6,1510.4,14.1865,10.7,48.5,0,0,0,
2026-07-04,23:08:35,maceta1,113.0,109.0,71.9,74.0,73.0,0.0,14.6314,13.7,48.1,0,0,0,
2026-07-04,23:08:35,maceta2,115.0,113.0,70.9,71.9,71.4,0.0,14.1865,9.1,51.8,0,0,0,
2026-07-05,00:08:40,maceta1,114.0,110.0,71.8,73.9,72.8,0.0,0.0,13.7,48.1,0,0,0,
2026-07-05,00:08:40,maceta2,116.0,114.0,70.6,71.6,71.1,0.0,0.0,8.8,53.4,0,0,0,
2026-07-05,01:08:46,maceta1,114.0,110.0,71.6,73.8,72.7,0.0,0.0,13.7,48.1,0,0,0,
2026-07-05,01:08:46,maceta2,116.0,114.0,70.4,71.4,70.9,0.0,0.0,8.7,55.0,0,0,0,
2026-07-05,02:08:51,maceta1,114.0,110.0,71.3,73.5,72.4,0.0,0.0,13.7,48.1,0,0,0,
2026-07-05,02:08:51,maceta2,117.0,115.0,70.2,71.1,70.7,0.0,0.0,8.6,54.9,0,0,0,
2026-07-05,03:08:57,maceta1,115.0,111.0,71.1,73.3,72.2,0.0,0.0,13.7,48.1,0,0,0,
2026-07-05,03:08:57,maceta2,117.0,115.0,70.1,70.9,70.5,0.0,0.0,8.6,55.0,0,0,0,
2026-07-05,04:09:02,maceta1,115.0,111.0,70.8,73.1,72.0,0.0,0.0,13.7,48.1,0,0,0,
2026-07-05,04:09:02,maceta2,117.0,116.0,70.0,70.6,70.3,0.0,0.0,8.6,55.4,0,0,0,
2026-07-05,05:09:07,maceta1,116.0,111.0,70.6,72.9,71.7,0.0,0.0,13.7,48.1,0,0,0,
2026-07-05,05:09:07,maceta2,118.0,116.0,69.7,70.4,70.0,0.0,0.0,8.5,55.7,0,0,0,
2026-07-05,06:09:13,maceta1,116.0,112.0,70.3,72.6,71.5,0.0,0.0,13.7,48.1,0,0,0,
2026-07-05,06:09:13,maceta2,118.0,117.0,69.6,70.2,69.9,0.0,0.0,8.4,56.5,0,0,0,
2026-07-05,07:09:18,maceta1,117.0,112.0,70.1,72.5,71.3,0.0,0.0,13.7,48.1,0,0,0,
2026-07-05,07:09:18,maceta2,118.0,117.0,69.5,70.0,69.8,0.0,0.0,8.3,56.8,0,0,0,
2026-07-05,08:09:24,maceta1,117.0,113.0,70.0,72.3,71.2,0.0,0.0,13.7,48.1,0,0,0,
2026-07-05,08:09:24,maceta2,118.0,117.0,69.3,69.8,69.5,0.0,0.0,8.2,57.1,0,0,0,
2026-07-05,09:09:29,maceta1,118.0,113.0,69.7,72.1,70.9,5.4,0.0002,13.7,48.1,0,0,0,
2026-07-05,09:09:29,maceta2,119.0,118.0,69.1,69.6,69.4,3.8,0.0002,8.2,57.7,0,0,0,
2026-07-05,10:09:34,maceta1,118.0,113.0,69.6,71.9,70.7,29.6,0.0015,13.7,48.1,0,0,0,
2026-07-05,10:09:34,maceta2,119.0,118.0,69.0,69.4,69.2,19.6,0.001,8.2,57.9,0,0,0,
2026-07-05,11:09:40,maceta1,118.0,114.0,69.4,71.7,70.6,45.8,0.0043,13.7,48.1,0,0,0,
2026-07-05,11:09:40,maceta2,119.0,119.0,68.7,69.2,69.0,30.0,0.0028,8.4,60.4,0,0,0,
2026-07-05,12:09:46,maceta1,128.0,114.0,64.2,71.5,67.9,58.8,0.008,13.7,48.1,0,0,0,Discrepancia alta entre sensores de humedad
2026-07-05,12:09:46,maceta2,120.0,119.0,68.4,69.0,68.7,38.8,0.0053,8.5,61.3,0,0,0,
2026-07-05,13:09:52,maceta1,119.0,114.0,69.0,71.4,70.2,65.0,0.0123,13.7,48.1,0,0,0,
2026-07-05,13:09:52,maceta2,121.0,119.0,68.2,68.7,68.4,42.5,0.0081,8.6,62.5,0,0,0,
2026-07-05,14:09:57,maceta1,119.0,115.0,68.8,71.1,70.0,59.2,0.0164,13.7,48.1,0,0,0,
2026-07-05,14:09:57,maceta2,121.0,120.0,68.0,68.4,68.2,39.2,0.0108,8.8,63.9,0,0,0,
2026-07-05,15:10:04,maceta1,120.0,115.0,68.6,70.8,69.7,15.0,0.0184,13.7,48.1,1,0,0,
2026-07-05,15:10:04,maceta2,121.0,120.0,67.9,68.2,68.0,12.1,0.0123,9.0,64.1,0,0,0,
2026-07-05,16:10:10,maceta1,120.0,116.0,68.4,70.7,69.5,176.7,2.1089,13.7,48.1,1,0,0,
2026-07-05,16:10:10,maceta2,121.0,121.0,67.7,67.9,67.8,1601.7,1.1056,11.5,57.8,1,0,0,
2026-07-05,17:10:15,maceta1,121.0,116.0,68.2,70.5,69.3,167.1,4.1987,13.7,48.1,1,0,0,
2026-07-05,17:10:15,maceta2,122.0,121.0,67.4,67.6,67.5,1605.0,3.2923,11.9,57.4,1,0,0,
2026-07-05,18:10:21,maceta1,121.0,116.0,68.0,70.4,69.2,157.5,6.2886,13.7,48.1,1,0,0,
2026-07-05,18:10:21,maceta2,122.0,122.0,67.2,67.5,67.3,1610.0,5.4789,12.1,56.5,1,0,0,
2026-07-05,19:10:27,maceta1,121.0,117.0,67.8,70.2,69.0,160.0,8.3778,13.7,48.1,1,0,0,
2026-07-05,19:10:27,maceta2,123.0,122.0,67.1,67.3,67.2,1560.8,7.6618,12.2,52.1,1,0,0,
2026-07-05,20:10:32,maceta1,121.0,117.0,67.7,70.1,68.9,155.0,10.4668,13.7,48.1,1,0,0,
2026-07-05,20:10:32,maceta2,123.0,123.0,66.9,67.1,67.0,1582.5,9.8444,11.9,51.1,1,0,0,
2026-07-05,21:10:38,maceta1,122.0,117.0,67.4,69.9,68.6,160.4,12.5562,13.7,48.1,1,0,0,
2026-07-05,21:10:38,maceta2,123.0,123.0,66.8,66.8,66.8,1533.8,12.0272,11.6,51.3,1,0,0,
2026-07-05,22:10:44,maceta1,122.0,118.0,67.3,69.7,68.5,162.1,14.6461,13.7,48.1,0,0,0,
2026-07-05,22:10:44,maceta2,124.0,124.0,66.5,66.5,66.5,1586.7,14.2109,11.5,51.6,0,0,0,
2026-07-05,23:10:50,maceta1,123.0,118.0,67.0,69.6,68.3,0.0,14.6461,13.7,48.1,0,0,0,
2026-07-05,23:10:50,maceta2,124.0,124.0,66.4,66.2,66.3,0.0,14.2109,9.6,54.5,0,0,0,
2026-07-06,00:10:56,maceta1,123.0,118.0,66.7,69.3,68.0,0.0,0.0,13.7,48.1,0,0,0,
2026-07-06,00:10:56,maceta2,124.0,125.0,66.1,66.0,66.1,0.0,0.0,9.2,55.3,0,0,0,
2026-07-06,01:11:01,maceta1,124.0,119.0,66.6,69.1,67.8,0.0,0.0,13.7,48.1,0,0,0,
2026-07-06,01:11:01,maceta2,125.0,125.0,65.9,65.8,65.8,0.0,0.0,8.9,55.2,0,0,0,
2026-07-06,02:11:07,maceta1,124.0,119.0,66.4,68.8,67.6,0.0,0.0,13.7,48.1,0,0,0,
2026-07-06,02:11:07,maceta2,125.0,125.0,65.8,65.6,65.7,0.0,0.0,8.6,54.6,0,0,0,
2026-07-06,03:11:12,maceta1,124.0,120.0,66.2,68.6,67.4,0.0,0.0,13.7,48.1,0,0,0,
2026-07-06,03:11:12,maceta2,125.0,126.0,65.6,65.5,65.5,0.0,0.0,8.5,54.7,0,0,0,
2026-07-06,04:11:18,maceta1,124.0,120.0,66.1,68.4,67.2,0.0,0.0,13.7,48.1,0,0,0,
2026-07-06,04:11:18,maceta2,126.0,126.0,65.4,65.3,65.4,0.0,0.0,8.3,54.5,0,0,0,
2026-07-06,05:11:23,maceta1,125.0,120.0,65.9,68.2,67.1,0.0,0.0,13.7,48.1,0,0,0,
2026-07-06,05:11:23,maceta2,126.0,126.0,65.3,65.2,65.3,0.0,0.0,8.1,54.7,0,0,0,
2026-07-06,06:11:34,maceta1,125.0,121.0,65.8,68.0,66.9,0.0,0.0,13.7,48.1,0,0,0,
2026-07-06,06:11:34,maceta2,126.0,126.0,65.0,65.0,65.0,0.0,0.0,7.9,54.5,0,0,0,
2026-07-06,07:11:40,maceta1,128.0,121.0,64.2,67.9,66.1,0.0,0.0,13.7,48.1,0,0,0,Discrepancia alta entre sensores de humedad
2026-07-06,07:11:40,maceta2,127.0,127.0,64.7,64.8,64.8,0.0,0.0,7.6,54.4,0,0,0,
2026-07-06,08:11:45,maceta1,126.0,121.0,65.3,67.8,66.6,0.0,0.0,13.7,48.1,0,0,0,
2026-07-06,08:11:45,maceta2,127.0,127.0,64.6,64.6,64.6,0.0,0.0,7.5,54.6,0,0,0,
2026-07-06,09:11:53,maceta1,126.0,121.0,65.1,67.6,66.4,13.3,0.0005,13.7,48.1,0,0,0,
2026-07-06,09:11:53,maceta2,128.0,127.0,64.4,64.5,64.4,9.2,0.0003,7.4,54.7,0,0,0,Discrepancia alta entre sensores de humedad
2026-07-06,10:11:58,maceta1,127.0,122.0,64.9,67.5,66.2,30.0,0.0022,13.7,48.1,0,0,0,
2026-07-06,10:11:58,maceta2,128.0,128.0,64.1,64.4,64.2,20.0,0.0015,7.5,55.4,0,0,0,Discrepancia alta entre sensores de humedad
2026-07-06,11:12:04,maceta1,127.0,122.0,64.6,67.3,66.0,46.7,0.005,13.7,48.1,0,0,0,
2026-07-06,11:12:04,maceta2,129.0,128.0,63.9,64.1,64.0,30.4,0.0034,7.8,59.8,0,0,0,Discrepancia alta entre sensores de humedad
2026-07-06,12:12:09,maceta1,128.0,122.0,64.4,67.2,65.8,59.6,0.0088,13.7,48.1,0,0,0,Discrepancia alta entre sensores de humedad
2026-07-06,12:12:09,maceta2,129.0,128.0,63.8,64.0,63.9,39.2,0.0058,8.1,61.1,0,0,0,Discrepancia alta entre sensores de humedad
2026-07-06,13:12:15,maceta1,128.0,123.0,64.1,66.9,65.5,65.4,0.0131,13.7,48.1,0,0,0,Discrepancia alta entre sensores de humedad
2026-07-06,13:12:15,maceta2,129.0,129.0,63.5,63.8,63.7,42.9,0.0087,8.4,62.8,0,0,0,
2026-07-06,14:12:20,maceta1,128.0,123.0,64.0,66.7,65.3,60.0,0.0173,13.7,48.1,0,0,0,Discrepancia alta entre sensores de humedad
2026-07-06,14:12:20,maceta2,130.0,129.0,63.4,63.5,63.5,39.6,0.0114,8.6,63.5,0,0,0,
2026-07-06,15:12:26,maceta1,129.0,124.0,63.7,66.5,65.1,14.2,0.0191,13.7,48.1,1,0,0,
2026-07-06,15:12:26,maceta2,130.0,130.0,63.3,63.3,63.3,11.2,0.0128,8.8,62.0,0,0,0,
2026-07-06,16:12:31,maceta1,129.0,124.0,63.5,66.3,64.9,180.8,2.1096,13.7,48.1,1,0,0,
2026-07-06,16:12:31,maceta2,130.0,130.0,63.0,63.1,63.1,1600.4,1.106,8.9,61.1,1,0,0,
2026-07-06,17:12:37,maceta1,130.0,124.0,63.4,66.1,64.7,171.7,4.1995,13.7,48.1,1,0,0,
2026-07-06,17:12:37,maceta2,131.0,130.0,62.9,63.0,62.9,1615.4,3.2919,11.9,58.5,1,0,0,
2026-07-06,18:12:43,maceta1,130.0,125.0,63.1,65.8,64.5,162.9,6.2894,13.7,48.1,1,0,0,
2026-07-06,18:12:43,maceta2,131.0,131.0,62.7,62.9,62.8,1612.9,5.4786,12.1,58.8,1,0,0,
2026-07-06,19:12:48,maceta1,130.0,125.0,62.9,65.7,64.3,162.5,8.3788,13.7,48.1,1,0,0,
2026-07-06,19:12:48,maceta2,131.0,131.0,62.5,62.8,62.6,1555.4,7.6637,12.3,59.8,1,0,0,
2026-07-06,20:12:54,maceta1,131.0,126.0,62.7,65.4,64.0,162.5,10.4682,13.7,48.1,1,0,0,
2026-07-06,20:12:54,maceta2,132.0,131.0,62.3,62.5,62.4,1584.6,9.8472,12.4,56.4,1,0,0,
2026-07-06,21:12:59,maceta1,131.0,126.0,62.4,65.1,63.8,160.0,12.5578,13.7,48.1,1,0,0,
2026-07-06,21:12:59,maceta2,132.0,132.0,62.0,62.3,62.1,1541.2,12.0296,12.5,53.3,1,0,0,
2026-07-06,22:13:06,maceta1,132.0,126.0,62.2,65.0,63.6,155.4,14.6478,13.7,48.1,0,0,0,
2026-07-06,22:13:06,maceta2,132.0,132.0,61.9,62.0,61.9,1544.6,14.213,12.4,50.3,0,0,0,
2026-07-06,23:13:11,maceta1,132.0,127.0,62.1,64.7,63.4,0.0,14.6478,13.7,48.1,0,0,0,
2026-07-06,23:13:11,maceta2,133.0,133.0,61.7,61.8,61.7,0.0,14.213,10.2,57.6,0,0,0,
2026-07-07,00:13:17,maceta1,132.0,127.0,61.8,64.6,63.2,0.0,0.0,13.7,48.1,0,0,0,
2026-07-07,00:13:17,maceta2,133.0,133.0,61.5,61.6,61.5,0.0,0.0,9.6,56.2,0,0,0,
2026-07-07,01:13:22,maceta1,133.0,128.0,61.7,64.4,63.1,0.0,0.0,13.7,48.1,0,0,0,Discrepancia alta entre sensores de humedad
2026-07-07,01:13:22,maceta2,133.0,133.0,61.3,61.4,61.4,0.0,0.0,9.3,54.1,0,0,0,
2026-07-07,02:13:28,maceta1,133.0,128.0,61.6,64.3,62.9,0.0,0.0,13.7,48.1,0,0,0,Discrepancia alta entre sensores de humedad
2026-07-07,02:13:28,maceta2,134.0,134.0,61.2,61.2,61.2,0.0,0.0,9.1,53.3,0,0,0,
2026-07-07,03:13:33,maceta1,133.0,128.0,61.4,64.0,62.7,0.0,0.0,13.7,48.1,0,0,0,Discrepancia alta entre sensores de humedad
2026-07-07,03:13:33,maceta2,134.0,134.0,60.9,61.0,60.9,0.0,0.0,8.9,52.8,0,0,0,
2026-07-07,04:13:39,maceta1,134.0,129.0,61.2,63.9,62.5,0.0,0.0,13.7,48.1,0,0,0,
2026-07-07,04:13:39,maceta2,135.0,134.0,60.6,60.9,60.8,0.0,0.0,8.7,52.9,0,0,0,
2026-07-07,05:13:44,maceta1,134.0,129.0,60.9,63.7,62.3,0.0,0.0,13.7,48.1,0,0,0,
2026-07-07,05:13:44,maceta2,135.0,135.0,60.5,60.7,60.6,0.0,0.0,8.5,53.4,0,0,0,
2026-07-07,06:13:50,maceta1,135.0,129.0,60.8,63.5,62.1,0.0,0.0,13.7,48.1,0,0,0,
2026-07-07,06:13:50,maceta2,128.0,135.0,64.2,60.5,62.4,0.0,0.0,8.4,52.6,0,0,0,Discrepancia alta entre sensores de humedad
2026-07-07,07:13:55,maceta1,135.0,130.0,60.5,63.2,61.9,0.0,0.0,13.7,48.1,0,0,0,
2026-07-07,07:13:55,maceta2,136.0,135.0,60.1,60.4,60.3,0.0,0.0,8.4,52.6,0,0,0,
2026-07-07,08:14:01,maceta1,135.0,130.0,60.3,63.0,61.7,0.0,0.0,13.7,48.1,0,0,0,
2026-07-07,08:14:01,maceta2,136.0,135.0,59.9,60.3,60.1,0.0,0.0,8.3,53.1,0,0,0,
2026-07-07,09:14:06,maceta1,136.0,131.0,60.2,62.8,61.5,3.8,0.0002,13.7,48.1,0,0,0,
2026-07-07,09:14:06,maceta2,136.0,136.0,59.8,60.1,60.0,2.5,0.0002,8.2,53.2,0,0,0,
2026-07-07,10:14:12,maceta1,136.0,131.0,60.0,62.7,61.4,34.6,0.0022,13.7,48.1,0,0,0,
2026-07-07,10:14:12,maceta2,137.0,136.0,59.5,59.9,59.7,22.5,0.0014,8.3,55.0,0,0,0,
2026-07-07,11:14:17,maceta1,136.0,131.0,59.7,62.5,61.1,27.1,0.004,13.7,48.1,0,0,0,
2026-07-07,11:14:17,maceta2,138.0,137.0,59.2,59.7,59.4,17.9,0.0027,8.4,55.6,0,0,0,
2026-07-07,12:14:22,maceta1,137.0,132.0,59.5,62.3,60.9,60.0,0.0079,13.7,48.1,0,0,0,
2026-07-07,12:14:22,maceta2,138.0,137.0,59.1,59.5,59.3,39.2,0.0052,8.6,58.6,0,0,0,
2026-07-07,13:14:28,maceta1,137.0,132.0,59.2,62.1,60.6,69.2,0.0123,13.7,48.1,0,0,0,
2026-07-07,13:14:28,maceta2,138.0,138.0,58.9,59.2,59.0,45.0,0.008,8.8,59.9,0,0,0,
2026-07-07,14:14:43,maceta1,138.0,132.0,59.0,61.9,60.4,61.7,0.0165,13.7,48.1,0,0,0,
2026-07-07,14:14:43,maceta2,138.0,138.0,58.8,59.0,58.9,40.4,0.0108,9.1,62.2,0,0,0,
2026-07-07,15:14:50,maceta1,138.0,133.0,58.9,61.6,60.2,15.4,0.0183,13.7,48.1,1,0,0,
2026-07-07,15:14:50,maceta2,139.0,138.0,58.6,58.8,58.7,10.8,0.0121,9.2,61.2,0,0,0,
2026-07-07,16:14:55,maceta1,138.0,133.0,58.7,61.5,60.1,182.5,2.1086,13.7,48.1,1,0,0,
2026-07-07,16:14:55,maceta2,139.0,139.0,58.4,58.6,58.5,1586.2,1.1047,9.4,62.3,1,0,0,
2026-07-07,17:15:01,maceta1,139.0,133.0,58.5,61.4,59.9,163.3,4.1984,13.7,48.1,1,0,0,
2026-07-07,17:15:01,maceta2,139.0,139.0,58.2,58.5,58.3,1602.1,3.2903,12.5,63.0,1,0,0,
2026-07-07,18:15:06,maceta1,139.0,128.0,58.2,64.2,61.2,164.2,6.2881,13.7,48.1,1,0,0,Discrepancia alta entre sensores de humedad
2026-07-07,18:15:06,maceta2,140.0,139.0,58.0,58.2,58.1,1557.1,5.4752,12.7,58.8,1,0,0,
2026-07-07,19:15:12,maceta1,140.0,134.0,57.9,60.9,59.4,156.2,8.3777,13.7,48.1,1,0,0,
2026-07-07,19:15:12,maceta2,140.0,140.0,57.8,57.9,57.8,1559.6,7.6603,12.9,61.1,1,0,0,
2026-07-07,20:15:18,maceta1,140.0,135.0,57.8,60.6,59.2,154.6,10.4671,13.7,48.1,1,0,0,
2026-07-07,20:15:18,maceta2,141.0,140.0,57.5,57.7,57.6,1591.7,9.8461,13.0,60.4,1,0,0,
2026-07-07,21:15:24,maceta1,141.0,135.0,57.6,60.3,59.0,160.0,12.5566,13.7,48.1,1,0,0,
2026-07-07,21:15:24,maceta2,141.0,141.0,57.3,57.6,57.4,1585.4,12.0299,13.1,59.5,1,0,0,
2026-07-07,22:15:30,maceta1,141.0,136.0,57.3,60.1,58.7,153.8,14.6458,13.7,48.1,0,0,0,
2026-07-07,22:15:30,maceta2,142.0,141.0,57.1,57.3,57.2,1582.1,14.2139,13.2,59.7,0,0,0,
2026-07-07,23:15:35,maceta1,141.0,136.0,57.2,59.9,58.5,0.0,14.6458,13.7,48.1,0,0,0,
2026-07-07,23:15:35,maceta2,142.0,142.0,57.0,57.0,57.0,0.0,14.2139,11.1,62.2,0,0,0,
2026-07-08,00:15:40,maceta1,142.0,137.0,56.9,59.7,58.3,0.0,0.0,13.7,48.1,0,0,0,
2026-07-08,00:15:40,maceta2,142.0,142.0,56.8,56.8,56.8,0.0,0.0,10.3,62.7,0,0,0,
2026-07-08,01:15:46,maceta1,142.0,137.0,56.8,59.5,58.1,0.0,0.0,13.7,48.1,0,0,0,
2026-07-08,01:15:46,maceta2,143.0,143.0,56.6,56.5,56.5,0.0,0.0,10.2,60.2,0,0,0,
2026-07-08,02:15:51,maceta1,143.0,137.0,56.5,59.3,57.9,0.0,0.0,13.7,48.1,0,0,0,
2026-07-08,02:15:51,maceta2,143.0,143.0,56.3,56.3,56.3,0.0,0.0,10.2,55.7,0,0,0,
2026-07-08,03:15:57,maceta1,128.0,138.0,64.2,59.2,61.7,0.0,0.0,13.7,48.1,0,0,0,Discrepancia alta entre sensores de humedad
2026-07-08,03:15:57,maceta2,143.0,143.0,56.2,56.1,56.2,0.0,0.0,10.2,56.7,0,0,0,
2026-07-08,04:16:02,maceta1,144.0,138.0,56.0,58.9,57.4,0.0,0.0,13.7,48.1,0,0,0,
2026-07-08,04:16:02,maceta2,143.0,144.0,56.1,55.8,56.0,0.0,0.0,10.1,56.7,0,0,0,
2026-07-08,05:16:08,maceta1,144.0,139.0,55.9,58.7,57.3,0.0,0.0,13.7,48.1,0,0,0,
2026-07-08,05:16:08,maceta2,144.0,144.0,55.9,55.6,55.7,0.0,0.0,10.0,56.2,0,0,0,
2026-07-08,06:16:13,maceta1,144.0,139.0,55.6,58.4,57.0,0.0,0.0,13.7,48.1,0,0,0,
2026-07-08,06:16:13,maceta2,144.0,145.0,55.8,55.5,55.6,0.0,0.0,10.0,57.1,0,0,0,
2026-07-08,07:16:19,maceta1,145.0,139.0,55.4,58.2,56.8,0.0,0.0,13.7,48.1,0,0,0,
2026-07-08,07:16:19,maceta2,144.0,145.0,55.5,55.4,55.5,0.0,0.0,9.9,54.3,0,0,0,
2026-07-08,08:16:24,maceta1,145.0,140.0,55.2,58.0,56.6,0.0,0.0,13.7,48.1,0,0,0,
2026-07-08,08:16:24,maceta2,145.0,145.0,55.4,55.3,55.3,0.0,0.0,9.8,56.5,0,0,0,
2026-07-08,09:16:30,maceta1,146.0,140.0,55.0,57.8,56.4,8.3,0.0004,13.7,48.1,0,0,0,
2026-07-08,09:16:30,maceta2,145.0,145.0,55.1,55.0,55.1,5.4,0.0003,9.7,55.9,0,0,0,
2026-07-08,10:16:35,maceta1,146.0,141.0,54.7,57.5,56.1,40.4,0.0022,13.7,48.1,0,0,0,
2026-07-08,10:16:35,maceta2,146.0,146.0,55.0,54.8,54.9,26.7,0.0015,9.8,57.2,0,0,0,
2026-07-08,11:16:41,maceta1,146.0,141.0,54.5,57.3,55.9,30.8,0.0044,13.7,48.1,0,0,0,
2026-07-08,11:16:41,maceta2,146.0,146.0,54.8,54.6,54.7,20.0,0.0029,9.9,63.2,0,0,0,
2026-07-08,12:16:46,maceta1,147.0,142.0,54.2,57.0,55.6,57.9,0.0082,13.7,48.1,0,0,0,
2026-07-08,12:16:46,maceta2,146.0,147.0,54.6,54.5,54.5,37.9,0.0054,10.1,63.4,0,0,0,
2026-07-08,13:16:52,maceta1,147.0,142.0,54.0,56.8,55.4,63.8,0.0124,13.7,48.1,0,0,0,
2026-07-08,13:16:52,maceta2,147.0,147.0,54.4,54.3,54.4,41.7,0.0081,10.4,68.2,0,0,0,
2026-07-08,14:16:57,maceta1,148.0,142.0,53.7,56.6,55.2,21.7,0.015,13.7,48.1,0,0,0,
2026-07-08,14:16:57,maceta2,147.0,147.0,54.2,54.1,54.1,14.6,0.0099,10.7,70.3,0,0,0,
2026-07-08,15:17:03,maceta1,148.0,143.0,53.5,56.5,55.0,170.8,1.0616,13.7,48.1,0,0,0,
2026-07-08,15:17:03,maceta2,147.0,147.0,54.0,54.0,54.0,9.6,0.0114,10.9,70.0,1,0,0,
2026-07-08,16:17:08,maceta1,149.0,143.0,53.3,56.4,54.8,179.6,2.1078,13.7,48.1,1,0,0,
2026-07-08,16:17:08,maceta2,148.0,148.0,53.9,53.7,53.8,17.5,1.1057,13.6,65.8,1,0,0,
2026-07-08,17:17:14,maceta1,149.0,143.0,53.1,56.2,54.6,165.4,4.198,13.7,48.1,1,0,0,
2026-07-08,17:17:14,maceta2,148.0,148.0,53.8,53.4,53.6,1570.0,3.2905,14.1,67.3,1,0,0,
2026-07-08,18:17:19,maceta1,149.0,144.0,53.0,56.0,54.5,160.0,6.2877,13.7,48.1,1,0,0,
2026-07-08,18:17:19,maceta2,148.0,149.0,53.5,53.3,53.4,1607.5,5.4756,14.7,66.0,1,0,0,
2026-07-08,19:17:25,maceta1,150.0,144.0,52.9,55.9,54.4,737.1,8.3964,13.7,48.1,1,0,0,
2026-07-08,19:17:25,maceta2,149.0,149.0,53.4,53.1,53.3,1890.0,7.6709,14.9,66.4,1,0,0,
2026-07-08,20:17:30,maceta1,150.0,144.0,52.6,55.7,54.1,134.2,10.4841,13.7,48.1,1,0,0,
2026-07-08,20:17:30,maceta2,149.0,150.0,53.2,52.9,53.0,1605.0,9.8568,15.3,65.3,1,0,0,
2026-07-08,21:17:36,maceta1,150.0,145.0,52.5,55.5,54.0,131.2,12.5715,13.7,48.1,1,0,0,
2026-07-08,21:17:36,maceta2,149.0,150.0,53.0,52.7,52.8,1587.1,12.0424,15.3,65.0,1,0,0,
2026-07-08,22:17:41,maceta1,151.0,145.0,52.2,55.3,53.8,125.4,14.6588,13.7,48.1,0,0,0,
2026-07-08,22:17:41,maceta2,150.0,150.0,52.8,52.4,52.6,1555.0,14.225,15.4,65.6,0,0,0,
2026-07-08,23:17:47,maceta1,151.0,145.0,52.0,55.2,53.6,0.0,14.6588,13.7,48.1,0,0,0,
2026-07-08,23:17:47,maceta2,150.0,151.0,52.6,52.2,52.4,0.0,14.225,13.1,69.0,0,0,0,
2026-07-09,00:17:52,maceta1,151.0,145.0,51.9,55.0,53.4,0.0,0.0,13.7,48.1,0,0,0,
2026-07-09,00:17:52,maceta2,151.0,151.0,52.3,52.0,52.1,0.0,0.0,12.4,71.3,0,0,0,
2026-07-09,01:17:58,maceta1,152.0,146.0,51.7,54.8,53.2,0.0,0.0,13.7,48.1,0,0,0,
2026-07-09,01:17:58,maceta2,151.0,152.0,52.1,51.7,51.9,0.0,0.0,12.2,69.7,0,0,0,
2026-07-09,02:18:03,maceta1,152.0,146.0,51.4,54.5,53.0,0.0,0.0,13.7,48.1,0,0,0,
2026-07-09,02:18:03,maceta2,152.0,152.0,51.8,51.5,51.7,0.0,0.0,12.2,68.4,0,0,0,
2026-07-09,03:18:08,maceta1,153.0,147.0,51.2,54.3,52.8,0.0,0.0,13.7,48.1,0,0,0,
2026-07-09,03:18:08,maceta2,152.0,152.0,51.7,51.4,51.5,0.0,0.0,12.1,68.9,0,0,0,
2026-07-09,04:18:14,maceta1,153.0,147.0,51.0,54.2,52.6,0.0,0.0,13.7,48.1,0,0,0,
2026-07-09,04:18:14,maceta2,152.0,153.0,51.4,51.2,51.3,0.0,0.0,12.0,68.2,0,0,0,
2026-07-09,05:18:19,maceta1,154.0,147.0,50.8,54.1,52.4,0.0,0.0,13.7,48.1,0,0,0,
2026-07-09,05:18:19,maceta2,153.0,153.0,51.2,51.0,51.1,0.0,0.0,11.9,67.6,0,0,0,
2026-07-09,06:18:25,maceta1,154.0,128.0,50.7,64.2,57.4,0.0,0.0,13.7,48.1,0,0,0,Discrepancia alta entre sensores de humedad
2026-07-09,06:18:25,maceta2,153.0,153.0,51.0,50.8,50.9,0.0,0.0,11.9,67.1,0,0,0,
2026-07-09,07:18:30,maceta1,154.0,148.0,50.4,53.5,52.0,0.0,0.0,13.7,48.1,0,0,0,
2026-07-09,07:18:30,maceta2,154.0,154.0,50.8,50.6,50.7,0.0,0.0,11.8,65.9,0,0,0,
2026-07-09,08:18:36,maceta1,155.0,149.0,50.2,53.4,51.8,0.0,0.0,13.7,48.1,0,0,0,
2026-07-09,08:18:36,maceta2,154.0,154.0,50.6,50.5,50.6,0.0,0.0,11.7,64.3,0,0,0,
2026-07-09,09:18:41,maceta1,155.0,149.0,50.1,53.2,51.7,9.6,0.0004,13.7,48.1,0,0,0,
2026-07-09,09:18:41,maceta2,154.0,154.0,50.3,50.3,50.3,6.7,0.0003,11.5,63.5,0,0,0,
2026-07-09,10:18:47,maceta1,155.0,149.0,49.9,53.0,51.4,27.1,0.0021,13.7,48.1,0,0,1,
2026-07-09,10:18:47,maceta2,155.0,155.0,50.2,50.0,50.1,18.3,0.0014,11.5,65.5,0,0,0,
2026-07-09,11:18:52,maceta1,87.0,89.0,85.7,84.8,85.3,47.9,0.0051,13.7,48.1,0,0,0,
2026-07-09,11:18:52,maceta2,155.0,155.0,49.9,49.7,49.8,31.7,0.0034,11.7,66.2,0,0,1,
2026-07-09,12:18:58,maceta1,88.0,89.0,85.5,84.6,85.0,59.2,0.0089,13.7,48.1,0,0,0,
2026-07-09,12:18:58,maceta2,84.0,86.0,87.3,86.3,86.8,39.2,0.0059,11.9,66.6,0,0,0,
2026-07-09,13:19:03,maceta1,88.0,90.0,85.3,84.5,84.9,66.2,0.0133,13.7,48.1,0,0,0,
2026-07-09,13:19:03,maceta2,85.0,86.0,87.0,86.1,86.5,43.8,0.0088,12.1,67.0,0,0,0,
2026-07-09,14:19:09,maceta1,88.0,90.0,85.1,84.2,84.7,60.0,0.0174,13.7,48.1,0,0,0,
2026-07-09,14:19:09,maceta2,85.0,87.0,86.7,85.9,86.3,40.0,0.0115,12.1,67.6,0,0,0,
2026-07-09,15:19:14,maceta1,88.0,90.0,85.0,84.1,84.5,137.9,1.0618,13.7,48.1,1,0,0,
2026-07-09,15:19:14,maceta2,85.0,87.0,86.6,85.6,86.1,10.8,0.0123,12.3,67.0,1,0,0,
2026-07-09,16:19:20,maceta1,89.0,90.0,84.9,84.0,84.4,141.2,3.1501,13.7,48.1,1,0,0,
2026-07-09,16:19:20,maceta2,86.0,88.0,86.3,85.4,85.8,1570.4,2.1949,15.0,65.5,1,0,0,
2026-07-09,17:19:25,maceta1,89.0,91.0,84.6,83.7,84.2,133.8,5.2378,13.7,48.1,1,0,0,
2026-07-09,17:19:25,maceta2,86.0,88.0,86.2,85.2,85.7,8.3,3.2875,15.6,64.8,1,0,0,
2026-07-09,18:19:31,maceta1,90.0,91.0,84.4,83.6,84.0,126.2,7.325,13.7,48.1,1,0,0,
2026-07-09,18:19:31,maceta2,86.0,89.0,86.1,85.0,85.5,1529.6,5.4681,15.4,65.9,1,0,0,
2026-07-09,19:19:37,maceta1,90.0,91.0,84.2,83.4,83.8,125.4,9.4125,13.7,48.1,1,0,0,
2026-07-09,19:19:37,maceta2,87.0,89.0,85.8,84.8,85.3,1531.7,7.6497,15.8,65.4,1,0,0,
2026-07-09,20:19:43,maceta1,90.0,92.0,84.1,83.2,83.7,126.7,11.4999,13.7,48.1,1,0,0,
2026-07-09,20:19:43,maceta2,87.0,89.0,85.6,84.6,85.1,1612.9,9.8363,15.8,65.0,1,0,0,
2026-07-09,21:19:49,maceta1,91.0,92.0,83.9,83.0,83.5,122.5,13.5869,13.7,48.1,0,0,0,
2026-07-09,21:19:49,maceta2,88.0,90.0,85.4,84.4,84.9,1562.9,12.0214,16.0,63.4,1,0,0,
2026-07-09,22:19:54,maceta1,91.0,92.0,83.7,82.9,83.3,126.7,14.6305,13.7,48.1,0,0,0,
2026-07-09,22:19:54,maceta2,88.0,90.0,85.1,84.2,84.6,1579.6,14.2051,16.0,59.4,0,0,0,
2026-07-09,23:20:00,maceta1,91.0,93.0,83.5,82.7,83.1,0.0,14.6305,13.7,48.1,0,0,0,
2026-07-09,23:20:00,maceta2,89.0,91.0,85.0,83.9,84.5,0.0,14.2051,13.7,66.7,0,0,0,
2026-07-10,00:20:05,maceta1,92.0,93.0,83.3,82.4,82.9,0.0,0.0,13.7,48.1,0,0,0,
2026-07-10,00:20:05,maceta2,89.0,91.0,84.7,83.7,84.2,0.0,0.0,12.9,65.0,0,0,0,
2026-07-10,01:20:11,maceta1,92.0,94.0,83.1,82.3,82.7,0.0,0.0,13.7,48.1,0,0,0,
2026-07-10,01:20:11,maceta2,89.0,92.0,84.5,83.4,84.0,0.0,0.0,12.8,62.8,0,0,0,
2026-07-10,02:20:16,maceta1,92.0,94.0,83.0,82.0,82.5,0.0,0.0,13.7,48.1,0,0,0,
2026-07-10,02:20:16,maceta2,90.0,92.0,84.4,83.2,83.8,0.0,0.0,12.7,62.9,0,0,0,
2026-07-10,03:20:22,maceta1,93.0,95.0,82.9,81.8,82.3,0.0,0.0,13.7,48.1,0,0,0,
2026-07-10,03:20:22,maceta2,90.0,92.0,84.3,83.1,83.7,0.0,0.0,12.5,61.3,0,0,0,
2026-07-10,04:20:27,maceta1,93.0,95.0,82.6,81.6,82.1,0.0,0.0,13.7,48.1,0,0,0,
2026-07-10,04:20:27,maceta2,90.0,93.0,84.0,82.8,83.4,0.0,0.0,12.5,60.8,0,0,0,
2026-07-10,05:20:33,maceta1,93.0,95.0,82.4,81.4,81.9,0.0,0.0,13.7,48.1,0,0,0,
2026-07-10,05:20:33,maceta2,91.0,93.0,83.9,82.6,83.3,0.0,0.0,12.2,60.1,0,0,0,
2026-07-10,06:20:38,maceta1,94.0,96.0,82.2,81.2,81.7,0.0,0.0,13.7,48.1,0,0,0,
2026-07-10,06:20:38,maceta2,91.0,93.0,83.7,82.5,83.1,0.0,0.0,12.0,58.5,0,0,0,
2026-07-10,07:20:44,maceta1,94.0,96.0,81.9,81.0,81.5,0.0,0.0,13.7,48.1,0,0,0,
2026-07-10,07:20:44,maceta2,91.0,94.0,83.4,82.2,82.8,0.0,0.0,11.9,57.2,0,0,0,
2026-07-10,08:20:49,maceta1,95.0,97.0,81.6,80.7,81.2,0.0,0.0,13.7,48.1,0,0,0,
2026-07-10,08:20:49,maceta2,92.0,94.0,83.2,82.1,82.6,0.0,0.0,11.7,59.5,0,0,0,
2026-07-10,09:20:54,maceta1,95.0,97.0,81.5,80.6,81.0,14.6,0.0006,13.7,48.1,0,0,0,
2026-07-10,09:20:54,maceta2,92.0,95.0,83.1,81.8,82.4,10.0,0.0004,11.5,56.3,0,0,0,
2026-07-10,10:21:00,maceta1,95.0,97.0,81.4,80.5,80.9,30.4,0.0023,13.7,48.1,0,0,0,
2026-07-10,10:21:00,maceta2,93.0,95.0,82.8,81.7,82.3,20.4,0.0015,11.6,61.0,0,0,0,
2026-07-10,11:21:05,maceta1,96.0,97.0,81.2,80.3,80.8,48.8,0.0053,13.7,48.1,0,0,0,
2026-07-10,11:21:05,maceta2,93.0,95.0,82.6,81.6,82.1,32.1,0.0035,11.8,66.3,0,0,0,
2026-07-10,12:21:11,maceta1,96.0,98.0,81.1,80.1,80.6,60.4,0.0091,13.7,48.1,0,0,0,
2026-07-10,12:21:11,maceta2,94.0,95.0,82.3,81.5,81.9,39.6,0.006,11.9,65.2,0,0,0,
2026-07-10,13:21:16,maceta1,96.0,98.0,80.9,80.0,80.4,66.7,0.0134,13.7,48.1,0,0,0,
2026-07-10,13:21:16,maceta2,94.0,96.0,82.0,81.3,81.7,44.2,0.0089,12.1,63.3,0,0,0,
2026-07-10,14:21:22,maceta1,97.0,98.0,80.6,79.8,80.2,57.1,0.0171,13.7,48.1,0,0,0,
2026-07-10,14:21:22,maceta2,94.0,96.0,81.9,81.2,81.5,38.3,0.0113,12.3,65.5,0,0,0,
2026-07-10,15:21:27,maceta1,97.0,99.0,80.5,79.6,80.0,135.4,1.0616,13.7,48.1,1,0,0,
2026-07-10,15:21:27,maceta2,95.0,96.0,81.7,80.9,81.3,16.2,0.0124,12.5,64.5,1,0,0,
2026-07-10,16:21:33,maceta1,98.0,99.0,80.2,79.3,79.8,140.0,3.1496,13.7,48.1,1,0,0,
2026-07-10,16:21:33,maceta2,95.0,97.0,81.4,80.7,81.1,1634.6,2.1998,15.1,61.8,1,0,0,
2026-07-10,17:21:38,maceta1,98.0,100.0,80.0,79.1,79.5,129.6,5.2372,13.7,48.1,1,0,0,
2026-07-10,17:21:38,maceta2,96.0,97.0,81.2,80.5,80.9,1551.7,4.3846,15.6,63.2,0,0,0,
2026-07-10,18:21:44,maceta1,98.0,100.0,79.8,78.9,79.4,118.8,7.324,13.7,48.1,1,0,0,
2026-07-10,18:21:44,maceta2,96.0,98.0,81.0,80.3,80.6,1607.1,5.4777,13.5,66.1,1,0,0,
2026-07-10,19:21:49,maceta1,99.0,101.0,79.6,78.7,79.1,121.2,9.4107,13.7,48.1,1,0,0,
2026-07-10,19:21:49,maceta2,97.0,98.0,80.8,80.1,80.4,1589.2,7.6631,15.8,61.3,1,0,0,
2026-07-10,20:21:54,maceta1,99.0,101.0,79.3,78.5,78.9,117.9,11.4975,13.7,48.1,1,0,0,
2026-07-10,20:21:54,maceta2,97.0,98.0,80.5,80.0,80.3,1597.5,9.8482,15.6,52.3,1,0,0,
2026-07-10,21:22:00,maceta1,100.0,101.0,79.1,78.2,78.7,121.2,13.5844,13.7,48.1,1,0,0,
2026-07-10,21:22:00,maceta2,97.0,98.0,80.3,79.8,80.1,1580.4,12.032,15.4,52.1,1,0,0,
2026-07-10,22:22:05,maceta1,100.0,102.0,79.0,77.9,78.4,117.5,15.671,13.7,48.1,0,0,0,
2026-07-10,22:22:05,maceta2,98.0,99.0,80.1,79.7,79.9,1520.4,14.2125,15.3,52.2,0,0,0,
2026-07-10,23:22:11,maceta1,101.0,102.0,78.7,77.8,78.2,0.0,15.671,13.7,48.1,0,0,0,
2026-07-10,23:22:11,maceta2,98.0,99.0,79.8,79.5,79.7,0.0,14.2125,13.3,56.6,0,0,0,
2026-07-11,00:22:16,maceta1,101.0,103.0,78.4,77.5,78.0,0.0,0.0,13.7,48.1,0,0,0,
2026-07-11,00:22:16,maceta2,99.0,99.0,79.6,79.4,79.5,0.0,0.0,12.7,60.1,0,0,0,
2026-07-11,01:22:22,maceta1,101.0,103.0,78.3,77.2,77.8,0.0,0.0,13.7,48.1,0,0,0,
2026-07-11,01:22:22,maceta2,99.0,100.0,79.4,79.2,79.3,0.0,0.0,12.6,61.4,0,0,0,
2026-07-11,02:22:27,maceta1,102.0,104.0,78.1,77.0,77.5,0.0,0.0,13.7,48.1,0,0,0,
2026-07-11,02:22:27,maceta2,100.0,100.0,79.2,78.9,79.1,0.0,0.0,12.5,60.5,0,0,0,
2026-07-11,03:22:33,maceta1,102.0,104.0,77.9,76.7,77.3,0.0,0.0,13.7,48.1,0,0,0,
2026-07-11,03:22:33,maceta2,100.0,101.0,78.9,78.7,78.8,0.0,0.0,12.5,60.4,0,0,0,
2026-07-11,04:22:38,maceta1,102.0,104.0,77.8,76.6,77.2,0.0,0.0,13.7,48.1,0,0,0,
2026-07-11,04:22:38,maceta2,100.0,101.0,78.8,78.4,78.6,0.0,0.0,12.3,59.8,0,0,0,
2026-07-11,05:22:43,maceta1,103.0,105.0,77.5,76.5,77.0,0.0,0.0,13.7,48.1,0,0,0,
2026-07-11,05:22:43,maceta2,101.0,101.0,78.6,78.3,78.4,0.0,0.0,12.2,59.6,0,0,0,
2026-07-11,06:22:49,maceta1,103.0,105.0,77.3,76.2,76.7,0.0,0.0,13.7,48.1,0,0,0,
2026-07-11,06:22:49,maceta2,101.0,102.0,78.5,78.1,78.3,0.0,0.0,12.1,59.0,0,0,0,
2026-07-11,07:22:54,maceta1,104.0,106.0,77.0,76.0,76.5,0.0,0.0,13.7,48.1,0,0,0,
2026-07-11,07:22:54,maceta2,101.0,102.0,78.2,77.9,78.1,0.0,0.0,11.9,59.1,0,0,0,
2026-07-11,08:23:00,maceta1,104.0,106.0,76.8,75.8,76.3,0.0,0.0,13.7,48.1,0,0,0,
2026-07-11,08:23:00,maceta2,102.0,102.0,78.0,77.7,77.8,0.0,0.0,11.7,59.0,0,0,0,
2026-07-11,09:23:05,maceta1,104.0,106.0,76.6,75.6,76.1,5.4,0.0003,13.7,48.1,0,0,0,
2026-07-11,09:23:05,maceta2,102.0,103.0,77.8,77.6,77.7,3.8,0.0002,11.5,59.3,0,0,0,
2026-07-11,10:23:11,maceta1,105.0,107.0,76.4,75.4,75.9,10.4,0.0008,13.7,48.1,0,0,0,
2026-07-11,10:23:11,maceta2,103.0,103.0,77.6,77.4,77.5,6.7,0.0006,11.4,59.7,0,0,0,
2026-07-11,11:23:16,maceta1,105.0,107.0,76.2,75.1,75.6,20.0,0.002,13.7,48.1,0,0,0,
2026-07-11,11:23:16,maceta2,103.0,103.0,77.5,77.2,77.4,12.9,0.0013,11.3,60.2,0,0,0,
2026-07-11,12:23:22,maceta1,106.0,108.0,76.0,74.9,75.5,20.0,0.0031,13.7,48.1,0,0,0,
2026-07-11,12:23:22,maceta2,103.0,104.0,77.3,77.0,77.1,12.9,0.002,11.4,60.5,0,0,0,
2026-07-11,13:23:27,maceta1,106.0,108.0,75.9,74.7,75.3,23.3,0.0045,13.7,48.1,0,0,0,
2026-07-11,13:23:27,maceta2,104.0,104.0,77.0,76.7,76.8,15.0,0.0029,11.4,61.2,0,0,0,
2026-07-11,14:23:33,maceta1,106.0,109.0,75.7,74.4,75.1,26.2,0.0062,13.7,48.1,0,0,0,
2026-07-11,14:23:33,maceta2,104.0,105.0,76.7,76.5,76.6,17.1,0.004,11.5,63.3,0,0,0,
2026-07-11,15:23:38,maceta1,106.0,109.0,75.6,74.3,74.9,135.0,1.0512,13.7,48.1,1,0,0,
2026-07-11,15:23:38,maceta2,105.0,105.0,76.5,76.2,76.4,10.8,0.0052,11.6,65.9,1,0,0,
2026-07-11,16:23:44,maceta1,107.0,109.0,75.4,74.0,74.7,140.0,3.1391,13.7,48.1,1,0,0,
2026-07-11,16:23:44,maceta2,105.0,105.0,76.4,76.1,76.2,1566.7,2.1895,14.0,57.1,1,0,0,
2026-07-11,17:23:49,maceta1,107.0,110.0,75.2,73.9,74.6,130.8,5.2267,13.7,48.1,1,0,0,
2026-07-11,17:23:49,maceta2,105.0,106.0,76.1,75.9,76.0,1577.1,4.3743,14.4,56.5,1,0,0,
2026-07-11,18:23:55,maceta1,107.0,110.0,75.1,73.7,74.4,120.8,7.3139,13.7,48.1,1,0,0,
2026-07-11,18:23:55,maceta2,106.0,106.0,75.9,75.7,75.8,2.1,5.4652,14.3,56.5,1,0,0,
2026-07-11,19:24:00,maceta1,108.0,111.0,75.0,73.4,74.2,120.0,9.4007,13.7,48.1,1,0,0,
2026-07-11,19:24:00,maceta2,106.0,107.0,75.8,75.5,75.6,1577.5,7.6485,13.9,56.7,1,0,0,
2026-07-11,20:24:06,maceta1,108.0,111.0,74.7,73.3,74.0,125.0,11.4877,13.7,48.1,1,0,0,
2026-07-11,20:24:06,maceta2,106.0,107.0,75.6,75.4,75.5,1565.0,9.8314,13.7,56.0,1,0,0,
2026-07-11,21:24:12,maceta1,108.0,111.0,74.6,73.0,73.8,125.0,13.575,13.7,48.1,1,0,0,
2026-07-11,21:24:12,maceta2,107.0,107.0,75.5,75.1,75.3,1602.5,12.0166,13.5,55.9,1,0,0,
2026-07-11,22:24:17,maceta1,109.0,112.0,74.5,72.8,73.6,119.6,15.6618,13.7,48.1,0,0,0,
2026-07-11,22:24:17,maceta2,107.0,108.0,75.4,74.9,75.1,1581.7,14.2007,13.5,56.0,0,0,0,
2026-07-11,23:24:24,maceta1,109.0,112.0,74.2,72.5,73.4,0.0,15.6618,13.7,48.1,0,0,0,
2026-07-11,23:24:24,maceta2,107.0,108.0,75.2,74.6,74.9,0.0,14.2007,11.7,59.3,0,0,0,
2026-07-12,00:24:29,maceta1,110.0,113.0,73.9,72.3,73.1,0.0,0.0,13.7,48.1,0,0,0,
2026-07-12,00:24:29,maceta2,107.0,109.0,75.0,74.5,74.7,0.0,0.0,11.4,60.5,0,0,0,
2026-07-12,01:24:35,maceta1,110.0,113.0,73.7,72.2,72.9,0.0,0.0,13.7,48.1,0,0,0,
2026-07-12,01:24:35,maceta2,108.0,109.0,74.8,74.2,74.5,0.0,0.0,11.3,60.7,0,0,0,
2026-07-12,02:24:40,maceta1,110.0,113.0,73.5,71.9,72.7,0.0,0.0,13.7,48.1,0,0,0,
2026-07-12,02:24:40,maceta2,108.0,110.0,74.6,73.9,74.3,0.0,0.0,11.1,60.7,0,0,0,
2026-07-12,03:24:46,maceta1,111.0,114.0,73.3,71.7,72.5,0.0,0.0,13.7,48.1,0,0,0,
2026-07-12,03:24:46,maceta2,109.0,110.0,74.4,73.7,74.1,0.0,0.0,11.1,60.7,0,0,0,
2026-07-12,04:24:51,maceta1,111.0,114.0,73.2,71.5,72.3,0.0,0.0,13.7,48.1,0,0,0,
2026-07-12,04:24:51,maceta2,109.0,110.0,74.3,73.6,74.0,0.0,0.0,11.0,60.9,0,0,0,
2026-07-12,05:24:57,maceta1,111.0,128.0,73.1,64.2,68.6,0.0,0.0,13.7,48.1,0,0,0,Discrepancia alta entre sensores de humedad
2026-07-12,05:24:57,maceta2,109.0,111.0,74.1,73.4,73.7,0.0,0.0,10.9,61.1,0,0,0,
2026-07-12,06:25:02,maceta1,111.0,115.0,72.9,71.2,72.0,0.0,0.0,13.7,48.1,0,0,0,
2026-07-12,06:25:02,maceta2,110.0,111.0,73.9,73.2,73.5,0.0,0.0,10.9,60.9,0,0,0,
2026-07-12,07:25:07,maceta1,112.0,115.0,72.8,70.9,71.9,0.0,0.0,13.7,48.1,0,0,0,
2026-07-12,07:25:07,maceta2,110.0,128.0,73.6,64.2,68.9,0.0,0.0,10.8,61.2,0,0,0,Discrepancia alta entre sensores de humedad
2026-07-12,08:25:13,maceta1,112.0,116.0,72.6,70.7,71.6,0.0,0.0,13.7,48.1,0,0,0,
2026-07-12,08:25:13,maceta2,111.0,111.0,73.4,72.9,73.2,0.0,0.0,10.7,61.3,0,0,0,
2026-07-12,09:25:18,maceta1,113.0,116.0,72.3,70.5,71.4,2.1,0.0001,13.7,48.1,0,0,0,
2026-07-12,09:25:18,maceta2,111.0,112.0,73.2,72.7,72.9,1.7,0.0001,10.6,61.2,0,0,0,
2026-07-12,10:25:24,maceta1,113.0,117.0,72.1,70.3,71.2,10.4,0.0006,13.7,48.1,0,0,0,
2026-07-12,10:25:24,maceta2,112.0,112.0,72.9,72.6,72.7,6.7,0.0004,10.6,61.3,0,0,0,
2026-07-12,11:25:29,maceta1,113.0,117.0,72.0,70.0,71.0,27.5,0.0023,13.7,48.1,0,0,0,
2026-07-12,11:25:29,maceta2,112.0,112.0,72.7,72.4,72.6,17.9,0.0015,10.6,61.4,0,0,0,
2026-07-12,12:25:35,maceta1,113.0,118.0,71.9,69.7,70.8,77.1,0.0076,13.7,48.1,0,0,0,
2026-07-12,12:25:35,maceta2,112.0,113.0,72.6,72.3,72.4,50.8,0.005,10.7,62.0,0,0,0,
2026-07-12,13:25:40,maceta1,114.0,118.0,71.8,69.4,70.6,57.9,0.012,13.7,48.1,0,0,0,
2026-07-12,13:25:40,maceta2,113.0,113.0,72.3,72.1,72.2,38.3,0.0079,10.9,67.0,0,0,0,
2026-07-12,14:25:46,maceta1,114.0,119.0,71.6,69.1,70.3,53.3,0.015,13.7,48.1,0,0,0,
2026-07-12,14:25:46,maceta2,113.0,113.0,72.2,71.9,72.0,35.0,0.0099,11.0,67.4,0,0,0,
2026-07-12,15:25:51,maceta1,114.0,119.0,71.4,68.9,70.2,127.1,1.0591,13.7,48.1,1,0,0,
2026-07-12,15:25:51,maceta2,113.0,114.0,72.0,71.6,71.8,14.2,0.0108,11.1,67.4,1,0,0,
2026-07-12,16:25:57,maceta1,115.0,120.0,71.1,68.7,69.9,127.5,3.1462,13.7,48.1,1,0,0,
2026-07-12,16:25:57,maceta2,113.0,114.0,71.9,71.4,71.6,1555.0,2.1941,13.7,57.9,1,0,0,
2026-07-12,17:26:02,maceta1,115.0,120.0,70.9,68.4,69.7,119.6,5.2331,13.7,48.1,1,0,0,
2026-07-12,17:26:02,maceta2,114.0,115.0,71.8,71.3,71.5,1603.3,4.3797,14.3,59.1,1,0,0,
2026-07-12,18:26:07,maceta1,116.0,120.0,70.7,68.2,69.5,113.3,7.3196,13.7,48.1,1,0,0,
2026-07-12,18:26:07,maceta2,114.0,115.0,71.5,71.2,71.3,1553.3,6.5619,14.4,56.8,1,0,0,
2026-07-12,19:26:13,maceta1,116.0,121.0,70.5,67.9,69.2,111.7,9.4059,13.7,48.1,1,0,0,
2026-07-12,19:26:13,maceta2,115.0,115.0,71.3,71.0,71.1,1.7,7.6533,14.1,55.9,1,0,0,
2026-07-12,20:26:18,maceta1,116.0,121.0,70.4,67.8,69.1,115.8,11.4924,13.7,48.1,1,0,0,
2026-07-12,20:26:18,maceta2,115.0,116.0,71.1,70.7,70.9,1610.0,9.8387,13.9,56.7,1,0,0,
2026-07-12,21:26:24,maceta1,117.0,122.0,70.1,67.5,68.8,111.2,13.5785,13.7,48.1,1,0,0,
2026-07-12,21:26:24,maceta2,115.0,116.0,71.0,70.5,70.7,1612.1,12.0229,13.9,56.0,1,0,0,
2026-07-12,22:26:29,maceta1,117.0,122.0,69.9,67.3,68.6,111.7,15.6647,13.7,48.1,0,0,0,
2026-07-12,22:26:29,maceta2,116.0,117.0,70.7,70.3,70.5,1566.2,14.2073,13.8,56.0,0,0,0,
2026-07-12,23:26:35,maceta1,117.0,122.0,69.8,67.1,68.5,0.0,15.6647,13.7,48.1,0,0,0,
2026-07-12,23:26:35,maceta2,116.0,117.0,70.4,70.1,70.3,0.0,14.2073,11.9,59.8,0,0,0,
2026-07-13,00:26:40,maceta1,118.0,123.0,69.6,67.0,68.3,0.0,0.0,13.7,48.1,0,0,0,
2026-07-13,00:26:40,maceta2,117.0,117.0,70.2,70.0,70.1,0.0,0.0,11.4,61.0,0,0,0,
2026-07-13,01:26:46,maceta1,118.0,123.0,69.4,66.9,68.1,0.0,0.0,13.7,48.1,0,0,0,
2026-07-13,01:26:46,maceta2,117.0,118.0,70.0,69.7,69.8,0.0,0.0,11.2,60.9,0,0,0,
2026-07-13,02:26:51,maceta1,119.0,124.0,69.1,66.6,67.8,0.0,0.0,13.7,48.1,0,0,0,
2026-07-13,02:26:51,maceta2,117.0,118.0,69.8,69.5,69.6,0.0,0.0,11.1,61.2,0,0,0,
2026-07-13,03:26:56,maceta1,119.0,124.0,68.8,66.3,67.6,0.0,0.0,13.7,48.1,0,0,0,
2026-07-13,03:26:56,maceta2,118.0,118.0,69.7,69.2,69.5,0.0,0.0,11.0,61.5,0,0,0,
2026-07-13,04:27:02,maceta1,120.0,124.0,68.7,66.1,67.4,0.0,0.0,13.7,48.1,0,0,0,
2026-07-13,04:27:02,maceta2,118.0,119.0,69.5,69.0,69.2,0.0,0.0,10.8,61.1,0,0,0,
2026-07-13,05:27:07,maceta1,120.0,125.0,68.4,66.0,67.2,0.0,0.0,13.7,48.1,0,0,0,
2026-07-13,05:27:07,maceta2,118.0,119.0,69.3,68.8,69.0,0.0,0.0,10.7,61.4,0,0,0,
2026-07-13,06:27:13,maceta1,121.0,125.0,68.1,65.7,66.9,0.0,0.0,13.7,48.1,0,0,0,
2026-07-13,06:27:13,maceta2,119.0,120.0,69.2,68.7,68.9,0.0,0.0,10.6,61.4,0,0,0,
2026-07-13,07:27:19,maceta1,121.0,126.0,67.9,65.4,66.6,0.0,0.0,13.7,48.1,0,0,0,
2026-07-13,07:27:19,maceta2,119.0,120.0,69.0,68.5,68.8,0.0,0.0,10.5,61.6,0,0,0,
2026-07-13,08:27:24,maceta1,122.0,126.0,67.6,65.3,66.4,0.4,0.0,13.7,48.1,0,0,0,
2026-07-13,08:27:24,maceta2,119.0,120.0,68.7,68.3,68.5,0.4,0.0,10.3,61.7,0,0,0,
2026-07-13,09:27:30,maceta1,122.0,127.0,67.3,65.0,66.2,17.9,0.0008,13.7,48.1,0,0,0,
2026-07-13,09:27:30,maceta2,120.0,120.0,68.5,68.2,68.3,12.5,0.0006,10.3,62.0,0,0,0,
2026-07-13,10:27:35,maceta1,122.0,127.0,67.2,64.9,66.1,36.2,0.0029,13.7,48.1,0,0,0,
2026-07-13,10:27:35,maceta2,120.0,121.0,68.3,67.9,68.1,24.2,0.002,10.4,62.8,0,0,0,
2026-07-13,11:27:41,maceta1,123.0,127.0,67.1,64.6,65.8,53.3,0.0058,13.7,48.1,0,0,0,
2026-07-13,11:27:41,maceta2,121.0,121.0,68.1,67.7,67.9,34.6,0.0039,10.6,70.0,0,0,0,
2026-07-13,12:27:46,maceta1,123.0,127.0,66.8,64.5,65.6,62.1,0.0097,13.7,48.1,0,0,0,
2026-07-13,12:27:46,maceta2,121.0,122.0,67.9,67.6,67.8,41.2,0.0064,10.8,69.8,0,0,0,
2026-07-13,13:27:51,maceta1,124.0,128.0,66.5,64.3,65.4,53.8,0.0138,13.7,48.1,0,0,0,Discrepancia alta entre sensores de humedad
2026-07-13,13:27:51,maceta2,121.0,122.0,67.7,67.4,67.6,35.8,0.0091,11.1,71.4,0,0,0,
2026-07-13,14:27:57,maceta1,124.0,128.0,66.2,64.0,65.1,44.6,0.0176,13.7,48.1,0,0,0,Discrepancia alta entre sensores de humedad
2026-07-13,14:27:57,maceta2,122.0,123.0,67.6,67.1,67.3,30.0,0.0117,11.5,72.1,0,0,0,
2026-07-13,15:28:02,maceta1,125.0,129.0,66.0,63.8,64.9,134.2,1.0624,13.7,48.1,1,0,0,
2026-07-13,15:28:02,maceta2,122.0,123.0,67.3,66.8,67.1,17.9,0.013,11.7,71.9,1,0,0,
2026-07-13,16:28:08,maceta1,125.0,129.0,65.8,63.7,64.7,134.6,3.1502,13.7,48.1,1,0,0,
2026-07-13,16:28:08,maceta2,122.0,123.0,67.1,66.7,66.9,1603.3,2.1994,14.5,66.3,1,0,0,
2026-07-13,17:28:13,maceta1,125.0,129.0,65.7,63.4,64.6,116.7,5.2368,13.7,48.1,1,0,0,
2026-07-13,17:28:13,maceta2,123.0,124.0,66.9,66.5,66.7,1508.8,4.3817,15.0,64.6,1,0,0,
2026-07-13,18:28:19,maceta1,126.0,130.0,65.4,63.1,64.3,114.2,7.3231,13.7,48.1,1,0,0,
2026-07-13,18:28:19,maceta2,123.0,124.0,66.8,66.3,66.5,1597.1,6.5655,15.2,63.4,1,0,0,
2026-07-13,19:28:24,maceta1,126.0,130.0,65.1,62.9,64.0,114.2,9.4093,13.7,48.1,1,0,0,
2026-07-13,19:28:24,maceta2,124.0,124.0,66.5,66.1,66.3,1553.3,8.7491,15.3,63.1,0,0,0,
2026-07-13,20:28:30,maceta1,127.0,131.0,64.9,62.6,63.7,112.1,11.4955,13.7,48.1,1,0,0,
2026-07-13,20:28:30,maceta2,124.0,125.0,66.4,65.8,66.1,1563.3,9.8407,13.0,67.5,1,0,0,
2026-07-13,21:28:35,maceta1,127.0,131.0,64.6,62.5,63.5,109.6,13.5815,13.7,48.1,1,0,0,
2026-07-13,21:28:35,maceta2,124.0,125.0,66.3,65.7,66.0,1472.1,12.0196,15.1,57.8,1,0,0,
2026-07-13,22:28:41,maceta1,128.0,132.0,64.4,62.3,63.4,112.9,15.6678,13.7,48.1,0,0,0,Discrepancia alta entre sensores de humedad
2026-07-13,22:28:41,maceta2,124.0,126.0,66.2,65.5,65.8,1398.3,14.1922,15.0,56.4,0,0,0,
2026-07-13,23:28:46,maceta1,128.0,132.0,64.1,62.1,63.1,0.0,15.6678,13.7,48.1,0,0,0,Discrepancia alta entre sensores de humedad
2026-07-13,23:28:46,maceta2,125.0,126.0,65.9,65.3,65.6,0.0,14.1922,12.9,63.9,0,0,0,
2026-07-14,00:28:52,maceta1,128.0,132.0,64.0,61.9,62.9,0.0,0.0,13.7,48.1,0,0,0,Discrepancia alta entre sensores de humedad
2026-07-14,00:28:52,maceta2,125.0,126.0,65.8,65.0,65.4,0.0,0.0,12.3,67.7,0,0,0,
2026-07-14,01:28:57,maceta1,129.0,133.0,63.8,61.7,62.7,0.0,0.0,13.7,48.1,0,0,0,
2026-07-14,01:28:57,maceta2,126.0,127.0,65.5,64.7,65.1,0.0,0.0,12.2,68.1,0,0,0,
2026-07-14,02:29:03,maceta1,128.0,133.0,64.2,61.5,62.8,0.0,0.0,13.7,48.1,0,0,0,Discrepancia alta entre sensores de humedad
2026-07-14,02:29:03,maceta2,126.0,127.0,65.3,64.5,64.9,0.0,0.0,12.2,67.7,0,0,0,
2026-07-14,03:29:08,maceta1,129.0,134.0,63.4,61.2,62.3,0.0,0.0,13.7,48.1,0,0,0,
2026-07-14,03:29:08,maceta2,126.0,128.0,65.0,64.3,64.7,0.0,0.0,12.1,64.4,0,0,0,Discrepancia alta entre sensores de humedad
2026-07-14,04:29:14,maceta1,130.0,134.0,63.2,61.0,62.1,0.0,0.0,13.7,48.1,0,0,0,
2026-07-14,04:29:14,maceta2,127.0,128.0,64.9,64.2,64.6,0.0,0.0,12.0,61.8,0,0,0,Discrepancia alta entre sensores de humedad
2026-07-14,05:29:19,maceta1,130.0,135.0,63.0,60.7,61.9,0.0,0.0,13.7,48.1,0,0,0,
2026-07-14,05:29:19,maceta2,127.0,129.0,64.8,63.9,64.3,0.0,0.0,11.9,61.3,0,0,0,
2026-07-14,06:29:25,maceta1,131.0,135.0,62.7,60.6,61.7,0.0,0.0,13.7,48.1,0,0,0,
2026-07-14,06:29:25,maceta2,127.0,129.0,64.5,63.7,64.1,0.0,0.0,11.7,61.2,0,0,0,
2026-07-14,07:29:30,maceta1,131.0,135.0,62.6,60.5,61.5,0.0,0.0,13.7,48.1,0,0,0,
2026-07-14,07:29:30,maceta2,128.0,129.0,64.4,63.5,63.9,0.0,0.0,11.5,61.5,0,0,0,Discrepancia alta entre sensores de humedad
2026-07-14,08:29:36,maceta1,132.0,136.0,62.4,60.2,61.3,0.4,0.0,13.7,48.1,0,0,0,
2026-07-14,08:29:36,maceta2,128.0,130.0,64.2,63.3,63.7,0.4,0.0,11.4,61.4,0,0,0,Discrepancia alta entre sensores de humedad
2026-07-14,09:29:41,maceta1,132.0,136.0,62.1,60.1,61.1,18.8,0.0009,13.7,48.1,0,0,0,
2026-07-14,09:29:41,maceta2,129.0,130.0,63.9,63.0,63.4,12.5,0.0006,11.3,62.2,0,0,0,
2026-07-14,10:29:47,maceta1,132.0,136.0,62.0,60.0,61.0,35.0,0.003,13.7,48.1,0,0,0,
2026-07-14,10:29:47,maceta2,129.0,131.0,63.8,62.8,63.3,23.3,0.002,11.4,63.1,0,0,0,
2026-07-14,11:29:52,maceta1,133.0,136.0,61.8,59.8,60.8,50.4,0.0061,13.7,48.1,0,0,0,
2026-07-14,11:29:52,maceta2,129.0,131.0,63.6,62.5,63.1,33.3,0.0041,11.5,69.5,0,0,0,
2026-07-14,12:29:58,maceta1,133.0,137.0,61.6,59.6,60.6,60.8,0.0101,13.7,48.1,0,0,0,
2026-07-14,12:29:58,maceta2,130.0,132.0,63.4,62.3,62.8,40.0,0.0067,11.7,68.0,0,0,0,
2026-07-14,13:00:03,maceta1,133.0,137.0,61.4,59.4,60.4,65.4,0.0122,13.7,48.1,0,0,0,
2026-07-14,13:00:03,maceta2,128.0,132.0,64.2,62.1,63.2,42.9,0.0081,11.9,68.6,0,0,0,Discrepancia alta entre sensores de humedad
2026-07-14,14:00:09,maceta1,134.0,138.0,61.2,59.2,60.2,64.6,0.0165,13.7,48.1,0,0,0,
2026-07-14,14:00:09,maceta2,131.0,132.0,62.8,61.9,62.4,42.9,0.011,12.1,71.1,0,0,0,
2026-07-14,15:00:14,maceta1,134.0,138.0,61.0,58.9,60.0,24.2,0.0191,13.7,48.1,1,0,0,
2026-07-14,15:00:14,maceta2,131.0,128.0,62.7,64.2,63.5,18.8,0.0129,12.3,70.1,0,0,0,Discrepancia alta entre sensores de humedad
2026-07-14,16:00:20,maceta1,135.0,139.0,60.7,58.6,59.7,125.8,2.1063,13.7,48.1,1,0,0,
2026-07-14,16:00:20,maceta2,131.0,133.0,62.5,61.5,62.0,1559.2,1.1048,12.6,71.5,1,0,0,
2026-07-14,17:00:25,maceta1,135.0,139.0,60.6,58.4,59.5,122.9,4.1936,13.7,48.1,1,0,0,
2026-07-14,17:00:25,maceta2,132.0,134.0,62.2,61.2,61.7,1538.8,3.2881,15.8,65.4,1,0,0,
2026-07-14,18:00:31,maceta1,135.0,139.0,60.4,58.2,59.3,110.0,6.2796,13.7,48.1,1,0,0,
2026-07-14,18:00:31,maceta2,132.0,134.0,62.0,60.9,61.5,1552.9,5.4715,16.1,66.8,1,0,0,
2026-07-14,19:00:36,maceta1,136.0,140.0,60.2,57.9,59.0,108.8,8.3657,13.7,48.1,1,0,0,
2026-07-14,19:00:36,maceta2,132.0,134.0,61.9,60.8,61.3,1223.3,7.6376,16.2,67.1,1,0,0,
2026-07-14,20:00:42,maceta1,136.0,140.0,60.0,57.7,58.9,108.8,10.4517,13.7,48.1,1,0,0,
2026-07-14,20:00:42,maceta2,133.0,135.0,61.8,60.5,61.1,1064.6,9.7862,16.3,67.8,1,0,0,
2026-07-14,21:00:47,maceta1,136.0,141.0,59.8,57.6,58.7,106.7,12.5377,13.7,48.1,1,0,0,
2026-07-14,21:00:47,maceta2,133.0,135.0,61.5,60.4,61.0,1414.6,11.9541,16.4,67.6,0,0,0,
2026-07-14,22:00:53,maceta1,137.0,141.0,59.6,57.5,58.6,106.7,14.6235,13.7,48.1,0,0,0,
2026-07-14,22:00:53,maceta2,133.0,136.0,61.3,60.2,60.8,1544.2,13.045,14.2,69.2,0,0,0,
2026-07-14,23:00:58,maceta1,137.0,141.0,59.5,57.3,58.4,0.0,14.6235,13.7,48.1,0,0,0,
2026-07-14,23:00:58,maceta2,134.0,136.0,61.2,59.9,60.6,0.0,13.045,14.2,70.1,0,0,0,
2026-07-15,00:01:03,maceta1,137.0,141.0,59.4,57.1,58.3,0.0,0.0,13.7,48.1,0,0,0,
2026-07-15,00:01:03,maceta2,134.0,137.0,61.0,59.7,60.3,0.0,0.0,13.6,72.5,0,0,0,
2026-07-15,01:01:09,maceta1,137.0,142.0,59.3,56.9,58.1,0.0,0.0,13.7,48.1,0,0,0,
2026-07-15,01:01:09,maceta2,135.0,137.0,60.7,59.5,60.1,0.0,0.0,13.5,71.3,0,0,0,
2026-07-15,02:01:14,maceta1,138.0,142.0,59.0,56.8,57.9,0.0,0.0,13.7,48.1,0,0,0,
2026-07-15,02:01:14,maceta2,135.0,137.0,60.4,59.3,59.8,0.0,0.0,13.5,70.4,0,0,0,
2026-07-15,03:01:20,maceta1,138.0,142.0,58.7,56.6,57.7,0.0,0.0,13.7,48.1,0,0,0,
2026-07-15,03:01:20,maceta2,136.0,138.0,60.2,59.1,59.6,0.0,0.0,13.5,69.8,0,0,0,
2026-07-15,04:01:25,maceta1,139.0,143.0,58.6,56.5,57.6,0.0,0.0,13.7,48.1,0,0,0,
2026-07-15,04:01:25,maceta2,136.0,138.0,59.9,59.0,59.4,0.0,0.0,13.5,69.3,0,0,0,
2026-07-15,05:01:32,maceta1,139.0,143.0,58.5,56.4,57.4,0.0,0.0,13.7,48.1,0,0,0,
2026-07-15,05:01:32,maceta2,136.0,138.0,59.7,58.8,59.3,0.0,0.0,13.5,70.1,0,0,0,
2026-07-15,06:01:37,maceta1,139.0,143.0,58.3,56.2,57.3,0.0,0.0,13.7,48.1,0,0,0,
2026-07-15,06:01:37,maceta2,137.0,139.0,59.5,58.6,59.1,0.0,0.0,13.5,70.3,0,0,0,
2026-07-15,07:01:43,maceta1,139.0,144.0,58.2,56.0,57.1,0.0,0.0,13.7,48.1,0,0,0,
2026-07-15,07:01:43,maceta2,137.0,139.0,59.3,58.4,58.8,0.0,0.0,13.4,70.8,0,0,0,
2026-07-15,08:01:48,maceta1,140.0,144.0,58.1,55.9,57.0,0.0,0.0,13.7,48.1,0,0,0,
2026-07-15,08:01:48,maceta2,138.0,140.0,59.2,58.1,58.6,0.0,0.0,13.3,70.1,0,0,0,
2026-07-15,09:01:54,maceta1,140.0,144.0,57.9,55.6,56.8,5.4,0.0002,13.7,48.1,0,0,0,
2026-07-15,09:01:54,maceta2,138.0,140.0,59.0,57.8,58.4,3.8,0.0001,13.3,69.4,0,0,0,
2026-07-15,10:01:59,maceta1,140.0,145.0,57.8,55.4,56.6,28.8,0.0016,13.7,48.1,0,0,0,
2026-07-15,10:01:59,maceta2,138.0,140.0,58.8,57.6,58.2,19.2,0.0011,13.3,66.7,0,0,0,
2026-07-15,11:02:05,maceta1,141.0,145.0,57.5,55.3,56.4,37.5,0.004,13.7,48.1,0,0,0,
2026-07-15,11:02:05,maceta2,139.0,141.0,58.5,57.5,58.0,24.6,0.0026,13.3,72.1,0,0,0,
2026-07-15,12:02:10,maceta1,141.0,146.0,57.3,55.0,56.1,41.7,0.0066,13.7,48.1,0,0,0,
2026-07-15,12:02:10,maceta2,139.0,141.0,58.3,57.2,57.8,27.1,0.0043,13.4,68.3,0,0,0,
2026-07-15,13:02:16,maceta1,141.0,146.0,57.1,54.8,56.0,40.0,0.0091,13.7,48.1,0,0,0,
2026-07-15,13:02:16,maceta2,140.0,142.0,58.1,57.0,57.6,26.2,0.006,13.5,70.2,0,0,0,
2026-07-15,14:02:21,maceta1,142.0,146.0,56.9,54.6,55.7,48.8,0.013,13.7,48.1,0,0,0,
2026-07-15,14:02:21,maceta2,140.0,142.0,57.9,56.8,57.4,32.5,0.0086,13.7,72.7,0,0,0,
2026-07-15,15:02:27,maceta1,142.0,147.0,56.8,54.4,55.6,20.4,0.0154,13.7,48.1,1,0,0,
2026-07-15,15:02:27,maceta2,140.0,142.0,57.8,56.6,57.2,15.4,0.0104,13.9,73.2,0,0,0,
2026-07-15,16:02:32,maceta1,143.0,147.0,56.6,54.2,55.4,122.5,2.1024,13.7,48.1,1,0,0,
2026-07-15,16:02:32,maceta2,141.0,143.0,57.5,56.4,57.0,537.1,1.0683,14.0,73.9,1,0,0,
2026-07-15,17:02:39,maceta1,143.0,147.0,56.4,54.1,55.2,127.1,4.1901,13.7,48.1,1,0,0,
2026-07-15,17:02:39,maceta2,141.0,143.0,57.4,56.2,56.8,1346.2,3.22,16.9,70.6,1,0,0,
2026-07-15,18:02:45,maceta1,143.0,148.0,56.2,53.8,55.0,106.7,6.2764,13.7,48.1,1,0,0,
2026-07-15,18:02:45,maceta2,141.0,143.0,57.3,56.1,56.7,1544.6,5.4022,17.4,69.9,1,0,0,
2026-07-15,19:02:51,maceta1,144.0,148.0,56.1,53.7,54.9,106.7,8.3626,13.7,48.1,1,0,0,
2026-07-15,19:02:51,maceta2,142.0,144.0,57.1,55.8,56.4,1551.2,7.5859,17.6,69.9,1,0,0,
2026-07-15,20:02:56,maceta1,144.0,149.0,55.8,53.4,54.6,107.5,10.4485,13.7,48.1,1,0,0,
2026-07-15,20:02:56,maceta2,142.0,144.0,56.9,55.6,56.2,1457.9,9.7642,17.7,69.6,1,0,0,
2026-07-15,21:03:02,maceta1,144.0,149.0,55.6,53.2,54.4,103.3,12.5342,13.7,48.1,1,0,0,
2026-07-15,21:03:02,maceta2,142.0,145.0,56.7,55.3,56.0,1380.0,11.936,17.8,69.7,1,0,0,
2026-07-15,22:03:07,maceta1,145.0,149.0,55.5,53.0,54.2,102.5,14.6198,13.7,48.1,0,0,0,
2026-07-15,22:03:07,maceta2,143.0,145.0,56.5,55.0,55.8,1366.7,14.1062,17.8,69.9,0,0,0,
2026-07-15,23:03:13,maceta1,145.0,150.0,55.3,52.8,54.1,0.0,14.6198,13.7,48.1,0,0,0,
2026-07-15,23:03:13,maceta2,143.0,146.0,56.3,54.9,55.6,0.0,14.1062,15.7,72.7,0,0,0,
2026-07-16,00:03:18,maceta1,145.0,150.0,55.1,52.7,53.9,0.0,0.0,13.7,48.1,0,0,0,
2026-07-16,00:03:18,maceta2,144.0,146.0,56.0,54.7,55.4,0.0,0.0,15.0,74.3,0,0,0,
2026-07-16,01:03:24,maceta1,145.0,150.0,55.0,52.5,53.8,0.0,0.0,13.7,48.1,0,0,0,
2026-07-16,01:03:24,maceta2,144.0,146.0,55.8,54.6,55.2,0.0,0.0,14.9,73.8,0,0,0,
2026-07-16,02:03:29,maceta1,146.0,151.0,54.9,52.3,53.6,0.0,0.0,13.7,48.1,0,0,0,
2026-07-16,02:03:29,maceta2,144.0,147.0,55.7,54.3,55.0,0.0,0.0,15.0,74.2,0,0,0,
2026-07-16,03:03:35,maceta1,146.0,151.0,54.8,52.0,53.4,0.0,0.0,13.7,48.1,0,0,0,
2026-07-16,03:03:35,maceta2,145.0,147.0,55.5,54.1,54.8,0.0,0.0,15.0,74.2,0,0,0,
2026-07-16,04:03:40,maceta1,146.0,152.0,54.5,51.8,53.2,0.0,0.0,13.7,48.1,0,0,0,
2026-07-16,04:03:40,maceta2,145.0,148.0,55.4,53.8,54.6,0.0,0.0,15.0,75.7,0,0,0,
2026-07-16,05:03:46,maceta1,147.0,152.0,54.3,51.6,52.9,0.0,0.0,13.7,48.1,0,0,0,
2026-07-16,05:03:46,maceta2,145.0,148.0,55.1,53.6,54.4,0.0,0.0,14.9,74.4,0,0,0,
2026-07-16,06:03:51,maceta1,147.0,152.0,54.2,51.4,52.8,0.0,0.0,13.7,48.1,0,0,0,
2026-07-16,06:03:51,maceta2,146.0,148.0,55.0,53.5,54.2,0.0,0.0,14.8,73.0,0,0,0,
2026-07-16,07:03:57,maceta1,148.0,153.0,53.9,51.2,52.5,0.0,0.0,13.7,48.1,0,0,0,
2026-07-16,07:03:57,maceta2,146.0,149.0,54.9,53.3,54.1,0.0,0.0,14.7,70.2,0,0,0,
2026-07-16,08:04:02,maceta1,148.0,153.0,53.8,51.0,52.4,0.0,0.0,13.7,48.1,0,0,0,
2026-07-16,08:04:02,maceta2,146.0,149.0,54.6,53.1,53.8,0.0,0.0,14.6,73.2,0,0,0,
2026-07-16,09:04:08,maceta1,148.0,153.0,53.6,50.9,52.2,14.6,0.0005,13.7,48.1,0,0,0,
2026-07-16,09:04:08,maceta2,147.0,150.0,54.4,52.8,53.6,10.0,0.0004,14.7,75.6,0,0,0,
2026-07-16,10:04:13,maceta1,149.0,128.0,53.4,64.2,58.8,30.8,0.0018,13.7,48.1,0,0,0,Discrepancia alta entre sensores de humedad
2026-07-16,10:04:13,maceta2,147.0,150.0,54.1,52.6,53.3,20.8,0.0013,14.7,75.4,0,0,0,
2026-07-16,11:04:19,maceta1,149.0,154.0,53.2,50.3,51.8,31.2,0.0039,13.7,48.1,0,0,0,
2026-07-16,11:04:19,maceta2,148.0,151.0,53.9,52.3,53.1,20.4,0.0026,14.8,74.5,0,0,0,
2026-07-16,12:04:24,maceta1,149.0,155.0,53.0,50.2,51.6,53.3,0.0071,13.7,48.1,0,0,0,
2026-07-16,12:04:24,maceta2,148.0,151.0,53.7,52.1,52.9,35.4,0.0047,15.0,76.2,0,0,0,
2026-07-16,13:04:29,maceta1,150.0,155.0,52.9,50.1,51.5,66.7,0.0115,13.7,48.1,0,0,0,
2026-07-16,13:04:29,maceta2,148.0,151.0,53.6,51.9,52.7,44.2,0.0076,15.4,78.6,0,0,0,
2026-07-16,14:04:35,maceta1,150.0,155.0,52.7,49.9,51.3,60.8,0.0159,13.7,48.1,0,0,1,
2026-07-16,14:04:35,maceta2,149.0,152.0,53.4,51.6,52.5,40.4,0.0105,15.7,79.4,0,0,0,
2026-07-16,15:04:40,maceta1,92.0,94.0,83.0,82.0,82.5,16.2,0.0181,13.7,48.1,1,0,0,
2026-07-16,15:04:40,maceta2,149.0,152.0,53.2,51.4,52.3,11.7,0.0122,15.9,78.7,0,0,0,
2026-07-16,16:04:46,maceta1,93.0,95.0,82.9,81.8,82.3,117.1,2.1047,13.7,48.1,1,0,0,
2026-07-16,16:04:46,maceta2,150.0,153.0,52.9,51.3,52.1,489.2,1.0682,16.0,79.0,1,0,0,
2026-07-16,17:04:51,maceta1,93.0,95.0,82.7,81.5,82.1,123.8,4.1915,13.7,48.1,1,0,0,
2026-07-16,17:04:51,maceta2,150.0,153.0,52.7,51.2,52.0,1460.0,3.2284,18.6,74.6,1,0,0,
2026-07-16,18:04:57,maceta1,93.0,96.0,82.6,81.3,81.9,114.6,6.2779,13.7,48.1,1,0,0,
2026-07-16,18:04:57,maceta2,150.0,153.0,52.5,50.9,51.7,1527.9,5.4099,19.3,71.9,1,0,0,
2026-07-16,19:05:02,maceta1,94.0,96.0,82.3,81.0,81.6,698.8,8.4036,21.7,73.3,1,0,0,
2026-07-16,19:05:02,maceta2,151.0,154.0,52.3,50.6,51.5,1853.3,7.6124,19.7,71.1,1,0,0,
2026-07-16,20:00:16,maceta1,94.0,96.0,82.0,80.9,81.4,206.2,0.2282,22.3,67.6,1,0,0,
2026-07-16,20:00:16,maceta2,151.0,154.0,52.1,50.4,51.3,1835.8,0.2373,20.3,70.9,1,0,0,
2026-07-16,21:11:22,maceta1,94.0,97.0,81.9,80.6,81.3,132.5,2.0875,22.3,67.6,1,0,0,
2026-07-16,21:11:22,maceta2,151.0,155.0,51.9,50.1,51.0,1655.4,2.1875,20.4,71.5,1,0,0,
2026-07-16,22:11:27,maceta1,95.0,97.0,81.6,80.4,81.0,127.5,4.1749,22.3,67.6,0,0,0,
2026-07-16,22:11:27,maceta2,152.0,155.0,51.8,49.8,50.8,1596.7,4.3732,20.5,71.3,0,0,1,
2026-07-16,23:11:33,maceta1,95.0,97.0,81.4,80.3,80.8,0.0,4.1749,22.3,67.6,0,0,0,
2026-07-16,23:11:33,maceta2,86.0,88.0,86.1,85.4,85.8,0.0,4.3732,18.5,76.5,0,0,0,
2026-07-17,00:11:38,maceta1,96.0,98.0,81.1,80.1,80.6,0.0,0.0,22.3,67.6,0,0,0,
2026-07-17,00:11:38,maceta2,87.0,88.0,85.8,85.3,85.6,0.0,0.0,17.8,78.6,0,0,0,
2026-07-17,01:11:44,maceta1,96.0,98.0,81.0,80.0,80.5,0.0,0.0,22.3,67.6,0,0,0,
2026-07-17,01:11:44,maceta2,87.0,88.0,85.6,85.1,85.3,0.0,0.0,17.8,78.5,0,0,0,
2026-07-17,02:11:49,maceta1,97.0,98.0,80.8,79.8,80.3,0.0,0.0,22.3,67.6,0,0,0,
2026-07-17,02:11:49,maceta2,88.0,89.0,85.5,84.9,85.2,0.0,0.0,17.6,77.8,0,0,0,
2026-07-17,03:11:55,maceta1,97.0,99.0,80.6,79.6,80.1,0.0,0.0,22.3,67.6,0,0,0,
2026-07-17,03:11:55,maceta2,88.0,89.0,85.4,84.7,85.1,0.0,0.0,17.6,77.7,0,0,0,
2026-07-17,04:12:00,maceta1,97.0,99.0,80.5,79.4,79.9,0.0,0.0,22.3,67.6,0,0,0,
2026-07-17,04:12:00,maceta2,88.0,89.0,85.2,84.5,84.9,0.0,0.0,17.6,77.7,0,0,0,
2026-07-17,05:12:06,maceta1,97.0,100.0,80.3,79.2,79.8,0.0,0.0,22.3,67.6,0,0,0,
2026-07-17,05:12:06,maceta2,88.0,90.0,85.0,84.4,84.7,0.0,0.0,17.5,76.8,0,0,0,
2026-07-17,06:12:11,maceta1,98.0,100.0,80.1,79.1,79.6,0.0,0.0,22.3,67.6,0,0,0,
2026-07-17,06:12:11,maceta2,89.0,90.0,84.8,84.3,84.5,0.0,0.0,17.5,75.0,0,0,0,
2026-07-17,07:12:16,maceta1,98.0,100.0,80.0,78.9,79.4,0.0,0.0,22.3,67.6,0,0,0,
2026-07-17,07:12:16,maceta2,89.0,90.0,84.5,84.0,84.2,0.0,0.0,17.4,73.3,0,0,0,
2026-07-17,08:12:22,maceta1,98.0,101.0,79.9,78.6,79.2,0.0,0.0,22.3,67.6,0,0,0,
2026-07-17,08:12:22,maceta2,90.0,91.0,84.3,83.8,84.0,0.0,0.0,17.4,74.5,0,0,0,
2026-07-17,09:12:27,maceta1,99.0,101.0,79.7,78.4,79.0,9.6,0.0004,22.3,67.6,0,0,0,
2026-07-17,09:12:27,maceta2,90.0,91.0,84.0,83.6,83.8,6.2,0.0002,17.4,75.3,0,0,0,
2026-07-17,10:12:33,maceta1,99.0,102.0,79.5,78.1,78.8,28.3,0.002,22.3,67.6,0,0,0,
2026-07-17,10:12:33,maceta2,91.0,91.0,83.9,83.5,83.7,17.5,0.0012,17.5,75.9,0,0,0,
2026-07-17,11:12:38,maceta1,99.0,102.0,79.3,77.9,78.6,46.2,0.0047,22.3,67.6,0,0,0,
2026-07-17,11:12:38,maceta2,91.0,92.0,83.6,83.4,83.5,28.3,0.0029,17.6,77.1,0,0,0,
2026-07-17,12:12:43,maceta1,100.0,102.0,79.1,77.7,78.4,61.2,0.0085,22.3,67.6,0,0,0,
2026-07-17,12:12:43,maceta2,92.0,92.0,83.4,83.1,83.2,37.1,0.0052,17.6,75.5,0,0,0,
2026-07-17,13:12:49,maceta1,100.0,103.0,78.9,77.4,78.2,62.1,0.0128,22.3,67.6,0,0,0,
2026-07-17,13:12:49,maceta2,92.0,93.0,83.1,82.9,83.0,37.9,0.0078,17.8,73.5,0,0,0,
2026-07-17,14:12:54,maceta1,128.0,103.0,64.2,77.2,70.7,68.3,0.0161,22.3,67.6,0,0,0,Discrepancia alta entre sensores de humedad
2026-07-17,14:12:54,maceta2,92.0,93.0,83.0,82.6,82.8,41.2,0.0098,17.9,75.5,0,0,0,
2026-07-17,15:13:00,maceta1,101.0,104.0,78.5,76.9,77.7,16.7,0.0182,22.3,67.6,1,0,0,
2026-07-17,15:13:00,maceta2,93.0,93.0,82.8,82.5,82.6,12.9,0.0113,18.0,77.2,0,0,0,
2026-07-17,16:13:05,maceta1,101.0,104.0,78.2,76.8,77.5,143.3,2.1066,22.3,67.6,1,0,0,
2026-07-17,16:13:05,maceta2,93.0,94.0,82.7,82.2,82.4,1594.2,1.1043,18.0,77.4,1,0,0,
2026-07-17,17:13:11,maceta1,102.0,105.0,78.1,76.5,77.3,142.9,4.1947,22.3,67.6,1,0,0,
2026-07-17,17:13:11,maceta2,93.0,94.0,82.4,81.9,82.2,1657.5,3.2917,20.7,68.3,1,0,0,
2026-07-17,18:13:16,maceta1,102.0,105.0,77.9,76.3,77.1,128.8,6.2824,22.3,67.6,1,0,0,
2026-07-17,18:13:16,maceta2,94.0,95.0,82.2,81.7,81.9,1657.1,5.4802,20.9,67.0,1,0,0,
2026-07-17,19:06:58,maceta1,102.0,106.0,77.8,76.0,76.9,628.3,0.0,23.0,57.1,1,0,0,
2026-07-17,19:06:58,maceta2,94.0,95.0,82.0,81.5,81.8,325.0,0.0,21.9,62.0,1,0,0,
2026-07-17,20:02:02,maceta1,102.0,106.0,77.6,75.9,76.8,617.9,0.0,20.0,64.8,1,0,0,
2026-07-17,20:02:02,maceta2,95.0,95.0,81.8,81.4,81.6,320.8,0.0,19.9,73.6,1,0,0,
2026-07-17,21:24:51,maceta1,103.0,106.0,77.5,75.6,76.6,82.9,2.0843,20.9,64.3,1,0,0,
2026-07-17,21:24:51,maceta2,95.0,96.0,81.6,81.1,81.3,121.2,2.0866,20.0,62.5,1,0,0,
2026-07-17,22:24:56,maceta1,103.0,107.0,77.3,75.4,76.3,81.2,4.1684,20.7,64.6,0,0,0,
2026-07-17,22:24:56,maceta2,96.0,96.0,81.3,80.9,81.1,118.8,4.1732,19.9,62.1,0,0,0,
2026-07-17,23:25:02,maceta1,103.0,107.0,77.1,75.1,76.1,0.0,4.1684,19.1,69.6,0,0,0,
2026-07-17,23:25:02,maceta2,96.0,97.0,81.1,80.7,80.9,0.0,4.1732,18.7,62.9,0,0,0,
2026-07-18,00:25:07,maceta1,104.0,108.0,76.9,74.9,75.9,0.0,0.0,18.5,69.3,0,0,0,
2026-07-18,00:25:07,maceta2,96.0,97.0,80.8,80.5,80.7,0.0,0.0,18.3,63.3,0,0,0,
2026-07-18,01:25:13,maceta1,104.0,108.0,76.7,74.7,75.7,0.0,0.0,18.3,69.3,0,0,0,
2026-07-18,01:25:13,maceta2,97.0,97.0,80.7,80.3,80.5,0.0,0.0,18.1,63.9,0,0,0,
2026-07-18,02:25:18,maceta1,105.0,108.0,76.6,74.5,75.5,0.0,0.0,18.2,69.5,0,0,0,
2026-07-18,02:25:18,maceta2,97.0,98.0,80.6,80.1,80.3,0.0,0.0,18.0,63.8,0,0,0,
2026-07-18,03:25:23,maceta1,105.0,109.0,76.3,74.3,75.3,0.0,0.0,18.1,69.3,0,0,0,
2026-07-18,03:25:23,maceta2,97.0,98.0,80.4,79.9,80.1,0.0,0.0,17.8,64.2,0,0,0,
2026-07-18,04:25:29,maceta1,105.0,109.0,76.2,74.0,75.1,0.0,0.0,17.8,69.4,0,0,0,
2026-07-18,04:25:29,maceta2,98.0,99.0,80.1,79.6,79.9,0.0,0.0,17.5,63.9,0,0,0,
2026-07-18,05:25:34,maceta1,106.0,110.0,76.0,73.8,74.9,0.0,0.0,17.7,69.8,0,0,0,
2026-07-18,05:25:34,maceta2,98.0,99.0,79.8,79.4,79.6,0.0,0.0,17.4,63.5,0,0,0,
2026-07-18,06:25:39,maceta1,106.0,110.0,75.7,73.6,74.7,0.0,0.0,17.6,69.6,0,0,0,
2026-07-18,06:25:39,maceta2,99.0,99.0,79.6,79.3,79.5,0.0,0.0,17.3,62.4,0,0,0,
2026-07-18,07:25:45,maceta1,106.0,111.0,75.6,73.3,74.4,0.0,0.0,17.5,67.0,0,0,0,
2026-07-18,07:25:45,maceta2,99.0,100.0,79.5,79.2,79.3,0.0,0.0,17.2,61.9,0,0,0,
2026-07-18,08:25:50,maceta1,107.0,111.0,75.3,73.2,74.3,0.0,0.0,17.4,66.9,0,0,0,
2026-07-18,08:25:50,maceta2,99.0,100.0,79.3,79.0,79.2,0.0,0.0,17.1,63.0,0,0,0,
2026-07-18,09:26:01,maceta1,107.0,112.0,75.2,72.9,74.1,1.7,0.0001,17.4,67.7,0,0,0,
2026-07-18,09:26:01,maceta2,100.0,100.0,79.1,78.9,79.0,1.2,0.0001,17.0,64.7,0,0,0,
2026-07-18,10:26:06,maceta1,108.0,112.0,75.0,72.7,73.8,5.0,0.0004,17.3,68.8,0,0,0,
2026-07-18,10:26:06,maceta2,100.0,100.0,78.8,78.7,78.8,3.3,0.0003,17.0,65.4,0,0,0,
2026-07-18,11:26:12,maceta1,108.0,112.0,74.7,72.4,73.6,7.5,0.0008,17.3,67.8,0,0,0,
2026-07-18,11:26:12,maceta2,101.0,101.0,78.6,78.6,78.6,5.4,0.0006,17.0,66.0,0,0,0,
2026-07-18,12:26:17,maceta1,108.0,113.0,74.6,72.3,73.4,7.9,0.0012,17.2,69.1,0,0,0,
2026-07-18,12:26:17,maceta2,101.0,101.0,78.4,78.4,78.4,5.4,0.0009,17.0,66.2,0,0,0,
2026-07-18,13:26:22,maceta1,109.0,113.0,74.4,72.0,73.2,21.7,0.0027,17.2,69.2,0,0,0,
2026-07-18,13:26:22,maceta2,101.0,101.0,78.3,78.2,78.3,15.0,0.0019,17.0,66.0,0,0,0,
2026-07-18,14:26:28,maceta1,109.0,114.0,74.3,71.8,73.1,14.6,0.0043,17.4,68.9,0,0,0,
2026-07-18,14:26:28,maceta2,101.0,102.0,78.2,78.1,78.1,10.0,0.003,17.2,67.2,0,0,0,
2026-07-18,15:26:33,maceta1,109.0,114.0,74.1,71.5,72.8,106.7,1.0479,17.4,69.6,1,0,0,
2026-07-18,15:26:33,maceta2,102.0,102.0,78.0,78.0,78.0,17.9,0.0042,17.2,66.4,1,0,0,
2026-07-18,16:26:39,maceta1,110.0,115.0,73.9,71.3,72.6,95.8,3.1334,19.4,62.8,1,0,0,
2026-07-18,16:26:39,maceta2,102.0,102.0,77.9,77.9,77.9,127.9,2.0918,18.4,62.2,1,0,0,
2026-07-18,17:26:44,maceta1,110.0,115.0,73.8,71.0,72.4,90.0,5.2181,19.6,63.1,1,0,0,
2026-07-18,17:26:44,maceta2,102.0,102.0,77.6,77.6,77.6,125.8,4.1789,18.7,61.2,1,0,0,
2026-07-18,18:26:49,maceta1,110.0,128.0,73.7,64.2,68.9,83.8,7.3026,19.6,63.2,1,0,0,Discrepancia alta entre sensores de humedad
2026-07-18,18:26:49,maceta2,103.0,103.0,77.4,77.5,77.5,120.8,6.2658,18.8,60.8,1,0,0,
2026-07-18,19:26:56,maceta1,111.0,116.0,73.4,70.7,72.0,85.4,9.3873,19.5,63.4,1,0,0,
2026-07-18,19:26:56,maceta2,103.0,103.0,77.2,77.3,77.2,117.5,8.3528,18.8,60.5,1,0,0,
2026-07-18,20:27:02,maceta1,128.0,116.0,64.2,70.4,67.3,82.5,11.4719,19.5,63.5,1,0,0,Discrepancia alta entre sensores de humedad
2026-07-18,20:27:02,maceta2,104.0,104.0,77.0,77.1,77.1,123.8,10.4401,18.6,61.0,1,0,0,
2026-07-18,21:27:07,maceta1,111.0,117.0,73.0,70.2,71.6,83.8,13.5563,19.5,64.3,1,0,0,
2026-07-18,21:27:07,maceta2,104.0,104.0,76.9,76.9,76.9,121.2,12.5268,18.5,62.0,1,0,0,
2026-07-18,22:27:12,maceta1,112.0,117.0,72.8,70.0,71.4,84.2,15.6407,19.5,64.0,0,0,0,
2026-07-18,22:27:12,maceta2,104.0,104.0,76.7,76.6,76.7,122.1,14.6138,18.4,61.9,0,0,0,
2026-07-18,23:27:18,maceta1,112.0,117.0,72.6,69.8,71.2,0.0,15.6407,18.0,69.0,0,0,0,
2026-07-18,23:27:18,maceta2,105.0,105.0,76.5,76.4,76.5,0.0,14.6138,17.4,63.9,0,0,0,
2026-07-19,00:27:23,maceta1,112.0,118.0,72.5,69.6,71.0,0.0,0.0,17.4,70.5,0,0,0,
2026-07-19,00:27:23,maceta2,105.0,105.0,76.2,76.3,76.2,0.0,0.0,17.0,64.6,0,0,0,
2026-07-19,01:27:29,maceta1,113.0,118.0,72.3,69.4,70.8,0.0,0.0,17.2,70.0,0,0,0,
2026-07-19,01:27:29,maceta2,105.0,105.0,76.1,76.1,76.1,0.0,0.0,16.7,65.0,0,0,0,
2026-07-19,02:27:34,maceta1,113.0,119.0,72.1,69.1,70.6,0.0,0.0,17.0,70.0,0,0,0,
2026-07-19,02:27:34,maceta2,106.0,106.0,75.9,75.9,75.9,0.0,0.0,16.5,64.7,0,0,0,
2026-07-19,03:27:40,maceta1,113.0,119.0,71.9,68.9,70.4,0.0,0.0,16.8,71.3,0,0,0,
2026-07-19,03:27:40,maceta2,106.0,106.0,75.6,75.7,75.6,0.0,0.0,16.4,64.9,0,0,0,
2026-07-19,04:27:45,maceta1,114.0,120.0,71.7,68.6,70.2,0.0,0.0,16.7,71.3,0,0,0,
2026-07-19,04:27:45,maceta2,107.0,107.0,75.4,75.5,75.4,0.0,0.0,16.4,64.7,0,0,0,
2026-07-19,05:27:51,maceta1,114.0,120.0,71.6,68.4,70.0,0.0,0.0,16.6,71.7,0,0,0,
2026-07-19,05:27:51,maceta2,107.0,107.0,75.1,75.2,75.2,0.0,0.0,16.2,64.5,0,0,0,
2026-07-19,06:27:56,maceta1,114.0,121.0,71.4,68.2,69.8,0.0,0.0,16.5,71.5,0,0,0,
2026-07-19,06:27:56,maceta2,108.0,107.0,74.8,75.1,75.0,0.0,0.0,16.1,64.6,0,0,0,
2026-07-19,07:28:01,maceta1,115.0,121.0,71.1,67.9,69.5,0.0,0.0,16.4,69.8,0,0,0,
2026-07-19,07:28:01,maceta2,108.0,108.0,74.6,75.0,74.8,0.0,0.0,16.1,64.9,0,0,0,
2026-07-19,08:28:07,maceta1,115.0,121.0,70.9,67.7,69.3,0.8,0.0,16.3,71.4,0,0,0,
2026-07-19,08:28:07,maceta2,109.0,108.0,74.5,74.9,74.7,0.8,0.0,16.0,64.8,0,0,0,
2026-07-19,09:28:12,maceta1,116.0,122.0,70.7,67.5,69.1,1.2,0.0003,16.2,71.2,0,0,0,
2026-07-19,09:28:12,maceta2,109.0,108.0,74.2,74.6,74.4,1.2,0.0002,15.8,65.2,0,0,0,
2026-07-19,10:28:18,maceta1,116.0,122.0,70.5,67.3,68.9,5.0,0.0009,16.1,70.9,0,0,0,
2026-07-19,10:28:18,maceta2,109.0,109.0,74.1,74.5,74.3,3.8,0.0006,15.7,64.9,0,0,0,
2026-07-19,11:28:23,maceta1,117.0,123.0,70.2,67.0,68.6,16.2,0.0017,16.0,68.5,0,0,0,
2026-07-19,11:28:23,maceta2,110.0,109.0,73.9,74.3,74.1,11.2,0.0012,15.7,64.8,0,0,0,
2026-07-19,12:28:29,maceta1,117.0,123.0,70.0,66.9,68.4,15.8,0.0027,16.0,69.2,0,0,0,
2026-07-19,12:28:29,maceta2,110.0,109.0,73.8,74.1,74.0,11.2,0.0019,15.7,64.8,0,0,0,
2026-07-19,13:28:34,maceta1,118.0,123.0,69.7,66.6,68.1,15.0,0.0036,15.9,68.8,0,0,0,
2026-07-19,13:28:34,maceta2,110.0,109.0,73.6,74.0,73.8,10.4,0.0026,15.6,64.5,0,0,0,
2026-07-19,14:28:40,maceta1,118.0,124.0,69.6,66.3,67.9,10.0,0.0048,16.0,69.9,0,0,0,
2026-07-19,14:28:40,maceta2,110.0,110.0,73.4,73.8,73.6,7.1,0.0034,15.7,64.5,0,0,0,
2026-07-19,15:28:45,maceta1,118.0,124.0,69.3,66.1,67.7,111.2,1.0489,16.0,67.0,1,0,0,
2026-07-19,15:28:45,maceta2,111.0,110.0,73.2,73.6,73.4,21.7,0.0049,15.8,64.0,1,0,0,
2026-07-19,16:28:52,maceta1,119.0,125.0,69.1,65.9,67.5,91.2,3.1346,18.0,62.7,1,0,0,
2026-07-19,16:28:52,maceta2,111.0,110.0,72.9,73.4,73.2,127.9,2.093,17.0,61.2,1,0,0,
2026-07-19,17:28:58,maceta1,119.0,125.0,69.0,65.8,67.4,87.9,5.2195,18.0,62.6,1,0,0,
2026-07-19,17:28:58,maceta2,112.0,111.0,72.7,73.3,73.0,125.8,4.1803,17.0,61.3,1,0,0,
2026-07-19,18:29:04,maceta1,119.0,125.0,68.7,65.7,67.2,85.0,7.3045,18.0,62.9,1,0,0,
2026-07-19,18:29:04,maceta2,112.0,111.0,72.5,73.0,72.8,122.1,6.2678,17.0,60.8,1,0,0,
2026-07-19,19:29:10,maceta1,120.0,126.0,68.5,65.5,67.0,85.0,9.3893,18.0,62.9,1,0,0,
2026-07-19,19:29:10,maceta2,113.0,112.0,72.3,72.8,72.5,124.6,8.3551,16.9,60.2,1,0,0,
2026-07-19,20:29:16,maceta1,120.0,126.0,68.3,65.2,66.8,82.5,11.4735,17.9,62.0,1,0,0,
2026-07-19,20:29:16,maceta2,113.0,112.0,72.0,72.6,72.3,122.5,10.442,16.8,59.3,1,0,0,
2026-07-19,21:29:21,maceta1,120.0,126.0,68.2,65.0,66.6,83.8,13.5579,17.8,61.0,1,0,0,
2026-07-19,21:29:21,maceta2,114.0,112.0,71.7,72.5,72.1,123.3,12.529,16.7,57.9,1,0,0,
2026-07-19,22:29:27,maceta1,121.0,127.0,67.9,64.8,66.4,80.4,15.642,17.8,61.2,0,0,0,
2026-07-19,22:29:27,maceta2,114.0,112.0,71.5,72.4,72.0,122.9,14.6158,16.7,57.5,0,0,0,
2026-07-19,23:29:32,maceta1,121.0,127.0,67.8,64.6,66.2,0.0,15.642,16.2,65.8,0,0,0,
2026-07-19,23:29:32,maceta2,114.0,113.0,71.4,72.2,71.8,0.0,14.6158,15.5,58.9,0,0,0,
2026-07-20,00:29:38,maceta1,121.0,127.0,67.6,64.5,66.1,0.0,0.0,15.6,67.1,0,0,0,
2026-07-20,00:29:38,maceta2,115.0,113.0,71.3,72.0,71.6,0.0,0.0,15.2,59.5,0,0,0,
2026-07-20,01:29:44,maceta1,122.0,128.0,67.4,64.3,65.9,0.0,0.0,15.5,66.4,0,0,0,Discrepancia alta entre sensores de humedad
2026-07-20,01:29:44,maceta2,115.0,113.0,71.0,71.9,71.5,0.0,0.0,15.0,59.8,0,0,0,
2026-07-20,02:29:49,maceta1,122.0,128.0,67.2,64.2,65.7,0.0,0.0,15.3,67.9,0,0,0,Discrepancia alta entre sensores de humedad
2026-07-20,02:29:49,maceta2,115.0,114.0,70.9,71.7,71.3,0.0,0.0,15.0,59.6,0,0,0,
2026-07-20,03:29:55,maceta1,123.0,129.0,67.0,63.9,65.4,0.0,0.0,15.2,66.6,0,0,0,
2026-07-20,03:29:55,maceta2,116.0,114.0,70.7,71.5,71.1,0.0,0.0,14.9,59.8,0,0,0,
2026-07-20,04:30:00,maceta1,123.0,129.0,66.8,63.7,65.3,0.0,0.0,15.0,66.4,0,0,0,
2026-07-20,04:30:00,maceta2,116.0,115.0,70.5,71.2,70.8,0.0,0.0,14.8,59.8,0,0,0,
2026-07-20,05:00:03,maceta1,123.0,130.0,66.7,63.4,65.1,0.0,0.0,15.0,67.1,0,0,0,
2026-07-20,05:00:03,maceta2,116.0,115.0,70.3,71.0,70.6,0.0,0.0,14.7,60.3,0,0,0,
2026-07-20,06:00:08,maceta1,123.0,130.0,66.6,63.2,64.9,0.0,0.0,15.0,68.3,0,0,0,
2026-07-20,06:00:08,maceta2,117.0,115.0,70.0,70.8,70.4,0.0,0.0,14.6,60.8,0,0,0,
2026-07-20,07:00:14,maceta1,124.0,130.0,66.5,62.9,64.7,0.0,0.0,14.9,69.6,0,0,0,
2026-07-20,07:00:14,maceta2,117.0,116.0,69.9,70.6,70.2,0.0,0.0,14.5,60.8,0,0,0,
2026-07-20,08:00:19,maceta1,124.0,131.0,66.3,62.7,64.5,0.0,0.0,14.8,68.6,0,0,0,
2026-07-20,08:00:19,maceta2,118.0,116.0,69.7,70.3,70.0,0.0,0.0,14.4,61.2,0,0,0,
2026-07-20,09:00:25,maceta1,124.0,131.0,66.2,62.5,64.3,1.7,0.0001,14.7,68.2,0,0,0,
2026-07-20,09:00:25,maceta2,118.0,117.0,69.4,70.1,69.7,1.2,0.0001,14.3,61.5,0,0,0,
2026-07-20,10:00:30,maceta1,125.0,132.0,66.0,62.2,64.1,11.2,0.0006,14.6,68.5,0,0,0,
2026-07-20,10:00:30,maceta2,119.0,117.0,69.1,69.9,69.5,7.9,0.0005,14.3,61.4,0,0,0,
2026-07-20,11:00:35,maceta1,125.0,132.0,65.9,62.0,64.0,21.2,0.0019,14.7,68.4,0,0,0,
2026-07-20,11:00:35,maceta2,119.0,118.0,69.0,69.6,69.3,14.6,0.0013,14.4,62.1,0,0,0,
2026-07-20,12:00:41,maceta1,125.0,133.0,65.8,61.8,63.8,32.9,0.0038,14.7,70.4,0,0,0,
2026-07-20,12:00:41,maceta2,119.0,118.0,68.8,69.4,69.1,22.5,0.0027,14.4,62.3,0,0,0,
2026-07-20,13:00:46,maceta1,125.0,133.0,65.5,61.7,63.6,34.2,0.0057,14.8,68.2,0,0,0,
2026-07-20,13:00:46,maceta2,120.0,119.0,68.6,69.2,68.9,24.2,0.0039,14.6,62.2,0,0,0,
2026-07-20,14:00:52,maceta1,126.0,133.0,65.3,61.5,63.4,61.7,0.0092,14.8,65.9,0,0,0,
2026-07-20,14:00:52,maceta2,120.0,119.0,68.4,69.1,68.7,44.6,0.0064,14.6,62.2,0,0,0,
2026-07-20,15:00:57,maceta1,126.0,133.0,65.1,61.3,63.2,25.4,0.0122,15.0,65.6,1,0,0,
2026-07-20,15:00:57,maceta2,120.0,119.0,68.2,68.9,68.6,20.0,0.0088,14.9,62.2,0,0,0,
2026-07-20,16:01:03,maceta1,127.0,134.0,64.9,61.1,63.0,100.0,2.0978,16.7,62.7,1,0,0,
2026-07-20,16:01:03,maceta2,121.0,128.0,67.9,64.2,66.1,139.2,1.0534,14.9,62.1,1,0,0,Discrepancia alta entre sensores de humedad
2026-07-20,17:01:09,maceta1,127.0,134.0,64.8,61.0,62.9,90.4,4.1825,17.2,62.0,1,0,0,
2026-07-20,17:01:09,maceta2,121.0,120.0,67.8,68.7,68.2,124.6,3.1405,16.3,59.3,1,0,0,
2026-07-20,18:01:14,maceta1,127.0,135.0,64.5,60.7,62.6,82.1,6.2668,17.3,61.3,1,0,0,
2026-07-20,18:01:14,maceta2,122.0,120.0,67.6,68.4,68.0,122.5,5.2275,16.4,58.7,1,0,0,
2026-07-20,19:01:20,maceta1,128.0,135.0,64.3,60.6,62.4,82.9,8.351,17.2,61.1,1,0,0,Discrepancia alta entre sensores de humedad
2026-07-20,19:01:20,maceta2,122.0,120.0,67.4,68.3,67.9,121.7,7.3142,16.3,59.1,1,0,0,
2026-07-20,20:01:26,maceta1,128.0,135.0,64.1,60.4,62.2,83.8,10.4358,17.2,61.0,1,0,0,Discrepancia alta entre sensores de humedad
2026-07-20,20:01:26,maceta2,122.0,121.0,67.2,68.2,67.7,122.1,9.4018,16.3,58.8,1,0,0,
2026-07-20,21:01:32,maceta1,128.0,136.0,64.0,60.2,62.1,84.6,12.5201,17.2,61.2,1,0,0,Discrepancia alta entre sensores de humedad
2026-07-20,21:01:32,maceta2,123.0,121.0,67.0,67.9,67.5,123.3,11.4889,16.1,59.3,1,0,0,
2026-07-20,22:01:37,maceta1,129.0,136.0,63.8,60.0,61.9,82.9,14.6044,17.2,61.2,0,0,0,
2026-07-20,22:01:37,maceta2,123.0,121.0,66.8,67.8,67.3,121.2,13.5757,16.1,58.9,0,0,0,
2026-07-20,23:01:43,maceta1,129.0,136.0,63.6,59.9,61.8,0.0,14.6044,15.7,67.4,0,0,0,
2026-07-20,23:01:43,maceta2,124.0,122.0,66.5,67.6,67.1,0.0,13.5757,15.0,60.8,0,0,0,
2026-07-21,00:01:48,maceta1,129.0,137.0,63.5,59.6,61.6,0.0,0.0,15.2,69.1,0,0,0,
2026-07-21,00:01:48,maceta2,124.0,122.0,66.3,67.5,66.9,0.0,0.0,14.8,62.0,0,0,0,
2026-07-21,01:01:53,maceta1,130.0,137.0,63.4,59.5,61.5,0.0,0.0,15.0,69.3,0,0,0,
2026-07-21,01:01:53,maceta2,124.0,122.0,66.1,67.4,66.7,0.0,0.0,14.7,62.2,0,0,0,
2026-07-21,02:01:59,maceta1,130.0,137.0,63.1,59.4,61.3,0.0,0.0,14.9,68.6,0,0,0,
2026-07-21,02:01:59,maceta2,125.0,123.0,65.9,67.1,66.5,0.0,0.0,14.5,61.9,0,0,0,
2026-07-21,03:02:04,maceta1,130.0,137.0,62.9,59.2,61.1,0.0,0.0,14.7,70.0,0,0,0,
2026-07-21,03:02:04,maceta2,125.0,123.0,65.7,67.0,66.3,0.0,0.0,14.3,61.7,0,0,0,
2026-07-21,04:02:10,maceta1,131.0,138.0,62.8,59.1,60.9,0.0,0.0,14.7,70.7,0,0,0,
2026-07-21,04:02:10,maceta2,125.0,128.0,65.6,64.2,64.9,0.0,0.0,14.2,61.7,0,0,0,Discrepancia alta entre sensores de humedad
2026-07-21,05:02:15,maceta1,131.0,138.0,62.5,58.8,60.7,0.0,0.0,14.5,67.9,0,0,0,
2026-07-21,05:02:15,maceta2,126.0,123.0,65.5,66.7,66.1,0.0,0.0,14.0,62.1,0,0,0,
2026-07-21,06:02:20,maceta1,132.0,139.0,62.3,58.6,60.5,0.0,0.0,14.4,68.9,0,0,0,
2026-07-21,06:02:20,maceta2,126.0,124.0,65.2,66.5,65.8,0.0,0.0,14.0,61.4,0,0,0,
2026-07-21,07:02:26,maceta1,132.0,139.0,62.0,58.5,60.3,0.0,0.0,14.3,68.0,0,0,0,
2026-07-21,07:02:26,maceta2,126.0,124.0,65.1,66.2,65.6,0.0,0.0,13.9,62.2,0,0,0,
2026-07-21,08:02:31,maceta1,132.0,139.0,61.9,58.2,60.0,0.0,0.0,14.3,68.4,0,0,0,
2026-07-21,08:02:31,maceta2,127.0,125.0,64.9,65.9,65.4,0.0,0.0,13.9,62.4,0,0,0,
2026-07-21,09:02:37,maceta1,133.0,140.0,61.8,58.1,59.9,5.0,0.0002,14.2,69.0,0,0,0,
2026-07-21,09:02:37,maceta2,128.0,125.0,64.2,65.6,64.9,3.8,0.0001,13.8,62.9,0,0,0,Discrepancia alta entre sensores de humedad
2026-07-21,10:02:42,maceta1,133.0,140.0,61.6,58.0,59.8,5.8,0.0006,14.1,69.6,0,0,0,
2026-07-21,10:02:42,maceta2,127.0,126.0,64.5,65.4,65.0,4.2,0.0004,13.8,63.0,0,0,0,
2026-07-21,11:02:47,maceta1,133.0,140.0,61.5,57.8,59.6,605.4,0.0211,14.2,70.8,0,0,0,
2026-07-21,11:02:47,maceta2,128.0,126.0,64.2,65.2,64.7,335.0,0.0118,13.9,63.2,0,0,0,Discrepancia alta entre sensores de humedad
2026-07-21,12:02:53,maceta1,133.0,141.0,61.3,57.5,59.4,603.8,0.0613,14.4,70.4,0,0,0,
2026-07-21,12:02:53,maceta2,128.0,126.0,64.0,65.0,64.5,334.6,0.0341,14.0,63.3,0,0,0,Discrepancia alta entre sensores de humedad
2026-07-21,13:02:58,maceta1,134.0,141.0,61.1,57.3,59.2,601.2,0.1015,14.4,67.6,0,0,0,
2026-07-21,13:02:58,maceta2,129.0,127.0,63.8,64.9,64.3,332.9,0.0564,14.0,63.5,0,0,0,
2026-07-21,14:03:04,maceta1,134.0,141.0,60.9,57.1,59.0,602.1,0.1418,14.3,67.7,0,0,0,
2026-07-21,14:03:04,maceta2,129.0,127.0,63.6,64.7,64.2,333.3,0.0787,13.9,63.6,0,0,0,
2026-07-21,15:03:09,maceta1,135.0,142.0,60.7,57.0,58.8,604.6,0.1822,14.3,70.5,1,0,0,
2026-07-21,15:03:09,maceta2,130.0,127.0,63.4,64.5,63.9,337.9,0.1012,13.9,64.1,0,0,0,
2026-07-21,16:03:15,maceta1,135.0,142.0,60.5,56.8,58.6,693.3,2.3076,16.0,67.0,1,0,0,
2026-07-21,16:03:15,maceta2,130.0,128.0,63.1,64.3,63.7,462.1,1.1676,13.9,64.5,1,0,0,Discrepancia alta entre sensores de humedad
2026-07-21,17:03:20,maceta1,136.0,142.0,60.3,56.6,58.4,693.3,4.4328,16.4,63.1,1,0,0,
2026-07-21,17:03:20,maceta2,130.0,128.0,62.9,64.1,63.5,461.7,3.2773,15.2,61.7,1,0,0,Discrepancia alta entre sensores de humedad
2026-07-21,18:03:25,maceta1,136.0,128.0,60.1,64.2,62.2,680.8,6.5571,16.5,63.1,1,0,0,Discrepancia alta entre sensores de humedad
2026-07-21,18:03:25,maceta2,131.0,128.0,62.8,64.0,63.4,454.6,5.3864,15.2,61.4,1,0,0,Discrepancia alta entre sensores de humedad
2026-07-21,19:03:31,maceta1,136.0,143.0,59.8,56.2,58.0,684.6,8.6814,16.6,62.8,1,0,0,
2026-07-21,19:03:31,maceta2,131.0,129.0,62.7,63.8,63.2,455.8,7.4955,15.1,60.5,1,0,0,
2026-07-21,20:03:36,maceta1,137.0,144.0,59.6,56.0,57.8,681.2,10.8056,16.5,62.7,1,0,0,
2026-07-21,20:03:36,maceta2,131.0,129.0,62.5,63.5,63.0,455.4,9.6046,15.0,59.8,1,0,0,
2026-07-21,21:03:42,maceta1,137.0,144.0,59.3,55.8,57.5,682.1,12.9298,16.5,62.2,1,0,0,
2026-07-21,21:03:42,maceta2,132.0,130.0,62.3,63.3,62.8,455.4,11.7137,15.0,59.6,1,0,0,
2026-07-21,22:03:47,maceta1,138.0,144.0,59.1,55.6,57.4,683.3,15.054,16.4,62.5,0,0,0,
2026-07-21,22:03:47,maceta2,132.0,130.0,62.1,63.2,62.6,452.5,13.8227,15.0,59.3,0,0,0,
2026-07-21,23:03:53,maceta1,138.0,145.0,58.9,55.4,57.2,594.6,15.0937,14.9,66.5,0,0,0,
2026-07-21,23:03:53,maceta2,132.0,130.0,61.9,63.0,62.4,328.8,13.8446,13.9,61.4,0,0,0,
2026-07-22,00:03:58,maceta1,138.0,145.0,58.7,55.3,57.0,594.2,0.0198,14.3,70.2,0,0,0,
2026-07-22,00:03:58,maceta2,133.0,131.0,61.7,62.8,62.2,328.3,0.011,13.6,62.0,0,0,0,
2026-07-22,01:04:03,maceta1,139.0,145.0,58.6,55.0,56.8,594.2,0.0594,14.1,69.7,0,0,0,
2026-07-22,01:04:03,maceta2,133.0,131.0,61.4,62.5,62.0,328.8,0.0329,13.4,61.9,0,0,0,
2026-07-22,02:04:09,maceta1,139.0,146.0,58.3,54.8,56.6,593.8,0.0991,14.0,69.0,0,0,0,
2026-07-22,02:04:09,maceta2,134.0,132.0,61.2,62.3,61.7,328.3,0.0548,13.3,61.5,0,0,0,
2026-07-22,03:04:14,maceta1,139.0,146.0,58.2,54.7,56.4,594.2,0.1387,13.9,67.7,0,0,0,
2026-07-22,03:04:14,maceta2,134.0,132.0,60.9,62.2,61.6,328.3,0.0767,13.2,61.6,0,0,0,
2026-07-22,04:04:20,maceta1,140.0,147.0,58.1,54.4,56.2,594.2,0.1783,13.7,67.6,0,0,0,
2026-07-22,04:04:20,maceta2,135.0,132.0,60.8,62.1,61.4,328.3,0.0986,13.1,61.6,0,0,0,
2026-07-22,05:04:25,maceta1,140.0,147.0,57.9,54.2,56.0,594.2,0.218,13.6,67.4,0,0,0,
2026-07-22,05:04:25,maceta2,135.0,132.0,60.6,61.9,61.2,328.3,0.1205,13.0,61.6,0,0,0,
2026-07-22,06:04:30,maceta1,140.0,147.0,57.8,54.0,55.9,594.2,0.2576,13.5,67.2,0,0,0,
2026-07-22,06:04:30,maceta2,135.0,133.0,60.4,61.6,61.0,328.3,0.1424,12.9,61.1,0,0,0,
2026-07-22,07:04:36,maceta1,141.0,148.0,57.5,53.7,55.6,594.2,0.2972,13.4,67.5,0,0,0,
2026-07-22,07:04:36,maceta2,136.0,134.0,60.1,61.3,60.7,328.3,0.1643,12.8,60.9,0,0,0,
2026-07-22,08:04:41,maceta1,141.0,148.0,57.4,53.6,55.5,594.2,0.3368,13.3,65.7,0,0,0,
2026-07-22,08:04:41,maceta2,136.0,134.0,59.9,61.0,60.5,328.3,0.1862,12.6,61.0,0,0,0,
2026-07-22,09:04:47,maceta1,141.0,149.0,57.3,53.3,55.3,597.5,0.3766,13.1,65.6,0,0,0,
2026-07-22,09:04:47,maceta2,136.0,135.0,59.8,60.8,60.3,330.8,0.2082,12.5,60.7,0,0,0,
2026-07-22,10:04:52,maceta1,142.0,149.0,57.0,53.1,55.0,5.8,0.3969,13.0,65.0,0,0,0,
2026-07-22,10:04:52,maceta2,137.0,135.0,59.7,60.5,60.1,4.2,0.2195,12.5,60.6,0,0,0,
2026-07-22,11:04:58,maceta1,142.0,150.0,56.8,52.9,54.8,17.1,0.3983,12.8,66.0,0,0,0,
2026-07-22,11:04:58,maceta2,137.0,136.0,59.5,60.2,59.9,12.1,0.2204,12.3,60.5,0,0,0,
2026-07-22,12:05:03,maceta1,142.0,150.0,56.7,52.6,54.6,17.5,0.3995,12.8,66.1,0,0,0,
2026-07-22,12:05:03,maceta2,137.0,136.0,59.2,60.1,59.7,12.1,0.2213,12.3,61.3,0,0,0,
2026-07-22,13:05:08,maceta1,143.0,150.0,56.5,52.4,54.4,25.4,0.4013,12.9,67.4,0,0,0,
2026-07-22,13:05:08,maceta2,138.0,136.0,59.0,59.8,59.4,17.9,0.2225,12.5,61.1,0,0,0,
2026-07-22,14:05:14,maceta1,143.0,151.0,56.3,52.3,54.3,18.3,0.4032,12.9,65.0,0,0,0,
2026-07-22,14:05:14,maceta2,138.0,137.0,58.8,59.5,59.2,12.9,0.2239,12.5,61.1,0,0,0,
2026-07-22,15:05:19,maceta1,143.0,151.0,56.1,52.0,54.1,29.2,0.4051,12.9,65.8,1,0,0,
2026-07-22,15:05:19,maceta2,139.0,137.0,58.6,59.4,59.0,21.2,0.2253,12.6,60.9,0,0,0,
2026-07-22,16:05:26,maceta1,144.0,152.0,56.0,51.8,53.9,69.2,2.4897,13.7,62.5,1,0,0,
2026-07-22,16:05:26,maceta2,139.0,137.0,58.5,59.2,58.9,129.2,1.2696,12.8,60.9,1,0,0,
2026-07-22,17:05:38,maceta1,144.0,152.0,55.9,51.6,53.8,675.8,4.5973,14.0,60.8,1,0,0,
2026-07-22,17:05:38,maceta2,139.0,138.0,58.2,59.1,58.6,467.5,3.3723,14.1,57.0,1,0,0,
2026-07-22,18:02:53,maceta1,144.0,152.0,55.7,51.5,53.6,597.9,0.0,14.4,61.9,1,0,0,
2026-07-22,18:02:53,maceta2,140.0,138.0,58.0,58.9,58.4,332.1,0.0,14.4,56.8,1,0,0,
2026-07-22,19:00:38,maceta1,145.0,128.0,55.5,64.2,59.8,661.2,2.0403,14.5,61.0,1,0,0,Discrepancia alta entre sensores de humedad
2026-07-22,19:00:38,maceta2,140.0,139.0,57.8,58.6,58.2,459.2,2.027,14.3,57.6,1,0,0,
2026-07-22,20:00:33,maceta1,145.0,153.0,55.2,51.1,53.2,685.0,4.1579,16.7,61.3,1,0,0,
2026-07-22,20:00:33,maceta2,141.0,139.0,57.5,58.4,58.0,457.9,4.13,15.1,56.3,1,0,0,
2026-07-22,21:00:15,maceta1,145.0,153.0,55.0,50.8,52.9,85.0,6.2518,16.2,61.9,1,0,0,
2026-07-22,21:00:15,maceta2,141.0,140.0,57.2,58.2,57.7,124.6,6.2161,14.5,57.7,1,0,0,
2026-07-22,22:00:55,maceta1,146.0,154.0,54.8,50.7,52.7,83.8,8.3565,15.6,60.2,0,0,0,
2026-07-22,22:00:55,maceta2,142.0,140.0,57.0,57.9,57.4,118.3,8.3234,14.1,57.0,0,0,0,
2026-07-22,23:00:40,maceta1,146.0,154.0,54.7,50.5,52.6,0.0,8.3565,13.4,68.2,0,0,0,
2026-07-22,23:00:40,maceta2,142.0,140.0,56.9,57.7,57.3,0.0,8.3234,12.9,59.0,0,0,0,
2026-07-23,00:00:15,maceta1,147.0,154.0,54.4,50.4,52.4,0.0,0.0,13.1,71.8,0,0,0,
2026-07-23,00:00:15,maceta2,142.0,128.0,56.6,64.2,60.4,0.0,0.0,12.7,59.7,0,0,0,Discrepancia alta entre sensores de humedad
2026-07-23,01:00:53,maceta1,147.0,155.0,54.2,50.2,52.2,0.0,0.0,13.0,71.0,0,0,0,
2026-07-23,01:00:53,maceta2,143.0,141.0,56.3,57.3,56.8,0.0,0.0,12.5,60.3,0,0,0,
2026-07-23,02:00:28,maceta1,147.0,155.0,54.1,49.9,52.0,0.0,0.0,12.9,67.6,0,0,1,
2026-07-23,02:00:28,maceta2,143.0,142.0,56.2,57.0,56.6,0.0,0.0,12.5,60.6,0,0,0,
2026-07-23,03:00:03,maceta1,93.0,97.0,82.4,80.7,81.6,0.0,0.0,12.7,67.3,0,0,0,
2026-07-23,03:00:03,maceta2,144.0,142.0,56.0,56.8,56.4,0.0,0.0,12.3,60.9,0,0,0,
2026-07-23,04:00:42,maceta1,128.0,97.0,64.2,80.6,72.4,0.0,0.0,12.5,66.9,0,0,0,Discrepancia alta entre sensores de humedad
2026-07-23,04:00:42,maceta2,144.0,143.0,55.8,56.5,56.2,0.0,0.0,12.1,61.1,0,0,0,
2026-07-23,05:00:20,maceta1,94.0,97.0,82.0,80.3,81.1,0.0,0.0,12.5,67.1,0,0,0,
2026-07-23,05:00:20,maceta2,144.0,143.0,55.7,56.3,56.0,0.0,0.0,12.1,61.5,0,0,0,
2026-07-23,06:00:04,maceta1,95.0,98.0,81.7,80.1,80.9,0.0,0.0,12.5,67.0,0,0,0,
2026-07-23,06:00:04,maceta2,145.0,143.0,55.5,56.1,55.8,0.0,0.0,12.0,62.1,0,0,0,
2026-07-23,07:00:42,maceta1,95.0,98.0,81.6,79.8,80.7,0.0,0.0,12.3,67.0,0,0,0,
2026-07-23,07:00:42,maceta2,145.0,144.0,55.2,55.9,55.6,0.0,0.0,12.0,62.0,0,0,0,
2026-07-23,08:00:42,maceta1,95.0,99.0,81.4,79.7,80.6,0.0,0.0,12.3,67.4,0,0,0,
2026-07-23,08:00:42,maceta2,145.0,144.0,55.1,55.8,55.4,0.0,0.0,12.0,62.3,0,0,0,
2026-07-23,09:00:17,maceta1,96.0,99.0,81.1,79.6,80.4,1.2,0.0,12.3,69.7,0,0,0,
2026-07-23,09:00:17,maceta2,146.0,144.0,54.8,55.6,55.2,1.7,0.0,12.0,63.3,0,0,0,
2026-07-23,10:01:00,maceta1,96.0,99.0,80.8,79.4,80.1,4.6,0.0004,12.3,70.2,0,0,0,
2026-07-23,10:01:00,maceta2,146.0,145.0,54.7,55.3,55.0,3.8,0.0003,12.0,64.1,0,0,0,
2026-07-23,11:00:36,maceta1,97.0,100.0,80.7,79.2,79.9,18.8,0.0014,12.3,69.8,0,0,0,
2026-07-23,11:00:36,maceta2,146.0,145.0,54.6,55.0,54.8,13.3,0.001,12.0,64.8,0,0,0,
2026-07-23,12:00:32,maceta1,97.0,100.0,80.4,78.9,79.7,647.1,0.0031,12.5,72.5,0,0,0,
2026-07-23,12:00:32,maceta2,147.0,146.0,54.3,54.8,54.5,365.4,0.0018,12.2,65.8,0,0,0,
2026-07-23,13:18:48,maceta1,98.0,100.0,80.2,78.7,79.4,56.7,0.003,12.7,68.4,0,0,0,
2026-07-23,13:18:48,maceta2,147.0,146.0,54.2,54.7,54.4,40.0,0.0021,12.5,65.2,0,0,0,
2026-07-23,14:18:53,maceta1,98.0,101.0,79.9,78.4,79.2,26.7,0.0051,12.9,68.9,0,0,0,
2026-07-23,14:18:53,maceta2,148.0,147.0,53.9,54.4,54.2,18.8,0.0036,12.8,63.9,0,0,0,
2026-07-23,15:18:59,maceta1,98.0,101.0,79.8,78.2,79.0,107.5,1.0491,13.0,67.1,1,0,0,
2026-07-23,15:18:59,maceta2,148.0,147.0,53.7,54.3,54.0,17.1,0.005,12.8,63.2,1,0,0,
2026-07-23,16:19:04,maceta1,99.0,102.0,79.6,77.9,78.8,97.9,3.1349,15.2,63.5,1,0,0,
2026-07-23,16:19:04,maceta2,148.0,128.0,53.4,64.2,58.8,125.8,2.0924,14.1,61.1,1,0,0,Discrepancia alta entre sensores de humedad
2026-07-23,17:19:10,maceta1,99.0,102.0,79.4,77.8,78.6,92.1,5.2202,15.4,62.6,1,0,0,
2026-07-23,17:19:10,maceta2,149.0,148.0,53.2,53.8,53.5,123.8,4.1797,14.4,60.2,1,0,0,
2026-07-23,18:19:15,maceta1,100.0,128.0,79.1,64.2,71.7,85.8,7.3047,15.5,62.8,1,0,0,Discrepancia alta entre sensores de humedad
2026-07-23,18:19:15,maceta2,149.0,148.0,52.9,53.5,53.2,115.4,6.2663,14.4,60.2,1,0,0,
2026-07-23,19:19:21,maceta1,100.0,103.0,79.0,77.3,78.2,87.1,9.3892,15.4,62.2,1,0,0,
2026-07-23,19:19:21,maceta2,150.0,149.0,52.8,53.3,53.1,117.9,8.3528,14.1,60.1,1,0,0,
2026-07-23,20:19:26,maceta1,100.0,103.0,78.7,77.2,78.0,85.8,11.4736,15.3,62.8,1,0,0,
2026-07-23,20:19:26,maceta2,150.0,149.0,52.7,53.1,52.9,115.8,10.4392,14.0,60.1,1,0,0,
2026-07-23,21:19:32,maceta1,101.0,104.0,78.5,77.1,77.8,82.9,13.5578,15.2,62.9,1,0,0,
2026-07-23,21:19:32,maceta2,150.0,149.0,52.5,53.0,52.8,116.2,12.5257,13.9,60.6,1,0,0,
2026-07-23,22:19:37,maceta1,101.0,104.0,78.2,76.8,77.5,85.0,15.6423,15.2,62.7,0,0,0,
2026-07-23,22:19:37,maceta2,151.0,149.0,52.3,52.9,52.6,115.4,14.612,13.9,60.8,0,0,0,
2026-07-23,23:19:42,maceta1,102.0,104.0,77.9,76.6,77.2,0.0,15.6423,13.6,68.5,0,0,0,
2026-07-23,23:19:42,maceta2,151.0,150.0,52.1,52.6,52.4,0.0,14.612,12.9,62.6,0,0,0,
2026-07-24,00:19:48,maceta1,103.0,105.0,77.6,76.3,77.0,0.0,0.0,13.1,69.2,0,0,0,
2026-07-24,00:19:48,maceta2,151.0,151.0,52.0,52.3,52.2,0.0,0.0,12.7,62.7,0,0,0,
2026-07-24,01:19:53,maceta1,103.0,106.0,77.4,76.1,76.7,0.0,0.0,12.9,69.9,0,0,0,
2026-07-24,01:19:53,maceta2,152.0,151.0,51.8,52.2,52.0,0.0,0.0,12.5,62.8,0,0,0,
2026-07-24,02:19:59,maceta1,103.0,106.0,77.3,75.8,76.6,0.0,0.0,12.8,72.3,0,0,0,
2026-07-24,02:19:59,maceta2,152.0,151.0,51.7,52.0,51.8,0.0,0.0,12.3,63.2,0,0,0,
2026-07-24,03:20:06,maceta1,103.0,106.0,77.2,75.7,76.4,0.0,0.0,12.7,71.8,0,0,0,
2026-07-24,03:20:06,maceta2,152.0,152.0,51.4,51.7,51.6,0.0,0.0,12.3,63.1,0,0,0,
2026-07-24,04:20:11,maceta1,104.0,107.0,77.1,75.5,76.3,0.0,0.0,12.7,71.5,0,0,0,
2026-07-24,04:20:11,maceta2,153.0,152.0,51.3,51.6,51.5,0.0,0.0,12.3,63.7,0,0,0,
2026-07-24,05:20:17,maceta1,104.0,107.0,76.9,75.2,76.1,0.0,0.0,12.5,70.3,0,0,0,
2026-07-24,05:20:17,maceta2,153.0,152.0,51.1,51.5,51.3,0.0,0.0,12.2,63.8,0,0,0,
2026-07-24,06:20:22,maceta1,104.0,107.0,76.8,75.1,75.9,0.0,0.0,12.5,69.2,0,0,0,
2026-07-24,06:20:22,maceta2,128.0,153.0,64.2,51.3,57.8,0.0,0.0,12.1,64.1,0,0,0,Discrepancia alta entre sensores de humedad
2026-07-24,07:20:28,maceta1,104.0,108.0,76.6,74.8,75.7,0.0,0.0,12.5,69.0,0,0,0,
2026-07-24,07:20:28,maceta2,154.0,153.0,50.7,51.0,50.9,0.0,0.0,12.1,64.4,0,0,0,
2026-07-24,08:20:33,maceta1,105.0,108.0,76.4,74.6,75.5,0.0,0.0,12.4,69.5,0,0,0,
2026-07-24,08:20:33,maceta2,154.0,154.0,50.5,50.7,50.6,0.0,0.0,12.0,64.8,0,0,0,
2026-07-24,09:20:38,maceta1,105.0,109.0,76.1,74.4,75.2,4.2,0.0002,12.3,69.4,0,0,0,
2026-07-24,09:20:38,maceta2,154.0,154.0,50.4,50.5,50.4,3.3,0.0002,12.0,64.6,0,0,0,
2026-07-24,10:20:44,maceta1,106.0,109.0,76.0,74.2,75.1,5.4,0.0008,12.3,69.1,0,0,0,
2026-07-24,10:20:44,maceta2,155.0,154.0,50.2,50.3,50.3,3.8,0.0006,12.0,64.9,0,0,0,
2026-07-24,11:20:49,maceta1,106.0,109.0,75.7,74.1,74.9,17.1,0.0021,12.3,70.4,0,0,0,
2026-07-24,11:20:49,maceta2,155.0,155.0,49.9,50.1,50.0,11.7,0.0015,12.1,65.7,0,0,1,
2026-07-24,12:20:55,maceta1,107.0,110.0,75.4,73.9,74.7,23.3,0.0035,12.4,70.8,0,0,0,
2026-07-24,12:20:55,maceta2,90.0,90.0,84.0,84.5,84.2,16.2,0.0025,12.2,65.5,0,0,0,
2026-07-24,13:21:00,maceta1,107.0,110.0,75.2,73.7,74.4,38.3,0.0076,12.5,69.4,0,0,0,
2026-07-24,13:21:00,maceta2,91.0,90.0,83.8,84.3,84.0,27.1,0.0054,12.5,66.2,0,0,0,
2026-07-24,14:21:06,maceta1,108.0,110.0,74.9,73.5,74.2,63.3,0.0115,12.9,70.8,0,0,0,
2026-07-24,14:21:06,maceta2,91.0,90.0,83.6,84.0,83.8,45.4,0.0081,12.7,66.0,0,0,0,
2026-07-24,15:21:11,maceta1,108.0,111.0,74.6,73.3,74.0,125.4,1.056,13.0,70.8,1,0,0,
2026-07-24,15:21:11,maceta2,91.0,91.0,83.5,83.8,83.6,28.8,0.01,12.9,66.2,1,0,0,
2026-07-24,16:21:16,maceta1,109.0,111.0,74.4,73.1,73.8,96.7,3.1416,15.3,63.7,1,0,0,
2026-07-24,16:21:16,maceta2,92.0,91.0,83.3,83.6,83.5,123.8,2.0972,14.2,63.3,1,0,0,
2026-07-24,17:21:22,maceta1,109.0,112.0,74.1,72.8,73.5,94.2,5.2264,15.3,64.6,1,0,0,
2026-07-24,17:21:22,maceta2,92.0,92.0,83.1,83.3,83.2,122.5,4.1838,14.4,62.9,1,0,0,
2026-07-24,18:21:27,maceta1,110.0,112.0,73.9,72.6,73.3,87.1,7.311,15.4,65.7,1,0,0,
2026-07-24,18:21:27,maceta2,93.0,92.0,82.9,83.1,83.0,115.4,6.2704,14.4,62.9,1,0,0,
2026-07-24,19:21:32,maceta1,110.0,112.0,73.7,72.4,73.0,87.5,9.3954,15.4,64.6,1,0,0,
2026-07-24,19:21:32,maceta2,93.0,93.0,82.7,82.8,82.8,116.7,8.3567,14.2,62.8,1,0,0,
2026-07-24,20:21:38,maceta1,110.0,113.0,73.6,72.3,72.9,85.0,11.4798,15.4,64.7,1,0,0,
2026-07-24,20:21:38,maceta2,93.0,93.0,82.6,82.6,82.6,112.1,10.443,14.0,62.7,1,0,0,
2026-07-24,21:21:43,maceta1,111.0,113.0,73.4,72.1,72.7,82.9,13.564,15.3,65.0,1,0,0,
2026-07-24,21:21:43,maceta2,93.0,93.0,82.4,82.5,82.5,114.6,12.5292,14.0,62.8,1,0,0,
2026-07-24,22:21:49,maceta1,111.0,113.0,73.2,71.9,72.6,85.4,15.6484,15.4,64.9,0,0,0,
2026-07-24,22:21:49,maceta2,94.0,93.0,82.2,82.4,82.3,111.7,14.6155,14.0,63.2,0,0,0,
2026-07-24,23:21:54,maceta1,111.0,113.0,73.1,71.8,72.5,0.0,15.6484,13.7,70.7,0,0,0,
2026-07-24,23:21:54,maceta2,94.0,94.0,82.0,82.2,82.1,0.0,14.6155,13.0,65.3,0,0,0,
2026-07-25,00:21:59,maceta1,112.0,114.0,72.8,71.7,72.2,0.0,0.0,13.1,72.6,0,0,0,
2026-07-25,00:21:59,maceta2,94.0,94.0,81.9,82.0,81.9,0.0,0.0,12.7,66.0,0,0,0,
2026-07-25,01:22:05,maceta1,112.0,114.0,72.6,71.4,72.0,0.0,0.0,13.0,73.0,0,0,0,
2026-07-25,01:22:05,maceta2,95.0,94.0,81.7,81.9,81.8,0.0,0.0,12.5,66.1,0,0,0,
2026-07-25,02:22:10,maceta1,112.0,115.0,72.5,71.1,71.8,0.0,0.0,12.9,74.1,0,0,0,
2026-07-25,02:22:10,maceta2,95.0,95.0,81.5,81.8,81.6,0.0,0.0,12.5,66.1,0,0,0,
2026-07-25,03:22:16,maceta1,113.0,115.0,72.2,71.0,71.6,0.0,0.0,12.8,73.6,0,0,0,
2026-07-25,03:22:16,maceta2,96.0,95.0,81.2,81.7,81.5,0.0,0.0,12.4,65.9,0,0,0,
2026-07-25,04:22:21,maceta1,113.0,116.0,72.1,70.7,71.4,0.0,0.0,12.6,73.5,0,0,0,
2026-07-25,04:22:21,maceta2,96.0,95.0,81.1,81.4,81.3,0.0,0.0,12.3,65.5,0,0,0,
2026-07-25,05:22:26,maceta1,114.0,116.0,71.8,70.5,71.2,0.0,0.0,12.6,74.1,0,0,0,
2026-07-25,05:22:26,maceta2,96.0,96.0,80.9,81.3,81.1,0.0,0.0,12.2,65.3,0,0,0,
2026-07-25,06:22:32,maceta1,114.0,116.0,71.5,70.4,71.0,0.0,0.0,12.5,72.0,0,0,0,
2026-07-25,06:22:32,maceta2,97.0,96.0,80.7,81.2,81.0,0.0,0.0,12.1,65.5,0,0,0,
2026-07-25,07:22:37,maceta1,115.0,116.0,71.2,70.3,70.8,0.0,0.0,12.4,72.3,0,0,0,
2026-07-25,07:22:37,maceta2,97.0,96.0,80.5,81.0,80.7,0.0,0.0,12.0,65.9,0,0,0,
2026-07-25,08:22:43,maceta1,115.0,117.0,71.0,70.0,70.5,0.4,0.0,12.3,71.1,0,0,0,
2026-07-25,08:22:43,maceta2,98.0,97.0,80.2,80.7,80.5,0.4,0.0,11.9,65.9,0,0,0,
2026-07-25,09:22:48,maceta1,116.0,117.0,70.7,69.8,70.3,10.8,0.0006,12.3,71.6,0,0,0,
2026-07-25,09:22:48,maceta2,98.0,97.0,80.0,80.4,80.2,7.5,0.0004,11.9,66.8,0,0,0,
2026-07-25,10:22:53,maceta1,116.0,118.0,70.6,69.7,70.1,22.5,0.0021,12.3,72.3,0,0,0,
2026-07-25,10:22:53,maceta2,98.0,98.0,79.9,80.1,80.0,16.2,0.0015,12.0,68.2,0,0,0,
2026-07-25,11:22:59,maceta1,116.0,118.0,70.4,69.6,70.0,33.8,0.0039,12.4,71.5,0,0,0,
2026-07-25,11:22:59,maceta2,98.0,98.0,79.7,79.9,79.8,23.3,0.0028,12.2,69.1,0,0,0,
2026-07-25,12:23:04,maceta1,117.0,118.0,70.2,69.4,69.8,62.1,0.0074,12.7,75.0,0,0,0,
2026-07-25,12:23:04,maceta2,99.0,99.0,79.5,79.7,79.6,44.6,0.0053,12.5,69.5,0,0,0,
2026-07-25,13:23:09,maceta1,117.0,119.0,70.1,69.1,69.6,66.2,0.0118,13.1,77.5,0,0,0,
2026-07-25,13:23:09,maceta2,99.0,99.0,79.3,79.5,79.4,47.5,0.0084,12.9,70.7,0,0,0,
2026-07-25,14:23:15,maceta1,117.0,119.0,69.8,68.8,69.3,57.9,0.0158,13.4,77.2,0,0,0,
2026-07-25,14:23:15,maceta2,99.0,99.0,79.2,79.3,79.3,42.1,0.0113,13.3,70.7,0,0,0,
2026-07-25,15:23:20,maceta1,118.0,120.0,69.5,68.7,69.1,103.8,1.0595,13.5,77.9,1,0,0,
2026-07-25,15:23:20,maceta2,100.0,100.0,79.0,79.1,79.0,21.2,0.0128,13.4,71.2,1,0,0,
2026-07-25,16:23:26,maceta1,118.0,120.0,69.3,68.4,68.9,97.9,3.1446,16.0,71.5,1,0,0,
2026-07-25,16:23:26,maceta2,101.0,100.0,78.7,78.9,78.8,127.1,2.0998,14.7,67.9,1,0,0,
2026-07-25,17:23:31,maceta1,119.0,120.0,69.1,68.3,68.7,85.0,5.2292,16.4,71.0,1,0,0,
2026-07-25,17:23:31,maceta2,101.0,101.0,78.4,78.6,78.5,115.4,4.1863,15.2,67.2,1,0,0,
2026-07-25,18:23:37,maceta1,119.0,121.0,68.8,68.1,68.5,79.2,7.3132,16.5,71.1,1,0,0,
2026-07-25,18:23:37,maceta2,101.0,101.0,78.2,78.5,78.4,115.0,6.2727,15.4,67.2,1,0,0,
2026-07-25,19:23:42,maceta1,120.0,121.0,68.7,67.9,68.3,80.0,9.3972,16.5,71.2,1,0,0,
2026-07-25,19:23:42,maceta2,102.0,101.0,78.0,78.3,78.1,114.2,8.359,15.5,67.2,1,0,0,
2026-07-25,20:23:47,maceta1,120.0,121.0,68.5,67.7,68.1,80.4,11.4811,16.3,69.0,1,0,0,
2026-07-25,20:23:47,maceta2,102.0,102.0,77.9,78.1,78.0,116.2,10.4455,15.5,67.6,1,0,0,
2026-07-25,21:23:53,maceta1,120.0,122.0,68.3,67.5,67.9,76.7,13.565,16.3,69.4,1,0,0,
2026-07-25,21:23:53,maceta2,103.0,102.0,77.6,77.9,77.7,116.7,12.5318,15.5,68.0,1,0,0,
2026-07-25,22:23:58,maceta1,120.0,122.0,68.2,67.3,67.8,76.7,15.6488,16.4,69.5,0,0,0,
2026-07-25,22:23:58,maceta2,103.0,102.0,77.4,77.7,77.5,114.2,14.6182,15.6,67.6,0,0,0,
2026-07-25,23:24:04,maceta1,121.0,123.0,67.9,67.0,67.5,0.0,15.6488,15.0,74.0,0,0,0,
2026-07-25,23:24:04,maceta2,103.0,103.0,77.2,77.5,77.4,0.0,14.6182,14.7,70.7,0,0,0,
2026-07-26,00:24:09,maceta1,121.0,123.0,67.6,66.8,67.2,0.0,0.0,14.5,76.7,0,0,0,
2026-07-26,00:24:09,maceta2,104.0,103.0,77.1,77.4,77.2,0.0,0.0,14.2,72.0,0,0,0,
2026-07-26,01:24:14,maceta1,122.0,124.0,67.4,66.6,67.0,0.0,0.0,14.3,77.2,0,0,0,
2026-07-26,01:24:14,maceta2,104.0,103.0,76.8,77.2,77.0,0.0,0.0,14.1,71.9,0,0,0,
2026-07-26,02:24:20,maceta1,122.0,124.0,67.3,66.4,66.8,0.0,0.0,14.2,77.3,0,0,0,
2026-07-26,02:24:20,maceta2,105.0,128.0,76.6,64.2,70.4,0.0,0.0,14.0,71.3,0,0,0,Discrepancia alta entre sensores de humedad
2026-07-26,03:24:25,maceta1,122.0,124.0,67.1,66.2,66.7,0.0,0.0,14.1,76.4,0,0,0,
2026-07-26,03:24:25,maceta2,105.0,104.0,76.4,76.7,76.6,0.0,0.0,13.9,70.9,0,0,0,
2026-07-26,04:24:31,maceta1,123.0,125.0,66.9,66.0,66.4,0.0,0.0,14.1,77.1,0,0,0,
2026-07-26,04:24:31,maceta2,105.0,105.0,76.2,76.5,76.3,0.0,0.0,13.8,70.8,0,0,0,
2026-07-26,05:24:37,maceta1,123.0,125.0,66.8,65.9,66.3,0.0,0.0,14.0,76.6,0,0,0,
2026-07-26,05:24:37,maceta2,105.0,105.0,76.1,76.2,76.1,0.0,0.0,13.8,70.3,0,0,0,
2026-07-26,06:24:42,maceta1,124.0,125.0,66.5,65.8,66.1,0.0,0.0,13.9,76.1,0,0,0,
2026-07-26,06:24:42,maceta2,106.0,105.0,75.9,76.1,76.0,0.0,0.0,13.7,69.8,0,0,0,
2026-07-26,07:24:48,maceta1,124.0,125.0,66.2,65.6,65.9,0.0,0.0,13.8,76.4,0,0,0,
2026-07-26,07:24:48,maceta2,128.0,106.0,64.2,75.8,70.0,0.0,0.0,13.6,69.4,0,0,0,Discrepancia alta entre sensores de humedad
2026-07-26,08:24:53,maceta1,125.0,126.0,66.0,65.4,65.7,0.4,0.0,13.7,76.5,0,0,0,
2026-07-26,08:24:53,maceta2,107.0,106.0,75.5,75.7,75.6,0.4,0.0,13.5,68.9,0,0,0,
2026-07-26,09:24:58,maceta1,125.0,126.0,65.8,65.2,65.5,18.8,0.001,13.6,75.3,0,0,0,
2026-07-26,09:24:58,maceta2,107.0,107.0,75.2,75.5,75.4,13.8,0.0008,13.3,68.6,0,0,0,
2026-07-26,10:25:04,maceta1,125.0,127.0,65.5,65.0,65.3,36.2,0.0031,13.7,73.2,0,0,0,
2026-07-26,10:25:04,maceta2,107.0,107.0,75.0,75.4,75.2,26.2,0.0023,13.5,69.9,0,0,0,
2026-07-26,11:25:09,maceta1,126.0,127.0,65.4,64.7,65.0,55.0,0.0058,13.9,75.1,0,0,0,
2026-07-26,11:25:09,maceta2,108.0,107.0,74.7,75.2,75.0,39.2,0.0042,13.9,70.7,0,0,0,
2026-07-26,12:25:14,maceta1,126.0,128.0,65.1,64.5,64.8,62.5,0.0101,14.1,76.0,0,0,0,Discrepancia alta entre sensores de humedad
2026-07-26,12:25:14,maceta2,108.0,107.0,74.6,75.1,74.8,45.0,0.0073,14.0,72.4,0,0,0,
2026-07-26,13:25:20,maceta1,127.0,128.0,64.9,64.2,64.5,65.0,0.0144,14.3,78.3,0,0,0,Discrepancia alta entre sensores de humedad
2026-07-26,13:25:20,maceta2,109.0,108.0,74.4,74.9,74.7,46.7,0.0104,14.2,73.0,0,0,0,
2026-07-26,14:25:25,maceta1,127.0,129.0,64.6,63.9,64.3,40.0,0.0177,14.6,79.6,0,0,0,
2026-07-26,14:25:25,maceta2,109.0,108.0,74.3,74.6,74.4,28.3,0.0127,14.5,74.5,0,0,0,
2026-07-26,15:25:31,maceta1,128.0,129.0,64.4,63.7,64.0,95.0,1.061,14.7,79.8,1,0,0,Discrepancia alta entre sensores de humedad
2026-07-26,15:25:31,maceta2,109.0,109.0,74.2,74.4,74.3,20.8,0.0141,14.6,73.6,1,0,0,
2026-07-26,16:25:36,maceta1,128.0,129.0,64.2,63.4,63.8,87.5,3.1452,17.0,71.7,1,0,0,Discrepancia alta entre sensores de humedad
2026-07-26,16:25:36,maceta2,109.0,109.0,74.0,74.3,74.2,124.6,2.101,16.0,68.4,1,0,0,
2026-07-26,17:25:41,maceta1,128.0,130.0,64.2,63.2,63.7,77.5,5.2293,17.5,71.2,1,0,0,Discrepancia alta entre sensores de humedad
2026-07-26,17:25:41,maceta2,110.0,109.0,73.9,74.2,74.0,121.2,4.1878,16.4,66.9,1,0,0,
2026-07-26,18:25:47,maceta1,129.0,130.0,63.8,63.1,63.4,71.2,7.3128,17.6,71.1,1,0,0,
2026-07-26,18:25:47,maceta2,110.0,109.0,73.7,74.0,73.8,116.2,6.2743,16.5,66.9,1,0,0,
2026-07-26,19:25:52,maceta1,129.0,130.0,63.5,62.9,63.2,72.1,9.3962,17.7,71.0,1,0,0,
2026-07-26,19:25:52,maceta2,110.0,110.0,73.5,73.8,73.6,116.7,8.3607,16.7,66.5,1,0,0,
2026-07-26,20:25:57,maceta1,130.0,131.0,63.3,62.7,63.0,67.9,11.4794,17.6,68.7,1,0,0,
2026-07-26,20:25:57,maceta2,111.0,110.0,73.4,73.6,73.5,116.2,10.447,16.7,66.2,1,0,0,
2026-07-26,21:26:03,maceta1,130.0,131.0,63.2,62.4,62.8,72.1,13.563,17.5,69.4,1,0,0,
2026-07-26,21:26:03,maceta2,111.0,111.0,73.1,73.4,73.2,117.1,12.5336,16.7,66.6,1,0,0,
2026-07-26,22:26:09,maceta1,130.0,132.0,62.9,62.2,62.6,70.8,15.6464,17.5,68.9,0,0,0,
2026-07-26,22:26:09,maceta2,112.0,111.0,72.8,73.2,73.0,112.1,14.62,16.7,67.0,0,0,0,
2026-07-26,23:26:14,maceta1,131.0,132.0,62.8,62.1,62.4,0.0,15.6464,16.1,73.3,0,0,0,
2026-07-26,23:26:14,maceta2,112.0,111.0,72.6,72.9,72.8,0.0,14.62,15.8,68.9,0,0,0,
2026-07-27,00:26:19,maceta1,131.0,133.0,62.6,61.8,62.2,0.0,0.0,15.6,75.7,0,0,0,
2026-07-27,00:26:19,maceta2,112.0,112.0,72.4,72.6,72.5,0.0,0.0,15.5,70.5,0,0,0,
2026-07-27,01:26:25,maceta1,131.0,133.0,62.4,61.6,62.0,0.0,0.0,15.6,75.6,0,0,0,
2026-07-27,01:26:25,maceta2,113.0,112.0,72.3,72.5,72.4,0.0,0.0,15.4,70.7,0,0,0,
2026-07-27,02:26:30,maceta1,132.0,133.0,62.1,61.4,61.8,0.0,0.0,15.5,76.1,0,0,0,
2026-07-27,02:26:30,maceta2,113.0,113.0,72.0,72.3,72.1,0.0,0.0,15.4,71.0,0,0,0,
2026-07-27,03:26:36,maceta1,132.0,134.0,61.9,61.3,61.6,0.0,0.0,15.5,76.0,0,0,0,
2026-07-27,03:26:36,maceta2,113.0,113.0,71.9,72.1,72.0,0.0,0.0,15.4,71.2,0,0,0,
2026-07-27,04:26:41,maceta1,133.0,134.0,61.6,61.1,61.4,0.0,0.0,15.4,75.7,0,0,0,
2026-07-27,04:26:41,maceta2,114.0,113.0,71.8,72.0,71.9,0.0,0.0,15.3,71.5,0,0,0,
2026-07-27,05:26:46,maceta1,133.0,134.0,61.3,60.9,61.1,0.0,0.0,15.4,76.1,0,0,0,
2026-07-27,05:26:46,maceta2,114.0,114.0,71.5,71.8,71.6,0.0,0.0,15.3,71.1,0,0,0,
2026-07-27,06:26:52,maceta1,134.0,135.0,61.1,60.6,60.9,0.0,0.0,15.3,76.6,0,0,0,
2026-07-27,06:26:52,maceta2,114.0,114.0,71.4,71.6,71.5,0.0,0.0,15.2,70.9,0,0,0,
2026-07-27,07:26:57,maceta1,134.0,135.0,61.0,60.3,60.7,0.0,0.0,15.3,76.1,0,0,0,
2026-07-27,07:26:57,maceta2,115.0,114.0,71.3,71.4,71.3,0.0,0.0,15.0,70.4,0,0,0,
2026-07-27,08:27:02,maceta1,135.0,136.0,60.8,60.2,60.5,0.4,0.0,15.2,75.5,0,0,0,
2026-07-27,08:27:02,maceta2,115.0,115.0,71.0,71.1,71.1,0.4,0.0,14.9,70.1,0,0,0,
2026-07-27,09:27:08,maceta1,135.0,136.0,60.6,60.0,60.3,12.5,0.0006,15.0,75.8,0,0,0,
2026-07-27,09:27:08,maceta2,116.0,115.0,70.8,71.0,70.9,8.8,0.0004,14.8,70.1,0,0,0,
2026-07-27,10:27:13,maceta1,135.0,136.0,60.5,59.8,60.1,26.2,0.002,15.0,74.0,0,0,0,
2026-07-27,10:27:13,maceta2,116.0,116.0,70.5,70.8,70.6,18.3,0.0014,15.0,71.0,0,0,0,
2026-07-27,11:27:19,maceta1,135.0,137.0,60.3,59.5,59.9,36.7,0.0042,15.3,78.0,0,0,0,
2026-07-27,11:27:19,maceta2,117.0,116.0,70.2,70.6,70.4,26.2,0.003,15.2,72.6,0,0,0,
2026-07-27,12:27:24,maceta1,136.0,137.0,60.2,59.3,59.7,39.6,0.0065,15.5,77.6,0,0,0,
2026-07-27,12:27:24,maceta2,117.0,116.0,70.0,70.4,70.2,27.9,0.0046,15.4,73.5,0,0,0,
2026-07-27,13:27:29,maceta1,136.0,138.0,59.9,59.0,59.4,671.7,0.0515,15.8,77.5,0,0,0,
2026-07-27,13:27:29,maceta2,117.0,116.0,69.9,70.3,70.1,385.0,0.0302,15.6,73.0,0,0,0,
2026-07-27,14:27:35,maceta1,137.0,138.0,59.7,58.8,59.2,659.2,0.0955,16.4,78.0,0,0,0,
2026-07-27,14:27:35,maceta2,117.0,128.0,69.8,64.2,67.0,376.2,0.0553,16.2,73.5,0,0,0,Discrepancia alta entre sensores de humedad
2026-07-27,15:27:41,maceta1,128.0,138.0,64.2,58.7,61.5,688.8,1.1786,16.7,76.5,1,0,0,Discrepancia alta entre sensores de humedad
2026-07-27,15:27:41,maceta2,118.0,117.0,69.5,69.9,69.7,352.1,0.0789,16.5,72.3,1,0,0,
2026-07-27,16:27:46,maceta1,137.0,139.0,59.3,58.6,58.9,681.7,3.3027,19.1,69.8,1,0,0,
2026-07-27,16:27:46,maceta2,118.0,118.0,69.4,69.6,69.5,454.6,2.188,18.0,65.7,1,0,0,
2026-07-27,17:27:51,maceta1,138.0,139.0,59.1,58.3,58.7,675.0,5.4268,19.5,69.6,1,0,0,
2026-07-27,17:27:51,maceta2,119.0,118.0,69.1,69.3,69.2,445.4,4.2968,18.4,65.3,1,0,0,
2026-07-27,18:27:57,maceta1,138.0,140.0,58.9,58.1,58.5,669.6,7.5503,19.7,69.0,1,0,0,
2026-07-27,18:27:57,maceta2,119.0,119.0,68.8,69.1,69.0,447.9,6.4053,18.6,65.1,1,0,0,
2026-07-27,19:28:02,maceta1,138.0,140.0,58.7,57.8,58.3,668.8,9.6736,19.7,68.6,1,0,0,
2026-07-27,19:28:02,maceta2,120.0,119.0,68.5,69.0,68.8,443.3,8.5137,18.7,64.7,1,0,0,
2026-07-27,20:28:08,maceta1,139.0,140.0,58.5,57.6,58.1,665.8,11.7968,19.7,68.2,1,0,0,
2026-07-27,20:28:08,maceta2,120.0,119.0,68.4,68.9,68.6,444.6,10.6222,18.8,64.1,1,0,0,
2026-07-27,21:28:13,maceta1,139.0,141.0,58.4,57.4,57.9,594.2,12.8782,19.8,66.3,1,0,0,
2026-07-27,21:28:13,maceta2,120.0,119.0,68.2,68.7,68.5,447.1,12.7307,18.9,64.1,1,0,0,
2026-07-27,22:28:18,maceta1,139.0,141.0,58.2,57.2,57.7,666.2,15.0014,19.4,65.2,0,0,0,
2026-07-27,22:28:18,maceta2,121.0,120.0,68.0,68.5,68.2,439.2,14.8388,18.9,63.5,0,0,0,
2026-07-27,23:28:24,maceta1,140.0,142.0,58.0,57.0,57.5,591.7,15.0408,18.2,69.4,0,0,0,
2026-07-27,23:28:24,maceta2,121.0,120.0,67.8,68.4,68.1,327.9,14.8607,17.8,65.4,0,0,0,
2026-07-28,00:28:29,maceta1,140.0,142.0,57.8,56.8,57.3,591.2,0.0197,17.6,70.1,0,0,0,
2026-07-28,00:28:29,maceta2,122.0,121.0,67.5,68.1,67.8,327.9,0.0109,17.5,66.3,0,0,0,
2026-07-28,01:28:35,maceta1,128.0,142.0,64.2,56.7,60.5,591.2,0.0592,17.5,70.5,0,0,0,Discrepancia alta entre sensores de humedad
2026-07-28,01:28:35,maceta2,122.0,121.0,67.3,67.9,67.6,327.5,0.0328,17.4,66.2,0,0,0,
2026-07-28,02:28:40,maceta1,141.0,143.0,57.3,56.4,56.9,591.2,0.0986,17.5,71.2,0,0,0,
2026-07-28,02:28:40,maceta2,122.0,121.0,67.2,67.7,67.5,327.5,0.0546,17.2,66.0,0,0,0,
2026-07-28,03:28:45,maceta1,141.0,143.0,57.2,56.2,56.7,591.2,0.138,17.4,73.2,0,0,0,
2026-07-28,03:28:45,maceta2,123.0,122.0,66.9,67.6,67.2,327.5,0.0765,17.2,66.2,0,0,0,
2026-07-28,04:28:51,maceta1,142.0,144.0,57.0,56.0,56.5,591.2,0.1775,17.3,73.0,0,0,0,
2026-07-28,04:28:51,maceta2,123.0,122.0,66.7,67.3,67.0,327.5,0.0983,17.0,66.4,0,0,0,
2026-07-28,05:28:56,maceta1,128.0,144.0,64.2,55.9,60.0,590.8,0.2169,17.2,73.2,0,0,0,Discrepancia alta entre sensores de humedad
2026-07-28,05:28:56,maceta2,124.0,122.0,66.5,67.2,66.8,327.5,0.1202,16.9,66.1,0,0,0,
2026-07-28,06:29:02,maceta1,143.0,144.0,56.4,55.7,56.1,590.8,0.2563,17.0,72.8,0,0,0,
2026-07-28,06:29:02,maceta2,124.0,123.0,66.3,67.1,66.7,327.1,0.142,16.8,66.0,0,0,0,
2026-07-28,07:29:08,maceta1,143.0,144.0,56.3,55.6,55.9,590.8,0.2957,17.0,72.7,0,0,0,
2026-07-28,07:29:08,maceta2,124.0,128.0,66.1,64.2,65.2,327.5,0.1638,16.7,66.2,0,0,0,Discrepancia alta entre sensores de humedad
2026-07-28,08:29:13,maceta1,144.0,145.0,56.0,55.4,55.7,592.5,0.3352,16.9,73.9,0,0,0,
2026-07-28,08:29:13,maceta2,125.0,123.0,66.0,66.6,66.3,328.8,0.1857,16.5,66.1,0,0,0,
2026-07-28,09:29:19,maceta1,144.0,145.0,55.8,55.2,55.5,601.2,0.3751,16.9,73.0,0,0,0,
2026-07-28,09:29:19,maceta2,125.0,124.0,65.8,66.4,66.1,335.0,0.2079,16.6,66.3,0,0,0,
2026-07-28,10:29:24,maceta1,145.0,145.0,55.5,55.1,55.3,607.1,0.4155,17.0,72.5,0,0,0,
2026-07-28,10:29:24,maceta2,125.0,124.0,65.6,66.2,65.9,338.3,0.2305,16.7,67.2,0,0,0,
2026-07-28,11:29:29,maceta1,145.0,146.0,55.2,54.8,55.0,643.3,0.4585,17.0,72.3,0,0,0,
2026-07-28,11:29:29,maceta2,126.0,125.0,65.5,66.1,65.8,365.0,0.2548,16.8,67.3,0,0,0,
2026-07-28,12:29:35,maceta1,146.0,146.0,54.9,54.6,54.8,653.8,0.5019,17.4,72.8,0,0,0,
2026-07-28,12:29:35,maceta2,126.0,125.0,65.2,65.9,65.5,372.1,0.2795,17.0,68.7,0,0,0,
2026-07-28,13:29:40,maceta1,146.0,147.0,54.7,54.4,54.5,658.8,0.5457,17.6,75.5,0,0,0,
2026-07-28,13:29:40,maceta2,126.0,125.0,65.0,65.7,65.3,375.4,0.3045,17.3,68.4,0,0,0,
2026-07-28,14:29:45,maceta1,146.0,147.0,54.6,54.2,54.4,652.5,0.5892,18.0,76.3,0,0,0,
2026-07-28,14:29:45,maceta2,127.0,125.0,64.9,65.5,65.2,373.3,0.3293,17.6,68.5,0,0,0,
2026-07-28,15:29:51,maceta1,147.0,147.0,54.3,54.0,54.1,629.2,0.631,18.1,76.9,1,0,0,
2026-07-28,15:29:51,maceta2,127.0,126.0,64.7,65.4,65.1,357.5,0.353,17.8,69.9,1,0,0,
2026-07-28,16:29:56,maceta1,147.0,148.0,54.0,53.8,53.9,675.8,2.7554,20.0,70.2,1,0,0,
2026-07-28,16:29:56,maceta2,127.0,126.0,64.6,65.1,64.9,447.9,2.4619,19.1,67.2,1,0,0,
2026-07-28,17:30:04,maceta1,148.0,148.0,53.9,53.7,53.8,669.2,4.88,20.0,69.2,1,0,0,
2026-07-28,17:30:04,maceta2,128.0,127.0,64.3,64.9,64.6,447.1,4.5714,19.4,66.8,1,0,0,Discrepancia alta entre sensores de humedad
2026-07-28,18:00:06,maceta1,148.0,148.0,53.6,53.5,53.6,669.2,5.9416,20.1,69.6,1,0,0,
2026-07-28,18:00:06,maceta2,128.0,127.0,64.0,64.7,64.4,445.0,5.6256,19.4,66.5,1,0,0,Discrepancia alta entre sensores de humedad
2026-07-28,19:00:12,maceta1,148.0,149.0,53.5,53.3,53.4,670.8,8.0651,20.3,69.6,1,0,0,
2026-07-28,19:00:12,maceta2,129.0,127.0,63.7,64.6,64.2,443.8,7.7339,19.5,67.1,1,0,0,
2026-07-28,20:00:17,maceta1,149.0,149.0,53.4,53.1,53.2,669.6,10.1883,20.5,69.3,1,0,0,
2026-07-28,20:00:17,maceta2,129.0,128.0,63.4,64.3,63.9,445.8,9.8422,19.5,67.5,1,0,0,Discrepancia alta entre sensores de humedad
2026-07-28,21:00:23,maceta1,149.0,150.0,53.2,52.8,53.0,664.6,12.3115,20.6,70.2,1,0,0,
2026-07-28,21:00:23,maceta2,130.0,128.0,63.2,64.0,63.6,329.2,10.9072,19.7,67.4,1,0,0,Discrepancia alta entre sensores de humedad
2026-07-28,22:00:28,maceta1,149.0,150.0,53.1,52.6,52.9,670.0,14.4348,20.6,70.2,0,0,0,
2026-07-28,22:00:28,maceta2,130.0,129.0,63.0,63.8,63.4,442.5,13.0154,19.6,68.5,0,0,0,
2026-07-28,23:00:33,maceta1,149.0,150.0,53.0,52.5,52.8,590.8,14.4742,19.3,73.4,0,0,0,
2026-07-28,23:00:33,maceta2,131.0,129.0,62.8,63.6,63.2,327.5,13.0372,18.8,70.3,0,0,0,
2026-07-29,00:00:39,maceta1,150.0,151.0,52.8,52.3,52.6,590.4,0.0197,18.8,76.2,0,0,0,
2026-07-29,00:00:39,maceta2,131.0,130.0,62.7,63.4,63.0,327.1,0.0109,18.4,71.0,0,0,0,
2026-07-29,01:00:44,maceta1,150.0,151.0,52.6,52.2,52.4,590.8,0.0591,18.7,76.6,0,0,0,
2026-07-29,01:00:44,maceta2,131.0,130.0,62.4,63.3,62.8,327.1,0.0327,18.4,71.1,0,0,0,
2026-07-29,02:00:50,maceta1,151.0,151.0,52.3,51.9,52.1,590.0,0.0985,18.6,77.0,0,0,0,
2026-07-29,02:00:50,maceta2,132.0,130.0,62.1,63.0,62.6,327.1,0.0545,18.3,71.4,0,0,0,
2026-07-29,03:00:55,maceta1,151.0,152.0,52.1,51.8,51.9,590.4,0.1378,18.5,76.5,0,0,0,
2026-07-29,03:00:55,maceta2,132.0,131.0,61.8,62.7,62.3,327.1,0.0764,18.2,71.4,0,0,0,
2026-07-29,04:01:01,maceta1,151.0,152.0,51.9,51.7,51.8,590.0,0.1772,18.5,76.4,0,0,0,
2026-07-29,04:01:01,maceta2,133.0,131.0,61.6,62.4,62.0,327.1,0.0982,18.2,70.8,0,0,0,
2026-07-29,05:01:06,maceta1,152.0,152.0,51.7,51.4,51.6,590.0,0.2166,18.4,76.4,0,0,0,
2026-07-29,05:01:06,maceta2,133.0,132.0,61.4,62.3,61.8,327.1,0.12,18.1,70.6,0,0,0,
2026-07-29,06:01:12,maceta1,152.0,153.0,51.6,51.2,51.4,590.0,0.2559,18.4,76.8,0,0,0,
2026-07-29,06:01:12,maceta2,134.0,132.0,61.2,62.0,61.6,326.7,0.1418,18.1,70.6,0,0,0,
2026-07-29,07:01:17,maceta1,152.0,153.0,51.4,50.9,51.2,590.4,0.2953,18.3,76.6,0,0,0,
2026-07-29,07:01:17,maceta2,134.0,133.0,61.0,61.8,61.4,327.1,0.1636,17.8,70.9,0,0,0,
2026-07-29,08:01:22,maceta1,153.0,153.0,51.2,50.8,51.0,590.0,0.3346,18.2,76.5,0,0,0,
2026-07-29,08:01:22,maceta2,134.0,133.0,60.8,61.6,61.2,326.7,0.1854,17.8,71.1,0,0,0,
2026-07-29,09:01:28,maceta1,153.0,154.0,51.0,50.6,50.8,594.6,0.3742,18.2,76.8,0,0,0,
2026-07-29,09:01:28,maceta2,135.0,133.0,60.6,61.4,61.0,330.0,0.2073,17.6,70.8,0,0,0,
2026-07-29,10:01:33,maceta1,153.0,154.0,50.9,50.5,50.7,607.1,0.4144,18.1,77.2,0,0,0,
2026-07-29,10:01:33,maceta2,135.0,134.0,60.4,61.3,60.8,338.3,0.2297,17.7,70.7,0,0,0,
2026-07-29,11:01:39,maceta1,154.0,154.0,50.8,50.3,50.6,607.9,0.4548,18.1,76.5,0,0,0,
2026-07-29,11:01:39,maceta2,135.0,134.0,60.3,61.1,60.7,339.2,0.2522,17.8,70.6,0,0,0,
2026-07-29,12:01:45,maceta1,154.0,155.0,50.6,50.2,50.4,600.8,0.495,18.1,75.2,0,0,0,
2026-07-29,12:01:45,maceta2,136.0,134.0,60.0,61.0,60.5,334.2,0.2746,17.8,70.4,0,0,0,
2026-07-29,13:01:51,maceta1,154.0,155.0,50.4,50.0,50.2,607.1,0.5356,18.1,75.7,0,0,1,
2026-07-29,13:01:51,maceta2,136.0,134.0,59.8,60.8,60.3,338.8,0.2973,17.8,70.1,0,0,0,
2026-07-29,14:01:56,maceta1,85.0,88.0,86.7,85.5,86.1,606.2,0.5762,18.1,75.0,0,0,0,
2026-07-29,14:01:56,maceta2,137.0,135.0,59.6,60.6,60.1,337.9,0.3199,17.8,69.5,0,0,0,
2026-07-29,15:02:02,maceta1,86.0,88.0,86.4,85.2,85.8,610.8,0.6167,18.1,74.9,0,0,0,
2026-07-29,15:02:02,maceta2,137.0,135.0,59.4,60.4,59.9,340.8,0.3425,17.8,69.3,0,0,0,
2026-07-29,16:02:07,maceta1,86.0,89.0,86.3,85.0,85.6,686.2,1.6998,18.1,74.0,1,0,0,
2026-07-29,16:02:07,maceta2,138.0,135.0,59.2,60.3,59.8,456.7,1.4089,19.0,65.7,1,0,0,
2026-07-29,17:02:14,maceta1,86.0,89.0,86.2,84.7,85.5,681.7,3.8251,20.0,66.1,1,0,0,
2026-07-29,17:02:14,maceta2,138.0,136.0,59.0,60.1,59.5,450.0,3.5189,19.3,65.0,1,0,0,
2026-07-29,18:02:19,maceta1,87.0,90.0,86.0,84.5,85.2,667.9,5.9485,20.2,66.1,1,0,0,
2026-07-29,18:02:19,maceta2,138.0,136.0,58.9,59.9,59.4,441.2,5.6272,19.4,64.3,1,0,0,
2026-07-29,19:02:25,maceta1,87.0,90.0,85.7,84.2,85.0,666.7,8.0718,20.1,65.5,1,0,0,
2026-07-29,19:02:25,maceta2,138.0,137.0,58.7,59.7,59.2,441.7,7.7355,19.3,63.2,1,0,0,
2026-07-29,20:02:30,maceta1,87.0,90.0,85.6,83.9,84.8,667.1,10.195,20.3,66.7,1,0,0,
2026-07-29,20:02:30,maceta2,139.0,137.0,58.4,59.6,59.0,445.4,9.8438,19.0,62.9,1,0,0,
2026-07-29,21:02:36,maceta1,88.0,91.0,85.5,83.7,84.6,665.8,12.3182,20.3,66.8,1,0,0,
2026-07-29,21:02:36,maceta2,140.0,137.0,58.1,59.4,58.8,446.2,11.9523,18.9,62.7,1,0,0,
2026-07-29,22:02:41,maceta1,88.0,92.0,85.2,83.4,84.3,665.4,14.4413,20.2,66.2,0,0,0,
2026-07-29,22:02:41,maceta2,128.0,138.0,64.2,59.1,61.7,442.9,14.0606,18.7,62.5,0,0,0,Discrepancia alta entre sensores de humedad
2026-07-29,23:02:46,maceta1,88.0,92.0,85.1,83.2,84.1,590.0,14.4807,18.5,70.8,0,0,0,
2026-07-29,23:02:46,maceta2,140.0,138.0,57.7,58.8,58.3,327.1,14.0824,17.8,64.7,0,0,0,
2026-07-30,00:02:52,maceta1,89.0,92.0,84.9,82.9,83.9,589.6,0.0197,18.0,72.2,0,0,0,
2026-07-30,00:02:52,maceta2,141.0,139.0,57.5,58.7,58.1,326.7,0.0109,17.5,65.4,0,0,0,
2026-07-30,01:02:57,maceta1,89.0,93.0,84.7,82.8,83.8,590.0,0.059,17.8,72.8,0,0,0,
2026-07-30,01:02:57,maceta2,141.0,139.0,57.2,58.5,57.9,326.7,0.0327,17.3,65.7,0,0,0,
2026-07-30,02:03:03,maceta1,89.0,93.0,84.6,82.7,83.6,589.6,0.0983,17.7,71.9,0,0,0,
2026-07-30,02:03:03,maceta2,142.0,139.0,57.0,58.3,57.7,326.7,0.0545,17.2,66.0,0,0,0,
2026-07-30,03:03:08,maceta1,90.0,93.0,84.3,82.5,83.4,589.6,0.1377,17.5,72.2,0,0,0,
2026-07-30,03:03:08,maceta2,142.0,139.0,56.8,58.2,57.5,326.7,0.0763,17.0,65.9,0,0,0,
2026-07-30,04:03:13,maceta1,90.0,93.0,84.0,82.4,83.2,589.6,0.177,17.4,72.1,0,0,0,
2026-07-30,04:03:13,maceta2,142.0,140.0,56.6,57.9,57.3,326.7,0.098,16.9,65.5,0,0,0,
2026-07-30,05:03:19,maceta1,91.0,94.0,83.9,82.1,83.0,589.6,0.2163,17.3,72.0,0,0,0,
2026-07-30,05:03:19,maceta2,143.0,140.0,56.5,57.7,57.1,326.7,0.1198,16.8,65.2,0,0,0,
2026-07-30,06:03:24,maceta1,91.0,94.0,83.6,81.9,82.8,589.6,0.2556,17.2,72.3,0,0,0,
2026-07-30,06:03:24,maceta2,143.0,141.0,56.4,57.6,57.0,326.7,0.1416,16.7,65.5,0,0,0,
2026-07-30,07:03:30,maceta1,91.0,95.0,83.4,81.7,82.6,589.6,0.295,17.1,73.0,0,0,0,
2026-07-30,07:03:30,maceta2,143.0,141.0,56.2,57.5,56.9,326.7,0.1634,16.6,65.4,0,0,0,
2026-07-30,08:03:35,maceta1,92.0,95.0,83.3,81.4,82.3,590.0,0.3343,17.0,73.0,0,0,0,
2026-07-30,08:03:35,maceta2,144.0,141.0,56.0,57.3,56.6,326.7,0.1852,16.4,65.3,0,0,0,
2026-07-30,09:03:40,maceta1,92.0,96.0,83.0,81.1,82.1,593.8,0.3738,16.9,72.4,0,0,0,
2026-07-30,09:03:40,maceta2,144.0,142.0,55.7,57.1,56.4,329.6,0.2071,16.4,65.7,0,0,0,
2026-07-30,10:03:46,maceta1,93.0,96.0,82.9,80.9,81.9,596.2,0.4136,16.9,73.2,0,0,0,
2026-07-30,10:03:46,maceta2,145.0,142.0,55.5,56.9,56.2,331.2,0.2292,16.4,65.9,0,0,0,
2026-07-30,11:03:51,maceta1,93.0,96.0,82.7,80.8,81.8,602.5,0.4539,16.9,73.2,0,0,0,
2026-07-30,11:03:51,maceta2,145.0,142.0,55.3,56.6,56.0,335.8,0.2517,16.4,66.3,0,0,0,
2026-07-30,12:03:57,maceta1,93.0,97.0,82.6,80.6,81.6,603.8,0.4944,16.9,72.7,0,0,0,
2026-07-30,12:03:57,maceta2,145.0,143.0,55.1,56.5,55.8,336.7,0.2743,16.5,66.5,0,0,0,
2026-07-30,13:04:02,maceta1,94.0,97.0,82.3,80.4,81.3,602.9,0.5347,16.9,74.5,0,0,0,
2026-07-30,13:04:02,maceta2,146.0,143.0,54.9,56.2,55.5,336.2,0.2968,16.5,67.4,0,0,0,
2026-07-30,14:04:18,maceta1,128.0,98.0,64.2,80.2,72.2,615.0,0.5755,16.9,72.5,0,0,0,Discrepancia alta entre sensores de humedad
2026-07-30,14:04:18,maceta2,146.0,144.0,54.6,56.0,55.3,344.2,0.3196,16.6,67.4,0,0,0,
2026-07-30,15:04:23,maceta1,94.0,98.0,81.9,80.0,81.0,640.0,0.6176,17.2,71.4,0,0,0,
2026-07-30,15:04:23,maceta2,147.0,144.0,54.3,55.8,55.1,358.8,0.3432,16.8,67.9,0,0,0,
2026-07-30,16:04:28,maceta1,95.0,98.0,81.6,79.9,80.8,685.8,1.7004,17.3,72.0,1,0,0,
2026-07-30,16:04:28,maceta2,147.0,144.0,54.1,55.6,54.9,457.1,1.4094,17.0,68.5,1,0,0,
2026-07-30,17:04:34,maceta1,95.0,99.0,81.3,79.7,80.5,686.2,3.8247,19.5,68.7,1,0,0,
2026-07-30,17:04:34,maceta2,148.0,145.0,53.9,55.5,54.7,462.1,3.5187,18.5,65.2,1,0,0,
2026-07-30,18:04:39,maceta1,96.0,99.0,81.1,79.4,80.3,666.7,5.9479,19.5,67.8,1,0,0,
2026-07-30,18:04:39,maceta2,148.0,145.0,53.7,55.2,54.5,444.2,5.6271,18.7,65.5,1,0,0,
2026-07-30,19:04:45,maceta1,96.0,100.0,80.9,79.2,80.1,665.4,8.071,19.5,67.8,1,0,0,
2026-07-30,19:04:45,maceta2,148.0,145.0,53.6,55.1,54.4,446.7,7.7356,18.7,65.4,1,0,0,
2026-07-30,20:04:50,maceta1,97.0,100.0,80.7,79.0,79.8,669.2,10.1942,19.6,67.7,1,0,0,
2026-07-30,20:04:50,maceta2,148.0,146.0,53.5,54.8,54.2,446.2,9.844,18.7,65.8,1,0,0,
2026-07-30,21:04:55,maceta1,97.0,100.0,80.5,78.8,79.6,669.6,12.3176,19.7,67.9,1,0,0,
2026-07-30,21:04:55,maceta2,149.0,146.0,53.3,54.7,54.0,445.8,11.9523,18.7,66.0,1,0,0,
2026-07-30,22:05:01,maceta1,98.0,101.0,80.2,78.6,79.4,670.8,14.4409,19.7,68.2,0,0,0,
2026-07-30,22:05:01,maceta2,149.0,147.0,53.0,54.4,53.7,443.3,14.0607,18.7,65.8,0,0,0,
2026-07-30,23:05:06,maceta1,98.0,101.0,80.0,78.4,79.2,590.0,14.4803,18.3,73.4,0,0,0,
2026-07-30,23:05:06,maceta2,150.0,147.0,52.9,54.2,53.5,327.1,14.0825,17.7,68.4,0,0,0,
2026-07-31,00:05:12,maceta1,98.0,101.0,79.8,78.3,79.0,590.4,0.0197,17.8,76.0,0,0,0,
2026-07-31,00:05:12,maceta2,150.0,148.0,52.6,53.9,53.3,327.5,0.0109,17.5,70.2,0,0,0,
2026-07-31,01:05:17,maceta1,99.0,102.0,79.5,78.0,78.7,590.4,0.0591,17.8,76.5,0,0,0,
2026-07-31,01:05:17,maceta2,150.0,148.0,52.5,53.6,53.1,327.5,0.0328,17.5,71.5,0,0,0,
2026-07-31,02:05:22,maceta1,99.0,102.0,79.4,77.8,78.6,590.0,0.0984,17.9,78.0,0,0,0,
2026-07-31,02:05:22,maceta2,151.0,148.0,52.3,53.5,52.9,327.1,0.0546,17.6,72.7,0,0,0,
2026-07-31,03:05:28,maceta1,100.0,102.0,79.1,77.7,78.4,590.0,0.1378,18.0,77.8,0,0,0,
2026-07-31,03:05:28,maceta2,151.0,149.0,52.1,53.4,52.7,327.1,0.0764,17.6,73.0,0,0,0,
2026-07-31,04:05:33,maceta1,100.0,103.0,78.8,77.5,78.2,590.0,0.1771,18.0,78.2,0,0,0,
2026-07-31,04:05:33,maceta2,151.0,128.0,51.9,64.2,58.1,327.1,0.0982,17.7,73.4,0,0,0,Discrepancia alta entre sensores de humedad
2026-07-31,05:05:39,maceta1,101.0,103.0,78.7,77.2,77.9,589.6,0.2165,18.0,78.3,0,0,0,
2026-07-31,05:05:39,maceta2,151.0,149.0,51.8,52.9,52.4,327.1,0.12,17.8,73.5,0,0,0,
2026-07-31,06:05:44,maceta1,101.0,104.0,78.5,77.0,77.7,590.0,0.2558,18.0,79.4,0,0,0,
2026-07-31,06:05:44,maceta2,152.0,150.0,51.6,52.8,52.2,327.1,0.1418,17.7,74.9,0,0,0,
2026-07-31,07:05:49,maceta1,101.0,104.0,78.3,76.8,77.6,589.6,0.2951,18.0,79.4,0,0,0,
2026-07-31,07:05:49,maceta2,152.0,150.0,51.4,52.7,52.0,327.1,0.1637,17.7,74.9,0,0,0,
2026-07-31,08:05:55,maceta1,101.0,104.0,78.2,76.6,77.4,590.0,0.3345,18.0,79.7,0,0,0,
2026-07-31,08:05:55,maceta2,153.0,150.0,51.2,52.5,51.9,327.1,0.1855,17.8,74.7,0,0,0,
2026-07-31,09:06:00,maceta1,102.0,105.0,77.9,76.5,77.2,592.5,0.3739,18.0,80.0,0,0,0,
2026-07-31,09:06:00,maceta2,153.0,150.0,51.0,52.4,51.7,328.8,0.2074,17.8,74.8,0,0,0,
2026-07-31,10:06:07,maceta1,102.0,105.0,77.6,76.3,77.0,609.6,0.4144,18.0,79.7,0,0,0,
2026-07-31,10:06:07,maceta2,153.0,151.0,50.8,52.1,51.5,340.8,0.23,17.8,74.8,0,0,0,
2026-07-31,11:06:12,maceta1,103.0,105.0,77.4,76.2,76.8,612.1,0.4555,18.1,79.5,0,0,0,
2026-07-31,11:06:12,maceta2,154.0,151.0,50.7,51.9,51.3,342.9,0.253,17.8,74.6,0,0,0,
2026-07-31,12:06:17,maceta1,128.0,106.0,64.2,76.0,70.1,665.4,0.4988,18.3,79.1,0,0,0,Discrepancia alta entre sensores de humedad
2026-07-31,12:06:17,maceta2,154.0,152.0,50.4,51.6,51.0,380.8,0.2776,18.0,74.0,0,0,0,
2026-07-31,13:06:23,maceta1,104.0,106.0,76.9,75.9,76.4,657.9,0.5426,18.5,80.2,0,0,0,
2026-07-31,13:06:23,maceta2,155.0,152.0,50.2,51.5,50.8,375.4,0.3026,18.2,75.9,0,0,0,
2026-07-31,14:06:29,maceta1,104.0,106.0,76.8,75.7,76.2,656.7,0.5866,19.0,81.6,0,0,0,
2026-07-31,14:06:29,maceta2,155.0,153.0,50.1,51.2,50.6,376.2,0.3277,18.5,76.9,0,0,0,
2026-07-31,15:06:35,maceta1,104.0,107.0,76.6,75.4,76.0,621.2,0.6286,19.2,81.2,1,0,0,
2026-07-31,15:06:35,maceta2,155.0,153.0,49.8,51.1,50.4,350.0,0.3516,18.7,77.7,0,0,1,
2026-07-31,16:06:40,maceta1,105.0,107.0,76.5,75.3,75.9,679.6,2.7528,21.1,76.5,1,0,0,
2026-07-31,16:06:40,maceta2,90.0,87.0,84.0,85.5,84.8,445.8,1.4174,18.9,77.5,1,0,0,
2026-07-31,17:06:47,maceta1,105.0,107.0,76.2,75.0,75.6,606.2,3.8361,21.6,73.0,1,0,0,
2026-07-31,17:06:47,maceta2,91.0,88.0,83.7,85.4,84.5,448.8,3.527,20.3,73.6,1,0,0,
2026-07-31,18:06:53,maceta1,105.0,108.0,76.1,74.9,75.5,670.0,5.9595,21.4,72.4,1,0,0,
2026-07-31,18:06:53,maceta2,91.0,88.0,83.5,85.1,84.3,445.0,5.6353,20.4,71.8,1,0,0,
2026-07-31,19:06:58,maceta1,106.0,108.0,76.0,74.6,75.3,665.0,8.0827,21.7,72.1,1,0,0,
2026-07-31,19:06:58,maceta2,92.0,89.0,83.4,84.9,84.1,438.3,7.7434,20.5,71.2,1,0,0,
2026-07-31,20:07:04,maceta1,106.0,109.0,75.8,74.4,75.1,667.9,10.2059,21.8,71.8,1,0,0,
2026-07-31,20:07:04,maceta2,92.0,89.0,83.1,84.8,84.0,440.0,9.8514,20.6,70.9,1,0,0,
2026-07-31,21:07:09,maceta1,107.0,109.0,75.5,74.2,74.8,669.2,12.3293,21.9,70.5,1,0,0,
2026-07-31,21:07:09,maceta2,93.0,89.0,82.9,84.6,83.7,441.2,11.9598,20.7,70.9,1,0,0,
2026-07-31,22:07:15,maceta1,107.0,110.0,75.3,73.9,74.6,667.1,14.4524,21.8,67.8,0,0,0,
2026-07-31,22:07:15,maceta2,93.0,90.0,82.6,84.5,83.5,442.1,14.0681,20.8,69.1,0,0,0,
2026-07-31,23:07:20,maceta1,107.0,110.0,75.1,73.8,74.5,589.2,14.4917,20.3,67.9,0,0,0,
2026-07-31,23:07:20,maceta2,93.0,90.0,82.4,84.2,83.3,325.8,14.0898,19.7,68.4,0,0,0,
2026-08-01,00:07:25,maceta1,108.0,110.0,75.0,73.7,74.3,588.8,0.0196,19.8,69.6,0,0,0,
2026-08-01,00:07:25,maceta2,94.0,90.0,82.3,84.0,83.1,325.8,0.0109,19.4,66.9,0,0,0,
2026-08-01,01:07:31,maceta1,108.0,111.0,74.8,73.4,74.1,588.8,0.0589,19.7,67.6,0,0,0,
2026-08-01,01:07:31,maceta2,94.0,91.0,82.0,83.9,83.0,325.8,0.0326,19.3,66.9,0,0,0,
2026-08-01,02:07:36,maceta1,108.0,111.0,74.7,73.3,74.0,588.8,0.0982,19.7,67.4,0,0,0,
2026-08-01,02:07:36,maceta2,95.0,91.0,81.8,83.7,82.7,325.8,0.0543,19.4,67.0,0,0,0,
2026-08-01,03:07:41,maceta1,108.0,128.0,74.5,64.2,69.3,589.2,0.1375,19.5,70.2,0,0,0,Discrepancia alta entre sensores de humedad
2026-08-01,03:07:41,maceta2,95.0,92.0,81.7,83.4,82.5,326.2,0.0761,19.3,67.6,0,0,0,
2026-08-01,04:07:47,maceta1,109.0,112.0,74.3,72.8,73.5,588.8,0.1767,19.5,70.2,0,0,0,
2026-08-01,04:07:47,maceta2,95.0,92.0,81.4,83.1,82.3,325.8,0.0978,19.2,66.9,0,0,0,
2026-08-01,05:07:52,maceta1,109.0,112.0,74.2,72.6,73.4,588.3,0.216,19.4,71.7,0,0,0,
2026-08-01,05:07:52,maceta2,96.0,92.0,81.1,83.0,82.0,325.8,0.1196,19.1,65.5,0,0,0,
2026-08-01,06:07:58,maceta1,110.0,113.0,73.9,72.4,73.1,588.8,0.2552,19.2,68.4,0,0,0,
2026-08-01,06:07:58,maceta2,96.0,93.0,80.9,82.7,81.8,325.8,0.1413,18.9,63.0,0,0,0,
2026-08-01,07:08:03,maceta1,110.0,113.0,73.8,72.1,72.9,588.3,0.2945,19.0,68.7,0,0,0,
2026-08-01,07:08:03,maceta2,97.0,93.0,80.6,82.4,81.5,325.8,0.163,18.7,61.1,0,0,0,
2026-08-01,08:08:08,maceta1,110.0,114.0,73.6,71.8,72.7,589.2,0.3337,18.8,67.5,0,0,0,
2026-08-01,08:08:08,maceta2,97.0,94.0,80.5,82.2,81.3,325.8,0.1848,18.5,59.2,0,0,0,
2026-08-01,09:08:14,maceta1,111.0,114.0,73.4,71.6,72.5,604.6,0.3736,18.6,65.6,0,0,0,
2026-08-01,09:08:14,maceta2,97.0,94.0,80.3,82.0,81.2,337.1,0.2069,18.2,58.0,0,0,0,
2026-08-01,10:08:19,maceta1,111.0,114.0,73.2,71.4,72.3,620.8,0.4148,18.5,61.1,0,0,0,
2026-08-01,10:08:19,maceta2,98.0,95.0,80.2,81.7,80.9,348.8,0.23,18.2,57.6,0,0,0,
2026-08-01,11:08:24,maceta1,111.0,115.0,73.1,71.2,72.2,637.5,0.457,18.7,60.3,0,0,0,
2026-08-01,11:08:24,maceta2,98.0,95.0,79.9,81.5,80.7,360.0,0.2538,18.4,59.7,0,0,0,
2026-08-01,12:08:30,maceta1,111.0,115.0,72.9,71.0,72.0,652.1,0.5003,18.9,57.8,0,0,0,
2026-08-01,12:08:30,maceta2,99.0,96.0,79.6,81.3,80.4,370.4,0.2784,18.5,57.9,0,0,0,
2026-08-01,13:08:35,maceta1,112.0,116.0,72.8,70.8,71.8,659.2,0.5442,19.0,61.1,0,0,0,
2026-08-01,13:08:35,maceta2,99.0,96.0,79.3,81.1,80.2,375.0,0.3033,18.7,59.0,0,0,0,
2026-08-01,14:08:41,maceta1,112.0,116.0,72.5,70.7,71.6,655.0,0.588,19.2,62.3,0,0,0,
2026-08-01,14:08:41,maceta2,100.0,96.0,79.2,80.9,80.1,372.1,0.3283,18.9,54.1,0,0,0,
2026-08-01,15:08:46,maceta1,113.0,128.0,72.2,64.2,68.2,625.8,0.6302,19.2,63.4,1,0,0,Discrepancia alta entre sensores de humedad
2026-08-01,15:08:46,maceta2,100.0,97.0,78.9,80.7,79.8,352.9,0.3523,18.9,51.7,0,0,0,
2026-08-01,16:08:51,maceta1,113.0,116.0,72.0,70.3,71.1,677.5,2.7541,20.7,54.4,1,0,0,
2026-08-01,16:08:51,maceta2,100.0,97.0,78.7,80.6,79.7,450.8,1.4181,18.9,51.1,1,0,0,
2026-08-01,17:08:57,maceta1,114.0,117.0,71.7,70.1,70.9,682.5,4.878,21.3,48.7,1,0,0,
2026-08-01,17:08:57,maceta2,101.0,97.0,78.5,80.5,79.5,458.3,3.5272,20.3,47.6,1,0,0,
2026-08-01,18:09:02,maceta1,114.0,117.0,71.4,69.8,70.6,671.7,7.0015,21.3,48.1,1,0,0,
2026-08-01,18:09:02,maceta2,101.0,98.0,78.2,80.2,79.2,456.2,5.6362,20.4,47.2,1,0,0,
2026-08-01,19:09:08,maceta1,115.0,118.0,71.2,69.6,70.4,591.7,8.0828,21.2,46.9,1,0,0,
2026-08-01,19:09:08,maceta2,102.0,98.0,78.0,80.0,79.0,451.2,7.7449,20.5,47.9,1,0,0,
2026-08-01,20:09:13,maceta1,115.0,118.0,71.0,69.4,70.2,667.9,10.206,21.0,48.9,1,0,0,
2026-08-01,20:09:13,maceta2,102.0,98.0,77.8,79.8,78.8,447.1,9.8535,20.5,47.9,1,0,0,
2026-08-01,21:09:18,maceta1,115.0,119.0,70.9,69.1,70.0,668.3,12.3292,21.1,51.8,1,0,0,
2026-08-01,21:09:18,maceta2,103.0,99.0,77.6,79.5,78.5,447.1,11.9621,20.4,48.5,1,0,0,
2026-08-01,22:09:24,maceta1,116.0,119.0,70.6,68.9,69.7,666.2,14.4523,21.1,51.1,0,0,0,
2026-08-01,22:09:24,maceta2,103.0,99.0,77.5,79.3,78.4,448.3,14.0707,20.3,47.3,0,0,0,
2026-08-01,23:09:29,maceta1,116.0,120.0,70.5,68.6,69.6,590.0,14.4917,19.6,58.2,0,0,0,
2026-08-01,23:09:29,maceta2,103.0,100.0,77.2,79.0,78.1,325.4,14.0924,19.2,50.0,0,0,0,
2026-08-02,00:09:35,maceta1,116.0,120.0,70.3,68.4,69.3,589.6,0.0197,19.1,57.6,0,0,0,
2026-08-02,00:09:35,maceta2,104.0,100.0,77.1,78.7,77.9,325.4,0.0109,18.8,50.9,0,0,0,
2026-08-02,01:09:40,maceta1,117.0,120.0,70.2,68.2,69.2,590.0,0.059,18.9,58.2,0,0,0,
2026-08-02,01:09:40,maceta2,104.0,101.0,76.9,78.6,77.7,325.4,0.0326,18.6,51.4,0,0,0,
2026-08-02,02:09:46,maceta1,117.0,121.0,69.9,68.1,69.0,590.0,0.0984,18.9,57.6,0,0,0,
2026-08-02,02:09:46,maceta2,104.0,101.0,76.8,78.3,77.5,325.8,0.0543,18.6,53.9,0,0,0,
2026-08-02,03:09:51,maceta1,118.0,121.0,69.6,67.9,68.7,590.0,0.1377,18.8,59.7,0,0,0,
2026-08-02,03:09:51,maceta2,104.0,102.0,76.6,78.1,77.4,325.8,0.076,18.6,53.6,0,0,0,
2026-08-02,04:09:57,maceta1,118.0,122.0,69.3,67.6,68.5,590.0,0.1771,18.8,63.2,0,0,0,
2026-08-02,04:09:57,maceta2,105.0,102.0,76.5,77.9,77.2,325.8,0.0978,18.4,52.2,0,0,0,
2026-08-02,05:10:04,maceta1,119.0,122.0,69.1,67.4,68.2,589.6,0.2164,18.7,60.7,0,0,0,
2026-08-02,05:10:04,maceta2,105.0,103.0,76.2,77.6,76.9,325.0,0.1195,18.4,54.0,0,0,0,
2026-08-02,06:10:09,maceta1,119.0,122.0,68.8,67.2,68.0,589.6,0.2558,18.6,63.6,0,0,0,
2026-08-02,06:10:09,maceta2,105.0,103.0,76.1,77.4,76.7,325.8,0.1412,18.4,56.6,0,0,0,
2026-08-02,07:10:15,maceta1,120.0,123.0,68.6,67.0,67.8,589.2,0.2951,18.6,67.6,0,0,0,
2026-08-02,07:10:15,maceta2,106.0,103.0,75.9,77.1,76.5,325.8,0.1629,18.2,59.4,0,0,0,
2026-08-02,08:10:20,maceta1,120.0,123.0,68.4,66.7,67.5,590.0,0.3344,18.6,68.6,0,0,0,
2026-08-02,08:10:20,maceta2,106.0,104.0,75.6,77.0,76.3,326.2,0.1847,18.2,60.2,0,0,0,
2026-08-02,09:10:25,maceta1,121.0,124.0,68.1,66.5,67.3,607.9,0.3745,18.5,67.8,0,0,0,
2026-08-02,09:10:25,maceta2,107.0,104.0,75.4,76.9,76.1,339.6,0.207,18.1,60.2,0,0,0,
2026-08-02,10:10:31,maceta1,121.0,124.0,67.9,66.4,67.1,618.8,0.4157,18.5,66.5,0,0,0,
2026-08-02,10:10:31,maceta2,107.0,104.0,75.1,76.7,75.9,347.1,0.2301,18.1,60.2,0,0,0,
2026-08-02,11:10:36,maceta1,121.0,124.0,67.7,66.3,67.0,644.2,0.458,18.7,66.2,0,0,0,
2026-08-02,11:10:36,maceta2,108.0,105.0,75.0,76.6,75.8,365.4,0.254,18.3,59.4,0,0,0,
2026-08-02,12:10:42,maceta1,122.0,124.0,67.5,66.1,66.8,640.0,0.5005,18.9,61.6,0,0,0,
2026-08-02,12:10:42,maceta2,108.0,105.0,74.8,76.4,75.6,361.7,0.278,18.6,60.5,0,0,0,
2026-08-02,13:10:47,maceta1,122.0,125.0,67.3,65.9,66.6,640.0,0.5434,19.1,65.4,0,0,0,
2026-08-02,13:10:47,maceta2,108.0,105.0,74.5,76.2,75.4,361.2,0.3022,18.8,60.3,0,0,0,
2026-08-02,14:10:53,maceta1,122.0,125.0,67.1,65.7,66.4,647.9,0.5868,19.3,67.6,0,0,0,
2026-08-02,14:10:53,maceta2,109.0,106.0,74.4,76.0,75.2,367.5,0.3269,19.0,58.7,0,0,0,
2026-08-02,15:10:58,maceta1,123.0,126.0,67.0,65.5,66.3,617.1,0.6285,19.5,69.1,1,0,0,
2026-08-02,15:10:58,maceta2,109.0,106.0,74.2,75.8,75.0,346.7,0.3506,19.1,58.3,0,0,0,
2026-08-02,16:11:04,maceta1,123.0,126.0,66.8,65.4,66.1,687.9,2.7532,21.1,59.4,1,0,0,
2026-08-02,16:11:04,maceta2,109.0,106.0,74.0,75.6,74.8,460.0,1.4167,19.2,58.1,1,0,0,
2026-08-02,17:11:09,maceta1,123.0,126.0,66.6,65.2,65.9,680.8,4.8776,22.0,61.8,1,0,0,
2026-08-02,17:11:09,maceta2,110.0,107.0,73.9,75.4,74.7,455.8,3.526,21.0,57.9,1,0,0,
2026-08-02,18:11:15,maceta1,124.0,127.0,66.4,65.0,65.7,675.4,7.0016,22.0,60.0,1,0,0,
2026-08-02,18:11:15,maceta2,110.0,107.0,73.6,75.2,74.4,447.1,5.6348,21.1,58.3,1,0,0,
2026-08-02,19:11:20,maceta1,124.0,127.0,66.2,64.7,65.5,671.7,9.125,21.9,60.2,1,0,0,
2026-08-02,19:11:20,maceta2,111.0,108.0,73.4,75.0,74.2,447.5,7.7434,21.1,58.4,1,0,0,
2026-08-02,20:11:26,maceta1,125.0,127.0,66.0,64.5,65.3,669.2,11.2484,21.9,61.1,0,0,0,
2026-08-02,20:11:26,maceta2,111.0,108.0,73.2,74.8,74.0,442.1,9.8517,21.1,58.9,1,0,0,
2026-08-02,21:11:31,maceta1,125.0,128.0,65.9,64.3,65.1,670.4,12.3298,20.6,64.8,1,0,0,Discrepancia alta entre sensores de humedad
2026-08-02,21:11:31,maceta2,111.0,108.0,73.0,74.7,73.8,448.3,11.9603,21.1,60.0,1,0,0,
2026-08-02,22:11:36,maceta1,125.0,128.0,65.7,64.2,64.9,670.8,14.4532,22.1,63.1,0,0,0,Discrepancia alta entre sensores de humedad
2026-08-02,22:11:36,maceta2,112.0,108.0,72.8,74.5,73.7,446.7,14.0688,21.2,59.6,0,0,0,
2026-08-02,23:11:42,maceta1,126.0,128.0,65.5,64.0,64.7,589.2,14.4925,20.6,66.3,0,0,0,Discrepancia alta entre sensores de humedad
2026-08-02,23:11:42,maceta2,112.0,109.0,72.6,74.2,73.4,325.8,14.0905,20.2,61.6,0,0,0,
2026-08-03,00:11:47,maceta1,126.0,129.0,65.3,63.7,64.5,588.8,0.0196,20.1,68.2,0,0,0,
2026-08-03,00:11:47,maceta2,112.0,109.0,72.5,74.0,73.3,325.4,0.0109,19.9,62.7,0,0,0,
2026-08-03,01:11:52,maceta1,126.0,129.0,65.0,63.5,64.2,588.8,0.0589,20.0,69.6,0,0,0,
2026-08-03,01:11:52,maceta2,112.0,110.0,72.4,73.7,73.1,325.8,0.0326,19.7,63.2,0,0,0,
2026-08-03,02:11:58,maceta1,127.0,130.0,64.7,63.4,64.0,588.3,0.0981,20.0,69.7,0,0,0,
2026-08-03,02:11:58,maceta2,113.0,110.0,72.3,73.5,72.9,325.8,0.0543,19.7,63.2,0,0,0,
2026-08-03,03:12:03,maceta1,127.0,130.0,64.6,63.3,63.9,588.3,0.1374,19.9,71.2,0,0,0,
2026-08-03,03:12:03,maceta2,113.0,111.0,72.0,73.3,72.7,325.8,0.076,19.5,63.3,0,0,0,
2026-08-03,04:12:09,maceta1,128.0,130.0,64.4,63.0,63.7,588.3,0.1766,19.8,70.3,0,0,0,Discrepancia alta entre sensores de humedad
2026-08-03,04:12:09,maceta2,114.0,111.0,71.8,73.1,72.5,325.8,0.0978,19.4,63.6,0,0,0,
2026-08-03,05:12:16,maceta1,128.0,131.0,64.2,62.7,63.5,588.3,0.2159,19.7,70.7,0,0,0,Discrepancia alta entre sensores de humedad
2026-08-03,05:12:16,maceta2,114.0,111.0,71.7,73.0,72.3,325.8,0.1195,19.3,63.8,0,0,0,
2026-08-03,06:12:21,maceta1,128.0,131.0,64.1,62.4,63.3,588.3,0.2551,19.6,70.1,0,0,0,Discrepancia alta entre sensores de humedad
2026-08-03,06:12:21,maceta2,114.0,112.0,71.5,72.8,72.2,325.8,0.1412,19.2,63.7,0,0,0,
2026-08-03,07:12:27,maceta1,129.0,132.0,63.9,62.3,63.1,588.3,0.2944,19.5,70.0,0,0,0,
2026-08-03,07:12:27,maceta2,114.0,112.0,71.4,72.6,72.0,325.8,0.163,19.1,63.9,0,0,0,
2026-08-03,08:12:32,maceta1,129.0,132.0,63.7,62.1,62.9,589.6,0.3337,19.4,70.6,0,0,0,
2026-08-03,08:12:32,maceta2,115.0,113.0,71.1,72.3,71.7,326.7,0.1847,18.9,63.9,0,0,0,
2026-08-03,09:12:37,maceta1,129.0,132.0,63.6,62.0,62.8,606.7,0.3738,19.3,71.1,0,0,0,
2026-08-03,09:12:37,maceta2,115.0,113.0,70.9,72.2,71.6,338.8,0.207,18.9,64.2,0,0,0,
2026-08-03,10:12:43,maceta1,130.0,133.0,63.3,61.8,62.5,610.4,0.4143,19.3,69.2,0,0,0,
2026-08-03,10:12:43,maceta2,115.0,113.0,70.8,71.9,71.4,341.2,0.2297,18.9,63.9,0,0,0,
